time,header_stamp_secs,header_stamp_nsecs,header_frame_id,twist_linear_x,twist_linear_y,twist_linear_z,twist_angular_x,twist_angular_y,twist_angular_z
2025/05/21 11:26:18.909985170,1747819578,856465245,piren,0.0005596635873784874,0.0004169584735071142,3.818972679572192e-05,7.736498894271265e-05,8.549763885198597e-05,0.00045320187594566076
2025/05/21 11:26:18.962297670,1747819578,928438930,piren,0.0005361201329773511,0.0004236429489105839,3.364106880032788e-05,7.258330299844181e-05,5.4969838874470405e-05,9.779697579304921e-05
2025/05/21 11:26:18.969531081,1747819578,967440509,piren,0.0005441542135712595,0.00041615290489906435,2.604997191557167e-05,6.311397314133031e-05,2.217700647159552e-05,0.0
2025/05/21 11:26:18.982807174,1747819578,980628955,piren,0.0005441542301715106,0.0004161529053450958,2.60496180274092e-05,5.087844989136827e-05,-1.130203877765027e-05,0.0
2025/05/21 11:26:19.38508208,1747819579,36609070,piren,0.0004887854128297376,0.00025351084147337734,-3.9825675174229696e-05,3.686898006922779e-05,-4.2824781606342245e-05,0.0004902545589870916
2025/05/21 11:26:19.90176568,1747819579,87410468,piren,0.0004777956468580261,0.00024990583993706725,-1.8273567142365612e-05,2.1158640854594157e-05,-7.134670391681978e-05,0.0
2025/05/21 11:26:19.142055005,1747819579,139247740,piren,0.00042712993241662584,0.0002683278897889121,-4.785225640008216e-06,7.084743819187872e-05,0.00023779390892931127,0.0004459653856879746
2025/05/21 11:26:19.193427414,1747819579,191312250,piren,-0.002947459601034529,-0.0023602785003583324,-0.0011121066835358296,9.195389981725863e-05,0.00021004594174133903,0.0
2025/05/21 11:26:19.243283549,1747819579,240851738,piren,-0.0009693965839980031,-0.0020455151764125637,-0.0009803541500560129,6.770322540062518e-05,4.658480651069377e-05,-0.0021400777912484984
2025/05/21 11:26:19.294759960,1747819579,290905203,piren,0.0002624987856853029,-0.0008849916785769974,-0.00048338640152099704,3.7363465545393124e-05,-0.00011079565287450303,0.0
2025/05/21 11:26:19.341800441,1747819579,337409058,piren,0.0011025545843902215,-0.00018344118497161632,-0.00016604485709311156,4.371094590168673e-06,-0.0002533482116526139,-0.0035164484951664796
2025/05/21 11:26:19.395739431,1747819579,391774940,piren,0.0014693135435818443,0.00013891833316621199,5.470095871458969e-07,-2.9078928432023822e-05,-0.000373918322315802,0.0
2025/05/21 11:26:19.440968119,1747819579,438499605,piren,0.001755563579148551,0.000304796401033684,0.00010655674562433134,-6.096468042381288e-05,-0.000462534927783303,-0.003012750454865227
2025/05/21 11:26:19.493755838,1747819579,490575339,piren,0.0017424355471858826,0.0004226236791477206,0.00020553048439077133,-8.99031831504117e-05,-0.0005194861356482958,0.0
2025/05/21 11:26:19.541546818,1747819579,539369136,piren,0.0017671922588521703,0.0004313518902223871,0.00025968887053178094,-0.00011388112296073361,-0.0005394685494503574,-0.0023843800973175626
2025/05/21 11:26:19.585808094,1747819579,583435671,piren,0.0016232708048617701,0.00027307513717848646,0.00024699809848217474,-0.000132483762647121,-0.0005255723582489796,0.0
2025/05/21 11:26:19.637495286,1747819579,634473254,piren,0.0015862933711534312,0.00013542961445707632,0.00022954956825468127,-0.00014469665396409017,-0.0004778907035525743,-0.003020053575511353
2025/05/21 11:26:19.687423312,1747819579,684480318,piren,0.0013808002055285395,7.983681668734938e-05,0.0002450538251892678,-0.0001504161137782754,-0.00040241908941285087,0.0
2025/05/21 11:26:19.735498727,1747819579,732138291,piren,0.001311068062443479,3.7688943550502076e-05,0.00024494068737070183,-0.00014882434167309266,-0.00030129491066157075,-0.0028515393743626743
2025/05/21 11:26:19.791032716,1747819579,786610409,piren,0.0011424201007695335,-6.488306520962091e-05,0.00019744154496333823,-0.00014070887354003005,-0.0001840324611225365,0.0
2025/05/21 11:26:19.841845720,1747819579,838833138,piren,0.0011173611801156102,-0.00013980225467352355,0.00015924138072512397,-0.00012625235616912188,-5.7611647505534306e-05,-0.0023264863440628815
2025/05/21 11:26:19.891688128,1747819579,889227516,piren,0.0010022295923063724,-4.891370591263145e-05,0.0001641341839628491,-0.00010641499759375511,6.968059674823782e-05,0.0
2025/05/21 11:26:19.943785202,1747819579,941878494,piren,0.0009941009014572595,5.3925598592023736e-05,0.00016033622804090554,-8.858275866602219e-05,0.00017097170682688992,-0.0021338597220880006
2025/05/21 11:26:19.993460338,1747819579,990856014,piren,0.0015519563459075777,0.000505188040999919,0.0002852595338639613,-8.171433625972757e-05,0.0002039916345647291,0.0
2025/05/21 11:26:20.39830158,1747819580,37406759,piren,0.0017880697216638508,0.0008073239309574143,0.000342703569920858,-0.00010662396239532363,7.44315762241971e-05,-0.0012061192688516739
2025/05/21 11:26:20.93843978,1747819580,92238069,piren,0.002290402910540852,0.0017031144955623656,0.0006362087809321436,-7.485412002894184e-05,0.00031267931428040916,0.0
2025/05/21 11:26:20.141146731,1747819580,139160177,piren,0.002290547465773813,0.0017026153451985214,0.0006370238487494031,-6.421978787009449e-05,0.00034361500248964675,0.0017162806821042335
2025/05/21 11:26:20.186708029,1747819580,183316093,piren,0.00028164270885102955,0.0014078458988738077,0.0003408829295294338,-2.6054011526839746e-05,0.0006200033764460199,0.0
2025/05/21 11:26:20.234983774,1747819580,232204744,piren,-0.0008870890287514578,0.0010584965857171153,8.15991746551367e-05,2.2577174795046392e-05,0.0008689085743498093,0.003285112566545122
2025/05/21 11:26:20.289480926,1747819580,285963343,piren,-0.001362410325167854,0.001056250521381454,-3.533013301572352e-05,4.703606053745003e-05,0.0010559509770420206,0.0
2025/05/21 11:26:20.335543534,1747819580,332487938,piren,-0.0013623097915227574,0.0010563719033849968,-3.557681831557423e-05,0.00010550646906598327,0.0011656894504902006,0.00422697261437269
2025/05/21 11:26:20.389863194,1747819580,387114544,piren,-0.0013137911425115402,0.0014988251529276428,-0.00010303311475811663,0.00015210742110220886,0.0012011875008958598,0.0
2025/05/21 11:26:20.441319913,1747819580,439033651,piren,-0.0013102023852237712,0.001690977975588356,-0.00014515926140052458,0.00018787484717645058,0.0011567482312410643,0.0035125313265664975
2025/05/21 11:26:20.490578213,1747819580,488623265,piren,-0.0010289486475677234,0.0019662299913623493,-0.0001367389651493586,0.0002134754027071618,0.0010444547055283384,0.0
2025/05/21 11:26:20.542891009,1747819580,540648714,piren,-0.0009106329998171363,0.0021636189713438864,-0.00013022593626658887,0.00022787650628524047,0.0008658788787621965,0.003430814557688649
2025/05/21 11:26:20.592563395,1747819580,590296798,piren,-0.0005801217613563386,0.0022266124049752957,-0.00015558641042639956,0.00023195199735624904,0.0006404132340876132,0.0
2025/05/21 11:26:20.646142454,1747819580,643229317,piren,-0.0004764982796330629,0.00223311060378051,-0.00016690576322278872,0.00022143874387081975,0.0003781259714519767,0.0030319293661766277
2025/05/21 11:26:20.694340849,1747819580,691578340,piren,-0.00023966466158327124,0.002315072481552654,-0.00011045743403328443,0.00020695644345831586,9.896463225507213e-05,0.0
2025/05/21 11:26:20.744712351,1747819580,742125395,piren,-0.0001819126272828755,0.0022419740700829957,-8.391891041170466e-05,0.0001817588988855422,-0.00018235422988773146,0.003129213056448444
2025/05/21 11:26:20.802367864,1747819580,799954717,piren,-5.372419077852243e-05,0.0019599825685801893,-0.00010233359121556745,0.00014840664885929915,-0.0004480186074080604,0.0005844403503580611
2025/05/21 11:26:20.841603671,1747819580,839500066,piren,0.00011670919652362452,0.0016080906918466127,-0.00011075384622462554,0.00010777902867953914,-0.0006809830407133573,0.0
2025/05/21 11:26:20.890430446,1747819580,885423914,piren,0.00014955061763283065,0.001322565918393916,-7.31057461957181e-05,6.271372548454515e-05,-0.0008717228258757664,0.0
2025/05/21 11:26:20.934460884,1747819580,932077513,piren,2.6579927198636057e-05,0.0009313603099780268,-4.687436337071862e-05,1.562604574929252e-05,-0.0010224088934641228,0.0024004066767392357
2025/05/21 11:26:20.996132316,1747819580,987196949,piren,9.585922022060565e-05,0.00043247853099309387,-6.672742780236394e-05,-3.144810850550583e-05,-0.0011175315215548984,0.0
2025/05/21 11:26:21.42249810,1747819581,39753078,piren,8.76473419529649e-05,-7.05969079299569e-05,-7.727596640750644e-05,-7.43028207556136e-05,-0.0010670930091279595,0.0021606248020369
2025/05/21 11:26:21.91019372,1747819581,88600411,piren,-5.956531518956683e-05,-0.0005565459967217276,-8.51475132959392e-05,-0.0001135380802952503,-0.0010585284291078762,0.0
2025/05/21 11:26:21.142432597,1747819581,140460711,piren,0.0001550621490834316,-0.0008877260815063163,-3.6915144909285995e-05,-0.0001488453848222818,-0.0010069004208896823,0.0021141503488531516
2025/05/21 11:26:21.189722276,1747819581,186142744,piren,0.0003945738346790425,-0.0013204254306177562,-4.992258467238707e-05,-0.0001773816135414812,-0.0009023131968756132,0.0
2025/05/21 11:26:21.243243360,1747819581,241180490,piren,0.0005115280411812257,-0.00167274796489122,-5.760452684702537e-05,-0.00019791928424792656,-0.0007495112885994141,0.002018956221088836
2025/05/21 11:26:21.293629960,1747819581,291858014,piren,0.0006509319153952259,-0.0018886240678571739,-2.5668377706147672e-05,-0.0002097514089775524,-0.0005603875436146509,0.0
2025/05/21 11:26:21.347199442,1747819581,345547123,piren,0.0007024972382662422,-0.002040311422772425,-4.4892156001698386e-06,-0.0002108634677642827,-0.0003624616777983366,0.0017112592745739332
2025/05/21 11:26:21.396851796,1747819581,393311551,piren,0.0009183930080879304,-0.0022292701399137744,-3.216396154854326e-05,-0.00020283518238035383,-0.00015091416012340638,0.0
2025/05/21 11:26:21.449199566,1747819581,445106996,piren,0.0009981553142061053,-0.00231451010269685,-4.750962136487021e-05,-0.000183757223426209,0.0001483228536660367,0.0017536830248690597
2025/05/21 11:26:21.497338379,1747819581,494705791,piren,0.0009299748103099428,-0.0022789309942864468,-5.692405851205005e-05,-0.00015683002417233717,0.00033872727919365483,0.0
2025/05/21 11:26:21.531723618,1747819581,529715385,piren,0.000930028761751884,-0.0022789128127278,-5.6770302687532774e-05,-0.00012444592591890396,0.000493122665847919,0.0012682094757317255
2025/05/21 11:26:21.589548646,1747819581,586005254,piren,0.0014880217875969618,-0.0020287321475209357,-5.47529991873053e-05,-8.721135294335707e-05,0.000616312967274836,0.0
2025/05/21 11:26:21.634331017,1747819581,632009237,piren,0.0015934071792902543,-0.00181166768830997,-5.080741635272918e-05,-4.751060473331682e-05,0.0006992464071076718,0.0009277839273775472
2025/05/21 11:26:21.688741545,1747819581,686169765,piren,0.0016901218683722451,-0.0014876788064689974,-4.469980201869954e-06,-6.11366737722143e-06,0.0007404142074058084,0.0
2025/05/21 11:26:21.737898191,1747819581,734123258,piren,0.0016897797945831104,-0.001158955275763519,2.5392723885584162e-05,3.615534133932669e-05,0.0007344791007414511,0.0010623484748398294
2025/05/21 11:26:21.790556748,1747819581,788123150,piren,0.0017324291088830941,-0.0010051448137227102,2.927010427896907e-06,7.62787816093963e-05,0.000686595108321798,0.0
2025/05/21 11:26:21.839076219,1747819581,836433539,piren,0.0016801107820895768,-0.0008146275282574676,-1.06663545215663e-05,0.00011127057547288885,0.0005967655355986909,0.00093174482407757
2025/05/21 11:26:21.889646154,1747819581,886399106,piren,0.0016801108247988543,-0.0008146274712632085,-1.0663979760075162e-05,0.00014106113762664735,0.00047390796005776763,0.0
2025/05/21 11:26:21.941122697,1747819581,938430194,piren,0.0016540705619524508,-0.0005595349012804548,2.4020061657495868e-05,0.0001645892638587836,0.00032407466050280635,0.001047846503123426
2025/05/21 11:26:21.982041598,1747819581,980076512,piren,0.0015005442847111034,-0.0004351667880789848,-3.785976232608262e-06,0.00018054335072868302,0.00015809139030176166,0.0
2025/05/21 11:26:22.40238418,1747819582,37135547,piren,0.0013705635663162797,-0.0004474146725754061,-1.0148697389956371e-05,0.0001870860828440254,-1.5823134347381534e-05,0.0010160848325475003
2025/05/21 11:26:22.83793578,1747819582,81707848,piren,0.0012442814817843783,-0.00040347787631307897,2.712303236198291e-05,0.00018525187944565843,-0.0001853528692181829,0.0
2025/05/21 11:26:22.141417331,1747819582,138397299,piren,0.0010971258646780536,-0.00041704252390985166,4.93395238068099e-05,0.00017503898366985355,-0.00034122848328499645,0.0007838180912805641
2025/05/21 11:26:22.189973931,1747819582,185134770,piren,0.000934806794918757,-0.0006117915225182039,2.62306876743748e-05,0.00015718871341325965,-0.00047407169168282187,0.0
2025/05/21 11:26:22.250973641,1747819582,247623025,piren,0.0007811407354659846,-0.0008300150035420001,9.941027859696351e-06,0.00011787831463946693,-0.0005942493731971577,0.0007468039488850014
2025/05/21 11:26:22.302038205,1747819582,298794484,piren,0.0013120731944875833,-0.0005425919681932497,0.00022261374364158782,7.200357765726194e-05,-0.000740797239128935,0.00042495727834031846
2025/05/21 11:26:22.338072818,1747819582,335389867,piren,0.0014641360481432303,-0.0005032794541472373,0.0003355177448095054,1.7140011968058606e-05,-0.0007611018722038075,0.0
2025/05/21 11:26:22.386958692,1747819582,384842856,piren,0.0010146384436993758,-0.0007473632864800826,0.0003350487909041002,-2.7010551253540103e-05,-0.0006500580574007283,0.0
2025/05/21 11:26:22.439509803,1747819582,437447823,piren,-0.00042240399123009574,-0.00133607507186687,0.0001758491463285626,-5.696140387781317e-05,-0.00035853165905070625,0.003747965788306608
2025/05/21 11:26:22.489562457,1747819582,486976751,piren,-0.0013953365758626606,-0.0017077748357770721,6.893803773219238e-05,-8.300092630948341e-05,-6.210087106713462e-05,0.0
2025/05/21 11:26:22.537239122,1747819582,532788620,piren,-0.0013954170495902984,-0.001707708205554661,6.895973530903965e-05,-0.00010376045753015102,0.0002192399502524844,0.0036478426362835897
2025/05/21 11:26:22.590648620,1747819582,588228691,piren,-0.0019768609824961213,-0.00219480293425075,-0.00010161478739718351,-0.00011960538016119764,0.0004764232691199108,0.0
2025/05/21 11:26:22.643185580,1747819582,640950134,piren,-0.0020484099586999425,-0.002227845465267252,-0.000137879438659524,-0.00013062581941955995,0.0006920286574906758,0.003912015148828938
2025/05/21 11:26:22.686415066,1747819582,684205145,piren,-0.0017206564194646454,-0.0020506598462301105,-0.00011332409610904829,-0.0001359083442127689,0.0008600233534928279,0.0
2025/05/21 11:26:22.743864131,1747819582,741688796,piren,-0.0014904164281122545,-0.001855463760155226,-9.265403895538204e-05,-0.00013379586990761312,0.0009668156166264089,0.003999425097210077
2025/05/21 11:26:22.794246282,1747819582,791079465,piren,-0.0010049598529342373,-0.0017457598699626218,-0.00011941850204363148,-0.00011980875250563844,0.0010140849856014361,0.0
2025/05/21 11:26:22.844357596,1747819582,842372206,piren,-0.0007119229510726604,-0.0016791064464453103,-0.00016397511856266686,-0.00011659274819552122,0.0010385655019319697,0.0032494228889168603
2025/05/21 11:26:22.895267381,1747819582,892502966,piren,-0.000480900981877652,-0.0014072382445639872,-0.00012097124067968524,-9.86871030911847e-05,0.000970283952134549,0.0
2025/05/21 11:26:22.944512889,1747819582,942905816,piren,-0.00016558272928954092,-0.001253941881229439,-0.00010498918057364586,-7.53827543273449e-05,0.0008311880190051571,0.0031869033784179815
2025/05/21 11:26:22.995781135,1747819582,992701637,piren,0.00029186709496644184,-0.00124006041664318,-0.00012157068763820848,-4.871019995230494e-05,0.0006440165160972176,0.0
2025/05/21 11:26:23.41491632,1747819583,39235611,piren,0.000522607007193184,-0.0012663063600389696,-0.00012412892340263006,-8.868882503440458e-05,-0.0003388650043349521,0.0026207527056876334
2025/05/21 11:26:23.97913033,1747819583,95402411,piren,0.002081659525321478,-0.0008967966777358968,0.0001004354916767335,-8.659866765996447e-05,-0.0005529383257583074,0.0
2025/05/21 11:26:23.146956279,1747819583,145070397,piren,0.0014367108403907335,-0.0009467291645354026,0.0001889769991317303,-3.866349700318806e-05,-0.0006894028985448214,0.006644604615851088
2025/05/21 11:26:23.186482669,1747819583,184820217,piren,0.001246477787747603,-0.0014393358295406065,0.00012602146135837355,3.766942737611314e-06,-0.0007885854217981341,0.0
2025/05/21 11:26:23.241833244,1747819583,237401004,piren,0.0008800806619056038,-0.0019836661352812188,5.0680779692685174e-05,4.060893395730026e-05,-0.0008433907476564086,0.006086116915950356
2025/05/21 11:26:23.289080097,1747819583,286389801,piren,0.000817760734543814,-0.002397869070083637,3.626652508907914e-05,7.378898055995595e-05,-0.0008544393426888455,0.0
2025/05/21 11:26:23.334510931,1747819583,332520119,piren,0.0005695007601906814,-0.0028516627967925543,1.9989636279822058e-05,0.00012353914559779208,-0.0005409839481560307,0.006041450818336961
2025/05/21 11:26:23.390198037,1747819583,388181089,piren,2.693440979151208e-05,-0.0034594856166941996,-8.195050249482495e-05,0.0001483033401103295,-0.0004931293402623069,0.0
2025/05/21 11:26:23.440391949,1747819583,438863444,piren,0.0002631287060113369,-0.0038617708213730248,-0.00011241222273054194,0.0001663992804505231,-0.000517780869608012,0.0045638213673680535
2025/05/21 11:26:23.494261031,1747819583,490062965,piren,0.0008497919715182618,-0.004112259805093967,-8.92915528165473e-05,0.00017574266451388692,-0.0004684621374647367,0.0
2025/05/21 11:26:23.542587128,1747819583,539772011,piren,0.0008581990404374156,-0.004274883174471956,-4.7796229446088005e-05,0.00017602537608101386,-0.0003928984018023249,0.004013054637744824
2025/05/21 11:26:23.587584532,1747819583,584605618,piren,0.0010107984617099542,-0.0045287095217563375,-5.717010696565082e-05,0.00016846592828291228,-0.00029790045384955535,0.0
2025/05/21 11:26:23.644396768,1747819583,642266915,piren,0.0009633397325762589,-0.004746627621433032,-6.247927304071558e-05,0.00015215936558500226,-0.00018789191229270604,0.004346549479574269
2025/05/21 11:26:23.695635232,1747819583,692392727,piren,0.0010406755259325389,-0.004789297657569984,-2.4109058172830172e-05,0.0001294550529939993,-7.046040362053276e-05,0.0
2025/05/21 11:26:23.744393044,1747819583,742357469,piren,0.0009123353711289783,-0.00485978351573525,4.3398158437153205e-07,0.00010241036815717901,4.4922986360559474e-05,0.004127152576096039
2025/05/21 11:26:23.789376546,1747819583,786756557,piren,0.0009948974380057985,-0.004989848923458658,-2.6281409488841986e-05,7.126897463764126e-05,0.00015528031666258766,0.0
2025/05/21 11:26:23.846215442,1747819583,843773374,piren,0.000923394242844966,-0.005046873379603597,-4.2923059895662197e-05,3.524570682929966e-05,0.0002517813425604981,0.004178259524912781
2025/05/21 11:26:23.894300951,1747819583,892478744,piren,0.001036725271448422,-0.004947470952814862,-5.551295134744556e-06,-2.0789921792048173e-06,0.00033274919571379334,0.0
2025/05/21 11:26:23.941358643,1747819583,938855066,piren,0.0009759077564397982,-0.004871549590949398,1.812100441363343e-05,-3.6893655896148104e-05,0.00038979670213510687,0.0034425149035396873
2025/05/21 11:26:23.996033288,1747819583,993605942,piren,0.0011075054498005759,-0.0049190546096318415,-1.4774867195843326e-05,-6.982018452015796e-05,0.00042394425243798067,0.0
2025/05/21 11:26:24.49319901,1747819584,46879180,piren,0.0010827664629149806,-0.004901955486939071,-3.515074730923352e-05,-0.00010716779257949682,0.0004763368841586293,0.0035355144310396337
2025/05/21 11:26:24.90741821,1747819584,88801850,piren,0.0010018881769924227,-0.004752793695182245,5.8852711246285045e-06,-0.00013188737965695474,0.0004715998985061116,0.0
2025/05/21 11:26:24.148509231,1747819584,146510582,piren,0.0010570261554487567,-0.004692299530802111,6.937014182837889e-06,-0.00014768990861867176,0.00042927875083806295,0.003436462128402293
2025/05/21 11:26:24.184198241,1747819584,182028480,piren,0.001257519756178362,-0.00478719423594806,-4.003324338120256e-05,-0.00015691066351187084,0.0003628596471445334,0.0
2025/05/21 11:26:24.238743740,1747819584,236636645,piren,0.0012790458412942796,-0.004879637133728267,-6.704615849929451e-05,-0.0001611143209228079,0.000275828513025818,0.0031128805303194287
2025/05/21 11:26:24.289935204,1747819584,287384792,piren,0.0014484366130647945,-0.004835281862110037,-3.4325272790882034e-05,-0.00015840083351763252,0.00017401213129383895,0.0
2025/05/21 11:26:24.341856903,1747819584,338675282,piren,0.0014131413967737856,-0.004863642527470757,-1.148968348463771e-05,-0.0001397987991710989,-7.116014127914589e-06,0.0028858391286325697
2025/05/21 11:26:24.389949606,1747819584,387818382,piren,0.0018639109102531128,-0.005061934543102705,-5.3427919886138916e-05,-0.0001232927112736179,-0.0001570124242498985,0.0
2025/05/21 11:26:24.441684007,1747819584,439052064,piren,0.0018189054095895162,-0.00521361885853955,-5.045827163798008e-05,-7.916062201948671e-05,-0.00031336799307438455,0.0027777830686951306
2025/05/21 11:26:24.493392448,1747819584,490104564,piren,0.0020346639058028103,-0.005589136037479285,-0.00013659559343175246,-5.875980170038994e-05,-0.0004561202335924997,0.0
2025/05/21 11:26:24.547567408,1747819584,543521974,piren,0.0020109215441883282,-0.0056189940617860056,-6.409635959133875e-05,-1.4659983872813834e-05,-0.00028638584709598624,0.002375450882066718
2025/05/21 11:26:24.589015647,1747819584,586158465,piren,0.0013947484683072874,-0.005892652745841503,-9.327062162233051e-05,1.2092794595736098e-05,-0.0003701701222950687,0.0
2025/05/21 11:26:24.646117751,1747819584,644184732,piren,0.0016251336081664989,-0.006054672830576405,-7.193770017047847e-05,5.548779160181504e-05,-0.0005259501169358811,0.0009281157900424904
2025/05/21 11:26:24.696105992,1747819584,693395583,piren,0.0021419940274092883,-0.006303598918751419,-9.243420515346982e-05,8.133430638989664e-05,-0.0006200010576037457,0.0
2025/05/21 11:26:24.740096171,1747819584,738035930,piren,0.002149704593671522,-0.006280414589031173,8.901113485697348e-06,0.0001011903860291382,-0.000675278092519495,0.0002549016599853833
2025/05/21 11:26:24.795311987,1747819584,790681636,piren,0.002087497466935678,-0.00649069097953062,2.4565929294252853e-05,0.00011584841345517147,-0.000691197392049437,0.0
2025/05/21 11:26:24.848486685,1747819584,845277257,piren,0.001958677223532929,-0.0066732091875758345,3.0431955620335227e-05,0.0001227803099004148,-0.0006658106488043352,0.00020850508720206303
2025/05/21 11:26:24.901592275,1747819584,896073256,piren,0.0017912851571013507,-0.006744876561838518,7.641994744234146e-05,0.00012433469053734161,-0.0006023806915560622,0.0
2025/05/21 11:26:24.938986760,1747819584,936985905,piren,0.0016028716944010211,-0.006894908648998546,0.00010169822804800945,0.00012221486004589734,-0.0005019609580501121,0.0002468180609472482
2025/05/21 11:26:24.988738528,1747819584,986340389,piren,0.0014252597472189637,-0.007124153312656523,6.830808286242367e-05,0.000114739072195313,-0.00037334326446808,0.0
2025/05/21 11:26:25.35004720,1747819585,31464318,piren,0.001245118501262717,-0.007240416848409686,4.115319775717493e-05,0.00010589657154299638,-2.1524618480359896e-05,0.0002310345260901923
2025/05/21 11:26:25.91347349,1747819585,89343694,piren,-0.0008261553766818618,-0.006939007614972419,0.00015800243498863221,8.911448728817146e-05,0.0004487540952084079,0.0
2025/05/21 11:26:25.135245295,1747819585,132649279,piren,-0.0020811615308125348,-0.0067906711998562035,0.00017478160674980558,0.00012254261942249225,0.0009560310237227056,3.174019244012591e-05
2025/05/21 11:26:25.185444908,1747819585,183000831,piren,-0.003050861569217758,-0.007864478747646458,-0.0003667379782488593,0.00016025239883414,0.0013871791843904455,0.0
2025/05/21 11:26:25.244212044,1747819585,241730961,piren,-0.0034289683931408486,-0.008381116933563507,-0.0007088064859265878,0.0003896498745356834,0.0021018299145582294,-0.00022314981269419692
2025/05/21 11:26:25.293929424,1747819585,291209698,piren,-0.0068857232393575805,-0.011059269672678888,-0.0019484221643521326,0.00034034697516939364,0.002648948512466415,0.0
2025/05/21 11:26:25.342502555,1747819585,340627709,piren,-0.00544096473928938,-0.02366827608799204,-0.007654869955759844,0.0006124331184470643,0.0028603626957814485,-0.002371471921248813
2025/05/21 11:26:25.392666871,1747819585,390724206,piren,-0.006009475684713127,-0.011286293384634273,-0.002584282548885785,0.0005917440460984028,0.0030485767006395294,0.0
2025/05/21 11:26:25.444413532,1747819585,442335200,piren,-0.005828664936516121,-0.009916033769381816,-0.0021903936762724735,0.0006774014560673379,0.003016848258067805,-0.005991809913479646
2025/05/21 11:26:25.496271926,1747819585,493246619,piren,-0.005354821970030967,-0.00908881684600964,-0.0014695428909705858,-0.00034640539104503017,0.002397057911499677,0.0
2025/05/21 11:26:25.545496556,1747819585,542938439,piren,-0.0012750164633694855,-0.10743760800951199,-0.05447255985024439,0.0012823527735029985,0.0016537073978794097,-0.012613920255045959
2025/05/21 11:26:25.595633180,1747819585,592740932,piren,0.002156641678349787,0.04445329620331594,0.01412871483117608,0.0013278238704744166,0.00044739649069830303,0.0
2025/05/21 11:26:25.648971499,1747819585,645996972,piren,0.005323817045781246,0.019566743270425627,0.0065209485869053875,0.0010113872629233266,-0.0007425016983564761,-0.01206531870824034
2025/05/21 11:26:25.699237258,1747819585,695979947,piren,0.006405998377263224,0.004478729338451784,0.002371626484205289,-0.000269113789632603,-0.0018007474510022162,0.0
2025/05/21 11:26:25.742022282,1747819585,739707182,piren,0.007374631962857298,0.023043598667023792,0.012135204055627447,0.0010184430404062091,-0.0020547499762692562,-0.011204747024091423
2025/05/21 11:26:25.798885336,1747819585,797032989,piren,0.0059860766450774774,0.053212461595423186,0.02670433164411138,0.00138097072023034,-0.0028564864572745317,0.0
2025/05/21 11:26:25.845514515,1747819585,841038647,piren,0.007138418568596941,0.08272505041550975,0.03414394400442993,-0.0003204592421214937,-0.003443979802415831,-0.0135868680489039
2025/05/21 11:26:25.883917174,1747819585,881303753,piren,0.007195194304124986,-0.024232571702258003,-0.006720356607620457,-0.0009855002421745977,-0.0038591085416351755,0.0
2025/05/21 11:26:25.941527754,1747819585,939124490,piren,0.00784384744970297,-0.0537486387214139,-0.017961010326162923,-9.797886835745733e-06,-0.004052316012755426,-0.01337167590107654
2025/05/21 11:26:25.989123340,1747819585,983266905,piren,0.007677244547202009,-0.04697784552448944,-0.010488161391817762,-0.0002550365611962608,-0.003995113910314153,0.0
2025/05/21 11:26:26.35495691,1747819586,32788343,piren,0.007671723459863264,-0.0462785647720436,-0.013240040979404162,-0.00022028245434992623,-0.003393787691497495,-0.011915130966619485
2025/05/21 11:26:26.86290342,1747819586,83336107,piren,0.006800837527532383,-0.04952373905241403,-0.010602021627395599,-0.0009812859600095557,-0.0028916649770059795,0.0
2025/05/21 11:26:26.142886815,1747819586,141373893,piren,0.0089981247934426,-0.21067779430291744,-0.08503158414120375,-9.08325060782891e-05,-0.0022733307051932506,-0.01275404056848289
2025/05/21 11:26:26.192646800,1747819586,190477691,piren,0.0096211984874182,-0.13677590333476974,-0.06282766302467828,-0.0008364462914258363,-0.0015070388529751417,0.0
2025/05/21 11:26:26.243766645,1747819586,242061632,piren,0.01078260172348787,0.039157658966271054,0.017662383438301482,-0.0021134670093034473,-0.0006708843943063427,-0.010705255689270079
2025/05/21 11:26:26.294220386,1747819586,291556642,piren,0.011789501224477113,-0.009124283550674316,0.0010941035041806266,-0.0013745536868838633,0.00015856313295963312,0.0
2025/05/21 11:26:26.344752432,1747819586,342246661,piren,0.013257473281943993,-0.037866014878791605,-0.009462987659524096,-0.0006896133615362961,0.0011929885842517642,-0.011626834922802982
2025/05/21 11:26:26.388724214,1747819586,385987237,piren,0.013839447506014482,-0.019737409971797015,-7.097325026007498e-05,-0.0007843623470341159,0.0018518073636423179,0.0
2025/05/21 11:26:26.445765159,1747819586,443440657,piren,0.01596483811520434,-0.052818321904061015,-0.014973408418663302,-0.00040722652525959424,0.002570142061800693,-0.012250491450278915
2025/05/21 11:26:26.495818112,1747819586,493948831,piren,0.016804374809091655,-0.010370877222548997,0.003288585237107175,0.0006567579990362438,0.0029076305382926618,0.0
2025/05/21 11:26:26.546607652,1747819586,544686471,piren,0.018757070268195675,0.07292356399737446,0.03722270190347867,-0.0008706155349508686,0.0037306247562124708,-0.01270348152524655
2025/05/21 11:26:26.598026497,1747819586,595450142,piren,0.01899484427047642,0.05703726198558104,0.0348086041049061,0.0005983266085974069,0.0036114283507922384,0.0
2025/05/21 11:26:26.649290065,1747819586,646980098,piren,0.02112053653350099,0.15113887483970354,0.06615614842891804,-0.0009077385171837859,0.003327543299978547,-0.015721556123016935
2025/05/21 11:26:26.698815508,1747819586,696110888,piren,0.02205539436007178,0.09159409127021255,0.04626290738385483,0.00014954753161891936,0.002816282111772901,0.0
2025/05/21 11:26:26.748281441,1747819586,746015599,piren,0.023290077457150636,0.11375747740013775,0.05431096939713133,0.001125761582506968,0.00217619323095657,-0.014684284247168597
2025/05/21 11:26:26.799127828,1747819586,796536011,piren,0.023667229417863724,0.10452172188305706,0.040928880335265344,-0.0004952669121902085,0.0014379990926448585,0.0
2025/05/21 11:26:26.842416530,1747819586,840265137,piren,0.023696435751021986,0.1031580457523413,0.044237968629571356,0.0007120763418984514,0.0013180665957793982,-0.014229318293939098
2025/05/21 11:26:26.892371469,1747819586,888495986,piren,0.02173805446553123,-0.059668893997175586,-0.025142538055632716,0.0011012401470356322,0.00046244040236323013,0.0
2025/05/21 11:26:26.933863142,1747819586,931398592,piren,0.021747179596771343,-0.059641405496714,-0.02519980302767902,0.0011529322379958723,-0.000410264930253308,-0.015539642331031951
2025/05/21 11:26:26.984865313,1747819586,981940069,piren,0.023323704144885556,0.14537674429475056,0.05043773713507472,-0.0005567994138420146,-0.0012417899746480574,0.0
2025/05/21 11:26:27.36612084,1747819587,33198109,piren,0.02487174847413514,-0.03213930165192501,-0.012739309454223224,-0.0005259946277677079,-0.0019851689802608255,-0.015991212069771006
2025/05/21 11:26:27.92186935,1747819587,89244188,piren,0.0250697852242064,-0.1414649454733665,-0.06094669198982431,0.00016877024173578612,-0.002579310962786127,0.0
2025/05/21 11:26:27.145420440,1747819587,141354543,piren,0.025507874169303175,-0.09612211311996002,-0.04357921355186841,0.0020894918012941454,-0.0023534155495804434,-0.013534336167560971
2025/05/21 11:26:27.192922170,1747819587,190622636,piren,0.024033563296114203,0.02641646437815354,0.011602298235830233,0.0006944761015765317,-0.0026395318600043243,0.0
2025/05/21 11:26:27.245286133,1747819587,242232867,piren,0.0253682203530421,-0.10522917799929897,-0.035826265207457526,-0.0009384315287632119,-0.002748474270876303,-0.017743345525864637
2025/05/21 11:26:27.295019084,1747819587,292065231,piren,0.02534370955150958,-0.16984217025456735,-0.0816357125725674,0.0006465136883540664,-0.0027384294860027074,0.0
2025/05/21 11:26:27.345861551,1747819587,343746263,piren,0.025869287671119328,0.0023472790932542245,0.0027315917884730228,0.001954228912668527,-0.0026636138853365072,-0.017617339849747175
2025/05/21 11:26:27.395407005,1747819587,393183513,piren,0.026261517750284694,0.09728577778878969,0.039566599804687026,-1.3546641753290326e-05,-0.0024163106820080265,0.0
2025/05/21 11:26:27.445917112,1747819587,443843329,piren,0.02752454997010308,-0.009724086446721517,0.0012624098775801524,0.00011148536719493446,-0.0014048304298253742,-0.016874146342116415
2025/05/21 11:26:27.499473950,1747819587,494981473,piren,0.026861216198607315,-0.017060311668508167,0.001191244525299979,-9.602589557635265e-05,-0.0009780002318192746,0.0
2025/05/21 11:26:27.548064595,1747819587,545903259,piren,0.0287027895269047,-0.021037750254888285,0.0013158440147393706,-0.00027000924761952903,-0.0003394041998597913,-0.018729799227567276
2025/05/21 11:26:27.592003278,1747819587,588677043,piren,0.02870242159736673,-0.02103733326031815,0.00133045542025867,-0.00036613374289278726,9.041762000466958e-05,0.0
2025/05/21 11:26:27.642540599,1747819587,640288871,piren,0.03125759323869393,-0.024642581270708695,0.001080435597695088,-0.0005377047960475913,0.0005315144268551809,-0.01953957897765977
2025/05/21 11:26:27.699773894,1747819587,696010981,piren,0.031793673453987675,-0.02417855642975693,0.0011774900082195815,-0.000663371276374407,0.0009045543888721525,0.0
2025/05/21 11:26:27.748803604,1747819587,746296786,piren,0.03322033142569433,-0.022965559031086845,0.0012334132720678776,-0.00017935566589585969,0.0014397239995160632,-0.01796307776276435
2025/05/21 11:26:27.799999031,1747819587,797676607,piren,0.033394390099938144,-0.017726583958125076,0.003928283877747445,-0.000829691401299194,0.001667325241609305,0.0
2025/05/21 11:26:27.840448462,1747819587,838410135,piren,0.03548163210702806,-0.1373474017356978,-0.043011482197479675,-0.0015183025470703942,0.001838484486051915,-0.01969009385323737
2025/05/21 11:26:27.889333220,1747819587,887509898,piren,0.03655184193770526,-0.20026198453283617,-0.06834220772257822,-0.0018519241065196338,0.0018440571593595569,0.0
2025/05/21 11:26:27.941188908,1747819587,939460474,piren,0.03762985143174888,-0.22763975245437074,-0.0800952989595085,-0.0019622467305775524,0.0027683844914630456,-0.018781059300064188
2025/05/21 11:26:27.991816248,1747819587,988690194,piren,0.02929955541040781,-0.22844051017704814,-0.09464610287035635,-0.00029785993290443457,0.002754455875935571,0.0
2025/05/21 11:26:28.41463762,1747819588,39405238,piren,0.03443782065613398,-0.12350015976579337,-0.05586867782909408,0.0014369441994963668,0.002287531949151966,-0.02365537968153239
2025/05/21 11:26:28.86641109,1747819588,82756229,piren,0.036921481779982876,0.042518057073458286,0.019846885516831683,5.5589795015371795e-06,0.001710346018001995,0.0
2025/05/21 11:26:28.141898682,1747819588,140035249,piren,0.0400115802553015,0.048674511734755885,0.025114343172244858,-0.001378472523032128,0.0017468532469202562,-0.02331044029443111
2025/05/21 11:26:28.185408774,1747819588,183432731,piren,0.03976111032821094,0.07039667396005635,0.035676763254391924,-0.0012916624323673336,0.0010136414305256887,0.0
2025/05/21 11:26:28.243893536,1747819588,241772318,piren,0.041956916601794764,0.08149331337384026,0.04005658550893975,0.00032715149743054123,0.00015621715422661252,-0.026005609818349512
2025/05/21 11:26:28.295569715,1747819588,293323405,piren,0.04266234238880551,0.06615807834304073,0.029450038269955917,3.803887684854609e-05,-0.0006806295913959632,0.0
2025/05/21 11:26:28.339905298,1747819588,336508627,piren,0.04406021150155071,-0.060700253860414236,-0.020471718417614696,0.001426107118535222,-0.0013958194353366744,-0.02313335835018791
2025/05/21 11:26:28.397691371,1747819588,394528701,piren,0.043710686752209627,-0.08445453027933117,-0.03267965042865081,0.0008183278193004956,-0.0020684461485387384,0.0
2025/05/21 11:26:28.453481258,1747819588,451564627,piren,0.044515808672155995,-0.02475921396468446,-0.005352374910643306,-0.00018410317237498646,-0.0024988737294863424,-0.024233790909114636
2025/05/21 11:26:28.499474845,1747819588,496992178,piren,0.043578941575821414,-0.0032198114507734042,0.004717114880252268,0.0026260646069105062,-0.002860919104588841,0.0
2025/05/21 11:26:28.551527089,1747819588,547520461,piren,0.04392527458265251,0.11089742236630674,0.05356448003586183,-0.0003743789067512644,-0.0026814334596926594,-0.024547343806436826
2025/05/21 11:26:28.590040953,1747819588,588045926,piren,0.04268215518579886,0.13203812325132047,0.05233135721329655,-0.0007946883763645359,-0.0026376025697431105,0.0
2025/05/21 11:26:28.641790201,1747819588,639858204,piren,0.04370528247611524,-0.0064924148047313685,0.0008214752660197484,0.0020989443879925822,-0.0024431335612554823,-0.024435614658132866
2025/05/21 11:26:28.691941322,1747819588,689584540,piren,0.04319563522248618,-0.012911408148249762,-0.0006257050943180596,0.0024102521669201364,-0.0021481008963434253,0.0
2025/05/21 11:26:28.742821238,1747819588,740073224,piren,0.04423925237484287,0.09975181261079186,0.0458491329788118,0.00032840449994466544,-0.0016427215124818074,-0.022358246318666272
2025/05/21 11:26:28.787023916,1747819588,782547680,piren,0.04412762918402842,0.07464221345551177,0.03378511619117498,-0.0009989546875125706,-0.0010999217793846911,0.0
2025/05/21 11:26:28.844835581,1747819588,841794597,piren,0.0452163102104594,-0.019894271093671537,-0.0017076107475709902,-0.001245048446893745,-0.00023548846506244565,-0.021894476007181585
2025/05/21 11:26:28.894694492,1747819588,892310551,piren,0.04493068715591589,-0.10815156729158298,-0.03455073904539904,-0.0008324465927299014,0.00036913377468921556,0.0
2025/05/21 11:26:28.944958207,1747819588,942953970,piren,0.046444756274322076,-0.16442534904084571,-0.06750617550641255,-0.00041668621606265566,0.000966806546020366,-0.022456283420693942
2025/05/21 11:26:28.996059360,1747819588,993863444,piren,0.04678137152630929,-0.08603379727350718,-0.025969370246269354,-0.0009761803976713782,0.0014744543624291265,0.0
2025/05/21 11:26:29.45601260,1747819589,43392415,piren,0.04830766257808832,-0.14555980906579383,-0.050903014263912104,-0.0005281546317646926,0.0019372856298414767,-0.021664267444579655
2025/05/21 11:26:29.96170852,1747819589,93511609,piren,0.048630722726220085,-0.15155758151405613,-0.07129861485452216,0.0010500577147987257,0.00224500489469706,0.0
2025/05/21 11:26:29.148676075,1747819589,145486655,piren,0.05013302817736481,0.030677213113895437,0.015677334730538124,0.0009165399820686071,0.0030557832103687305,-0.021075420769608756
2025/05/21 11:26:29.198764454,1747819589,195912999,piren,0.04984930500014026,0.14909078992022945,0.062498980392817774,-0.000639984620544657,0.0030499052055397535,0.0
2025/05/21 11:26:29.249578278,1747819589,246703860,piren,0.05236327642214682,0.11908878948797262,0.0455304846270616,-0.002545897726689097,0.002866281809842521,-0.023944632548920285
2025/05/21 11:26:29.300721156,1747819589,297117912,piren,0.0535926539889067,-0.0034654243756888567,3.381140418778287e-05,-0.0013543638072863109,0.002512276075948284,0.0
2025/05/21 11:26:29.350945004,1747819589,348097869,piren,0.055283448810877975,0.020045764284615023,0.013308694162666194,0.00018413226358351061,0.002091380514912545,-0.02367966650017997
2025/05/21 11:26:29.399779771,1747819589,397971358,piren,0.0557229932030879,0.13701837266406852,0.05448664352992944,-0.0007779410896812864,0.001524390501702866,0.0
2025/05/21 11:26:29.440689635,1747819589,438727396,piren,0.057851822871856126,0.05313472241200191,0.021160565774817536,-0.0018940118106845058,0.00091118538327004,-0.02221003576937514
2025/05/21 11:26:29.482858999,1747819589,480406450,piren,0.05785380644841618,0.050723239357502344,0.026419533451940785,0.00012145949208108964,0.0002626693394287169,0.0
2025/05/21 11:26:29.541780932,1747819589,539897382,piren,0.060158620815566256,0.16668993601844323,0.07106203730602383,-0.0006232296506168145,0.0002783564935069388,-0.019969113253881697
2025/05/21 11:26:29.584650224,1747819589,582591892,piren,0.05951122363845779,0.1025610229748635,0.04545291143800835,-0.0006159035952083284,-0.00037996932530176737,0.0
2025/05/21 11:26:29.646452918,1747819589,643918625,piren,0.061480506864617396,0.045330416709549466,0.020243017320767224,-0.000823189874356703,-0.0010574300198775272,-0.02274430444131313
2025/05/21 11:26:29.693017063,1747819589,691554679,piren,0.061787605098947394,-0.09752335892504083,-0.03307967128725984,-0.0006067829745830895,-0.0016184432939203664,0.0
2025/05/21 11:26:29.748672024,1747819589,745309066,piren,0.06320101194498884,-0.17478026099321542,-0.07332914839832803,-6.263037945990031e-05,-0.002078295732136534,-0.022629717706071945
2025/05/21 11:26:29.795575923,1747819589,793676677,piren,0.06320557433034493,-0.11372353119754733,-0.04328855278434528,0.0008489332356015039,-0.0023926314951505582,0.0
2025/05/21 11:26:29.846494102,1747819589,844261354,piren,0.06424168003138553,-0.09033990294424452,-0.038318490667088805,0.0026385614777320442,-0.001915808654032602,-0.021502657957023417
2025/05/21 11:26:29.888186558,1747819589,885875321,piren,0.06427073576028836,-0.08989630148615363,-0.039300454808767496,0.0011814589209095023,-0.0019730644698748084,0.0
2025/05/21 11:26:29.948650947,1747819589,945643392,piren,0.06558272275446032,0.14904418008375578,0.0639703138410943,-0.0002591950525971812,-0.0019279665985138276,-0.022451977195661464
2025/05/21 11:26:29.999506238,1747819589,997353480,piren,0.06536089150488922,0.10376707800432765,0.040632282870554454,-0.0009854483305604747,-0.0017521809434941735,0.0
2025/05/21 11:26:30.42799463,1747819590,40008098,piren,0.06657429893039489,-0.0409364168990172,-0.014044151529961964,0.0023542591378243943,-0.001530885532857025,-0.024656641212248812
2025/05/21 11:26:30.94072369,1747819590,90360714,piren,0.06679254041246349,-0.054106578532991556,-0.0216167044890527,0.0012278073438128406,-0.001200318540139375,0.0
2025/05/21 11:26:30.137175671,1747819590,134158985,piren,0.06768163380348147,0.07349265966821772,0.03310077922814504,0.0008245028337424186,-0.0007749286576902896,-0.01725148579660528
2025/05/21 11:26:30.194516328,1747819590,192487086,piren,0.06798992916302243,0.03643596304269428,0.022838493446077777,0.001326983497512866,-0.00032071260443216314,0.0
2025/05/21 11:26:30.245741614,1747819590,243973714,piren,0.06877655432173677,0.1281863579528464,0.049585653773119596,-0.002276421373853543,0.0002477304841404725,-0.021873802099191174
2025/05/21 11:26:30.297720817,1747819590,294468850,piren,0.06869193276871642,-0.015658433267293197,-0.002809554949691195,0.000364086115972344,0.0007265918546372802,0.0
2025/05/21 11:26:30.346552374,1747819590,344602577,piren,0.06979721476888974,-0.1414133188522571,-0.05776444746961098,0.0010979135728037479,0.0015230820942639357,-0.02093253851604993
2025/05/21 11:26:30.397774262,1747819590,395329553,piren,0.06895515792385068,-0.10839264734604712,-0.04899350231908619,0.0015829278625316752,0.0017160088143985922,0.0
2025/05/21 11:26:30.448261097,1747819590,445823237,piren,0.07184032341775123,0.02676658680059964,0.014313743368284356,0.0004616896879537807,0.0016661042174998667,-0.02381667623695559
2025/05/21 11:26:30.498513151,1747819590,496190480,piren,0.07373467378624829,0.07969661972636903,0.035486145043605845,0.000988076544903415,0.001596037577418472,0.0
2025/05/21 11:26:30.549132557,1747819590,547093191,piren,0.07540885851851381,0.03029765676241577,0.016984347845775075,0.0006855611883733374,0.0016615535030658345,-0.024626759313266373
2025/05/21 11:26:30.599574585,1747819590,597516420,piren,0.07534003236168565,-0.00024615627081840674,0.005321851339190912,-0.0009814582390263796,0.00140658661689184,0.0
2025/05/21 11:26:30.650806733,1747819590,648603899,piren,0.07756740402489758,-0.115515756471684,-0.05209311257708485,-7.932500829240148e-05,0.000987492264055702,-0.02411456721056634
2025/05/21 11:26:30.691173756,1747819590,689286556,piren,0.07904268083429819,0.0008689946291616374,0.0021243601717207505,-0.0009034163499400004,0.0005581988991344774,0.0
2025/05/21 11:26:30.741279973,1747819590,739363387,piren,0.08093855763203012,-0.0004013680141288986,0.003238320830631869,-0.0006738291154112035,0.0004223692531327461,-0.02466283004531578
2025/05/21 11:26:30.791662145,1747819590,790044182,piren,0.07858017450566401,0.03976543330762311,0.02340804303034725,0.00017663386744121054,-8.486968244368407e-06,0.0
2025/05/21 11:26:30.841938060,1747819590,840042265,piren,0.0811827148974275,0.12586293047428437,0.06048900492478095,0.00028871293795120113,-0.0005155159101293891,-0.023821484378305835
2025/05/21 11:26:30.892986288,1747819590,890255523,piren,0.0822927248270396,0.1538378181416171,0.06606017993944809,-0.0008833532012822919,-0.000984345796747039,0.0
2025/05/21 11:26:30.937016105,1747819590,933794008,piren,0.08409076757515901,0.08821199227087768,0.042639134627634204,-0.0011263478557101473,-0.0009006883833429699,-0.023134941902815596
2025/05/21 11:26:30.994205206,1747819590,991050679,piren,0.08380295434519319,0.0886352743802051,0.034725369021718015,-0.0019291911766104466,-0.001258558091793207,0.0
2025/05/21 11:26:31.40847845,1747819591,36250820,piren,0.08538209752437131,-0.07283361127175193,-0.028449862098655274,-0.0008568273646364039,-0.0015299739519082367,-0.024660617319205064
2025/05/21 11:26:31.95795595,1747819591,92993978,piren,0.08514317096262672,-0.09034213456457874,-0.03430067305504213,0.00018550681456860107,-0.0017450931490445541,0.0
2025/05/21 11:26:31.147015174,1747819591,144484477,piren,0.0860247883728795,-0.08694173796307889,-0.03208441728598012,-0.00035549098511470663,-0.0016207357812990115,-0.02532762888877063
2025/05/21 11:26:31.198632521,1747819591,196105641,piren,0.0851779815222801,-0.07273336474923205,-0.025520842842869627,-0.0005611038558552455,-0.0016125462896511712,0.0
2025/05/21 11:26:31.249721328,1747819591,246913240,piren,0.08613740309215828,-0.055763187300379116,-0.01947044989761515,-0.0005154275046176176,-0.002312360876569312,-0.02491653895036107
2025/05/21 11:26:31.302065923,1747819591,297472431,piren,0.09508901760558858,0.012845574708795972,0.01001021345454042,-4.202996923833309e-05,-0.0029732009930673316,0.0
2025/05/21 11:26:31.350562312,1747819591,348422305,piren,0.09383743327152136,-0.0025725707164316464,0.004243122755602284,-0.0008113989694416905,-0.0038724985362250937,-0.020053266958533704
2025/05/21 11:26:31.399482921,1747819591,397530721,piren,0.09528429205908251,-0.06300757146801529,-0.026092506150959073,0.0016234120205167522,-0.0033706108587677596,0.0
2025/05/21 11:26:31.442697410,1747819591,440747215,piren,0.08978496088791492,0.052897757563036815,0.026993201674843856,0.0019542829705192404,-0.002126201047975998,-0.007365301687653448
2025/05/21 11:26:31.503089253,1747819591,499576313,piren,0.08512325616429584,0.12364315874069395,0.05801924088272469,0.0011066430071509086,-0.0008315927116245579,0.0
2025/05/21 11:26:31.541749009,1747819591,539897955,piren,0.08338210154311271,0.14988459646592436,0.06492281198910904,0.0018396957174109006,0.0005291744826073472,-0.005433523526481026
2025/05/21 11:26:31.592341165,1747819591,590307538,piren,0.08213410128957864,0.10498483440019789,0.04726636167862468,0.0018335121472539539,0.0018328826128216032,0.0
2025/05/21 11:26:31.633801848,1747819591,632118811,piren,0.08196570056877689,0.0738926187198551,0.03852102382142368,0.00128402949375828,0.003057747880283345,-0.005386466420457234
2025/05/21 11:26:31.692714243,1747819591,690656888,piren,0.08206765212468121,0.13890839807561844,0.05725084434722682,0.00027229944078580867,0.004089414917237649,0.0
2025/05/21 11:26:31.745525620,1747819591,743362991,piren,0.08251019057146838,0.06601767251503624,0.028120180081249512,0.00014139026509781658,0.004613359000974553,-0.005588365999146485
2025/05/21 11:26:31.794050738,1747819591,792025366,piren,0.0838707218595007,0.019405366654987037,0.008341937037536738,0.0008489296674984584,0.005135327966618416,0.0
2025/05/21 11:26:31.844124220,1747819591,842324726,piren,0.08436661627801693,-0.06684284608441338,-0.027451682567341613,0.0009209544038193078,0.005377989394193414,-0.004237340767684763
2025/05/21 11:26:31.895713666,1747819591,893406571,piren,0.08509398224782765,-0.07756212632920623,-0.031946913344024816,0.0006133987729955251,0.005339838103921022,0.0
2025/05/21 11:26:31.939239585,1747819591,936349395,piren,0.08510077794589677,-0.07748338120741467,-0.03211942959302998,5.536229868592918e-05,0.004981839829035364,-0.003926998037161955
2025/05/21 11:26:31.997153859,1747819591,994411394,piren,0.08728282116099671,-0.07022622008771234,-0.025572128046975895,-0.00187441950884693,0.00438021729740086,0.0
2025/05/21 11:26:32.39474399,1747819592,37050984,piren,0.08728751132110053,-0.06873837323176384,-0.0293235912415373,-0.0006067853211917434,0.003556463118693747,-0.003991417034063488
2025/05/21 11:26:32.98194659,1747819592,95385903,piren,0.0891467346615252,-0.050062158640019554,-0.021481054616431294,0.0005083803979518908,0.0025160563405061957,0.0
2025/05/21 11:26:32.148455356,1747819592,146396144,piren,0.09020468325505161,-0.07110400402060824,-0.03359350099356231,0.0014092651410049658,0.0010518405630008194,-0.0033675279586770626
2025/05/21 11:26:32.199000405,1747819592,196850481,piren,0.09143753594747168,-0.014662496746417161,-0.008688439037297322,-0.000311439315875392,-0.00013588594142577683,0.0
2025/05/21 11:26:32.254779144,1747819592,250523448,piren,0.09235407063192715,-0.027020930806566826,-0.014047202650955127,-0.0019479057984027757,-0.0014056030880674145,-0.0019564177653609125
2025/05/21 11:26:32.301141008,1747819592,297972148,piren,0.0938175020995426,-0.00626880359435969,-0.005058046493374579,-0.0012860670544008784,-0.002594116633689374,0.0
2025/05/21 11:26:32.353182693,1747819592,349922938,piren,0.09476153143727575,0.03833038047612839,0.013075300255123065,-0.0005679094537004623,-0.0023874955808511596,-0.002303144639384505
2025/05/21 11:26:32.401395097,1747819592,398745792,piren,0.09232226324537625,0.004968776522136932,0.00018425735280689335,-0.00112358514490578,-0.003232506014254391,0.0
2025/05/21 11:26:32.443604322,1747819592,441050719,piren,0.09553588372797346,-0.04793125881559738,-0.024766713836740475,0.0004039111870884244,-0.004033272636901084,-0.009286776770661294
2025/05/21 11:26:32.492095840,1747819592,490296188,piren,0.09728367185880857,0.05858146038369176,0.02326810945144202,0.0009591187199685476,-0.004600314859990096,0.0
2025/05/21 11:26:32.543889355,1747819592,541941403,piren,0.09888264720993074,0.09498399258286484,0.03590839341005718,-0.00039430951253050965,-0.004565119474931176,-0.010970882361390712
2025/05/21 11:26:32.585881467,1747819592,583671508,piren,0.09881902119212552,0.09462533280074598,0.03701346952793151,-0.0016653896034782877,-0.00449312450117248,0.0
2025/05/21 11:26:32.646828139,1747819592,644801231,piren,0.1001935011642966,0.025310209365663174,0.011464463101723334,-0.0015462609326253986,-0.0042992223040432586,-0.01248297090026346
2025/05/21 11:26:32.686879642,1747819592,684830922,piren,0.1001946683238154,0.02552655220926764,0.010963660870919899,-0.00022810251225740681,-0.0038629917034712887,0.0
2025/05/21 11:26:32.746682479,1747819592,744872591,piren,0.10035213976836074,-0.05874305393678173,-0.017678699524031644,2.202068021541468e-07,-0.003007510281964378,-0.013231570868784596
2025/05/21 11:26:32.790973500,1747819592,786053525,piren,0.09947511846620358,-0.17781576491564016,-0.07524179487195008,0.00041987147414956373,-0.0022028727859690635,0.0
2025/05/21 11:26:32.848158589,1747819592,846123854,piren,0.10019209525938777,-0.1290045386411475,-0.062155670256824606,0.0011128495291616734,-0.001316354841397057,-0.013552833782750765
2025/05/21 11:26:32.890976456,1747819592,888722975,piren,0.10026051106962999,0.015699407431585308,0.0061781472441021276,0.001397066499866003,-0.00037268084922591357,0.0
2025/05/21 11:26:32.950108601,1747819592,947966478,piren,0.10067729067523845,0.10694054138812571,0.048659476844266726,0.002165885034096623,0.0010694106618046489,-0.01407657878747911
2025/05/21 11:26:33.2978131,1747819592,999175119,piren,0.10001743905397568,0.16004225254202314,0.05268467458586826,0.0003923992238746897,0.0019107587053040968,0.0
2025/05/21 11:26:33.51880410,1747819593,49608141,piren,0.10138349924124551,-0.031157886851157408,-0.019518947592345126,0.0011320150366767462,0.002745583508253644,-0.01606845839698397
2025/05/21 11:26:33.100368016,1747819593,98365734,piren,0.10141163527039784,0.061717602680974704,0.025053265278050903,0.0015107305079254025,0.003209533442384083,0.0
2025/05/21 11:26:33.154603940,1747819593,151758545,piren,0.1025758262893151,0.11052345035171193,0.0361400471302253,-0.0005400171401415421,0.0034801530079784544,-0.018152380869332047
2025/05/21 11:26:33.202182973,1747819593,200126114,piren,0.10314832942573114,-0.054155545945322195,-0.026302227298283104,0.0007691224336412937,0.0035189263131077553,0.0
2025/05/21 11:26:33.244217492,1747819593,242124696,piren,0.10498533366580284,-0.05553936545358555,-0.023864233051311128,0.0008140707409325253,0.003708412504116246,-0.019217315324551936
2025/05/21 11:26:33.294601358,1747819593,292037907,piren,0.10580755833697796,-0.05623111109078632,-0.021901191823746814,0.0011176241068534588,0.0032900578867571034,0.0
2025/05/21 11:26:33.344762570,1747819593,342905818,piren,0.10683008600748028,-0.06841583160698476,-0.030141721980350023,0.0011677220607601417,0.002666785984474574,-0.019905229951516955
2025/05/21 11:26:33.385773301,1747819593,383817331,piren,0.1068292720845623,-0.06955815261710253,-0.02740596148942926,0.00017944922576505754,0.0018943668757852913,0.0
2025/05/21 11:26:33.446480875,1747819593,444591796,piren,0.1079223728617936,-0.0444385792865447,-0.015807724658939426,-5.137611965648154e-05,0.0010174846414466284,-0.020437796910506803
2025/05/21 11:26:33.487965659,1747819593,485177051,piren,0.10792126748867742,-0.04343939698927471,-0.018382841588418644,0.0013870441481081074,9.497058318797244e-05,0.0
2025/05/21 11:26:33.548336995,1747819593,546302811,piren,0.10798872029592003,0.10936150236302838,0.043330201857117494,0.00030279579013762754,-0.0008106080144855086,-0.021941665330042284
2025/05/21 11:26:33.597599187,1747819593,595665534,piren,0.10767060842655721,0.048173657324259045,0.01980642035296305,-0.0009686989662793175,-0.0016475227572816896,0.0
2025/05/21 11:26:33.650946936,1747819593,648163124,piren,0.10829926412560864,0.021976166028577666,0.008262930206100392,-0.00256283584434013,-0.0021699588475367,-0.020394216797275336
2025/05/21 11:26:33.699772184,1747819593,696521720,piren,0.1076865029234771,-0.0958195941379875,-0.04217930932541882,-0.0011971435625773514,-0.002776820086756684,0.0
2025/05/21 11:26:33.741511956,1747819593,738671994,piren,0.1077160851337469,-0.09621660441542389,-0.041188368577200034,0.00019529432029167897,-0.003238059588092379,-0.0223670243150998
2025/05/21 11:26:33.800528943,1747819593,797876159,piren,0.10727529755477572,-0.08123318425384818,-0.03246662785769314,0.00023722929926548768,-0.003498752359745334,0.0
2025/05/21 11:26:33.852972026,1747819593,849969967,piren,0.10836562718958098,-0.07321806620588249,-0.030577657032857454,-0.0008265063528627425,-0.0033462938106665644,-0.02250158379624064
2025/05/21 11:26:33.901192009,1747819593,898992711,piren,0.10794599388137008,-0.02103151566834724,-0.008607267865924636,-0.0006471222458803509,-0.0031852892348724292,0.0
2025/05/21 11:26:33.975289374,1747819593,969282327,piren,0.10884337686503656,0.10136684698925572,0.033885599422752974,-0.0020391059006634204,-0.002798017535882553,-0.023397836500934285
2025/05/21 11:26:33.993056867,1747819593,991322489,piren,0.10875636783786337,-0.0473885092202516,-0.02219290027096288,-0.001168903788899976,-0.0022933251924559146,0.0
2025/05/21 11:26:34.45286594,1747819594,42961999,piren,0.10960427879576583,-0.07660417757051614,-0.03353057941098727,-0.00042379931941582353,-0.00143299793687968,-0.024667146211984205
2025/05/21 11:26:34.94757876,1747819594,92183765,piren,0.10969140146159957,-0.05532667869715569,-0.022668309735284834,8.159967551888306e-05,-0.0007361164031621771,0.0
2025/05/21 11:26:34.146030532,1747819594,143253417,piren,0.11155651395020746,-0.04204052987314402,-0.019342597685341932,0.0002273345246340611,-3.2371528859798327e-05,-0.022661682805652485
2025/05/21 11:26:34.187387252,1747819594,185626944,piren,0.11155656100833053,-0.042061384726325736,-0.019296933768171036,0.0006037345798328462,0.0006703948405936547,0.0
2025/05/21 11:26:34.249782185,1747819594,247282230,piren,0.1126468647107791,0.1650060646349138,0.06497435821996655,-5.169281433341538e-05,0.0013815247767928751,-0.022101767238878717
2025/05/21 11:26:34.300275094,1747819594,297081564,piren,0.11252668617960454,0.1005883016278939,0.040042727943451956,0.0004254600313241624,0.001970465836326139,0.0
2025/05/21 11:26:34.352082013,1747819594,349317270,piren,0.11318394721098077,0.05108268670620591,0.023342760914600594,0.000374979067622604,0.0018039300673470416,-0.026080074031116434
2025/05/21 11:26:34.392593920,1747819594,390514293,piren,0.1180801552828919,0.09081366276533823,0.03704038234633819,-0.0001505579551357547,0.0019457547157685907,0.0
2025/05/21 11:26:34.455645357,1747819594,451859808,piren,0.11568361047152864,0.05320865804431973,0.021827703799638224,-4.7824054660848535e-05,0.002353868620156045,-0.02135536424448882
2025/05/21 11:26:34.492799347,1747819594,491001119,piren,0.1144810710425018,0.02985868073401083,0.00981461808962684,0.00035624482801749894,0.0026381897647230162,0.0
2025/05/21 11:26:34.544992951,1747819594,542496741,piren,0.11438421657443903,-0.1092427228506664,-0.049563247294944,0.0019063686295401842,0.00273604751612298,-0.020095473274787484
2025/05/21 11:26:34.594784862,1747819594,592829671,piren,0.1135089629625778,-0.0942266088312071,-0.04299628932794478,0.0009051495177746323,0.002742527061956821,0.0
2025/05/21 11:26:34.646902059,1747819594,644674026,piren,0.11396891623427276,-0.0667998767475054,-0.03109127890700445,0.00046741878907235893,0.0026098132675504175,-0.018808822686404023
2025/05/21 11:26:34.695914067,1747819594,693606137,piren,0.11380562076685327,-0.041655144858751464,-0.017552854826251147,-0.0009504988701752746,0.0023551477682231263,0.0
2025/05/21 11:26:34.750105087,1747819594,747765832,piren,0.1140727332621301,-0.1242023272912882,-0.05379867460810047,-0.0004286277004674111,0.0017782201520420906,-0.01878627587521956
2025/05/21 11:26:34.799973728,1747819594,797532088,piren,0.11413641944560293,-0.12169570690077987,-0.05681299021262472,-5.13562732603448e-06,0.001331857229652883,0.0
2025/05/21 11:26:34.850635877,1747819594,848324286,piren,0.11425575243101066,-0.05923129247162757,-0.033550892548243956,0.0011853045036250424,0.000854692880508484,-0.017934885174818522
2025/05/21 11:26:34.900142987,1747819594,898310801,piren,0.11396179546449844,0.08479289184387204,0.025552026683638405,-0.0006565489733981101,0.0003564875718388313,0.0
2025/05/21 11:26:34.952967172,1747819594,950893650,piren,0.11454361789371603,0.02006798629991253,0.001760492594171608,0.0004753693871090729,-0.00012819084494155396,-0.01726313581029439
2025/05/21 11:26:35.2504103,1747819595,148679,piren,0.11442356871721429,0.008966440312056317,-0.0013380533459945877,-0.0008084823580644639,-0.0005964372390759162,0.0
2025/05/21 11:26:35.44918758,1747819595,41611553,piren,0.11442197241235158,0.009019962235160807,-0.0010922578234024815,1.7668068964513693e-05,-0.0009749492026851782,-0.016581701618164767
2025/05/21 11:26:35.84995684,1747819595,82938063,piren,0.11421013525223135,0.06276207361029687,0.021265685054823263,-8.365741823462704e-05,-0.0013216550117277,0.0
2025/05/21 11:26:35.145760325,1747819595,143163190,piren,0.1172513742259926,0.02659253569402032,0.006981189526229516,-0.0004345341531834492,-0.0015244096863778506,-0.016380696889070526
2025/05/21 11:26:35.196168270,1747819595,193338835,piren,0.11772402365221792,-0.036610306230447656,-0.017410304651142326,-0.0014675149195048705,-0.0016218256810118124,0.0
2025/05/21 11:26:35.246772075,1747819595,244849887,piren,0.11905338531337041,-0.090565057769014,-0.04117934395509976,-0.0010844693296126538,-0.0016399042369685704,-0.014192532156208837
2025/05/21 11:26:35.289046682,1747819595,286112844,piren,0.11943079491636378,-0.07638900456612252,-0.030379998161851943,-0.0012622853329807707,-0.001539238806404233,0.0
2025/05/21 11:26:35.353417356,1747819595,349650428,piren,0.12032293546907974,-0.143804518970139,-0.07551636623429382,0.000707825041394985,-0.002066950711128463,-0.011111003810124259
2025/05/21 11:26:35.401869441,1747819595,399102716,piren,0.12434140531159525,0.015714006138054182,0.00015652389798782168,0.0009226447027888218,-0.00219258201560814,0.0
2025/05/21 11:26:35.451715218,1747819595,449294773,piren,0.12640330534701388,0.12397310937340969,0.053362880877704855,-0.0007437831998033967,-0.001713462917371934,-0.010444029450981517
2025/05/21 11:26:35.494826003,1747819595,492623985,piren,0.1237274727240763,0.2156382613288446,0.08338675178065401,-0.0020830020051700857,-0.0009508768970445756,0.0
2025/05/21 11:26:35.543935427,1747819595,541878476,piren,0.12313447940715538,0.1681946954382439,0.0558586016102029,-0.0018410277680117038,-0.00015748258669097452,-0.0075855702266398465
2025/05/21 11:26:35.594944956,1747819595,592778530,piren,0.12277494679846324,0.02496347009809529,0.003019789510585671,-0.0003461896665019493,0.0006746323329693903,-0.0017792452973556087
2025/05/21 11:26:35.638462257,1747819595,634339104,piren,0.12232918209399038,-0.09641000648796934,-0.053664061305438895,0.002479367436400554,0.0014828903588986833,0.0
2025/05/21 11:26:35.695878878,1747819595,693216462,piren,0.12230292973828438,0.029536941590270496,0.007202401426351,0.0012840052758201056,0.0021527379796691497,0.0
2025/05/21 11:26:35.747026756,1747819595,744769648,piren,0.12343418437915775,0.13129058007439412,0.047456935246296676,0.0001804055953405733,0.002740101658660854,-0.011698248324381407
2025/05/21 11:26:35.796626390,1747819595,794824160,piren,0.12389901247288353,0.08867589962161328,0.02856183816673471,-0.0010539636349855305,0.0031729627872828198,-0.0025411422659081485
2025/05/21 11:26:35.846953525,1747819595,844691685,piren,0.12401191466949019,-0.018252630856662212,-0.01143884292062223,0.00046514955568241093,0.0028750689478649,0.0
2025/05/21 11:26:35.898149764,1747819595,896119749,piren,0.1251762793515227,-0.05685968493769635,-0.027213798179389757,0.0007167049740970072,0.002976220662896146,0.0
2025/05/21 11:26:35.948495846,1747819595,946481077,piren,0.12549386471372087,-0.033222526319040116,-0.016092589040973403,0.00104246969436676,0.0030202421794649167,-0.011666983336716535
2025/05/21 11:26:36.15193680,1747819596,13391010,piren,0.12552263838244276,-0.01876285996061789,-0.00949454121847686,0.0011881843684700582,0.0028195389104960114,-0.0024062496227568652
2025/05/21 11:26:36.52258008,1747819596,47628036,piren,0.12572816910123752,-0.009449436535149854,-0.00547446793334765,0.0010929708666151765,0.0024561947200196148,0.0
2025/05/21 11:26:36.100298605,1747819596,97644961,piren,0.126140561941466,-0.0012657088948978684,-0.002168396519613659,0.00033345544446726017,0.0019826157650185082,0.0
2025/05/21 11:26:36.141424537,1747819596,138724506,piren,0.12614069206850737,-0.0013004639926940467,-0.0021400764620505748,0.00039201516832837105,0.0013819278116697685,-0.013222897927958051
2025/05/21 11:26:36.201047782,1747819596,199011592,piren,0.12749792613864264,0.020855859097306043,0.005478747182134709,-0.0006554337307333828,0.0007158428084680929,0.0
2025/05/21 11:26:36.241650772,1747819596,239393081,piren,0.1274943532182699,0.020188582714599473,0.007636473299764089,0.0023355041592915465,-1.3393357788435064e-05,-0.014321092081865421
2025/05/21 11:26:36.306907747,1747819596,299206094,piren,0.12823999091882643,0.17238191588925172,0.06714861739552738,-0.0005245688996326896,-0.0007067060343279805,0.0
2025/05/21 11:26:36.356648477,1747819596,353847699,piren,0.1294598534044893,0.12313694105079465,0.04613000273760122,0.00045967356452735045,-0.001162029815399347,-0.015029923725237555
2025/05/21 11:26:36.393369573,1747819596,391402406,piren,0.12944615053080302,0.12005719580334703,0.0536702980802541,0.0005766030920555335,-0.0017723867002596826,0.0
2025/05/21 11:26:36.443984753,1747819596,442041279,piren,0.13147795324509398,0.21231713593819154,0.07034208269798634,-0.002008777141295634,-0.0022394690120750814,-0.017156720389919125
2025/05/21 11:26:36.504842837,1747819596,502834161,piren,0.13171548735889976,0.0319666781811098,0.004950144499192347,2.5676081985192838e-05,-0.002602583572929164,-0.0032074929206674075
2025/05/21 11:26:36.555601140,1747819596,552582809,piren,0.13194316098267078,-0.08793335116383068,-0.042896537462065405,-0.0011904321740894234,-0.002457902271735613,0.0
2025/05/21 11:26:36.594097608,1747819596,592018517,piren,0.13361429757352056,-0.07643228946956077,-0.03220981839691373,-0.0018357945940515811,-0.002558722723390542,0.0
2025/05/21 11:26:36.645894123,1747819596,643565576,piren,0.13574679087271302,-0.12265283735175668,-0.04809054453012967,-0.0011139976880410367,-0.0025621131315877966,-0.0191889984726136
2025/05/21 11:26:36.684635701,1747819596,682739599,piren,0.1366100337162653,-0.15713615966891892,-0.05718285539529814,-0.0015403299354267447,-0.002409469640680978,0.0
2025/05/21 11:26:36.746084138,1747819596,743982875,piren,0.1381836444889518,-0.19846470937251798,-0.09711187218844701,5.549822123453968e-05,-0.001935792567178451,-0.0198324393140924
2025/05/21 11:26:36.786029842,1747819596,783187599,piren,0.1382085356282342,-0.2024128940737489,-0.0885499699757189,-0.00030127117933030043,-0.0015729261546952296,0.0
2025/05/21 11:26:36.849133057,1747819596,846554561,piren,0.139559759678762,-0.056158355417034164,-0.023650084901087363,3.4120028549254566e-05,-0.001131529518854462,-0.018376807990997175
2025/05/21 11:26:36.889443333,1747819596,887122248,piren,0.1394601240394011,0.022378861699936116,0.01113609271462227,-0.0006212020625033603,-0.0006219362888247234,0.0
2025/05/21 11:26:36.950346478,1747819596,947866717,piren,0.14023908596050982,0.01442166103629322,0.008669015883055825,-0.0002596623566678,-8.614191016786054e-05,-0.021002701541285616
2025/05/21 11:26:37.362594,1747819596,997971088,piren,0.14022343100775625,0.00672756062924576,0.005425585076447479,-0.0012039106582088428,0.0004438053180059524,0.0
2025/05/21 11:26:37.42145648,1747819597,40353188,piren,0.14113488580190864,-0.1018734943161286,-0.04248332883289678,-0.0011940205589218136,0.0009138990718886498,-0.021066038280116505
2025/05/21 11:26:37.103959039,1747819597,101192490,piren,0.1412250804985627,-0.06839409273719635,-0.028221317946928923,-0.000100769608534847,0.001319359203235632,-0.004001145340666602
2025/05/21 11:26:37.145410541,1747819597,142567198,piren,0.140665980530879,-0.023633114291674417,-0.008155313449107249,0.0007113194473126302,0.0018142601381203629,0.0
2025/05/21 11:26:37.213066523,1747819597,209427317,piren,0.14040651619562813,-0.01106777348309302,-0.0017463434359899126,6.72293226244988e-05,0.0020020873112909674,-0.004047533888148763
2025/05/21 11:26:37.246534501,1747819597,243976344,piren,0.14320722585306636,-0.10809281157268649,-0.04773615893017677,-0.00013659221435337687,0.0019501024602492092,0.0
2025/05/21 11:26:37.285235514,1747819597,282567158,piren,0.14591031564391949,-0.04253125376676666,-0.018434908813180228,-0.0004485601956994917,0.0017648583687111814,0.0
2025/05/21 11:26:37.339514453,1747819597,335868027,piren,0.14596563864176404,-0.04338000249584425,-0.0158360771845206,-0.000989617832075452,0.0014191193995525347,-0.020196592199464573
2025/05/21 11:26:37.401525385,1747819597,396977798,piren,0.14785276265069724,-0.14048352052956697,-0.053641527535235205,-0.0009358286369025673,0.000978661987914763,0.0
2025/05/21 11:26:37.451282318,1747819597,447628688,piren,0.14862435628204704,-0.15800937045459257,-0.05989799629535441,-0.0003774906443717747,0.0005267620775060031,-0.022758905346097463
2025/05/21 11:26:37.500904335,1747819597,499129030,piren,0.14794966743822294,-0.1660306809576993,-0.07309515091333138,0.0014466941435164512,-4.231824418186015e-05,0.0
2025/05/21 11:26:37.552190298,1747819597,550352263,piren,0.14835062790012166,-0.07386477682745973,-0.029458745080759074,0.0007268016525584312,-0.0006381012446867415,-0.024050929306718115
2025/05/21 11:26:37.605120235,1747819597,602072770,piren,0.14753098022302358,-0.06329820529422053,-0.024449212815736372,0.0005891803924649026,-0.0011698031930288187,0.0
2025/05/21 11:26:37.642498732,1747819597,639803308,piren,0.14894661054598138,-0.05418469105963966,-0.01883970085369285,-0.0009633102077549,-0.0014241344368184038,-0.02178392050478881
2025/05/21 11:26:37.687771281,1747819597,685502235,piren,0.14874853983359307,-0.08303004574771129,-0.04203092909272444,0.0004176391987847521,-0.0018282432594287268,0.0
2025/05/21 11:26:37.751719616,1747819597,748793393,piren,0.14910681653796737,0.11233772920248247,0.051953384672243516,0.0009099796005045324,-0.0021347955229783066,-0.024333267797327862
2025/05/21 11:26:37.802058015,1747819597,799347936,piren,0.148464103823419,0.22509376381997503,0.1041623508069787,0.0016508626924267625,-0.0023196858799022857,-0.004866389623333648
2025/05/21 11:26:37.851142863,1747819597,849319036,piren,0.14762283488113753,0.2727229865003298,0.12182372706331066,0.0007485065749405909,-0.002286606362410004,0.0
2025/05/21 11:26:37.902109074,1747819597,899494114,piren,0.14734483918053784,0.26511374845395197,0.09273985437358734,-0.0008360197354083963,-0.0022401701718942862,0.0
2025/05/21 11:26:37.953980895,1747819597,950672118,piren,0.14907050950046907,0.06659784506063392,0.027138400667202717,-0.0008676900129429571,-0.0020750757051162133,-0.023706555469124365
2025/05/21 11:26:38.7203252,1747819598,3768060,piren,0.149109343104187,0.05598657517485773,0.026051503553269982,-0.0009664615339429383,-0.001788250145610987,-0.0050539975560245235
2025/05/21 11:26:38.60652257,1747819598,58473182,piren,0.14846656677386927,0.044365748842468085,0.026320814336984102,0.00038276712811929637,-0.001240467203810814,0.0
2025/05/21 11:26:38.89062169,1747819598,85961619,piren,0.14845803729482432,0.047114911814688396,0.021067098390557492,-0.001420806060416764,-0.000777240531945624,0.0
2025/05/21 11:26:38.143202558,1747819598,140629633,piren,0.15187221582597238,-0.15384361091076904,-0.05922187807864682,-0.0020624651741951547,-0.00032788350701462614,-0.027425462585585397
2025/05/21 11:26:38.205003600,1747819598,203050986,piren,0.15233537477755105,-0.1297979200854019,-0.059313921236051136,-0.00017692191210443887,0.0001739085596218869,-0.004954209491365505
2025/05/21 11:26:38.259757648,1747819598,254687505,piren,0.1517949583710285,0.025657718369503417,0.012525556853564926,-0.00010736699846191208,0.0006670519666583255,0.0
2025/05/21 11:26:38.300395500,1747819598,297571848,piren,0.15317909253029652,0.02448122304409981,0.014458904725752224,-0.0008294129471804913,0.0011048835919788805,-0.0058663119419203385
2025/05/21 11:26:38.350433350,1747819598,347721318,piren,0.15544031921196555,0.03568300439168284,0.020284792571685497,-0.0004564988523430894,0.0014279220463717288,0.0
2025/05/21 11:26:38.401596637,1747819598,399060254,piren,0.15750995715568758,0.03532816623975757,0.022958180644239566,0.0013871543109924946,0.0016906302225834758,0.0
2025/05/21 11:26:38.442114164,1747819598,439696790,piren,0.15746622833940638,0.03552435077939731,0.022955422579606106,0.0014374997977345534,0.0021044148884606004,-0.023075181237716014
2025/05/21 11:26:38.504522121,1747819598,501264115,piren,0.1568743830740047,0.19362065017798952,0.08149174418375824,0.00016704352380245263,0.0021197758681063697,0.0
2025/05/21 11:26:38.543746157,1747819598,541506112,piren,0.15677402444784738,0.19299210727189048,0.08315879027191862,-0.0008855296171409888,0.0019073379252114784,-0.02655263434797963
2025/05/21 11:26:38.605778777,1747819598,603495489,piren,0.1579569693908858,0.09761525472767196,0.044693002390556076,-0.0008698140405459732,0.0017280044524327584,-0.005276379189351227
2025/05/21 11:26:38.647702546,1747819598,645374248,piren,0.15873034490998963,0.07025256544716502,0.032491022464484855,0.0007890129713083214,0.0014366743117253393,0.0
2025/05/21 11:26:38.696776389,1747819598,694604347,piren,0.15941454971810623,0.03083292812931867,0.016250016967989712,0.0008171572892834063,0.0010775809290156006,0.0
2025/05/21 11:26:38.739180769,1747819598,737518154,piren,0.16119008465125154,0.00647498949390006,0.00606763070753802,0.0004213677562930787,0.000616285735903131,-0.026903433342147672
2025/05/21 11:26:38.802223773,1747819598,796678991,piren,0.16157695088737273,-0.0021030632142992056,0.0021004072253842376,0.001303118898278247,0.0001618739605946536,-0.005218907463154712
2025/05/21 11:26:38.850406194,1747819598,847590995,piren,0.16067892624870173,0.10506329419742882,0.0362383722775147,0.00042417462550301384,-0.0002715619605837519,0.0
2025/05/21 11:26:38.902135037,1747819598,899542598,piren,0.16017686837870507,-0.04968353309380809,-0.020237084357395765,0.0006838615869459618,-0.0006909771824678518,0.0
2025/05/21 11:26:38.957232393,1747819598,951766789,piren,0.1612907743647293,-0.16009967381648402,-0.0629766915793517,0.000707867794213417,-0.0010274213313890214,-0.028123040127276514
2025/05/21 11:26:39.3642603,1747819599,996348,piren,0.16086916045394759,-0.19047056793150188,-0.09743987083589317,0.0018813787261301662,-0.0013853241079025019,-0.005316273350592722
2025/05/21 11:26:39.56126450,1747819599,53186480,piren,0.16001075470221343,-0.014355859403068445,-0.011847061865622972,0.0023956044093804297,-0.0017646920422302735,0.0
2025/05/21 11:26:39.106837290,1747819599,103700620,piren,0.15945514816755618,0.09496530109521506,0.028638781501118815,0.0007161591052829857,-0.0018890056500614064,0.0
2025/05/21 11:26:39.156060869,1747819599,153736268,piren,0.16086272708165952,-0.06115933658629957,-0.02677156162958213,-0.0011037693267756203,-0.0019588976288909296,-0.02305270191264675
2025/05/21 11:26:39.184527353,1747819599,182627862,piren,0.1608589962193902,-0.05777103038858125,-0.03347968504993891,0.0009285890243362958,-0.0018560174114003408,0.0
2025/05/21 11:26:39.238331223,1747819599,235289739,piren,0.16331995189779633,0.1584439278996207,0.061348911804220106,0.0007249198435279767,-0.0016185894008664005,-0.024951970663775573
2025/05/21 11:26:39.299180903,1747819599,295854729,piren,0.16368378604799988,0.08472112891412964,0.03498878966832388,-0.0005426221958333348,-0.0012940267414824123,0.0
2025/05/21 11:26:39.338194546,1747819599,335563925,piren,0.16475576435957973,0.027792543572475306,0.015713724738196037,0.00023985512259734902,-0.0009378531804655071,-0.025052204224679925
2025/05/21 11:26:39.399571973,1747819599,397308339,piren,0.16499863831418365,0.05941765790502654,0.02874252878767647,-0.0005011803832948086,-0.0004937912312050068,-0.004982661656005043
2025/05/21 11:26:39.440141390,1747819599,436925588,piren,0.16499548298113972,0.060907872671050245,0.025453159333794488,-0.0019828971286584263,-6.538862551702704e-05,0.0
2025/05/21 11:26:39.501098242,1747819599,498935527,piren,0.1648807100782155,-0.1640298756941411,-0.06852498821962481,-0.0012115175874613862,0.0004250643020917243,-0.004983430340567248
2025/05/21 11:26:39.543577963,1747819599,538482209,piren,0.16485982033493704,-0.1645993614886676,-0.06719681929441959,-0.00012116412654589306,0.0010025745844918998,0.0
2025/05/21 11:26:39.602100677,1747819599,599603935,piren,0.16651720034513998,-0.09158691077679797,-0.02755650047486971,-0.0011126012900231112,0.0014099632901971187,-0.005034821411583191
2025/05/21 11:26:39.655009365,1747819599,651188071,piren,0.16827673327817483,-0.16647132786553312,-0.08031538524139598,0.00012337546614206118,0.0015979855159700142,0.0
2025/05/21 11:26:39.704925240,1747819599,700548355,piren,0.16996806165609019,0.0054743352031871445,0.0015871898275986503,-0.00017829449653510067,0.0017694737285200131,0.0
2025/05/21 11:26:39.755480523,1747819599,751644995,piren,0.17109112135935858,0.12130137819364292,0.05299361820718463,0.0003578044972929575,0.001819271083928849,-0.020328910067951744
2025/05/21 11:26:39.798638217,1747819599,793304544,piren,0.17145593439732287,0.14583547159756377,0.05842631256320537,0.00030878282382874634,0.0017824793749533481,0.0
2025/05/21 11:26:39.845159483,1747819599,842715334,piren,0.1725106946607456,0.07288733637974093,0.03141990369495101,-0.00029785387628437286,0.0016140423365998136,-0.025987779123792094
2025/05/21 11:26:39.897134684,1747819599,894835226,piren,0.17419659014318656,0.0373712219997378,0.018247941009710108,-0.0009757658511779422,0.0013732589492445703,0.0
2025/05/21 11:26:39.936490469,1747819599,934242016,piren,0.17418981287313584,0.036322441414364706,0.020313467042403572,0.000425276883120886,0.0010546488044134233,-0.02239150287134142
2025/05/21 11:26:39.987553993,1747819599,984949379,piren,0.17596941414494569,0.1788677880582761,0.08397528283504775,0.00030699429337327527,0.0006984678379184185,0.0
2025/05/21 11:26:40.37697940,1747819600,35997673,piren,0.17709220246608048,0.20526644803120025,0.07634514931911793,0.00042061351576661265,0.00027072576436440476,-0.02501192114694021
2025/05/21 11:26:40.100652268,1747819600,98397673,piren,0.17714537160594823,0.056876279597082344,0.021825253694462584,-0.00015964348721407768,-0.00014097962622333624,-0.004832668246134593
2025/05/21 11:26:40.152667207,1747819600,149073833,piren,0.17649396321754676,-0.010577099700025003,-0.0036873921972108807,0.00011099134536752533,-0.0006168915439786808,0.0
2025/05/21 11:26:40.204430430,1747819600,200632087,piren,0.1761144401565647,-0.028973860321665018,-0.010610978469882503,0.001249504392843753,-0.000926025650885926,-0.004497065203870092
2025/05/21 11:26:40.255264908,1747819600,252692422,piren,0.17662563196832626,-0.0037169065388656247,0.0008828799456400134,0.0011109665612673602,-0.0009843369472116877,0.0
2025/05/21 11:26:40.292011623,1747819600,289679805,piren,0.17662531756080685,-0.003703865162063849,0.000993639186571713,0.0003190419788740229,-0.001070848888420349,0.0
2025/05/21 11:26:40.349483034,1747819600,347093202,piren,0.17667955210882358,-0.08853999237630567,-0.035669338922831036,0.0006405427955007665,-0.0010359403741495193,-0.02605151363680968
2025/05/21 11:26:40.406340288,1747819600,403505578,piren,0.17576425598686188,-0.04807362377034102,-0.020230722634085138,0.0025661308565660523,-0.0009723170635467825,-0.004961637652503809
2025/05/21 11:26:40.456546695,1747819600,454269196,piren,0.1744036343744042,0.050392513532899974,0.01831143083779453,0.0006870769580469654,-0.000803871981102592,0.0
2025/05/21 11:26:40.499593175,1747819600,497262281,piren,0.17494108947180176,-0.07406364954994074,-0.03775227803501971,0.0010228994034874519,-0.000637869027688322,-0.005966814749493204
2025/05/21 11:26:40.548964985,1747819600,545928545,piren,0.17670532505020994,0.051018018880169366,0.018059225236784705,-0.00018246863718478012,-0.00038923592633510214,0.0
2025/05/21 11:26:40.588199454,1747819600,586029949,piren,0.17670866694181803,0.05101932691664689,0.018022793244348842,-0.0003521200083762135,-0.0001341231767043658,0.0
2025/05/21 11:26:40.639525456,1747819600,635454375,piren,0.17766308588291013,0.025927128354223145,0.008210554401486771,-0.0006096795646152115,-1.2953943828590444e-05,-0.023306390631724103
2025/05/21 11:26:40.689510932,1747819600,687279277,piren,0.1795989015147732,-0.19037770577674207,-0.08242525395979883,0.0008439843302904217,0.00010736794296050287,0.0
2025/05/21 11:26:40.752283813,1747819600,750535192,piren,0.1809498738801081,-0.13708346251183737,-0.05824122058439774,-1.672414102935088e-05,0.000248501270744282,-0.027200994722652416
2025/05/21 11:26:40.804608676,1747819600,802452342,piren,0.1808851683827848,-0.08726521781123821,-0.03863389749761406,0.00068056503275882,0.00038219673613572986,-0.005260393701784822
2025/05/21 11:26:40.854493095,1747819600,851710995,piren,0.18037585572384673,0.0035768311458808794,0.0027434340188279252,-0.0009956543131109522,0.0005101971108399809,0.0
2025/05/21 11:26:40.904355127,1747819600,902283806,piren,0.18058081176422686,0.013862828858894824,0.008108607860192013,-0.0012234668881100595,0.0006078395368101511,0.0
2025/05/21 11:26:40.948648606,1747819600,944795138,piren,0.18181505501604037,0.021423123747132053,0.010136559227964366,-0.001322900195356755,0.0009046971947073353,-0.027236922234207962
2025/05/21 11:26:40.986915270,1747819600,984546874,piren,0.18289702182139736,-0.09333060707346104,-0.03928473933550828,9.367374049719192e-05,0.0008848550783336315,0.0
2025/05/21 11:26:41.52153773,1747819601,47618296,piren,0.1855874602829657,-0.06406203665587606,-0.025733725250466282,0.0001156640727589653,0.0007719562121193112,-0.023329362124319367
2025/05/21 11:26:41.89611067,1747819601,87427055,piren,0.18558880074099995,-0.06243218913388069,-0.029460030032493666,0.0006608349158407431,0.0006155478807403658,0.0
2025/05/21 11:26:41.155109278,1747819601,150767201,piren,0.18789316332616451,0.1467817826922681,0.06438294953667827,9.195958316205409e-05,0.00043010988964021195,-0.028046686354968528
2025/05/21 11:26:41.203445792,1747819601,200602902,piren,0.1881198450374445,0.15506594233707713,0.07456217241134093,-0.0005798078188529744,0.00021717144330309223,-0.005232251793896094
2025/05/21 11:26:41.255410589,1747819601,251520092,piren,0.18776183852873835,0.21829435950255036,0.07310567915104373,-0.0018234284439995697,-5.649188398086109e-05,0.0
2025/05/21 11:26:41.293186793,1747819601,290903004,piren,0.18837643372148677,0.018993955774690915,0.002712240081677502,-0.001375725686288781,-0.00028243634313242076,0.0
2025/05/21 11:26:41.355991903,1747819601,352197907,piren,0.18993737649842932,-0.04724160341523266,-0.01931006148336087,-0.00024505163904326886,-0.0004960149046309198,-0.025366702224629854
2025/05/21 11:26:41.395370042,1747819601,392900091,piren,0.18993753304736485,-0.04514128696648781,-0.023808660393431758,0.0011455087314721024,-0.0006840450114705375,0.0
2025/05/21 11:26:41.438500117,1747819601,434899590,piren,0.19169079071026093,0.12201006958173902,0.047874264031300386,-0.0003121431318577294,-0.0008056442030558759,-0.11297287224855866
2025/05/21 11:26:41.498617940,1747819601,496465345,piren,0.18985789011815019,0.060532857241186844,0.020673634882265278,-0.0005409866834131734,-0.0008727478103259704,-0.004904726211716675
2025/05/21 11:26:41.541062926,1747819601,538256567,piren,0.18985670232330684,0.05925620951099306,0.02409934941966845,0.0005861243828245105,-0.0009895952110621344,0.0
2025/05/21 11:26:41.604240383,1747819601,601085523,piren,0.18460501622473552,-0.026064205238877813,-0.009405238375404383,0.0008394010578449031,-0.0009846658803966915,-0.0047683756002646245
2025/05/21 11:26:41.643443263,1747819601,640171667,piren,0.1846045331094643,-0.026514947035401443,-0.008058365722273506,0.0007231741063848272,-0.0008933897247444126,0.0
2025/05/21 11:26:41.705536718,1747819601,702987278,piren,0.19193576532749307,-0.0230441817435854,-0.004373563309637383,-0.0002661117631093491,-0.0007472860606676958,-0.004696447555078762
2025/05/21 11:26:41.744341052,1747819601,742334442,piren,0.19193474351390574,-0.02279714583052435,-0.005553805392549837,-0.00017409297806787917,-0.0002882228225512156,0.0
2025/05/21 11:26:41.787838311,1747819601,784265669,piren,0.19578315566930704,-0.025886118895199234,-0.008347546929300193,0.001729423591010623,-0.0001468779662721689,0.0
2025/05/21 11:26:41.849934760,1747819601,847762233,piren,0.19770495635063326,0.07221088129651582,0.025604148126834304,5.56116847838669e-05,-6.143814083994251e-05,-0.023561479229278936
2025/05/21 11:26:41.901221050,1747819601,899264788,piren,0.19839982110802723,-0.08810860919298141,-0.03465964114245614,-0.0003760124093460783,8.153922833429564e-05,-0.004885245616658794
2025/05/21 11:26:41.953676909,1747819601,950915297,piren,0.19760250550903355,-0.15496831657884463,-0.07777983772296475,0.002065276372583444,0.00022971442475776583,0.0
2025/05/21 11:26:42.6561095,1747819602,4115186,piren,0.1967387271623841,-0.011184914384856276,-0.008412729512536021,0.0007224537373610492,0.00040758573251987784,-0.0047982721282161505
2025/05/21 11:26:42.47068077,1747819602,41267941,piren,0.19724285266590208,0.004766004150657352,0.00108049455875789,1.734902743911747e-05,0.0004992551877137566,0.0
2025/05/21 11:26:42.109408150,1747819602,104853535,piren,0.19815100432057858,-0.0012701410408184205,0.0003339476700489775,-0.0006716352277173061,0.0005987901465830389,-0.004745870586708099
2025/05/21 11:26:42.157699053,1747819602,155451646,piren,0.19834987471025947,-0.0800260653553817,-0.033043520069928535,0.00031247392792861455,0.0006170483682608521,0.0
2025/05/21 11:26:42.208647439,1747819602,205752311,piren,0.198961969691761,-0.05968095508504837,-0.021198896690503434,0.0004914513394795021,0.0006430489656002911,-0.004670141687130949
2025/05/21 11:26:42.261285510,1747819602,256265029,piren,0.1991731106673019,-0.09964115105795743,-0.047880055882329485,0.0005336840652205259,0.000631540016832854,0.0
2025/05/21 11:26:42.308571071,1747819602,305976067,piren,0.1996653138310595,0.047561826524355685,0.01953777140327608,0.0010902405283464375,0.0005808047267853417,-0.005392454745979031
2025/05/21 11:26:42.337591160,1747819602,334535129,piren,0.20157498523142214,0.09193461933035675,0.03664557468194699,0.0010493949839645756,0.0004352186242104104,0.0
2025/05/21 11:26:42.398618008,1747819602,396796873,piren,0.20312196330120338,0.04832286209109812,0.02044972434151242,-0.0006090656502143234,0.00032855899000713195,-0.004412029885611683
2025/05/21 11:26:42.438175725,1747819602,434937973,piren,0.20400180928375122,0.026436109943100083,0.012182345264664291,-0.00011017906198815501,0.00016553375179033633,0.0
2025/05/21 11:26:42.489463457,1747819602,486890070,piren,0.2048891248686465,0.0030529934772866446,0.0030694409812018564,-0.0009837029073046938,4.7852826675898676e-05,0.0
2025/05/21 11:26:42.552552145,1747819602,549354216,piren,0.20526422161578062,-0.001268613576514338,0.0014278128182729317,-0.0008392361315651803,-9.259937081613355e-05,-0.021138398126544652
2025/05/21 11:26:42.602378405,1747819602,600623098,piren,0.20492539307225022,0.05468310348599682,0.023844009921338283,-0.0011351616249931822,-0.00021998172094678302,-0.004176052288364059
2025/05/21 11:26:42.649441848,1747819602,647258751,piren,0.20434709778977383,0.03062619555531619,0.014326778791153454,-0.0016339764291652147,-0.00046681723739109025,0.0
2025/05/21 11:26:42.706340553,1747819602,703042791,piren,0.20465607470573016,0.021184431337259668,0.00885027274673347,-0.0013060553845741175,-0.0005293262844085163,-0.0038438029533647204
2025/05/21 11:26:42.743408581,1747819602,740181616,piren,0.20465575731051672,0.02005366739823948,0.011184265566934906,0.0009508124410389755,-0.0005888775461795658,0.0
2025/05/21 11:26:42.794049739,1747819602,790851192,piren,0.20492217990311248,0.10084281497816516,0.04024516977866925,0.0001046221733111093,-0.0005656685301737291,0.0
2025/05/21 11:26:42.857674101,1747819602,855261732,piren,0.2058752025312444,0.0006673295518136446,0.0007712233342041163,0.0015306186039656527,-0.0005751815411813191,-0.016942418599698136
2025/05/21 11:26:42.910579201,1747819602,905325293,piren,0.20567963243299855,0.07763225982434094,0.030418024899936866,2.419848351335111e-05,-0.0004617432017370841,-0.003418682660614381
2025/05/21 11:26:42.957962709,1747819602,956017098,piren,0.2053107557009413,0.02537705974017583,0.009297971796937431,-0.0005951076478604248,-0.0003612854694610955,0.0
2025/05/21 11:26:43.7907220,1747819603,6031945,piren,0.2055778255568441,-0.05855934005258234,-0.025111414969292655,-0.00028780690568610244,-0.00022863236723308253,-0.003205795168253858
2025/05/21 11:26:43.51054301,1747819603,48185630,piren,0.20788730917699158,-0.052492553966431765,-0.021788909278929226,0.0005526275641126725,-0.0001306523371544827,0.0
2025/05/21 11:26:43.104776934,1747819603,100831669,piren,0.20916440482433585,-0.042825834653205434,-0.016997156809302933,0.00038178055030602706,3.368501726208643e-05,-0.002889270773010406
2025/05/21 11:26:43.155765740,1747819603,151689571,piren,0.2097728033608234,-0.0430280606764319,-0.01679373158428319,0.0005203713772710111,0.00015618562072336147,0.0
2025/05/21 11:26:43.206305124,1747819603,203066352,piren,0.21036795890369303,-0.04140176573885823,-0.016055124125282913,0.0006324446540851208,0.00030063796838921704,-0.0028816536043051026
2025/05/21 11:26:43.243285505,1747819603,240203277,piren,0.21036458339970207,-0.04140578173972843,-0.016088960186139284,0.0007652006389150844,0.00042752397016274503,0.0
2025/05/21 11:26:43.307268648,1747819603,304184523,piren,0.21012118117330514,-0.03571339049901255,-0.014005000456483247,0.0006538459800240304,0.0006912253416842514,-0.0027331364134177733
2025/05/21 11:26:43.360136532,1747819603,356834476,piren,0.2091943509895321,-0.030291686733849146,-0.01190533822408826,0.0006647694794282265,0.0009245902516419216,0.0
2025/05/21 11:26:43.408173784,1747819603,401181627,piren,0.21013370751175214,-0.025985541222861758,-0.010322804826846457,0.0007198090777448982,0.0011084561823578986,-0.003188937811808836
2025/05/21 11:26:43.451874639,1747819603,449657507,piren,0.21080410487947243,-0.023335171098831584,-0.009499941210062228,0.0005092277959655359,0.0012553162941966903,0.0
2025/05/21 11:26:43.501529203,1747819603,499491325,piren,0.21138782858046548,-0.01917357778708187,-0.008011329871242406,0.000426746193184628,0.001327898224489095,-0.0026685195395839715
2025/05/21 11:26:43.552932407,1747819603,550647231,piren,0.21160599839735375,-0.01571450428095514,-0.006784211340627836,0.0004281083015046357,0.0013194415162393724,0.0
2025/05/21 11:26:43.591884493,1747819603,588798590,piren,0.2116062482919724,-0.015703952886437278,-0.0068008288897778105,7.762299865409313e-05,0.001228861629681128,0.0
2025/05/21 11:26:43.659233400,1747819603,656504381,piren,0.21174991808172716,-0.00766858121258783,-0.003706428992911803,0.0006476961577153345,0.0010388014726766357,-0.013842016109529103
2025/05/21 11:26:43.707779885,1747819603,705353477,piren,0.21207087666511762,-0.03324152728966463,-0.012690548070586855,-0.001002871532123643,0.0007251339399403364,-0.0026112005247699074
2025/05/21 11:26:43.761275862,1747819603,758965572,piren,0.21203391607088465,-0.12546496887476435,-0.0613153188116117,-0.00019448745132644616,0.0003521598690942127,0.0
2025/05/21 11:26:43.791170719,1747819603,787967707,piren,0.21400117408997363,-0.024900354506206382,-0.01613769881949003,0.001178121262299122,-4.7153600891829906e-05,0.0
2025/05/21 11:26:43.850965322,1747819603,848385321,piren,0.21616029315087115,0.08765400198528972,0.03695243793623826,0.0003531091277960171,-0.0004125671147904841,-0.010006898872645597
2025/05/21 11:26:43.889102887,1747819603,886374369,piren,0.21732824666728545,0.17136644927093925,0.056505536196676316,-0.0013618361719997933,-0.000751031168779779,0.0
2025/05/21 11:26:43.954885945,1747819603,951193524,piren,0.21819643477054634,0.026020129987811932,0.006825011128471451,-0.0005014122101617887,-0.0009794496640406114,-0.00978591007521861
2025/05/21 11:26:44.9485175,1747819604,6842292,piren,0.21819030011240564,0.13248747853240903,0.03962238915633071,-0.0017107689949701094,-0.0011739266936009443,0.0
2025/05/21 11:26:44.44960010,1747819604,41653734,piren,0.2181960172448434,0.1316312420461037,0.0423507606703933,-0.002144150101578796,-0.0013141173607341262,-0.006730024637864344
2025/05/21 11:26:44.94541133,1747819604,91619507,piren,0.2179057680117888,0.004212224547463339,-0.0029650587343469912,-9.488220741079591e-05,-0.0013672264288437752,0.0
2025/05/21 11:26:44.161145807,1747819604,156720076,piren,0.21779776859571115,0.16246991929157348,0.06097771403044005,0.0003210292304755984,-0.0013643459139219196,-0.008357707328162338
2025/05/21 11:26:44.212036799,1747819604,209244609,piren,0.21787133587291124,0.06723275368616476,0.025959047873031684,0.0005739192695067245,-0.0012710881852392422,-0.001173926486121757
2025/05/21 11:26:44.247824686,1747819604,243368051,piren,0.2178614354243429,0.06701979672563521,0.026585261545546707,-0.0004869177358393474,-0.001200987233251257,0.0
2025/05/21 11:26:44.291174321,1747819604,289191483,piren,0.2209693025593246,-0.014505073150170938,-0.00389703001007125,-0.00038052224848606695,-0.0011346310558023854,0.0
2025/05/21 11:26:44.338854063,1747819604,335480613,piren,0.22097189045304982,-0.01479064236772272,-0.0023826857747086465,0.00044161658510302764,-0.001482769469183198,-0.005971221825966872
2025/05/21 11:26:44.404444698,1747819604,399239054,piren,0.23132163678433007,-0.06304724966268194,-0.01737563476205942,-0.000947042974266952,-0.0014696065997021062,-0.000851085820284785
2025/05/21 11:26:44.452438462,1747819604,450258142,piren,0.22912306313933886,-0.1715550822207006,-0.0601639169869304,-0.0011417168012403005,-0.001282156951733224,0.0
2025/05/21 11:26:44.504697630,1747819604,501644689,piren,0.22741149953660708,-0.21681765392828595,-0.09188443916655492,0.00018011026151236705,-0.0009772332524696148,-0.0006502254428811653
2025/05/21 11:26:44.555544345,1747819604,553127507,piren,0.22624676628405094,-0.13835040717343325,-0.04712611285533632,-0.0012748071532750031,-0.0005311384331031617,0.0
2025/05/21 11:26:44.605956864,1747819604,603746107,piren,0.22529415823562554,-0.1849487149617564,-0.08526514372137176,-0.0003440375767075946,-0.00014572952611805273,-0.0005750145016366869
2025/05/21 11:26:44.654969151,1747819604,652997076,piren,0.22463109821470892,-0.044669524785399775,-0.018943311531541468,0.00012725487249445815,0.00022927659555071472,0.0
2025/05/21 11:26:44.705540038,1747819604,703229282,piren,0.22425849189788566,0.014228021191308546,0.0069838504011567335,-0.00013628006891520475,0.0006067773765123419,-0.0004986862368585784
2025/05/21 11:26:44.755960121,1747819604,754203484,piren,0.2238087085126304,-0.0966153607274722,-0.03898274737653723,0.0005004116698932811,0.0008514731809030219,0.0
2025/05/21 11:26:44.809305067,1747819604,806688623,piren,0.22361987122492977,-0.08720222710472326,-0.03559405348607901,0.0003948723531664818,0.0010812294114318506,-0.00035085555377128064
2025/05/21 11:26:44.877696924,1747819604,875065149,piren,0.22343249291604403,-0.04106659567708734,-0.01323481778100288,-0.0006517977171123542,0.0012637023211286085,0.0
2025/05/21 11:26:44.894415161,1747819604,891635380,piren,0.2247110446528742,-0.07207565507678881,-0.027925973446346217,0.0009883943028282931,0.0013634071625406008,0.0
2025/05/21 11:26:44.956773047,1747819604,951913981,piren,0.22500375574282408,-0.03335021048152545,-0.013851072304817974,0.00011229789977352282,0.0014485387509301454,-0.0009730576987790294
2025/05/21 11:26:45.4461485,1747819605,2325547,piren,0.22538297963603776,0.12379309992829475,0.050661612319454936,-0.00026994193554697203,0.0013761827287164792,-0.0001627373141945239
2025/05/21 11:26:45.41827812,1747819605,39279706,piren,0.2253663299673197,0.12110594672857984,0.05685230906759819,0.0015329328749567122,0.0010898344956364037,0.0
2025/05/21 11:26:45.106982914,1747819605,104467568,piren,0.22673074956867859,0.24051556485403158,0.08591842713516247,-0.0013250464096264054,0.0008124977600438567,-3.401916863467303e-05
2025/05/21 11:26:45.142423809,1747819605,140528142,piren,0.22649063579349504,0.07877963901711767,0.02448724810693618,0.00041476754362072105,0.00047844439270518723,0.0
2025/05/21 11:26:45.210631663,1747819605,206587085,piren,0.22632556577629506,-0.07588441073574698,-0.03620261742187283,0.0006965521611727683,0.00014600311903637228,0.00011814342162771362
2025/05/21 11:26:45.248358520,1747819605,244354416,piren,0.2263276528526194,-0.07700322237709889,-0.033743626400156934,-0.0006920732314836109,-0.00036634696033309883,0.0
2025/05/21 11:26:45.309118729,1747819605,306303388,piren,0.2259692557349864,-0.13749242139684426,-0.05788938398953829,0.0007595312792429518,-0.0006305181948031564,0.000484005548928345
2025/05/21 11:26:45.351282804,1747819605,345979003,piren,0.22538648253447308,-0.08962778955290908,-0.03675638933384055,-0.0006322027633396063,-0.0008332019143732536,0.0
2025/05/21 11:26:45.409126055,1747819605,407150166,piren,0.22535609792044806,-0.03958913349813062,-0.011776335202293872,-0.0008962831627580825,-0.0009469118817336303,0.0007039365344845083
2025/05/21 11:26:45.461999319,1747819605,459850844,piren,0.22508419563942883,-0.10096945880498417,-0.046741261722151144,0.0005214745242125489,-0.0013536472492764718,0.0
2025/05/21 11:26:45.494051908,1747819605,491477850,piren,0.22578036628926412,0.032458009440467867,0.014138827669178502,-0.0017800360046631865,-0.0012451292001526843,0.0
2025/05/21 11:26:45.541679709,1747819605,538808258,piren,0.22579316699093133,0.03309271961890983,0.012349909912227074,-0.00045010919621645354,-0.001112321199800254,0.006980748052060472
2025/05/21 11:26:45.606969561,1747819605,604799322,piren,0.2270197913519624,-0.09817081650485589,-0.04294246402919798,-0.0009295355010417468,-0.0008907921867154785,0.0
2025/05/21 11:26:45.651788997,1747819605,649559984,piren,0.22692636963395796,-0.02219250488689492,-0.008046251591970897,-0.0012581200859073064,-0.0006296299499944677,0.00612966308458559
2025/05/21 11:26:45.709868033,1747819605,706255516,piren,0.22726887532333456,0.017705462247274956,0.009960252409969892,0.0002821189619274398,-0.0003344443972119001,0.0017592163307515634
2025/05/21 11:26:45.745595427,1747819605,742891027,piren,0.22726691755741524,0.017587441607232385,0.010210866459639782,-0.001305154685717612,-2.7875541418568832e-05,0.0
2025/05/21 11:26:45.799915882,1747819605,793670543,piren,0.22819764195378575,0.06160607211866795,0.025375132781336854,-0.0015517095214398241,0.00032391557796215196,0.0
2025/05/21 11:26:45.847562508,1747819605,843600862,piren,0.22820714337569692,0.060162947615286774,0.028553261203819735,0.00015712842808707596,0.0003129095385655559,0.009102896015780416
2025/05/21 11:26:45.892476913,1747819605,888446766,piren,0.22952580776385023,0.04207718624635781,0.021349694142297326,-0.0009421707538786515,0.0006695295865690806,0.0
2025/05/21 11:26:45.952848799,1747819605,950536040,piren,0.23020689880775977,0.05294420396254815,0.022631607412254773,-0.0007861338225304065,0.0009539281688692227,0.012639440830244276
2025/05/21 11:26:46.4950098,1747819606,1332100,piren,0.2310515905842018,-0.033522791193883544,-0.013172014812760447,0.0004856736813112274,0.0011938073528154854,0.0027886221778523645
2025/05/21 11:26:46.56461614,1747819606,53277078,piren,0.2314242610663994,-0.011494855506388638,-0.003367235706938479,-0.00030563346366233913,0.0013588947958584811,0.0
2025/05/21 11:26:46.90659078,1747819606,87884134,piren,0.23142406743769411,-0.011336363072103159,-0.0038789782725441556,0.0017017197392401341,0.0014168313443673908,0.0
2025/05/21 11:26:46.156760876,1747819606,154890485,piren,0.23081296221539793,0.07169968891086266,0.036010213789183204,0.0008781553505972956,0.0013860236285818148,0.015035605556167474
2025/05/21 11:26:46.195019060,1747819606,192590961,piren,0.23146971189496246,0.17471836212460867,0.0694196754983714,0.000733496351693374,0.001264578708895202,0.0
2025/05/21 11:26:46.260710116,1747819606,257083566,piren,0.23021524789710282,0.11353912576806101,0.04942132361062098,0.001899755951746712,0.0010852106677316396,0.015559900985796881
2025/05/21 11:26:46.298991350,1747819606,294296581,piren,0.23012954466188615,0.12728358351504507,0.05177542944164851,0.0004318257514755837,0.0008858804564531823,0.0
2025/05/21 11:26:46.360509462,1747819606,358307821,piren,0.2294009906423103,0.08057166157632875,0.032776310144277815,0.0008882492439045364,0.0006919033238484585,0.016729645803749256
2025/05/21 11:26:46.410446692,1747819606,408294844,piren,0.22953580521245462,0.04030475955862699,0.019710702867561415,0.0011071801844812297,0.0003328765804817074,0.003763506917362314
2025/05/21 11:26:46.442760819,1747819606,440764447,piren,0.23173845317550332,0.13233020507176857,0.051396842759138944,-0.00017467068447088528,3.190775094708812e-05,0.0
2025/05/21 11:26:46.486307649,1747819606,484023068,piren,0.23327976276738116,0.06696865464017814,0.03031122001850444,0.001937853651622817,-0.00033380193956120347,0.0
2025/05/21 11:26:46.556160775,1747819606,554144745,piren,0.23229918875800598,0.12472178113202748,0.0573873836826398,0.0008127625494427759,-0.0006593303232763558,0.01633641234413274
2025/05/21 11:26:46.606663003,1747819606,604522754,piren,0.23249830729565296,0.17451669995603872,0.06703982375493488,0.000382821331391202,-0.0009181617326889009,0.0041351973982099695
2025/05/21 11:26:46.661238516,1747819606,658004668,piren,0.23239210491355838,0.07829865700748932,0.03565630645119343,0.0007021202443404597,-0.0012075156147335255,0.0
2025/05/21 11:26:46.708097343,1747819606,706266890,piren,0.2323088126325103,0.1334768732871388,0.04454783693326355,-0.0028634492622949433,-0.001303401619822439,0.004320430179250244
2025/05/21 11:26:46.761380556,1747819606,758498234,piren,0.2312090452192176,-0.03733085271988276,-0.01654679263952157,-0.0002247247198142961,-0.0013161777246912993,0.0
2025/05/21 11:26:46.796759004,1747819606,793551736,piren,0.230163127062618,-0.17808703579743704,-0.07835027237153193,0.0006827194190811286,-0.0013281412859576275,0.0
2025/05/21 11:26:46.861380988,1747819606,859008279,piren,0.22962946803712453,-0.15671298837736405,-0.06560528003162766,0.0006992363806389497,-0.0013038209073505795,0.019273946369703004
2025/05/21 11:26:46.893928110,1747819606,891848030,piren,0.2321856913025589,-0.13959226773174307,-0.057851664440632035,-0.0007920317645788055,-0.0011595546119844617,0.0
2025/05/21 11:26:46.941280355,1747819606,939099017,piren,0.23301477133464724,-0.10283600305449539,-0.04547562030982931,-0.00014462509165710108,-0.0008737341165250754,0.023628557513067375
2025/05/21 11:26:47.1955664,1747819607,99998,piren,0.2337122331218162,-0.006309954461655429,-0.0005505431751892205,-0.0017995357239800397,-0.000495661928041268,0.004198050607507392
2025/05/21 11:26:47.39933494,1747819607,36913929,piren,0.23470305205984915,-0.1113617131684554,-0.04547941520143114,-0.0010334381938656395,-0.00016618709393471476,0.0
2025/05/21 11:26:47.92370137,1747819607,88257858,piren,0.23519412498806044,-0.09219866572124759,-0.043032981545073096,0.0003999392929215177,0.0002192827506994534,0.0
2025/05/21 11:26:47.145257228,1747819607,142782667,piren,0.23347849324224818,0.04064791528021072,0.018967097790245586,0.0006755917675710632,0.0006281337906611302,0.01577304726089085
2025/05/21 11:26:47.196670929,1747819607,193426438,piren,0.2329940957455517,0.12416456353338345,0.0496754058085434,-0.0005022218306317628,0.0009724197904533101,0.0
2025/05/21 11:26:47.259056651,1747819607,256994132,piren,0.23272595284281186,0.0650006437062505,0.02768420680276427,-0.0003784551084904952,0.0011009948349815298,0.02136215708621708
2025/05/21 11:26:47.308488539,1747819607,306065273,piren,0.23372359957094985,0.027765236888265488,0.013764006678613326,-0.000138993152522891,0.001196758813888544,0.003964041838801915
2025/05/21 11:26:47.346354511,1747819607,343757348,piren,0.2345241812908871,0.009080266693003339,0.006654863077627287,-3.4520790892232295e-05,0.0012675896469256894,0.0
2025/05/21 11:26:47.411616875,1747819607,409134425,piren,0.23483705767890822,-0.009994029540820043,-0.0010479968523836036,-4.6033246068724226e-05,0.0011839518881937821,0.0038373731114033547
2025/05/21 11:26:47.445128155,1747819607,442956278,piren,0.2360084700702799,-0.020327311432717238,-0.004023699673640989,-0.0009454260055499304,0.0009935610396758212,0.0
2025/05/21 11:26:47.502056096,1747819607,499886487,piren,0.2368521511079983,-0.126642037560023,-0.06311982009218708,0.0002868343139000165,0.0007755883912151229,0.003934821187831189
2025/05/21 11:26:47.555270829,1747819607,549875130,piren,0.23691370925691252,0.027835222256762493,0.009910099370686131,0.0011264660961764613,0.00048094387343933427,0.0
2025/05/21 11:26:47.604334617,1747819607,601676532,piren,0.23703532078702216,0.12202804289367919,0.03785290950652469,-8.157899280324601e-05,0.0001940343984406684,0.0038686353294290978
2025/05/21 11:26:47.641090156,1747819607,638332000,piren,0.23703438916295327,0.11938607104855531,0.045509270538124647,4.372120044514605e-05,-0.00013235423213072195,0.0
2025/05/21 11:26:47.706130134,1747819607,704104361,piren,0.23593506875891057,0.031677821594175426,0.016095967003412176,0.00028267256251535323,-0.00040565429377052275,0.003927499233209861
2025/05/21 11:26:47.756156223,1747819607,754082305,piren,0.23497890250838996,0.12351997901812066,0.056960515775443296,0.0016486279783843886,-0.0006756212655530982,0.0
2025/05/21 11:26:47.807131968,1747819607,805027295,piren,0.23435066540639793,0.16740814819915784,0.05507041138427841,-0.00023941071842548828,-0.0008728642306234365,0.003984896651313608
2025/05/21 11:26:47.857455327,1747819607,855190322,piren,0.23360998566025315,-0.03413199629786483,-0.016178789508377457,0.00011171359901806497,-0.0009673838391936495,0.0
2025/05/21 11:26:47.907183675,1747819607,905653686,piren,0.2328738952987778,-0.15852377757896433,-0.08243323370403119,0.001267127725651589,-0.0010924505290506974,0.003907669407624378
2025/05/21 11:26:47.946475945,1747819607,943043502,piren,0.23278558028758037,-0.016597181727224075,-0.011997409074636926,0.00010592701878235844,-0.0011762668309710093,0.0
2025/05/21 11:26:48.9003154,1747819608,6171781,piren,0.23276317049806194,0.01736993242923937,0.004980098059673168,-0.000253692009382451,-0.00115786722233308,0.0038153800849752713
2025/05/21 11:26:48.61377033,1747819608,58995229,piren,0.23233520990770076,-0.1260301151812495,-0.04601265893240992,-0.0003420570129829754,-0.0010691379515073945,0.0
2025/05/21 11:26:48.111982787,1747819608,110053670,piren,0.2317554423881876,-0.20273680377335354,-0.10089240677887897,0.0013294108419499022,-0.0009215706653230248,0.0036449082131231082
2025/05/21 11:26:48.163632010,1747819608,160394059,piren,0.23144038102028375,-0.03781346959697325,-0.02039265685229026,0.0012854440914136344,-0.0007472278468033656,0.0
2025/05/21 11:26:48.198923894,1747819608,195057824,piren,0.2328581887156255,0.06955936050087844,0.027722832338848955,-0.0004755100190211218,-0.0004914848452949367,0.0
2025/05/21 11:26:48.247610643,1747819608,245680323,piren,0.23376695429219949,0.03750523265638449,0.01739415791762947,-0.0014589633311963882,-0.00011958836242977197,0.01907631443528671
2025/05/21 11:26:48.304981297,1747819608,302831600,piren,0.23474394047636615,-0.007337619069891416,0.001274438989560953,-0.00014514635192938125,0.00017408337368355635,0.0034565523201582874
2025/05/21 11:26:48.356284601,1747819608,353845029,piren,0.23543222323118113,-0.02007453584864366,-0.0014301108006534368,-0.00031680773939285906,0.00040934905589880635,0.0
2025/05/21 11:26:48.408575850,1747819608,405842431,piren,0.2361077629405622,-0.14398654769062885,-0.058429508894558745,-0.0001863959594067014,0.0006526396212305035,0.0033793502031549605
2025/05/21 11:26:48.459282160,1747819608,456457850,piren,0.23516111302912096,-0.09955902097003394,-0.045437108055124895,-1.0917352085803425e-05,0.0008174374141075177,0.0
2025/05/21 11:26:48.510575487,1747819608,508625546,piren,0.23475634861879463,0.04549888055199991,0.022835559755051704,-0.00011060124573215466,0.0009714158413674577,0.0033111305220027737
2025/05/21 11:26:48.560632518,1747819608,558197441,piren,0.2343772826403714,0.14440157315641383,0.04977480663332154,-0.0018984078489623511,0.0010946431959203962,0.0
2025/05/21 11:26:48.610102900,1747819608,608168247,piren,0.23418121977631273,-0.019646427961772836,-0.009068680142574375,-0.0019382708058322646,0.0011508347431059144,0.0032077576848210517
2025/05/21 11:26:48.647901183,1747819608,645584776,piren,0.2338038121325541,-0.12072056263205605,-0.052657876140432235,-0.00024943539399811793,0.0010707454940704984,0.0
2025/05/21 11:26:48.711080968,1747819608,709095648,piren,0.23386329494622715,-0.08138820186378079,-0.038307011298241135,0.001478069534546194,0.0009686563280162541,0.003089298085502476
2025/05/21 11:26:48.765335428,1747819608,760533940,piren,0.23385558138249632,0.04356461155839818,0.017812186762339276,1.6659908252110163e-05,0.0008466886466692797,0.0
2025/05/21 11:26:48.798414980,1747819608,796202390,piren,0.23512110657039476,0.022272537027465872,0.011461459492421673,-0.0013742193365606872,0.000731644894900654,0.0
2025/05/21 11:26:48.848933830,1747819608,845373461,piren,0.23556871634615262,0.026986284454768555,0.014834077960616728,-0.0012792819877527255,0.0004812431648777716,0.014745871439336108
2025/05/21 11:26:48.901482860,1747819608,898147684,piren,0.23561994689862556,0.03077262272973487,0.016558417538665958,9.185115152955419e-05,0.00027744694918016365,0.0
2025/05/21 11:26:48.951696072,1747819608,948736981,piren,0.23464943800642124,0.008353790945257122,0.006905162456044259,0.0002382154261913504,5.509658360788261e-05,0.016812033236189575
2025/05/21 11:26:48.998009344,1747819608,993727495,piren,0.23442122116995467,-0.11776410624172483,-0.04906345586392041,0.000970858683946015,-0.00016583536724050583,0.0
2025/05/21 11:26:49.46313410,1747819609,44181072,piren,0.2352318782806545,-0.08392357277457554,-0.03341463174025495,0.0011708401434296746,-0.00035930135637737723,0.012982779700865234
2025/05/21 11:26:49.88197921,1747819609,84824059,piren,0.2352331249544675,-0.08167090954351235,-0.038587299717942045,0.0014340234523880751,-0.0005372604996723307,0.0
2025/05/21 11:26:49.158858470,1747819609,155564391,piren,0.23525856264990647,0.1461058655252464,0.05912586723176602,-1.666919621097072e-05,-0.0007019923884626253,0.011875700136895958
2025/05/21 11:26:49.208442637,1747819609,205989496,piren,0.23495897688171075,0.09765381192765941,0.041355750928447,-5.079085730248003e-05,-0.0007893461748071495,0.0028115972428479383
2025/05/21 11:26:49.246787492,1747819609,241626328,piren,0.23509240294342354,0.0999895648706247,0.03443740599157859,-0.00016847799007819913,0.0007188689126560888,0.0
2025/05/21 11:26:49.310567982,1747819609,307536118,piren,0.22398733171767085,-0.14379458536549733,-0.06248185672348941,0.0014262321917024733,0.0008569121298702349,0.001228468479847171
2025/05/21 11:26:49.362723246,1747819609,360171774,piren,0.22669866396653232,-0.10063047056534316,-0.04161840949312189,0.0014968460067795147,0.000753699500658513,0.0
2025/05/21 11:26:49.398730026,1747819609,395675827,piren,0.22846667489787723,-0.06873669467551058,-0.031046054071362073,0.0013095137943708046,0.0006082061003039281,0.0
2025/05/21 11:26:49.450251008,1747819609,447219249,piren,0.2293931354661467,0.054164836176319495,0.023405485208803742,-0.00028354397885578466,0.00012339262679791693,0.002483518010892437
2025/05/21 11:26:49.492426995,1747819609,485185753,piren,0.2294111673303592,0.05519412806544184,0.020663526951478606,-0.0013488253028926432,8.669285300826676e-06,0.0
2025/05/21 11:26:49.581132544,1747819609,577846166,piren,0.230669647526197,-0.0934427493930278,-0.03250530437544741,-0.0001151067156207834,-0.00011470716271706516,0.002382641606906435
2025/05/21 11:26:49.600279627,1747819609,596715394,piren,0.2305466804022618,-0.16244789231418044,-0.06848867094097123,0.0014034063102909295,-0.00023227575398154226,0.0
2025/05/21 11:26:49.650156941,1747819609,647274860,piren,0.23049912289991675,-0.10214192922189869,-0.048848122310610816,0.0014841982628753065,-0.00030304182569595566,0.002028190640807817
2025/05/21 11:26:49.693723947,1747819609,691222264,piren,0.23050952023751986,0.05133479834629451,0.024475905346480333,-1.65914235298364e-05,-0.00037275561873783235,0.0
2025/05/21 11:26:49.761926805,1747819609,759160401,piren,0.22987574801981958,0.1690647050815413,0.0701157487211927,-0.0019190170434900185,-0.00037686090443010185,0.00022669898185624112
2025/05/21 11:26:49.797825374,1747819609,794973222,piren,0.22948987724083625,0.14283698200118516,0.052465121402735265,-0.002226045327852583,-0.00042581194646716626,0.0
2025/05/21 11:26:49.863931415,1747819609,861618388,piren,0.22899513837526528,0.0105659938797132,0.0037950439276753173,-0.0017153774611900687,-0.00044979374594044926,-0.0013247102443007803
2025/05/21 11:26:49.900036557,1747819609,896471448,piren,0.23006432952927763,-0.093782606242331,-0.038147971776559625,-5.190007535734113e-05,-0.00043721461462618177,-0.0007476725294381923
2025/05/21 11:26:49.957569998,1747819609,952993632,piren,0.2306327778395521,-0.08831595033531967,-0.04086186503872533,0.0015951385848353475,-0.00039746114362310884,0.0
2025/05/21 11:26:49.990167752,1747819609,987478926,piren,0.23068775189102195,0.04184850756281759,0.021125868323798543,9.695772126909844e-05,-0.0003484094171771873,0.0
2025/05/21 11:26:50.39298061,1747819610,37465470,piren,0.23073723936529822,0.1474915257871127,0.06164375524173454,-0.0014121382205117014,-0.00023860047676216878,-0.005138040562479128
2025/05/21 11:26:50.92678534,1747819610,86880181,piren,0.23073801513737618,0.14752070811118242,0.06157097869996531,-0.0012609700472619551,-0.00013883601962892098,0.0
2025/05/21 11:26:50.141544206,1747819610,139237115,piren,0.22998327322447393,0.07402727059324167,0.040443945311557775,-0.0005153877570719845,-3.8711074860025584e-05,-0.006025126085485908
2025/05/21 11:26:50.190862589,1747819610,187474302,piren,0.2292378837154127,0.16405175103490105,0.07595763558699217,0.0007740437435493733,4.1622589166686116e-05,0.0
2025/05/21 11:26:50.258592852,1747819610,255757534,piren,0.22819957298157073,0.1644067533582594,0.07074886059484659,0.0001529103234285495,8.572275925462067e-05,-0.00711197322618076
2025/05/21 11:26:50.293952831,1747819610,290606868,piren,0.22817861589394212,0.09599908444789053,0.04367218567410987,-0.000836806356297232,0.00011527194781932455,0.0
2025/05/21 11:26:50.343922666,1747819610,341567279,piren,0.2259025016874381,0.04916865452456222,0.02819078307543725,0.001041589241131583,0.00028178407837787286,-0.009595897046742543
2025/05/21 11:26:50.409997090,1747819610,407357731,piren,0.22432929013789574,0.11864637740707186,0.05024151854879972,0.0007045174068720667,0.0005621338108156645,-0.002045931318289408
2025/05/21 11:26:50.445719560,1747819610,444030633,piren,0.2243264412801559,0.1197243372959483,0.04762913261135133,1.8481705611012312e-05,0.0008535538039312161,0.0
2025/05/21 11:26:50.498402858,1747819610,496780887,piren,0.22034553771611678,-0.07327496873409983,-0.023703514806401774,-0.0004712394809928255,0.0011055630528606093,0.0
2025/05/21 11:26:50.550458079,1747819610,548843784,piren,0.21924138514537594,-0.17142874762531427,-0.06226246855189432,0.0007858093110688995,0.001154173499492173,-0.012771148797101395
2025/05/21 11:26:50.612741886,1747819610,610033988,piren,0.21894247869717626,-0.2095439011531137,-0.08799493015347053,0.0006676178319833161,0.0011385665871442698,-0.0026234517145973368
2025/05/21 11:26:50.671571188,1747819610,666393550,piren,0.21803190088773883,-0.14132338781898515,-0.05851263789592151,-0.0002584503348951644,0.0005329939720676915,0.0
2025/05/21 11:26:50.705189303,1747819610,702069920,piren,0.2202095027423346,-0.08054294637010645,-0.03134807237572883,-0.00016425101331014224,0.00046485772857111874,-0.002427812184176692
2025/05/21 11:26:50.740580290,1747819610,737644135,piren,0.22014976264948194,-0.04163292189263737,-0.011098045932289458,4.51743337274411e-05,0.0005038913775989188,0.0
2025/05/21 11:26:50.806908424,1747819610,804676338,piren,0.21961952385745231,-0.13065986264205365,-0.0630194351852572,0.002080214999870406,0.00042356427530419673,-0.001971275940983592
2025/05/21 11:26:50.841491327,1747819610,839024816,piren,0.21962175864348607,-0.13065332091791212,-0.0630252095557533,0.0020082082679421043,0.0003105794832536389,0.0
2025/05/21 11:26:50.893062707,1747819610,891152088,piren,0.21903483234711496,0.11963479399701793,0.0565046068780696,0.001078593550799261,0.00015473629914497628,0.0
2025/05/21 11:26:50.944267585,1747819610,942409685,piren,0.2185501708064386,0.19599810828041864,0.06868990002698558,-0.0023605819148825014,1.7222872498060622e-05,-0.01110155234174591
2025/05/21 11:26:51.7621923,1747819611,5479203,piren,0.21783657178006083,0.03473375230390795,0.009923259144552967,0.0003363215554782171,-0.00014446159406252085,-0.0021505254209464647
2025/05/21 11:26:51.60535678,1747819611,57798240,piren,0.21617732856377822,-0.10889322007712007,-0.040966933261397304,0.00011959266152221154,-0.0003033551402137269,0.0
2025/05/21 11:26:51.95772906,1747819611,93925661,piren,0.21470764464240294,-0.19238007830542928,-0.08120561899445426,0.0013022814904939516,-0.00039957509564346054,0.0
2025/05/21 11:26:51.148027135,1747819611,146082997,piren,0.21449792660482497,-0.14446890745102942,-0.0684619763042052,0.0013595295696740158,-0.0005037525404784089,-0.01058963448138356
2025/05/21 11:26:51.212626780,1747819611,210310824,piren,0.21401346644379662,0.0020459947687976876,0.0018018380369222249,0.0004144316803295274,-0.0005833310400805844,-0.002017919320762478
2025/05/21 11:26:51.249830408,1747819611,247195085,piren,0.21367679970313735,0.11605356199087322,0.05816144186740277,-0.001096532353467866,-0.0006401901266343059,0.0
2025/05/21 11:26:51.312141786,1747819611,310060731,piren,0.2137646547263189,0.2124246129659079,0.07503472012606925,-0.0027172319763910124,-0.0006492271132830489,-0.0020230978387297993
2025/05/21 11:26:51.349999308,1747819611,346681096,piren,0.2136135339498716,0.0363796404406823,0.012737934351153168,-0.002026486528427153,-0.0006518879676801291,0.0
2025/05/21 11:26:51.416989769,1747819611,413314446,piren,0.21364901479186046,-0.086428447907381,-0.03557484267082764,-0.0004326773558356991,-0.0006098932056571802,-0.0020165632381291534
2025/05/21 11:26:51.450858535,1747819611,448854061,piren,0.213330726765472,-0.06370552095888246,-0.026447681277019144,0.0007942793228111711,-0.0005495013454281023,0.0
2025/05/21 11:26:51.505826848,1747819611,503631283,piren,0.21491893203081597,0.0522433008127125,0.028290669961151496,-7.996295213130722e-05,-0.0004482947504321537,-0.0022474163970685633
2025/05/21 11:26:51.541775265,1747819611,539402722,piren,0.21576522205669876,0.10823835575015707,0.057428728040591334,-0.0007129403421904428,2.717277579847482e-05,0.0
2025/05/21 11:26:51.606008472,1747819611,604071634,piren,0.212378347186218,0.18088818564578044,0.07905396822504249,-0.001606012401717023,0.0002108259023190867,-0.0024520895459201222
2025/05/21 11:26:51.643187536,1747819611,641156589,piren,0.21385630577677012,0.10833887550566118,0.051404342511471905,-0.0015125197611735369,0.00024431879569211564,0.0
2025/05/21 11:26:51.707508746,1747819611,704935690,piren,0.2149277740614151,0.05928896861172428,0.027968276644702313,-0.001498588502046219,0.0002742512717954768,-0.00262954007631742
2025/05/21 11:26:51.744041557,1747819611,741794250,piren,0.21501596958081748,-0.09609006849576521,-0.03209863702401218,-0.0012145014106823358,0.0002745823376467064,0.0
2025/05/21 11:26:51.807277558,1747819611,805351090,piren,0.21510355696127093,-0.13894122945995682,-0.05421623428030129,-0.0005517832752530413,0.00027307351076634716,-0.0027031645845267092
2025/05/21 11:26:51.847153329,1747819611,842295787,piren,0.21425819250974884,-0.08355333760037129,-0.032934065074427525,0.001233682889742262,0.00022590929594813223,0.0
2025/05/21 11:26:51.909780929,1747819611,907630067,piren,0.2133598046797749,0.03237538383411612,0.016076381201449164,0.00013845560370440415,0.00018050400337201063,-0.002708857444401773
2025/05/21 11:26:51.947360978,1747819611,944784125,piren,0.21240988677931535,-0.11339433879563063,-0.04494051879085114,0.000626072833306155,9.212333887890362e-05,0.0
2025/05/21 11:26:51.996026346,1747819611,992046526,piren,0.21163409634083905,-0.0863924972866496,-0.03790118852892184,0.00025438583630960505,1.8210121017854646e-05,0.0
2025/05/21 11:26:52.50178713,1747819612,47081108,piren,0.21051622375485957,0.05867033539505634,0.025677350716687312,0.00044572371343765794,-4.024746514036342e-05,-0.01282183246420407
2025/05/21 11:26:52.135270289,1747819612,132093473,piren,0.20893557493233297,0.004757533342319001,0.006563256922918096,0.0014370606270528816,-0.00013245692090395735,-0.0027537980216882393
2025/05/21 11:26:52.160911723,1747819612,156949204,piren,0.20659573426028882,-0.023856416977371953,-0.005242131721479136,0.0003267796506916838,-0.00021346076220111782,0.0
2025/05/21 11:26:52.199133481,1747819612,195537093,piren,0.20733726087090018,0.09781849891433808,0.05109523956091906,0.0010229407336899753,-0.00028839492447123245,0.0
2025/05/21 11:26:52.253066051,1747819612,250858979,piren,0.2074893677363959,0.16515167143616405,0.07416727320053197,0.0019136285836816192,-0.0003439620089489491,-0.015581228070134116
2025/05/21 11:26:52.290779442,1747819612,288223298,piren,0.2071531184919725,0.12132980587819528,0.05503248986973494,0.0006595897486286073,-0.00042622392060389394,0.0
2025/05/21 11:26:52.343589646,1747819612,341936768,piren,0.20723866426654025,0.05155649740363556,0.027558655114170928,0.0008792250696988297,-0.0001218492457405868,-0.01581040700097658
2025/05/21 11:26:52.408876527,1747819612,405142092,piren,0.20263184453688493,-5.016293194198829e-05,0.00807477635066245,0.0016633765433318954,-0.00011516962691164018,-0.0035498954657812417
2025/05/21 11:26:52.444909867,1747819612,441726003,piren,0.2028237717513755,0.07581442310705726,0.036645337773601246,0.0008590780237712667,-0.0002607092510836537,0.0
2025/05/21 11:26:52.491743291,1747819612,489434912,piren,0.20282257027481226,0.0735680388852439,0.040974852784962636,0.0015794342979843568,-0.0003866848688265456,0.0
2025/05/21 11:26:52.545933294,1747819612,543869768,piren,0.20370662115249255,0.1377256530749958,0.06107772319877886,-0.00048184443253532135,-0.0004971666566474683,-0.019340204751723423
2025/05/21 11:26:52.610465829,1747819612,608047190,piren,0.20338815880514932,0.050807700289729016,0.023476860621137685,-0.001394270882107062,-0.0005725419109404586,-0.004107881718686247
2025/05/21 11:26:52.647771841,1747819612,645860767,piren,0.20230001616298907,-0.11614978548255941,-0.05205409361510848,0.0011121186581704127,-0.00040178010766271963,0.0
2025/05/21 11:26:52.696192361,1747819612,693388768,piren,0.20124299814291727,-0.019277167778630686,-0.003555271099697531,-0.0013049614460882058,-0.0004551081281874619,0.0
2025/05/21 11:26:52.752412054,1747819612,749014940,piren,0.2021591956764468,-0.16746856699614449,-0.05740765632864903,-0.0021092571270859913,-0.0005100348691838939,-0.0232983848795388
2025/05/21 11:26:52.812753620,1747819612,810612790,piren,0.20193530335750046,-0.2476144237022916,-0.08575502488542497,-0.0021705371078866126,-0.0005265324260488713,-0.0045493134908133614
2025/05/21 11:26:52.849360259,1747819612,847018369,piren,0.20061927618167003,-0.2771715547380076,-0.13444656626025628,-0.0006696604348514671,-0.000546730861885428,0.0
2025/05/21 11:26:52.913984824,1747819612,911849834,piren,0.19975413157251806,-0.08089429448551783,-0.03725935847112461,0.0006994421122022048,-0.0005301649808973733,-0.004865902554724595
2025/05/21 11:26:52.950852661,1747819612,948789467,piren,0.20007338669163804,0.031968928259644314,0.013505165231314422,-0.0010500935249590233,-0.00045397939057827315,0.0
2025/05/21 11:26:53.15518033,1747819613,13551057,piren,0.2003044199983945,-0.11533901318263862,-0.04264540470427903,-0.0021208477136153312,-0.0003617603426722509,-0.004994503161488776
2025/05/21 11:26:53.53561682,1747819613,51120082,piren,0.20149282128540888,-0.13650368399866117,-0.062485379618280934,-0.0007984194467283496,-0.000274715387801989,0.0
2025/05/21 11:26:53.108482881,1747819613,106633029,piren,0.20188071567874266,0.021435940289047634,0.01386733652902625,0.0010547362387200777,-0.00017329950376390038,-0.005083616384378416
2025/05/21 11:26:53.147419349,1747819613,144493543,piren,0.20123584776297188,0.10169193209690432,0.04628709492908117,-0.00018935676420686482,-9.323504177538153e-05,0.0
2025/05/21 11:26:53.215567118,1747819613,213304702,piren,0.20044294522751455,0.04472675288005003,0.02643495594209028,-0.0013164478771877514,5.533556206585396e-05,-0.005174016838211519
2025/05/21 11:26:53.256420797,1747819613,253933868,piren,0.19916773929991885,0.022084278914400277,0.0205130906639051,-0.00017760603057573025,0.0009143763278345699,0.0
2025/05/21 11:26:53.295308875,1747819613,293094146,piren,0.19902154433044794,0.1185648234884761,0.05608390574343899,-0.00041420172661772465,0.0009176928987525676,0.0
2025/05/21 11:26:53.352308785,1747819613,350070958,piren,0.19984623923541106,0.05912531474227482,0.032830453317047266,0.00028294778615079304,0.0008243277166697736,-0.03244116401852082
2025/05/21 11:26:53.392064272,1747819613,388515671,piren,0.1990494450516765,0.0110996502720377,0.013743385456003105,-0.0001562470715716589,0.0006996166452720308,0.0
2025/05/21 11:26:53.445894453,1747819613,443733635,piren,0.19925178611957528,-0.05640646683376061,-0.014099124445472953,0.0006361426875171393,0.0004853831384935723,-0.031053697787982403
2025/05/21 11:26:53.508250850,1747819613,505413193,piren,0.19807749101155755,-0.057732679451603416,-0.014284815284270712,0.0006537448467558639,0.0002638133541622645,-0.006969681728930289
2025/05/21 11:26:53.545527178,1747819613,543048995,piren,0.19567651377426126,-0.060395776742657004,-0.015541165675034087,0.0004886280110874249,1.5862379849228153e-05,0.0
2025/05/21 11:26:53.611191290,1747819613,608257611,piren,0.19391568555172503,-0.05734454657173178,-0.01422910018754747,0.0008328922575961157,-0.0002216125471254808,-0.007206540161178473
2025/05/21 11:26:53.649512384,1747819613,646915174,piren,0.19372837660303724,-0.05727692473803865,-0.01513492074957233,-0.0003347631698769248,-0.0002174039144540905,0.0
2025/05/21 11:26:53.693608760,1747819613,691162230,piren,0.1937324513712936,-0.05821157636640798,-0.01093368635905679,0.0007065148690860951,-0.0004324035241813983,0.0
2025/05/21 11:26:53.751575696,1747819613,748072008,piren,0.1932673205591336,-0.23367745539982548,-0.10994454919690065,0.0029512220239972637,-0.0006957443835492792,-0.0361432634943377
2025/05/21 11:26:53.796745594,1747819613,794003500,piren,0.1932780247112242,-0.23232850937066796,-0.11274876120687506,0.0011877073951089279,-0.0008736906763832149,0.0
2025/05/21 11:26:53.852555347,1747819613,850264490,piren,0.19046337715415929,0.08605703994091662,0.035139196232841,0.0007355272251255529,-0.0009604200692398614,-0.0379553669911112
2025/05/21 11:26:53.898244102,1747819613,895118913,piren,0.1886180408530484,0.045965910676461705,0.025694582991108193,0.0010514482285762605,-0.001025643713641393,0.0
2025/05/21 11:26:53.953395156,1747819613,951482328,piren,0.18819516273025183,0.13679996342932865,0.05560443910466494,-0.000850451087101286,-0.0009928076113933425,-0.04428848850526182
2025/05/21 11:26:53.994938510,1747819613,991461499,piren,0.18778036392634742,0.03708383769957985,0.019354082659461473,-0.00029686200086917973,-0.000902044457990808,0.0
2025/05/21 11:26:54.50174605,1747819614,47873062,piren,0.18813152591260682,-0.009390827742791208,0.002787722790688378,-0.00014718816947562348,-0.0007863014595681644,-0.03709174717979748
2025/05/21 11:26:54.112078200,1747819614,109068822,piren,0.18702447023260985,-0.09980324243881668,-0.03838974050565001,0.0012227675083902696,-0.0006216369341850624,-0.008803914340669043
2025/05/21 11:26:54.152145865,1747819614,147062125,piren,0.18534137367387488,-0.03940223268063325,-0.00984422529414751,-0.0005130508216508369,-0.00044436298123581695,0.0
2025/05/21 11:26:54.211835863,1747819614,210092932,piren,0.18448007426798618,-0.030264482923316786,-0.006209242153932893,-2.2711799915946557e-05,-0.00021588332525493745,-0.008952643635493076
2025/05/21 11:26:54.251611702,1747819614,249396517,piren,0.18508108535136036,0.054576789889163216,0.026841123379789895,-0.0012842920399890084,-1.2780206944411346e-05,0.0
2025/05/21 11:26:54.315031023,1747819614,312747909,piren,0.18716219277904256,-0.04563557909274454,-0.010661696468691884,-0.0014677881952062564,7.11789042445615e-05,-0.009074276342539173
2025/05/21 11:26:54.355181349,1747819614,352304109,piren,0.18548186429493999,-0.14606004587186017,-0.04776894692916608,-0.0007769519369505405,0.0005670941161750666,0.0
2025/05/21 11:26:54.418998688,1747819614,415033884,piren,0.18435386617041508,-0.2078210747147472,-0.09046539223429577,4.37180913210253e-05,0.001016919124360646,-0.009362268470371712
2025/05/21 11:26:54.460697059,1747819614,454703891,piren,0.18325610539409734,-0.09525522351943334,-0.04364217301531106,6.699421136156022e-06,0.0014474424072894686,0.0
2025/05/21 11:26:54.496621196,1747819614,494278137,piren,0.18364241228126893,0.05793382112033904,0.029535062305713018,-0.0002530258574113645,0.001755272660897562,0.0
2025/05/21 11:26:54.555616241,1747819614,552910083,piren,0.18339563080075877,0.16066215335651338,0.06845993528515834,-0.002040259706677272,0.001923667339961848,-0.05295186134574929
2025/05/21 11:26:54.595619584,1747819614,593467578,piren,0.18237581378801485,0.1258088357461462,0.04744902308390197,-0.002418867593808651,0.0020578494319201503,0.0
2025/05/21 11:26:54.656227453,1747819614,653575956,piren,0.18274426943048153,-0.020706304367020104,-0.005865788707521669,-0.0008435177320293283,0.0020916521726398254,-0.054180045323125245
2025/05/21 11:26:54.697737465,1747819614,693180443,piren,0.18073279429534675,-0.1304693133875534,-0.05457764057077282,0.00014302184647565412,0.002017265356374021,0.0
2025/05/21 11:26:54.754544566,1747819614,752216128,piren,0.18155607876558444,-0.0857359629553617,-0.039486007178750455,0.0003050659711408154,0.0018233920210667478,-0.05347779476339315
2025/05/21 11:26:54.812681348,1747819614,810688337,piren,0.18010249025337416,0.05990869214070186,0.029832148765082157,0.00029879215619835415,0.0015151248076930087,-0.010565465524655293
2025/05/21 11:26:54.851603008,1747819614,849502631,piren,0.17797916833219776,0.15955289188212687,0.0557828470832907,-0.0013254619880658698,0.00048011883271988385,0.0
2025/05/21 11:26:54.915108839,1747819614,913030082,piren,0.1778543089232475,-0.00600026233155003,-0.0033901731059401852,-0.00025411976491759744,0.00012111517581451271,-0.010080029304540878
2025/05/21 11:26:54.955492098,1747819614,953528868,piren,0.17819858808794195,-0.004570225683303092,0.0008909498844137638,0.00016785234854233854,-0.0001607451860769249,0.0
2025/05/21 11:26:54.995529417,1747819614,993117585,piren,0.17993510049437658,-0.0992910203600455,-0.043362895127368656,0.0014875095641568449,-0.00046253892941878447,0.0
2025/05/21 11:26:55.52621161,1747819615,50730544,piren,0.18117080073781414,-0.002265950159707583,0.0022807059627815837,0.0005523481467299579,-0.0007508065691704659,-0.055109673897285445
2025/05/21 11:26:55.95883721,1747819615,90439983,piren,0.17988681709010898,-0.0031671131692700416,0.004008604205859127,0.0006488682633657285,-0.0010049277238180624,0.0
2025/05/21 11:26:55.152101701,1747819615,149972558,piren,0.18066389927287757,-0.00395788592501696,0.004925522584098426,0.0015051453217140118,-0.0011997887296442294,-0.05077664401456919
2025/05/21 11:26:55.192998338,1747819615,190995716,piren,0.1786205852820662,-0.0016493990566955746,0.006707726964694127,0.0013545142650883666,-0.0012769795914100437,0.0
2025/05/21 11:26:55.253596578,1747819615,250752633,piren,0.1790255230988109,0.0223653357752074,0.018877863793950452,0.0016249523571936196,-0.0015921029728555175,-0.05613780823337921
2025/05/21 11:26:55.295460307,1747819615,292362062,piren,0.1796283643811159,0.11971507106203735,0.05517126470815603,0.00015787224424511823,-0.001900948723683285,0.0
2025/05/21 11:26:55.355073692,1747819615,352904843,piren,0.18099923011040403,0.07552921325669508,0.04269493465752296,0.0014153600360943318,-0.0019936027114536626,-0.05511620000179779
2025/05/21 11:26:55.415800973,1747819615,412021097,piren,0.17792139111226057,0.1442057444125275,0.0729179111380564,0.0015521268916641705,-0.0015984915829306025,-0.009722668191135429
2025/05/21 11:26:55.454198167,1747819615,451418186,piren,0.17299583091165402,0.18627828128237628,0.07332498771566104,4.301100446605938e-05,-0.0008622768579801307,0.0
2025/05/21 11:26:55.516393335,1747819615,514443653,piren,0.16926619596657788,0.0436455243432708,0.021467966512457384,-0.0005199568908902756,-8.810111307402325e-05,-0.00999233156529045
2025/05/21 11:26:55.557481037,1747819615,555310067,piren,0.16899541220305536,0.002222517875804131,0.006137944352519741,0.0005289806230024658,5.112580457991897e-05,0.0
2025/05/21 11:26:55.600951055,1747819615,596437559,piren,0.17039592254753766,-0.030932183088493374,-0.008519586428120361,0.0013566496710764294,0.000808094424751789,0.0
2025/05/21 11:26:55.660167037,1747819615,656699595,piren,0.170080307502186,0.05521357293950154,0.027484872793872482,-0.0020727354134947255,0.0016130904192474468,-0.047731541187677834
2025/05/21 11:26:55.698687283,1747819615,696573493,piren,0.17002364302284245,0.032545823460684534,0.016034510510317575,-0.0009367166618187989,0.0022775324956064383,0.0
2025/05/21 11:26:55.761846542,1747819615,758254342,piren,0.17199712926605915,-0.12173581599944042,-0.04873001348555972,7.768064052650597e-05,0.0027217982360605558,-0.05201267714054434
2025/05/21 11:26:55.806903819,1747819615,804224090,piren,0.17060112350626883,-0.11163261980516002,-0.042031070840453204,-0.0009794204698908683,0.0030914546329227958,0.0
2025/05/21 11:26:55.851432537,1747819615,847731524,piren,0.171924584186961,-0.1103392391631225,-0.03396946290653828,-0.0013721237118959262,0.0031744028598145275,-0.049801537319256656
2025/05/21 11:26:55.899068699,1747819615,896405883,piren,0.1716064593054697,-0.2009635683121634,-0.07134628572741407,-0.00266461940034795,0.003162438091021971,0.0
2025/05/21 11:26:55.967360291,1747819615,959514419,piren,0.1730663158725157,-0.22626649128662707,-0.09534611939135237,-0.0015021197187047846,0.0029935642292222716,-0.052432650168516455
2025/05/21 11:26:56.23825856,1747819616,19642199,piren,0.17282123176436065,-0.13914999280719337,-0.05461992146217382,1.9717928928270677e-05,0.0026087368605285967,-0.011861968663024502
2025/05/21 11:26:56.46433075,1747819616,43775103,piren,0.17144736082917733,-0.09781117714110917,-0.036210200273410625,0.00012525293417624885,0.002067676555025714,0.0
2025/05/21 11:26:56.112794054,1747819616,110723905,piren,0.17094043982303989,-0.06976444395368364,-0.02450442512724709,-0.0011867656309452696,0.0014156102454513935,-0.010996716761777131
2025/05/21 11:26:56.153775580,1747819616,151554258,piren,0.17293711179259424,-0.030632761520645833,-0.009245046481414169,-0.0010757380005960843,0.00030894389299428756,0.0
2025/05/21 11:26:56.195702399,1747819616,193345102,piren,0.17933794157069102,0.11881919333627848,0.050199224048912125,-0.0013049985388076729,-0.0005539450666103526,0.0
2025/05/21 11:26:56.255998719,1747819616,253732476,piren,0.17743098411077696,0.07913133406668034,0.03057213035909275,-0.0012459454819533852,-0.0012009311747572663,-0.055815061871809464
2025/05/21 11:26:56.298977899,1747819616,295621599,piren,0.17430046791750434,-0.06024980253768818,-0.02034871259851394,-0.0010623588084781627,-0.0017916281213848494,0.0
2025/05/21 11:26:56.357493713,1747819616,355428169,piren,0.17420839792866058,-0.14051783406742585,-0.06859541227401415,0.0010153632122160302,-0.002061020525413859,-0.055200581433981266
2025/05/21 11:26:56.400736016,1747819616,396193772,piren,0.17100637583868422,0.0199721004996095,0.00959782541378051,0.001492045044683914,-0.0024736620244446158,0.0
2025/05/21 11:26:56.460975210,1747819616,457995389,piren,0.1707907724999247,0.12446877257492489,0.04357398339923067,0.00016852475983724624,-0.002740598331706598,-0.05730629810464834
2025/05/21 11:26:56.502785351,1747819616,500429892,piren,0.16851692022241002,-0.03865178603450489,-0.015800304557760613,-0.00012075633929805692,-0.0028331719136313557,0.0
2025/05/21 11:26:56.565325047,1747819616,560989334,piren,0.16884294907485847,-0.02826239934405446,-0.007074374680488205,0.00026867792204543847,-0.0027904479774279573,-0.058475189556241064
2025/05/21 11:26:56.606343738,1747819616,602752428,piren,0.1679234554521747,-0.011531430731214855,0.0026268812116294797,0.0020103906139532384,-0.002590358032865921,-0.012830643344687025
2025/05/21 11:26:56.645548209,1747819616,643346480,piren,0.16602642704298617,0.09193954302244287,0.03918303454362926,0.0005838584399717723,-0.002240039635848191,0.0
2025/05/21 11:26:56.691870902,1747819616,689581589,piren,0.1649882776987765,-0.059657148211600695,-0.01754100592190925,3.2880892281257775e-05,-0.0017845163536879792,0.0
2025/05/21 11:26:56.752018070,1747819616,749904910,piren,0.1663301111199602,-0.08383149951968681,-0.032694704834094986,0.0015647359707108624,-0.001059663846586977,-0.05963020822995128
2025/05/21 11:26:56.813868064,1747819616,811594418,piren,0.16431778269792333,0.06265366582037378,0.028435127105802937,0.0003618752336936157,-0.0005197312719006232,-0.011666786079712199
2025/05/21 11:26:56.856668338,1747819616,852245105,piren,0.16251639739891116,-0.07193625697903758,-0.024506744533602107,0.0005233772264315409,-1.246550575935088e-06,0.0
2025/05/21 11:26:56.898395261,1747819616,893994815,piren,0.16143979779103607,-0.03991160105172074,-0.0099240115069909,0.0012973134242255878,0.0005479534431513946,0.0
2025/05/21 11:26:56.956122209,1747819616,954327857,piren,0.16280271720477502,0.08260233308476861,0.04171064439954059,0.0017522084638871148,0.0010219302018152697,-0.06299423576825047
2025/05/21 11:26:57.238908,1747819616,996894577,piren,0.16195131221918552,0.035585860848227784,0.024754271709192303,0.001365957206534258,0.0014097266538506147,0.0
2025/05/21 11:26:57.61295074,1747819617,58887018,piren,0.16376419709723355,-0.008934386704149498,0.008252773699500815,0.00016065137727910945,0.0017455486383061729,-0.06050740432722469
2025/05/21 11:26:57.101776248,1747819617,99665318,piren,0.16252827133792483,-0.05963086372535588,-0.012683109472537658,0.0005238071419643847,0.0019201569865400848,0.0
2025/05/21 11:26:57.145524545,1747819617,143384263,piren,0.164952794661608,-0.048723467411336686,-0.00740138652658792,-0.0003095638117306711,0.001966882621069504,-0.05659401782982279
2025/05/21 11:26:57.197765037,1747819617,193689915,piren,0.16474949786755158,-0.04147278879789783,-0.006681934603803081,0.0010872102788936763,0.0018709108657040767,0.0
2025/05/21 11:26:57.264786713,1747819617,257145923,piren,0.16554208422779843,0.06962707705106813,0.044144000496958165,0.00014290846821774078,0.001613239658900714,-0.059203186233529485
2025/05/21 11:26:57.303037363,1747819617,300307631,piren,0.1649014953085694,0.15460608952425028,0.06162159341186403,-0.0019071835173730268,0.0012458596239536266,0.0
2025/05/21 11:26:57.364403779,1747819617,361042479,piren,0.16625352794625836,-0.01985105723016712,-0.0015655981025567709,-0.0021389740879171437,0.0014128233575629635,-0.06472963246354378
2025/05/21 11:26:57.405624806,1747819617,403575399,piren,0.16401204024764626,-0.12787866660506492,-0.048740844785857024,-0.001343919559337798,0.0008032168831425353,0.0
2025/05/21 11:26:57.467276432,1747819617,464850981,piren,0.16559940294436568,-0.08571413051995423,-0.03244650745881516,-9.093294278661365e-06,8.594062000516569e-05,-0.06682027431293372
2025/05/21 11:26:57.509029453,1747819617,507089672,piren,0.163929800746705,0.02823349351512104,0.019264445180309522,-0.0010728657714056322,-0.0006147111500364005,0.0
2025/05/21 11:26:57.572799804,1747819617,567962791,piren,0.16464916287903691,-0.008425516154416945,0.006677760366659203,-0.0015565758220795606,-0.0012814034043568694,-0.06740781206988067
2025/05/21 11:26:57.614095069,1747819617,612360696,piren,0.1634498284503916,-0.05835318800974394,-0.015591932169534951,-0.0005767409995117964,-0.0018881672830585539,-0.014653450367929617
2025/05/21 11:26:57.655923512,1747819617,653541049,piren,0.16134801998589599,0.020406888339554237,0.019185355769928608,-0.0009301709614632256,-0.0021661190130459517,0.0
2025/05/21 11:26:57.697321776,1747819617,695516588,piren,0.15970335794407722,-0.030230307354648052,0.0015496840447726153,-0.0014315346881580559,-0.002541522764884706,0.0
2025/05/21 11:26:57.759748026,1747819617,757480252,piren,0.16252196851370268,-0.14072995919358494,-0.050164294156739425,-0.0014456192488017882,-0.002820562948960044,-0.06829157420632212
2025/05/21 11:26:57.802252971,1747819617,800182066,piren,0.1613929132320037,-0.08535635890980946,-0.029286707028243476,0.0006253739516960696,-0.002975045425454355,0.0
2025/05/21 11:26:57.863829157,1747819617,861575626,piren,0.1620046843795369,0.046621950063729725,0.02936924142842609,-3.880724965157943e-05,-0.002720184547784618,-0.07161144452319297
2025/05/21 11:26:57.905902063,1747819617,903352202,piren,0.15910203107541077,0.019536339239679276,0.020701836623248832,-0.0002448056950721701,-0.0025556851419341158,0.0
2025/05/21 11:26:57.949163428,1747819617,946853914,piren,0.16120809332447505,0.00620645454899911,0.016780958225234354,0.0004018205022596485,-0.0022964797131527783,-0.07156400522183151
2025/05/21 11:26:58.11289474,1747819618,9015974,piren,0.16005523025295867,-0.00879018900683698,0.011399418475552186,0.000730117909882335,-0.0019134684017573919,-0.01337985766159674
2025/05/21 11:26:58.53856470,1747819618,51641625,piren,0.15680081069041168,-0.013438727003928605,0.010418957249051399,-0.0004199728059564602,-0.0011860614533078426,0.0
2025/05/21 11:26:58.95753398,1747819618,93740050,piren,0.15401368647396338,-0.09920067664759838,-0.02137717429682893,-0.00035255499640230223,-0.0006526695795285846,0.0
2025/05/21 11:26:58.157610114,1747819618,155801402,piren,0.1566328440283069,-0.17421965991041793,-0.06531601778171224,0.0008424525269748287,-0.00017099417273526446,-0.07306928519435628
2025/05/21 11:26:58.200323724,1747819618,198254237,piren,0.15502841390818514,-0.08036861119276147,-0.020588695452846396,0.00163106981613292,0.0003243204956543916,0.0
2025/05/21 11:26:58.262991164,1747819618,259926303,piren,0.15628561650131106,-0.0592817049649766,-0.012725301742895928,0.001228133242986576,0.0007943500262517323,-0.0725849246255065
2025/05/21 11:26:58.305020929,1747819618,302593472,piren,0.15411828924828988,0.009709585316192773,0.018767212010838242,0.0014388636371011573,0.0011939583137505073,0.0
2025/05/21 11:26:58.348477009,1747819618,346774627,piren,0.1543337424341602,0.11963609494312666,0.0651366047065437,0.00034215303653044993,0.0017991775053472448,-0.07311486350619788
2025/05/21 11:26:58.420349197,1747819618,416857319,piren,0.15128662298131748,0.1391013939258227,0.06696554948990634,0.0006118002610821891,0.0019987783249347116,-0.014251319301463767
2025/05/21 11:26:58.463768492,1747819618,461468458,piren,0.14837948598808137,0.06180276968990449,0.03556003830198839,0.0005836624328989515,0.0020192205932781215,0.0
2025/05/21 11:26:58.509351187,1747819618,506224357,piren,0.147951886626478,-0.023111970734270085,0.0013728472130935415,0.002697034268466495,0.0019269072840552865,-0.01647861538783477
2025/05/21 11:26:58.552663057,1747819618,550822140,piren,0.15080507502021995,0.06057827205062783,0.035741768940712626,3.2265383253855406e-05,0.0017421747580925202,0.0
2025/05/21 11:26:58.597238466,1747819618,594955226,piren,0.1525369127567395,0.022380192548011074,0.02022131796128085,-0.0014247797965025461,0.001457212342224635,0.0
2025/05/21 11:26:58.661492248,1747819618,659021044,piren,0.15347938029398794,-0.0526278885240271,-0.007970403636288124,-0.0008773570438281626,0.001317615489585526,-0.07428577691930573
2025/05/21 11:26:58.704055983,1747819618,701917733,piren,0.1508563393822434,-0.14077950988151944,-0.04269433108698762,-0.0003256059141665064,0.0008515420505788237,0.0
2025/05/21 11:26:58.770733907,1747819618,766616328,piren,0.1525694917577862,-0.17514531200177097,-0.07436977346281358,0.0009698523714722187,-0.00018276432596874665,-0.07481293678893002
2025/05/21 11:26:58.814185796,1747819618,811963466,piren,0.15574577004992426,-0.024248911162199897,-0.0037486660358023545,0.0001553015606426274,-0.001726726783211619,-0.013026424969805243
2025/05/21 11:26:58.856585537,1747819618,854449631,piren,0.1545854951888027,0.08213703583797083,0.045619511073170395,-0.0006897661553697214,-0.0024292806836326724,0.0
2025/05/21 11:26:58.901995543,1747819618,899944044,piren,0.1534480399835363,0.1281206426476788,0.0612501219867566,-0.0016240703273208365,-0.0024873761948947695,-0.012320207277687026
2025/05/21 11:26:58.944838962,1747819618,942681984,piren,0.15058622938069083,0.0697048694597154,0.03925468126882994,-0.0011479251199134086,-0.002226305271256319,0.0
2025/05/21 11:26:58.993931958,1747819618,989721935,piren,0.15058462171295944,0.07003550431750058,0.03866796019401186,7.802669631628057e-05,-0.0018332375115087513,0.0
2025/05/21 11:26:59.57076917,1747819619,54937685,piren,0.14726343797815844,-0.035204048472750694,-0.0012934053601309603,0.00013436847873450752,-0.0014509898994469216,-0.06481650083148668
2025/05/21 11:26:59.100316813,1747819619,97608070,piren,0.14419178821441297,-0.06789305750792331,-0.01485062385448658,-0.0010940924836007092,-0.0008494507762436956,0.0
2025/05/21 11:26:59.164999412,1747819619,163073047,piren,0.14402310575391342,-0.06213990213081532,-0.016421057474250655,-0.0008751039649815472,-0.00016336993929955143,-0.061359495858213944
2025/05/21 11:26:59.210018457,1747819619,207666451,piren,0.14161603957368213,0.061086499184943556,0.03510139508219749,-0.000913869353984022,0.0004903534449886318,-0.01227397404105047
2025/05/21 11:26:59.253025493,1747819619,251102037,piren,0.13881035678275438,0.019244249249896712,0.017550397876945328,-0.0009479546599552934,0.0011065679273495688,0.0
2025/05/21 11:26:59.301499284,1747819619,296133403,piren,0.13749749878385384,-0.12863884509149176,-0.03700498921417445,-0.0007330046270046096,0.001632644859676275,0.0
2025/05/21 11:26:59.343097428,1747819619,340600349,piren,0.14095668118985544,-0.21046648560850928,-0.09560892962982054,0.0012764991525220453,0.0020279517775316203,-0.06331877202982246
2025/05/21 11:26:59.410992009,1747819619,409191027,piren,0.1414761574431634,-0.04836826788227035,-0.017693033323511565,0.0014537967796594278,0.002283263597900058,-0.012353147931425359
2025/05/21 11:26:59.454692824,1747819619,452639332,piren,0.14017787208401983,0.056883000131518834,0.03398496107413421,-0.00010507907338090967,0.002435993414525996,0.0
2025/05/21 11:26:59.501621128,1747819619,497141024,piren,0.1398193955965602,0.15167174385631677,0.058617700354584024,-0.001832454524016258,0.002445023667333655,0.0
2025/05/21 11:26:59.544008703,1747819619,541593828,piren,0.14258891716027303,-0.01699370968404796,-0.0009553190132234224,-0.0006050378744889414,0.0022726912043721575,-0.05869901150269781
2025/05/21 11:26:59.615700871,1747819619,613334346,piren,0.1422106622556399,-0.13906513660390069,-0.04315361682082353,0.0004271364677325001,0.001997206268081465,-0.012153334574091179
2025/05/21 11:26:59.660307872,1747819619,658086119,piren,0.1399701652688708,-0.21766594945562934,-0.0919344741798071,0.003208428120470524,0.0015823474512246377,0.0
2025/05/21 11:26:59.706524477,1747819619,702516228,piren,0.1387260505961484,-0.1081717765393503,-0.04419788420874529,0.0019928729196623998,0.001075988219387596,0.0
2025/05/21 11:26:59.750871749,1747819619,748737538,piren,0.14072616979737934,0.027554291906117433,0.021930751569999796,0.00043903001855814,0.00016601657309993147,-0.0655866995876977
2025/05/21 11:26:59.818690137,1747819619,815727692,piren,0.14445304408352425,0.14071889931811923,0.05640930984252872,-0.0014492446629507376,-0.0006797103427919888,-0.011534821552127211
2025/05/21 11:26:59.863066806,1747819619,860977877,piren,0.13945537098981217,-0.016930828409381878,0.0008855077477471431,-0.00023034997437841652,-0.0010820421937745635,0.0
2025/05/21 11:26:59.908018369,1747819619,906284532,piren,0.13614613101000742,-0.13550925847231704,-0.03922693355789403,0.0011452292481516347,-0.0014213794110994923,0.0
2025/05/21 11:26:59.955788817,1747819619,952145044,piren,0.1375368800191723,-0.21718046839117688,-0.0969381628435406,0.0028539723311143874,-0.0016885939810543033,-0.0594465372261626
2025/05/21 11:27:00.926790,1747819619,997996158,piren,0.13586649580868218,-0.05698644378652838,-0.019295315866091723,0.0013532054592510579,-0.0018566228077021415,0.0
2025/05/21 11:27:00.67140093,1747819620,64320151,piren,0.1368622093673355,0.06375679922652297,0.04079960525627482,-0.00039972814620410315,-0.001880493859231313,-0.06212184254704766
2025/05/21 11:27:00.112191813,1747819620,109963946,piren,0.13623531510371856,0.16260177994047798,0.07713086006991558,-0.0012508243213489188,-0.0018095658712582291,-0.01335680599611435
2025/05/21 11:27:00.156083661,1747819620,153606234,piren,0.13484464082257946,0.10387934786490749,0.05533597023617657,-4.871483187855205e-05,-0.0016093353992061089,0.0
2025/05/21 11:27:00.201403337,1747819620,199178649,piren,0.13367777934912548,0.04426566030204766,0.029928168086698435,-0.0003079197885175228,-0.0013317290000214787,0.0
2025/05/21 11:27:00.245799565,1747819620,243707531,piren,0.13607565747434847,-0.11738422084157568,-0.034304539975360836,-0.0007462238312132639,-0.0009892293942001973,-0.060901162869978154
2025/05/21 11:27:00.317291113,1747819620,315078728,piren,0.13514333941513457,-0.13166758140014378,-0.04064459826810363,-0.0008180080481491151,-0.0005873999979353493,-0.011341110519777362
2025/05/21 11:27:00.362043878,1747819620,359943590,piren,0.13316281212403286,-0.10006655786174239,-0.024825825653724615,-0.001071077964421639,-0.000131543800185526,0.0
2025/05/21 11:27:00.407569115,1747819620,404933027,piren,0.1321685257285607,-0.08897792182128526,-0.022231873772902012,-0.00038499232768839667,0.00027876995253432095,0.0
2025/05/21 11:27:00.452293529,1747819620,449895620,piren,0.13443245256343417,-0.02555199326037469,0.00523520664342021,0.0011557668576783306,0.000648260583056526,-0.05892028734350578
2025/05/21 11:27:00.514890956,1747819620,512391783,piren,0.13389695562247966,0.06663792475630229,0.04208596828076516,-0.0003863545839587125,0.0009658183554901082,-0.011370945272320823
2025/05/21 11:27:00.560136824,1747819620,557733287,piren,0.1326436420027608,0.023071232149077497,0.02401946558404528,-0.0013886752645695716,0.0012516844626852613,0.0
2025/05/21 11:27:00.604091325,1747819620,602353111,piren,0.13201633379886055,-0.05532800906929573,-0.012065366663172847,-0.00026718806362725854,0.0014449308812191919,0.0
2025/05/21 11:27:00.670310634,1747819620,668473570,piren,0.13396826519207986,0.0631659641437757,0.039558018519204735,-0.00020309727695985358,0.0015467551154236695,-0.06000609867026082
2025/05/21 11:27:00.694992235,1747819620,692474641,piren,0.13469675737247444,0.07214129476906242,0.04036739803309778,-0.00026124819053151483,0.0015252121113974839,0.0
2025/05/21 11:27:00.761908132,1747819620,759341847,piren,0.1371743005442947,-0.01646012173445751,0.005269498685157685,0.0014549153607382103,0.0013849355539378688,-0.05882522726730725
2025/05/21 11:27:00.808339046,1747819620,805454114,piren,0.13635193498299092,0.05936160415184415,0.036336186472698075,-0.0008297877557312156,0.0011831053512586507,-0.011261728181060146
2025/05/21 11:27:00.851459165,1747819620,849816706,piren,0.13447726028685775,0.023519027731561205,0.022649943307835374,-0.001071029786451196,0.0011905581798390555,0.0
2025/05/21 11:27:00.897362821,1747819620,894904605,piren,0.13282386606827218,0.005493401928486935,0.015613023262305334,0.0005764096858491464,0.0007997016590606513,0.0
2025/05/21 11:27:00.964732094,1747819620,962292709,piren,0.1346187136106504,-0.027431298518700478,0.0023898148365047315,0.0006872954426100123,0.0003230995306305717,-0.06040197191060969
2025/05/21 11:27:01.11605863,1747819621,8003506,piren,0.13339166876446967,-0.048102581141958256,-0.0033209947797180218,-0.0004698418602300887,-0.0001547509878763309,-0.011580612603843722
2025/05/21 11:27:01.59083664,1747819621,55775371,piren,0.13094972924495724,-0.16154751683794658,-0.05794908264095755,1.316057912950079e-05,-0.0006518114173265225,0.0
2025/05/21 11:27:01.108059228,1747819621,100956642,piren,0.1290662024129161,-0.11352122592310278,-0.04318461551188613,0.0016126871546614228,-0.001101281558022359,0.0
2025/05/21 11:27:01.151700520,1747819621,149478748,piren,0.1307728724633102,0.016800688168623193,0.016099298840016964,0.0013648142262239617,-0.0014680715238538872,-0.061935573849360936
2025/05/21 11:27:01.200040747,1747819621,195338774,piren,0.12992246935479376,-0.03194519654730297,-9.631880245182913e-05,-0.00011737713283483017,-0.0017486956924190214,0.0
2025/05/21 11:27:01.265624196,1747819621,263133783,piren,0.13086751890929846,-0.14534509003040413,-0.05810331816210133,0.0007002304617410537,-0.0019361554219941611,-0.06059193800537316
2025/05/21 11:27:01.311041117,1747819621,308734179,piren,0.12819301886890688,-0.03763444437356504,-0.007893325803276018,0.002166024702856033,-0.002019031413875774,-0.011088614717079651
2025/05/21 11:27:01.359309420,1747819621,355679179,piren,0.12479410662865263,0.06050329431184064,0.03627192830535767,0.0006213701717279302,-0.0019416713425386876,0.0
2025/05/21 11:27:01.406663726,1747819621,401375837,piren,0.12244783465714593,0.0623481254651408,0.03684876559106642,0.00023930291984419004,-0.0017742740758411194,0.0
2025/05/21 11:27:01.473501178,1747819621,471060514,piren,0.12383776282223512,-0.0030561566734983447,0.012326006697351,0.00043165258126495363,-0.001500514731782454,-0.062132639658945235
2025/05/21 11:27:01.497645740,1747819621,495508768,piren,0.12297295865690615,-0.02830315420032354,0.003682563116343789,-0.00013009689621579638,-0.0011457424253723959,0.0
2025/05/21 11:27:01.544364402,1747819621,541745856,piren,0.12455234401522024,-0.06969188812910304,-0.018079075589044927,0.00044665792896822905,-0.0004887295850916464,-0.06102619402371928
2025/05/21 11:27:01.613277658,1747819621,611089424,piren,0.1231166785282935,0.04481717328483636,0.03408023545514849,0.0014430902420983181,-0.00010060683310294318,-0.011562919244495092
2025/05/21 11:27:01.659645983,1747819621,656898442,piren,0.12084418395756208,0.10657471736682529,0.047473451062757036,-0.0003972209277266215,0.00031021075810313425,0.0
2025/05/21 11:27:01.706153650,1747819621,702687958,piren,0.11964269860806097,-0.08342794757563927,-0.022065240243757424,-0.0019703229876220692,0.0006859599647913964,0.0
2025/05/21 11:27:01.752380784,1747819621,750021236,piren,0.12161821935147832,-0.1584888326305283,-0.06804399495921297,-0.0003109763299905102,0.000985121489575053,-0.04864979442799543
2025/05/21 11:27:01.799323852,1747819621,797016626,piren,0.12074548475012045,-0.010059254142589819,0.003855249379585926,0.001044399590083779,0.001220799704088927,0.0
2025/05/21 11:27:01.867859228,1747819621,865509280,piren,0.12147013606966395,0.0706455884239428,0.03305843845808836,-0.0007575718787967066,0.0013840331664526774,-0.061435069032516526
2025/05/21 11:27:01.914940824,1747819621,912483682,piren,0.12034187795391882,-0.10284025297333671,-0.029136053686149858,-0.002251485833899795,0.0014613482408667314,-0.011667754517901974
2025/05/21 11:27:01.961097640,1747819621,958577740,piren,0.11799562069373737,-0.18369647623802704,-0.08218191974155603,-0.0005823582850774458,0.001406245833511004,0.0
2025/05/21 11:27:02.6918081,1747819622,4541279,piren,0.11684310230692022,-0.020062460887880686,-0.0016416912077163517,0.0008642313750429575,0.0012715384993721196,0.0
2025/05/21 11:27:02.55014916,1747819622,50704118,piren,0.11877345622196925,0.06726138969239209,0.031954451032529425,-0.0007921086157734673,0.0016868951667260343,-0.06099500630667318
2025/05/21 11:27:02.100469688,1747819622,98177386,piren,0.11689091251640783,-0.09949526633534982,-0.027351218371369446,-0.002148952340186306,0.0013821211276968007,0.0
2025/05/21 11:27:02.168189965,1747819622,166033793,piren,0.11960924522318842,-0.17613613203878953,-0.07756157828708135,-0.0003401325330942336,0.0009019609769372567,-0.06743690756698352
2025/05/21 11:27:02.195506383,1747819622,192387030,piren,0.11928635480838268,-0.012009344853803644,0.0033190298459097544,0.0011830645277878097,0.00037976464879861926,0.0
2025/05/21 11:27:02.253795274,1747819622,251001920,piren,0.12039310217257401,0.07962912011013384,0.037025243734725086,-0.0004309038045998093,0.00022828791344922634,-0.06530019954859416
2025/05/21 11:27:02.300937551,1747819622,297676986,piren,0.11516130631079587,-0.08811549034789631,-0.02210611907155011,-0.0016697223768337305,-0.00018750426475445578,0.0
2025/05/21 11:27:02.349533703,1747819622,347422819,piren,0.11779228058462947,-0.1671733146201067,-0.0716749850518518,0.00023647170000296754,-0.000750679027928452,-0.05626617358596946
2025/05/21 11:27:02.396912427,1747819622,393952608,piren,0.11666060967408262,-0.003629424873369494,0.0088400870054264,0.0018540661745108978,-0.0012552288267953014,0.0
2025/05/21 11:27:02.466610799,1747819622,464145694,piren,0.11698194230720799,0.08693946982755457,0.04123603098147819,0.00028613778061270376,-0.0016405129731724812,-0.0704271012815994
2025/05/21 11:27:02.515362638,1747819622,511507900,piren,0.11483708379055654,-0.08224209775048827,-0.018717914926823058,-0.0011594025066101214,-0.0019272920197091414,-0.013374855270010732
2025/05/21 11:27:02.562400598,1747819622,559706469,piren,0.11107672580930414,-0.161587347539158,-0.06664344931651645,0.0013124065031431015,-0.002111707658408773,0.0
2025/05/21 11:27:02.607634617,1747819622,605916146,piren,0.10862242926262636,-0.004551462149587009,0.01045353270100951,0.000107466138206688,-0.002151342610534744,0.0
2025/05/21 11:27:02.655852641,1747819622,654039572,piren,0.11077619258031238,-0.12707998000675924,-0.03537605092701254,-0.0009476428873189433,-0.0020603870092457763,-0.07141221312721986
2025/05/21 11:27:02.703050865,1747819622,701257569,piren,0.10947599507132239,-0.16006602374816095,-0.04913658975523479,4.0899341639939655e-05,-0.001842472412790178,0.0
2025/05/21 11:27:02.751641223,1747819622,748204059,piren,0.11074462849437634,-0.13455573581595048,-0.038211558778976994,2.104249318870732e-05,-0.0015372789822899477,-0.06811152360577999
2025/05/21 11:27:02.799665560,1747819622,797163605,piren,0.10862579727808634,-0.08774969945493616,-0.013639863062541857,0.00025202241269228125,-0.0011514125521470341,0.0
2025/05/21 11:27:02.869578405,1747819622,866662187,piren,0.10937932738276608,-0.1141518012725886,-0.027280613179966714,0.0013810651111637964,-0.0009839280019996925,-0.06861201245437526
2025/05/21 11:27:02.917161413,1747819622,915317355,piren,0.10742291890006124,-0.07637792921062896,-0.015885310988796114,0.0021342278331973447,-0.0004477216621158286,-0.012896255522315185
2025/05/21 11:27:02.965000166,1747819622,962861686,piren,0.10348119977901131,0.057776694927737564,0.042006304221001704,0.00012184774276314094,0.00035395276091887835,0.0
2025/05/21 11:27:03.12106442,1747819623,9823317,piren,0.10131965594958375,0.044619204571239274,0.04134997761429788,0.00042643874514454466,0.0008669869582390141,-0.01370594476775438
2025/05/21 11:27:03.60878986,1747819623,58499743,piren,0.10321410702698003,0.14927961399523798,0.07801115605648572,-0.00037037312268595955,0.0005636920717886824,0.0
2025/05/21 11:27:03.107768751,1747819623,105251177,piren,0.10630085177199686,0.09619947138522195,0.057171940368980295,-0.0007190722618224228,0.0009827752966908765,0.0
2025/05/21 11:27:03.156630799,1747819623,153508747,piren,0.10620786664412232,0.061194538405546645,0.03822075844221548,-0.0010940441163218302,0.0013616055169387695,-0.06970296174566906
2025/05/21 11:27:03.206050375,1747819623,202112400,piren,0.1051316266406046,-0.08314778786794938,-0.02072392429225267,9.766113775779435e-05,0.0016443368707937218,-0.015141405899641754
2025/05/21 11:27:03.251414385,1747819623,249284850,piren,0.1032802559082208,-0.07082827022962049,-0.01822938255863723,0.0016777794769986948,0.001798453179890502,0.0
2025/05/21 11:27:03.299294600,1747819623,296902314,piren,0.10268764182343046,0.03317362646378401,0.030168358349975628,-0.0005153623021050203,0.0018365976543447844,0.0
2025/05/21 11:27:03.350408662,1747819623,344849262,piren,0.10496036919355978,0.12442263010759541,0.07226033145135831,-0.000754943085864932,0.0017674267672680424,-0.06165405246781828
2025/05/21 11:27:03.395546812,1747819623,392778930,piren,0.10466555145821493,0.18027988847795864,0.09418774209010804,0.0008003083501995625,0.001570870596326895,0.0
2025/05/21 11:27:03.444898544,1747819623,442945733,piren,0.10619429640327031,0.18574176797589234,0.0756491255252942,-0.0010155140985572096,0.0015276263245437534,-0.05668637562547208
2025/05/21 11:27:03.494694408,1747819623,492703451,piren,0.10506201430407992,-0.011099201150353032,0.0044340391049423385,-0.0016001263156175877,0.00115245531869055,0.0
2025/05/21 11:27:03.567096005,1747819623,565070488,piren,0.10643956171017323,-0.03418278058569619,-0.003519477206327426,-0.0003740956716362953,0.0006825020640712901,-0.06852026895110323
2025/05/21 11:27:03.613499611,1747819623,609367081,piren,0.10458689409487633,0.00718020131011813,0.015849363554662828,-0.000267272127580031,0.0001867947505961838,-0.013247035733545723
2025/05/21 11:27:03.662544183,1747819623,660381519,piren,0.10200196442915983,0.010191462471192375,0.017803247341217972,-0.00046301886915531726,-0.00031166221659197324,0.0
2025/05/21 11:27:03.710786862,1747819623,707951705,piren,0.10056824287448064,-0.044428911934205395,-0.003621711703639402,-0.0010777671969565898,-0.00077431916977206,0.0
2025/05/21 11:27:03.761722488,1747819623,758107480,piren,0.1028415144058621,-0.07163407035531189,-0.014890634096590614,-0.0006366401392285787,-0.0011428770443602295,-0.0686423215625392
2025/05/21 11:27:03.809495049,1747819623,807282974,piren,0.10230719551679476,-0.07021324759089682,-0.016184568386431987,0.00037695394328405,-0.0014173077593772603,-0.015420331530761378
2025/05/21 11:27:03.857317852,1747819623,855048720,piren,0.1003444969802148,-0.013175208967603068,0.009347994425636295,-0.00036526897744185334,-0.0021681243798584156,0.0
2025/05/21 11:27:03.906345431,1747819623,904381213,piren,0.10033257600642526,-0.03949967218364947,-0.003338335666849424,0.0010952612296968184,-0.002255431556309683,-0.012295930867141614
2025/05/21 11:27:03.955542019,1747819623,953134140,piren,0.10074199712089375,0.048546928939075085,0.03172992112704296,0.0009882896316885982,-0.002049849929983125,0.0
2025/05/21 11:27:04.4357099,1747819624,2502618,piren,0.10110590339473476,-0.032952270191106386,7.3193292035960805e-06,0.0011320010807644501,-0.0017443308520502649,0.0
2025/05/21 11:27:04.56800423,1747819624,54619561,piren,0.10126539264212052,-0.06636084550385156,-0.009722699239431113,-0.00022331067925485346,-0.0013434241306206985,-0.06647408080266391
2025/05/21 11:27:04.106169923,1747819624,104338732,piren,0.09866458793125685,-0.1652696476129013,-0.06795724742500228,0.0015261013219245985,-0.0008804729699493233,0.0
2025/05/21 11:27:04.155148426,1747819624,153148613,piren,0.09867665565538573,-0.02796297697198275,-0.0014332370819696055,0.000839925584219603,-0.0003760960496531184,-0.06705223401891493
2025/05/21 11:27:04.203670197,1747819624,201843469,piren,0.09650034829105349,-0.057590070154016335,-0.011529441502299453,0.0011789359033745376,0.0001417219137527882,0.0
2025/05/21 11:27:04.254559694,1747819624,251284974,piren,0.09715574778127453,-0.0706233916173463,-0.017104817629307108,0.0008647143686744665,0.0005632253937491834,-0.06576917315276742
2025/05/21 11:27:04.303323677,1747819624,301439785,piren,0.09593517393438634,-0.040642049457972056,-0.005014740461192269,0.002022468549112009,0.001032705461474947,-0.014836022155056304
2025/05/21 11:27:04.354338780,1747819624,350490967,piren,0.09393112698736898,0.049413736929634015,0.031208875082158753,0.0007532754898699861,0.001418727274222869,0.0
2025/05/21 11:27:04.400518616,1747819624,398619200,piren,0.09321054898552432,-0.031055165935098404,-0.0002899847999220913,0.00019917544982548958,0.0017046426965670702,0.0
2025/05/21 11:27:04.452179016,1747819624,448951747,piren,0.09547757201398284,-0.04862958454730382,-0.006631758854025027,0.00030003810933777064,0.0018675552417672867,-0.06462994973119149
2025/05/21 11:27:04.503510772,1747819624,500295713,piren,0.09481488168592872,-0.06313500478335324,-0.008504952345266499,-0.0010863176302030857,0.0019224005905462732,0.0
2025/05/21 11:27:04.552650424,1747819624,549136947,piren,0.09707562300560482,-0.17254446486037373,-0.06208634903481477,-0.000630170375312825,0.0018195737577530358,-0.06785639051450977
2025/05/21 11:27:04.603919970,1747819624,600330759,piren,0.09574996977207859,-0.12808241255810798,-0.04124998334083147,-3.3125566560984216e-05,0.0016231958471585965,0.0
2025/05/21 11:27:04.652699759,1747819624,650839419,piren,0.09725684881482256,-0.10542116010873422,-0.030425089827591845,-0.0002782345763507011,0.0013165205921367464,-0.0665378906710666
2025/05/21 11:27:04.703108679,1747819624,700966279,piren,0.09575959772071806,-0.09975356584829528,-0.022996292577249347,-0.002001305602826448,0.000943422827694132,0.0
2025/05/21 11:27:04.755241118,1747819624,751319652,piren,0.09745097209283825,-0.1675024627027069,-0.07205294400323414,-0.0005686484401659064,0.0005474164363633946,-0.06458706346801832
2025/05/21 11:27:04.804769603,1747819624,802231012,piren,0.09573560335500428,-0.0008605215588705292,0.007093981898089929,0.0002303289055835904,0.00010574242579589197,0.0
2025/05/21 11:27:04.856945123,1747819624,853869080,piren,0.09642085596456937,0.09754178844283129,0.04328655655038345,-0.0018225346400048174,-0.0006440447057705693,-0.06054159794626247
2025/05/21 11:27:04.905059436,1747819624,903070320,piren,0.09851288727991768,-0.018444093572990535,-0.0006318315376737625,0.0001832472245503075,-0.0013092346439136204,0.0
2025/05/21 11:27:04.958923942,1747819624,955854163,piren,0.09818340361795756,0.07855419388736584,0.03498210391907748,-0.0010923723055154724,-0.0015552748297489134,-0.06176013250780369
2025/05/21 11:27:05.7911347,1747819625,5879415,piren,0.09640059056147839,-0.07741418952306026,-0.027278225100087157,-0.0009750239497370842,-0.0015736660243753846,-0.011730734079505804
2025/05/21 11:27:05.60054514,1747819625,57892486,piren,0.09264786833809673,-0.030072749519976273,-0.0025389598624421124,-0.000681944979577128,-0.0013942587311301863,0.0
2025/05/21 11:27:05.111462693,1747819625,109340686,piren,0.08986600318363536,-0.03390070953400841,-0.0006990628754644547,0.00010635141500778554,-0.001230437419675842,-0.01114947554752453
2025/05/21 11:27:05.161856274,1747819625,159919784,piren,0.0913303434221761,-0.07208166504746091,-0.015536024202816778,0.0005741465613751647,-0.0010310165428092668,0.0
2025/05/21 11:27:05.212557120,1747819625,210517580,piren,0.09237155294832591,-0.07130889673397307,-0.014125214872443745,0.000729617034761401,-0.0007370508378236474,-0.011651374480583458
2025/05/21 11:27:05.263675201,1747819625,261060658,piren,0.09284658808222035,-0.0675280757452883,-0.016503576529863142,0.001100537583011074,-0.000723032930197944,0.0
2025/05/21 11:27:05.314981554,1747819625,311358166,piren,0.09403584419864904,0.052352658370195246,0.03490377704660897,-0.0004205017409023038,-0.00038296224303377077,-0.011412204691292472
2025/05/21 11:27:05.364083322,1747819625,362174709,piren,0.09340403925417314,0.028037125892729685,0.025906126185074096,0.00017524622410295085,5.177200972563047e-05,0.0
2025/05/21 11:27:05.416773864,1747819625,412652865,piren,0.09294833299340496,0.004176673735512011,0.016677450881994037,0.0010196146388125858,0.0004355090822623939,-0.011482377639699937
2025/05/21 11:27:05.465782017,1747819625,462797385,piren,0.09225131750629856,-0.02178254053988139,0.006228687425820942,0.000251305271559551,0.0005326628355258602,0.0
2025/05/21 11:27:05.515938701,1747819625,513818406,piren,0.09253579541603084,-0.0274213845277086,0.0025344014576415565,0.0019252196639497933,0.0008209803444132642,-0.01121052831981022
2025/05/21 11:27:05.567217650,1747819625,563757411,piren,0.09147565789502735,0.06837119299316904,0.04078494830539665,0.0012210893110450275,0.001105541036848196,0.0
2025/05/21 11:27:05.615315256,1747819625,613546961,piren,0.09088319493458032,0.025801877501501543,0.023317696284065992,0.00020463009783134917,0.0013284578093605151,-0.01099410782557666
2025/05/21 11:27:05.666414442,1747819625,664393929,piren,0.09084097756994149,-0.036805231960822964,-0.004187786202748471,0.0011618121595365725,0.0014246066285147877,0.0
2025/05/21 11:27:05.695577083,1747819625,691075831,piren,0.09112700972120408,0.06438189013784897,0.04188584049940987,0.0011010573598559416,0.0014282858910629223,0.0
2025/05/21 11:27:05.744404694,1747819625,742160349,piren,0.09091955792419285,0.06912620854535594,0.034040925248967346,-0.0005285075914876329,0.0013553038613621166,-0.05727211363879943
2025/05/21 11:27:05.795737814,1747819625,792569060,piren,0.08826832819132055,-0.19142594812876867,-0.061509317175848635,-7.612064956506303e-05,0.001193679062963725,0.0
2025/05/21 11:27:05.847736383,1747819625,844740359,piren,0.08996342195970378,-0.24157238657598307,-0.07768597569304127,-0.0005351023079366428,0.0005919832642986844,-0.05630209026264312
2025/05/21 11:27:05.897965230,1747819625,895799066,piren,0.08918759099234545,-0.27179470078400303,-0.10473363503220663,0.0008361742123274502,0.0003489081449617114,0.0
2025/05/21 11:27:05.948997879,1747819625,946737607,piren,0.08983757274809662,-0.18893459826912082,-0.06735764280577543,0.0008501289258617567,6.789259034355862e-06,-0.05475388011912913
2025/05/21 11:27:05.999376836,1747819625,997453064,piren,0.08828169501319287,-0.1280474118550441,-0.039934195432144,0.0006956213164957856,-0.00022990798155073442,0.0
2025/05/21 11:27:06.54610745,1747819626,49821940,piren,0.08897671110210224,-0.08360986191197739,-0.023545389198358815,-7.865642912273655e-05,-0.00043708417833293866,-0.045421474819113926
2025/05/21 11:27:06.102470476,1747819626,100359073,piren,0.08762858473766647,0.015100802458476843,0.02058825185318724,-0.00035164273310086326,-0.0006148592993134661,0.0
2025/05/21 11:27:06.157180942,1747819626,153844091,piren,0.0889047690794634,0.01669365986456279,0.022437031724952552,-0.0009638221077157607,-0.0007595738465287551,-0.04376438314088371
2025/05/21 11:27:06.208966595,1747819626,206187083,piren,0.08840777698007699,0.0232582102763331,0.02475201573378992,-5.900257915330951e-05,-0.0008618121764716049,-0.01035666128602826
2025/05/21 11:27:06.263304237,1747819626,258817191,piren,0.0867592074502936,-0.03352203604871017,0.0016259461352162315,0.00016609351585186749,-0.0009085654705705375,0.0
2025/05/21 11:27:06.313161439,1747819626,311187448,piren,0.08587937661843488,-0.02937557163549185,0.003866129727377362,0.00012929142571234463,-0.0009235706642412089,-0.010372500646712565
2025/05/21 11:27:06.365480417,1747819626,363018248,piren,0.08739486816946657,-0.026167941331549323,0.004046701570003638,0.0009761179477592906,-0.0012382378763492444,0.0
2025/05/21 11:27:06.416360736,1747819626,414264490,piren,0.0890351165402759,0.08143280711853093,0.0533490399479509,0.0004582700138539459,-0.001145593350918192,-0.009654010517525426
2025/05/21 11:27:06.467982202,1747819626,465715288,piren,0.08925957581549089,0.1576688611545062,0.07836554232952093,-0.0004607360304261963,-0.000901966378916206,0.0
2025/05/21 11:27:06.520289925,1747819626,517542401,piren,0.08923391553400895,0.10421233619280387,0.05675249534078684,-0.0004057422602194403,-0.0006592454421931387,-0.009957238399999313
2025/05/21 11:27:06.572307556,1747819626,569914234,piren,0.08902861274142645,0.05259138832291556,0.032358895172774536,-0.00013517522486095927,-0.0004042963469125815,0.0
2025/05/21 11:27:06.600093666,1747819626,597950930,piren,0.0891099566740195,-0.10698278488877849,-0.03358308836998497,0.00020712870956108055,-0.00013854210453659402,0.0
2025/05/21 11:27:06.679134019,1747819626,675343212,piren,0.08942185847661432,-0.08712878972347153,-0.02930130141964921,0.00052631471789094,0.00011072464142992052,-0.052309533499234465
2025/05/21 11:27:06.705402290,1747819626,702734523,piren,0.08752061241968613,0.04211510102322064,0.03171978116445211,0.000675972637316061,0.00034197095797891726,0.0
2025/05/21 11:27:06.756528569,1747819626,754135219,piren,0.08844264391095266,0.12975403485513717,0.055239533607590506,-0.0009525396882475862,0.0005735441942773934,-0.05102205740999586
2025/05/21 11:27:06.810740983,1747819626,807601781,piren,0.08782922983826374,-0.042651727769438534,-0.0061057981757199654,-0.0008603767359710102,0.0007618516848111348,-0.009610362473099106
2025/05/21 11:27:06.861512935,1747819626,858577478,piren,0.08560552934135839,-0.15012816381133529,-0.05314195775643767,0.0008459655065179927,0.0008413079278992635,0.0
2025/05/21 11:27:06.913970731,1747819626,911272658,piren,0.0843079098179006,-0.11651836149915923,-0.035046270967294964,0.001467546901947953,0.0008680977225590941,-0.009477599443845727
2025/05/21 11:27:06.985313486,1747819626,983238250,piren,0.08602331265010382,-0.09253039345873393,-0.029875206704524874,0.0010943071143925006,0.0009301439899177741,0.0
2025/05/21 11:27:07.62857914,1747819627,60634467,piren,0.08695826755273255,0.04998834062908025,0.031156225105644586,-4.0593946323642856e-05,0.000740892423113563,-0.04944623436190619
2025/05/21 11:27:07.115292786,1747819627,112985511,piren,0.08585012383282416,-0.04394497820685687,-0.0026474080580355525,-6.38757522902526e-05,0.0005018407851593399,-0.00934733885105933
2025/05/21 11:27:07.166764703,1747819627,164078064,piren,0.08378540870410138,-0.1307608800011999,-0.0415630245667641,0.0010298276670821875,0.00020753864610851047,0.0
2025/05/21 11:27:07.217825784,1747819627,215737759,piren,0.08241425088842669,-0.09522732528806149,-0.024191114483746588,0.0011622769296796604,-9.582529776499805e-05,-0.009512024402365567
2025/05/21 11:27:07.272264201,1747819627,268970907,piren,0.08388063074183552,-0.0724147318813838,-0.013422597865417872,0.0007336639359027334,-0.0003860980527059931,0.0
2025/05/21 11:27:07.301525145,1747819627,299081343,piren,0.08555864915363309,-0.053339360315540575,-0.00457769017434548,-9.01868643262692e-05,-0.0006538516687918938,0.0
2025/05/21 11:27:07.357049170,1747819627,353437533,piren,0.08647102196306292,-0.03577668585439984,0.004991281122001658,-0.00017168171427076314,-0.0008767149633004395,-0.038101537815905445
2025/05/21 11:27:07.409419744,1747819627,407073483,piren,0.08568154421168135,-0.1176769483309101,-0.03295794966836511,0.0005759462423157187,-0.0010582307272976605,-0.009266437418117147
2025/05/21 11:27:07.462011244,1747819627,459467541,piren,0.0836489706431928,-0.08188313625663679,-0.017175168706874896,0.00022772934541929806,-0.0011647564070185377,0.0
2025/05/21 11:27:07.517948240,1747819627,512929145,piren,0.0825119133078861,-0.05450041371728593,-0.006065799930851441,-0.00095944595101985,-0.0012195226974165568,-0.009092597100388112
2025/05/21 11:27:07.570510722,1747819627,567770554,piren,0.08319191260874588,-0.0016580816144768779,0.01679995845225443,-0.002817863786506006,-0.0011811601595580333,0.0
2025/05/21 11:27:07.599243204,1747819627,595316783,piren,0.0844193922317566,-0.08577491668783463,-0.01997637762760678,-0.00018236196796839156,-0.00110445466170803,0.0
2025/05/21 11:27:07.651947921,1747819627,649480668,piren,0.08528271713955225,-0.054667234595354997,-0.006573005437167974,-0.001583956287694858,-0.0009734494925266886,-0.0474117336425509
2025/05/21 11:27:07.704412826,1747819627,701773006,piren,0.08390836784543239,-0.01584562557274055,0.011348972817074756,-0.002107750618556951,-0.0007628995298648853,0.0
2025/05/21 11:27:07.759600687,1747819627,755600266,piren,0.08469789045597897,-0.10680666546488488,-0.02322799054334752,-0.0013411634295555032,-0.0005586513462726753,-0.04765917431401724
2025/05/21 11:27:07.810638652,1747819627,808738444,piren,0.08338711647297911,-0.16909151371668033,-0.05757984187521428,0.0001649043872948677,-0.0003043625245990038,-0.008852038101059117
2025/05/21 11:27:07.864040420,1747819627,861896871,piren,0.08128428106295807,-0.10393831764804468,-0.03541424660114533,0.000838724642899725,0.0001123704109100386,0.0
2025/05/21 11:27:07.917370850,1747819627,915466231,piren,0.07991927032579618,0.04692491361728765,0.03671422570999373,-0.0008481760389001633,0.0003375969087240308,-0.008808916242247734
2025/05/21 11:27:07.969696284,1747819627,967806107,piren,0.08155152464802541,0.1704439356893668,0.07728167108197671,-0.0012730405843800372,0.0004811483183672486,0.0
2025/05/21 11:27:07.998210225,1747819627,996524911,piren,0.08155168814781358,0.17310771111033554,0.0711145947418933,-0.0012890288478317918,0.0005807262351602496,0.0
2025/05/21 11:27:08.52627887,1747819628,49605438,piren,0.08396754070321613,-0.10067735778345449,-0.025296022617709572,-0.00046670412508989924,0.0008615682826277154,-0.046951665071400715
2025/05/21 11:27:08.105531722,1747819628,103787393,piren,0.08201131490010342,-0.16933328268564307,-0.0727038093566405,0.001047061427247387,0.0008584835428192702,0.0
2025/05/21 11:27:08.159446622,1747819628,157264779,piren,0.08266777793176126,0.005027296254768394,0.012674530941649402,0.0015167824774984127,0.0007668150356201444,-0.04769416684996205
2025/05/21 11:27:08.213002783,1747819628,210431482,piren,0.08156463289891938,0.11011012454700522,0.06561171989997279,0.0003449361028277293,0.0005959932882815761,-0.009172619042500696
2025/05/21 11:27:08.265867790,1747819628,264085370,piren,0.07967799266663148,0.18967142602565243,0.10189345103368075,0.0003903924333648347,0.00041580835502485634,0.0
2025/05/21 11:27:08.294286673,1747819628,292225699,piren,0.07917792616155973,0.22112696078456517,0.09773916203596515,6.307599499836205e-05,0.00021242248838664117,0.0
2025/05/21 11:27:08.349465375,1747819628,347137119,piren,0.08120337658294716,0.08162330407017081,0.04511546107910127,0.00035499482394400663,0.000599923440961423,-0.048114473509191645
2025/05/21 11:27:08.402558239,1747819628,400064768,piren,0.07913793038512895,-0.03943320011920715,-0.0019153784121026156,0.0018063952425347836,0.00032640906500275947,0.0
2025/05/21 11:27:08.458777243,1747819628,454763230,piren,0.08069606185631638,0.021240307905110604,0.025771110418168184,0.0006434910745186327,-7.234439172088882e-06,-0.05040735370161382
2025/05/21 11:27:08.510406891,1747819628,508473311,piren,0.07975589721448322,-0.007378144889556959,0.01567998749104332,-8.856909545499073e-05,-0.00033850430685089425,-0.009429660652469146
2025/05/21 11:27:08.564056761,1747819628,561084431,piren,0.077797150212258,-0.13905670644016432,-0.03307945221262684,3.1278599637584366e-05,-0.0006431158750929927,0.0
2025/05/21 11:27:08.619044408,1747819628,616286139,piren,0.07579009638198819,-0.21537558452693367,-0.08146050213971737,0.00013012387647571173,-0.0008757762512957875,-0.00921572775326234
2025/05/21 11:27:08.671274228,1747819628,669073459,piren,0.07707477482828601,-0.10817035172413486,-0.036163633639870726,0.0013041053460901416,-0.000846292089463084,0.0
2025/05/21 11:27:08.727094834,1747819628,724027007,piren,0.07749885685639073,0.03127951038552777,0.02746158803602682,0.0008660864400147123,-0.000991300419143273,-0.009397956328813179
2025/05/21 11:27:08.756531199,1747819628,754552955,piren,0.07823177071021525,0.003931021269532108,0.018217469927486137,-0.0007978007294089772,-0.001083980632146859,0.0
2025/05/21 11:27:08.811361786,1747819628,808397712,piren,0.07889510074861322,-0.1143882362698273,-0.03254893907806517,0.00010216442737452654,-0.0011151674649921852,-0.00946979856955175
2025/05/21 11:27:08.866123750,1747819628,863958643,piren,0.07852397859294621,-0.08142879248363548,-0.015645475452101484,0.0011704960714365802,-0.001092515434434547,0.0
2025/05/21 11:27:08.920949202,1747819628,918259308,piren,0.07828911505000848,-0.07416030229482286,-0.010674808133616126,0.0008719173769197533,-0.00101654198083753,-0.009135080587340918
2025/05/21 11:27:08.949794046,1747819628,947963863,piren,0.0778177063290864,-0.08361075293509684,-0.015685980514075607,-0.0005037520556304581,-0.0006762410924269821,0.0
2025/05/21 11:27:09.5243313,1747819629,2859469,piren,0.0771721979629555,-0.053269184109014316,-0.002829511476439205,-0.0015296468301182232,-0.0005149815448375485,0.0
2025/05/21 11:27:09.60944906,1747819629,58672907,piren,0.07711688255858293,-0.021364403302051943,0.010986953515084724,0.00029450284179636876,-0.00037821423598015657,-0.049027917206453275
2025/05/21 11:27:09.110935168,1747819629,108578060,piren,0.0751537614018571,-0.03064153694554088,0.008521050540630482,-0.0005325550884004226,-0.0002115494778866069,0.0
2025/05/21 11:27:09.165360128,1747819629,163163488,piren,0.07604624529018927,-0.14147971389471892,-0.04220579180276763,-0.0013986014291274545,0.000591233917477406,-0.048985978010435444
2025/05/21 11:27:09.194204220,1747819629,192228981,piren,0.07607240034350438,-0.1380546829954628,-0.05229497238899341,0.00023147879211056054,0.0006810340675818205,0.0
2025/05/21 11:27:09.248795369,1747819629,246475144,piren,0.07615143563203905,0.12002178988176615,0.06044791664795761,0.00017523291128021027,0.0007045483815563434,-0.041619611726571484
2025/05/21 11:27:09.306152069,1747819629,302102730,piren,0.07531122610850839,0.059067973977754235,0.03433196652902689,-0.001432566466844648,0.0006967999150342852,0.0
2025/05/21 11:27:09.358871795,1747819629,356983926,piren,0.0763804246779876,-0.08338809757383092,-0.023423369032569325,-0.0012731695191857625,0.0006315215727448161,-0.05042048117635646
2025/05/21 11:27:09.419942558,1747819629,411846316,piren,0.07503949919864403,-0.054074957606909765,-0.01161411511905477,0.0003725232227724893,0.000538739554927991,-0.009699785215909551
2025/05/21 11:27:09.468136743,1747819629,466142044,piren,0.0727732861006099,0.06460805501010428,0.038922008660865384,0.0003245616276961193,0.0004284531528484393,0.0
2025/05/21 11:27:09.522240857,1747819629,520294454,piren,0.07170806654620032,0.018580264879724185,0.020948762787269152,-0.0012130290681943057,0.00030521316233918727,-0.009565506624165018
2025/05/21 11:27:09.553456966,1747819629,550157932,piren,0.07317421822215665,-0.11092801119871058,-0.034561385193449624,-0.0009259726485097333,0.00039018242336195843,0.0
2025/05/21 11:27:09.607027735,1747819629,605134372,piren,0.07383898932567443,-0.07287824296898032,-0.020411425721408392,0.0008040584941069866,0.00020731820179437988,0.0
2025/05/21 11:27:09.663125057,1747819629,660969670,piren,0.07452901997387033,0.0516715239134702,0.03337257615581392,0.0006757024181091821,1.4223126121257112e-05,-0.0466502333468251
2025/05/21 11:27:09.718328186,1747819629,716435010,piren,0.07334832588318016,0.0003631607089541952,0.01433477413584282,-0.000703183169539858,-0.00016835868737818255,-0.00943559912486416
2025/05/21 11:27:09.747665790,1747819629,745695601,piren,0.07207454513818728,-0.11935741348500534,-0.046418289833779,0.000335366648133474,-0.000318958944493208,0.0
2025/05/21 11:27:09.804512589,1747819629,801441656,piren,0.07133150943999687,0.031277693205124704,0.02349875138801928,-7.961694319436653e-05,-0.00046132982741329436,0.0
2025/05/21 11:27:09.858176440,1747819629,856010823,piren,0.07289559466086451,0.013342157507477515,0.01789903685837605,-0.00013902081189233576,-0.0005787318143047198,-0.03411036922977045
2025/05/21 11:27:09.914457013,1747819629,912519680,piren,0.07286503882282801,-0.11785842135554045,-0.0379502607629996,0.00017755028905238295,-0.0006400285642216576,-0.009117991040145174
2025/05/21 11:27:09.970932054,1747819629,967958050,piren,0.07144909763146456,-0.08266013451071896,-0.023467802731815986,0.0012164556029720826,4.367873048759178e-06,0.0
2025/05/21 11:27:10.2409628,1747819629,997111393,piren,0.0695069308057436,0.0034610712095072722,0.016781170253366604,0.002742808731870537,-6.826292157290171e-05,0.0
2025/05/21 11:27:10.56847225,1747819630,54561329,piren,0.07094364793230788,0.08487460357908704,0.048709802275353375,0.001144273513564614,-8.618406540530651e-05,-0.05094560613398985
2025/05/21 11:27:10.113674166,1747819630,109897534,piren,0.06998524105091138,0.03197833360747818,0.027573932800474682,3.5244207474268754e-06,-0.00019043239699779364,-0.009711108950052404
2025/05/21 11:27:10.170934158,1747819630,168544509,piren,0.06848699716162501,-0.05247062917706358,-0.009775721169089369,0.0009148025603280068,-0.0002863533227285915,0.0
2025/05/21 11:27:10.227596645,1747819630,224231417,piren,0.06775878676171243,0.06349797191029172,0.03884848326898986,0.000828999387495568,-0.0003723922313882012,-0.009424992505671012
2025/05/21 11:27:10.257513152,1747819630,254582885,piren,0.06932623463105428,0.01414877284633612,0.019588576357288584,4.6795982451578915e-06,-0.00040192287740955525,0.0
2025/05/21 11:27:10.314636611,1747819630,312533080,piren,0.07086970337525986,-0.08984334132493052,-0.023526286413421738,8.947084007905315e-05,-0.00040464364218677245,-0.010773790189233953
2025/05/21 11:27:10.372602731,1747819630,370386117,piren,0.07136874149263255,-0.07686187743216638,-0.021617796468080975,0.0008151352225983421,-0.00038017632019603904,0.0
2025/05/21 11:27:10.403875052,1747819630,399912653,piren,0.07160550483148363,0.041058264363689013,0.03000070511643567,0.0008313912164888867,-0.00033668318584558637,0.0
2025/05/21 11:27:10.461059348,1747819630,458236396,piren,0.07171911639033589,0.013141210583039908,0.018645131915057133,-0.0010793092401739498,-0.00025790923310229117,-0.04741262168466189
2025/05/21 11:27:10.519523127,1747819630,515528901,piren,0.07024378980085405,-0.12489021336556325,-0.032258701404640405,-0.0009346715349801294,-0.00018454342655306274,-0.00911873919220119
2025/05/21 11:27:10.576323848,1747819630,573223196,piren,0.06802707030102208,-0.20562185217915824,-0.08497358844101276,0.00039018435013692105,0.0001764491976535775,0.0
2025/05/21 11:27:10.606429017,1747819630,603897973,piren,0.06619842301763623,-0.07692196094658478,-0.025337622785723893,0.0017616927954366103,0.0002472465159353473,0.0
2025/05/21 11:27:10.663260840,1747819630,660884181,piren,0.06802432660321532,0.03012614007635731,0.02574188413752469,0.0004973054480830882,0.0003031742405105631,-0.04752363060048439
2025/05/21 11:27:10.719564774,1747819630,717592285,piren,0.06756858324825392,0.1151981692448116,0.05827330612843599,-0.0010113762976847772,0.000346894200213262,-0.009102012474994347
2025/05/21 11:27:10.777149530,1747819630,774963354,piren,0.066563763593299,0.0625065626633666,0.03834871153859616,-0.001213786824105103,0.00031333565687779763,0.0
2025/05/21 11:27:10.808199639,1747819630,806025143,piren,0.06701013783843782,0.01217872838544384,0.02064583011603029,0.0004687897084182917,0.0003069157602050173,-0.010533831275674138
2025/05/21 11:27:10.864332639,1747819630,862198174,piren,0.0687863604998682,0.09445831075538266,0.05080516258273351,0.00021249260532475546,-3.619479285313571e-05,0.0
2025/05/21 11:27:10.921514436,1747819630,919128140,piren,0.0739214430117103,0.02440343357200064,0.02202534899204323,-0.0009948153350506322,-0.0006010321388651733,-0.008025423134329789
2025/05/21 11:27:10.951879089,1747819630,949464453,piren,0.07655724541907953,-0.12435671618916824,-0.04183764928199108,-0.0007803284913932851,-0.0010879464910886105,0.0
2025/05/21 11:27:11.29653109,1747819631,26779265,piren,0.07329285510696695,-0.09471194438507902,-0.03263588483352697,0.0008477198542823868,-0.0007181487093316422,-0.007122585682010534
2025/05/21 11:27:11.62569928,1747819631,57414656,piren,0.07059881488763048,0.020087896648901125,0.019209309306266242,0.0007944314037097755,-0.0010391897293878685,0.0
2025/05/21 11:27:11.120717628,1747819631,116106277,piren,0.0698958299317088,-0.02112129036251964,0.005166275128869284,-0.0006696837498714158,-0.0005327748828978699,-0.0064785291388854815
2025/05/21 11:27:11.175747538,1747819631,173311883,piren,0.06796798195465525,-0.14526044932431922,-0.0512755558161016,-0.0004167394143951306,1.132626461022419e-05,0.0
2025/05/21 11:27:11.205795659,1747819631,203839330,piren,0.06690515847615947,-0.101545893541228,-0.03689266983220923,0.0012760108144242647,0.0005424058771796196,0.0
2025/05/21 11:27:11.264577972,1747819631,261006702,piren,0.06611310682166815,0.026679043426194093,0.02076618473144602,0.0012201564596573172,0.0010716753023819092,-0.0334619515832425
2025/05/21 11:27:11.323610155,1747819631,319123967,piren,0.06461736491542792,-0.010724537681746795,0.0077036465864098146,-0.00031821261032435904,0.0014959052616620337,-0.006401404437955609
2025/05/21 11:27:11.356003548,1747819631,351428355,piren,0.06318741953010712,-0.13241439373045621,-0.04708086642399181,-0.00015845384114593773,0.001833994847788727,0.0
2025/05/21 11:27:11.412941087,1747819631,408147372,piren,0.06254589474048686,-0.08735114673838518,-0.03132080670497013,0.001435790287183435,0.002035215677643782,0.0
2025/05/21 11:27:11.470154615,1747819631,467265436,piren,0.06373584208700181,0.04140724791118365,0.025536991208972536,0.0012765259924073346,0.0018460907937452144,-0.033114014277444315
2025/05/21 11:27:11.500511685,1747819631,498180209,piren,0.06476805802814298,0.004197126644120093,0.011705097964896428,-0.0004012100959680456,0.0018374726786893555,0.0
2025/05/21 11:27:11.560387448,1747819631,556997157,piren,0.06623972227820159,-0.11774895001231664,-0.04202481449958707,-0.00029874056348578785,0.0017194012418443728,-0.030742064863450803
2025/05/21 11:27:11.620330055,1747819631,617106207,piren,0.06615343729936911,-0.07405552483714681,-0.02596880932594454,0.0012267965182907027,0.0015075769032700346,-0.005692799097794854
2025/05/21 11:27:11.679605811,1747819631,675495250,piren,0.0649378360920373,0.05408494031386807,0.029713365640715878,0.0010117187044934874,0.0012192919720593971,0.0
2025/05/21 11:27:11.710311352,1747819631,705852369,piren,0.06443024046951383,0.015348182549680046,0.014683485575372511,-0.0006945263637347531,0.0008704114724022292,0.0
2025/05/21 11:27:11.767756443,1747819631,764895159,piren,0.06648118221969673,-0.10880890357851825,-0.038995488460741724,-0.0006611374933961687,0.0004952948289529944,-0.030759437798609294
2025/05/21 11:27:11.798597510,1747819631,795751448,piren,0.06678291304630553,-0.0667083790254569,-0.02287968743639979,0.0008254605026898494,7.855215369579717e-05,0.0
2025/05/21 11:27:11.857750049,1747819631,854502402,piren,0.06758508308209134,0.059815045830886246,0.031838721198941766,0.00058923410054346,-0.00011117612407212479,-0.023600500887959754
2025/05/21 11:27:11.915786656,1747819631,913798967,piren,0.06677747218288888,0.01963199296403597,0.016189095644616482,-0.0011046229773159126,-0.0005195286426703354,-0.0053293916670304085
2025/05/21 11:27:11.973677161,1747819631,971536271,piren,0.06638069660556078,-0.10615194417769627,-0.03772961237077048,-0.0010579189182907149,-0.0009269915931575235,0.0
2025/05/21 11:27:12.4944409,1747819632,2661316,piren,0.06623601604854935,-0.06539839927523783,-0.021961397262207416,0.00046051713533417965,-0.0012719795067548437,0.0
2025/05/21 11:27:12.63283292,1747819632,61482155,piren,0.06713156468363146,0.060436815203280744,0.0325388485426906,0.00027495259101627343,-0.0014847866137018503,-0.02920131559842194
2025/05/21 11:27:12.122539112,1747819632,120609238,piren,0.06655791733052357,0.019729944879169223,0.016784805202466526,-0.0013482328615231174,-0.0016401470672081644,-0.005400925185102858
2025/05/21 11:27:12.154145957,1747819632,152065284,piren,0.06628030590519142,-0.10650617114474319,-0.037132293950064794,-0.0012129351054172182,-0.0014649072054072239,0.0
2025/05/21 11:27:12.215723975,1747819632,210778831,piren,0.06571734498612852,-0.06622898703203492,-0.02142580802861904,0.0003913711788398544,-0.001465136763211257,-0.005816422697684089
2025/05/21 11:27:12.272108897,1747819632,270112039,piren,0.06719639133665582,0.05946804402692642,0.033086097559477626,0.000297739381369067,-0.0013861500177762697,0.0
2025/05/21 11:27:12.305391331,1747819632,300768049,piren,0.0682757010823013,0.01880674297274725,0.017383324639760417,-0.0012393892778493941,-0.0012263891024583947,0.0
2025/05/21 11:27:12.366107286,1747819632,363079267,piren,0.06915507689433852,-0.10731427752147338,-0.036725974412754776,-0.0010363309368150904,-0.0010110355321667833,-0.03011794262422501
2025/05/21 11:27:12.396274223,1747819632,394283996,piren,0.06915294193958788,-0.10522670550538618,-0.04234131654030986,0.0006457090335071319,-0.00074284649405258,0.0
2025/05/21 11:27:12.457353129,1747819632,453841710,piren,0.06849566967784763,0.11909654034615973,0.05581924487548834,0.0006176386555584043,-0.0004644647983968669,-0.03041533730185149
2025/05/21 11:27:12.515920640,1747819632,513889354,piren,0.0677373699284872,0.051242364308577044,0.02780698459733821,-0.0009214107864377244,-0.00012528274403929328,-0.0055133581495864165
2025/05/21 11:27:12.574555738,1747819632,572343433,piren,0.06658515084018106,-0.09388933056101928,-0.031446639328163814,-0.0006511990488663675,0.00020226199204720558,0.0
2025/05/21 11:27:12.606638583,1747819632,603662075,piren,0.06596864281421612,-0.06574126545676093,-0.020804331697589443,0.0010552189735619985,0.0005135661587538209,0.0
2025/05/21 11:27:12.667898565,1747819632,664163331,piren,0.06675074554602588,0.052238279830274764,0.030419489748374717,0.0010002469684836034,0.0008015810469936026,-0.027802414864119315
2025/05/21 11:27:12.728355811,1747819632,724704652,piren,0.06629066295697512,0.0071602762116959005,0.013404608929268716,-0.0005098725130737254,0.001056570229198739,-0.005262166807952103
2025/05/21 11:27:12.760614087,1747819632,757038845,piren,0.06553557736725625,-0.12091618882477126,-0.0425792157292237,-0.00030555442755992836,0.001218028740108954,0.0
2025/05/21 11:27:12.820508651,1747819632,816522172,piren,0.06514053520221315,-0.08068056141232191,-0.02827604543583974,0.0013372619078657363,0.0013088150957954359,-0.005175535327073001
2025/05/21 11:27:12.878369476,1747819632,876175251,piren,0.06593025190364221,0.04536350691157022,0.027104717364930093,0.0012770275432267778,0.0010349490858284067,0.0
2025/05/21 11:27:12.910451591,1747819632,907322101,piren,0.07030207389709374,0.0037962432269334594,0.011459984325236679,-0.00023991907600507434,0.0007108667314516321,0.0
2025/05/21 11:27:12.970117619,1747819632,967882398,piren,0.06978678756126,-0.12049177201987632,-0.04327175893430021,-0.00013342787630323455,0.00012520083231462324,-0.025109084821537824
2025/05/21 11:27:13.22416151,1747819633,18527741,piren,0.06840633539974349,-0.07689637585342009,-0.027309326219199778,0.001433491276521767,0.00024483652594850525,-0.0039702464709259495
2025/05/21 11:27:13.52675907,1747819633,50238048,piren,0.06578248686899102,0.050891461034713356,0.02855925169901073,0.0012471149680040477,0.00042955385233408406,0.0
2025/05/21 11:27:13.113982858,1747819633,111472742,piren,0.06381059408054296,0.012303015600954155,0.013894166732896052,-0.00042266830571822934,0.0005480316393230536,-0.0037609098788152144
2025/05/21 11:27:13.174612658,1747819633,169428716,piren,0.0641356046748675,-0.11180921777709946,-0.04009270574464195,-0.000382019056751521,0.0005890532428801129,0.0
2025/05/21 11:27:13.203604456,1747819633,201506219,piren,0.06464544973146855,-0.06954590463500726,-0.024233494782691253,0.0010998949946559203,0.000592353069651673,0.0
2025/05/21 11:27:13.263323636,1747819633,260050550,piren,0.06490430110420208,0.05762839284680981,0.03081808791150329,0.0008482007125568707,0.0005608123280102884,-0.02168564292072933
2025/05/21 11:27:13.322899981,1747819633,319721709,piren,0.06449314869400294,0.018240409217905984,0.015415977202670995,-0.0008722079415437479,0.0004974581920037016,-0.003951725951438904
2025/05/21 11:27:13.354510371,1747819633,351989382,piren,0.06392459457836337,-0.1067014240083992,-0.03845958543021239,-0.000900732230588401,0.00017127186010588766,0.0
2025/05/21 11:27:13.413535613,1747819633,411389596,piren,0.06419482806733542,-0.06460130199913805,-0.02227588444179548,0.0005732326513209483,7.277976360892292e-05,0.0
2025/05/21 11:27:13.474262576,1747819633,472179879,piren,0.06467801982025752,0.06162645612059796,0.03215250675264998,0.0003481448303664011,1.4535414330263656e-06,-0.016127168701943667
2025/05/21 11:27:13.505482829,1747819633,503185809,piren,0.06522298668711243,0.021965195230575593,0.016585386715651976,-0.0013224381787535352,-6.916368258196083e-05,0.0
2025/05/21 11:27:13.566042481,1747819633,563020511,piren,0.06639854498985945,-0.10342483628009844,-0.03706475697852862,-0.0012386340621035384,-0.00015499129973485718,-0.018529434549093487
2025/05/21 11:27:13.597474179,1747819633,595394943,piren,0.06650628936633812,-0.06243370486939327,-0.021112189932919287,0.0003245379203321108,-0.00023252674029344608,0.0
2025/05/21 11:27:13.657272713,1747819633,655281882,piren,0.06700404055695645,0.06373939264536799,0.033192426546484945,0.0001909829772942305,-0.00028944616416968317,-0.018297521209705386
2025/05/21 11:27:13.717433745,1747819633,715209495,piren,0.0668685175106622,0.023463218110694375,0.017273896190614306,-0.001382956909587176,-0.0003283291815436492,-0.0034484349572758903
2025/05/21 11:27:13.749273934,1747819633,746685012,piren,0.06650021983086782,-0.10253414069740287,-0.036496952807183784,-0.0012009414903344337,-0.0003669893636921647,0.0
2025/05/21 11:27:13.809371466,1747819633,807340417,piren,0.06639149253972695,-0.061926411919665685,-0.020663775851396126,0.0004580716968374037,-0.00038579803667811255,0.0
2025/05/21 11:27:13.872927278,1747819633,867536664,piren,0.06696584601554427,0.06404674556192279,0.03351803648841892,0.00043373846304288856,-0.0006337075169806573,-0.016329292744085417
2025/05/21 11:27:13.904377739,1747819633,900288183,piren,0.06733771282776614,0.023178457725098592,0.017384578847900754,-0.0010491999324024905,-0.0005292371753522762,0.0
2025/05/21 11:27:13.964725402,1747819633,962325478,piren,0.06733614897943163,-0.10287416020457221,-0.036465597460238676,-0.0008079547739602079,-0.00035582799802681155,-0.01665970534940676
2025/05/21 11:27:14.27724619,1747819634,23897832,piren,0.06652271044631534,-0.06200657995342942,-0.02053723661984454,0.0008883768129498292,-0.00019199897521474332,-0.0030171946780639235
2025/05/21 11:27:14.61346085,1747819634,56408311,piren,0.06597933995100025,0.06363177171242008,0.03352947641713206,0.0008729796223319468,5.071892517407882e-05,0.0
2025/05/21 11:27:14.121130368,1747819634,117731197,piren,0.06588286888860562,0.022932318672576946,0.017508287293004028,-0.0006111589220053474,0.00021771170102291733,-0.003155619362266047
2025/05/21 11:27:14.152287377,1747819634,150461234,piren,0.06661638392299231,-0.10323728118262117,-0.03641024056255609,-0.000378321262385834,0.0003438892131028015,0.0
2025/05/21 11:27:14.212681988,1747819634,210712689,piren,0.06715120107576404,-0.062546667088547,-0.020650195718054928,0.0012936707381510958,0.00044537773890058715,-0.0030077498217957756
2025/05/21 11:27:14.274853561,1747819634,270514794,piren,0.06714383475006719,0.06354673910661612,0.03355120873482136,0.0012127944737411677,0.0002562958532622401,0.0
2025/05/21 11:27:14.304426856,1747819634,302262321,piren,0.0677225404973185,0.023238559718727847,0.01753781912546904,-0.0003404224288022396,0.0003342822637417985,0.0
2025/05/21 11:27:14.366008618,1747819634,363006168,piren,0.06756741456968564,-0.10270717446041021,-0.03633974908719304,-0.00018587182191185094,0.00038981970183012057,-0.014348647579763174
2025/05/21 11:27:14.426960430,1747819634,424453116,piren,0.06687493766409881,-0.06199590220057627,-0.02052840765140644,0.001384532426938446,0.0004193460373925848,-0.002628363060974932
2025/05/21 11:27:14.459717986,1747819634,456271755,piren,0.06589842879588287,0.06298033667147264,0.033192588767251584,0.0012269004806503667,0.00046040346367115157,0.0
2025/05/21 11:27:14.522276948,1747819634,517785614,piren,0.0653547044121862,0.023146724872382517,0.01739854236504135,-0.00041623783007656957,0.0004415810307379919,-0.002594239482327909
2025/05/21 11:27:14.580959754,1747819634,578956062,piren,0.06581533652951319,-0.10258263807697497,-0.03637458036281966,-0.00035022693839383,0.00037178490336407723,0.0
2025/05/21 11:27:14.613528505,1747819634,611057395,piren,0.06624271801647126,-0.061772493868843696,-0.020533409440095476,0.0011543273569226925,0.0002798038430775548,-0.002523758215119546
2025/05/21 11:27:14.673963488,1747819634,671788920,piren,0.06626276842986283,0.06429228100950665,0.033612902062266185,0.0009002778869276947,0.0001790920722589602,0.0
2025/05/21 11:27:14.708450574,1747819634,703694504,piren,0.06621573386067504,0.024029078630066137,0.017622183268947073,-0.0007988763055959485,8.924071605978298e-05,0.0
2025/05/21 11:27:14.768336477,1747819634,766254969,piren,0.0664894141471869,-0.1021790913400194,-0.03624418480214384,-0.0007675536302932338,-2.7528851605891337e-05,-0.01220854506335206
2025/05/21 11:27:14.830051959,1747819634,827342558,piren,0.06622830830378429,-0.061758616789462456,-0.020501230542501005,0.0007222568543526473,-0.00014291160657685958,-0.0022185273478780992
2025/05/21 11:27:14.862001785,1747819634,860015812,piren,0.06565440672864394,0.06399725195279882,0.03359014405868984,0.000491395439658781,-0.00024244493423757673,0.0
2025/05/21 11:27:14.924088626,1747819634,921962390,piren,0.0659711702588936,0.023920737615772562,0.01781940205964397,-0.001190883299078069,-0.0003261583331237368,-0.0024172011233910304
2025/05/21 11:27:14.956445855,1747819634,954285766,piren,0.06689221112007142,-0.10199906779568321,-0.0358278460180657,-0.0011244398154170658,1.4842392193466208e-05,0.0
2025/05/21 11:27:15.17284168,1747819635,14973775,piren,0.06775512518780374,-0.06136107422644292,-0.01990788179604573,0.00040608621562060026,-0.00011597962327867429,-0.002427929584945775
2025/05/21 11:27:15.72919436,1747819635,67816846,piren,0.0680230078941956,0.06458311111456401,0.034225226333517614,0.00023699345640792874,-0.00023080385729114044,0.0
2025/05/21 11:27:15.103204496,1747819635,101223386,piren,0.06822698409973016,0.023901292313902152,0.018142609801647103,-0.001372681759135568,-0.0003286757125120308,0.0
2025/05/21 11:27:15.164763712,1747819635,162553021,piren,0.06849044028667958,-0.10248777634978017,-0.03574982958951641,-0.0012266719615029605,-0.0004211979487742489,-0.011629659659917253
2025/05/21 11:27:15.228552557,1747819635,225868446,piren,0.06805022374241808,-0.06211866886065294,-0.02000955308728223,0.00039691689944133037,-0.0004885141566183339,-0.0022604355344179004
2025/05/21 11:27:15.259993308,1747819635,258026870,piren,0.06725798066408459,0.06362188690502768,0.03408997183508895,0.0003207708177370934,-0.0005174790167113655,0.0
2025/05/21 11:27:15.322365086,1747819635,319443317,piren,0.06675049813436071,0.02274593634564019,0.017989898340441048,-0.0011999334838289346,-0.000514745117211667,-0.002174767297033718
2025/05/21 11:27:15.356131462,1747819635,353673347,piren,0.0675024141109897,-0.10360185274872753,-0.035868803728353445,-0.0009746753009875251,-0.0004991470641000593,0.0
2025/05/21 11:27:15.417878091,1747819635,415751146,piren,0.06790886207739612,-0.06311810084976577,-0.02011670956520034,0.0006788628383143527,-0.0004564876741236806,-0.002055655834877594
2025/05/21 11:27:15.451901431,1747819635,449196740,piren,0.06786471512249692,0.06328541346158009,0.034306497108266415,0.0006789144892657046,-0.00037805494030483303,0.0
2025/05/21 11:27:15.514499408,1747819635,511152127,piren,0.06785172111749299,0.022716660180127322,0.018308329488310984,-0.0007948441075503088,-0.00027693203956096277,-0.0020661003878688633
2025/05/21 11:27:15.576409311,1747819635,573885475,piren,0.06766344330395448,-0.10372259513801149,-0.035726538699719056,-0.000555108457345873,-0.00017918588415724332,0.0
2025/05/21 11:27:15.608871726,1747819635,606112927,piren,0.06752812018088764,-0.06335166253371424,-0.020092150047532946,0.0011451197527666205,-7.312672522986044e-05,0.0
2025/05/21 11:27:15.671989467,1747819635,669484050,piren,0.06715328630872865,0.06245605809765475,0.034018595412722015,0.0011058038788851659,4.254722979958498e-05,-0.010533595302250972
2025/05/21 11:27:15.704477161,1747819635,701776036,piren,0.06715180609846202,0.06416460459054586,0.030677782587202003,-0.00041572551353364213,0.00015609340910604843,0.0
2025/05/21 11:27:15.767519106,1747819635,765263774,piren,0.06658520936994494,-0.16247672888029976,-0.06296002196363792,-0.00023346854032098166,0.00024174312566941608,-0.00974185248305438
2025/05/21 11:27:15.830133805,1747819635,827467236,piren,0.06621282046050901,-0.09605740426032944,-0.03016523963790652,0.0013489721527946816,-0.0001330261864723262,-0.0017854445164620831
2025/05/21 11:27:15.921340667,1747819635,919011055,piren,0.07080432288513398,-0.05528043658856146,-0.007107614708616767,-0.00020942471576940067,-0.00032090306821334647,-0.0011565592488522363
2025/05/21 11:27:15.953983812,1747819635,951546315,piren,0.06849340626939432,-0.13767358325241924,-0.04879347654359597,-8.115362199325925e-05,5.362190790199337e-05,0.0
2025/05/21 11:27:16.19507158,1747819636,13133788,piren,0.06678911575409911,-0.06897557633357376,-0.022085583312018604,0.0014461887599373697,0.0002732074203251231,-0.0012129366556238271
2025/05/21 11:27:16.78560729,1747819636,76250719,piren,0.06527708880970248,0.07572491939929127,0.039821776092235125,0.001194851149862606,0.000485008993917761,0.0
2025/05/21 11:27:16.111976940,1747819636,110009433,piren,0.0642589522964363,0.047524927521960414,0.027024724050902164,-0.0005184647862174118,0.000685616787530998,-0.0012060568833173904
2025/05/21 11:27:16.176201539,1747819636,173426300,piren,0.06382913494106092,-0.07287631420048364,-0.022919030900540475,-0.0005266457451608096,0.0007356272476662346,0.0
2025/05/21 11:27:16.209490262,1747819636,206781518,piren,0.06401944046301436,-0.030053450187310597,-0.004378132092275012,0.0009228633289258166,0.0008240385259184114,0.0
2025/05/21 11:27:16.272903845,1747819636,270434455,piren,0.06374537325282684,0.09737148475472449,0.04772384302114791,0.0006487907574741397,0.0008762520109231231,-0.005918944159485825
2025/05/21 11:27:16.305884541,1747819636,303045300,piren,0.06363815944660947,0.05655741187023441,0.029392200885048483,-0.0010853478354792938,0.0008763758882977792,0.0
2025/05/21 11:27:16.369673357,1747819636,367092267,piren,0.06398354814895947,-0.07233519304553945,-0.023369519390193362,-0.0010787185321735468,0.000798789285276897,-0.005334824827362776
2025/05/21 11:27:16.433984441,1747819636,431198381,piren,0.06476016842807962,-0.03357743520077461,-0.004287562971634407,0.0001490321721986971,0.0006109186223439825,-0.001013791336061286
2025/05/21 11:27:16.531563263,1747819636,527928044,piren,0.06521299461886752,-0.02776714444821634,0.0009811304636374858,-0.0015084259837529826,0.0004313661165249852,-0.000865097375785404
2025/05/21 11:27:16.564347435,1747819636,561438939,piren,0.06573009135513688,-0.12050916074160273,-0.043017785098418686,-0.0014055167729752187,-3.554471871468059e-05,0.0
2025/05/21 11:27:16.629134563,1747819636,625658407,piren,0.0667938115056884,-0.0587011217262111,-0.018416156881158798,0.000191441922031357,-0.0002482188633593765,-0.0005533482432752356
2025/05/21 11:27:16.662894116,1747819636,660728324,piren,0.06659546353820697,0.0807577776462985,0.040782045522181856,0.0001000656111821985,-0.0004107190439736143,0.0
2025/05/21 11:27:16.727104445,1747819636,725138429,piren,0.06659402090494418,0.048543656678247116,0.026535480222044296,-0.00142752136282005,-0.0005467966380113162,-0.00039476923883398146
2025/05/21 11:27:16.761582815,1747819636,759351790,piren,0.06651724427577978,-0.07453942680516298,-0.02423853884496737,-0.0011972199750375386,-0.0006673082149156861,0.0
2025/05/21 11:27:16.825010403,1747819636,822953641,piren,0.0671394791137371,-0.03434164399596092,-0.006736421415817909,0.0005106111055336984,-0.0007503999667764357,-0.00036371556762560225
2025/05/21 11:27:16.858888653,1747819636,856841287,piren,0.06736602632424046,0.09130575400336939,0.04526736220066938,0.0005367150875861275,-0.0010323702776008704,0.0
2025/05/21 11:27:16.923862215,1747819636,921523460,piren,0.06825353299859449,0.0480358041056194,0.02672566976972986,-0.0008967215796793701,-0.0010174053897275164,-0.00010588017509181534
2025/05/21 11:27:16.960909331,1747819636,954701235,piren,0.06737873844165788,-0.08093500872750034,-0.02640273070396877,-0.0006592160580094033,-0.0010955605671155993,0.0
2025/05/21 11:27:17.24337562,1747819637,22010570,piren,0.06726508550838958,-0.04281398183950296,-0.010293336390245593,0.001012374514829711,-0.0008813522515491647,0.00024588574304575155
2025/05/21 11:27:17.58882112,1747819637,55598480,piren,0.06631586376999421,0.08144588526755778,0.04177730518206648,0.0010314577243989323,-0.0005880177497490545,0.0
2025/05/21 11:27:17.123935612,1747819637,121034724,piren,0.06570735081087342,0.038721922464159966,0.023986416349047784,-0.00044051118281958357,-0.00026850226759637914,0.00036436454251256644
2025/05/21 11:27:17.156412374,1747819637,154457996,piren,0.06534215232062594,-0.09036099178259935,-0.02993466657735958,-0.00021382093848792215,6.891256870214486e-05,0.0
2025/05/21 11:27:17.211912257,1747819637,208983418,piren,0.06505742758113706,-0.05226920940920443,-0.01453559578256975,0.001444471488275314,0.0003596249728366995,0.0
2025/05/21 11:27:17.277511962,1747819637,274255207,piren,0.06480315016788077,0.07209613679866181,0.038177232936521824,0.0013433194199351268,0.0003505831030505431,0.0019976492984957353
2025/05/21 11:27:17.311024428,1747819637,308546289,piren,0.06537128095824861,0.03021684750457855,0.02108729343728417,-0.0002454971195387157,0.0005878378657483559,0.0
2025/05/21 11:27:17.380128006,1747819637,374355819,piren,0.06550508660692783,-0.0972672898145501,-0.03283432182439811,-0.00014544778960730775,0.0008074464795820111,0.0035336641648609983
2025/05/21 11:27:17.413005759,1747819637,410511092,piren,0.06563324364249289,-0.05746538956271294,-0.017087702299530095,0.001384523536826352,0.00095421141548803,0.0009068075623416083
2025/05/21 11:27:17.478938552,1747819637,474956184,piren,0.06569542325017773,0.06789131590372381,0.03633606274899806,0.0011497267575855332,0.0010883727526911882,0.0
2025/05/21 11:27:17.511591371,1747819637,509600018,piren,0.0653731726597313,0.027238023317749063,0.019894928867777283,-0.0005321692294193081,0.0011208627603675816,0.0009913457013918723
2025/05/21 11:27:17.575874168,1747819637,573483643,piren,0.06560790851894871,-0.09967752571205801,-0.034101410610227194,-0.0005061620641579668,0.0010450811040192405,0.0
2025/05/21 11:27:17.609704608,1747819637,606951862,piren,0.0657428762014654,-0.059648487662819855,-0.018492862905311176,0.0009635132178707212,0.0009063477380476338,0.0
2025/05/21 11:27:17.674848093,1747819637,671977663,piren,0.06566880960349819,0.0659069189392997,0.03522933856853724,0.000696352699617513,0.0004428152774785454,0.0058287057249309885
2025/05/21 11:27:17.707968254,1747819637,706065861,piren,0.06649973629347566,0.025013914766572744,0.01885374786729646,-0.0010296753586821342,0.00022939286509550592,0.0
2025/05/21 11:27:17.772638454,1747819637,770873555,piren,0.06612948649890146,-0.10174721029036113,-0.035166942118417276,-0.0010182944151754748,3.970180212455302e-06,0.006566434943025873
2025/05/21 11:27:17.807260664,1747819637,804924389,piren,0.06628123905927098,-0.061894633563511124,-0.019633672236080996,0.0004616379295277886,-0.00022301103978854058,0.0
2025/05/21 11:27:17.873376366,1747819637,870998142,piren,0.06646498034311263,0.06307302960192863,0.03420643692171768,0.00023231256697686317,-0.0004449630674382834,0.007406779562880937
2025/05/21 11:27:17.906626145,1747819637,904741730,piren,0.06693417241262509,0.021902490027199323,0.01809808841078378,-0.0014399196710828729,-0.0006398892842469074,0.0
2025/05/21 11:27:17.973369818,1747819637,971104742,piren,0.06679060503921302,-0.10489277603117599,-0.03643617454791607,-0.0013773055269923821,0.00012918731899037587,0.008864024296767274
2025/05/21 11:27:18.7971174,1747819638,5709347,piren,0.05798435327401195,-0.06327210247638293,-0.01977784915412042,0.0001877854459819399,0.00021050474478807266,0.0
2025/05/21 11:27:18.74190842,1747819638,71668868,piren,0.061750498042662375,0.061890076083644566,0.03417979787384269,5.3823364803547826e-05,-3.2678553247408526e-05,0.004998578854168302
2025/05/21 11:27:18.109071923,1747819638,106176777,piren,0.0644400331778395,0.02092447666194471,0.018170370834724288,-0.0014958759546253612,-0.0002561103812630956,0.0
2025/05/21 11:27:18.175432016,1747819638,172027622,piren,0.0660755516249372,-0.1059057153033387,-0.0360669471278207,-0.0012818907394022041,-0.00024052730648499438,0.004684722053269452
2025/05/21 11:27:18.207866029,1747819638,205780825,piren,0.06694060569576885,-0.06598369687880824,-0.02064236863840425,0.0004095140659476024,-0.0004583934481932933,0.0
2025/05/21 11:27:18.274717841,1747819638,271284432,piren,0.06771357361700031,0.05942603689054472,0.033577504493936414,0.00042982725554367983,-5.3447311819577536e-05,0.004620069228060506
2025/05/21 11:27:18.307605348,1747819638,305602437,piren,0.06712253838089015,0.017985643460093906,0.01761336846107227,-0.0010106120966641506,-0.00023394074181661383,0.0
2025/05/21 11:27:18.373669399,1747819638,371381587,piren,0.06772654091223408,-0.1083102761564513,-0.03659226557943767,-0.0007242181478220678,-0.0004650881836000458,0.0015294431901440538
2025/05/21 11:27:18.408890835,1747819638,406379742,piren,0.06854434625119664,-0.06875772151744583,-0.021487764356570765,0.0009498768117170441,-0.0006682739855110877,0.0
2025/05/21 11:27:18.474107471,1747819638,472107458,piren,0.06850294244654828,0.05734860033936128,0.03321478462142523,0.0010934524273794178,-0.000593143651362347,0.001275876167896007
2025/05/21 11:27:18.508870715,1747819638,506332641,piren,0.06756774509476557,0.014846366389301771,0.017029787756114485,-0.0006126674318267854,-0.0007000864679230854,0.0
2025/05/21 11:27:18.574561223,1747819638,572202429,piren,0.06732945843011923,-0.10947565324740113,-0.03569797057146713,0.0005899712655939678,-0.0008059730703362662,0.000951558216506605
2025/05/21 11:27:18.609790256,1747819638,606446499,piren,0.06694305896851073,-0.08227533967720474,-0.016482441813525435,0.0002978277949988986,-0.0008599073496871621,0.0
2025/05/21 11:27:18.675016107,1747819638,672938023,piren,0.06635384456791968,-0.1768224061233381,-0.052046776712450796,0.00026212038993887786,-0.0008567197780681275,0.001231972559180521
2025/05/21 11:27:18.709643473,1747819638,706818106,piren,0.0657805384926649,-0.22049669246062703,-0.09927528977823973,0.0015737800137834265,-0.0008212841622405294,0.0
2025/05/21 11:27:18.778527453,1747819638,774010902,piren,0.06545604478512321,-0.030813989077694216,-0.006762169094733224,0.002135115566521345,-0.0005035511380454842,0.0019920546977390385
2025/05/21 11:27:18.811612776,1747819638,809007279,piren,0.06460974966067179,0.07956685401039994,0.03728804283071445,0.0008213661867633083,-0.00038962753349486713,0.0002732203916416881
2025/05/21 11:27:18.876373366,1747819638,874354252,piren,0.06468797814057632,-0.042422958087266024,-0.006028590237935101,-0.0011091074197655494,-0.00027749957169676947,0.0
2025/05/21 11:27:18.911745145,1747819638,909491864,piren,0.06461623149536831,-0.11925372758128189,-0.0486299820414967,0.0010928642568624556,-0.00016198256552505332,0.00033034248723783224
2025/05/21 11:27:18.977771456,1747819638,974415066,piren,0.06408920110976461,0.03933636654366167,0.025370267493087854,0.000268468361767922,-3.485414712502186e-05,0.0
2025/05/21 11:27:19.11631420,1747819639,9660107,piren,0.06354243589041057,0.030105968824599785,0.02260482842936283,-0.0003324079110627791,0.00010454795750235196,0.0
2025/05/21 11:27:19.78856309,1747819639,76117010,piren,0.06308436329098706,-0.09381192052999668,-0.022674834767548287,-0.0007930773503109528,0.0002105394043617093,0.0020889991316543626
2025/05/21 11:27:19.114684712,1747819639,111858625,piren,0.06292564263231785,-0.16286362292911774,-0.059347644696655245,-0.0007878426868890633,0.0003119799935422092,0.0
2025/05/21 11:27:19.180698160,1747819639,178198437,piren,0.06248346143416515,-0.08559433168264105,-0.028646401946787855,0.0006691662487150697,0.0006106805383933557,0.0026304265790981587
2025/05/21 11:27:19.220065054,1747819639,213925435,piren,0.061919388804007894,0.06438928487819182,0.03760587133014525,0.0003904516475459485,0.0006393553636850841,0.0
2025/05/21 11:27:19.252958279,1747819639,250381098,piren,0.06266608069412638,0.04116181720642338,0.027767878777580766,-0.0013439232428530295,0.0006234883901093921,0.002216219426415383
2025/05/21 11:27:19.322837728,1747819639,316946116,piren,0.06313266792150427,-0.07644647586000677,-0.02096560115210312,-0.0013081752562327017,0.0005834951604396564,0.0005806125419600943
2025/05/21 11:27:19.356452160,1747819639,354132406,piren,0.06342292712530738,-0.03290172255562331,-0.0020548409184484064,0.00021358870519888278,0.0004893712265876071,0.0
2025/05/21 11:27:19.445457580,1747819639,442775565,piren,0.06356808079867933,0.09873652647107357,0.04560207687482955,-0.0015798926954682618,0.00024209905253229485,0.0006997299449824299
2025/05/21 11:27:19.510861314,1747819639,508984047,piren,0.06357365216007504,-0.04276340393564505,-0.008693601733271484,-0.0014220593164098016,0.00010137733841570058,0.0
2025/05/21 11:27:19.580727911,1747819639,576164109,piren,0.06332701281293535,-0.015354558564036183,0.004886295466474459,0.00022583110823781247,-5.7933244985554605e-05,0.004346820004825542
2025/05/21 11:27:19.615458022,1747819639,613310790,piren,0.06331078732418219,0.10280550592569594,0.0524539452981367,0.0001620761202246649,-0.00020832909827420991,0.0
2025/05/21 11:27:19.684500026,1747819639,681913702,piren,0.06321837061559771,0.0562012440744634,0.03189211294990289,-0.0013214048557389523,-0.00011069849266759014,0.004285016503445838
2025/05/21 11:27:19.720439838,1747819639,717331058,piren,0.06276140821482329,-0.07762639429513592,-0.022700432948116953,-0.0010526074415650362,-0.00022492015327033483,0.0008285814283552328
2025/05/21 11:27:19.756599619,1747819639,753580496,piren,0.06276134239367362,-0.07638587148621093,-0.02657769076950973,0.0006115704845369725,-0.00035799822976191473,0.0
2025/05/21 11:27:19.825500490,1747819639,823201461,piren,0.06282572786070742,0.05303299373961892,0.03108174808672526,0.0006654431799221882,-0.0004664657563238946,0.000874122584021711
2025/05/21 11:27:19.861631015,1747819639,859351246,piren,0.0630628361582648,0.02221227892881848,0.0198393608401984,-0.0007443115795313346,-0.001464817857191375,0.0
2025/05/21 11:27:19.930694176,1747819639,926992494,piren,0.07219302748640645,-0.10028167723901008,-0.032451998154100554,-0.0004519162201955179,-0.002354822876131081,0.0022925512634567255
2025/05/21 11:27:19.965995144,1747819639,963571922,piren,0.06816139331755271,-0.05785087081469774,-0.015283472239715021,0.0012571359193104068,-0.0021195947962400334,0.0
2025/05/21 11:27:20.1209277,1747819639,999078668,piren,0.06461336765021751,0.06993301878874732,0.039451144950082895,0.001201738246050452,-0.0017370417624445523,0.0
2025/05/21 11:27:20.70885027,1747819640,67166881,piren,0.06228905613414491,0.030980042901741583,0.023614820131867335,-0.00032993411682319645,-0.0012547540451882115,0.015949592084839922
2025/05/21 11:27:20.105800168,1747819640,103454561,piren,0.06127887135739901,-0.09588379321948923,-0.029923059228074464,-0.0002051828890038112,-0.0007139303819947647,0.0
2025/05/21 11:27:20.174991077,1747819640,172423355,piren,0.05989688391651718,-0.05621027140201607,-0.01415663725378466,0.0014313659726423297,-0.00015680804117135567,0.013499088521052235
2025/05/21 11:27:20.210454874,1747819640,207793355,piren,0.059532772479384446,0.06952582239658188,0.03923936012342078,0.0012834998663363202,0.00039884963038369625,0.0
2025/05/21 11:27:20.279617037,1747819640,276519232,piren,0.05893340903701502,0.029285058934559145,0.022604071534074354,-0.00025551153921453466,0.0009290199804387906,0.01669242643330148
2025/05/21 11:27:20.315511117,1747819640,313293704,piren,0.05926779280565557,-0.0983626562317057,-0.03495579762123057,0.0006400351859764385,0.001382331480040861,0.003193893273451759
2025/05/21 11:27:20.386649263,1747819640,381446851,piren,0.05970835545212668,-0.007034307070225161,0.007593029977518502,0.0015345690287195896,0.0017420216990303543,0.0
2025/05/21 11:27:20.422778654,1747819640,419275705,piren,0.06014978354747421,0.09753516938932576,0.04270566451506078,-0.00019595653117384488,0.001978237931414659,0.003073733308553507
2025/05/21 11:27:20.457834703,1747819640,455682660,piren,0.059913871328940424,-0.06190404582809554,-0.019113682387338078,-0.00030180007983437144,0.0020829441672082956,0.0
2025/05/21 11:27:20.526952918,1747819640,524703030,piren,0.05986512113143393,-0.04289671680229311,-0.010198977747130926,0.0003518623812477791,0.002084139421458844,0.003326780367002381
2025/05/21 11:27:20.565233919,1747819640,561296124,piren,0.06026360917240565,0.04635936061543487,0.028640722760139677,0.0004249952078553571,0.00196040679327283,0.0
2025/05/21 11:27:20.601298174,1747819640,597752522,piren,0.060723792842249075,0.01262666581092613,0.0152907634889714,7.662382510459503e-05,0.0017145176322728222,0.0
2025/05/21 11:27:20.672667647,1747819640,668849826,piren,0.061103621976375797,-0.12599391406103658,-0.04515958004151083,-0.0002715051421443899,0.0013582050511161165,0.017404610996884288
2025/05/21 11:27:20.708158168,1747819640,705740473,piren,0.06214398296358466,-0.08949597312010471,-0.027551489061689447,-0.00039391012154893436,0.0009472336290769757,0.0
2025/05/21 11:27:20.777154920,1747819640,775007773,piren,0.062024467507190324,-0.06257961837793757,-0.014857302884516444,-0.0004765698407432343,0.00048370963805732266,0.016031688809160238
2025/05/21 11:27:20.814662375,1747819640,811131647,piren,0.06256096633445321,-0.04343570002681555,-0.006036354817335511,-0.0005284664384344781,2.461178911779022e-06,0.0
2025/05/21 11:27:20.882805684,1747819640,880752332,piren,0.06222197775313062,-0.03026994658950983,-7.367172288447456e-05,-0.0005229573095474179,-0.0006693410076110567,0.01822344807801028
2025/05/21 11:27:20.919654666,1747819640,917026772,piren,0.06329821713157137,-0.02232839688307424,0.003401155959885293,-0.0005038171615315,-0.001081801363445996,0.00368205075658661
2025/05/21 11:27:20.990129638,1747819640,986580005,piren,0.06315612330803046,-0.016762971494721134,0.0056822061006358456,-0.0004279116907872965,-0.001559966973782683,0.0
2025/05/21 11:27:21.91726320,1747819641,89329119,piren,0.06242860428679511,-0.014242021454428835,0.006721387715276095,-0.0003348489943719638,-0.0020484683323022165,0.01912515343629989
2025/05/21 11:27:21.161298269,1747819641,158579266,piren,0.0618953084808332,-0.012663883736484657,0.0072837068919833076,-0.00023074166285619587,-0.0018445659356574958,0.019846531591663295
2025/05/21 11:27:21.230808299,1747819641,228133782,piren,0.06178924737147217,-0.012339608186998427,0.007339309534522962,-0.00012608118049842716,-0.0015676873178871247,0.0040716305020555696
2025/05/21 11:27:21.266152256,1747819641,264066158,piren,0.06232398903711944,-0.012933084403809577,0.006996177010172587,-6.444874895467447e-05,-0.0019071079796726127,0.0
2025/05/21 11:27:21.301383190,1747819641,299451667,piren,0.06361346693837922,-0.01356001011424293,0.006544170825231344,2.4791608973934658e-05,-0.001457933175923541,0.0
2025/05/21 11:27:21.371130690,1747819641,368787048,piren,0.06188492379566923,-0.014812551951461115,0.005846448848960183,0.00011472765824860917,-0.0008923230082020137,0.02488795531181238
2025/05/21 11:27:21.407322908,1747819641,405427607,piren,0.061706433005808164,-0.015852670095970887,0.005202386962964731,0.00019863682354409335,-0.00029088244067019316,0.0
2025/05/21 11:27:21.476781975,1747819641,474616447,piren,0.060572353447821276,-0.01668670949307926,0.004576441573542318,0.0002705528129077374,0.00030320053428027285,0.026378485976208663
2025/05/21 11:27:21.513566904,1747819641,510441172,piren,0.06096102006596345,-0.01730461721366644,0.004012931127283871,0.0003285086022457434,0.0008647882188360596,0.0
2025/05/21 11:27:21.584435814,1747819641,581006533,piren,0.060238487733476044,-0.01768028130441104,0.003492665686078193,0.0003672295313965723,0.001386692653442565,0.02576467740031505
2025/05/21 11:27:21.623905477,1747819641,621529673,piren,0.06059875553826445,-0.017859943508608637,0.003031728122276847,0.00039267475408423866,0.0017902124185969774,0.005490679246065181
2025/05/21 11:27:21.661719600,1747819641,658408677,piren,0.06187059575951183,-0.018054354327724582,0.0026259914391936444,0.00038923035924231494,0.0020450593706209624,0.0
2025/05/21 11:27:21.734958278,1747819641,730591087,piren,0.06287640309063584,-0.017801588889893197,0.0023454122406168856,0.0003667280171216274,0.002178070137617204,0.004668635127618001
2025/05/21 11:27:21.792838562,1747819641,785839823,piren,0.0621172474907282,-0.017446953009987477,0.001982593989395468,0.0002610070298058451,0.002009707198870647,0.0
2025/05/21 11:27:21.861430875,1747819641,857984579,piren,0.061529093177458936,-0.017057724121471635,0.0016962771793369335,0.00018660688432998497,0.001941409810904293,0.02199103437347263
2025/05/21 11:27:21.932111474,1747819641,928983412,piren,0.06173502098028857,-0.017377917805597366,0.0012166128783628364,0.00011502220607773135,0.00156619658574164,0.004861952255571812
2025/05/21 11:27:21.968015302,1747819641,965740298,piren,0.06269390315010562,-0.01696831394144622,0.0011041633378940398,2.516960808476495e-05,0.0010801478919479864,0.0
2025/05/21 11:27:22.40646149,1747819642,34772360,piren,0.06320240832902697,-0.01667794535695872,0.0010207094454980498,-5.506218242945917e-05,0.0005619459280999118,0.004894257058031674
2025/05/21 11:27:22.73896085,1747819642,71807921,piren,0.062311420856125135,-0.01685952314677028,0.0008478925851911273,-0.0001345529219957879,1.7785289923809505e-05,0.0
2025/05/21 11:27:22.111887148,1747819642,108430409,piren,0.06208834026000646,-0.017671209261804183,0.0005688220613991898,-0.0002018387945190332,-0.0005144396616226811,0.0
2025/05/21 11:27:22.181200723,1747819642,179177993,piren,0.06175964571851344,-0.018154948348037485,0.0005087982006632208,-0.00026172377080651237,-0.0010020082439447832,0.025163825262879386
2025/05/21 11:27:22.217391060,1747819642,215270293,piren,0.06231175896034742,-0.01906950067790049,0.0003227315856066909,-0.0003020780659414834,-0.0014213361683794662,0.004982852383397499
2025/05/21 11:27:22.253876576,1747819642,251778012,piren,0.06231178229693682,-0.01906933983466425,0.00032769156606427045,-0.00034226178649841003,-0.0017460032470293706,0.0
2025/05/21 11:27:22.325470305,1747819642,322829224,piren,0.06279339829813405,-0.020822882813327327,-0.0001195297414455875,-0.0003493777261966577,-0.0019641974895292513,0.005016861044607343
2025/05/21 11:27:22.363984910,1747819642,360568827,piren,0.061770753447037655,-0.021249060625177,8.193590685970608e-06,-0.00035168154996129505,-0.002059069101374274,0.0
2025/05/21 11:27:22.436871542,1747819642,432820102,piren,0.06092623572461683,-0.022088420754639404,0.00010660110278937681,-0.0002896649066768835,-0.001890198222541847,0.004872781623400184
2025/05/21 11:27:22.509801613,1747819642,505035531,piren,0.06064390009281614,-0.022953759038897285,0.00011037534627369773,-0.00024378379379540028,-0.0016422356344864331,0.0
2025/05/21 11:27:22.579223551,1747819642,576308022,piren,0.06012863143648895,-0.023658923829287276,0.00010824280745572476,-0.00018809303770883472,-0.0013025310831080853,0.025711388544807805
2025/05/21 11:27:22.615210607,1747819642,612929522,piren,0.060676019643759314,-0.024158085621644086,0.00010404750685401774,-0.00012370145584003763,-0.000896381273598304,0.005156671519804241
2025/05/21 11:27:22.654893138,1747819642,651304378,piren,0.06150606676640351,-0.024407871277855882,8.88403109195626e-05,-8.469763506815531e-05,-0.00046748302063678285,0.0
2025/05/21 11:27:22.727400157,1747819642,724511226,piren,0.06201992190470762,-0.024001485780969924,0.0002610974612411784,-1.0260162320655411e-05,-2.181509716029421e-05,0.005181951566160811
2025/05/21 11:27:22.764400599,1747819642,761706633,piren,0.06113676346864246,-0.02378828245206201,0.0002798214098372073,1.8633206405228307e-05,0.000588641940607312,0.0
2025/05/21 11:27:22.836432340,1747819642,833733427,piren,0.05993981585584869,-0.022804972955529322,0.0004866522906340032,0.00017051090099333503,0.0013170163338081513,0.005011100148792253
2025/05/21 11:27:22.911286822,1747819642,907019581,piren,0.05994300211617692,-0.02238645951454787,0.00040478018790943604,0.000223148250986519,0.001517790151255013,0.0
2025/05/21 11:27:22.981676375,1747819642,979380314,piren,0.059793706057541494,-0.02195875999826937,0.00033620884953687336,0.00026068915966112323,0.0016116750920316825,0.026155053918243576
2025/05/21 11:27:23.20348003,1747819643,18099028,piren,0.06069559555824897,-0.02149601073630256,0.0002779020631931013,0.00028544976178859717,0.0016149907287052114,0.004922503719375059
2025/05/21 11:27:23.59817596,1747819643,56342637,piren,0.06205561603304369,-0.02109244789328931,0.00021787038314198545,0.0003000621435360346,0.0016992444066592687,0.0
2025/05/21 11:27:23.131207472,1747819643,127743585,piren,0.06243085667728579,-0.020606267302385316,0.00017379932168416784,0.00030191971517892557,0.0015038547997065568,0.004682439812752973
2025/05/21 11:27:23.168136879,1747819643,165347100,piren,0.061682818925603095,-0.020202515438400064,0.0001389373900400173,0.00029184499592567215,0.0011736587304247298,0.0
2025/05/21 11:27:23.205791365,1747819643,203572750,piren,0.061134828450684825,-0.019879427709477367,9.226080333336583e-05,0.00026802447128655016,0.0008190036664407627,0.0
2025/05/21 11:27:23.282417509,1747819643,276833916,piren,0.06038291048837053,-0.019722037192353964,6.550766052413565e-05,0.00023197837789612429,0.00042460344132938093,0.025762169612130917
2025/05/21 11:27:23.317400941,1747819643,314964973,piren,0.06073919782611328,-0.019641793441012172,3.6778887731488274e-05,0.000152755461778949,1.8039542598965495e-05,0.004728883299517202
2025/05/21 11:27:23.356519454,1747819643,353653450,piren,0.06073921171278478,-0.019641765017543455,2.7970177167196564e-05,0.0001229384899357756,-0.0002015617506942356,0.0
2025/05/21 11:27:23.428658676,1747819643,426297795,piren,0.060780291752686524,-0.019556140312099658,7.299986510241948e-05,7.996145558973983e-05,-0.0005825012133784863,0.004570226782889886
2025/05/21 11:27:23.466241240,1747819643,464414666,piren,0.05989809294295648,-0.019778951488653114,4.983197971553825e-05,3.2619125268345787e-05,-0.0009629615203525363,0.0
2025/05/21 11:27:23.539907532,1747819643,535741843,piren,0.059143387965725776,-0.02021249095539679,-1.4057296789641895e-05,-6.708416447302561e-05,-0.0014775239710795272,0.004563865222578607
2025/05/21 11:27:23.611362508,1747819643,609251015,piren,0.05830408008807238,-0.02121466131673214,-0.00011697149179401503,-0.0001138577777626293,-0.001585186400472499,0.0
2025/05/21 11:27:23.683702614,1747819643,681033506,piren,0.05759647611487847,-0.021719536389056673,-0.00012268201791761096,-0.00014648898216334906,-0.0016029405452460178,0.02438588663269259
2025/05/21 11:27:23.724476312,1747819643,719296710,piren,0.05799736083714557,-0.022621908530250097,-0.000307711236223103,-0.0001698518433082477,-0.0015400302057476435,0.004400245575481336
2025/05/21 11:27:23.760691734,1747819643,757910693,piren,0.058823073545709335,-0.022607561017492842,-0.000165014871079858,-0.00012694999556719922,-0.0009515941111486187,0.0
2025/05/21 11:27:23.831444341,1747819643,829395051,piren,0.059879767586649084,-0.02261980957847526,-1.701241153513232e-05,-0.00014045917713167367,-0.0007918361639486923,0.0042518761490010675
2025/05/21 11:27:23.868755732,1747819643,866379146,piren,0.059292390774637396,-0.022731071555834616,2.9879050173461726e-05,-0.00011352970989454488,-0.0003543624339570937,0.0
2025/05/21 11:27:23.908414826,1747819643,904919197,piren,0.05846166736342663,-0.022995311609164543,-3.808543961639357e-05,-0.00011093766504719612,-0.00014642692950905987,0.0
2025/05/21 11:27:23.983536460,1747819643,978505812,piren,0.05827262407271461,-0.02283430243227742,3.2921237777220594e-05,-0.00010593362992378732,1.779952604547079e-05,0.01732968706709471
2025/05/21 11:27:24.20241182,1747819644,16417933,piren,0.05882998803521963,-0.022650290131037566,4.9628205507053317e-05,-9.942155681153504e-05,0.0002137556589356356,0.0033007402246805245
2025/05/21 11:27:24.56701710,1747819644,54790833,piren,0.05928498338807242,-0.02233157010833952,-1.390379097563651e-05,-3.6709774624768094e-05,0.0007384460018946417,0.0
2025/05/21 11:27:24.129462584,1747819644,126083830,piren,0.056132940546733595,-0.023882075962647416,-0.0007642639222839748,3.9956531653180574e-06,0.0009657723403302326,0.0027964586942840902
2025/05/21 11:27:24.165886864,1747819644,163757787,piren,0.056869721394959646,-0.022507841542474046,-0.0003798026093162186,2.820227725151831e-05,0.000984195685092536,0.0
2025/05/21 11:27:24.226806698,1747819644,224034565,piren,0.05729538553978897,-0.02146529414865358,-0.00015513688800782474,4.8144908184455616e-05,0.0009841152144735403,0.002566219646804473
2025/05/21 11:27:24.265670564,1747819644,261571439,piren,0.05755549026579822,-0.020620766007033112,-4.70606830224278e-06,7.346774398353013e-05,0.000994870942272787,0.0
2025/05/21 11:27:24.336460560,1747819644,334072404,piren,0.057532454741609035,-0.020044052616256625,4.967801262732228e-05,9.243015027998673e-05,0.0008845093585590656,0.002467889742989973
2025/05/21 11:27:24.373797309,1747819644,371736831,piren,0.05763078545709888,-0.019465978697458697,0.00011010600495194455,0.0001183095514248795,0.0006854566972853716,0.0
2025/05/21 11:27:24.412837668,1747819644,410348337,piren,0.05767634531725473,-0.01915488983964827,7.226599303166687e-05,0.00013384287928832762,0.00048285512104084117,0.0
2025/05/21 11:27:24.485395713,1747819644,483753575,piren,0.05765306644693932,-0.018881872617875557,9.630181268394629e-05,0.0001512654144731652,6.863795886746731e-06,0.010624002955485464
2025/05/21 11:27:24.561051139,1747819644,557405924,piren,0.05757927095206799,-0.018691670076814906,9.078656683514427e-05,0.00015173096256040745,-0.00023849352600064326,0.01165532105703064
2025/05/21 11:27:24.633038548,1747819644,629738391,piren,0.05780083533828353,-0.01860499622703587,6.57809278655346e-05,0.00014655086681785237,-0.0004288293330010964,0.002026132572135976
2025/05/21 11:27:24.670996438,1747819644,668751498,piren,0.057792014654935255,-0.018557523755828798,3.809258244098176e-05,0.00016946976712702862,-0.0004441823534250196,0.0
2025/05/21 11:27:24.711256644,1747819644,706598077,piren,0.057075726617425576,-0.019071330751184643,-0.00018781921680878462,0.00016846692845907547,-0.0005006989843396084,0.0
2025/05/21 11:27:24.783743433,1747819644,780900779,piren,0.056153327707072126,-0.018979935715894822,-0.00017708500580283627,0.0001583479874682812,-0.00046359507357264464,0.009843658541687977
2025/05/21 11:27:24.821407991,1747819644,819258906,piren,0.05512901181542172,-0.019066396408930264,-0.00024377030811243864,0.0001427779326733625,-0.00019870683225789294,0.0017330649492068345
2025/05/21 11:27:24.858807206,1747819644,857059918,piren,0.05352544132428005,-0.01896067154682048,-0.00019693309250466614,7.957230294670856e-05,-0.00018643753141749835,0.0
2025/05/21 11:27:24.932152088,1747819644,930048871,piren,0.05308627163312094,-0.01861875027593024,-0.00011178591781534403,6.659330261278004e-06,0.00014794317944624984,0.0015936670719711066
2025/05/21 11:27:24.970194477,1747819644,967982476,piren,0.05166312448418916,-0.018046038450583765,8.526429064409842e-05,2.3984919431862296e-06,0.0004992203920342995,0.0
2025/05/21 11:27:25.8746715,1747819645,6276524,piren,0.05088453598940648,-0.017872817781623675,8.891580698090817e-05,-8.084002529067851e-06,0.0008187609333275178,0.0
2025/05/21 11:27:25.83471619,1747819645,81123850,piren,0.05105606455224943,-0.01782046385724001,4.057226869314876e-05,-1.572281683778474e-05,0.0011812228516492557,0.004787571397862706
2025/05/21 11:27:25.158412525,1747819645,155582226,piren,0.051906688532514546,-0.017894409748879618,-0.00010470655896646222,-6.343876598389668e-05,0.000973563651079443,0.0036471039019658888
2025/05/21 11:27:25.231072079,1747819645,228660921,piren,0.053168853379922144,-0.017472738576255035,-5.321627728306122e-05,-7.149090699388073e-05,0.000993572217309179,0.0007374927814696731
2025/05/21 11:27:25.272200274,1747819645,267876937,piren,0.053423017317539914,-0.017500175226034042,-0.00017972743258074626,-7.175761513161359e-05,0.0010180049446412093,0.0
2025/05/21 11:27:25.309893014,1747819645,306915383,piren,0.053520010644644275,-0.017367995735520145,-0.00021931310282390573,-6.170897451714932e-05,0.0009522159883649555,0.0
2025/05/21 11:27:25.383561547,1747819645,381137162,piren,0.053454954714388485,-0.01720693757727742,-0.00025270821273838423,-5.762132207174449e-05,0.0008309580965812581,0.0026060450081267696
2025/05/21 11:27:25.422828830,1747819645,420440982,piren,0.05354753105257,-0.01690515651533274,-0.00020078464658543417,-4.034102075993144e-05,0.0006795820054468826,0.0002578177607690326
2025/05/21 11:27:25.462331275,1747819645,459032755,piren,0.053574568003998034,-0.01686641349230778,-0.00021556627407273514,-2.430593051474039e-05,0.00042191146196604476,0.0
2025/05/21 11:27:25.536763423,1747819645,534287500,piren,0.053771947177973116,-0.01679473459213521,-0.00019550181850937873,1.5159753552780588e-05,1.892312697847925e-05,7.989975373257664e-05
2025/05/21 11:27:25.611900684,1747819645,609436113,piren,0.053305318565418126,-0.016837751713880193,-0.00011029644168845925,3.8702336755659426e-05,-0.00017353611972723161,0.0
2025/05/21 11:27:25.685578070,1747819645,682992930,piren,0.053139478811155924,-0.01713558684491641,-0.00013269049959149283,9.00694468402881e-05,-0.0005622492960026564,-0.000386697981072459
2025/05/21 11:27:25.725763132,1747819645,723236099,piren,0.05326386259336345,-0.017748423225651306,-0.00027686189163754954,0.0001186744313679912,-0.0006589823387173014,-0.00011122955332316421
2025/05/21 11:27:25.766438171,1747819645,762548563,piren,0.052618539856875084,-0.01803851017533433,-0.00025697351470531485,0.00012964605266979046,-0.0007510932753263637,0.0
2025/05/21 11:27:25.841861695,1747819645,837218574,piren,0.05230189101971219,-0.01833512223121925,-0.00021530481166230397,0.00014022020331674474,-0.0007227543883368819,-0.00029194167884444977
2025/05/21 11:27:25.878994014,1747819645,876431220,piren,0.0518699149410466,-0.0187151515139761,-0.0002171754917594176,0.00012948797106676583,-0.0006492908220353887,0.0
2025/05/21 11:27:25.918446800,1747819645,915640091,piren,0.05155661777157838,-0.01891270374763957,-0.00013488169451591835,0.00012010982352856916,-0.0005301365408176799,0.0
2025/05/21 11:27:25.959229598,1747819645,956158110,piren,0.051779915711978305,-0.01937634356219001,-0.00013278780437599977,9.980663997260711e-05,-0.0003474303115565159,-0.002488010151346492
2025/05/21 11:27:26.34188533,1747819646,30707878,piren,0.05188162843032274,-0.019741075396508507,-9.20314363024438e-05,3.0604100487523684e-05,-4.745371669428263e-05,-0.0007964785448655449
2025/05/21 11:27:26.107257129,1747819646,105085690,piren,0.05211173557915402,-0.01940816022746827,0.0001821289442716352,-8.83414239943198e-06,0.0001100756649935562,0.0
2025/05/21 11:27:26.182412394,1747819646,180256723,piren,0.05227327809851785,-0.019797438085838392,0.00010313571935098927,-4.375640046053009e-05,0.00025199710358342364,-0.005079647672170038
2025/05/21 11:27:26.221693014,1747819646,219046398,piren,0.052299081966680344,-0.02003249727938742,5.4783302132963945e-05,-7.804168365811839e-05,0.0003686453806922705,-0.0011680186868162719
2025/05/21 11:27:26.260451222,1747819646,258425048,piren,0.052183722767863226,-0.02015745077334423,2.4718018941568267e-05,-0.00011431836609227563,0.0004822733065347299,0.0
2025/05/21 11:27:26.335872846,1747819646,332929341,piren,0.0521936517875223,-0.02020027504419807,2.4051062860909712e-05,-0.00014571740057547772,0.0005248045296092472,-0.0014313071835543477
2025/05/21 11:27:26.373906326,1747819646,371374558,piren,0.05245538846314282,-0.020199290762973637,9.531370421634413e-06,-0.0001828160654776403,0.0005134660812624377,0.0
2025/05/21 11:27:26.413166945,1747819646,411054515,piren,0.05279937288645805,-0.020122611192512515,5.661518440612337e-05,-0.0002028903216876624,0.0004843056821346524,0.0
2025/05/21 11:27:26.489028088,1747819646,485679669,piren,0.05349828424794665,-0.02038880342564308,2.778296434952039e-05,-0.00021546000657326027,0.0003203246388002682,-0.008489843906348967
2025/05/21 11:27:26.564739835,1747819646,562782181,piren,0.053848609450109754,-0.02059719952516934,1.5983712856576383e-05,-0.00020970289235437727,0.00019147831849224413,-0.007341248981343353
2025/05/21 11:27:26.604087428,1747819646,601248601,piren,0.05388441363471977,-0.020795012545283754,1.2159964033951486e-05,-0.00019544252916309557,4.805357196567993e-05,0.0
2025/05/21 11:27:26.681300847,1747819646,678250870,piren,0.05418633983802685,-0.020998482587609897,1.0124136547552613e-05,-0.0001762886213942219,-0.00011458892441177569,-0.010262678278912616
2025/05/21 11:27:26.742231316,1747819646,738462842,piren,0.053755604396871826,-0.0211418195395883,1.0685704934654341e-05,-0.00013757388133696854,7.485540712889099e-05,-0.001963354015512988
2025/05/21 11:27:26.817522354,1747819646,814681771,piren,0.052672543272131576,-0.02142979974096979,9.538794433450107e-05,-0.00011295014997655987,-0.00010451120666618406,-0.0031239813766015924
2025/05/21 11:27:26.857135487,1747819646,852965657,piren,0.053436240111332876,-0.021811349127068065,8.611597800028887e-05,-9.715751592389762e-05,-0.00032905622887708963,0.0
2025/05/21 11:27:26.933256279,1747819646,930165213,piren,0.053860767170667935,-0.021548260457392873,0.0003192185135853349,-6.881089705770881e-05,-0.0005135617270581734,-0.0026433353802780744
2025/05/21 11:27:26.971540158,1747819646,969187672,piren,0.053813847168215995,-0.022110338487584633,0.00020824230688247438,-3.300307736931742e-05,-0.0006666504901954534,0.0
2025/05/21 11:27:27.11605558,1747819647,9019750,piren,0.05375103704261459,-0.022627558239282974,0.00014250405205525835,-5.1938143348325985e-06,-0.000783000356869496,0.0
2025/05/21 11:27:27.88553453,1747819647,86367595,piren,0.053525966063640434,-0.022884133465924602,0.00014513423158870212,4.210020220771842e-05,-0.0006893545349097192,-0.013669285275978271
2025/05/21 11:27:27.130503594,1747819647,127697120,piren,0.05254152998727871,-0.023350281181150824,0.000104027368614905,7.721567626588177e-05,-0.0007433680213774969,-0.0031897811144024368
2025/05/21 11:27:27.172251574,1747819647,167358344,piren,0.05234169205675808,-0.023972127948886146,7.188513343562241e-05,0.00010557063250557117,-0.0007733165036180943,0.0
2025/05/21 11:27:27.210973599,1747819647,208104207,piren,0.052202013683312516,-0.0244717390020879,4.9437210753163776e-05,0.0001294002968677568,-0.0007621278153046562,0.0
2025/05/21 11:27:27.251544774,1747819647,249556767,piren,0.052203619206358555,-0.024468314410353718,4.917408316410496e-05,0.0001450488025786688,-0.0007135130324709848,-0.016913966624794476
2025/05/21 11:27:27.328047887,1747819647,325450270,piren,0.05198141632818701,-0.024920987522224658,2.8748203686750412e-05,0.00015178296765805594,-0.0006284690862975769,-0.0033106768760755283
2025/05/21 11:27:27.367838498,1747819647,365298812,piren,0.05132537171487531,-0.025284837295341395,1.9945253901330177e-05,0.00015049603843890035,-0.0005153329899519928,0.0
2025/05/21 11:27:27.407875316,1747819647,405686452,piren,0.050969628133208815,-0.025526855903146378,1.7419659141845116e-05,0.00014401849818698766,-0.0003786691413786721,0.0
2025/05/21 11:27:27.485971975,1747819647,481510939,piren,0.0515821352856442,-0.02570856660594013,6.959804053184601e-06,0.00012564867417664625,-0.0002280897869174239,-0.018331710417208737
2025/05/21 11:27:27.526634726,1747819647,522881826,piren,0.05134131000991008,-0.025749845625575217,2.5136638959674045e-05,0.0001059512380608702,-7.111510652346499e-05,-0.0036115656146244873
2025/05/21 11:27:27.565594909,1747819647,563672215,piren,0.05066929126987859,-0.02572894510383603,2.7503356821197712e-05,6.884633512603242e-05,7.433487879408174e-05,0.0
2025/05/21 11:27:27.641954356,1747819647,640023963,piren,0.05029740685073853,-0.025547027419329762,0.00017843787352544494,6.216153408417229e-05,0.0001203187425549709,-0.0035992771865215882
2025/05/21 11:27:27.716365584,1747819647,714540845,piren,0.05388379753078217,-0.027178434323606743,-0.000653534836210435,9.261469762671176e-05,5.148139995381761e-06,0.0
2025/05/21 11:27:27.793583239,1747819647,791221211,piren,0.05301542243308868,-0.026855507943603085,-0.0005586101803786843,8.78033978207755e-05,0.00028636688034498986,-0.017073884856595195
2025/05/21 11:27:27.870108730,1747819647,867432056,piren,0.05153138487800805,-0.026263700176068137,-0.0003299960930052516,5.451376072186317e-05,0.0006282290076035837,-0.014476707489411971
2025/05/21 11:27:27.910730593,1747819647,908449563,piren,0.05005891411554925,-0.025694086275987238,-0.0001547661923241117,1.693175478141749e-05,0.000883518337798354,0.0
2025/05/21 11:27:27.989067545,1747819647,984867457,piren,0.05015050244732319,-0.025080145245004192,-4.436423878752509e-05,-6.463571784877286e-05,0.0011790373147883215,-0.016766071838214606
2025/05/21 11:27:28.65023664,1747819648,62279736,piren,0.05004917081981107,-0.024601880602263933,3.9307029499309e-05,-0.00014770092574088622,0.0009401479087467122,-0.013644452087724688
2025/05/21 11:27:28.106566804,1747819648,103639751,piren,0.05004919738417344,-0.02460184158326742,2.8387904198562284e-05,-0.0001845770474513451,0.0009425724881259516,0.0
2025/05/21 11:27:28.183805349,1747819648,180923013,piren,0.04951351572698153,-0.024189713273379723,4.4670599579981724e-05,-0.00021063549481658992,0.0009013784572263075,-0.017979766713702543
2025/05/21 11:27:28.225137386,1747819648,222491496,piren,0.049242996207008706,-0.02374834581945027,8.837912319696804e-05,-0.00022632853689501025,0.0008016050921405517,-0.0033593241039298173
2025/05/21 11:27:28.265582922,1747819648,262639490,piren,0.04872833911529582,-0.0234954464054534,0.00011013843268233517,-0.0002355271522865949,0.0006848099245620347,0.0
2025/05/21 11:27:28.344700177,1747819648,341154661,piren,0.048637614954265815,-0.023480792619237672,0.00013717619122723777,-0.00023234592509348596,5.799883606052866e-05,-0.0034226456531095623
2025/05/21 11:27:28.421196723,1747819648,418756263,piren,0.049920181070908065,-0.023754028341801767,4.585064880157708e-05,-0.0002070340568358555,-0.00017100108266498138,-0.004430543483308018
2025/05/21 11:27:28.461802634,1747819648,459204025,piren,0.05051263771054109,-0.024107298179337145,7.098542212766344e-05,-0.00018981856886218483,-0.0003852099720343519,0.0
2025/05/21 11:27:28.540740163,1747819648,537321718,piren,0.05099919696832508,-0.02451783702130799,0.0001538264277208218,-0.00010461082345718729,-0.0007046342821799051,-0.0037448049374358278
2025/05/21 11:27:28.625963103,1747819648,614900760,piren,0.05120710019670231,-0.025115448797897427,0.0001440990605820828,-5.701831396364076e-05,-0.000816674723475192,-0.0038828922594025916
2025/05/21 11:27:28.659986210,1747819648,656115149,piren,0.051037777209586445,-0.025641006146850664,0.00014221576205037585,-1.0105325545666387e-05,-0.000874246371781082,0.0
2025/05/21 11:27:28.736617067,1747819648,733747538,piren,0.050961608633188285,-0.026056399182713345,0.0001680969203477139,7.599657223184144e-08,-0.0009223921817019625,-0.0038960979252269053
2025/05/21 11:27:28.778057178,1747819648,775504017,piren,0.05104218432927135,-0.026112299126260972,0.0003548330140837823,5.6966279491997156e-05,-0.0009480283762254797,0.0
2025/05/21 11:27:28.818984415,1747819648,816621416,piren,0.05126318809883915,-0.026473748988863656,0.0003963080448739762,9.987361810124437e-05,-0.0009239990775092321,-0.0041122156801024585
2025/05/21 11:27:28.862170594,1747819648,856377854,piren,0.051138074460075275,-0.02700805574395912,0.00034064439468526556,0.00011223639580233813,-0.0006951113666028971,0.0
2025/05/21 11:27:28.937029102,1747819648,934922010,piren,0.050837653797702574,-0.02724189439475887,0.00040600731069359325,0.00014427861974513896,-0.0006137698669831638,-0.004341365058489646
2025/05/21 11:27:28.979410791,1747819648,976575904,piren,0.05062820342095866,-0.02755435572104652,0.0003534513035565537,0.000161604498885451,-0.00035768903007178405,0.0
2025/05/21 11:27:29.19896729,1747819649,17463290,piren,0.05078639865879402,-0.028177817085573535,0.00029477150751321064,0.0001649105792948089,-0.000268196184158135,-0.005543662450500683
2025/05/21 11:27:29.60625026,1747819649,58454720,piren,0.05108288194086241,-0.02864876571226583,0.00023742470114064055,0.00015760430970474784,-0.00018754526694578932,0.0
2025/05/21 11:27:29.139825204,1747819649,136011056,piren,0.05124477745031443,-0.02896289927810161,0.0001701975889665065,0.00011070803582501018,7.535680375590867e-05,-0.004769670055996722
2025/05/21 11:27:29.215901102,1747819649,213784822,piren,0.05068590211057993,-0.029092408024994788,0.00016903219837606216,8.218924431440875e-05,0.00014594247800872972,-0.004921461417327974
2025/05/21 11:27:29.256803629,1747819649,254213399,piren,0.05036287407752714,-0.029302059433630442,0.00010317230128337524,5.0655302662410354e-05,0.00018598767098911088,0.0
2025/05/21 11:27:29.333796916,1747819649,330969509,piren,0.050204408742541666,-0.029367085745886718,6.15270276134624e-05,1.6570600737569308e-05,0.0002114088096751977,-0.004964240414855312
2025/05/21 11:27:29.373921723,1747819649,371602648,piren,0.05009833034678183,-0.029395548774986936,3.153766256442678e-05,-2.0648341040608737e-05,0.00025316282727602885,0.0
2025/05/21 11:27:29.415835061,1747819649,413729082,piren,0.04999318660269478,-0.029394208178111052,1.536573871868951e-05,-5.245102869642719e-05,0.0002431247839823384,0.0
2025/05/21 11:27:29.496985130,1747819649,492937325,piren,0.050094978538095775,-0.029255572658717897,-2.0213912937280312e-05,-0.00010765652309845197,0.00015615809244396662,-0.026559330251355078
2025/05/21 11:27:29.577913252,1747819649,572845356,piren,0.04966795947279106,-0.029290592055130227,-4.6869972715396973e-05,-0.00012847634749999038,0.00025780599906186823,-0.026922770678295595
2025/05/21 11:27:29.617632009,1747819649,614143683,piren,0.0481555628477804,-0.029322501230077035,-6.018767765008017e-05,-0.00014028751234350473,0.0001629289315450244,0.0
2025/05/21 11:27:29.695209672,1747819649,693381476,piren,0.04880849936026313,-0.02930293539038494,-6.863138245179502e-05,-0.00013599989736718076,-0.00014964961638551177,-0.020332754303166046
2025/05/21 11:27:29.798723775,1747819649,795918962,piren,0.049515415144631696,-0.029388416355663634,-9.462595729657535e-06,-0.00010965028111727266,-3.1576601227044527e-05,-0.026625679373510104
2025/05/21 11:27:29.877954363,1747819649,874444645,piren,0.04985779110591086,-0.029428420330824743,5.206790018884992e-05,-0.00010133043197302166,-0.00029231591072385405,-0.02625979038965367
2025/05/21 11:27:29.918303968,1747819649,915847799,piren,0.04903216529005755,-0.02996077406787223,-0.00011600877394544695,-9.953043670866901e-05,-0.0005451828629415772,-0.006622416242610233
2025/05/21 11:27:29.962297974,1747819649,957911856,piren,0.04813283832322773,-0.02988957807532256,-2.0705724026463267e-05,-9.820148779111186e-05,-0.0006056894718316673,0.0
2025/05/21 11:27:30.39360368,1747819650,36311354,piren,0.04737241759403842,-0.030067435377065937,2.1643687231467137e-05,-8.96675765990232e-05,-0.00044012108858100426,-0.006816632114382988
2025/05/21 11:27:30.118695609,1747819650,115580334,piren,0.047301267428927526,-0.02995049192541386,0.000204067250420778,-5.994073622554027e-05,-0.0006108399110208492,0.0
2025/05/21 11:27:30.163447355,1747819650,159775109,piren,0.04834353878239413,-0.029859571400670783,0.00031733210406320286,-7.456425373442846e-05,-0.0007745015085496096,-0.03907847640417907
2025/05/21 11:27:30.242446523,1747819650,240454976,piren,0.04760841353396619,-0.03219617812326822,-0.000646634782396925,3.929206421630239e-05,-0.0004086023340529145,-0.007543527145702201
2025/05/21 11:27:30.323434052,1747819650,321226865,piren,0.045404012122003005,-0.03255393850286269,-0.0005655654409852123,-1.3844524919326926e-05,-0.00047612416624481747,-0.009666008323117311
2025/05/21 11:27:30.365210953,1747819650,362916777,piren,0.04669215235695729,-0.03162178271130352,-4.942838321049818e-05,8.698991479727347e-06,-0.0005488645057231352,0.0
2025/05/21 11:27:30.406873721,1747819650,405022896,piren,0.04759017364231234,-0.03131099988720443,0.00015552552702255575,1.8976514529405928e-05,-0.0005834906555224209,0.0
2025/05/21 11:27:30.487836336,1747819650,485547322,piren,0.04838471245242329,-0.030842338858895965,0.00022063741928371824,7.846371310839838e-05,0.0003405250122576319,-0.04124010413315328
2025/05/21 11:27:30.567775044,1747819650,565494311,piren,0.04840338389787483,-0.030583275191740603,0.00026191708897088797,6.37680856856846e-05,0.00021149809773729914,-0.047878012312265766
2025/05/21 11:27:30.608822879,1747819650,606647162,piren,0.046546274604846755,-0.030434482708862128,0.0002481932574162167,4.594388259632169e-05,8.079403362176246e-05,0.0
2025/05/21 11:27:30.691176146,1747819650,687832501,piren,0.04727786926002105,-0.030195411989974462,0.00020573733732009978,0.00011319016152623711,-0.0009402755437340265,-0.05076876801009247
2025/05/21 11:27:30.770520058,1747819650,767652939,piren,0.043540191553310854,-0.031150729841867283,-0.00024319068321643065,0.00011378006402101329,-0.0009612313474000051,-0.048919138654748756
2025/05/21 11:27:30.813425189,1747819650,811369877,piren,0.04200936881817146,-0.031059398445585033,-0.00023716760079269897,0.00011079255411471365,-0.0006944164653572405,0.0
2025/05/21 11:27:30.895154521,1747819650,892694043,piren,0.043438342642092606,-0.031069776707163183,-0.00024113304866926508,7.445617788820001e-05,-4.6738308789541915e-05,-0.046496236948572287
2025/05/21 11:27:30.978308596,1747819650,975380405,piren,0.04353705872190778,-0.03103845056810681,-0.0002514977950079243,5.1483284386766315e-05,0.0003311703705104497,-0.036353397720012746
2025/05/21 11:27:31.24290758,1747819651,17546959,piren,0.04200538178620376,-0.030603180815099527,-0.00014933814581188527,2.9783065901981296e-05,0.0006463584439734247,-0.00822230969151046
2025/05/21 11:27:31.66103430,1747819651,63154443,piren,0.041066983767217194,-0.030290280415583952,-0.00016804649013550695,-1.9728265891863402e-06,0.0008900487572543001,0.0
2025/05/21 11:27:31.106707460,1747819651,104827761,piren,0.04082717344409008,-0.029780539099663557,-0.00012826658092719996,-2.484969121893371e-05,0.0010922168303031312,0.0
2025/05/21 11:27:31.188653857,1747819651,186527472,piren,0.043139703324004595,-0.02901260939367089,-0.00014236399735864628,-6.80437902657314e-05,0.001112261900673933,-0.04380250791332135
2025/05/21 11:27:31.270833444,1747819651,267527671,piren,0.04392464217768084,-0.028416745112226083,-0.00013499677684915875,-9.103092326302011e-05,0.001133252434037807,-0.04694690107936876
2025/05/21 11:27:31.311667400,1747819651,309411500,piren,0.04284117438560622,-0.02776166261161276,-8.589993635417631e-05,-0.00010138184015107233,0.0011053367119151418,0.0
2025/05/21 11:27:31.393027473,1747819651,390606338,piren,0.04455345524440172,-0.027084986157412175,-9.376235825896985e-05,-0.0001092222646182835,0.000891366328642581,-0.04721126719433667
2025/05/21 11:27:31.474849753,1747819651,472455500,piren,0.04491861761573262,-0.0266650430908765,-8.798499371399483e-05,-0.00010804704119295221,0.0006788709505456802,-0.045395037900407886
2025/05/21 11:27:31.518869610,1747819651,516348628,piren,0.04355587343877544,-0.026277908746549165,-5.4252643729929884e-05,-9.482171681682472e-05,0.0004496051643051496,0.0
2025/05/21 11:27:31.600514431,1747819651,597691137,piren,0.04496067572015825,-0.026127900672971122,-7.758143488922614e-05,-5.1230361691648754e-05,7.762261097131438e-05,-0.04518991507455566
2025/05/21 11:27:31.682703416,1747819651,680374525,piren,0.046540520427280345,-0.025703320517066017,-9.575551337543286e-05,-3.1192480074545644e-05,-0.0005095527228209284,-0.22740550184137207
2025/05/21 11:27:31.764566855,1747819651,762596982,piren,0.04441673011235525,-0.02657891764352677,-4.6118991461291574e-05,-2.4540721514374545e-05,-0.0007486785944363086,-0.0466346835367367
2025/05/21 11:27:31.806275050,1747819651,804443479,piren,0.04161182799756161,-0.026714919554752723,5.896176030158276e-05,-3.476367254307713e-07,-0.0009390440266350678,0.0
2025/05/21 11:27:31.888179635,1747819651,885135707,piren,0.04373303325991296,-0.027084985579584678,8.105031625232734e-05,2.1517009474007168e-05,-0.0011413288850591768,-0.04766684664837546
2025/05/21 11:27:31.970679290,1747819651,966354775,piren,0.04427476063885958,-0.027365916254747342,0.00017178284891092164,4.8040421470706244e-05,-0.0011389107066580968,-0.049049284784284414
2025/05/21 11:27:32.12553599,1747819652,9917087,piren,0.042784516606683316,-0.027780280472362383,0.0001653518414781368,6.845476047274508e-05,-0.0010727862605842105,0.0
2025/05/21 11:27:32.96079708,1747819652,92291872,piren,0.04423156521173102,-0.028232025199116176,0.000119132466804452,8.300030322575466e-05,-0.00075905275382722,-0.04783631043903446
2025/05/21 11:27:32.177145465,1747819652,174440559,piren,0.04428496901499892,-0.028928851262325216,7.161425520329863e-05,7.574479969936818e-05,-0.0004957380729395442,-0.03485372696945416
2025/05/21 11:27:32.219806748,1747819652,217546149,piren,0.043236921964388886,-0.029958383357444253,-0.00026357238263593954,8.644635018135199e-05,-0.0002464067842797035,-0.008860281172096638
2025/05/21 11:27:32.265950764,1747819652,263436952,piren,0.042106596455577704,-0.029806623448306098,-0.0001536950488377092,8.997897417603654e-05,3.5195956091766333e-06,0.0
2025/05/21 11:27:32.309061338,1747819652,306201238,piren,0.04156662754036129,-0.02956341387428315,-8.759718362153164e-05,8.717544962227813e-05,0.00024580372824904034,0.0
2025/05/21 11:27:32.391336264,1747819652,388727583,piren,0.04333463017409872,-0.028979594711875445,-3.638696446632134e-05,7.089686681548699e-05,0.0006463661686832607,-0.04769872495651756
2025/05/21 11:27:32.473550113,1747819652,471375415,piren,0.04410875619167481,-0.028846555516526894,-1.4351418975897855e-05,4.748221335537347e-05,0.0007819460897572841,-0.048330760091865585
2025/05/21 11:27:32.516278130,1747819652,513727641,piren,0.043295546584574844,-0.028414555490881566,4.937944509380779e-05,1.4696669654194795e-05,0.0008848315888119268,-0.008915336372573437
2025/05/21 11:27:32.559863532,1747819652,556595893,piren,0.041750580090286656,-0.027931907041297926,0.00012753269068163512,8.164832282036074e-06,0.0009283118043972164,0.0
2025/05/21 11:27:32.642674987,1747819652,640403326,piren,0.04125616521974041,-0.027592222835873363,0.0002135713435517494,3.195837593382682e-05,0.0005473871052320909,-0.008837032457612493
2025/05/21 11:27:32.724849995,1747819652,722577781,piren,0.04615472017638506,-0.02885772247533272,-0.0005806657641662327,6.439424996629749e-05,0.00039953928102010776,-0.008639508508843728
2025/05/21 11:27:32.767155200,1747819652,764599555,piren,0.04524614205028963,-0.028658885324052853,-0.0006382170173469472,6.349349686727832e-05,0.00010425576572343259,0.0
2025/05/21 11:27:32.809456353,1747819652,807406249,piren,0.0445648902552937,-0.027851157146371583,-0.00039247691766778757,5.818531615248733e-05,0.00015596414225938187,0.0
2025/05/21 11:27:32.891238031,1747819652,889168492,piren,0.044335172323618596,-0.02715853829895793,-0.00023901173586535665,2.9932994044079523e-05,9.328620259568998e-05,-0.04534948254867663
2025/05/21 11:27:32.973044688,1747819652,970796509,piren,0.04327477465739137,-0.026837273145089525,-0.00012485384620026865,1.8469998459837496e-06,0.00020369286614877396,-0.044991766958128586
2025/05/21 11:27:33.40175127,1747819653,37282676,piren,0.041046529493475224,-0.02634758335812863,2.7878719334157892e-05,-3.151097593149711e-05,0.00032114924954118525,-0.008334425626834991
2025/05/21 11:27:33.120554500,1747819653,118607738,piren,0.039012380962007064,-0.026274998895395738,6.728635737307989e-05,-4.7404039529876357e-05,0.0003433799119195437,0.0
2025/05/21 11:27:33.163920077,1747819653,161834053,piren,0.03803004873907915,-0.02622558824688973,9.674307314502692e-05,-7.106467499961342e-05,0.000270870835303064,-0.044321238681996576
2025/05/21 11:27:33.246300266,1747819653,243197601,piren,0.03909162205632375,-0.026094435935526353,0.00018438110401385808,-0.00012587083432854005,0.00024400606611225148,-0.00804140050675408
2025/05/21 11:27:33.330846828,1747819653,326354263,piren,0.03857178546567896,-0.02891093188074392,-0.0008714051224150069,-0.0001103432438232078,0.00020426206850760617,-0.010326229377591142
2025/05/21 11:27:33.373569810,1747819653,369861422,piren,0.04050000346775143,-0.027981365228024014,-0.0003932439556489313,-0.00011344105215242508,0.00013417537996982266,0.0
2025/05/21 11:27:33.418310855,1747819653,414772524,piren,0.042039329076845586,-0.027388119725078937,-5.353736051179178e-05,-0.00010620283757724774,7.043544510256657e-05,0.0
2025/05/21 11:27:33.461172073,1747819653,458417150,piren,0.04324890517223395,-0.027172764058626613,8.530122551281575e-05,-9.421522832056465e-05,-4.290076710981701e-06,-0.03932103443217887
2025/05/21 11:27:33.546582966,1747819653,543300502,piren,0.04300550361939601,-0.027140244038289858,0.0001621387304853043,-6.62021907364115e-05,-0.0003500007935993894,-0.008607694328627626
2025/05/21 11:27:33.629574666,1747819653,627040353,piren,0.041863678374902354,-0.027343840678342158,0.0002092920493726025,-4.373675949278806e-05,-0.0003966746316019403,-0.008711228566936857
2025/05/21 11:27:33.673776605,1747819653,671136226,piren,0.04231707680938669,-0.027575998910504815,0.00019372050285561038,-2.9735764876163693e-05,9.230027731966415e-05,0.0
2025/05/21 11:27:33.717094784,1747819653,714278938,piren,0.042115855785041664,-0.02780555857918528,0.00022626868002521952,-9.962224758934267e-06,2.643512269720913e-05,0.0
2025/05/21 11:27:33.761673704,1747819653,758336947,piren,0.04217277708338301,-0.027719229914405688,0.00021624049133790082,-2.185791048303304e-05,6.466388603715897e-05,-0.04764097595476556
2025/05/21 11:27:33.844364723,1747819653,842143468,piren,0.041813226231138895,-0.02754581223786362,0.0003837597705487729,3.783073886541637e-05,-0.00024623099183744616,-0.008967605406729529
2025/05/21 11:27:33.927648960,1747819653,925377554,piren,0.039885464344707196,-0.02833661987679293,0.0003215629483009454,5.547150888574963e-05,-0.00039445249366048835,-0.009526472837123746
2025/05/21 11:27:33.972416041,1747819653,968605856,piren,0.0416136878902867,-0.02872412281449527,0.00025464371915488525,9.902716115604759e-05,1.4181248907566879e-06,0.0
2025/05/21 11:27:34.14633120,1747819654,12462232,piren,0.04256106796399897,-0.029493754317118162,0.00015059990627223332,0.0001058418987408374,-0.00016548957340755817,-0.012014130432708216
2025/05/21 11:27:34.58166376,1747819654,56033966,piren,0.044239868906068874,-0.029814147267463325,0.0001727877573070304,0.00010242517154044606,-0.00035930991692154784,0.0
2025/05/21 11:27:34.144279235,1747819654,139165571,piren,0.045357865332194255,-0.03011266288617081,0.00015428135849587574,5.955256257311514e-05,-0.0005074793746202536,-0.010039926350258565
2025/05/21 11:27:34.225614968,1747819654,223710646,piren,0.04492673475559296,-0.030196543676197778,0.00026092191847237227,5.5266766660492885e-05,-0.0006329760140641269,-0.010053597839033044
2025/05/21 11:27:34.271312992,1747819654,267258248,piren,0.04445942589365487,-0.030527986194944786,0.00024777398118454443,4.152866472001036e-05,-0.0007334301654525826,0.0
2025/05/21 11:27:34.313020104,1747819654,311144043,piren,0.04418527387325469,-0.030972808977190965,0.00019194932203954798,2.410370386631984e-05,-0.000790597858794816,0.0
2025/05/21 11:27:34.398196350,1747819654,394178059,piren,0.04466547752101075,-0.031214399127993567,0.00012307818921110882,-1.7630214983273854e-05,-0.0007760525080633701,-0.05558963741426992
2025/05/21 11:27:34.482736251,1747819654,478921852,piren,0.04457948512042364,-0.03185684880214025,6.446633853828473e-05,-3.3276239817017086e-05,-0.0005407538276425951,-0.12813287405968257
2025/05/21 11:27:34.524931442,1747819654,522493546,piren,0.044687927790529124,-0.03170452748211014,7.424309986955925e-05,-5.0290801119514376e-05,-0.00045813356700591265,-0.010754653435893715
2025/05/21 11:27:34.569073516,1747819654,566057130,piren,0.03793580458163216,-0.032239095681233704,1.5605728898210578e-05,-6.481403504147034e-05,-0.0003660596694360517,0.0
2025/05/21 11:27:34.614936285,1747819654,609880014,piren,0.03396694968566377,-0.03258139976395804,-2.5900920164815704e-05,-7.544345624816128e-05,-0.0002564116061852658,0.0
2025/05/21 11:27:34.696412469,1747819654,694296039,piren,0.03830685067244443,-0.03277115022958792,0.00010056361830643904,2.3465587873353973e-05,-0.0012807368178135792,-0.05504204988701009
2025/05/21 11:27:34.780796261,1747819654,778169356,piren,0.046872904084743094,-0.03375039695016394,-0.0004847387833993898,6.501414496592064e-05,-0.0012640812327172433,-0.05321120873394409
2025/05/21 11:27:34.826391779,1747819654,823725820,piren,0.04208651501760585,-0.033634578031581604,-0.0004427687265121211,8.334775334987502e-05,-0.0006748536093028213,-0.009017192837542808
2025/05/21 11:27:34.871342708,1747819654,867072857,piren,0.03855733885850811,-0.03337148900285562,-0.0003581717996437491,9.173984715398387e-05,-8.119726427937656e-05,0.0
2025/05/21 11:27:34.956147783,1747819654,953998345,piren,0.036152636959686554,-0.03294986362566847,-0.00022822604884869394,1.0591823852464568e-05,0.0005153184273055816,-0.009095241400096795
2025/05/21 11:27:35.41840356,1747819655,39218192,piren,0.038159138714110016,-0.03238987967097564,-0.000240650844322398,-1.2422939149178198e-05,0.0015052776315332822,-0.008888390784161433
2025/05/21 11:27:35.125924262,1747819655,123635716,piren,0.03917777732729582,-0.03342754850274133,-0.0009615539486260756,3.854832895315826e-06,0.0018474299549478643,-0.009057768608400324
2025/05/21 11:27:35.171538203,1747819655,167097281,piren,0.040065043983303926,-0.03182881331888662,-0.0005612988530682808,1.1962816144092348e-05,0.0020544437677242943,0.0
2025/05/21 11:27:35.216070525,1747819655,211294058,piren,0.04111019485373452,-0.030594874533298587,-0.0003130559908966364,1.659266501390348e-05,0.002133406971195948,0.0
2025/05/21 11:27:35.298840983,1747819655,296557459,piren,0.04265349543480893,-0.029118743678325495,-0.00014110979323292587,9.873098067922906e-06,0.0019339633839976903,-0.04834569934414481
2025/05/21 11:27:35.383440856,1747819655,380739768,piren,0.04288042733917023,-0.028284515082255088,-5.851757102362262e-05,1.210610494139479e-05,0.00163605363460384,-0.04910318264291633
2025/05/21 11:27:35.427705105,1747819655,425672911,piren,0.04125868300664661,-0.027523718518778457,-6.3987363256072114e-06,1.4827627140694325e-05,0.0012482529436514116,-0.010368440138361096
2025/05/21 11:27:35.471636072,1747819655,468688692,piren,0.03998105403707094,-0.027290130801368495,3.0392111453173035e-05,1.3191625690720423e-05,0.0005984465892535292,0.0
2025/05/21 11:27:35.516886416,1747819655,514394580,piren,0.0397895716133848,-0.027322170803330742,5.730482196209423e-05,1.3613071046197242e-05,0.00012728173735155677,-0.00960364846277262
2025/05/21 11:27:35.561741514,1747819655,559574883,piren,0.04115369248845009,-0.02745798066404914,6.15655722269218e-05,1.4494796915037765e-05,-0.0003307378800719515,0.0
2025/05/21 11:27:35.647748622,1747819655,645406420,piren,0.04227732656329373,-0.02791647459962292,5.0452998075498954e-05,7.862790448043261e-06,-0.0011484510946534123,-0.009399794294773459
2025/05/21 11:27:35.731816607,1747819655,729804790,piren,0.042216501725440295,-0.028480734706765584,7.479592015443025e-05,7.125479034074002e-06,-0.00144417048550268,-0.009371381516066615
2025/05/21 11:27:35.779599391,1747819655,773938124,piren,0.04160480395675893,-0.029199709585410936,3.525932971787577e-05,7.258027642962337e-06,-0.0016564840349535194,0.0
2025/05/21 11:27:35.822605327,1747819655,819593518,piren,0.04136379074114955,-0.029997634327181482,1.8043084125362157e-05,9.13992548245505e-06,-0.0017738492248011164,-0.00962116536083794
2025/05/21 11:27:35.865787220,1747819655,863924364,piren,0.041319653922828666,-0.030766903305122967,-4.099975557095504e-06,1.0444856891097528e-05,-0.0017499651523282815,0.0
2025/05/21 11:27:35.911603808,1747819655,908494486,piren,0.0412905919602714,-0.03157430438363866,-2.9891465664276574e-05,1.2989506342853595e-05,-0.0016664331111927424,0.0
2025/05/21 11:27:35.998154288,1747819655,995400652,piren,0.0419977086888567,-0.03252967950343502,-5.6222853564660384e-05,1.859590727243385e-05,-0.001251466290712588,-0.04371361813376897
2025/05/21 11:27:36.83371587,1747819656,81025732,piren,0.04184442853642481,-0.03330689101535274,-6.638097572058805e-05,2.206031041215045e-05,-0.0005991882828138051,-0.05242724464362364
2025/05/21 11:27:36.172762693,1747819656,168174055,piren,0.04095201985906518,-0.033863798357602226,-6.481110040580131e-05,1.8661139505457374e-05,-0.00023302253963332307,-0.036700065596431526
2025/05/21 11:27:36.215707142,1747819656,213500923,piren,0.03904979020748665,-0.034017736278744826,-4.126930246956078e-05,2.19231728851006e-05,0.00013247531584453922,0.0
2025/05/21 11:27:36.303821560,1747819656,300833237,piren,0.04017064906737802,-0.033823045400366875,-3.992603361803895e-05,1.1540283631722178e-05,0.0007803489115538489,-0.048258460417999194
2025/05/21 11:27:36.410666184,1747819656,408493523,piren,0.0406848652021563,-0.03359721262564508,-4.412729645629812e-05,1.4415819668232524e-05,0.0012137432346064916,-0.048416237597139214
2025/05/21 11:27:36.497722775,1747819656,495805583,piren,0.04102087269833273,-0.03302876924729759,-5.2063182324090856e-05,1.390855294504499e-05,0.001330994304511598,-0.04613643978867703
2025/05/21 11:27:36.585456391,1747819656,582545561,piren,0.04103557286873342,-0.032520262429446986,-2.8777499071845593e-05,1.5880349544940265e-05,0.0012617273173100474,-0.04453734041551158
2025/05/21 11:27:36.630215955,1747819656,628193839,piren,0.039653191909181824,-0.03212868292677242,-6.406476790126127e-05,2.0044508720602183e-05,0.0011213505167891123,-0.009205552813096537
2025/05/21 11:27:36.676038148,1747819656,673630138,piren,0.03827240950138543,-0.03173316934106646,-5.8303367974069815e-05,1.3936511087654382e-05,0.000895949843861266,0.0
2025/05/21 11:27:36.723117458,1747819656,719731487,piren,0.03776876089154081,-0.031430748054235305,-7.305845730072185e-07,1.368456514639495e-05,0.0006249149825346507,-0.009088764606378457
2025/05/21 11:27:36.767263307,1747819656,765212663,piren,0.03947775620168618,-0.031232554575103384,1.8717236893988543e-05,1.1017531660944626e-05,0.0004710689250050761,0.0
2025/05/21 11:27:36.815702510,1747819656,811572349,piren,0.04062332749440892,-0.03116783692036847,3.511645847711903e-05,7.005358021062127e-06,0.00011892253384434484,0.0
2025/05/21 11:27:36.902589516,1747819656,899597692,piren,0.042175596046702304,-0.03117730242596052,3.831084858097948e-05,-2.720853237143308e-06,-0.0005930097999480097,-0.04512507146600129
2025/05/21 11:27:36.990127043,1747819656,987297279,piren,0.042351574847489346,-0.03166548209404083,3.3646626450964395e-05,-1.1047594678761513e-05,-0.0011380109995186044,-0.03867775015106725
2025/05/21 11:27:37.76458543,1747819657,74701117,piren,0.04234166450090353,-0.03244737892578037,1.1989968372500876e-05,-8.529300839531518e-06,-0.001144967946905158,-0.04780011039258194
2025/05/21 11:27:37.122188670,1747819657,120458654,piren,0.04054687708496743,-0.033131517343763725,-2.353834860397488e-05,-1.0227688694204965e-05,-0.0012627052763092878,-0.009246407158703809
2025/05/21 11:27:37.169084482,1747819657,166068007,piren,0.0387934987920479,-0.0336931725651479,-3.18189896320429e-05,-1.0899628221991235e-05,-0.0013183427100246301,0.0
2025/05/21 11:27:37.213576666,1747819657,211609643,piren,0.037847915020631194,-0.03419488905733388,-4.0950738994284006e-05,-1.532204522000054e-05,-0.0012973525643187216,0.0
2025/05/21 11:27:37.304017063,1747819657,301167196,piren,0.040037994708209734,-0.03454744212565029,-1.3731858733493898e-05,-5.647583756118642e-06,-0.001002983894038324,-0.048097403161017356
2025/05/21 11:27:37.390952036,1747819657,388821372,piren,0.04064375782118481,-0.03503059930073604,-3.765208967756041e-05,4.061337277503944e-07,-0.0007909545048275872,-0.048993086759607084
2025/05/21 11:27:37.439950379,1747819657,436130078,piren,0.03975526420142677,-0.03550462076242382,-5.917962956219727e-05,1.5482255026475034e-05,-0.00026770625116084493,-0.00844577200465394
2025/05/21 11:27:37.528143806,1747819657,524127467,piren,0.03813014505332794,-0.03589636745593099,-7.366459077811952e-05,2.005908662152878e-05,1.2320917913503557e-05,-0.009152578221695396
2025/05/21 11:27:37.572826996,1747819657,570295676,piren,0.0393654141565097,-0.03592115606515871,-7.269586353704429e-05,1.1198072673524032e-05,0.00028160456620584374,0.0
2025/05/21 11:27:37.623603158,1747819657,615944209,piren,0.04043697317074517,-0.03562028502469709,7.787565825882554e-06,2.544478654951328e-05,0.000528042326531919,-0.009081325633286907
2025/05/21 11:27:37.665085839,1747819657,662225936,piren,0.04128809122776034,-0.03534456192812484,-3.815886082712118e-05,3.894433566802684e-05,0.0009648029546450813,0.0
2025/05/21 11:27:37.712434013,1747819657,708930025,piren,0.03981220563992109,-0.03522865847958119,-7.902681843099985e-05,4.418803230599005e-05,0.001149149534767683,0.0
2025/05/21 11:27:37.806338378,1747819657,802766773,piren,0.04183509504562549,-0.034410201688500175,-7.366817736612386e-05,3.37856286554561e-05,0.000956039301032822,-0.04718168307777761
2025/05/21 11:27:37.896504247,1747819657,892121542,piren,0.04231262955612428,-0.033551888447005365,-3.697584417819973e-05,2.622219991894753e-05,0.0007853976306987549,-0.04377316770653863
2025/05/21 11:27:37.983838556,1747819657,981289598,piren,0.04225336046390539,-0.03298137902421558,-1.4397511455091543e-05,1.9149292965527484e-05,0.0006311856801855828,-0.043023895561484594
2025/05/21 11:27:38.30550062,1747819658,27928802,piren,0.04071783833241541,-0.03265497855347164,-8.697808161496565e-05,1.7842978108613874e-05,0.0003995436903739347,-0.008912497087954085
2025/05/21 11:27:38.122014994,1747819658,118111070,piren,0.03809808477974258,-0.03266541927760937,-7.492848416633429e-05,1.2810075749611097e-05,0.00015659224094528854,-0.008578105236504376
2025/05/21 11:27:38.166969794,1747819658,163826129,piren,0.039709560615044465,-0.032605750078794515,-5.735436270909851e-05,-6.081620991342754e-06,-0.00011110907038618444,0.0
2025/05/21 11:27:38.212272601,1747819658,210191282,piren,0.04103275823401996,-0.03210299985473836,0.0001921584397677011,-2.772646746387069e-05,-0.0003413406235755272,0.0
2025/05/21 11:27:38.260558633,1747819658,256981655,piren,0.04180282457961238,-0.03217739373546952,0.00016254774880335447,-1.8627669263198026e-05,-0.0005396271583454687,-0.04089427408538607
2025/05/21 11:27:38.351125611,1747819658,346181638,piren,0.04123422143941192,-0.03250999856910454,7.822878567980164e-05,-9.621398714778805e-06,-0.000815399709875293,-0.008453829223887424
2025/05/21 11:27:38.437288094,1747819658,434936815,piren,0.03935572400835593,-0.03298455285459634,2.0517598399384406e-06,2.992962601193791e-06,-0.0008889053285969414,-0.00848907668122935
2025/05/21 11:27:38.526537756,1747819658,524510067,piren,0.03979755677835311,-0.033681594626902386,-0.00010949065312170881,9.102570812065379e-06,-0.0008460167881861223,-0.008420558776796592
2025/05/21 11:27:38.574709222,1747819658,570975690,piren,0.04007690439946247,-0.033918497764231656,-0.00012820689910579024,1.4831002041548e-05,-0.0007556100152025746,0.0
2025/05/21 11:27:38.623045451,1747819658,618047724,piren,0.040438784625324055,-0.03409357746938667,-0.00012933002082133084,2.1617267298726725e-05,-0.0006235398929699145,0.0
2025/05/21 11:27:38.666796646,1747819658,664751246,piren,0.04116207082436339,-0.034360488099514544,-0.0001307445879282895,2.8559059163808566e-05,-0.00045504449609276397,-0.044681044550171925
2025/05/21 11:27:38.714011443,1747819658,711626248,piren,0.04056608116955741,-0.034569084926689975,-0.00013497869436940806,3.331882792681639e-05,-0.0002637936804424111,0.0
2025/05/21 11:27:38.761648439,1747819658,758187192,piren,0.040349008072069426,-0.03454904883593063,-0.00012606412690788327,3.194081261720631e-05,-7.582463574235681e-05,-0.04425981749117091
2025/05/21 11:27:38.849523103,1747819658,847197459,piren,0.03998714944070161,-0.034183028529523346,-6.571756350214021e-05,2.8129703792283622e-05,0.00028726582644313006,-0.0080251021647517
2025/05/21 11:27:38.939753929,1747819658,937184981,piren,0.03868100094607116,-0.03384219452516925,-2.6732153410759913e-05,2.1332247589864103e-05,0.0005286601666395573,-0.008264340073729884
2025/05/21 11:27:39.28921775,1747819659,26854437,piren,0.03974229185530602,-0.03345971483408301,-8.12525209615886e-06,1.796441698225819e-05,0.0006202208025294811,-0.008221792452563962
2025/05/21 11:27:39.76123487,1747819659,73078129,piren,0.04042094404808534,-0.033066801469368606,1.5307857075863075e-05,1.5171634259834677e-05,0.0006774710944458011,0.0
2025/05/21 11:27:39.121276905,1747819659,119163536,piren,0.04111503573531702,-0.03275037658800259,1.4868907991964359e-05,1.07445867583563e-05,0.0006973767076838832,0.0
2025/05/21 11:27:39.169965966,1747819659,166092883,piren,0.04200974962841278,-0.03256402748359735,2.0994860271086537e-05,6.144816337458398e-06,0.0006716641149711571,-0.04253485464631569
2025/05/21 11:27:39.217256404,1747819659,215291956,piren,0.04164375556687051,-0.03238705591340008,2.5712304372162735e-05,3.530355889271073e-06,0.000611195850525155,0.0
2025/05/21 11:27:39.265095646,1747819659,262158497,piren,0.041528256131137156,-0.03217960313384499,2.1123470240476763e-05,1.0265538858118226e-06,0.0005124035270797562,-0.03822672516869625
2025/05/21 11:27:39.310520575,1747819659,308168983,piren,0.041213189582177664,-0.03201054227182996,1.4040650416526164e-05,-8.689324823127303e-06,0.0003897924343277061,0.0
2025/05/21 11:27:39.400231929,1747819659,397750842,piren,0.04240885048066542,-0.03159443897305373,4.9824641668548e-05,-3.6619720429691775e-06,0.00010107754867727555,-0.029923698992852653
2025/05/21 11:27:39.491520399,1747819659,488930875,piren,0.04263369025541605,-0.031391084752896745,2.1087618278454245e-05,3.814128721322366e-08,-0.00019550911178412594,-0.037421928894156395
2025/05/21 11:27:39.582480875,1747819659,579411446,piren,0.042354164134708994,-0.03134852322456138,7.416674511233439e-07,2.6787708224486097e-06,-0.0003222425460235005,-0.041662784562146615
2025/05/21 11:27:39.628972819,1747819659,625329156,piren,0.04064270865132561,-0.03137161515600044,-2.1963961028666287e-05,7.455043868182815e-06,-0.00042471508876425906,-0.0077179175129105495
2025/05/21 11:27:39.673593138,1747819659,671877390,piren,0.03902551244022188,-0.03144761798854337,-4.4386412317436424e-05,1.2514641082724185e-05,-0.0004987641565998838,0.0
2025/05/21 11:27:39.721023916,1747819659,718719052,piren,0.038453980037466313,-0.031936158477849835,-6.101379329503482e-05,1.5904011761271897e-05,-0.0005402111032970963,-0.009063065348475364
2025/05/21 11:27:39.767029529,1747819659,764776121,piren,0.039995153037960904,-0.03220134597715414,-0.00010834618882335831,1.654709705289974e-05,-0.00032986640883575177,0.0
2025/05/21 11:27:39.815436972,1747819659,811295075,piren,0.03896956968972066,-0.03234600471831711,-5.5878791131674246e-05,1.3877781816227444e-05,-0.00029532420797912635,0.0
2025/05/21 11:27:39.860729391,1747819659,857561688,piren,0.04107642315004866,-0.032233567636308656,-3.4546716165040842e-06,8.220269112072317e-06,-0.0003244175193379035,-0.04058324868484121
2025/05/21 11:27:39.972782720,1747819659,970678348,piren,0.04094328275219879,-0.03210713482433977,2.775462487421902e-05,-1.0436180073675988e-05,-0.0003194566828000072,-0.0075513973943759916
2025/05/21 11:27:40.22503486,1747819660,18071594,piren,0.039402023146765934,-0.03194524137314164,8.017968217938754e-05,-1.5037207518077114e-05,-0.0002872404741735495,-0.008046042177478792
2025/05/21 11:27:40.70106678,1747819660,66322814,piren,0.04045325859213072,-0.03204507271673696,9.158153008287327e-05,-1.4377412906266502e-05,-7.652809780415213e-05,0.0
2025/05/21 11:27:40.116013896,1747819660,114087857,piren,0.04111548137246149,-0.03221722227468443,6.97453575319579e-05,-1.83072202561832e-05,-4.0850432464864745e-05,0.0
2025/05/21 11:27:40.163005057,1747819660,160940343,piren,0.04214910651454929,-0.03217305996278675,6.857935830339761e-05,-2.2105277880196564e-05,-1.687183799241708e-05,-0.04048324999717222
2025/05/21 11:27:40.209363226,1747819660,207442728,piren,0.0415237334847028,-0.03209480464509973,6.914050812059663e-05,-2.2444413936564605e-05,1.0464275052169038e-05,0.0
2025/05/21 11:27:40.300687158,1747819660,298580351,piren,0.042659966366667884,-0.031832378691452036,5.464446443035326e-05,-2.3264736163196584e-05,6.822867412061192e-05,-0.03455036874836483
2025/05/21 11:27:40.393699373,1747819660,391256530,piren,0.04312319540302498,-0.0317101303817025,6.0396593426954944e-05,-1.258836174086853e-05,0.00011482763511198299,-0.04054942340283795
2025/05/21 11:27:40.485391552,1747819660,483166070,piren,0.043088169266078585,-0.03146428543196142,4.499467669970462e-05,2.5558301670379835e-06,0.00013610519494579402,-0.04159239764166492
2025/05/21 11:27:40.577194207,1747819660,573638197,piren,0.04268022370749547,-0.03135149621023828,2.0343834721076152e-05,1.234800699516578e-05,0.0002998851808757967,-0.03983189730764558
2025/05/21 11:27:40.624392088,1747819660,621439270,piren,0.04063340938057739,-0.031109302315298574,-1.2119641258969574e-05,1.3287863576194178e-05,0.0002686624039030904,-0.007359007880176808
2025/05/21 11:27:40.671804016,1747819660,668423858,piren,0.03909533977263648,-0.03078364150249863,1.1393953755123395e-05,2.546870879214791e-05,0.00020903027792354287,0.0
2025/05/21 11:27:40.717962984,1747819660,715503801,piren,0.038365441795043954,-0.0305967337470626,-2.532280410410036e-06,3.26626014769454e-05,0.0001427571883187203,0.0
2025/05/21 11:27:40.765356466,1747819660,762667497,piren,0.038092726521637414,-0.03047395349353748,1.53983273983947e-05,6.951978890757914e-05,-0.00018124158459623701,-0.04046359657916465
2025/05/21 11:27:40.856669229,1747819660,854197028,piren,0.04023023571239238,-0.031083008467523102,-0.0002784621654949486,9.673292185038232e-05,-0.0001872960136678247,-0.007550977717151577
2025/05/21 11:27:40.948456623,1747819660,945693716,piren,0.03902670450352072,-0.030970858293762636,-0.00021013925087802905,9.264799634216701e-05,-6.869128855857131e-05,-0.007541486380317691
2025/05/21 11:27:41.40102014,1747819661,36483540,piren,0.039866396026157595,-0.030648721025075452,-0.0001498318861404263,7.125608068834367e-05,9.203543947596672e-05,-0.007251767897339373
2025/05/21 11:27:41.131868958,1747819661,128723528,piren,0.04016438525827068,-0.030400057161482225,-9.638727984754951e-05,5.4858918439600627e-05,0.0001456273998952776,-0.007609573737008369
2025/05/21 11:27:41.177925955,1747819661,175994395,piren,0.04056194595819351,-0.030140427924029465,-6.919828308102956e-05,3.6108794259795345e-05,0.00018281396724788347,0.0
2025/05/21 11:27:41.226828996,1747819661,224684475,piren,0.04104710652309617,-0.02993710624387517,-4.181325649564751e-05,1.765526875968413e-05,0.00020947304261162907,-0.007708797264466576
2025/05/21 11:27:41.274805874,1747819661,271397756,piren,0.04147295746458237,-0.029741555820328294,-2.783963995571393e-05,-1.8857292379122262e-06,0.00022049505867085934,0.0
2025/05/21 11:27:41.322300546,1747819661,319409234,piren,0.04193627436324266,-0.029604020357749755,-1.631691728958607e-05,-2.2767646700655386e-05,0.0002195435436689842,0.0
2025/05/21 11:27:41.370171772,1747819661,367827763,piren,0.04239637653937238,-0.029348539811163143,5.315349766377556e-06,-4.656981086701578e-05,1.7477696104807702e-05,-0.040278484757357035
2025/05/21 11:27:41.418721598,1747819661,415833738,piren,0.041823001599228665,-0.029396222350576873,2.2801785945303373e-05,-6.100593170327424e-05,2.1206050054575193e-05,-0.008938765011501794
2025/05/21 11:27:41.467229436,1747819661,463757784,piren,0.040401077562137,-0.029473915827759472,1.1506929703113802e-05,-7.200635989370379e-05,3.7800625218862634e-05,0.0
2025/05/21 11:27:41.516677729,1747819661,513864879,piren,0.03969419280988503,-0.029482029611243202,5.187495084536829e-06,-8.1065686365577e-05,5.223808944877562e-05,0.0
2025/05/21 11:27:41.564714781,1747819661,562044301,piren,0.039384640764909495,-0.029373148850507916,7.779395928619786e-06,-8.636534524438468e-05,6.0769583944054095e-05,-0.03671949365580687
2025/05/21 11:27:41.612787978,1747819661,609642025,piren,0.03961493101230657,-0.029351028821706766,1.3354238887496679e-05,-8.601200815729205e-05,6.646924381512402e-05,0.0
2025/05/21 11:27:41.703646205,1747819661,701758182,piren,0.040009369634260245,-0.029175350726501334,1.0437745140521475e-05,-7.286697319864292e-05,6.278450677474654e-05,-0.03371492634984244
2025/05/21 11:27:41.797462440,1747819661,794934103,piren,0.039116036662335395,-0.029040459898276236,-8.481979851873915e-06,-5.411221145198799e-06,-0.00017337629976771872,-0.03887514137650447
2025/05/21 11:27:41.890689860,1747819661,887823888,piren,0.037429758797243376,-0.02889151071869246,-6.933533885961114e-06,2.784104034136044e-05,3.3417011083232295e-05,-0.03744566155547346
2025/05/21 11:27:41.983937430,1747819661,980554576,piren,0.03880254258295435,-0.028780689678927232,-4.7213920646350225e-06,3.949407770547283e-05,0.0001242359217715646,-0.037272307001541195
2025/05/21 11:27:42.32519530,1747819662,29712535,piren,0.03914149325949983,-0.028617729134531845,7.519286745674341e-06,5.0681996529130473e-05,0.00020379015022987273,-0.007077431468984288
2025/05/21 11:27:42.80050494,1747819662,77800425,piren,0.0395337993662002,-0.028728020848607733,7.520251311307362e-06,5.9286861959526705e-05,0.00033750079419462745,0.0
2025/05/21 11:27:42.174421040,1747819662,172202278,piren,0.04179470298233448,-0.028761932913468874,6.394971932139883e-05,5.369661530099249e-05,8.145217434439522e-05,-0.03308562587287271
2025/05/21 11:27:42.222424872,1747819662,219941379,piren,0.04479840885586436,-0.02845843231539049,0.00011184098500221738,5.39107452500143e-05,3.7373014058018824e-05,-0.0070003222846325795
2025/05/21 11:27:42.272447883,1747819662,269764852,piren,0.042966735717617,-0.028511692350047902,6.674922374920126e-05,3.9646280924535105e-05,7.731516710643688e-05,0.0
2025/05/21 11:27:42.322195763,1747819662,317938333,piren,0.04185765472433714,-0.02839455269303092,0.00011707855413152939,4.307916383461911e-05,0.00011003709003225328,-0.006793774393155386
2025/05/21 11:27:42.372022869,1747819662,367846311,piren,0.04238436597831294,-0.02821223645291284,0.0001069114768178939,3.126759213295461e-05,0.00012716462310693416,0.0
2025/05/21 11:27:42.419377907,1747819662,416201013,piren,0.04282476273304557,-0.02803584449622984,0.00012265330703985087,2.7618064835128147e-05,0.00015309017553282166,0.0
2025/05/21 11:27:42.471365078,1747819662,464022443,piren,0.04357481084189954,-0.028249838452841226,5.752129448115136e-05,2.0589810929076607e-05,0.00020176537074452494,-0.0362963577033423
2025/05/21 11:27:42.515852298,1747819662,513862796,piren,0.04267893392821769,-0.028328186508256546,2.6424094799700746e-05,1.4276054404837948e-05,0.00020127036894043766,0.0
2025/05/21 11:27:42.564524072,1747819662,562020405,piren,0.04229063380791874,-0.028343302758720178,-7.089634382571232e-06,4.671481972171535e-06,0.0001786870672205503,-0.03362258717922158
2025/05/21 11:27:42.613608502,1747819662,609985150,piren,0.04171383821797081,-0.02834957921343566,-5.7109971197169756e-06,1.5559904375785497e-06,0.00014444216265466344,0.0
2025/05/21 11:27:42.708286913,1747819662,704098301,piren,0.04264544363370729,-0.02831874099570071,-1.9239974685788348e-05,-6.717278581894623e-06,4.744698605791587e-05,-0.026644433493109545
2025/05/21 11:27:42.803105380,1747819662,799763242,piren,0.04285130241877765,-0.02825456381975197,-3.457925627226066e-05,-1.2259879262528382e-05,-5.431487647863072e-05,-0.03506490108390343
2025/05/21 11:27:42.901333496,1747819662,898720869,piren,0.0429894463595873,-0.028560244067388735,-5.206454920897506e-05,-1.5484882736510508e-05,-0.000147601708291663,-0.03196973730812346
2025/05/21 11:27:43.1308225,1747819662,993659664,piren,0.042984591315076474,-0.028750225009634076,-5.35644397014506e-05,-1.5176716347048721e-05,-0.00021482393265036064,-0.036278971606373916
2025/05/21 11:27:43.92110982,1747819663,87996741,piren,0.04262667905766458,-0.028960217231274687,-5.639247776628331e-05,-1.6277207330999168e-05,-0.00023359462405023794,-0.026030391630108025
2025/05/21 11:27:43.187301868,1747819663,183792815,piren,0.04246781579290082,-0.029026093413278352,-1.9393874312045413e-05,-3.6071320050703106e-06,-0.0002105090638910728,-0.03277354926435342
2025/05/21 11:27:43.282490676,1747819663,280306776,piren,0.042071857298890424,-0.029190695562872265,-2.55708105033622e-05,2.0939910612562743e-06,-0.0001836838379006631,-0.03631739401073148
2025/05/21 11:27:43.332212701,1747819663,330027067,piren,0.04052001200247617,-0.029251215180062674,-3.1971454863470365e-05,6.2453068115416475e-06,-0.0001477811559035981,-0.0065587027269594315
2025/05/21 11:27:43.381559959,1747819663,378775125,piren,0.03906687764219218,-0.02930596363302928,-3.131039742255308e-05,1.074835625202743e-05,-0.00010663238229874594,0.0
2025/05/21 11:27:43.430995197,1747819663,428672711,piren,0.03832939513822206,-0.029427332573394804,-3.267346333411767e-05,1.6580391971210637e-05,-6.123210532986247e-05,-0.006698839337741045
2025/05/21 11:27:43.480523486,1747819663,477177692,piren,0.03960414217570038,-0.029481862676810078,-3.9880446411673446e-05,1.8859280657208753e-05,2.0106836601295042e-05,0.0
2025/05/21 11:27:43.530106501,1747819663,526907481,piren,0.040592944540160644,-0.029468402979425046,-3.144139899784454e-05,2.1446961830870027e-05,6.270013725613756e-05,-0.0067560990409175625
2025/05/21 11:27:43.578019192,1747819663,575837985,piren,0.04151426481842437,-0.029654104481844898,-3.257426245642945e-05,2.3569169324289752e-05,9.428697497148129e-05,0.0
2025/05/21 11:27:43.626943901,1747819663,624884281,piren,0.04226164030022027,-0.029780917275919958,-2.967537820857361e-05,2.687559755996201e-05,0.0001193140716610287,-0.00654678527731298
2025/05/21 11:27:43.701670176,1747819663,698964672,piren,0.042543264091450775,-0.02973401249515638,-3.2700693759719217e-05,2.802914060905425e-05,0.00013562960515288186,0.0
2025/05/21 11:27:43.798165267,1747819663,795299078,piren,0.04301435156237748,-0.02952830695713344,-3.610973165730459e-05,6.51823766864304e-05,-0.00038508472222607956,-0.03336472333301787
2025/05/21 11:27:43.893465960,1747819663,890943190,piren,0.042146497216714804,-0.02955102661040833,-7.45424609677152e-05,7.832918914550598e-05,-6.852354812822482e-05,-0.029546131220811143
2025/05/21 11:27:43.990827697,1747819663,988461993,piren,0.041625817961539024,-0.0294747295217768,-8.734499772650007e-05,7.636980263862315e-05,0.00022812071088931576,-0.027424820495387584
2025/05/21 11:27:44.88320455,1747819664,85748322,piren,0.04163525142373198,-0.029445834769882825,-9.372315447830184e-05,5.703418716440872e-05,0.00047888024934195886,-0.03026223401525343
2025/05/21 11:27:44.185217694,1747819664,182689810,piren,0.04153587704287516,-0.029183690491409894,-8.830719308949202e-05,3.226997354549509e-05,0.0005480200428475463,-0.024856774257133035
2025/05/21 11:27:44.281265909,1747819664,278186126,piren,0.0414653173800226,-0.028959416599302172,-8.631128884361846e-05,1.8731843345086857e-05,0.0005281952736006244,-0.030496550074031393
2025/05/21 11:27:44.330867600,1747819664,327968531,piren,0.040467880476788,-0.0287391853286091,-8.490678635477531e-05,2.6075637538369693e-06,0.0004774260253247329,-0.005582808291409965
2025/05/21 11:27:44.380174977,1747819664,377202011,piren,0.039358886816984476,-0.028528133377015534,-7.233234762189236e-05,-1.3581652424678224e-05,0.00039272412603789014,0.0
2025/05/21 11:27:44.428873318,1747819664,426704046,piren,0.03894062854270163,-0.02844396738793064,-5.811235447069053e-05,-2.6751866923039183e-05,0.00028679323505187605,-0.005806586431942408
2025/05/21 11:27:44.479453616,1747819664,475705773,piren,0.04044890849963956,-0.0285341597424838,-5.4247739642606945e-05,-3.8839165097822016e-05,0.00016260501799720292,0.0
2025/05/21 11:27:44.528504093,1747819664,525749417,piren,0.04162732666238573,-0.0286326515561568,-4.9714796548310715e-05,-5.091298620866013e-05,3.170452019567097e-05,-0.005640269322725408
2025/05/21 11:27:44.577420529,1747819664,575182748,piren,0.04219847207673274,-0.02869618926176619,-3.7195651344410006e-05,-5.958785615485838e-05,-0.00010339808458915013,0.0
2025/05/21 11:27:44.628302577,1747819664,625185323,piren,0.04271600550079976,-0.02876648147815527,-3.27813959763271e-05,-6.320621088820976e-05,-0.00022999148132171025,-0.005711111064216758
2025/05/21 11:27:44.677450985,1747819664,674847574,piren,0.04283150330626546,-0.028873670905156225,-3.737613206913216e-05,-6.391779590113552e-05,-0.0003425406148943178,0.0
2025/05/21 11:27:44.727449773,1747819664,724966496,piren,0.04302409437584679,-0.029025648282247754,-3.856851368669108e-05,-6.356026483956744e-05,-0.0004333022659059448,-0.005778526838242727
2025/05/21 11:27:44.779334292,1747819664,774012565,piren,0.04293075363075313,-0.029175813243927914,-3.055658606521805e-05,-6.498571391185871e-05,-0.0005120848194773995,0.0
2025/05/21 11:27:44.827913377,1747819664,824437127,piren,0.04304010871319676,-0.029250608447942143,1.6486918190366727e-05,-6.0106085877748885e-05,-0.0005603297073806083,-0.005733715807903958
2025/05/21 11:27:44.876576964,1747819664,874391982,piren,0.04289412244675542,-0.02939884954875028,3.003639114782007e-05,-6.266238213734263e-05,-0.0005828493746279837,0.0
2025/05/21 11:27:44.926605577,1747819664,924517506,piren,0.04286615366307876,-0.0294752333704594,7.658988284245612e-05,-7.234174531627375e-05,-0.0005539930117072412,-0.005622171447972102
2025/05/21 11:27:44.976398832,1747819664,974405253,piren,0.042611322027904235,-0.029455754378800342,0.00015106944162350734,-5.1677966577847844e-05,-0.0003318810793543595,0.0
2025/05/21 11:27:45.27535790,1747819665,24326440,piren,0.04231673843396384,-0.02958992752847229,0.000158973881783706,-2.6039424103080155e-05,-0.00027405668674691726,-0.0056922842057331655
2025/05/21 11:27:45.77488642,1747819665,73985980,piren,0.042358286310674925,-0.02976463500377395,0.00011881842779347912,-4.055749713617034e-06,-0.00021697127496736498,0.0
2025/05/21 11:27:45.127593318,1747819665,124781026,piren,0.042538734239296216,-0.029958953088256367,7.16591847270192e-05,1.5509967988386665e-05,-0.00014888101982241518,-0.0056744990204575865
2025/05/21 11:27:45.175954664,1747819665,174182395,piren,0.042425906976864936,-0.030086225801095694,3.500552322095491e-05,3.354641693220896e-05,-7.798569932365562e-05,0.0
2025/05/21 11:27:45.227638578,1747819665,225429735,piren,0.042527644368368006,-0.030138502527662446,1.1502990681444143e-05,5.1174710110510305e-05,-3.474771425964131e-06,-0.005608602293659517
2025/05/21 11:27:45.278492389,1747819665,275951326,piren,0.042548860968522104,-0.03028327056082876,-1.0357042376937096e-05,6.661568345632619e-05,6.717774989737434e-05,0.0
2025/05/21 11:27:45.331843170,1747819665,327951214,piren,0.042755471331190946,-0.030358658033618223,-2.7478727787893285e-05,7.812543753317667e-05,0.00013299731011586223,-0.005569241231911003
2025/05/21 11:27:45.381619284,1747819665,378007668,piren,0.04265641183185417,-0.030367691825050128,-2.953262869955638e-06,0.00010797263874887022,-5.511895413868808e-05,0.0
2025/05/21 11:27:45.431858962,1747819665,429068391,piren,0.0435986815492623,-0.030988384558672123,-0.0003211143592290788,0.0001418882125349501,7.785171635986647e-06,-0.0053918159644670985
2025/05/21 11:27:45.481263661,1747819665,478705585,piren,0.04266195582552983,-0.030543192838236297,-0.00017787122256666862,0.00014731235553205554,0.0001296046980714103,0.0
2025/05/21 11:27:45.532225757,1747819665,529519036,piren,0.04225439793128591,-0.030223119977235056,-0.00010141090086965781,0.0001428186912199694,0.00023912067776742888,-0.005383579898976017
2025/05/21 11:27:45.583515005,1747819665,580818596,piren,0.04180616805034991,-0.029986380407098015,-6.020942104243802e-05,0.0001267634245140847,0.00036027957895904935,0.0
2025/05/21 11:27:45.634297653,1747819665,631637414,piren,0.042077250356086976,-0.029854647683842404,-1.6644602412351284e-05,7.48960295166828e-05,0.0004446858562119847,-0.0053399840611073075
2025/05/21 11:27:45.733406098,1747819665,730466825,piren,0.042194389180717516,-0.029570704139229,3.501447669125722e-05,1.9522849816132104e-05,0.0004388733189962788,-0.005397118463118441
2025/05/21 11:27:45.831065144,1747819665,827931187,piren,0.041884442236323045,-0.02949570255581601,2.043094519793162e-05,-8.041671977017443e-06,0.0003935798162423059,-0.005260231496761568
2025/05/21 11:27:45.879578890,1747819665,877598624,piren,0.04165976464969243,-0.02931214688175409,9.199506646622342e-06,-3.503807993792654e-05,0.0003200978322857757,0.0
2025/05/21 11:27:45.931186016,1747819665,928712644,piren,0.041720512717815614,-0.029185663989353357,1.2548774427634483e-06,-6.081041025544697e-05,0.00022845463914468407,-0.005364595576570734
2025/05/21 11:27:45.981132879,1747819665,978808726,piren,0.04181077689154454,-0.029043804870258393,5.098868598635777e-06,-8.838685976261774e-05,-6.733875128311398e-05,0.0
2025/05/21 11:27:46.34874882,1747819666,29882691,piren,0.0424604875417863,-0.028967756269221906,1.9479451086271547e-05,-0.00010531035312739907,-0.00015111509576572408,-0.005203095450507974
2025/05/21 11:27:46.83934896,1747819666,80924963,piren,0.04217999586244772,-0.028994457528539394,8.809080648789059e-06,-0.00011641306202105562,-0.00021062794397938643,0.0
2025/05/21 11:27:46.134987043,1747819666,132143125,piren,0.04219233263823347,-0.029076696168074935,1.4079625285270581e-06,-0.00012251648877754457,-0.0002573579104257369,-0.005136860242025183
2025/05/21 11:27:46.184619904,1747819666,182267805,piren,0.04207964800365136,-0.029183504491140017,-3.948333205701297e-06,-0.00012559291721471013,-0.00025717073419419907,0.0
2025/05/21 11:27:46.235797652,1747819666,233351530,piren,0.04204266340421494,-0.029266556860581196,5.992836564233945e-06,-0.00011921178406611312,-0.00027689318748290074,-0.005072313313985143
2025/05/21 11:27:46.285993732,1747819666,283743512,piren,0.04201325664313443,-0.029407993116629838,-9.086527069119377e-06,-0.00010605974852025977,-0.00028828295995391817,0.0
2025/05/21 11:27:46.359562910,1747819666,357207515,piren,0.04227888477663287,-0.029577314610613144,-2.783078283071818e-05,-6.948632103007445e-05,-0.00011574679907671048,-0.005125544062961406
2025/05/21 11:27:46.411493882,1747819666,408688583,piren,0.04226329109903651,-0.029898004025971227,-2.5517665068439583e-06,-4.9081398068885566e-05,-0.0001229623460067374,0.0
2025/05/21 11:27:46.462343968,1747819666,460051667,piren,0.042857334192515285,-0.030036838835557793,1.636135063418819e-05,-2.698451809721929e-05,-0.00013765380148392085,-0.029783718065974022
2025/05/21 11:27:46.513652969,1747819666,511187337,piren,0.04230410031323632,-0.030190414999249758,2.508671925270584e-05,-4.739412422809623e-06,-0.000144024546112546,0.0
2025/05/21 11:27:46.565217446,1747819666,561874634,piren,0.04202444691018748,-0.030259974091026785,3.2249669419960256e-05,1.7213443640936178e-05,-0.00014653183988228808,-0.02497677228389456
2025/05/21 11:27:46.615431889,1747819666,612567256,piren,0.04183884129097471,-0.030241618453317885,4.1737397579817034e-05,3.98679090315325e-05,-0.0001393213099841051,0.0
2025/05/21 11:27:46.666060284,1747819666,663518855,piren,0.04183959668395968,-0.030232995162997746,3.931089598395901e-05,6.0580322630852474e-05,-0.00012593931758317923,-0.02669427842191438
2025/05/21 11:27:46.716933215,1747819666,714354750,piren,0.041631526883168166,-0.03024824897329254,3.565459643121205e-05,7.74876372446922e-05,-0.00010470863559934605,0.0
2025/05/21 11:27:46.768069911,1747819666,765872297,piren,0.04154933433645287,-0.030207060248532404,3.120124704595442e-05,9.400408332843114e-05,8.29740648078629e-05,-0.018802830585744584
2025/05/21 11:27:46.820649127,1747819666,816821008,piren,0.041499333878731864,-0.030214363045324565,1.4450890565021324e-05,0.00010559864155209582,8.461531408842095e-05,0.0
2025/05/21 11:27:46.872170353,1747819666,868108626,piren,0.041974653502628086,-0.03012079434064285,2.2437725762566163e-06,0.00010051015159701333,6.515797412672686e-05,-0.028181682298781822
2025/05/21 11:27:46.922420808,1747819666,919684199,piren,0.042004725605251564,-0.030058228811094198,5.656297768097404e-05,0.00010702240571503308,4.369882938101289e-05,-0.005921036993048585
2025/05/21 11:27:46.973995169,1747819666,971855807,piren,0.041585003205047134,-0.03010015130128693,5.728828535934508e-05,0.00010495192630880702,1.7569142728043093e-05,0.0
2025/05/21 11:27:47.26748607,1747819667,23633684,piren,0.04140146990257681,-0.030127526469413204,4.833148252522179e-05,9.828525076653086e-05,-8.544749117518768e-06,-0.005085317156573258
2025/05/21 11:27:47.76402843,1747819667,74154859,piren,0.0423177419423916,-0.03010782725242773,2.9284072688984897e-05,8.81263598853814e-05,-3.2177803253354206e-05,0.0
2025/05/21 11:27:47.128332299,1747819667,125937843,piren,0.04302041180690508,-0.030148870798999833,-8.332246751849646e-07,7.315905893897976e-05,-5.224010480035564e-05,-0.00511609667325161
2025/05/21 11:27:47.179385093,1747819667,176511793,piren,0.04322726552360663,-0.030135509601053975,-1.7481299752552984e-05,5.479548761541826e-05,-6.992569011214196e-05,0.0
2025/05/21 11:27:47.231114524,1747819667,228631443,piren,0.04345302285769317,-0.030094250568234185,-2.361671181560617e-05,3.583322534571893e-05,-8.251075050407398e-05,-0.0051397289085375305
2025/05/21 11:27:47.282807266,1747819667,280452303,piren,0.043272552070967425,-0.03001219121134908,-3.295888705365273e-05,1.5258541427856032e-05,-9.359934538314596e-05,0.0
2025/05/21 11:27:47.334692475,1747819667,332115479,piren,0.04329622315789848,-0.02997733296697172,-3.809985643661234e-05,-6.84932721173125e-06,-9.789851728426531e-05,-0.005158467818305367
2025/05/21 11:27:47.386309040,1747819667,384004269,piren,0.043482248510495015,-0.030145215278366083,-3.0676634972738034e-05,-5.480342531001205e-05,1.8195807843288742e-05,0.0
2025/05/21 11:27:47.486406973,1747819667,484200938,piren,0.043909274675702464,-0.029997764339750717,1.240757866154051e-06,-0.00010192604690196312,-8.338814080868547e-05,-0.02379966019904556
2025/05/21 11:27:47.587394484,1747819667,584543151,piren,0.043664605254635946,-0.029754011216692137,4.795188666765873e-05,-0.00013296197153114038,-2.916539986441735e-05,-0.026351656628117972
2025/05/21 11:27:47.689945693,1747819667,685442813,piren,0.04336288208680864,-0.029641482706581672,7.909443347015861e-05,-0.00014091730935399143,-0.00010557777972385786,-0.027062495479829536
2025/05/21 11:27:47.740761156,1747819667,738403659,piren,0.04218656433865688,-0.02946294749026855,8.748115477908603e-05,-0.00014922007170052864,-0.00022671953613185645,-0.005492592053573667
2025/05/21 11:27:47.844862175,1747819667,841060292,piren,0.040793295332716445,-0.029322254086908514,0.00014181126716276477,-0.000132031681448618,-0.00026458280181883173,-0.005446716438604312
2025/05/21 11:27:47.897772272,1747819667,895126183,piren,0.041208943125194075,-0.029289710542012584,0.00013320927063306432,-8.76769870249084e-05,-0.00015290339326986217,0.0
2025/05/21 11:27:48.493065,1747819667,997404049,piren,0.042448281379240956,-0.029433875318222256,0.0001025209976979344,-4.126309602546572e-05,-0.0002060084235845871,-0.027648805086985685
2025/05/21 11:27:48.101308042,1747819668,99164348,piren,0.04269198176092931,-0.029447829549798885,9.683835352926863e-05,2.222993310426673e-05,-0.0001990290941634245,-0.02488776115299318
2025/05/21 11:27:48.203123513,1747819668,199861174,piren,0.04258387268691645,-0.02940205990000836,6.101771140708091e-05,7.985503163298983e-05,-7.501129116229932e-06,-0.026389483191245813
2025/05/21 11:27:48.303408136,1747819668,300942283,piren,0.04248127535747541,-0.029320937412289586,1.1772099441289694e-05,0.00010388739728957993,-1.881982005336331e-05,-0.03230995088144288
2025/05/21 11:27:48.403585795,1747819668,401669196,piren,0.042371933200836334,-0.029191497088908933,5.697831860812687e-05,0.0002223413156262604,-0.0008752715788034243,-0.03214733206242322
2025/05/21 11:27:48.509083570,1747819668,502638798,piren,0.04155153391657322,-0.02962185145775017,-0.00015291153986696422,0.00025893128011810195,-0.0004120068532390739,-0.028707959885690727
2025/05/21 11:27:48.607494296,1747819668,604034556,piren,0.0400992881098177,-0.029507848197391634,-0.00022136730853218343,0.00024044836153765177,0.00035509843808892216,-0.025906544001288383
2025/05/21 11:27:48.682570878,1747819668,679919839,piren,0.0372839451200797,-0.0292626224968226,-0.0002452210431958197,0.0002092346468343689,0.0007296997957422602,-0.026417288754497944
2025/05/21 11:27:48.734509875,1747819668,731633757,piren,0.03660482145023184,-0.028847678977315896,-0.0002310866595074,0.00016981862051803295,0.0010152925078343352,-0.005257062664458038
2025/05/21 11:27:48.785321120,1747819668,783251698,piren,0.03611072466311389,-0.02833880379749393,-0.00022336193947336604,0.0001230954802325258,0.001220642217858664,0.0
2025/05/21 11:27:48.838420345,1747819668,836171761,piren,0.036626135436700555,-0.02772375643004275,-0.0002004698075597499,1.4750041732130497e-05,0.0013814176215813225,-0.005654261459780368
2025/05/21 11:27:48.944848813,1747819668,938132187,piren,0.03876304069601469,-0.027038767285005906,-0.00016019106212146705,-0.00010035796992001651,0.0011970820934865225,-0.0051558668360432245
2025/05/21 11:27:49.48295536,1747819669,46098298,piren,0.040204793836080104,-0.026388342184174574,-0.00012072746103132855,-0.0002067080369620122,0.0007686638260825041,-0.005569240678125964
2025/05/21 11:27:49.150118810,1747819669,148061405,piren,0.04113833438296831,-0.025870664893265845,-5.3280859687027164e-05,-0.0002647880001965362,0.0001652401924779771,-0.005649298370128509
2025/05/21 11:27:49.252242273,1747819669,250118469,piren,0.041824266538198755,-0.02579036581687854,-6.242400661079813e-05,-0.0002733961935864666,-0.00046353302510206894,-0.005585337451234055
2025/05/21 11:27:49.355546579,1747819669,352269069,piren,0.042175341213863134,-0.026044256106285857,2.8710852027879932e-05,-0.00022303925653834744,-0.001579867505222232,-0.00577440944682397
2025/05/21 11:27:49.457548371,1747819669,454103390,piren,0.046320978504086285,-0.02677683776384989,-0.00010117890768745952,-0.00012593215300812607,-0.001776450015551184,-0.005089793020188991
2025/05/21 11:27:49.508996590,1747819669,506430096,piren,0.04421258175491882,-0.027645957601769026,-9.550597329157117e-05,-6.708508860339642e-05,-0.001552525928887434,0.0
2025/05/21 11:27:49.562211271,1747819669,559771079,piren,0.0428468374280747,-0.028292551276809876,-8.889756682236217e-05,-9.619025182450689e-06,-0.0012110216418131543,-0.026408105951936288
2025/05/21 11:27:49.614347945,1747819669,612428937,piren,0.041320386735898385,-0.028766939393659388,-6.107128496660448e-05,5.0413305384893046e-05,-0.0008477575621760375,0.0
2025/05/21 11:27:49.667146198,1747819669,664671205,piren,0.04057347735170402,-0.02911421809309927,-5.83001942605981e-05,0.00010649187110581356,-0.00045551352652801753,-0.026000106406565825
2025/05/21 11:27:49.722072004,1747819669,717075683,piren,0.040100234305417364,-0.029248308568128427,-3.8173409755105696e-05,0.00015604855463297274,-5.204392605461528e-05,0.0
2025/05/21 11:27:49.771703123,1747819669,769884572,piren,0.03994982084191449,-0.0292074190532855,-1.841962464140819e-05,0.000196728445949901,0.00033729594593515024,-0.026251041742233305
2025/05/21 11:27:49.827845549,1747819669,824471446,piren,0.03989012511019529,-0.029023213090380202,5.921895345880003e-06,0.00022882007364980627,0.0006941608743129938,-0.005022598619250717
2025/05/21 11:27:49.879728060,1747819669,877748838,piren,0.039294133083653926,-0.028739157388307682,2.0568742630826998e-05,0.0002490624809519369,0.0009900125217649327,0.0
2025/05/21 11:27:49.935949657,1747819669,930251177,piren,0.039241611345987616,-0.02843187780924404,3.4382405526102265e-05,0.00025699561435892,0.001219324184195823,-0.005174792747059546
2025/05/21 11:27:49.985716007,1747819669,983311983,piren,0.040396246568404584,-0.02795745851137321,4.811017337196781e-05,0.0002519881749951086,0.001362116058335826,0.0
2025/05/21 11:27:50.39311302,1747819670,35694936,piren,0.04141541799088712,-0.02745837634480185,6.351418097773725e-05,0.00023681985217152427,0.0014203903330867013,-0.005214516737219988
2025/05/21 11:27:50.93036320,1747819670,89569662,piren,0.04240281007890268,-0.027122791994589147,6.792854729380991e-05,0.000173217552025448,0.0012656904201349642,0.0
2025/05/21 11:27:50.195315334,1747819670,192115420,piren,0.04332221774162046,-0.026607956012687478,6.850679409641749e-05,7.751280363579788e-05,0.0008540322200735941,-0.023590108551393933
2025/05/21 11:27:50.296372904,1747819670,293807622,piren,0.04358813768679998,-0.026366077167514858,4.4272904730072244e-05,-2.7052869204187566e-05,0.00020788464520736397,-0.026497758523181363
2025/05/21 11:27:50.399518869,1747819670,396380449,piren,0.043579157704987305,-0.026407253862027094,3.14494820764726e-05,-0.00013329567238310884,-0.0003637771740207924,-0.026188475035226227
2025/05/21 11:27:50.502874001,1747819670,501036733,piren,0.043524299544494105,-0.02659420901800032,4.331604486362742e-05,-0.00021831235856453204,-0.0010319392596593632,-0.027133733388862893
2025/05/21 11:27:50.609719167,1747819670,603979216,piren,0.04323707624750985,-0.02717559734486187,4.227565122401113e-05,-0.00026645386439986987,-0.0014447390061584704,-0.02957269643279883
2025/05/21 11:27:50.708955779,1747819670,706806215,piren,0.043035304941833635,-0.028192059131323808,4.718365108058773e-05,-0.00026524290307910646,-0.0013860400690468623,-0.024913287063901134
2025/05/21 11:27:50.763849844,1747819670,761070496,piren,0.041250727547243765,-0.029018467440638497,4.557657688016595e-05,-0.00024960546561308034,-0.0013400334725864216,-0.028050032695364307
2025/05/21 11:27:50.816534430,1747819670,813949773,piren,0.04064637955881584,-0.029692838168718344,4.4473945657929173e-05,-0.00022199468241650673,-0.0012199423092998356,0.0
2025/05/21 11:27:50.869159844,1747819670,867038504,piren,0.0403925995628135,-0.030195836749414867,3.5797759062419226e-05,-0.00018369179916234547,-0.001029572721610638,-0.029124327028445182
2025/05/21 11:27:50.945259508,1747819670,943056229,piren,0.04045536011892456,-0.030538603112333525,1.9938880139515805e-05,-8.911061175047689e-05,-0.0005041612753018275,-0.005910451451852239
2025/05/21 11:27:51.50518545,1747819671,47863074,piren,0.039677921506619654,-0.03065941271344768,6.220476361228555e-05,-1.5140192987451016e-05,9.972322860880695e-05,-0.005775065741302874
2025/05/21 11:27:51.153835964,1747819671,151669926,piren,0.04039866686013563,-0.03291431180875045,-0.0010440046359295235,0.00011760721870048464,0.0006404291508454601,-0.005480964287556326
2025/05/21 11:27:51.259360293,1747819671,257387643,piren,0.04122792754011049,-0.031409766817918,-0.0005462371106100291,0.00017188543877476978,0.0011654253295654891,-0.0059776107792784035
2025/05/21 11:27:51.312008039,1747819671,309792985,piren,0.04148777715728126,-0.029877770921608128,-3.4332969615920685e-05,0.00022112552668950385,0.0012261453423896612,0.0
2025/05/21 11:27:51.365700330,1747819671,363514388,piren,0.042179203098354476,-0.02888273296977406,0.00018273733953436664,0.00025484103321691653,0.0012034163685104018,-0.03292190511405878
2025/05/21 11:27:51.420727942,1747819671,416752049,piren,0.04178225803913849,-0.028458520953625062,0.0001887831016019919,0.00027414070208002517,0.001115811968396331,0.0
2025/05/21 11:27:51.474074722,1747819671,472299139,piren,0.041559526464905315,-0.028064782959032024,0.00016820584734203052,0.00027853554554272585,0.0009606110265635186,-0.030015467513134785
2025/05/21 11:27:51.528907944,1747819671,525968069,piren,0.0413608082402113,-0.027702701995605095,0.00013962567559365962,0.00027046673191606283,0.0007559890829188285,-0.006203647491005038
2025/05/21 11:27:51.584350118,1747819671,579701276,piren,0.040432254709445566,-0.027456121263546168,0.00010584942325893277,0.0002460936098267369,0.0005445106270699426,0.0
2025/05/21 11:27:51.638250569,1747819671,634847400,piren,0.039833140973649706,-0.02729201549180229,9.134137597200835e-05,0.0001748895653739856,0.00015162441126804381,-0.006340437407635411
2025/05/21 11:27:51.742208952,1747819671,739935625,piren,0.04050745501311224,-0.027279926548012735,4.7459241995676096e-05,7.091982341664748e-05,-0.0004567882302452908,-0.006586712832254854
2025/05/21 11:27:51.847151890,1747819671,844915338,piren,0.041131237359360105,-0.027629162973408034,2.011568068093535e-05,-4.605245092187038e-05,-0.0009420627193865363,-0.007334028303702681
2025/05/21 11:27:51.952489945,1747819671,950407369,piren,0.041188962909676705,-0.028006376339923138,1.3439439981220902e-06,-0.0001515806711808279,-0.0011905502856982928,-0.006117697065825783
2025/05/21 11:27:52.59075383,1747819672,56733693,piren,0.041215793009254445,-0.028692055357111085,-4.9533981695465155e-05,-0.00019978701469624204,-0.001157100410400625,-0.00807661510168762
2025/05/21 11:27:52.113347822,1747819672,110253157,piren,0.04117684450699386,-0.027289027815478456,0.0008559447939898267,-0.00024115730550282828,-0.001038812526205261,0.0
2025/05/21 11:27:52.166726220,1747819672,164290163,piren,0.04128721463912503,-0.028743017958753093,0.0004252493468486486,-0.0002615850292717503,-0.0008618490295243928,-0.03356007171938519
2025/05/21 11:27:52.222760301,1747819672,218352848,piren,0.04049807927292619,-0.029565056281843773,0.00017540753100229675,-0.0002668861557597583,-0.0006407387756832344,0.0
2025/05/21 11:27:52.275253489,1747819672,272749968,piren,0.04009481067728922,-0.029961942886293648,2.9440430693438985e-05,-0.00025786306470425367,-0.00038853704300803994,-0.034334948558231125
2025/05/21 11:27:52.332202755,1747819672,330008603,piren,0.039942714561110974,-0.030283576816867396,-6.636141858510558e-05,-0.0002353394186020239,-0.00010579321716491403,-0.007615086628281575
2025/05/21 11:27:52.385208423,1747819672,382941208,piren,0.0391989671480908,-0.030504873030840943,-0.00017111613500996457,-9.6398220421685e-05,3.188574841879328e-05,0.0
2025/05/21 11:27:52.491350318,1747819672,488181000,piren,0.04095113759753131,-0.030249789558424098,-0.00023334624754444325,3.815574848815538e-06,0.0007582335868654701,-0.02619153562218207
2025/05/21 11:27:52.597491168,1747819672,595442674,piren,0.04131814328910315,-0.029428771890553998,-0.00019169769862950283,7.658120257069675e-05,0.0007854700311292699,-0.029281588203843318
2025/05/21 11:27:52.705564881,1747819672,700556407,piren,0.041341204110104585,-0.02840831285000333,-0.0001082109837275585,0.00017252985650418159,0.0006301610970709757,-0.0320546764329312
2025/05/21 11:27:52.808278128,1747819672,806164628,piren,0.04102278931665863,-0.027329751483041585,-1.0353665040201839e-05,0.00026128816785102153,0.0007572022096381408,-0.028012350166247278
2025/05/21 11:27:52.916937920,1747819672,912824204,piren,0.04072125735961374,-0.026261278935578287,7.433494229899415e-05,0.0002815390267739482,0.001046286463223207,-0.025496287472019832
2025/05/21 11:27:52.973779069,1747819672,971723027,piren,0.03884285265033359,-0.02568901965416504,0.0001120362356525194,0.00026932160455169206,0.001122480988262205,-0.01929952975490916
2025/05/21 11:27:53.31208673,1747819673,27009877,piren,0.03907835958969304,-0.025183596672933448,0.00012340543001445765,0.0002419680873206261,0.0011621607643318313,-0.004824146857551209
2025/05/21 11:27:53.83284730,1747819673,81322085,piren,0.03909539272781804,-0.02476251383000757,0.00012134475189509983,0.00013819146932375192,3.818348840112102e-05,0.0
2025/05/21 11:27:53.195347437,1747819673,186869746,piren,0.039898610634409325,-0.024482437647320186,0.00011818303640736268,3.366652111527708e-05,0.00015459722830423188,-0.01984401863259744
2025/05/21 11:27:53.295515456,1747819673,293773913,piren,0.040456158530321265,-0.02426114304054194,0.00017690600230231413,-8.25585747394672e-05,-0.00025207102426016504,-0.018745896700805936
2025/05/21 11:27:53.376396536,1747819673,373306009,piren,0.039264962713146806,-0.0240534782465709,0.000306607592509178,-0.00013284197051277916,-0.0006243362334255785,-0.015881252583414645
2025/05/21 11:27:53.433822744,1747819673,428009782,piren,0.04007267802166933,-0.023994571526949948,0.00034488839279212685,-0.0001806482061067905,-0.0004117388377162804,-0.0028440070487955097
2025/05/21 11:27:53.486272640,1747819673,483261723,piren,0.03991859632748086,-0.024102603276882222,0.0004566977286521001,-0.00027556717098368977,-0.00018669555373369528,0.0
2025/05/21 11:27:53.593738023,1747819673,590213989,piren,0.04081275070371081,-0.024455035656280634,0.0004500813090099226,-0.00036529480231268683,-0.0005043924776944293,-0.01092603496750128
2025/05/21 11:27:53.699291711,1747819673,695546683,piren,0.04113011915058956,-0.02378511156562635,0.0008477300386892424,-0.00032555653360122404,1.6486014123272133e-05,-0.01014833505684561
2025/05/21 11:27:53.805357808,1747819673,802443595,piren,0.04123486927479055,-0.02380025156220504,0.0008593318741162572,-0.0002453121476074114,0.0003450030710902546,-0.00757224190755746
2025/05/21 11:27:53.911592191,1747819673,909072228,piren,0.0412867377008205,-0.02388138825232971,0.0007571954693753771,-0.00019382465583162424,0.0009646003451655393,-0.00640776641625107
2025/05/21 11:27:54.19119705,1747819674,15166824,piren,0.04132579878830063,-0.02340519107982812,0.0008149610419799372,-6.107838009170304e-05,0.0010167525666498073,-0.0065700739970297115
2025/05/21 11:27:54.72669795,1747819674,70321883,piren,0.040757905795476015,-0.023215599679146912,0.0007711251421272566,-4.1868020568847176e-05,0.0006797470943021664,-0.005023288248721954
2025/05/21 11:27:54.128547767,1747819674,126070207,piren,0.04161839690385429,-0.02279645930410052,0.0007945899884341239,-6.697238966612606e-05,0.000896786202303104,-0.000611896540449969
2025/05/21 11:27:54.183650891,1747819674,181124597,piren,0.04103016725345222,-0.02200962057402011,0.0011572104334303156,0.0006859155537468751,0.001021232123183282,0.0
2025/05/21 11:27:54.291581387,1747819674,288388261,piren,0.04077485295264917,-0.029559419311835547,-0.0030913333352557545,0.00033186366292029,0.0005243938463134059,-0.0026877998900870725
2025/05/21 11:27:54.398395730,1747819674,395486144,piren,0.03990485234545272,0.03010306936638049,0.021735702882518162,0.0004412836747943339,0.0004309298457232549,-0.0007254602242613053
2025/05/21 11:27:54.506143639,1747819674,503632546,piren,0.038914432672901365,0.006058211349131801,0.01149644766388937,0.0003495483695899131,0.00023930921019289564,-0.000517937589882307
2025/05/21 11:27:54.615055341,1747819674,609828593,piren,0.037928666525182904,-0.1289088218202453,-0.052097564255298684,0.0007171948522934431,-0.0003048881401728337,-0.0007016566651426132
2025/05/21 11:27:54.719076494,1747819674,717049382,piren,0.03698528662685193,-0.04461617135781265,-0.014233933958483698,0.0010765324441234872,-0.00044708200349489807,0.00015597241335826202
2025/05/21 11:27:54.775003284,1747819674,773074732,piren,0.03607344401260634,0.07256751705670711,0.03646454648780177,-0.0004621256048747978,-0.0005707519586195389,0.0010126631013725317
2025/05/21 11:27:54.831745969,1747819674,829001459,piren,0.03860211708693846,0.0442995942229879,0.023811433286855633,-0.0005376667446309714,-0.0005369651824984605,0.0002673304133506069
2025/05/21 11:27:54.887104220,1747819674,883911412,piren,0.03646193996678389,-0.10068664821425716,-0.03557683820981121,-0.0003430757036442837,-0.0012144501785093813,0.0
2025/05/21 11:27:54.995371190,1747819674,991772995,piren,0.034319818652715016,-0.07213014995445245,-0.0248156617419048,0.0008224696565759203,-0.0010421115861394118,0.005070805431526227
2025/05/21 11:27:55.105231947,1747819675,99268439,piren,0.03270685433150479,0.05204101844967898,0.030959687038219195,-0.0011355940796145816,-0.000229319546451531,0.0067335693060944606
2025/05/21 11:27:55.210190036,1747819675,207824693,piren,0.031324032200048715,0.03008196833132025,0.023492945249653695,-0.0009855727428785604,0.0006368874544948015,0.00793759836236939
2025/05/21 11:27:55.318211148,1747819675,314316858,piren,0.030289785122852624,-0.03943488146635904,-0.005141521837101978,0.0010427966259146622,0.0013441304228509724,0.007915554950424652
2025/05/21 11:27:55.373896440,1747819675,370382656,piren,0.030374875747010446,0.0401364410416016,0.030233195317254703,-0.00019605435088711405,0.0015559144449818982,0.007200009826195052
2025/05/21 11:27:55.429484257,1747819675,426765615,piren,0.03054836739903174,0.041562213512265744,0.034188293888724956,0.0005889038092574141,0.0018648567929809494,0.0012843029623776775
2025/05/21 11:27:55.484751686,1747819675,482106063,piren,0.029816883709618967,0.11337727317011383,0.0572179464793562,-0.0002080264452509202,0.0021552226508838005,0.0
2025/05/21 11:27:55.594346856,1747819675,591037468,piren,0.028552695398706314,0.024221512005499747,0.022922823289790048,0.0009777447503153637,0.0014244415801611713,0.006076103917185742
2025/05/21 11:27:55.725699170,1747819675,722112377,piren,0.02746033082666659,-0.012197968903678783,0.00817077599026878,0.0019419699768121771,0.000796790732279039,0.005863316439830325
2025/05/21 11:27:55.781416970,1747819675,778762550,piren,0.02694464919722255,0.048905307640315226,0.031515573468562874,0.0012936680033945915,0.0003003109379560038,0.008006092803217789
2025/05/21 11:27:55.839126846,1747819675,834880199,piren,0.026855322547693242,-0.028308950413891726,0.001168656315657007,-0.00025878121137445437,4.549105170808297e-05,0.0015479764755716816
2025/05/21 11:27:55.894715803,1747819675,890057853,piren,0.02600290808450749,-0.057518759349194155,-0.006178588132626761,-0.0004029469972427973,-0.0004157106492939386,0.0
2025/05/21 11:27:56.1542500,1747819675,998477962,piren,0.024496068235534754,-0.18576967245312448,-0.07929655822610712,0.0008541878199851047,-0.0007190164416895929,0.006744289562660963
2025/05/21 11:27:56.110033753,1747819676,107443275,piren,0.022425644943176504,-0.04189758236099282,-0.010020682054677899,0.0014997494156639094,-0.0009297475428605913,0.007652076607114043
2025/05/21 11:27:56.167978573,1747819676,163998133,piren,0.021553316519897288,0.04128678284417808,0.030193328122109668,0.001434049460258044,-0.0009006019552296414,0.007357054271096981
2025/05/21 11:27:56.226484275,1747819676,223181236,piren,0.02077892989594963,0.09127724051959778,0.05454250226953498,0.0015095261672152726,-0.0006332364057511765,0.0
2025/05/21 11:27:56.283271848,1747819676,280576627,piren,0.019982553353625795,0.12042179374043503,0.060922982625182524,0.0007416594674493868,-0.0004978013538230844,0.006601864512729562
2025/05/21 11:27:56.343754567,1747819676,340843860,piren,0.019386497726445396,0.022096381362321203,0.023803029028824547,0.00011543609187581903,0.00043273550229481095,0.0011787987915968803
2025/05/21 11:27:56.465975260,1747819676,462347605,piren,0.018085633022702642,-0.04857902696484153,-0.003250310301849525,-0.0007266998680264835,0.0012731033327560153,0.0009142422266620468
2025/05/21 11:27:56.522019546,1747819676,519021889,piren,0.018284610305464664,-0.08353720368234523,-0.012148021907372358,-0.0011855393551617978,0.0016812594594105617,0.0
2025/05/21 11:27:56.577715264,1747819676,575218458,piren,0.016713644358916674,-0.19135271936778733,-0.06196072833639739,-2.6206986807032965e-05,0.0018202695852043364,0.003834047294740718
2025/05/21 11:27:56.633750642,1747819676,631446706,piren,0.01682856678269399,-0.17182372388492784,-0.05297347472655267,-0.00038435937500286705,0.001962725703632851,0.0007165913977105628
2025/05/21 11:27:56.743768694,1747819676,741519585,piren,0.019062339835022438,-0.14329039584837333,-0.04117976256245968,-0.0010907962752359276,0.0020059805188601724,0.0005928334000723768
2025/05/21 11:27:56.853195106,1747819676,850480541,piren,0.017285776654920034,-0.10829126501605775,-0.018297636806843962,-0.0007372916340769422,0.001695475364291034,0.00033222343425242594
2025/05/21 11:27:56.962394744,1747819676,959614748,piren,0.015706847007672387,-0.19700159136730244,-0.07828604222992114,0.0015287345541506036,0.0007901835061603685,5.596598639063434e-05
2025/05/21 11:27:57.18242343,1747819677,15849613,piren,0.014916965290418298,-0.046544935839123856,-0.006539689059480887,-0.0008527372006226909,0.0005212914907432637,0.0
2025/05/21 11:27:57.74896106,1747819677,72649584,piren,0.014107949930221998,0.031948536824695985,0.02923601853017882,-0.0009181294797324997,0.00024069286732231342,-4.225353140718543e-05
2025/05/21 11:27:57.132808323,1747819677,130085177,piren,0.0133746400157367,0.01231577965321922,0.023220892043092405,0.0003585260659690487,-8.763012919215238e-05,-0.0002827252895622759
2025/05/21 11:27:57.190478746,1747819677,186759821,piren,0.012438819665433951,-0.022778623862959313,0.011124401111904698,0.0009951748129164422,-0.000923744596848079,0.0
2025/05/21 11:27:57.299596684,1747819677,296894854,piren,0.011651449348240268,-0.08460048887639036,-0.013688961884796324,0.0003442999363873975,-0.0012196628721500274,-0.0020375512985203524
2025/05/21 11:27:57.410460859,1747819677,407226385,piren,0.011306862580189179,-0.08599878589149221,-0.009232494970613053,-0.0007726223141652624,-0.0013867405213506517,-0.003511751572371302
2025/05/21 11:27:57.520458839,1747819677,517923320,piren,0.011344319789336789,-0.15359336773790333,-0.030646229908767388,-0.0003256427832159414,-0.0014611424828988606,-0.005402447466164276
2025/05/21 11:27:57.576984833,1747819677,574158621,piren,0.009959926832775232,-0.2307133113394852,-0.08645873519151011,0.0028768199558930215,-0.001259181916783688,-0.0057496883361885165
2025/05/21 11:27:57.633097218,1747819677,630699998,piren,0.009050044081582095,-0.08984590672876874,-0.021851299940082437,3.520717280987438e-05,-0.0009909219016973475,0.0
2025/05/21 11:27:57.691720921,1747819677,688335530,piren,0.0101296301931808,0.04554576417539987,0.04004284029226205,-0.0004995611386637639,-0.00045234486361606064,-0.006041995514418551
2025/05/21 11:27:57.801908192,1747819677,799293704,piren,0.010155736174371743,0.010102176267477243,0.028101940778656083,-0.0006821245061554604,0.00048463329203805123,-0.006465615493901373
2025/05/21 11:27:57.912085120,1747819677,909772736,piren,0.009626258815450865,-0.13688359339184764,-0.04217287086156221,0.0004346465013425208,0.001267824898551109,-0.0077384627528574584
2025/05/21 11:27:57.972595835,1747819677,968423427,piren,0.009576315049635653,-0.008307242503539435,0.020599221111824634,0.00036742548549749605,0.0015202367721483866,-0.009869533774980484
2025/05/21 11:27:58.31612321,1747819678,28107167,piren,0.009933467989614201,0.0786351194904425,0.051493423823076694,-0.0015972171631822374,0.0016556098318102161,-0.002122492655812319
2025/05/21 11:27:58.90548637,1747819678,85341097,piren,0.00969137633686359,-0.09670319720290342,-0.01498363469205023,0.0001813154890091374,0.0012719358001593091,0.0
2025/05/21 11:27:58.200834554,1747819678,197550272,piren,0.010296369086104165,-0.1101671513226666,-0.015943788832804732,0.0004070494011578278,0.0006889674367149112,-0.00885606008585144
2025/05/21 11:27:58.280610613,1747819678,278116746,piren,0.011095737689763345,-0.11881082856126952,-0.017964725925256473,-0.0011621695567890294,0.0008070572007711918,-0.009267066039165092
2025/05/21 11:27:58.339305273,1747819678,335276830,piren,0.010770461454002123,-0.10174110433770275,-0.007536577392253628,0.00010638758898865511,-0.0005972775261206131,-0.0031557632075142716
2025/05/21 11:27:58.449770131,1747819678,447299738,piren,0.012232403332005738,-0.105297892049155,-0.0073370951005177175,0.00028545266482930614,-0.0019020592610579535,-0.003156340390732966
2025/05/21 11:27:58.561096910,1747819678,558850446,piren,0.012748632028692752,-0.10768153429789411,-0.0009815315006355615,-0.000581269409042705,-0.0028120142472426615,-0.0034116007622783185
2025/05/21 11:27:58.674069705,1747819678,670086258,piren,0.01236515420451375,-0.21365401690378535,-0.05378531898668288,0.0007385670199680437,-0.0032170630958668857,-0.0037325836885726844
2025/05/21 11:27:58.729464027,1747819678,727080664,piren,0.011919449057718773,-0.17431043173908847,-0.046069887165657505,0.0015530006895931464,-0.0032295087491319204,-0.004613093234230656
2025/05/21 11:27:58.785923835,1747819678,783270237,piren,0.01178771069044794,-0.040021881401176226,0.017250857931173286,0.0006076635419086496,-0.002731421493342887,0.0
2025/05/21 11:27:58.902827676,1747819678,895714005,piren,0.011277031808514144,0.055542622688124044,0.06240089721598028,0.0014370556883329195,-0.0016997373501239628,-0.02002011763023964
2025/05/21 11:27:59.9921699,1747819679,7096730,piren,0.010744328628608288,0.1007200321112402,0.07135764425418818,-0.0008424820241171167,-0.00026242137318022927,-0.022560819190763592
2025/05/21 11:27:59.67794114,1747819679,65616005,piren,0.007926546411626618,-0.07016908924316174,0.0031323344999404715,0.0007628494623767752,0.0003906962657913728,-0.02477096444427372
2025/05/21 11:27:59.125134454,1747819679,122853252,piren,0.007111403871918989,0.010055399666096285,0.041833580807067686,0.0005809209369129471,0.0010475087576089078,0.0
2025/05/21 11:27:59.182580596,1747819679,180115371,piren,0.006928938098634282,0.0661961093872941,0.05842221973860899,-0.0010287076528599072,0.001609474345496011,-0.02508026980622672
2025/05/21 11:27:59.240641194,1747819679,237457491,piren,0.0064730462056808505,-0.12774934522740153,-0.01696752378567773,0.00013562867179160582,0.002406674295591926,-0.004897479657148147
2025/05/21 11:27:59.351528138,1747819679,348987802,piren,0.00562287509595491,-0.1543870975653317,-0.02390287582974939,0.00023677416055122355,0.0025118232905698723,-0.005026094388227905
2025/05/21 11:27:59.464269654,1747819679,461374474,piren,0.006935588909816062,-0.16828646930337365,-0.03002540885863473,-0.001203530598958572,0.002180720451826847,-0.005397208272745805
2025/05/21 11:27:59.521064558,1747819679,519204044,piren,0.00621764919238689,-0.14690491002414457,-0.017332312546149427,0.00014054005919835084,0.001642588482584331,0.0
2025/05/21 11:27:59.578728106,1747819679,576317198,piren,0.00795215871370511,-0.15799271694890193,-0.010749262870308475,4.778612713198867e-05,0.0008985441179372708,-0.022838778755921704
2025/05/21 11:27:59.637580755,1747819679,634453664,piren,0.008565669920773664,-0.2702040077843032,-0.09129335048545001,0.000509509632287988,-0.0006787268609425773,-0.006192627998016991
2025/05/21 11:27:59.749891210,1747819679,747637058,piren,0.008409855136686812,-0.10523955816906241,0.0005148320202996779,-0.0012243049899051356,-0.002026912845243229,-0.0065199026397621315
2025/05/21 11:27:59.862875900,1747819679,859543213,piren,0.008303209647703202,-0.21181851141523522,-0.04948674609804308,0.000291481996040876,-0.0029051970109430624,-0.006741842511175629
2025/05/21 11:27:59.922872636,1747819679,917925416,piren,0.007345124004256201,-0.17499160563707647,-0.040261887645568956,0.0020435657729170123,-0.0031358351995447007,0.0
2025/05/21 11:27:59.979573705,1747819679,976977726,piren,0.007350837572768033,-0.053337288327385976,0.020397915939788295,0.0008673231129484784,-0.003080506023661457,-0.03446923251899172
2025/05/21 11:28:00.37167538,1747819680,34972459,piren,0.0055017468168382586,-0.08504316496911836,0.005146711508018767,0.0009109830415639078,-0.0024988225649341515,-0.007266898131753078
2025/05/21 11:28:00.148896964,1747819680,146866927,piren,0.0034572646960692875,0.014506411032575635,0.049767926249246454,0.0004111104989186603,-0.0013111222793724896,-0.007491434139124861
2025/05/21 11:28:00.262303757,1747819680,259876791,piren,0.0028204110225736306,-0.048029586063265794,0.024559480462466733,0.0006587443631886482,5.441776989623041e-05,-0.007339950745652248
2025/05/21 11:28:00.320848563,1747819680,317378908,piren,0.0029609730560517826,0.025983672523723633,0.058708006614476296,0.0009317243140707656,0.0008167796738123244,0.0
2025/05/21 11:28:00.377930523,1747819680,375439190,piren,0.002934314281791313,0.06882639717413955,0.07175762509403939,0.0008568483264609345,0.0020631048095588363,-0.04279778278814584
2025/05/21 11:28:00.436909362,1747819680,433730892,piren,-0.0050537090760648445,-0.04396979828867848,0.027374528984270778,0.00017321270628441844,0.0028600296907912957,-0.008990108967539925
2025/05/21 11:28:00.548368568,1747819680,545989698,piren,-0.0019346038259030179,-0.06327646823289364,0.022228880719050385,-0.0001231965484643219,0.002652816820557991,-0.009491663917675903
2025/05/21 11:28:00.662100514,1747819680,659569756,piren,0.0018442893360383766,-0.15997776284893458,-0.029915469103629043,-0.00024906631795385887,0.001928956550337283,-0.009849167252724441
2025/05/21 11:28:00.746510636,1747819680,743447516,piren,0.00518470718647413,-0.057862859951515286,0.023016962440301228,-0.0005522251457362364,0.0009183902015035637,-0.009988085344958746
2025/05/21 11:28:00.858505195,1747819680,856384827,piren,0.005896598242380903,-0.2349794024473629,-0.056056267358522364,-0.00045305871032201805,-0.0006122068634828278,-0.011612400569584017
2025/05/21 11:28:00.916926246,1747819680,914483925,piren,0.009893016785293862,-0.2265863499941747,-0.0485384664553967,-0.00021789257540262056,-0.0012469860976107913,0.0
2025/05/21 11:28:00.977400034,1747819680,974129978,piren,0.00903927679557208,-0.22034529015594898,-0.042768556770010596,0.00022241966767064743,-0.0016633611124941795,-0.049915028565577294
2025/05/21 11:28:01.36189286,1747819681,33712722,piren,0.007205580228895524,-0.21212915370071847,-0.04870842270853045,-0.00014082247978190184,-0.0021700199211450526,-0.009708283727142854
2025/05/21 11:28:01.150340434,1747819681,147175899,piren,0.004249738544467169,-0.11288929577804499,0.009014088832069105,-0.0005879046603698524,-0.0021250151488577495,-0.010328865318004362
2025/05/21 11:28:01.263560011,1747819681,261053241,piren,0.003433166563797163,-0.24468041340181068,-0.06008221137903214,0.0007992290542543037,-0.0015500824958503017,-0.010416078343989908
2025/05/21 11:28:01.324165626,1747819681,319542361,piren,0.002595468256654826,-0.17897798156203806,-0.024398349381098635,0.0005566290276355724,-0.0011372467481336314,0.0
2025/05/21 11:28:01.382223998,1747819681,378913783,piren,0.0033398434248389786,-0.17608772174843032,-0.010580274338008266,-0.00031844715610917444,-0.0005908450935330483,-0.05479933442185985
2025/05/21 11:28:01.442383528,1747819681,439883130,piren,0.0024242251308263657,-0.27040627630092057,-0.08300866236740087,0.0004253972959067291,0.0004567517098172209,-0.010783792592439627
2025/05/21 11:28:01.557007946,1747819681,553736508,piren,0.0008803000885811985,-0.09559616733665093,0.012949011773960474,6.881694913742207e-05,0.0013710062519371377,-0.010474748161845796
2025/05/21 11:28:01.615037989,1747819681,612535707,piren,0.0011391060744292344,-0.21277024340220893,-0.04337862225556996,-0.0006241146566289848,0.001709959967398878,0.0
2025/05/21 11:28:01.674588638,1747819681,672247631,piren,0.002369598431073358,-0.16107935656175826,-0.0178316347656026,-0.000779098309286329,0.0019721076123361296,-0.05915017204191075
2025/05/21 11:28:01.733143117,1747819681,730901584,piren,0.0026084306106656935,-0.12344300505677688,0.0017293966482436038,0.0003501951357487308,0.002062501079895064,-0.010844391671218055
2025/05/21 11:28:01.793614648,1747819681,789800490,piren,0.001408800743785455,-0.11466712355691062,0.0062331932986227235,-0.0005546051735354934,0.001924399314906735,0.0
2025/05/21 11:28:01.908563313,1747819681,904225659,piren,0.004184717021235258,-0.09914175304621331,0.014469506805055026,0.0008327899541970403,0.0013084807868933483,-0.05609966743320432
2025/05/21 11:28:02.21502818,1747819682,19389775,piren,0.006522754220314619,-0.11024216461000165,0.009234114623951618,-0.0007305772493017256,0.0004595039103346625,-0.059962942234556754
2025/05/21 11:28:02.81281534,1747819682,78978913,piren,0.0024573836672206577,-0.10053887610867843,0.008434404551859285,0.0008114911442435187,-3.301552943675281e-05,-0.06009599879788775
2025/05/21 11:28:02.142443275,1747819682,139445362,piren,0.0030400121160055697,0.007152140089072372,0.05397856212038928,-0.0010185385417736527,-0.000959047340053495,-0.011473879740708464
2025/05/21 11:28:02.256884936,1747819682,254517772,piren,0.002042670519697129,-0.1562676439825308,-0.02364571225493273,0.0006442528866286432,-0.001983802227745711,-0.01380210998807625
2025/05/21 11:28:02.316710616,1747819682,313455893,piren,0.007573389429490351,-0.04322575202186332,0.0329051778275055,0.00047271745908016277,-0.0022582235709820092,0.0
2025/05/21 11:28:02.376795330,1747819682,373207837,piren,0.00793998823078328,-0.09218700463536077,0.02089765341375549,-0.0011200305529734606,-0.002282911079650382,-0.044616446674792185
2025/05/21 11:28:02.441927505,1747819682,432636347,piren,0.007307964079107519,-0.22511046546109875,-0.04187938512861349,-0.0009862981979990393,-0.002243517610832853,-0.011362231793523652
2025/05/21 11:28:02.495663052,1747819682,491727256,piren,0.005996690195851251,-0.18763562130317865,-0.020492787483331658,0.00050039256731045,-0.0018497254813666408,0.0
2025/05/21 11:28:02.608777363,1747819682,606581753,piren,0.008995721313107656,-0.1778296695566129,-0.015640892180939066,-0.0008708788711673562,-0.000988569490885096,-0.05899556066654017
2025/05/21 11:28:02.726088937,1747819682,721362088,piren,0.009116461270017029,-0.15105048798014745,-0.0011029316326843068,0.0006853330309786653,5.18456359404794e-06,-0.06100865515699139
2025/05/21 11:28:02.783742005,1747819682,781493536,piren,0.004841819793869329,-0.151071060213884,0.007777280754214976,-0.0008505044683448074,0.0005371887556608484,-0.060043853936795635
2025/05/21 11:28:02.844502227,1747819682,842001576,piren,0.004639093386538395,-0.2466096970799252,-0.059417660518968955,0.000991274466460653,0.00139729684951818,-0.011785849172302465
2025/05/21 11:28:02.960280039,1747819682,957752950,piren,0.00404974897289255,-0.08634181842434309,0.025954282886784797,-0.0006644183819969628,0.0018972370056472487,-0.011790271492387318
2025/05/21 11:28:03.23002106,1747819683,17582799,piren,0.005629037815531479,-0.20235457880424612,-0.02919739495630857,-0.0004964484324921417,0.001980886132066544,0.0
2025/05/21 11:28:03.83131853,1747819683,79131361,piren,0.007192834503044067,-0.1568504709523976,-0.015478620140743854,0.0011164649579617234,0.00192493587391868,-0.061844914402778145
2025/05/21 11:28:03.143106978,1747819683,140354206,piren,0.007577183627559419,-0.02452744516389528,0.04796088353935322,-0.0006213771319340578,0.0014939952980082664,-0.011858888027497738
2025/05/21 11:28:03.259515103,1747819683,255641323,piren,0.005653017450870379,-0.16874556473482552,-0.02378799407820592,0.0010699601339832587,0.0007157278903198864,-0.012086404581664188
2025/05/21 11:28:03.399417461,1747819683,395471488,piren,0.00822416348987077,-0.043077060614342265,0.03928688987674365,-0.0006566795025772002,-0.0008833137781294587,-0.009227663274325722
2025/05/21 11:28:03.517725781,1747819683,513625175,piren,0.008129442758710869,-0.07110606170232421,0.03248256132386406,0.0006945562820682597,-0.0018612777831207086,0.0
2025/05/21 11:28:03.576805769,1747819683,573242581,piren,0.0091934586878205,-0.10983573090308547,0.02495715957276609,-0.000943825543420814,-0.0021894339534809563,-0.06598212074456676
2025/05/21 11:28:03.635694846,1747819683,632979181,piren,0.009116479882880661,-0.23688650435896932,-0.04995158842964819,0.0007181101362817569,-0.0024939951494042257,0.0
2025/05/21 11:28:03.753747198,1747819683,749000878,piren,0.011158866086097903,-0.09767017804100635,0.027939159635808414,-0.001080950421787332,-0.002225495654771203,-0.02426436475130823
2025/05/21 11:28:03.866566967,1747819683,864152773,piren,0.010704833346108014,-0.22812911323062712,-0.04601430846417735,0.0006512515448076553,-0.0014600565761480244,-0.012060468583147004
2025/05/21 11:28:03.926135549,1747819683,924031936,piren,0.009828165528923388,-0.09530720224409353,0.024319410425317906,0.0005035947892715984,-0.0009641391948314176,0.0
2025/05/21 11:28:03.986419769,1747819683,983696150,piren,0.010653024533350975,-0.13317448803551238,0.011819923690320585,-0.0009114057743487237,0.00020108449106517334,-0.06615046373885265
2025/05/21 11:28:04.105386545,1747819684,101084606,piren,0.011120614203054047,-0.14078039419655372,0.012344751517221511,0.0006113199912752019,0.001222274922889322,-0.05936577248325489
2025/05/21 11:28:04.222765496,1747819684,217664533,piren,0.012170957333588028,-0.1650709774419495,0.0018752719597546323,-0.0007489142256482817,0.0019678395379270504,-0.05786737410425535
2025/05/21 11:28:04.281001445,1747819684,277788771,piren,0.007637521613093064,-0.1621414682464728,-0.005072186442031151,0.0008949028273243909,0.0021401986715740176,-0.06806475302826126
2025/05/21 11:28:04.340781213,1747819684,337434865,piren,0.007697663953487427,-0.0569043784428192,0.04675851004611243,-0.0007435167574847993,0.0019781043297518895,-0.013137165263824063
2025/05/21 11:28:04.458750267,1747819684,453459809,piren,0.006563523256458689,-0.2166030979815696,-0.038424020849313054,0.0010715390009948724,0.0014355752887356796,-0.0132237420321926
2025/05/21 11:28:04.579842805,1747819684,573356856,piren,0.009099552339632722,-0.09912117815117863,0.028255314705539887,-0.000619745536095006,0.0004717812894231676,-0.012975446735672878
2025/05/21 11:28:04.639568485,1747819684,634084703,piren,0.011013645574333673,-0.2441373125016135,-0.05332139293564519,0.0011132054038906754,-0.0008447091433737307,-0.01317056818215941
2025/05/21 11:28:04.757586046,1747819684,753799954,piren,0.012872051223407472,-0.11622426166454557,0.022163358142254473,-0.0006607882248732864,-0.0016686613307718803,-0.012266568612812119
2025/05/21 11:28:04.874431880,1747819684,872043263,piren,0.012522519336669091,-0.25246279831922086,-0.0564472979953909,0.0009723680125158533,-0.002040564483449364,-0.012534993009180172
2025/05/21 11:28:04.935495990,1747819684,932333598,piren,0.012260182845925241,-0.12092393491172113,0.022497646619924847,-0.0008478122854354278,-0.0019450522451292468,-0.01321835298891588
2025/05/21 11:28:05.51984044,1747819685,48703444,piren,0.011729418004264143,-0.25453854929426617,-0.054681764877932776,0.0007818755307323204,-0.0014297186745957783,-0.013279657804631223
2025/05/21 11:28:05.171831027,1747819685,166656756,piren,0.01143891927269082,-0.11934852083629191,0.025532160565419026,-0.0010381909324405309,-0.0006064028633387012,-0.013244868770404001
2025/05/21 11:28:05.232063208,1747819685,228406386,piren,0.010548823484323858,-0.25132840928489963,-0.036492263810546266,-0.0009269213109631459,-0.00013284723904600948,-0.013435052682279637
2025/05/21 11:28:05.292684129,1747819685,289008050,piren,0.010389097810027781,-0.21303942714229335,-0.013743682905459735,0.0004943149547089222,0.0007376462152757906,0.0
2025/05/21 11:28:05.408775532,1747819685,405844459,piren,0.013583241865284167,-0.2026902024147259,-0.00897496273607498,-0.0009406541465524247,0.0014287440658386108,-0.06590146631747752
2025/05/21 11:28:05.526768104,1747819685,524680195,piren,0.013708585923197944,-0.175502712146051,0.0053541302698061006,0.0005587060048577794,0.0017310133033168291,-0.069060045033291
2025/05/21 11:28:05.587744164,1747819685,585021720,piren,0.008940025862843162,-0.17526443187837093,0.014982121785286103,-0.0009978859163875628,0.0017516255476076525,-0.06876725942287512
2025/05/21 11:28:05.649427790,1747819685,646093114,piren,0.009340170691519815,-0.2721153468883896,-0.05588185123603711,0.0008270080959791243,0.0014351335638353381,-0.013561724509960174
2025/05/21 11:28:05.766213645,1747819685,763687507,piren,0.008892828478143482,-0.11218660988893972,0.03157233687015622,-0.000823974876026995,0.000805563240591782,-0.013582075815801306
2025/05/21 11:28:05.826533878,1747819685,824242864,piren,0.010498073216485847,-0.2291841809880904,-0.026001117979879883,-0.0006327874452465148,0.0004034768440104304,0.0
2025/05/21 11:28:05.887512344,1747819685,884181733,piren,0.012529071810018173,-0.184116639691614,-0.014370265347261432,0.0010181630546230662,-5.1467561137210096e-05,-0.07123772560372654
2025/05/21 11:28:05.972044701,1747819685,968671783,piren,0.012831985921506224,-0.05246133983780495,0.05160924846595959,-0.0006586882005258089,-0.0009060260919490497,-0.01368042512697155
2025/05/21 11:28:06.32438224,1747819686,29849062,piren,0.010801437869076697,-0.19379916838286457,-0.011457853766816043,-0.000498489611047192,-0.0012618004630927501,0.0
2025/05/21 11:28:06.93904920,1747819686,90659568,piren,0.010351126124738944,-0.167246991187963,0.0054197684960273634,0.0009582933946127905,-0.0017761820832939209,-0.06156162697154576
2025/05/21 11:28:06.212825041,1747819686,210344710,piren,0.01432118676731306,-0.16958211444549287,0.005578489671450404,-0.0005284646759498083,-0.001844346660240076,-0.05915918440022944
2025/05/21 11:28:06.273734003,1747819686,271608094,piren,0.011094641143757515,-0.15428243519407497,0.005857532601894342,0.0010364249391784644,-0.0017423044498582482,-0.0571698054720072
2025/05/21 11:28:06.335273509,1747819686,332849758,piren,0.01189480379747377,-0.04102097704030598,0.060397502396818195,-0.0007693626003239974,-0.001273251485690342,-0.013700697463854163
2025/05/21 11:28:06.454997502,1747819686,452190034,piren,0.011097566288554225,-0.20147732058949214,-0.021466369884321605,0.0008867813434759076,-0.0005053090608717062,-0.013535565557303649
2025/05/21 11:28:06.573828115,1747819686,571474454,piren,0.015108244398849925,-0.010932538620407082,0.06796050410653301,-0.0009702113618392248,0.0003485375125104258,-0.013612795552985005
2025/05/21 11:28:06.635336396,1747819686,633074942,piren,0.016270118536640114,-0.198104473237869,-0.021082192528791996,0.000685857878101386,0.0010982018717175213,-0.013142831008942412
2025/05/21 11:28:06.754075912,1747819686,751605804,piren,0.017473320444608267,-0.09706443285200672,0.03819568886304655,-0.001082574065263128,0.001531504955416086,-0.013652093407854457
2025/05/21 11:28:06.814047154,1747819686,811828258,piren,0.01747405339452525,-0.09927285439042796,0.03202014270902796,-0.000942495420954739,0.0016105979129212703,0.0
2025/05/21 11:28:06.875167442,1747819686,873072982,piren,0.018185135935573055,-0.1429980451588284,0.010188934057463003,0.0006639013925898,0.0015578007904255777,-0.0666360107695033
2025/05/21 11:28:06.936663084,1747819686,934111091,piren,0.018303187315793574,-0.06969431187848314,0.050437239189998116,-0.0010289250311526223,0.0012033122443729672,-0.013590798242744766
2025/05/21 11:28:07.57629055,1747819687,54260324,piren,0.0157881445887042,-0.2509394133976049,-0.04478254128903776,0.0007807416540400951,0.0005453054923224716,-0.01318159935738902
2025/05/21 11:28:07.177163475,1747819687,174754633,piren,0.017758527263767365,-0.14591104998496593,0.02233690763852039,-0.0008612483010651353,-0.0002488437468649167,-0.013524790830041643
2025/05/21 11:28:07.239082163,1747819687,236108496,piren,0.01856334821191613,-0.29381712912398045,-0.0663283706179864,0.000940985484892215,-0.0012352910274915788,-0.013456903043041736
2025/05/21 11:28:07.362553903,1747819687,359405551,piren,0.019791254570017056,-0.16750760030351017,0.014939044270011609,-0.0007093022622670234,-0.001357833474177324,-0.013213403151252105
2025/05/21 11:28:07.425028739,1747819687,422495816,piren,0.01889327989378324,-0.304213088907452,-0.05283129814213649,-0.0005318890986135079,-0.0015290173333747162,0.0
2025/05/21 11:28:07.489868389,1747819687,483729217,piren,0.019760261014574544,-0.2680990418979634,-0.04865147362781954,0.0010846820832102764,-0.0016635325644152646,-0.07203785291056228
2025/05/21 11:28:07.550437144,1747819687,546608211,piren,0.019326453479343673,-0.14289893690456892,0.02777376387750648,-0.0006446457229187819,-0.001612195709329359,-0.01549185629744885
2025/05/21 11:28:07.669369313,1747819687,666226231,piren,0.016410299553189733,-0.2810358993156526,-0.05546505543352836,0.0010562267568365272,-0.0011417057920915874,-0.013164704879967291
2025/05/21 11:28:07.731149772,1747819687,728223440,piren,0.01708316585572038,-0.15289829959915988,0.016351337069755383,0.0008860628715144773,-0.0008225750331308556,-0.01315734823901124
2025/05/21 11:28:07.794535921,1747819687,791164707,piren,0.018505270967456355,-0.1909369188800623,0.0024418360623704926,-0.0006127289795704964,-2.8026970668280507e-05,0.0
2025/05/21 11:28:07.915836248,1747819687,910474725,piren,0.02074954523887415,-0.19708240047708148,0.00361680881876654,0.0007428133509416092,0.0006812709936349484,-0.05363845545958185
2025/05/21 11:28:07.976234500,1747819687,972182581,piren,0.01833855482649669,-0.21815074953961078,0.007348173601203109,-0.0008846972093696649,0.0010037855710796316,-0.06796221619245574
2025/05/21 11:28:08.40162503,1747819688,35251303,piren,0.01763855955821425,-0.3282535853848132,-0.05650418342999275,-0.0007913056022827599,0.0012585918673632308,-0.013335878039767247
2025/05/21 11:28:08.103095940,1747819688,99295105,piren,0.016363095718132076,-0.2718020451350001,-0.0287566997668085,0.0005646934569502063,0.0012466815869718875,0.0
2025/05/21 11:28:08.225252663,1747819688,221466380,piren,0.02112830320402924,-0.24602760661174775,-0.02034002361166733,-0.0009405285947222922,0.0012945647769169943,-0.06951864535641122
2025/05/21 11:28:08.287020143,1747819688,283453934,piren,0.0185103771242592,-0.2092573196064249,-0.0023194310232125532,0.0004861627219563281,0.0009905565524108173,-0.06680170249247976
2025/05/21 11:28:08.406934764,1747819688,403998673,piren,0.022004908361358662,-0.2014260133880486,-0.0013840195902643795,-0.0009105100167383012,0.00022429261437642475,-0.053920213282832384
2025/05/21 11:28:08.528663498,1747819688,526068711,piren,0.024536826039515257,-0.17732344098261538,0.009827807999107397,0.0006006782909391862,-0.0005474996981698533,-0.06734714598455724
2025/05/21 11:28:08.591200282,1747819688,588219775,piren,0.021411444245570947,-0.18055818927946815,0.006235710397392515,-0.0007447600185660081,-0.0010616612710386726,-0.05915734354763892
2025/05/21 11:28:08.738064511,1747819688,734288527,piren,0.0231073620918349,-0.15853263537985057,0.02444635857997443,-0.0007547117622516869,-0.0014098320040639965,-0.007411908176560622
2025/05/21 11:28:08.857898625,1747819688,855438513,piren,0.01884358430846861,-0.27158429429416897,-0.05230693360865701,0.0010538674639736078,-0.0012104548709744286,-0.012444648835891699
2025/05/21 11:28:08.978526589,1747819688,976324579,piren,0.022049058410757695,-0.12312139317269923,0.031062103555138647,-0.0006681752632342625,-0.0007407006916549774,-0.012544841273722846
2025/05/21 11:28:09.41470711,1747819689,38359249,piren,0.02300886729633434,-0.2478613109758999,-0.030061096096809466,-0.0005231456865114937,-0.00038793109961858465,-0.012210919890538427
2025/05/21 11:28:09.102754208,1747819689,100127519,piren,0.02385604158361586,-0.2068068014102099,-0.0072650043509079375,0.0009122049697868393,0.0003115031429193289,0.0
2025/05/21 11:28:09.225022764,1747819689,222905928,piren,0.02724669167515492,-0.1984088122214992,-0.002948734301249953,-0.0006030949282063183,0.0007537996098517945,-0.06178801817427
2025/05/21 11:28:09.288468418,1747819689,285844697,piren,0.023996653188801613,-0.17421982470825773,0.010575225198501159,0.0007762835264150117,0.0013115098730983026,-0.058756625426306
2025/05/21 11:28:09.412327212,1747819689,407817954,piren,0.025880946318431512,-0.1779637196631933,0.008010585247459037,-0.0007767063941232169,0.0014492114732276519,-0.05325023899159754
2025/05/21 11:28:09.474177484,1747819689,469772003,piren,0.02264268723622661,-0.1630938080705305,0.006079203693826371,0.0007741488330076102,0.001357648627232457,-0.058481444653031386
2025/05/21 11:28:09.537479180,1747819689,533139710,piren,0.02321736721004733,-0.05270845312064566,0.057711691058903176,0.0005937177056536282,0.0011741559818960984,-0.010741930531368314
2025/05/21 11:28:09.598499447,1747819689,595771114,piren,0.023567667144929538,-0.11250792736027218,0.03321726034837728,-0.0009021608945120803,0.0006880565862400559,0.0
2025/05/21 11:28:09.720233351,1747819689,717590247,piren,0.026962082468259537,-0.13938580830973332,0.02425745435751265,0.0005369100876209199,4.768445561164893e-05,-0.05862696480636225
2025/05/21 11:28:09.782616327,1747819689,780292286,piren,0.025950091499607898,-0.17697031174398073,0.0077145941508203544,-0.0008969444946412788,-0.0005102471192784577,-0.05808383212304363
2025/05/21 11:28:09.906452505,1747819689,902907912,piren,0.023399298274567853,-0.18384437394007058,0.006632558068615792,0.0006019533741306635,-0.0009705566805877917,-0.045531988286243615
2025/05/21 11:28:10.29072693,1747819690,26551877,piren,0.027409228068296584,-0.22123194977608393,-0.011215731913148288,-0.0007774486221782923,-0.0011183951777547902,-0.05397949208912929
2025/05/21 11:28:10.94001069,1747819690,90306116,piren,0.025191509193647273,-0.2118614123629362,-0.004803043147066098,0.0007524427350302417,-0.0010397580420741573,-0.04659386739245626
2025/05/21 11:28:10.215794859,1747819690,212955520,piren,0.028455868069452217,-0.2220677449147358,-0.011185853764265088,-0.0006411869749662726,-0.000888541897727497,-0.04831009780178662
2025/05/21 11:28:10.279835201,1747819690,275749601,piren,0.02538783048571016,-0.20887795442790333,-0.017029559328525554,0.0009798824242481807,-0.0005774858319512565,-0.05117577271348694
2025/05/21 11:28:10.341773236,1747819690,339031384,piren,0.026049828812171657,-0.09665341955626255,0.04288559120022125,-0.0007190306587507697,0.00011043398447103624,-0.009802820066002882
2025/05/21 11:28:10.464835438,1747819690,462419944,piren,0.025232583390012185,-0.2507139474611449,-0.04373725729241637,0.0010344604325885044,0.0007186181318643038,-0.010897160250608771
2025/05/21 11:28:10.529854477,1747819690,526103825,piren,0.02744504620128276,-0.13242781458902983,0.02073755720438891,0.0008850472295996187,0.0009503256445692137,-0.009489633780972832
2025/05/21 11:28:10.593241897,1747819690,589943974,piren,0.02926182806873063,-0.1782740454194737,0.003206571347300458,-0.0005921123142889788,0.001301486281553549,0.0
2025/05/21 11:28:10.716117618,1747819690,713025277,piren,0.03112008951331393,-0.19039494821440386,0.0018789059490895183,0.000810076089122994,0.0013258846244664992,-0.04059464279418677
2025/05/21 11:28:10.777942511,1747819690,776050383,piren,0.029382796911138265,-0.21619716411387524,0.003970626395217539,-0.0008107973168592986,0.0012653572475065603,-0.045478356023987414
2025/05/21 11:28:10.843166821,1747819690,839600857,piren,0.029221256215062906,-0.3242674600134061,-0.07759398846349594,0.0008647683490902556,0.000926406267278219,-0.008931169427720747
2025/05/21 11:28:10.964482612,1747819690,962102294,piren,0.028122399167920593,-0.172182590738364,0.01452292013724697,-0.0009219012038653191,0.0004249797475573826,-0.008694526038884754
2025/05/21 11:28:11.27221475,1747819691,25195082,piren,0.02872591952118104,-0.29023914224378483,-0.04722986211413811,-0.0008101871251198585,0.00015889258515636192,0.0
2025/05/21 11:28:11.92211137,1747819691,88975030,piren,0.02939905007629226,-0.2417960024364801,-0.02099068413584056,0.0005845179400804231,-0.0006262136179133689,-0.009778408020267729
2025/05/21 11:28:11.214829319,1747819691,212265282,piren,0.030224796709422998,-0.22633687937138702,-0.013908367944972551,-0.0008801838148233237,-0.0008128124642602498,0.0
2025/05/21 11:28:11.279448287,1747819691,276062788,piren,0.03038631798166635,-0.1971904257829909,-0.01034604356626649,0.0007281221732077974,-0.0008758988623899644,-0.03386098653808272
2025/05/21 11:28:11.344306237,1747819691,340258384,piren,0.03018499510005787,-0.0753601745516518,0.052700144333373375,-0.0009787984955016136,-0.0008673826960281167,-0.007646683826045998
2025/05/21 11:28:11.430781182,1747819691,427098872,piren,0.028928245595736334,-0.2229149436903054,-0.015046333268433312,-0.0008140780569932558,-0.0008170929726533487,0.0
2025/05/21 11:28:11.494532703,1747819691,491086615,piren,0.02856934459535236,-0.19735840258690865,0.00041317793230487195,0.0006937644937884709,-0.0006023176212648299,-0.038408154596116316
2025/05/21 11:28:11.618163693,1747819691,614984763,piren,0.03052578073795742,-0.1984260606756085,-0.00036945454657312966,-0.0006923729207152634,-0.0001649188300340485,-0.038545167990616046
2025/05/21 11:28:11.681368981,1747819691,679273235,piren,0.02766903658467937,-0.18115669001180726,-0.00173841501313033,0.000935302691157047,5.524968158349092e-05,-0.037002414418329604
2025/05/21 11:28:11.745312416,1747819691,742723043,piren,0.028264559792401958,-0.06695398757838106,0.05560185869062112,-0.0007492526097703803,0.0005115851404613852,-0.007189466912714987
2025/05/21 11:28:11.868277488,1747819691,866020287,piren,0.02749386144930723,-0.22383264013307136,-0.028681308078736513,0.001022012769322821,0.0008608266138690577,-0.006971933347901766
2025/05/21 11:28:11.932636934,1747819691,930141739,piren,0.0289532305000949,-0.10672098063188099,0.032908344722955694,0.0008838348086106748,0.000959024972663983,0.0
2025/05/21 11:28:11.995983484,1747819691,993852383,piren,0.030706782710847046,-0.15699575836198904,0.014098115618052614,-0.000571915557787276,0.0010496377668325336,-0.008018342137149971
2025/05/21 11:28:12.120788609,1747819692,117569519,piren,0.03096527925726998,-0.17347448061111823,0.01072741096856635,0.0008480177276585766,0.0008740718972586883,0.0
2025/05/21 11:28:12.184776406,1747819692,181664644,piren,0.03210273687789187,-0.20193441090464387,0.010510609946051151,-0.0007676086370081034,0.000739967428026696,-0.0323190443843047
2025/05/21 11:28:12.248478933,1747819692,245302507,piren,0.03183874904168222,-0.315191713955792,-0.07130670325632896,0.0009126848855866315,0.0003419282512808225,-0.006402375959005003
2025/05/21 11:28:12.375393294,1747819692,369866643,piren,0.030787458093387527,-0.1663347391852081,0.01842153316611093,-0.0008911655069002266,-0.00018667584660061066,-0.0063871737565969425
2025/05/21 11:28:12.437905059,1747819692,434633686,piren,0.03160336702590227,-0.2852297607302423,-0.059651197787641615,0.0007823182167498652,-0.0007736083881897508,-0.0059802427552045545
2025/05/21 11:28:12.561096584,1747819692,559038538,piren,0.03237281057887995,-0.14011133588908128,0.026063119839723346,-0.0010113447993611514,-0.0014134387534214111,-0.0057600496672084245
2025/05/21 11:28:12.626405245,1747819692,622893069,piren,0.032640522137011775,-0.2656775735478901,-0.035580098847230325,-0.0008905892232071812,-0.0014341401954286754,0.0
2025/05/21 11:28:12.690951466,1747819692,688437140,piren,0.03238326567845353,-0.22393069355255912,-0.011737741708436802,0.0005464036249353365,-0.0011768831593968008,-0.022218251452050145
2025/05/21 11:28:12.816225642,1747819692,813974910,piren,0.03285870833919848,-0.21255014883016127,-0.006591054249723164,-0.0008839078783744563,-0.0005523521520689608,-0.025891347254313683
2025/05/21 11:28:12.881612644,1747819692,878332993,piren,0.030490362295160313,-0.18795538001180262,0.00765728290683429,0.0006188765825708088,0.00017169448298374,-0.027211548427291413
2025/05/21 11:28:13.8220497,1747819693,3287438,piren,0.029603039091999808,-0.19025984398040607,0.005630130044334335,-0.0007598505738427038,0.0009228004667629293,-0.020851460050054147
2025/05/21 11:28:13.135540446,1747819693,133133551,piren,0.029921212737067195,-0.16338275616190456,0.017967030368696048,0.0007715551036953961,0.0014358431965782413,-0.020305091559521947
2025/05/21 11:28:13.201063417,1747819693,197862949,piren,0.030290053448016906,-0.1768926186773039,0.009850861615708185,-0.0006069569627636361,0.0016767711838436706,-0.004954125187197739
2025/05/21 11:28:13.325772441,1747819693,323209278,piren,0.029346012510656463,-0.16825954997051337,0.013974735767813665,0.0008915948558017155,0.0014679253350748486,0.0
2025/05/21 11:28:13.390275751,1747819693,386969538,piren,0.02976646953240126,-0.18325547777699344,0.005416843612466084,-0.000550322472771053,0.0009103054863820902,-0.015520979573062279
2025/05/21 11:28:13.514241254,1747819693,511961289,piren,0.03204593254796591,-0.17544942702154045,0.00966799919048447,0.0008785902618908547,-1.827877474301275e-05,-0.016696573588344116
2025/05/21 11:28:13.579093856,1747819693,576467864,piren,0.03288944055668451,-0.1884591213101225,0.013590658125189987,-0.0007488384328786063,-0.0006808122281743539,-0.02023133280561305
2025/05/21 11:28:13.646433399,1747819693,641552865,piren,0.033918403438883124,-0.29207357314820165,-0.0631898501351794,0.0009097581468315004,-0.0012315206488425806,-0.0032493937320451733
2025/05/21 11:28:13.771339260,1747819693,767274810,piren,0.03326361540319726,-0.13754843604214878,0.024861488996383522,-0.0009076252385511665,-0.0013997802570306277,-0.0030618168710648402
2025/05/21 11:28:13.835224838,1747819693,832755383,piren,0.033017477610906565,-0.2570101389350949,-0.03528095972847374,-0.000803819530022617,-0.001329980535308922,0.0
2025/05/21 11:28:13.927175814,1747819693,921399244,piren,0.03294827744831084,-0.21391490015325337,-0.010958997412412191,0.0005889718081393471,-0.0009722878989429714,-0.0033510857660028126
2025/05/21 11:28:13.989647005,1747819693,986443015,piren,0.03330704544183007,-0.20229846624116057,-0.005448431114795908,-0.000908969577743964,-0.0003016703268972537,0.0
2025/05/21 11:28:14.114927443,1747819694,112704950,piren,0.03296349784330824,-0.17553577703222345,0.009145075892572211,0.0005591463205361103,0.0004142073218062594,-0.012017828993947162
2025/05/21 11:28:14.182296730,1747819694,177468939,piren,0.032172425464652245,-0.17622631218474116,0.018776011255762226,-0.0010160490588152545,0.0007875080202040613,-0.011313793076297022
2025/05/21 11:28:14.245540788,1747819694,242539611,piren,0.03158758348626669,-0.2738315674109406,-0.052665423943854754,0.0007756942633666763,0.001287812949084701,-0.002082121188532857
2025/05/21 11:28:14.372129589,1747819694,369353859,piren,0.0319305416694088,-0.11471648980320767,0.03447214297524172,-0.0009047133248967333,0.0014801538841200522,-0.0019754894572191683
2025/05/21 11:28:14.437069655,1747819694,434344662,piren,0.03219574521188228,-0.232994075588746,-0.023656854323132335,-0.0007363369797309869,0.001437995917414795,-0.001749325926656172
2025/05/21 11:28:14.501513720,1747819694,498733009,piren,0.0321730444973835,-0.1881093823566321,9.924219932853383e-05,0.0007507824411498721,0.0010438065673437306,0.0
2025/05/21 11:28:14.630979648,1747819694,627391321,piren,0.03308307546146143,-0.17700726356569507,0.0009068902673428465,0.001112393347858464,0.00026711649307121534,-0.00832436126733916
2025/05/21 11:28:14.696618168,1747819694,693016269,piren,0.03222132447722317,-0.10933451100617783,0.03752449291062278,-0.0005860357038584334,-0.0002087841343835783,-0.00469610644439209
2025/05/21 11:28:14.822953663,1747819694,820655264,piren,0.0322296662978786,-0.18799897980538405,-0.0074977626053712165,0.001217939411918463,-0.0006245677966289741,-0.004362210963501323
2025/05/21 11:28:14.889687651,1747819694,887131583,piren,0.03178290022653546,-0.08389044399133082,0.04334624326650628,-0.0006368756209116533,-0.0007359450378165824,-0.002845755193530446
2025/05/21 11:28:15.18551422,1747819695,15890317,piren,0.03090508396522047,-0.10246767217109137,0.0350237989551888,0.0012658725097678932,-0.000681747611565594,-0.0015277612082706012
2025/05/21 11:28:15.86978475,1747819695,83098016,piren,0.030931595375756328,-0.07627124143534425,0.04839021758327085,-0.00029640173674296206,-0.0005194464411970824,-0.00048340124125220214
2025/05/21 11:28:15.152318809,1747819695,149992500,piren,0.030294285684141817,-0.12068118578958557,0.03131376939056173,0.0007075549319205958,-0.00016380632098984948,7.613857477265441e-05
2025/05/21 11:28:15.281551406,1747819695,278134222,piren,0.029660575786668687,-0.1729305855517177,-0.00018126786472925374,0.0007942793189586155,0.000325676495424971,0.000252372012437357
2025/05/21 11:28:15.410744014,1747819695,408089077,piren,0.029912101818041104,-0.08557228108332182,0.0467946900029779,-0.0009574144240531209,0.0006037412803492669,0.0021804873423826748
2025/05/21 11:28:15.476918481,1747819695,474680551,piren,0.029881237064981456,-0.2542872048997812,-0.031526711634953006,-0.0008469260699419777,0.0007481908949608303,0.0034729221257709998
2025/05/21 11:28:15.545175779,1747819695,541146037,piren,0.029510845364512428,-0.23806403427758313,-0.019890166129322054,0.0005707963105454917,0.0009176954354738092,0.0008149862346264251
2025/05/21 11:28:15.673786148,1747819695,670997338,piren,0.02882513033685606,-0.24224490254255596,-0.02307282720147098,-0.0008807125838380077,0.0008687358633209767,0.0009166900445246469
2025/05/21 11:28:15.740342905,1747819695,737332225,piren,0.029079861563048752,-0.22286470589751375,-0.01131616000854281,0.0006100634068809066,0.0006095301790278663,0.0009671632380277368
2025/05/21 11:28:15.868907999,1747819695,865273525,piren,0.028615966449221736,-0.2267907244781054,-0.015048729133159912,-0.0008489295604958509,0.0002052539179601011,0.0010077656315645174
2025/05/21 11:28:15.935414761,1747819695,932790073,piren,0.029013374723624842,-0.20698083645842424,-0.01763161221715986,0.0008048613691772128,-4.244269870818488e-05,0.001080801423039478
2025/05/21 11:28:16.1479681,1747819695,998467536,piren,0.028991340718640228,-0.09200399274452702,0.0433422145654875,-0.0009101903049477806,-0.0004526323004432749,0.0
2025/05/21 11:28:16.93491923,1747819696,90994841,piren,0.028004348971163107,-0.2431416920773785,-0.04154350831349273,0.0009813973523320036,-0.0011059808206444494,0.006207606122274118
2025/05/21 11:28:16.225132282,1747819696,221555284,piren,0.02779503224452722,-0.12054515942099822,0.03007250047668062,-0.0005726686826259364,-0.0011778736042522473,0.006125046894205616
2025/05/21 11:28:16.294187935,1747819696,289646487,piren,0.027327903533574803,-0.2683520631916834,-0.03707301812211706,0.0007190934834891245,-0.0010846371674238819,0.008495565309804016
2025/05/21 11:28:16.424498078,1747819696,421437320,piren,0.02726375455767706,-0.25458979061421094,-0.01605214303782541,-0.0025366535820881887,-0.0007849927425025848,0.009009181341390582
2025/05/21 11:28:16.490387292,1747819696,487562253,piren,0.027477382471066042,-0.31832076241880564,-0.033780788220495364,-0.00042649717612110286,-0.000514331084117044,0.009826087282571288
2025/05/21 11:28:16.619007974,1747819696,616601249,piren,0.026540178953295357,-0.36804095209064025,-0.09879446604318533,0.0013619427799734809,-0.00011455529417573534,0.008763241963980447
2025/05/21 11:28:16.684949475,1747819696,682748639,piren,0.027828358716114728,-0.1865274701984426,-0.0009905899807677683,-0.0003023828459542558,0.00015759454102047107,0.010073872703666126
2025/05/21 11:28:16.750985900,1747819696,748822909,piren,0.027349166033087343,-0.16716407949137105,0.010252658186530959,-0.0004749234127251346,0.0003237671842052829,0.002017725447656009
2025/05/21 11:28:16.880328573,1747819696,877565438,piren,0.027958299594001194,-0.15425724660815684,0.017644900890466563,0.0012564792633750785,0.0005775045323752398,0.0022863709888678563
2025/05/21 11:28:16.946239535,1747819696,943502791,piren,0.026152149788528343,-0.15082097240961231,0.011111686870306614,-8.807232095580752e-05,0.0007568029532246831,0.0024864262388137647
2025/05/21 11:28:17.74483832,1747819697,71833872,piren,0.02628930444986508,-0.03248787773332965,0.06639264721875475,-0.0020239676993617103,0.0007708775834526245,0.0030630941711939936
2025/05/21 11:28:17.142610769,1747819697,139707267,piren,0.025788431070641687,-0.1793999927901639,-0.004164637918954726,0.0022522441246530674,0.0005368153105369508,0.002620103177991655
2025/05/21 11:28:17.274018182,1747819697,268636752,piren,0.024702361331854432,-0.10153441127340641,0.030568747847338394,-0.0005932129429144131,0.0002030119922372103,0.0026806698789620404
2025/05/21 11:28:17.339432114,1747819697,335359377,piren,0.025217239470064077,-0.011935904464225704,0.07008426513778493,-0.0011418037250305174,-0.00024147252370005626,0.0027173199620142384
2025/05/21 11:28:17.468126130,1747819697,464934036,piren,0.02451534731761635,-0.20771665085026642,-0.021191459602569154,0.0023645205798074782,-0.0007829993098865904,0.0028346108292559295
2025/05/21 11:28:17.533451675,1747819697,531105931,piren,0.02379452765377813,-0.13902966084855312,0.01119846069552501,0.0010726905252632357,-0.0009996839296823417,0.0
2025/05/21 11:28:17.601269324,1747819697,598458884,piren,0.02472350864453334,-0.07744951102228706,0.047662822226813284,-0.002286239661180435,-0.001437844462888522,0.0034857739310683203
2025/05/21 11:28:17.731771287,1747819697,729220725,piren,0.023508570019888576,-0.2480996077426452,-0.00788412756936842,0.0006096062303935715,-0.0013241389081029226,0.0
2025/05/21 11:28:17.799062171,1747819697,796556205,piren,0.022073214338636016,-0.3805617032581529,-0.10608503919216447,0.0011395726323558592,-0.0009189269588857979,0.0035757491560785264
2025/05/21 11:28:17.929306041,1747819697,926299941,piren,0.022539215376528622,-0.2276765818722994,-0.00618913037706207,-0.0022572381306559175,-0.00018199867474706432,0.0
2025/05/21 11:28:17.999125228,1747819697,993027496,piren,0.020630566308564295,-0.3210435144660417,-0.03221036519867504,0.0004784275480845829,0.0004783905139579724,0.016353697117713204
2025/05/21 11:28:18.131647097,1747819698,124596564,piren,0.01942978339061742,-0.39438799202917874,-0.11228057193802578,0.0010668657191359766,0.0009918105306328908,0.01683355269219818
2025/05/21 11:28:18.197318650,1747819698,194511845,piren,0.02142575577063221,-0.20467292373902468,-0.009202490188650317,-0.0011560952606582055,0.0014021514973070173,0.018458690085457016
2025/05/21 11:28:18.288319355,1747819698,285759223,piren,0.021853544493808816,-0.17149031066854487,0.012623347250000777,-0.00011789462193021778,0.0014414742511779583,0.018881753595397514
2025/05/21 11:28:18.356478654,1747819698,352392987,piren,0.021165791677600868,-0.1957199226455701,-0.009277903425850218,0.0013243438230817262,0.0012300722255883477,0.0035061965465780867
2025/05/21 11:28:18.423051829,1747819698,419393440,piren,0.02151470037950959,-0.0827146887067184,0.04382969064752484,0.001340951220865452,0.001014622015847334,0.0
2025/05/21 11:28:18.490490385,1747819698,486819040,piren,0.022233810800237293,-0.010157871659449633,0.07514893888710696,-0.0016156023978737106,-0.0003699255275524116,0.015567120806002765
2025/05/21 11:28:18.620581110,1747819698,617909639,piren,0.020380265849694865,-0.187234756500329,0.00198206640562953,0.00044397648529966434,-0.0009097944330308403,0.019196847131889763
2025/05/21 11:28:18.688563197,1747819698,685869501,piren,0.020196091282867923,-0.2077412059925479,-0.00504201685413259,-0.0002381786859568273,-0.00119100974332987,0.022598268284768696
2025/05/21 11:28:18.820025706,1747819698,817259945,piren,0.018996157617493167,-0.2101550384774257,-0.005275445652296004,-0.0006597395068705603,-0.0011294517620901426,0.023093746700921836
2025/05/21 11:28:18.887879076,1747819698,884880399,piren,0.01927428166865988,-0.2056459789303679,-0.0012172544851502248,0.0003708811294937788,-0.0008413456016833994,0.02198938888626204
2025/05/21 11:28:19.19345518,1747819699,16415473,piren,0.019001876336071304,-0.21372961775890809,-0.01772693820060087,0.0008861404851684976,-0.0007635853823637094,0.02047730974326169
2025/05/21 11:28:19.87654567,1747819699,84533727,piren,0.01902792002696647,-0.10456054334388888,0.03661600087555753,-0.0006442115680068502,-3.52791344830246e-05,0.02310059552980416
2025/05/21 11:28:19.218505794,1747819699,216050721,piren,0.017035482969472642,-0.1409210200307665,0.023158677866291316,0.00029916231521717713,0.0006028728569140412,0.01855748551402939
2025/05/21 11:28:19.285618440,1747819699,283615248,piren,0.016721664053527485,-0.17996352694082834,0.007128083538895805,0.000233344334368792,0.0010423443402116743,0.020677058749575126
2025/05/21 11:28:19.417714317,1747819699,414912719,piren,0.015972139968740043,-0.20338727008946814,0.003588831511247003,-0.0009774046448088737,0.0012309565941471885,0.02235784265702723
2025/05/21 11:28:19.485559758,1747819699,483234704,piren,0.016926912747397875,-0.27842641709223703,-0.019645670201101962,-0.0008661145124077264,0.0012427451901334489,0.024257581641715074
2025/05/21 11:28:19.553233892,1747819699,550072015,piren,0.015921134710577142,-0.35722650863380784,-0.09044233964369612,0.0013836246201253443,0.0010356801719831202,0.004468574544598222
2025/05/21 11:28:19.685322610,1747819699,682563505,piren,0.016080439193149672,-0.21139225488824265,-0.012711029448870736,0.00012463826414735484,0.0006136901103569717,0.0043530313918659766
2025/05/21 11:28:19.753194918,1747819699,750862075,piren,0.015136649094694338,-0.1990802251305083,-0.005632839144762334,-4.29163832138146e-05,8.467016640681046e-05,0.004901173524929386
2025/05/21 11:28:19.884118353,1747819699,881973332,piren,0.014296155904171312,-0.18873660676598442,0.00031158911771714395,5.194480493678336e-05,-0.0010602306145489346,0.0041074787422573
2025/05/21 11:28:20.15764182,1747819700,13228142,piren,0.01407066190316153,-0.18308400575020337,0.011930365330232427,-0.0017241348247095613,-0.0012902772651342377,0.01989988917774274
2025/05/21 11:28:20.84044059,1747819700,81645895,piren,0.014148201594594421,-0.26810488951128264,-0.023587753661514284,-0.001647397585846139,-0.0012581879659321537,0.022751585037943316
2025/05/21 11:28:20.152042323,1747819700,149577324,piren,0.013403182813952905,-0.29887562608057916,-0.04323840218698358,0.0013864102168390095,-0.001005322739072831,0.004477495504007466
2025/05/21 11:28:20.286589266,1747819700,284051456,piren,0.012645091697160465,-0.2598550114199583,-0.029714597345530374,-0.00057989486536221,-0.0002454562894593881,0.004265399536290548
2025/05/21 11:28:20.421143353,1747819700,418360711,piren,0.011960058967709873,-0.20287629287683961,-0.0035007271494412653,0.0002411783988863343,0.00021553637207010268,0.023191212244485254
2025/05/21 11:28:20.492275994,1747819700,487272804,piren,0.012132412370291383,-0.17614013646720833,0.006886018653165171,0.0007195150744709355,0.0004890419773127345,0.059303981895864694
2025/05/21 11:28:20.583184099,1747819700,580008731,piren,0.016573391679366757,-0.1436517249322139,0.019875086069202443,-0.0003232692165471088,0.0002840799147761378,0.015067927074108775
2025/05/21 11:28:20.651972470,1747819700,648508054,piren,0.019765436637810732,-0.11294320421729748,0.034062711807116446,0.0002489151768037939,0.00033635644106528456,0.004511630458599568
2025/05/21 11:28:20.784038647,1747819700,780642828,piren,0.015991185277459168,-0.12663979716059642,0.02808717237089965,0.0003581068052147789,0.0004554643635765593,0.004594439649840866
2025/05/21 11:28:20.852965122,1747819700,849527264,piren,0.012531619905624364,-0.14158464862081724,0.020629434027510087,-0.00041023237335088765,0.0004528291734011361,0.004471865906472532
2025/05/21 11:28:20.985826229,1747819700,982660986,piren,0.010541724269726271,-0.1428252670477507,0.029392365405501473,0.0009184778074993278,0.00031173884208374636,0.004530764306020389
2025/05/21 11:28:21.117832995,1747819701,115218824,piren,0.007839817283170243,-0.2827576967594365,-0.06172613490659399,0.0001728756418358518,0.00012953634225140352,0.025030393271201518
2025/05/21 11:28:21.185478986,1747819701,183182675,piren,0.009166412452763714,-0.12453797649195408,0.027917758060030724,-0.0005078768304147172,2.0933690506059945e-05,0.023252875370488934
2025/05/21 11:28:21.318429907,1747819701,315801980,piren,0.006797435815754954,-0.24766423216234848,-0.045551535910502594,0.0014966843887214566,-0.00019862374176474713,0.023192266769528524
2025/05/21 11:28:21.387157539,1747819701,384438771,piren,0.008743768236479633,-0.1157138390840842,0.01994328053560921,0.00013375295923262806,-0.0003069375536473396,0.02054056973405617
2025/05/21 11:28:21.457422075,1747819701,453982950,piren,0.00892667951017374,-0.056971137977438226,0.05081199835930761,-0.0006714568949893191,-0.0005233687011578214,0.004185872186416519
2025/05/21 11:28:21.525354530,1747819701,522725113,piren,0.009586739941286029,-0.09433412980160946,0.03923685630032389,0.0001374537840016552,-0.0006173029240147291,0.0
2025/05/21 11:28:21.597441294,1747819701,592073247,piren,0.009167760741581012,-0.13678268397871202,0.02390363585902361,0.00015790383538469974,-0.0006492589374992797,0.018987248242728946
2025/05/21 11:28:21.730891795,1747819701,727438551,piren,0.007505917662112463,-0.1687895607571766,0.0015064575687989154,0.00031183727332353533,-0.0004998819580212803,0.020718251689234923
2025/05/21 11:28:21.798101503,1747819701,795603614,piren,0.007808493458144973,-0.07188265835969566,0.04843805716795915,-0.0006422014151238854,-0.00018786273602672181,0.004319210166015648
2025/05/21 11:28:21.930659207,1747819701,928605489,piren,0.008351019430494742,-0.1269031747654466,0.02798146211684449,0.0007106916156970172,0.00019634905196876475,0.0
2025/05/21 11:28:22.2540894,1747819701,997231720,piren,0.008365128731162214,-0.1852712464174739,-0.006026922596819171,0.0008486873283890738,0.0005900696697990694,0.004186711023193636
2025/05/21 11:28:22.134221507,1747819702,131129201,piren,0.0069943442270410765,-0.11223400777141156,0.03752263030777374,-0.0008670932810873318,0.0009183470986851151,0.0
2025/05/21 11:28:22.268532192,1747819702,265802859,piren,0.005279926763095598,-0.28026842628572596,-0.03923112204097881,0.0008469710388320398,0.0008721894179866908,0.007276411646340089
2025/05/21 11:28:22.341056150,1747819702,335041157,piren,0.004681632297792983,-0.2825258292980933,-0.04115607465950267,-0.0005939678395642901,0.0005900319550421161,0.003484954711146648
2025/05/21 11:28:22.472773962,1747819702,468412513,piren,0.005674443194465341,-0.25835787907267693,-0.013172455661109733,-0.00088663788733105,4.136185343187615e-05,0.0033617668884445666
2025/05/21 11:28:22.541695596,1747819702,538996298,piren,0.005971083498204702,-0.3499302910949266,-0.06785229758979566,0.0007825611631046645,-0.0009040369617254572,0.0032993656044589
2025/05/21 11:28:22.676675930,1747819702,673600764,piren,0.006904204540665024,-0.30250617241864497,-0.04919727544558374,-0.0006924509645453178,-0.0013053065444024472,0.0035057758020342147
2025/05/21 11:28:22.769855994,1747819702,766859372,piren,0.006811947637188821,-0.24518712362384373,-0.007779498519152921,-0.0009840507466907268,-0.0013273612962051995,0.003292149522436546
2025/05/21 11:28:22.839231034,1747819702,836318534,piren,0.006034411735506839,-0.3172229407337115,-0.053436828615696784,0.0007031886350698879,-0.0010158127283819865,0.0029526916775115633
2025/05/21 11:28:22.975923185,1747819702,970426853,piren,0.005180234733056038,-0.2565760768598182,-0.029571939676969083,-0.0007396409374239111,-0.000393490943361533,0.002913055428087822
2025/05/21 11:28:23.42373053,1747819703,40166171,piren,0.005253870315414862,-0.19433306513695975,0.010146527624423309,-0.0009882237648142311,0.0003646849868480725,0.002665230667780395
2025/05/21 11:28:23.177103486,1747819703,174756636,piren,0.004581257923260806,-0.26895430087016575,-0.033636485418246306,0.0007489590153659787,0.001278774519717051,0.0025188713423502677
2025/05/21 11:28:23.247957109,1747819703,245330655,piren,0.0013308475373184706,-0.2130903916638619,-0.011655982711635851,-0.0006349159436876536,0.0018457923448785554,0.0022020904611486113
2025/05/21 11:28:23.382934236,1747819703,380574327,piren,0.0030818232210538567,-0.15426702289151856,0.022908314138286902,-0.0008643730057747987,0.0019250583768172457,0.0019891843067080875
2025/05/21 11:28:23.452700551,1747819703,450290036,piren,0.00382285038030844,-0.23600070675966983,-0.021576941357489783,0.0008748200370388441,0.001923027866734225,0.0017948651799375367
2025/05/21 11:28:23.524107707,1747819703,519831095,piren,0.0016993073728626268,-0.18915919250302604,-0.013089260066239214,0.0010431834318759198,0.0019152641404371086,0.0
2025/05/21 11:28:23.592232930,1747819703,590090068,piren,0.003079816387130202,-0.0402211617834782,0.05734489182053547,-0.0006634287950681756,0.0014286083809880647,0.008199643475812795
2025/05/21 11:28:23.727873594,1747819703,725533473,piren,0.0027653558817398866,-0.05382269177592604,0.05371910228512973,0.0007203791692049542,0.0006160236602317289,0.006806492397715699
2025/05/21 11:28:23.803090170,1747819703,794873365,piren,0.003159376363850025,-0.09531575392417509,0.03285803223299263,0.0009466944895238803,-0.0003144269927699284,0.006885870961777086
2025/05/21 11:28:23.933191351,1747819703,930252198,piren,0.0038136545290164015,-0.007824238466248894,0.07130681406439301,-0.0008123834799340668,-0.0010943109912977356,0.005468581601660173
2025/05/21 11:28:24.3962987,1747819704,1214214,piren,0.003843407094014673,-0.06580757173683782,0.04928424491551829,0.0005797117616379222,-0.0016465834856135627,0.0012218579467449594
2025/05/21 11:28:24.140244864,1747819704,137063690,piren,0.0038913176975690356,-0.13776770227304147,0.020617322067209943,-0.0007990629197444709,-0.0018425626501748804,0.0005824443264499828
2025/05/21 11:28:24.277836691,1747819704,274322641,piren,0.005740867823695497,-0.16856406945816083,0.019109609772350704,-0.001067369493686224,-0.0013988886491577792,0.0009943125055665236
2025/05/21 11:28:24.348345463,1747819704,344006733,piren,0.004243196301165847,-0.3068530338575802,-0.04922908858411133,0.0006647719818106009,-0.0006135816158359936,0.0009933270085263261
2025/05/21 11:28:24.483284048,1747819704,480192329,piren,0.0031861025775832275,-0.2887819542442638,-0.04314142135209249,-0.0007203465163340073,0.00026911219516435696,0.0009027228744493205
2025/05/21 11:28:24.552903378,1747819704,550158348,piren,0.0034914179855813493,-0.25119746293305645,-0.010204592425906957,-0.0009533972371786518,0.0010202979045690805,0.0008114414678811228
2025/05/21 11:28:24.689128002,1747819704,686107520,piren,0.003265252755223255,-0.32889381244806004,-0.08130659585570461,0.0010255810816758252,0.0016679950498872907,0.0006981275632559758
2025/05/21 11:28:24.825043012,1747819704,822174205,piren,0.003919863051403218,-0.15943578253968455,0.0074414034310602535,-0.000624085814145232,0.0014377918598379614,0.00203951015078599
2025/05/21 11:28:24.895741403,1747819704,892294622,piren,0.0041636652452953955,-0.14902342129165097,0.01568214053028539,0.0008402715077848666,0.0008328414298962277,0.0003368981218462913
2025/05/21 11:28:25.29625015,1747819705,27202484,piren,0.004284255773009893,-0.16414475724915578,0.0008535128774855918,0.0011056626161185894,0.00010444892990830298,0.0
2025/05/21 11:28:25.123047575,1747819705,119859811,piren,0.004837476996897693,-0.058020531523225255,0.051559982831946426,-0.0006262378117672844,-0.0005868548744988239,7.547586520985071e-05
2025/05/21 11:28:25.191869133,1747819705,189585981,piren,0.004037401975169708,-0.09895661375112041,0.03694519408242133,0.0007590196331406742,-0.0011722833351112106,0.0
2025/05/21 11:28:25.330983222,1747819705,327897435,piren,0.003338100644026308,-0.15203623259110327,0.007176433863063557,0.0009558458941919416,-0.0014886460630932827,-0.0005153934792231207
2025/05/21 11:28:25.401031574,1747819705,398645487,piren,0.0033847406872041675,-0.07189364406294727,0.04666111592388271,-0.0008259114081453832,-0.001398970523333624,-0.000291547447155136
2025/05/21 11:28:25.472245986,1747819705,469387026,piren,0.003383979437153203,-0.06882209779999107,0.0510830676742184,-0.001005953888422137,-0.0012634428671966407,0.0
2025/05/21 11:28:25.545130681,1747819705,541588420,piren,0.0026078412599044934,-0.24932402912521903,-0.027269811551318728,0.0006373916567101391,-0.0007944691604882063,-0.0003819857039325961
2025/05/21 11:28:25.684702574,1747819705,678706913,piren,0.0020481765802354696,-0.26117050451459234,-0.032287486848505964,-0.0008289614712968404,-0.00013340341368569015,-0.00046298486018945276
2025/05/21 11:28:25.750970124,1747819705,748792339,piren,0.0024279010516097058,-0.24475918113009926,-0.008059305475217191,-0.0010744354428960264,0.0006971623349878028,-0.0005737054240218457
2025/05/21 11:28:25.887751789,1747819705,884998094,piren,0.0020181741014421856,-0.39426042439886677,-0.11389658333648141,0.000855224694847269,0.00106897484082199,-0.000997356354860851
2025/05/21 11:28:26.23645512,1747819706,21422014,piren,0.0032164422262077746,-0.2013571092131877,-0.0100110677837168,-0.0008001650842350104,0.0010394802746038095,-0.003961571872436975
2025/05/21 11:28:26.95238887,1747819706,92405417,piren,0.003116178390415947,-0.17084160076192603,0.007426712392184205,0.0007079501079485164,0.0007502655219173363,-0.005454433574525566
2025/05/21 11:28:26.233759145,1747819706,230020691,piren,0.0032645648069640626,-0.17111267145934586,-0.0015977144190231095,0.0010397313911955782,0.00020853426780933563,-0.006013486610102948
2025/05/21 11:28:26.302216965,1747819706,300251352,piren,0.003664636387018222,-0.05501643012376989,0.05381979041548563,-0.0006229302547459413,-0.00032147322164201834,-0.0015014587216950453
2025/05/21 11:28:26.439997404,1747819706,436744049,piren,0.002985460990766839,-0.09478798933841832,0.03963512124695872,0.0009409478803691266,-0.0010336307410285918,0.0
2025/05/21 11:28:26.578681631,1747819706,575937333,piren,0.0029016209495132776,-0.1482984928417897,0.01725381872459626,-0.000525015379866972,-0.001204607892364889,-0.003134745828597585
2025/05/21 11:28:26.652827731,1747819706,646591750,piren,0.00332399904321027,-0.16658560064749267,0.020679887296730037,-0.0008497968666407224,-0.0010969164656673982,-0.0020351069503441463
2025/05/21 11:28:26.787245123,1747819706,784700432,piren,0.0030378942487805857,-0.2937220937200176,-0.0632518302264653,0.0009475628583321149,-0.000549696871837359,-0.0017783373944892968
2025/05/21 11:28:26.927495389,1747819706,924824378,piren,0.003990660820770289,-0.15607046316067308,0.009487098625440392,-0.0008555038141464374,-0.00018116914431398805,-0.010708183943918346
2025/05/21 11:28:26.998230652,1747819706,995518709,piren,0.003180195691026573,-0.16617733927701087,0.008921973225669379,0.0005634568528614019,0.0002007440357981225,-0.011639801713671722
2025/05/21 11:28:27.140158863,1747819707,134765344,piren,0.003501691724136821,-0.19427269121413726,-0.003097901018744574,-0.0008067371370199818,0.0005792144655195909,-0.0014840930813735359
2025/05/21 11:28:27.275673634,1747819707,272906865,piren,0.003299407750023589,-0.19295600579728406,0.01000043877071736,-0.0010606961420389493,0.0006551137728613944,-0.002710817827724362
2025/05/21 11:28:27.373178091,1747819707,368878266,piren,0.0037375544986858397,-0.3060680693227387,-0.050308520015312164,0.0006734198216770611,0.0005236009672865917,-0.002773717703635492
2025/05/21 11:28:27.442548634,1747819707,440061080,piren,0.003892850407100523,-0.2715894200411059,-0.037965595677773745,-0.0007087021766047887,0.00028062584862893,-0.002961970767448236
2025/05/21 11:28:27.580900613,1747819707,578256836,piren,0.004699345568168117,-0.22399295542367206,-0.0030581319422436255,-0.0009167902246316296,-3.698244043631787e-05,-0.003068507037554176
2025/05/21 11:28:27.652747527,1747819707,648956929,piren,0.004574431960999291,-0.3041530333388406,-0.051352946284173646,0.0008355937081793348,-0.00039601378978387314,-0.0032332211764770687
2025/05/21 11:28:27.792297455,1747819707,786518240,piren,0.004394250289777475,-0.247293063905271,-0.02846204984776906,-0.0006604470193654098,-0.0006937859759050439,-0.004006603287451776
2025/05/21 11:28:27.933410683,1747819707,927005283,piren,0.00493751829981897,-0.18543608065691133,0.0008656171969595537,0.0007918933592231608,-0.000999072818256582,-0.013848959218483016
2025/05/21 11:28:28.1632539,1747819707,999161976,piren,0.004304517373821648,-0.16421287761470751,0.0001790739082095555,0.001052308835269045,-0.001094441266313995,-0.004360279815462265
2025/05/21 11:28:28.140724826,1747819708,137660578,piren,0.0038840920730471755,-0.03131768970333613,0.06195683411727116,-0.0007794100380195131,-0.0007048990138556235,-0.002472101870119658
2025/05/21 11:28:28.283518027,1747819708,278290071,piren,0.0040264329403081195,-0.1793642257863161,-0.0014847185875742515,0.0007972162757885686,-0.00045690554807743567,-0.004772656462636965
2025/05/21 11:28:28.354244548,1747819708,349929533,piren,0.004248090896488178,-0.1743959495756872,0.0010354336027344996,-0.0006747855096072158,-0.00010060184387546387,-0.005001607377648174
2025/05/21 11:28:28.492766442,1747819708,489570265,piren,0.005045851470907907,-0.15295602345262171,0.013034258403164198,0.0006272906170787628,0.00040554551647277394,-0.005255801923530472
2025/05/21 11:28:28.632389213,1747819708,629372127,piren,0.0051888712781190185,-0.16108341295517667,0.0011207940302398614,0.0008899631303023641,0.0005817690373898552,-0.0034371423091752594
2025/05/21 11:28:28.707323030,1747819708,702040345,piren,0.005376041129166663,-0.049979997852179374,0.053317004463080055,-0.0009165761107136821,0.0006746826925524361,0.0
2025/05/21 11:28:28.846277956,1747819708,843706614,piren,0.005681498359011994,-0.09113568703205574,0.0378401616620634,0.0007370782660382373,0.0007937315687373385,-0.0035944488209236304
2025/05/21 11:28:28.984623256,1747819708,982249867,piren,0.0056168577938277495,-0.14421710705217403,0.014845444240735844,-0.0007019394909314292,0.0002453794238938347,-0.006586085256932293
2025/05/21 11:28:29.56525662,1747819709,53995885,piren,0.006034804479499115,-0.16170103193858654,0.017748269305158403,-0.0009615259121451658,-0.00031948584904405814,-0.007131015702711774
2025/05/21 11:28:29.132828712,1747819709,125430783,piren,0.005180052235788241,-0.289859271193358,-0.04680737118058611,0.000627419650556894,-0.0006255384103803837,0.0
2025/05/21 11:28:29.203478023,1747819709,200133787,piren,0.0051486493254368215,-0.26188679127320924,-0.05132212563688206,0.0009044273681027238,-0.0010222781584671434,-0.00812244440561548
2025/05/21 11:28:29.346033897,1747819709,341804479,piren,0.005700907648535796,-0.1189530329549102,0.028241123208673113,-0.0008941897669794643,-0.001310404568039264,-0.004267079920154108
2025/05/21 11:28:29.486768973,1747819709,484334008,piren,0.004763218412235447,-0.24756099858424002,-0.03201517325916028,0.0008290514924789432,-0.001197293734434528,-0.0079471579011084
2025/05/21 11:28:29.563365458,1747819709,556855149,piren,0.0045537150113727845,-0.22714888424909158,-0.02322711896465039,-0.0005815147995384967,-0.0008043629468292812,-0.00816607407523494
2025/05/21 11:28:29.632692251,1747819709,630435863,piren,0.004576417782692452,-0.1926160341284059,-0.0067237222580884305,-0.0007060122878255014,-0.0005256623052815327,0.0
2025/05/21 11:28:29.705767163,1747819709,703249919,piren,0.004453892852310466,-0.16863034435572927,0.006127628740588303,0.0007192391080487686,2.129217687452643e-05,-0.009198342772857441
2025/05/21 11:28:29.807471796,1747819709,800439884,piren,0.0042995902313072085,-0.17330810990331566,-0.005653360403447114,0.0010393681608329138,0.0005952851928206334,0.0
2025/05/21 11:28:29.877403252,1747819709,873818714,piren,0.004875978787118559,-0.0595033770964466,0.0483914763697552,-0.0005988074483605407,0.0010673753367917553,-0.04219657208459103
2025/05/21 11:28:29.949394389,1747819709,946766233,piren,0.004308496599341884,-0.0924942906593349,0.04047943308263047,-0.0009223406041588493,0.0013504243838853424,-0.00887322660757206
2025/05/21 11:28:30.95191969,1747819710,87536071,piren,0.003219569711780536,-0.23859771773610133,-0.04323587446808052,0.0008587120463987709,0.0010315625494753356,-0.009071010470471761
2025/05/21 11:28:30.232363862,1747819710,229869257,piren,0.005988476622856058,-0.11351059831323045,0.020952288618694512,-0.0008681358595262217,0.0005371391116015327,-0.038233761348657226
2025/05/21 11:28:30.304045567,1747819710,301708789,piren,0.005013894493221271,-0.13541709743233468,0.015282425645243363,0.0005596726794885128,-0.00016152913103544334,-0.010546518297694587
2025/05/21 11:28:30.445245137,1747819710,442837466,piren,0.0028893697997752835,-0.1737536001986238,-3.8710187355262564e-05,-0.0007302361878046038,-0.0010663518649019863,-0.005385793717423061
2025/05/21 11:28:30.585515400,1747819710,583130952,piren,0.0058248479162209335,-0.18095218580740008,-5.097617661781604e-05,0.0006443461728024726,-0.001499247368252168,-0.009967519057660712
2025/05/21 11:28:30.727970929,1747819710,724894329,piren,0.008795428486179119,-0.20137046439098946,-0.02089230136437159,0.000952190096444888,-0.0014185943104778429,-0.053038637913690984
2025/05/21 11:28:30.800583653,1747819710,798340054,piren,0.007144619028036359,-0.09623481687012761,0.031142840721694248,-0.0006984706555970164,-0.0008991325692384534,-0.011098543828906193
2025/05/21 11:28:30.941842162,1747819710,939377299,piren,0.003674939541186341,-0.13621499275990415,0.016855200473399258,0.0009184251776411851,-0.00029130280484963953,-0.005816774776094579
2025/05/21 11:28:31.84412901,1747819711,81324922,piren,0.0059852706412093365,-0.18468333080847604,-0.00448101342544778,-0.0005209233699013001,0.0001889057759005116,-0.010636532498310293
2025/05/21 11:28:31.158333028,1747819711,154032571,piren,0.009099451202607939,-0.19666664066436934,0.003411000629225157,-0.0008158920699176511,0.0005722899747087512,-0.012519567123564477
2025/05/21 11:28:31.229696864,1747819711,226385911,piren,0.010090488510876176,-0.31799220285599206,-0.06049931492436821,0.0007444431937687768,0.000690712943555125,0.0
2025/05/21 11:28:31.301231165,1747819711,298722958,piren,0.01114877166390027,-0.28198967523311796,-0.0634563806176121,0.0010041608686765246,0.0007460313043901529,-0.011584526636826046
2025/05/21 11:28:31.442205407,1747819711,439792134,piren,0.012401480198158153,-0.13188839428311977,0.020913271279608948,-0.0009847682303673214,0.0005312050523048491,-0.00570069842485849
2025/05/21 11:28:31.582929800,1747819711,580609334,piren,0.011817457567221051,-0.2522801969913362,-0.03729581952386882,0.0006558532700552789,0.00015952455337458964,-0.010619230229806358
2025/05/21 11:28:31.656504533,1747819711,652880521,piren,0.012077869372733398,-0.22556483101852007,-0.026240515979735753,-0.0008127993548170588,-5.365842884562175e-05,-0.010236919840554724
2025/05/21 11:28:31.728931453,1747819711,725768009,piren,0.011924716900115227,-0.18849011052786815,-0.008673876229277238,-0.0009365000506601833,-0.00023706886224958982,0.0
2025/05/21 11:28:31.801997217,1747819711,798727729,piren,0.011959637309285634,-0.16114390560693698,0.00532116994353837,0.0005332864010728451,-0.0006904097480643301,-0.010897438566927665
2025/05/21 11:28:31.944413425,1747819711,942042302,piren,0.012101080023490602,-0.16547633389622968,0.0032505499049808708,-0.0006185173514556801,-0.0009522419270625477,-0.006176453280319852
2025/05/21 11:28:32.112252772,1747819712,108917649,piren,0.012472649225453745,-0.14991264076155972,0.010862179221725218,0.0007332739068721275,-0.0009093276477294493,-0.007687091380424878
2025/05/21 11:28:32.184611053,1747819712,182624994,piren,0.011030702492145359,-0.1579201932646323,-0.0028419376091174597,0.0010526932496927176,-0.0006322568830910045,0.0
2025/05/21 11:28:32.330357840,1747819712,326035199,piren,0.012359765469931554,-0.0458393231660725,0.048456830463058875,-0.0006451632659884351,-0.00013015817668418566,-0.05275061251207365
2025/05/21 11:28:32.402245652,1747819712,399559705,piren,0.009251322914696953,-0.0815527907528454,0.03455356332213003,0.0008161217818661338,0.0005152516795334156,-0.010470301431429622
2025/05/21 11:28:32.475386404,1747819712,472753553,piren,0.005509584651013026,-0.1270282522506601,0.016656191356017945,0.0009239227188297682,0.000646401446036329,0.0
2025/05/21 11:28:32.548748569,1747819712,546395322,piren,0.0034933159462019574,-0.1599390514090883,0.001578512884276999,-0.0005465197005870019,0.0008389714445509844,-0.00933061979741534
2025/05/21 11:28:32.693446494,1747819712,689218198,piren,0.009654804283354565,-0.16128717349376226,0.0021372916273392517,0.0006808262510296218,0.0007865696377888258,-0.009054146817171697
2025/05/21 11:28:32.835252466,1747819712,832989651,piren,0.013781250391525186,-0.17833112480265623,-0.01699910575561616,0.0009046099186064509,0.0006260704409142867,-0.03489700417817751
2025/05/21 11:28:32.909692505,1747819712,905618899,piren,0.014893223245697496,-0.07105530379585386,0.03372174185408768,-0.0008321111405853106,0.00036030241413782213,-0.008983369917655921
2025/05/21 11:28:32.981317123,1747819712,978846465,piren,0.013506443509403974,-0.10257931622159934,0.026951997891383542,-0.0009893121991257996,6.141834096504e-05,0.0
2025/05/21 11:28:33.56410976,1747819713,52269934,piren,0.012414403487203428,-0.24592924145541983,-0.039601820595192926,0.0007123128566879873,-0.0004916326133856889,-0.008032367695409538
2025/05/21 11:28:33.127427984,1747819713,125234168,piren,0.015377653128470122,-0.23479325274909263,-0.04905674970547961,0.0008471410468840225,-0.0007122832331105385,0.0
2025/05/21 11:28:33.202561429,1747819713,200143326,piren,0.018278278315212552,-0.10563409050623725,0.016697257916270504,-0.000862890210025138,-0.0009328539179415848,-0.00831345466679861
2025/05/21 11:28:33.346983318,1747819713,344590373,piren,0.01896234534193559,-0.12558627011616408,0.01181743812478619,0.0007407370019487476,-0.000629424417262627,-0.003916046496563745
2025/05/21 11:28:33.491449332,1747819713,487728356,piren,0.018698263745121763,-0.16175659946342197,-0.0033623210349335644,-0.000722823592368725,-0.0002838536289221533,-0.007122131461671959
2025/05/21 11:28:33.638918824,1747819713,635242348,piren,0.01940617597665025,-0.16482838805077046,-0.0019728927966650863,0.0008175920225686219,0.00025210034518587777,-0.003707241640845533
2025/05/21 11:28:33.781473917,1747819713,779111302,piren,0.01870306661065959,-0.18458739197187954,-0.01183033657422989,-0.0005633943788553224,0.0005841913645253789,-0.0055362554492593445
2025/05/21 11:28:33.855696576,1747819713,853009411,piren,0.019452685944527884,-0.17554554916592777,0.0025586775290455358,-0.0008501298943976923,0.0010906933864041897,-0.005321407295880159
2025/05/21 11:28:33.929868850,1747819713,926604184,piren,0.01674567581874087,-0.2828191315525298,-0.05534229010997755,0.0007236380204806288,0.0011652369848183847,0.0
2025/05/21 11:28:34.3474294,1747819714,726433,piren,0.017947398183044805,-0.23902284341315164,-0.05285140728819049,0.0009711528674453286,0.0009753819471589889,-0.005443391850181438
2025/05/21 11:28:34.147333769,1747819714,144495834,piren,0.019481263532729262,-0.08413587801466457,0.027486112472548837,-0.0009135011035591206,0.0004797749013963264,-0.0023713450117087806
2025/05/21 11:28:34.289889630,1747819714,287465710,piren,0.020101494529653187,-0.20535910527636797,-0.04227989653003425,0.0008956426760763159,-0.00012521638903405902,-0.003760578933775271
2025/05/21 11:28:34.437263552,1747819714,433915801,piren,0.02127302273188557,-0.06447517964728862,0.027787775060850575,-0.0008263241951225873,-0.00033653673654047354,-0.013820710969736404
2025/05/21 11:28:34.512482074,1747819714,509304266,piren,0.020417599561212207,-0.07749186357288862,0.02589598595522557,0.0006307238815188128,-0.0002305238762564317,-0.002811075175964208
2025/05/21 11:28:34.611744743,1747819714,609259185,piren,0.019731408504941438,-0.11069484872333221,0.007811482057989768,0.0009037813163618875,-0.00028745379257055944,0.0
2025/05/21 11:28:34.686742332,1747819714,683414078,piren,0.02010258553841508,-0.015513053816049963,0.05121258574772059,-0.0007893604246796604,-0.0001165510955053309,-0.009746581997525022
2025/05/21 11:28:34.830781058,1747819714,828015893,piren,0.02096399985869344,-0.06279815689328037,0.03327877529977341,0.0006592546786446229,5.10236454816561e-05,-0.005901936434738414
2025/05/21 11:28:34.904762598,1747819714,901738764,piren,0.021356095031537594,-0.11785114205592724,0.004044664971211662,0.0009477913462590035,0.00041111828151669047,-0.0006456160375933071
2025/05/21 11:28:34.979034832,1747819714,976413779,piren,0.022398980952665952,-0.03620094720273064,0.04161352903088264,-0.0006273915235753946,0.0005093979015216236,0.0
2025/05/21 11:28:35.52823583,1747819715,50207807,piren,0.02303431171414258,-0.08973257762680548,0.025123891769931402,-0.000885220743585366,0.0006047739804174535,-6.115419893885454e-07
2025/05/21 11:28:35.197838925,1747819715,194838190,piren,0.023936217938092662,-0.2428873909554494,-0.06209711224215041,0.0009747086934311114,0.000539311034984506,0.00048332629594293727
2025/05/21 11:28:35.341746887,1747819715,338340631,piren,0.02502816139939207,-0.11536754841158581,0.01078992066738102,-0.0009150698754252604,-1.3820233565869412e-05,0.0006230191072096734
2025/05/21 11:28:35.486325821,1747819715,483372964,piren,0.025254382369555302,-0.24760490568877339,-0.05118669941012538,0.0007378474959875093,-0.0004461580631983781,0.001602328784207446
2025/05/21 11:28:35.561305283,1747819715,558288756,piren,0.025361320032894492,-0.22593600545267462,-0.042105704534194356,-0.0007349486046046172,-0.0007782788118921818,0.0021818953077722154
2025/05/21 11:28:35.637157144,1747819715,631934881,piren,0.026136116110561367,-0.18920269802064438,-0.024939058556799593,-0.0008711055593828407,-0.0008781260070749349,0.0
2025/05/21 11:28:35.716133732,1747819715,709075456,piren,0.02605884851317773,-0.1611313368006632,-0.010138729855571831,0.0005732859420097612,-0.0007373284234070922,0.003254360153265476
2025/05/21 11:28:35.793073281,1747819715,789907690,piren,0.02611009366812392,-0.15729636970370683,-0.018536001474128826,0.00082665378898526,-0.0008070332833683267,0.0
2025/05/21 11:28:35.942453251,1747819715,939662199,piren,0.026554369426260334,-0.03155552039045641,0.04013860160126471,-0.0010337855635653786,-0.0006717383724122189,0.013982914324333736
2025/05/21 11:28:36.91056801,1747819716,87893181,piren,0.027482466428112296,-0.17764504299757622,-0.035623606870110854,0.0008501339703996839,8.646682685518459e-06,0.008349708250359085
2025/05/21 11:28:36.242150942,1747819716,237151404,piren,0.028125881824739143,-0.04851639148465393,0.029695901330029355,-0.000939937124761303,0.0005691924880297877,0.0021293723991598875
2025/05/21 11:28:36.393324845,1747819716,385365377,piren,0.028379267718753147,-0.18753826554046155,-0.04378414597589655,0.0009541981138467635,0.0006008114772852398,0.0037261620507301678
2025/05/21 11:28:36.537274667,1747819716,533626856,piren,0.028408396913062184,-0.05782336561888109,0.021133395825465848,-0.000727699870381204,0.0006919081689084216,0.0198178110562175
2025/05/21 11:28:36.612009700,1747819716,609511978,piren,0.029164490158358636,-0.07636138437537215,0.01703013066512047,0.000724920397906268,0.00039128514954130095,0.004322642274537952
2025/05/21 11:28:36.690797519,1747819716,684953837,piren,0.030292803409974093,-0.1103291418720976,-0.0017216415667385971,0.0010021914379535737,0.00020805130603101423,0.0
2025/05/21 11:28:36.835507076,1747819716,833023741,piren,0.029180149819901604,-0.011891016913635914,0.04264010951319232,-0.0008801793117567796,-0.0004494698717569566,0.017067793296391496
2025/05/21 11:28:37.10243244,1747819717,8100918,piren,0.028594539322913847,-0.1769682974571357,-0.039439005952212045,0.0009451346143683492,-0.0004269239162657685,0.007821315336719543
2025/05/21 11:28:37.87881842,1747819717,84758065,piren,0.02925466796491546,-0.06374476471774887,0.017240898301047688,-0.0008060207157489453,-0.0005420549626370139,0.017812723132420945
2025/05/21 11:28:37.238153129,1747819717,235146691,piren,0.027531334838824622,-0.09222798282436519,0.008713878638527494,0.0006140095743648331,-0.0002863150725518965,0.01748243140054872
2025/05/21 11:28:37.316496267,1747819717,312843808,piren,0.027402638256057932,-0.1296717068618141,-0.013622203724790274,0.0008502756870268712,-0.00019693908711929925,0.0031841326961055748
2025/05/21 11:28:37.391141748,1747819717,389009722,piren,0.02833929757368319,-0.03583666492095601,0.030476069862959806,-0.0008689913478789069,0.000218832323559712,0.0
2025/05/21 11:28:37.544498288,1747819717,537477325,piren,0.026527970762747693,-0.08189530611444558,0.013103190970895925,0.00070426588738641,0.0006069586692287235,0.001412663330328427
2025/05/21 11:28:37.689540566,1747819717,686410395,piren,0.024569357218270825,-0.13357310824304114,-0.009614770547176627,-0.0007926429255275333,0.0007017121395552666,0.0022766480506515798
2025/05/21 11:28:37.837940203,1747819717,834821427,piren,0.023876652520723785,-0.14357653267214748,-0.01288078555620087,0.0007370296227972867,0.0005207999066548381,0.011840275558656852
2025/05/21 11:28:37.914172706,1747819717,911429181,piren,0.024208956622854865,-0.16294965278770485,-0.032654728011262325,0.0010378884533787638,6.536104570698055e-05,0.0023973976151311647
2025/05/21 11:28:37.993952912,1747819717,986741772,piren,0.025611751965145722,-0.05637842416684777,0.017543292315391548,-0.0006504328462735217,-1.693045883779746e-05,0.0
2025/05/21 11:28:38.139462771,1747819718,136498662,piren,0.024767785788725245,-0.09048766907528538,0.004558390760334541,0.000865820600622498,-4.5190580466862144e-05,0.0011580074007586088
2025/05/21 11:28:38.290255853,1747819718,285458520,piren,0.0239936922371325,-0.13270392595900218,-0.014328059064911261,-0.0007452600319015719,8.746571964200083e-05,0.0019775676870956802
2025/05/21 11:28:38.441128914,1747819718,436406054,piren,0.023476603152400723,-0.13645233048288918,-0.01471298274775799,0.0007211940344148025,0.0002103602006021403,0.009977878638859695
2025/05/21 11:28:38.590149095,1747819718,585941810,piren,0.024741288253482104,-0.16199244454946535,-0.02807559861050546,-0.0008843407186804199,0.00037433459110373636,0.00373963098545839
2025/05/21 11:28:38.737423157,1747819718,735012530,piren,0.02435898903307692,-0.14081349110818275,-0.01812248329543151,0.0006944772037739349,0.0006921305726340045,0.009598481164757202
2025/05/21 11:28:38.885482301,1747819718,882316618,piren,0.0258240126409649,-0.1414091245671443,-0.021289793687467425,-0.0007076969930975196,0.0004792477983085471,0.002913184071980263
2025/05/21 11:28:38.961045658,1747819718,958382447,piren,0.02679997138297446,-0.11867171515862329,-0.004379571724825138,-0.000955658482396475,0.00019269060559144404,0.0017813518851635675
2025/05/21 11:28:39.36600976,1747819719,33451662,piren,0.026414780007934048,-0.21590257545895933,-0.05472741801413529,0.0007759309341473317,5.238984251228342e-05,0.0
2025/05/21 11:28:39.185893753,1747819719,181491860,piren,0.0251822108389825,-0.1715004203513756,-0.03718549449262551,-0.000609621508438825,-0.00019216890640102232,0.0028700539759245994
2025/05/21 11:28:39.261306815,1747819719,258678487,piren,0.025623564494568055,-0.11777912025038949,-0.006062417575803777,-0.0008595016519011098,-0.0003844281774157621,0.0013233066916787418
2025/05/21 11:28:39.340730137,1747819719,335736363,piren,0.02563966822822801,-0.1956415407220974,-0.047380765190392735,0.0008479355794272848,-0.0004817389909495756,0.001585401941893336
2025/05/21 11:28:39.485156572,1747819719,483285763,piren,0.025359685430757308,-0.1398749578224415,-0.02418168319527128,-0.0005911419745466151,-0.0004223023670701592,0.0013512861198450331
2025/05/21 11:28:39.586530886,1747819719,583993728,piren,0.025614982672328042,-0.08054255457708848,0.007068212396368706,-0.0008754775669377722,-0.00024435229729634117,0.0014523688030568388
2025/05/21 11:28:39.663819525,1747819719,660152267,piren,0.025393785191070065,-0.15825313609535666,-0.03200253899370585,0.0008007280993845784,0.0001460781716707468,0.0014486015933640895
2025/05/21 11:28:39.741270526,1747819719,736328116,piren,0.024869247008760285,-0.10682662197516342,-0.010024500185962883,-0.0006531021149871865,0.0006184105731806326,0.0015847877612156476
2025/05/21 11:28:39.889813808,1747819719,885205854,piren,0.023413976167306838,-0.05146876868985101,0.0173504752143515,-0.0009339040679337458,0.000747943332460158,0.0010117412471721727
2025/05/21 11:28:39.965260303,1747819719,962757208,piren,0.025029473208446475,-0.13500566861893415,-0.022412123068896565,0.0007547664474999202,0.0007986692904037421,0.0010103258316236402
2025/05/21 11:28:40.43091889,1747819720,39468232,piren,0.0253927419044822,-0.08700057367058776,-0.0020326347901260472,-0.0006668758683491266,0.0005553054517725687,0.0008470646838929825
2025/05/21 11:28:40.193877733,1747819720,188215223,piren,0.02682751801970692,-0.03617381344593787,0.02056354150604663,0.0006301743895049018,-1.8742010217833823e-05,0.0008760963343612809
2025/05/21 11:28:40.344581929,1747819720,342050354,piren,0.027271124469758972,-0.026783941280726878,0.0245266878429077,-0.0006900384554617754,-0.0005281272855643875,0.0005079184030916857
2025/05/21 11:28:40.495192227,1747819720,492596652,piren,0.028015825716558713,-0.009178229565632474,0.031982327016564276,0.0006294414760804896,-0.0007166157120515281,0.0010604882781407514
2025/05/21 11:28:40.645495154,1747819720,643043141,piren,0.02777088428376626,-0.02453770085096117,0.025180746282161725,-0.0006812184991494488,-0.00034600550842487916,0.0005710517047880511
2025/05/21 11:28:40.797387515,1747819720,793115627,piren,0.02765800697153232,-0.022519688281814363,0.0255047916745895,0.0006469337964123018,-7.45768031565802e-05,0.0008788729352630579
2025/05/21 11:28:40.949318835,1747819720,946885442,piren,0.027807569775833416,-0.04580766656571262,0.01479972884223223,-0.0006761652899430713,0.0003608836064255944,0.0004501101379244271
2025/05/21 11:28:41.101891594,1747819721,99453556,piren,0.02598960117197798,-0.04588475541544916,0.014296169804820699,0.0006702693121582383,0.0004963403461195923,0.0002600015580857145
2025/05/21 11:28:41.253721449,1747819721,251159288,piren,0.027405440382921715,-0.06719985727547084,0.004145316525060631,-0.0006253175359196519,0.0003997546532458231,-2.747530858306215e-05
2025/05/21 11:28:41.331524671,1747819721,329278849,piren,0.02903084783644621,-0.06325546584878608,0.005164955209777311,-0.000754444699007846,0.0002288584984253751,0.0
2025/05/21 11:28:41.409522063,1747819721,407317303,piren,0.02924089706645474,-0.06025090997164116,0.0063995215159658,0.0006759744820154909,0.00017063891664235734,-0.0005729516449613935
2025/05/21 11:28:41.491182363,1747819721,483909653,piren,0.029347294286738792,-0.07721653734585557,-0.005966562663867351,0.000913364319484457,-0.0004580059023229465,0.0
2025/05/21 11:28:41.640287675,1747819721,636013866,piren,0.029570430090718587,0.09342593507645884,0.05697783003905399,-0.0009102115987812667,-0.00030045992852045875,-0.005121134348661216
2025/05/21 11:28:41.792357199,1747819721,788933358,piren,0.02822419458209824,-0.1042854546640423,-0.026267414821910327,0.0008584804996582617,-0.0011023786808276616,-0.003780597785361751
2025/05/21 11:28:41.944783222,1747819721,942339390,piren,0.028339344381960414,-0.010056736963135169,0.020187093535464072,-0.00103582507972545,-0.00100975791118643,-0.0018315418298501414
2025/05/21 11:28:42.47802856,1747819722,45094637,piren,0.027602617078470254,-0.17053044767561604,-0.04543807872727888,0.0006483173461028772,-0.0006587048497605778,-0.0037144808859090883
2025/05/21 11:28:42.200407839,1747819722,196588006,piren,0.025852516500203905,-0.16460511409034126,-0.04052872773888708,-0.0009275476751979103,-0.0006402723786694094,-0.0035224504582176035
2025/05/21 11:28:42.353664920,1747819722,348454503,piren,0.02513700175412385,-0.12880447526263145,-0.021178765945287472,0.0006672143657700462,-0.00019258800295277588,-0.002819716123984259
2025/05/21 11:28:42.504434034,1747819722,501392939,piren,0.025052166901973812,-0.11864715234941796,-0.017076133862050445,-0.0008344825628203531,0.0002704147958367501,-0.004324100754684535
2025/05/21 11:28:42.581617529,1747819722,578897969,piren,0.024207145969809062,-0.09009897899953813,0.0012690001049383936,-0.0009514565281834899,0.00034288434766250507,0.0
2025/05/21 11:28:42.660070183,1747819722,656390997,piren,0.023875661525037936,-0.18533873719945168,-0.046469878215505654,0.0008363933989690282,-0.00011958092944669962,-0.005607723355168404
2025/05/21 11:28:42.737686452,1747819722,735157274,piren,0.02634985422982217,-0.14097197033737804,-0.029131139681807798,-0.00046585067530888576,-0.0002827252821064259,0.0
2025/05/21 11:28:42.889990843,1747819722,886863787,piren,0.028235909641567452,-0.08316776169650605,-0.004112862854190787,0.000902136508790042,0.00035984254353740543,-0.009928738037987989
2025/05/21 11:28:43.41922543,1747819723,39293275,piren,0.024941127383993372,-0.06094152881709735,0.0037223280746034293,-0.0004965640120497176,0.0009857976385170006,-0.00281487673174256
2025/05/21 11:28:43.195309168,1747819723,191646161,piren,0.021772624676561537,-0.02716756712318175,0.016949469828066773,0.0006916309065284696,0.0014894615906705952,-0.004896353743961031
2025/05/21 11:28:43.346699963,1747819723,344101043,piren,0.020496147469051693,-0.027489274279128804,0.01495075465946794,-0.0007820700144788478,0.0009898543913332448,-0.0028167211519498506
2025/05/21 11:28:43.502586545,1747819723,499446834,piren,0.020208304480892524,-0.012967726685139267,0.01975352048305986,0.00045749185603690903,0.00036645805058165465,-0.004268828014677771
2025/05/21 11:28:43.658192568,1747819723,653639028,piren,0.018310282808667804,-0.03293044489613007,0.009730864145336424,-0.000849048856918535,-0.001239284411618836,-0.0030458451898674353
2025/05/21 11:28:43.734533595,1747819723,732099588,piren,0.026829213692584637,-0.022805539423539852,0.014737244056628573,-0.0009513496046757968,-0.001892886508367364,0.0
2025/05/21 11:28:43.888026257,1747819723,885293912,piren,0.02733871102133035,-0.13524427967532604,-0.046017410271658156,0.0010738902426260146,-0.0012713669035785912,-0.008938339879722758
2025/05/21 11:28:44.43610406,1747819724,38991275,piren,0.022743809486649693,0.016297020075363673,0.022853972566969947,-0.0006769527467845845,0.00046455562384421106,-0.017039972922862023
2025/05/21 11:28:44.194207287,1747819724,191790371,piren,0.019296238810496507,-0.10770819005434747,-0.03529271852349767,0.0011449343170999886,0.0017611254757096803,-0.008714301861790733
2025/05/21 11:28:44.347750886,1747819724,344815132,piren,0.01848306083149081,0.034715008102771866,0.028588439576814433,-0.000832826922151457,0.0022348041335627303,-0.0026681171370823748
2025/05/21 11:28:44.501865952,1747819724,498406826,piren,0.018053059098092163,-0.09842871349987985,-0.030504235836901067,0.0008336535360239487,0.0013428423130803788,-0.003740011152587525
2025/05/21 11:28:44.678635821,1747819724,675565783,piren,0.0188613201225484,0.0372768394542452,0.030550741510390163,-0.0011656396610339027,0.000113645666992124,-0.002787076880408171
2025/05/21 11:28:44.759769172,1747819724,754966714,piren,0.01991933810827372,-0.10003071405868683,-0.02257052746395321,0.00045985561003840316,-0.0007669391778924098,-0.005290820663639312
2025/05/21 11:28:44.843718767,1747819724,834475805,piren,0.02049519805147272,-0.08801750741953829,-0.019265424571820452,0.0006017073148343729,-0.0011618252649163296,0.0
2025/05/21 11:28:44.916243175,1747819724,913991197,piren,0.021866031652918727,0.038726816532896134,0.03896455857301885,-0.0010794593845452486,-0.001740630742841912,-0.0064044593502832585
2025/05/21 11:28:44.997283945,1747819724,992911527,piren,0.022447332529826468,0.01397434077158749,0.0315335259805981,0.00044993033072953097,-0.0017449610006046359,0.0
2025/05/21 11:28:45.150101746,1747819725,147330067,piren,0.02375014327921455,-0.029709066159945834,0.015262186886576904,-0.0007083925792147367,-0.001370209178165664,-0.0033501587554678885
2025/05/21 11:28:45.306912973,1747819725,302700917,piren,0.024185925893739725,-0.04313254316163133,0.010971258873760879,0.0007629431707817951,-0.0005859035547343361,-0.005303636270415233
2025/05/21 11:28:45.383818183,1747819725,381604157,piren,0.023750753328882872,-0.07033051295832897,-0.00455493475535187,0.0012090752825670674,0.0010050154733674903,0.0
2025/05/21 11:28:45.540187113,1747819725,537209725,piren,0.024761357188153553,0.0344556764325459,0.036076529193971266,-0.000650377320786224,0.001195798214601088,-0.041164136256365995
2025/05/21 11:28:45.694885992,1747819725,692439510,piren,0.02373400828483999,-0.12502139651314234,-0.03919159562732098,0.0011090967439814827,0.0008915782732482816,-0.0160764917978091
2025/05/21 11:28:45.849977154,1747819725,847541789,piren,0.02459209112716146,-0.004348695750313927,0.017380219887727193,-0.0008552331158918008,0.0001828405665395795,-0.005019651611771215
2025/05/21 11:28:45.930301338,1747819725,926290774,piren,0.022711487541326375,-0.1449757897489373,-0.04148278773168848,0.0006550274265693366,-0.0003410952959941462,0.0
2025/05/21 11:28:46.8070600,1747819726,5759983,piren,0.022950023288081794,-0.12713733166834207,-0.039561558076799265,0.0008035719883594615,-0.0009191953837971067,-0.011382701626475767
2025/05/21 11:28:46.86973146,1747819726,84781739,piren,0.023993205706631635,0.004011641178193621,0.022459373131438195,-0.0010364920120193774,-0.0018258404889282792,0.0
2025/05/21 11:28:46.245208096,1747819726,241124878,piren,0.02510736625902448,-0.017033330670300467,0.016854777531423205,0.0004940638077021994,-0.0016612965158148267,-0.049763025093146125
2025/05/21 11:28:46.400618410,1747819726,398072245,piren,0.02231580826097984,-0.05629025032973095,0.002452561244339103,-0.0010487044941866796,-0.0016289466118020682,-0.022930783551243825
2025/05/21 11:28:46.481454863,1747819726,478634876,piren,0.018594464497552563,-0.06098936729672412,0.00564424540377114,-0.0011499538476937542,-0.001183024863286193,-0.06258610931015415
2025/05/21 11:28:46.562365677,1747819726,558227759,piren,0.018328901984860653,-0.18013021334954857,-0.049386848578166005,0.0006822460754570094,0.00012666425901691075,-0.011804829640105208
2025/05/21 11:28:46.641606137,1747819726,637443790,piren,0.008200793915731017,-0.15221707196316048,-0.03842062964652271,-0.0006102924505867653,0.00018538895401019857,0.0
2025/05/21 11:28:46.801230083,1747819726,797877814,piren,0.018377550490857906,-0.1008136769693246,-0.015274409098254676,0.0008592677956816883,0.00033607119184313503,-0.02505726606780399
2025/05/21 11:28:46.960839812,1747819726,953998941,piren,0.02180510675230487,-0.07913834334652255,-0.0075806821544170755,-0.0003284430747238334,0.0007499466089051765,-0.006293731269866026
2025/05/21 11:28:47.37199868,1747819727,34169887,piren,0.02152788449734742,-0.04665893769383774,0.005625469498829073,-0.0004340881932481688,0.0009963566639792718,0.0
2025/05/21 11:28:47.117071760,1747819727,114091236,piren,0.020663601649936806,-0.024990594997233904,0.014166012476757257,0.0009731371774647268,0.001337165171380104,-0.01221513424185592
2025/05/21 11:28:47.220744514,1747819727,218282249,piren,0.021675665838040897,-0.03210592934173247,0.00870685670882463,0.001120619637084643,0.0013913482141718404,0.0
2025/05/21 11:28:47.302973796,1747819727,298669659,piren,0.02266811041002262,0.08055530667562334,0.05347837690410117,-0.0007320298027898314,0.0011370447798300957,-0.012170290769545835
2025/05/21 11:28:47.383949348,1747819727,379377424,piren,0.02221838179689522,0.05073660867482787,0.03737849763303945,-0.0009515555273422529,0.0009780602137089813,0.0
2025/05/21 11:28:47.464571373,1747819727,460276907,piren,0.0222141704777842,-0.095581593867876,-0.02263404249396561,0.0005900356505231949,0.0005247723844757284,-0.011143444546328138
2025/05/21 11:28:47.543792271,1747819727,539499850,piren,0.022097185599442327,-0.08790615583413357,-0.01862885456306583,-0.0009453206604936468,3.778479137591168e-05,0.0
2025/05/21 11:28:47.705213257,1747819727,702414938,piren,0.02282193417297254,-0.06007078719037827,-0.004674134470488769,0.000427166966603628,-3.584120996547934e-05,-0.02266518261179483
2025/05/21 11:28:47.784635950,1747819727,781585983,piren,0.021503112173926572,-0.05886685141975512,-0.006932100007675758,0.0007367768165686203,-0.00036465347824135455,-0.06527668907500053
2025/05/21 11:28:47.943630149,1747819727,939573137,piren,0.02135592202755788,0.06221309678709401,0.039837523463801205,-0.0009311331438753341,-0.0005620209559242104,-0.0068606361164863005
2025/05/21 11:28:48.100362416,1747819728,97316539,piren,0.014977820858974278,-0.09167617223559016,-0.027337158217663665,0.0010002147466135777,-0.0007176063312297933,-0.01001550875182538
2025/05/21 11:28:48.256392804,1747819728,252311062,piren,0.017090676534201807,0.03092902482171457,0.027172645412874976,-0.0007543537450921942,-0.0008005762020598741,-0.007819875387674754
2025/05/21 11:28:48.334443055,1747819728,331899840,piren,0.018548742107993583,-0.11047432677927313,-0.028961031456802733,0.0008304019929839528,-0.0009733141393467293,0.0
2025/05/21 11:28:48.416148548,1747819728,412549178,piren,0.020121239053492966,-0.09644775830981175,-0.02579427291142348,0.0011141041944016702,-0.0006716660076550022,-0.015952641998012544
2025/05/21 11:28:48.501802913,1747819728,492521574,piren,0.021199495529081142,0.030820195351695227,0.03302346116938454,-0.0006442523057630612,-0.0005829147274764001,0.0
2025/05/21 11:28:48.659987272,1747819728,655534339,piren,0.022986901193216825,0.004662974113756853,0.024966029178417847,0.0008286288394687485,-9.660764280743732e-05,-0.008608184260679478
2025/05/21 11:28:48.746348868,1747819728,735252504,piren,0.01924569740928797,-0.03572523284499158,0.008380621938138327,0.0009472829393284782,-6.707461123073209e-06,0.0
2025/05/21 11:28:48.818376593,1747819728,815631937,piren,0.021013656135916367,0.057494653174766125,0.04690397887826005,-0.0008318227193781629,-0.0005501144533125597,-0.01641631924537631
2025/05/21 11:28:48.900378175,1747819728,897231237,piren,0.02031713414926132,0.009629349681036596,0.028103068958055262,0.0005415770560465328,-0.00019600876400245913,0.0
2025/05/21 11:28:49.61485537,1747819729,57792776,piren,0.021453462769944358,-0.046810187544139494,0.004993862194759034,-0.0008424709100199527,0.0005448810574195766,-0.008383954285215796
2025/05/21 11:28:49.142164221,1747819729,139324797,piren,0.02085994624258506,-0.0647882087291303,0.001318958682546334,-0.0010902477651401792,0.0009068944867718787,0.0
2025/05/21 11:28:49.298718882,1747819729,295764447,piren,0.02167442315994986,-0.1851384188734431,-0.06959807920471701,0.0008460585777134696,0.001044341200682455,-0.02845310100116771
2025/05/21 11:28:49.379820763,1747819729,376223550,piren,0.018641397995161547,-0.048962722322461225,-0.003295638099138433,-0.0006983330951194326,0.0009945340790971896,-0.05812989366701247
2025/05/21 11:28:49.460640001,1747819729,456560394,piren,0.01801619748153888,-0.05889260257192665,-0.001887845836450528,-0.0008837923044391328,0.0007348719771925268,-0.014196325640338809
2025/05/21 11:28:49.540600046,1747819729,536126403,piren,0.015734151599131264,-0.17900367261750105,-0.05696918387329306,0.0008880751481434478,0.0005125385346498603,0.0
2025/05/21 11:28:49.698618266,1747819729,694008346,piren,0.01764238681750686,-0.14363327850549015,-0.041835092360581506,-0.000649997854118859,-0.0011521851137900945,-0.028484758782512463
2025/05/21 11:28:49.854021409,1747819729,851615963,piren,0.018918795417306677,-0.09076758014599827,-0.016609117487110227,0.0008662297688197337,-0.0016164791501434106,-0.0075462127149600435
2025/05/21 11:28:49.964054283,1747819729,957557004,piren,0.01779364267161517,-0.0730242715531738,-0.009033206452519328,-0.0005760473023711341,-0.000965166174459147,-0.012368114603348185
2025/05/21 11:28:50.40937765,1747819730,37701002,piren,0.017369107125951952,-0.04128351146958943,0.007417060393831718,-0.0008751194689650811,-7.314621568525666e-05,0.0
2025/05/21 11:28:50.198658904,1747819730,196391908,piren,0.019297567739932114,-0.1861768871299107,-0.0738275159392119,0.0009566418004573557,0.0011541373293985906,-0.024447468217000612
2025/05/21 11:28:50.357908910,1747819730,354096208,piren,0.019767963262099886,0.010156107902496467,0.018243487438506834,-0.0009000533233858566,0.0019851646609438476,-0.006479381500027708
2025/05/21 11:28:50.437394632,1747819730,434635045,piren,0.01743229818516722,-0.08231373138487001,-0.019715473832667488,0.0007750525059062706,0.00175343100540398,0.0
2025/05/21 11:28:50.596123474,1747819730,592124809,piren,0.019703036842578896,-0.03986853105435284,0.0007884757520103794,-0.0008360938877747331,0.0007425868063299832,-0.024142511188594847
2025/05/21 11:28:50.753403629,1747819730,749456451,piren,0.02095616360525646,0.006934619646502075,0.022790474914660477,0.0008288022651240237,-0.001259673592626732,-0.0065787157622446985
2025/05/21 11:28:50.909754580,1747819730,907502618,piren,0.020175635663340633,0.008971386924863977,0.02535673686303324,-0.000695674034672236,-0.001755665410023106,-0.008839983087108618
2025/05/21 11:28:50.989696445,1747819730,987206294,piren,0.018188417535301593,0.026539249619555158,0.0333231698751161,0.0007076683240103439,-0.001590592827571808,0.0
2025/05/21 11:28:51.147736045,1747819731,144392811,piren,0.01903531606900026,0.009978348597748958,0.026881419600129738,-0.0006665964266832194,-0.0005160130848079414,-0.056260271108860546
2025/05/21 11:28:51.304511913,1747819731,301923874,piren,0.018098717522636754,0.011425835632688917,0.02708903076487509,0.0005876348441336404,0.000992875494974826,-0.026434256198768658
2025/05/21 11:28:51.385537633,1747819731,383400959,piren,0.01468148075722109,-0.011075720355015957,0.017055648700565945,0.0008278825866172336,0.0014699981466010294,-0.0577956308068816
2025/05/21 11:28:51.546150293,1747819731,542612619,piren,0.01672024126787304,0.09331498508097064,0.04992925004391219,-0.0010293772804306999,0.0010508247769808116,-0.0059270244232422315
2025/05/21 11:28:51.707020897,1747819731,702540205,piren,0.022646124035741233,-0.07323201446249639,-0.020854732950041734,0.0008398501466134721,0.0007340663676392221,-0.007400482371328743
2025/05/21 11:28:51.787581789,1747819731,784782964,piren,0.02194447355249283,0.03441265325656719,0.027325165199587456,-0.0007191651150121551,0.0006013299525300654,0.0
2025/05/21 11:28:51.868993899,1747819731,866320825,piren,0.022101474913678355,-0.0010615233747449373,0.014918687219815676,-0.0009082568318567404,0.0004652326297274576,-0.009888900703171485
2025/05/21 11:28:51.950646506,1747819731,947905253,piren,0.022640586235470137,-0.1439987479827638,-0.045217475307762114,0.0008168004934790672,-0.00011469281286785844,-0.009941694791818587
2025/05/21 11:28:52.32338450,1747819732,29135573,piren,0.022963155708271416,-0.13177188540920284,-0.03850956542463955,-0.0005851989944605373,-0.0005912609210388355,0.0
2025/05/21 11:28:52.140392794,1747819732,135565025,piren,0.02313871085104978,-0.09940735284693747,-0.015795384267727745,-0.0008226959793131299,-0.0009677108726432182,-0.02053705123234681
2025/05/21 11:28:52.297042696,1747819732,294112200,piren,0.023332562556354675,-0.18231808563370333,-0.07087483706846674,0.0010350859033743214,-0.001162905393053299,-0.007968881970682955
2025/05/21 11:28:52.455489119,1747819732,451900616,piren,0.020127270070673473,-0.010275998653481352,0.012735528010753009,-0.0008415918846436513,-0.0006423907917717663,-0.005938289862984499
2025/05/21 11:28:52.536367638,1747819732,533632606,piren,0.020282302388875073,-0.11693672179300957,-0.03177614998247817,0.0008021608494730839,-0.00033257723882653794,0.0
2025/05/21 11:28:52.698320851,1747819732,694162817,piren,0.021565004628432867,-0.07999076143330654,-0.0136850582500335,-0.0007845641484379546,0.0002040938568960721,-0.021476135907309298
2025/05/21 11:28:52.857229941,1747819732,854656962,piren,0.02233776364958542,-0.032974300320167196,0.009082314091267222,0.0007505509872556703,0.0005737123783471546,-0.006522276839786082
2025/05/21 11:28:52.942078153,1747819732,935730973,piren,0.020751130623470466,-0.024997398812940823,0.013446682705223229,-0.0007114053860920922,0.0006749345813182844,0.0
2025/05/21 11:28:53.100425347,1747819733,96438783,piren,0.0198687558909039,-0.0020980426852928976,0.023381667109114497,0.0006963538825113489,0.0011661789261737238,-0.02327404291650082
2025/05/21 11:28:53.260795304,1747819733,256666575,piren,0.02257940022627344,-0.010911568584784195,0.01946948481616435,-0.0006493065751226251,0.00017358347631918027,-0.006960246018775548
2025/05/21 11:28:53.342237043,1747819733,338515243,piren,0.021131767473761172,-0.0006686102683689671,0.022823239873204414,-0.000849242525598963,1.0026928047098963e-05,-0.013719078318345424
2025/05/21 11:28:53.499427496,1747819733,496748457,piren,0.01482172842324398,-0.1180286095544762,-0.03775870052445959,0.0009169896384620911,-0.0015686151231617922,-0.011029393025099686
2025/05/21 11:28:53.663414354,1747819733,657704513,piren,0.017176985746090147,0.031956705296222715,0.028007395179335898,-0.0009036342350671458,-0.001409648241156689,-0.008012089227055864
2025/05/21 11:28:53.741890224,1747819733,738770799,piren,0.01897013897742165,-0.09582156340218287,-0.023310407315834433,0.0007363146951460972,-0.0018912416159246857,0.0
2025/05/21 11:28:53.901863159,1747819733,898445497,piren,0.0231473190463973,-0.07588893309426167,-0.012085522359757787,-0.0009046173470112708,-0.0015981492629054172,-0.036977660828093215
2025/05/21 11:28:53.983403884,1747819733,980606543,piren,0.021543124877216786,-0.04175460803872993,0.007478728475596754,-0.0009713284349088801,-0.0006899835525307319,-0.07528158559938385
2025/05/21 11:28:54.65232664,1747819734,62906415,piren,0.020573175313711188,-0.1375290086214996,-0.0361441371438121,0.0007340109064963854,0.00018269640671688116,-0.015888128917185378
2025/05/21 11:28:54.148234608,1747819734,144886529,piren,0.01747391013219467,-0.09495568162691728,-0.017505271928363104,-0.0007056869437307665,0.00043842242719303615,-0.015851967074053834
2025/05/21 11:28:54.262930131,1747819734,256367599,piren,0.020568199205304772,-0.044302272639524125,0.007796661214424767,-0.0008707113574422145,0.001512344255565624,-0.018329301154560478
2025/05/21 11:28:54.341511416,1747819734,337981420,piren,0.01422539408130934,-0.1303287917462247,-0.033310204392336604,0.000836701640368188,0.0015710534373376283,0.0
2025/05/21 11:28:54.502439014,1747819734,498820980,piren,0.020412254022111356,-0.07573945449310214,-0.010423449767299125,-0.0007180074385501831,0.0009188430196907806,-0.033866887442735014
2025/05/21 11:28:54.661677132,1747819734,658984966,piren,0.02478815250280949,-0.017529767822631832,0.015052895240070904,0.0007990756918639236,-0.0004040897543881719,-0.009589592319645837
2025/05/21 11:28:54.743821090,1747819734,741468806,piren,0.022621817240127864,-0.0034173054454592648,0.021202781428788422,-0.0006500460430637814,-0.0014318125412989921,-0.017372492812464203
2025/05/21 11:28:54.904717378,1747819734,901671622,piren,0.024148440659310984,0.019415600917145594,0.03044295026030936,0.0006432978919519962,-0.0020008318506721796,-0.012753595010006712
2025/05/21 11:28:54.987222460,1747819734,984423080,piren,0.02126127975068644,0.00938520284218543,0.027369100835831585,0.0009916816450627089,-0.0009309130016888347,0.0
2025/05/21 11:28:55.147820207,1747819735,145534609,piren,0.02171909838564732,0.12042469502410273,0.05987663016762401,-0.0009125322669381869,-0.0005410057283459695,-0.0949512585422259
2025/05/21 11:28:55.308968516,1747819735,306357658,piren,0.018938113588146517,-0.04873958443232362,-0.008140206212773272,0.000897830055460586,1.4793476594188741e-05,-0.035031498838458
2025/05/21 11:28:55.391797261,1747819735,388712186,piren,0.013207893788988533,0.0600824984381985,0.03917926896167566,-0.000826373852171023,0.00040856301643418157,-0.08670692298089365
2025/05/21 11:28:55.554031818,1747819735,552045483,piren,0.016957231288187765,0.019871678544807363,0.024517603604018445,0.0007230325361765751,0.0008350258974090736,-0.008873293365100001
2025/05/21 11:28:55.638799774,1747819735,634765780,piren,0.012027221855097737,-0.03082376931754715,0.005139635188500776,-0.0006873407211674544,0.0002439730356708616,0.0
2025/05/21 11:28:55.798981843,1747819735,796337454,piren,0.024844454782328353,-0.04515974256205996,0.00024079278653115816,0.0008004471959083888,-0.0022759046923830468,-0.02901577642020535
2025/05/21 11:28:55.960859309,1747819735,958429631,piren,0.023173121682348027,-0.07026292123290905,-0.010906020476451618,-0.0004415641766206114,1.617973542817426e-05,-0.005396086790562947
2025/05/21 11:28:56.43433374,1747819736,40279224,piren,0.019357176711167417,-0.06558754490131649,-0.005338023264463605,-0.0006851755582225103,0.002136761293073136,0.0
2025/05/21 11:28:56.206962302,1747819736,203387074,piren,0.01951155915129653,-0.16841005227059022,-0.0687527792079581,0.001063737814724775,0.003121986012118319,-0.02206575469036881
2025/05/21 11:28:56.288120682,1747819736,285596677,piren,0.01729577029941967,-0.013573554080151174,0.0036457355643941427,-0.0007148029924752111,0.003749703413596281,-0.037206423024193754
2025/05/21 11:28:56.478898665,1747819736,475361660,piren,0.018708136122729476,-0.011412538309971125,0.005736995368449753,0.0006423345920862705,0.0020732467423757684,-0.0043764711367471855
2025/05/21 11:28:56.565905458,1747819736,558948553,piren,0.017665365934841547,-0.030808581863851943,-0.0019613113703019418,-0.0008876078821872321,0.0013218768436074613,-0.007438264751411094
2025/05/21 11:28:56.651370997,1747819736,647121338,piren,0.019279841467919723,-0.023558138358039837,0.0030153966299920534,-0.0011962568677789504,-0.0004993806360481744,-0.009337264241610365
2025/05/21 11:28:56.741778238,1747819736,734520895,piren,0.027796836713226802,-0.13255795282896693,-0.046424428848984595,0.0003552332979674968,-0.001149290625561028,0.0
2025/05/21 11:28:56.835647840,1747819736,832921741,piren,0.02502080260209502,-0.09789258929706997,-0.03140505734356597,-0.0008842364735473722,-0.0009896850182309724,-0.008398155822221856
2025/05/21 11:28:57.1177155,1747819736,998424069,piren,0.02283478262309888,-0.023336605352771565,0.0029079267668500265,0.0005634174677697782,-0.0016948240806653337,-0.006449046681921547
2025/05/21 11:28:57.172768319,1747819737,163269552,piren,0.021053122697961262,-0.022861832578360008,0.003768425585446388,-0.0005916422991760816,-0.0016786396296978724,-0.004753772373845896
2025/05/21 11:28:57.251668021,1747819737,248789905,piren,0.020671149143775578,-0.004986368566803719,0.012023021419536657,-0.0007725116838803444,-0.0010734221417029754,-0.01006525139719957
2025/05/21 11:28:57.335629699,1747819737,331946254,piren,0.01939721376470135,-0.11018563136689054,-0.03460019743194611,0.0008453110300928064,-0.0006873223345017838,0.0
2025/05/21 11:28:57.418674230,1747819737,416011002,piren,0.020055072527587613,-0.07265350256122105,-0.022608059684473013,0.0011059334571327946,6.476270979359577e-05,-0.009646248395287816
2025/05/21 11:28:57.502291926,1747819737,499731291,piren,0.02024710867837456,0.06906258834470753,0.043581617820257955,0.00019993532381275847,0.0007666273667320675,0.0
2025/05/21 11:28:57.666594855,1747819737,663537250,piren,0.021230993496994914,0.1519431425290212,0.06057543806272718,0.00038698744715213253,0.0013985002445620108,-0.005317863470267525
2025/05/21 11:28:57.751484081,1747819737,747522430,piren,0.02123680977981498,-0.04216884858786687,-0.01105888883934002,7.547711730850842e-06,0.001888425767937487,-0.009143352040069955
2025/05/21 11:28:57.834859546,1747819737,831613069,piren,0.020972706379649698,-0.040483204709082864,-0.006844407853512185,-0.0008790928528703123,0.0012388333853927721,0.0
2025/05/21 11:28:58.803920,1747819737,997701568,piren,0.022744928319350363,-0.026908757592644064,0.0014993581631413072,0.0008428592577653689,-0.00023555269007416392,-0.018647454999350225
2025/05/21 11:28:58.85772593,1747819738,82957028,piren,0.021958823625925206,-0.02583198513481223,0.00233007370277562,0.0009458541462703361,-0.0007075858795107876,-0.12272508539665819
2025/05/21 11:28:58.170660050,1747819738,167356951,piren,0.01902267628998887,0.07542920056315652,0.04410549153157857,-0.0009741590635319881,-0.0014677334997380128,-0.009386051074728284
2025/05/21 11:28:58.260438354,1747819738,252336948,piren,0.014925472367301705,0.037322094298232265,0.026803987926575356,-0.0006927220894311543,-0.0018116010076220052,-0.009815792802731914
2025/05/21 11:28:58.341202086,1747819738,337553012,piren,0.017765321301811826,-0.11535694076148634,-0.043950450979189114,0.0011521293939053881,-0.0025190512402780973,0.0
2025/05/21 11:28:58.504363944,1747819738,502362212,piren,0.027868117405799638,0.00883429222015887,0.01467531757372117,-0.0004372938236403928,-0.0016271229647881484,-0.018437409061917362
2025/05/21 11:28:58.591091829,1747819738,586924108,piren,0.023501543359684362,-0.010590197601423124,0.009624509623472197,0.0012962250801104704,-0.0012046711714338275,-0.04253983492060674
2025/05/21 11:28:58.781253370,1747819738,778793343,piren,0.021668154558492626,-0.04547781861604917,-0.0036774292973215605,-0.00021889380913793814,0.0006052600630931654,-0.003815104748438406
2025/05/21 11:28:58.865524278,1747819738,862915832,piren,0.01907112695821169,-0.04351429354043858,-0.0024311247831035943,-0.0005164366038127159,0.0021979897410316046,-0.005907766566348656
2025/05/21 11:28:58.954490205,1747819738,947694408,piren,0.019459233938019,-0.036198461026330654,0.00021758470306820912,0.00030350721675422623,0.003498207213075917,-0.006677847467091378
2025/05/21 11:28:59.35779048,1747819739,32891462,piren,0.019229378131985643,-0.020779483260093257,0.006043273053410156,0.00021249867445880636,0.00375691872658274,0.0
2025/05/21 11:28:59.202525167,1747819739,199168473,piren,0.02064322456582737,-0.03060471648496793,0.0004305209425383432,5.324743908862065e-05,0.00281873147413697,-0.010660151776082408
2025/05/21 11:28:59.370169871,1747819739,367437131,piren,0.021445377401094732,-0.03575165393098407,-0.003182889057756987,-8.573782766006294e-05,0.0003242910797997703,-0.0032053561168300334
2025/05/21 11:28:59.456121005,1747819739,452926070,piren,0.02132635660691653,-0.03927707153650654,-0.005453748943143793,-0.00012839954825789472,-0.0015329674501455223,-0.006971754451371254
2025/05/21 11:28:59.543040500,1747819739,538365374,piren,0.023878664462347186,-0.0410169570143347,-0.006491542121464409,-0.00013045459836203438,-0.002734454006570709,0.0
2025/05/21 11:28:59.708851917,1747819739,706341159,piren,0.022900488300089394,-0.04187240032907772,-0.006454257660575485,-0.0001705690966130139,-0.0035761489867304234,-0.011199710497040044
2025/05/21 11:28:59.796504985,1747819739,791765364,piren,0.019983026387012645,-0.04179577430837191,-0.005804337031194362,-0.00014752854607489165,-0.0027884530834271608,-0.024867935736009227
2025/05/21 11:28:59.962437194,1747819739,958307395,piren,0.01893700126950236,-0.04050358657641853,-0.004619717121316393,-0.00010001761569720069,-0.0005650532261852632,-0.0028160454327202846
2025/05/21 11:29:00.47228378,1747819740,43833608,piren,0.01669793404014844,-0.03844643448003829,-0.0033857816395471674,-5.084836440385789e-05,0.0011216406499184842,0.0
2025/05/21 11:29:00.213457937,1747819740,210193071,piren,0.017846339849458607,-0.03524199821965609,-0.0021468848968523176,4.9242909141321607e-05,0.002913302734831393,-0.010526643826266002
2025/05/21 11:29:00.300047676,1747819740,294660154,piren,0.018433851916752616,-0.03235423472392559,-0.0012221345895068647,7.276892059285931e-05,0.0032049400556875586,-0.006482490129438637
2025/05/21 11:29:00.382860719,1747819740,380255274,piren,0.018974064013712336,-0.029107151010665536,-0.00027105463705193015,0.00016904400769548631,0.0027098835857284945,0.0
2025/05/21 11:29:00.549821960,1747819740,546779126,piren,0.02097593801467557,-0.027163896595710467,0.00010720967976221544,0.0001868094385735781,0.0009040927904835474,-0.003008658826651836
2025/05/21 11:29:00.717752496,1747819740,715453434,piren,0.02198973878596819,-0.02658287674194802,0.00030699418658939936,0.00013576351939547168,-0.0012810806892010029,-0.004273509209490148
2025/05/21 11:29:00.803837157,1747819740,800865064,piren,0.021635113210376828,-0.027494695533802103,0.00035085279291094824,7.045924538693149e-05,-0.002391055628651431,0.0
2025/05/21 11:29:00.889855955,1747819740,885802544,piren,0.02134099625658441,-0.029121530030621623,0.000337277247794964,6.035719938857316e-06,-0.0029902591866356617,-0.03015528203510519
2025/05/21 11:29:01.1025156,1747819740,996547360,piren,0.019508613512665203,-0.03102161528366083,0.0003400431521312141,-9.493002986625167e-05,-0.0021649828106005855,-0.006762037181096829
2025/05/21 11:29:01.84677447,1747819741,81982516,piren,0.017309341450754467,-0.033147576718067624,0.0002447958921542497,-0.00014203545104414498,-0.001894339439929918,0.0
2025/05/21 11:29:01.262027988,1747819741,251317997,piren,0.01937985331178447,-0.034976153771379255,0.00017948038988675413,-0.0001443888012035961,-0.00016364734279907258,-0.0038506769037915337
2025/05/21 11:29:01.341013848,1747819741,338296172,piren,0.01966634448445449,-0.036396414466400136,6.076316568007421e-06,-0.00012170958229676586,0.00038377163801781017,0.0
2025/05/21 11:29:01.508652062,1747819741,505722081,piren,0.021551933053699922,-0.03704195266416476,-5.2878636102819036e-05,-6.749570228278854e-05,0.0009943505442268933,-0.015748968593363895
2025/05/21 11:29:01.594162370,1747819741,591278366,piren,0.021402113096854844,-0.037009753635871084,-5.978775873655477e-05,-1.908728353443629e-06,0.000823135562833256,-0.008852881085193923
2025/05/21 11:29:01.762051747,1747819741,759528278,piren,0.02042604617894341,-0.03620566372182644,-1.1488313038237153e-05,0.00011982975894442074,0.001249984780167122,-0.004785101556651545
2025/05/21 11:29:01.847786396,1747819741,845278282,piren,0.02059502111283939,-0.03553402537812968,1.4728573832195538e-05,0.00012825730320379757,0.00016074283524427643,0.0
2025/05/21 11:29:02.16778141,1747819742,14325846,piren,0.02203315423939853,-0.035206428465743636,-2.0133489031870383e-06,0.00011950635747658897,-0.0008981638206459552,-0.01794642513617313
2025/05/21 11:29:02.103517871,1747819742,100770817,piren,0.021094536817551506,-0.035404710253014726,5.6981869681871646e-05,5.7160191436174626e-05,-0.0018326019291718763,-0.011478778569799748
2025/05/21 11:29:02.191985215,1747819742,186918004,piren,0.01935809669547615,-0.035959152814338424,6.92798371879475e-05,5.3666434339164445e-05,-0.0012723935556598557,0.0
2025/05/21 11:29:02.359516838,1747819742,356525182,piren,0.020606480026221945,-0.03641210872679569,0.00011188964018404285,-1.15923748111278e-05,-0.0008965593948397552,-0.00604968969157995
2025/05/21 11:29:02.446317177,1747819742,442237006,piren,0.02066085336711239,-0.03695132099777725,0.00011204934280324705,-6.721608119757646e-05,-0.0009820237775540839,0.0
2025/05/21 11:29:02.613906513,1747819742,610882515,piren,0.02029511645620569,-0.03761268196031111,-2.4188854353998232e-05,-0.00016803409365808081,-0.0010851139449516757,-0.0224187706525986
2025/05/21 11:29:02.700330500,1747819742,697520458,piren,0.017969130300295927,-0.03775062477447938,-1.7399469563469935e-05,-0.0001964984619687937,-0.0008272617156148153,-0.011748965216678878
2025/05/21 11:29:02.868410938,1747819742,865535982,piren,0.01554552754472885,-0.037453943679071164,-3.4421403401923595e-05,-0.00016763157777315542,-5.8489502705008746e-05,-0.005541904658230513
2025/05/21 11:29:02.956888246,1747819742,952593759,piren,0.015170049644041237,-0.03686840244719776,-1.641879893190085e-05,-0.00012101776589690565,0.00027151584308688785,-0.010946173856607563
2025/05/21 11:29:03.41040734,1747819743,38258213,piren,0.015842720625078577,-0.036068876643215037,6.228426906125883e-05,-3.4990438950445763e-05,0.0008136546395610282,0.0
2025/05/21 11:29:03.243257849,1747819743,237333194,piren,0.017276871211943816,-0.03338735248463322,1.7987161032870668e-05,0.00011789396549750629,0.001342065971153973,-0.01823610829632863
2025/05/21 11:29:03.413211051,1747819743,409588671,piren,0.016652470980422423,-0.031057035918268715,0.00013472448083219724,0.0002300383914639779,0.001068629219413061,-0.016485905562035726
2025/05/21 11:29:03.498798855,1747819743,496306422,piren,0.014585932403338416,-0.02945037668542509,4.657031409959189e-05,0.00023248207797102143,0.0006366894636649853,-0.04363227789673024
2025/05/21 11:29:03.670852889,1747819743,666618779,piren,0.01574367074237553,-0.028121088062781973,-0.000128597640319286,-0.0007478790687259621,-0.00013736582322942394,-0.004628823495034686
2025/05/21 11:29:03.760512200,1747819743,756154129,piren,0.012592951618470898,-0.01477376560124535,0.005251385525954378,0.00021120635112661191,-0.0005550531440803439,-0.006913782393723998
2025/05/21 11:29:03.847692868,1747819743,843931782,piren,0.013814052402883598,-0.021207626260979565,0.0023185387690773237,-0.00022227539510706986,-0.00098119018241782,0.0
2025/05/21 11:29:04.16645572,1747819744,14242415,piren,0.015493691072295169,-0.02181195865916924,0.002019303261020285,-0.0001468891091733316,-0.00119675236480814,-0.014152111739662054
2025/05/21 11:29:04.105493929,1747819744,101108706,piren,0.01415496892719112,-0.025163105240803663,-0.000630762942597117,0.0008793021807937867,-0.0026123996414506544,-0.00536026553883798
2025/05/21 11:29:04.190547798,1747819744,187433103,piren,0.012223408891384813,0.08182638887202293,0.0364578500811463,-0.0009747637832362506,-0.0008149101448508238,0.0
2025/05/21 11:29:04.360900411,1747819744,358546084,piren,0.013309168448896205,-0.08049297689271509,-0.02762191710373541,0.0006866437780359507,0.00190402629958795,-0.0012420495846860499
2025/05/21 11:29:04.448629464,1747819744,445070094,piren,0.014125276555332005,-0.08017295192646773,-0.02625068967670975,-0.0007338588341430503,0.0034683944744049646,0.0
2025/05/21 11:29:04.619069047,1747819744,615865904,piren,0.01664891981306976,-0.053401440422766094,-0.010225663090976223,-0.0008192545999033533,0.004502937113262822,-0.004218648239258724
2025/05/21 11:29:04.709439705,1747819744,703587922,piren,0.01767530874825208,-0.14480858444329248,-0.06528669396690519,0.0009268716044837115,0.0038637596166855577,-0.0022968316160788035
2025/05/21 11:29:04.793697726,1747819744,790797777,piren,0.01841583823383186,0.018655299874856906,0.009581643526687967,-0.0008353963235499078,0.0023764178121819515,0.0
2025/05/21 11:29:04.967721033,1747819744,965117918,piren,0.019791963564723593,-0.09592799611483993,-0.03716346729226917,0.0006932824663498138,-0.0015941907979056984,-0.0012836731290886236
2025/05/21 11:29:05.54183394,1747819745,51612422,piren,0.028660626037831333,-0.06671948784640708,-0.022056773792177995,-0.0008173226135324463,-0.005440822108471343,-0.0010139732257136713
2025/05/21 11:29:05.142444855,1747819745,138690342,piren,0.029423268436587165,-0.025108967228593806,-0.0009088116984076135,0.00038207754470942967,-0.007738663355261356,0.0
2025/05/21 11:29:05.310957935,1747819745,308332352,piren,0.02560502679150097,-0.01693407211750134,0.004424417434821108,1.3885224699527837e-05,-0.005909302955593708,0.004927108053150359
2025/05/21 11:29:05.398785542,1747819745,394872453,piren,0.02279919575912242,0.1072832410587016,0.05662662393696478,-0.0011504157533540533,-0.004265092940677837,0.005680079383823354
2025/05/21 11:29:05.591661651,1747819745,589301239,piren,0.024678318531675143,0.07566302436746056,0.04185183335759762,-0.0009907216621906204,0.0037144096536572122,0.0039458697824942225
2025/05/21 11:29:05.767084872,1747819745,760086809,piren,0.015378524790217292,-0.008842412068456058,0.007283404532180739,-0.00031637346116127047,0.007867993337232204,0.004288635203235773
2025/05/21 11:29:05.851934543,1747819745,847076518,piren,0.013087716554153547,-0.021718421190450997,0.00035976982649796606,0.00027604832224093384,0.0085156982949411,0.0
2025/05/21 11:29:06.24556088,1747819746,18049478,piren,0.011099535896540839,-0.029128093964074085,-0.007086133991671424,0.001890327591610393,0.0061586641590456485,0.01529747486947097
2025/05/21 11:29:06.114235222,1747819746,110527071,piren,0.010397684955617352,0.07508487778704702,0.03175326260132114,-6.874546420890006e-05,0.002331985374177083,0.007393912579422061
2025/05/21 11:29:06.200837945,1747819746,197156219,piren,0.01060356585732268,0.008963480760798778,0.005610580685381682,0.002030762329604661,-0.001639047337949625,0.0
2025/05/21 11:29:06.370021186,1747819746,367063107,piren,0.007245309532529177,0.08115874499970148,0.03206947099741322,0.0004144081987278631,-0.006125907196694094,0.003345541895329318
2025/05/21 11:29:06.461286109,1747819746,453400526,piren,0.004129692034183036,-0.00777933979452831,-0.0006631324770501777,-0.0006660236446139254,-0.007462952650339047,0.006700992850460325
2025/05/21 11:29:06.543212353,1747819746,540516524,piren,0.0024937361978123957,-0.11651176263800883,-0.04998289730910674,0.0010083156916707817,-0.007157359846241729,0.0
2025/05/21 11:29:06.714073313,1747819746,710557333,piren,-0.00045073800878589736,-0.03875038498413801,-0.009295677734918196,-0.0008629983631828172,-0.0038740171081871177,0.009934989872940806
2025/05/21 11:29:06.805381455,1747819746,800159725,piren,-0.002693876979754964,-0.10025805115472006,-0.0329723968325055,-0.00042117253878566196,-0.0007197976396155183,0.005880273014466916
2025/05/21 11:29:06.892466909,1747819746,888362165,piren,-0.00361473141647574,-0.09861359519886538,-0.03318247016838218,-0.0005583159397829617,0.0020930630763913035,0.0
2025/05/21 11:29:07.67025585,1747819747,62494314,piren,-0.004103549879112376,-0.0430550030818427,-0.0061713869793484834,-0.0022352624802648045,0.004651242333592639,0.0023354578153778724
2025/05/21 11:29:07.154118950,1747819747,150449207,piren,-0.0007444602053797,-0.1209751694255676,-0.05259807222088244,0.0013258102983671003,0.005587102423118355,0.0040784647708995096
2025/05/21 11:29:07.242039835,1747819747,238886782,piren,-0.003235982037797813,0.03282633653070846,0.014136091322130727,-0.0017405402225020973,0.005459258011398022,0.0
2025/05/21 11:29:07.415972037,1747819747,412611077,piren,-0.005710496424116062,-0.06594223324397994,-0.027658186849384325,0.00028156340542952565,0.003061455779249054,0.00695645341426612
2025/05/21 11:29:07.503986567,1747819747,500225152,piren,-0.007366135626533825,-0.02725548242917418,-0.009984555586417612,0.0002084593550351117,0.0005240460514611795,0.003058997547343436
2025/05/21 11:29:07.593278511,1747819747,588342892,piren,-0.008676466956324192,0.0012901923486883745,0.0032466494493089216,0.00039733799719773546,-0.0025729464096367846,0.0
2025/05/21 11:29:07.763045945,1747819747,760413055,piren,-0.011517724205959872,0.014258033649533298,0.01022462418348132,-0.0006837488433026738,-0.005526918691692836,0.000965866282962245
2025/05/21 11:29:07.879545538,1747819747,876253893,piren,-0.013747240658492196,0.03282047917539704,0.016836587849051194,-0.0007252209793077843,-0.005322466443402414,0.0014341378352150486
2025/05/21 11:29:07.965902888,1747819747,963281575,piren,-0.020121836787848634,-0.08046398883956367,-0.035847031336327356,0.001511544606827609,-0.004907542128128878,0.0008930892656611426
2025/05/21 11:29:08.53632242,1747819748,50300581,piren,-0.01526947122076129,0.05526538139804042,0.024642686920529275,-0.0013611914811240767,-0.0027105361594016745,0.0014281531019961578
2025/05/21 11:29:08.143330076,1747819748,138414684,piren,-0.015281124792025157,0.05358645489647417,0.028100893719140815,-0.00026861912889257684,-0.00013003676280534822,0.0
2025/05/21 11:29:08.314311134,1747819748,311675796,piren,-0.026906721589683297,0.17382021088904498,0.08033027263837467,-0.002044239985353661,0.004283860354359318,0.0036806930086424744
2025/05/21 11:29:08.404227046,1747819748,400005548,piren,-0.03165820136293924,0.1475473695135016,0.06525152962602576,-0.0008181960367645505,0.005861259468218613,0.0022510533190250558
2025/05/21 11:29:08.492876607,1747819748,489204237,piren,-0.03508103998723003,0.07453644440183389,0.029474548838014942,0.00015711482030394437,0.00600953744588922,0.0
2025/05/21 11:29:08.666076054,1747819748,662682102,piren,-0.03783196226415688,-0.10948530736663543,-0.038956087175927724,0.00020158445456165867,0.00411945679931311,0.0009875818516977197
2025/05/21 11:29:08.753319402,1747819748,750815244,piren,-0.039074811760020686,-0.21593095400356452,-0.08006601730248586,-0.00034820339061001845,0.0017162798812384852,0.0016536221855358792
2025/05/21 11:29:08.842210970,1747819748,838669496,piren,-0.04082529958221468,-0.24572674891770263,-0.12532062552796766,0.0014062627341050859,-0.0011607283491389484,0.0
2025/05/21 11:29:09.14156312,1747819749,11140129,piren,-0.04240340269151854,-0.03289902251722352,-0.018399685415603145,-0.0005305371765556898,-0.00511097929739161,0.0024864558988041624
2025/05/21 11:29:09.103149788,1747819749,99523187,piren,-0.045126989048101876,0.010078944348764742,0.004729408743332943,0.0004028367326131459,-0.00631318331005285,0.0009530055228223796
2025/05/21 11:29:09.192037490,1747819749,186713323,piren,-0.04784369062972835,-0.014033517673580288,-0.001599070396149935,-0.0003317584347772689,-0.006027558535754117,0.0
2025/05/21 11:29:09.363667584,1747819749,359358638,piren,-0.05162466876424012,0.011307553466767721,0.012133634339371655,-0.0010667287581122935,-0.0032740555717013014,0.00022401917407184705
2025/05/21 11:29:09.448379058,1747819749,446205136,piren,-0.055219473968753534,0.03208195134228131,0.02203181089865135,0.0003934112255081575,-0.0005083356339000445,0.0
2025/05/21 11:29:09.621916159,1747819749,619043241,piren,-0.058863982495211235,0.022212847821277228,0.016270530639610845,-0.0011711379587644932,0.0035656043014916524,0.0005078394278676618
2025/05/21 11:29:09.713229541,1747819749,708668270,piren,-0.061514697093147205,-0.08189935568814706,-0.030789609342804822,-0.0005314124361194896,0.0051712154435914065,0.00016146416925897435
2025/05/21 11:29:09.800997605,1747819749,797947813,piren,-0.0635470205212934,-0.027551915034639735,-0.009052697640177866,0.0024528491863456056,0.0053652429919196646,0.0
2025/05/21 11:29:09.974334618,1747819749,971191958,piren,-0.0655535419969915,0.06655959640164381,0.03354849792669763,0.0013814167074714975,0.003657774204221048,0.00021067926052064425
2025/05/21 11:29:10.62600526,1747819750,59818201,piren,-0.06656596651034831,0.16791223738129626,0.07894786191204888,0.0011947571503545763,0.0014240762615292863,0.00038091365298154164
2025/05/21 11:29:10.150306694,1747819750,147874757,piren,-0.06786153203932849,0.23120202996877942,0.08449439727783646,0.0005920399207458386,-0.001031563959770223,0.0
2025/05/21 11:29:10.266657450,1747819750,263589450,piren,-0.06985471842443222,0.09376301971017775,0.02883681220025464,-9.186766964919506e-05,-0.003187525904634391,0.0010086164348815359
2025/05/21 11:29:10.354600714,1747819750,351920449,piren,-0.07266041191948724,-0.07354629010970484,-0.03191873752843952,-0.00019017122898680052,-0.004593764821448839,0.0006867196211585577
2025/05/21 11:29:10.442784664,1747819750,439592050,piren,-0.0747308086020934,-0.15379149776602727,-0.06551170161791675,-0.00042673496118855785,-0.004812621654445701,0.0
2025/05/21 11:29:10.616004257,1747819750,613360767,piren,-0.07767708476440652,-0.1238983783341296,-0.059969679813846856,0.0009848438641344834,-0.0030482720730216455,0.0012259062322589414
2025/05/21 11:29:10.704600140,1747819750,702254817,piren,-0.07988521076296867,0.0311627656341034,0.014508232751696657,-0.00035321195286131663,-0.0007353992651999977,0.000677230410918028
2025/05/21 11:29:10.794491265,1747819750,791411325,piren,-0.08236592286849806,0.11942503946651632,0.04962099209484529,-0.000423397676628168,0.0017220514636784147,0.0
2025/05/21 11:29:10.968030008,1747819750,965140166,piren,-0.08341467743398114,0.06543467751675823,0.032653421551621015,0.0007090144663352381,0.004567458961864135,0.0003672022163845498
2025/05/21 11:29:11.57830463,1747819751,53849415,piren,-0.08397722076118393,0.11108558767140725,0.04145030749685428,-0.003318077825622252,0.005317114107909231,0.0006294768479734373
2025/05/21 11:29:11.146635791,1747819751,143678390,piren,-0.08326232954870168,-0.03148981756199677,-0.011923005505002117,-0.00018566359351697643,0.004859063308919064,0.0
2025/05/21 11:29:11.322235894,1747819751,319267171,piren,-0.08329147682241149,-0.14794817642397237,-0.07850477818040948,0.0003705508334699368,0.0022855291659208644,0.0012221840992468712
2025/05/21 11:29:11.412951887,1747819751,410267324,piren,-0.08282089444282786,0.019338415342489493,-0.0002961281840271656,-0.001569124797424087,-1.8200179631582292e-05,0.0006551006445358281
2025/05/21 11:29:11.504874172,1747819751,498633394,piren,-0.08282643962631694,-0.08347238117554327,-0.041683811037204685,0.00047271489212687883,-0.0022674828820674134,0.0
2025/05/21 11:29:11.590374091,1747819751,587800302,piren,-0.0841264553859978,-0.04781631424664246,-0.025622887572250858,0.00281171066435488,-0.003732169945722629,0.012111670816268605
2025/05/21 11:29:11.769199354,1747819751,762017997,piren,-0.08575841124850574,0.06893978134005407,0.027318946052720585,-0.0003121672513893212,-0.0042113956110556355,0.00030321553828510206
2025/05/21 11:29:11.853176129,1747819751,850841811,piren,-0.08676116582487843,0.05705763012146841,0.025063496807670466,0.0011729445483991722,-0.0033503467319505697,0.0005948265406929635
2025/05/21 11:29:11.942561612,1747819751,939373738,piren,-0.08881965845327405,0.02105648661414612,0.01429808984644822,0.001065677312918484,-0.0016842385325000252,0.0
2025/05/21 11:29:12.117110490,1747819752,115017185,piren,-0.09023111877960226,0.11613883037301863,0.04993897443792273,-0.0003287275970280157,0.0013588379597657219,0.0010956815601364017
2025/05/21 11:29:12.206697175,1747819752,204659844,piren,-0.09145431572822203,0.06143848010955631,0.02520268136361498,-0.0010586265916929785,0.0029666421227918984,0.0004724711608383018
2025/05/21 11:29:12.298325375,1747819752,294324884,piren,-0.09107190130427387,-0.06680446608082256,-0.032486783947711366,-0.0011668390065767984,0.003764937166355082,0.0
2025/05/21 11:29:12.472832345,1747819752,469862603,piren,-0.09010774562971562,0.07420331349243287,0.028001965863005702,-0.0013263317536454313,0.0034696982253071807,0.00017574031914369272
2025/05/21 11:29:12.588386171,1747819752,585591724,piren,-0.08875079040372297,0.042312011326198606,0.019285129009107754,0.0004974866396314848,0.0022505237519456754,0.00031854064130485077
2025/05/21 11:29:12.681133267,1747819752,675591008,piren,-0.08858131529047139,0.12156995636145237,0.03811153202969357,0.00018578294708119483,0.0005943956994486809,0.0003401862802198703
2025/05/21 11:29:12.768888713,1747819752,764343131,piren,-0.08894150147348519,-0.07484403254246826,-0.037002101502509155,-0.0011764802598681506,-0.0010311171919234834,0.00032556382900955535
2025/05/21 11:29:12.859362405,1747819752,853432145,piren,-0.09032970743517493,-0.07329486424490744,-0.03267276788717207,-0.0001775203860131816,-0.002426411390910563,0.00036708074531996437
2025/05/21 11:29:12.946589050,1747819752,944262067,piren,-0.09180989468849517,-0.0580768837714493,-0.023092134878580507,3.4938333459053274e-05,-0.003204650673946671,0.0
2025/05/21 11:29:13.121245684,1747819753,119126652,piren,-0.09396492578295315,-0.04171851339440889,-0.016183810797121875,0.0018773184134552516,-0.0030771060613795135,0.0004357009781314663
2025/05/21 11:29:13.211767310,1747819753,208654149,piren,-0.09616862562807428,0.06972615403016734,0.028998083606286564,0.0006863240502839254,-0.0019832575259335094,0.0002723496295730635
2025/05/21 11:29:13.300503595,1747819753,297433204,piren,-0.09785187264465471,-0.026139488028461798,-0.006917346233925355,0.00014386562300800244,-0.00048576851750202504,0.0
2025/05/21 11:29:13.479629717,1747819753,475879723,piren,-0.09952010073299809,-0.05063047156797608,-0.012887045264813263,-0.0009698876624937713,0.0016858375253026709,0.0001405289940826257
2025/05/21 11:29:13.571152452,1747819753,565466949,piren,-0.10108957141513567,-0.14628389805784583,-0.05009285194263236,-0.0012968225960687885,0.0026308679056082137,0.0002485675519493528
2025/05/21 11:29:13.661926837,1747819753,657094751,piren,-0.10172789592077057,-0.18477790911484684,-0.07570807499758991,0.0003692381836274352,0.002856148870971776,0.00011524051478442266
2025/05/21 11:29:13.751066112,1747819753,747646905,piren,-0.10127687359044399,-0.10660500349848785,-0.041581015401883505,0.00014660416698024007,0.0023235215818117366,0.00012013565453681193
2025/05/21 11:29:13.844594800,1747819753,840067410,piren,-0.10089891185014807,-0.046606168983240874,-0.01627097480564891,-0.001448705029961984,0.0012604276110767378,0.0
2025/05/21 11:29:14.20965993,1747819754,17682474,piren,-0.10128277573650647,0.016713726705287375,0.011075427820948022,-8.377276275752789e-06,-0.0006588777660262439,0.00032967117075653757
2025/05/21 11:29:14.112022938,1747819754,108588257,piren,-0.10166113447556675,0.03449752428796124,0.02163674037052327,0.00018177252463668123,-0.001952057825488886,3.515691651807855e-06
2025/05/21 11:29:14.201374865,1747819754,198535420,piren,-0.10221086447392802,0.1629351487024368,0.06907993693661638,-0.00022836079515156727,-0.0027679781952037598,0.0
2025/05/21 11:29:14.377473993,1747819754,374983781,piren,-0.10451280934424784,0.10927509299265,0.049031719975741274,-0.0001428314540518791,-0.0029299586964976576,7.6315889403935e-06
2025/05/21 11:29:14.471176482,1747819754,465351712,piren,-0.10441903346225379,0.06485014015039374,0.035574876132522776,0.0010516957832455718,-0.0021893816367754265,0.00032953927989734196
2025/05/21 11:29:14.560449993,1747819754,557418489,piren,-0.10717311147121607,0.10958368016234264,0.049646217898724775,0.0008105945402399732,-0.0009082808947138314,0.0004812477681884497
2025/05/21 11:29:14.651917550,1747819754,647324898,piren,-0.10958130247330122,0.04165042208987699,0.023012152132916835,0.0004974708890866708,0.000503535034871518,0.0
2025/05/21 11:29:14.830307784,1747819754,826086697,piren,-0.11143446350918514,-0.00026197231974815077,0.005832980105754573,0.00047159812920039766,0.0022816406415450846,0.0010064471951987295
2025/05/21 11:29:14.920518441,1747819754,917090843,piren,-0.11348772578384718,-0.02535313489975842,-0.004787382119733404,0.0004248207611099448,0.002766625059508948,0.000676246703307188
2025/05/21 11:29:15.39125936,1747819755,36430478,piren,-0.11498583905416683,-0.04585316178273205,-0.014936622681992705,0.0005332696806553561,0.0023654312729605074,0.0
2025/05/21 11:29:15.217289933,1747819755,214730120,piren,-0.11637597689664957,-0.02471023571762666,-0.006769372523127849,-0.0010067656115393033,0.0007347557325398844,0.0009491604496735308
2025/05/21 11:29:15.308953712,1747819755,305610696,piren,-0.11717806101978911,-0.020267322467768998,-0.004121677578252484,-0.001365312039359516,-0.0006331873587189368,0.0004353297337192452
2025/05/21 11:29:15.400129448,1747819755,396168047,piren,-0.11797288365668523,-0.13559391235974094,-0.048363968166693354,-0.0013688867689591214,-0.0017635938271506977,0.0
2025/05/21 11:29:15.577902690,1747819755,575017793,piren,-0.11996931261108489,-0.1983711423979924,-0.0703456605619681,-0.00037975301199546005,-0.0022450288796860883,0.00031608067981397686
2025/05/21 11:29:15.669042545,1747819755,665832385,piren,-0.12226416532469421,-0.22543659421020212,-0.11436370637894046,0.00018291203971185007,-0.0020419288338004936,8.967275607524411e-05
2025/05/21 11:29:15.761145718,1747819755,756334663,piren,-0.12366907594641702,-0.005868207592579731,-0.005572835275795156,-0.0003894211074539125,-0.001348099488229343,4.2693648013423506e-05
2025/05/21 11:29:15.850065176,1747819755,847198969,piren,-0.12482480564354353,0.027327731909805735,0.013311438551880727,-0.0004849332203460254,9.344253864492107e-05,0.0
2025/05/21 11:29:15.946213484,1747819755,943442698,piren,-0.1266350367679181,0.05175077362250139,0.022976432975825047,-0.00026545201383608235,0.0010281843205325917,-0.0005204820540295354
2025/05/21 11:29:16.125858148,1747819756,123386064,piren,-0.1287660440590965,-0.05904510131096412,-0.02087445009732572,0.0005398539479346356,0.0020608030277072214,-0.0004723038615086338
2025/05/21 11:29:16.218859432,1747819756,216023884,piren,-0.1300916043250952,-0.04438415861582795,-0.011247547324940233,-0.0005414041686511014,0.001905893647847723,0.0
2025/05/21 11:29:16.312556669,1747819756,309487321,piren,-0.13106349783530913,-0.09502336355923843,-0.036240479564821675,0.0010626549364160152,0.0013589873962007335,-0.0007009535674482826
2025/05/21 11:29:16.404217235,1747819756,401730858,piren,-0.1332329390546569,-0.03029003357284531,-0.005394804565168996,0.0004519106791583749,0.0006834414933945922,0.0
2025/05/21 11:29:16.498116927,1747819756,495154101,piren,-0.13490810214234966,-0.09541780067575266,-0.04465876833027119,0.0011239479308978004,-0.0004908172143980917,-0.0011465267316649473
2025/05/21 11:29:16.589500247,1747819756,586669498,piren,-0.13553824039759174,0.094064469228594,0.03400036712343729,-0.0006707761255177201,-0.00043214349227852313,0.0
2025/05/21 11:29:16.771302967,1747819756,767653283,piren,-0.13615214441140452,-0.012940703207687948,-0.00438201979302543,-0.00010114154401337195,-0.0016730107078076477,-0.0021403667742961817
2025/05/21 11:29:16.862698034,1747819756,860221988,piren,-0.1374099121499818,0.0019529428610845145,0.005540481113359467,-0.0008266807274027979,-0.002306798460877453,-0.004105516519091954
2025/05/21 11:29:16.956352946,1747819756,953175015,piren,-0.13863446647001737,0.04073535588433955,0.023279350982889874,-0.00042701355362194214,-0.002583838532537306,-0.0042292733083806305
2025/05/21 11:29:17.49386287,1747819757,46278748,piren,-0.14114669308172473,0.005876741956237796,0.010589843337549249,-0.001308989397410211,-0.0021369867780114643,-0.004972140999144975
2025/05/21 11:29:17.141178872,1747819757,137822593,piren,-0.14446984150453468,-0.0803395999148318,-0.03084746806256249,-0.0007898214154358661,-0.001115094294386259,0.0
2025/05/21 11:29:17.322313374,1747819757,319789363,piren,-0.14701591253803406,0.048597734170888175,0.023573055305729118,-0.0017637958946655806,0.0008820813582485255,-0.008144242517961382
2025/05/21 11:29:17.443228917,1747819757,439615121,piren,-0.1471694551693989,-0.04609556613146305,-0.01454031129708196,-0.0001774216447871352,0.0021179755125622416,-0.004341242422639656
2025/05/21 11:29:17.624451247,1747819757,621902026,piren,-0.14954761335154548,-0.015951476386724707,-0.0019937346246898364,0.0006486504978279523,0.003571045521529035,-0.003678249209717011
2025/05/21 11:29:17.717978207,1747819757,715372474,piren,-0.15013796407710836,0.11497813011769265,0.04949253778960245,0.0007374659715253789,0.002427058422494729,0.0
2025/05/21 11:29:17.811549053,1747819757,807952344,piren,-0.15030572471029846,0.07063590222396057,0.02921076967746956,-0.00044911931370245387,0.0009703963828049728,-0.006022237267753845
2025/05/21 11:29:17.903713355,1747819757,900572099,piren,-0.15072526311455592,-0.04189811792840295,-0.013096119835334126,0.00024576576622422855,-0.0010155375646458023,0.0
2025/05/21 11:29:17.997398371,1747819757,992870068,piren,-0.15070792834324376,-0.12078627634108453,-0.04294463489738958,-0.0005211729661825605,-0.002573911534958137,-0.02404283992707243
2025/05/21 11:29:18.179088392,1747819758,176649246,piren,-0.15197320483731203,-0.1489811491181212,-0.06185162324518867,0.0002739125222509972,-0.0033670525468173862,-0.002629907478772726
2025/05/21 11:29:18.272544669,1747819758,269639912,piren,-0.16003212020970295,-0.0568483061354703,-0.020359251252663736,-0.0009806144875279636,-0.0028004505335198753,-0.004992616704780063
2025/05/21 11:29:18.367713397,1747819758,361780323,piren,-0.1598636994976039,0.018525456492923073,0.013798785530766649,0.00030013700801691885,-0.0019485968091273614,-0.004741285970817006
2025/05/21 11:29:18.457424500,1747819758,454783430,piren,-0.16216742629007896,0.01532961332420308,0.014238963382201921,-0.000384035194349383,-0.0004977869346290281,-0.005390117731682369
2025/05/21 11:29:18.553901581,1747819758,551262881,piren,-0.16588785614129492,0.044214466949833844,0.027151230280291355,-0.0016709485486177205,0.0010692233652690962,-0.004238218429961785
2025/05/21 11:29:18.648715156,1747819758,645428240,piren,-0.1647835882753048,0.07906030408962483,0.03607315910134598,-0.0021809633788442673,0.0022434506405078908,0.0
2025/05/21 11:29:18.744335931,1747819758,739170163,piren,-0.16384362499928884,-0.01883646251339918,-0.002670716849251915,-0.0013911802335444987,0.003141878129767587,-0.007702703135299904
2025/05/21 11:29:18.925165869,1747819758,921770910,piren,-0.16332088567222458,-0.08333296226668063,-0.03772929769808204,-0.0004162484181287735,0.002896110993349047,-0.0024979385001409915
2025/05/21 11:29:19.18290527,1747819759,14954105,piren,-0.16499215492447486,0.0451093813753636,0.016640702637061185,-0.0018482461336144116,0.0020009846103411283,0.0
2025/05/21 11:29:19.109421125,1747819759,106667195,piren,-0.16612666170588036,-0.021730724034150592,-0.009952447343701284,0.0013014542603321231,0.0005235756161874718,-0.0029935126747434996
2025/05/21 11:29:19.203458874,1747819759,198506582,piren,-0.16628656955581306,-0.004081988397962318,-0.0012798064494541532,-0.00019188194534524645,-0.0008137390519347093,0.0
2025/05/21 11:29:19.294325980,1747819759,291311075,piren,-0.16670158235364027,-0.045796295865877266,-0.021386797973994762,0.00041148967909139967,-0.0020531547091235166,-0.011418757655412278
2025/05/21 11:29:19.484515533,1747819759,472266030,piren,-0.16818713611276578,0.07282783991348366,0.03644995529243701,0.00090734201034594,-0.0025229094820319637,-0.0008693146396599087
2025/05/21 11:29:19.568801443,1747819759,566173766,piren,-0.17147286995508693,0.20083521679668195,0.07008224039789417,-0.0012384995699231893,-0.002531889523658723,-0.0013872475553688163
2025/05/21 11:29:19.662169677,1747819759,658495200,piren,-0.1713286464375708,0.04419452997870539,0.016592436587869176,8.36358005470917e-05,-0.002737798828235626,-0.0006173645699784747
2025/05/21 11:29:19.759823563,1747819759,750532320,piren,-0.16840992571384003,0.039632908208686674,0.01825166858365227,0.00026959910419380726,-0.0025571295962539126,0.0
2025/05/21 11:29:19.966038724,1747819759,962105575,piren,-0.1707618503868475,0.017274622894171678,0.013334095797431705,-0.00011498209405669297,-0.0003466090748465888,0.0018210616036184026
2025/05/21 11:29:20.59371342,1747819760,55242442,piren,-0.16737398922769098,0.14045287377623195,0.05912800173985878,-0.00019087881161664996,0.0008446869559138165,0.006375489928504898
2025/05/21 11:29:20.151584645,1747819760,148560115,piren,-0.16615021684585246,0.08821705416979456,0.0387970991393683,-0.00028075800625441825,0.001953889007909147,0.0
2025/05/21 11:29:20.337034894,1747819760,333319790,piren,-0.16766345133261515,0.05060229145791742,0.026459633471159528,0.0011243240393919928,0.00283615624994336,0.018147436561104607
2025/05/21 11:29:20.429239850,1747819760,426627657,piren,-0.17379157798926348,0.1321063019071884,0.05188680617377598,0.0010512558429153847,0.0035543180245692163,0.013288412472855251
2025/05/21 11:29:20.522307343,1747819760,519447460,piren,-0.18081036083970112,0.05916442577541031,0.02153004780936589,0.0017052447203174614,0.004050210328021413,0.0
2025/05/21 11:29:20.617926980,1747819760,612824129,piren,-0.18457345587002633,0.0029723255290693704,-0.0018833295771380082,0.0003813603744886973,0.00428843853881595,0.012113846957166618
2025/05/21 11:29:20.707403451,1747819760,705121665,piren,-0.18747035065112824,-0.014066303136118348,-0.009606381826239753,0.0016037350665968316,0.003484356558362077,0.0
2025/05/21 11:29:20.801775239,1747819760,799250080,piren,-0.18843087609433876,-0.03952968390085591,-0.021082448113289836,8.340542554028859e-05,0.001334990602462545,0.008901516686316663
2025/05/21 11:29:20.984236250,1747819760,981224969,piren,-0.18952652556767638,-0.03422698771682912,-0.021583936722660693,-0.0010885704162799717,-0.003448895264658896,0.004046459246658226
2025/05/21 11:29:21.168087247,1747819761,165482055,piren,-0.1895544155911707,0.08930750556555045,0.02965386927158069,-0.0017406005203610393,-0.004853487503745958,0.003404010436707901
2025/05/21 11:29:21.262947412,1747819761,260539234,piren,-0.1916681787750204,0.03979093214898689,0.011541398633265088,-0.0010977038562014275,-0.004615895662665024,0.0057478624311644196
2025/05/21 11:29:21.369589741,1747819761,361472152,piren,-0.1910869197899875,-0.006221671430082044,-0.004825719772530541,-0.0009902160477602974,-0.0032811695194976424,0.0
2025/05/21 11:29:21.469146056,1747819761,465754850,piren,-0.19058613303045968,-0.033541580023193095,-0.017337894974558225,-0.0006436004859882162,-0.001682442832273899,0.010250664910935786
2025/05/21 11:29:21.565764816,1747819761,561435153,piren,-0.18547168100901268,0.07201115383847786,0.026203021657852408,0.00020992352675030206,0.00021087512234919297,0.005766247816514151
2025/05/21 11:29:21.661755805,1747819761,656015985,piren,-0.1867448875681803,0.00998467609031858,0.002521808985798334,-0.00020204972563261591,0.0013786095242665202,0.006217132957852976
2025/05/21 11:29:21.755950540,1747819761,752406533,piren,-0.1821650535196572,0.013426802350786035,0.0034775366047117722,0.00010455082294628923,0.002289027096933393,0.0
2025/05/21 11:29:21.851274936,1747819761,846737210,piren,-0.18064585124542476,-0.12197340406503003,-0.057013270596012224,0.0007222723353759769,0.0019400018687430515,0.020035544752069336
2025/05/21 11:29:21.945403244,1747819761,942191734,piren,-0.17807150624187074,-0.07756020610396722,-0.037020276670932356,0.0009957395500024497,0.001716133918162459,0.0
2025/05/21 11:29:22.131900168,1747819762,128737590,piren,-0.17873858123108546,-0.03585038423790719,-0.01554792112258795,0.0005289443035602616,0.0028362776492974343,0.023640917871455117
2025/05/21 11:29:22.231644828,1747819762,228573926,piren,-0.19128322984268903,-0.11397451359115256,-0.05543874743088346,0.0013429892193719758,0.0029123606073017216,0.013593289234266882
2025/05/21 11:29:22.443582009,1747819762,438980640,piren,-0.19802207079669332,-0.029876792369101013,-0.018660184811780885,-0.00041422906181887663,0.0005386621924008189,0.0087161542658608
2025/05/21 11:29:22.631424303,1747819762,627489379,piren,-0.19817755518788965,0.012327101872820703,0.000431933926474115,-0.0023071406281161937,-0.0012902538241911575,0.008242784264034195
2025/05/21 11:29:22.727843921,1747819762,722393652,piren,-0.20239608944466894,0.04660110728157819,0.015316002588695147,-0.0012833020648324535,-0.002059494121106382,0.0
2025/05/21 11:29:22.831208456,1747819762,826948412,piren,-0.2058653181956596,0.046949132853120766,0.016888559815108943,-0.0027979544314828708,-0.002347101599844613,0.011708130942751999
2025/05/21 11:29:22.927497913,1747819762,923614206,piren,-0.20804074993734262,0.061798035963290365,0.0229869875922818,-0.0011922714721398706,-0.00213547411194688,0.0
2025/05/21 11:29:23.22772942,1747819763,18497044,piren,-0.20852665463570744,0.0394072282131559,0.0149809174826078,-0.001911096128635025,-0.0013750530091443947,0.009346996880332128
2025/05/21 11:29:23.117614118,1747819763,113890384,piren,-0.20773343680140188,0.043090858156331485,0.016316958036873566,-0.00038131564666709906,-0.0003223832981148974,0.0
2025/05/21 11:29:23.211819573,1747819763,209311814,piren,-0.20706544125933682,0.01249825562972676,0.00507723050609463,0.0012447718009046167,0.0007415202649569655,0.008807132495478088
2025/05/21 11:29:23.309657941,1747819763,302969959,piren,-0.20752505989051762,0.13054962060449068,0.04387988846779682,-1.3295765697735033e-05,0.0009146685134539649,0.0
2025/05/21 11:29:23.401159634,1747819763,397751333,piren,-0.2080929896897778,0.006178205649604375,-0.0020134167397132053,0.003185543000605961,0.0015701012923574167,0.008278140315178163
2025/05/21 11:29:23.496670952,1747819763,492316907,piren,-0.20802003206105404,0.10688716680003602,0.0322399457624382,0.000169438272303423,0.0015857726450140678,0.0
2025/05/21 11:29:23.680073884,1747819763,676866318,piren,-0.20823585783721915,-0.04101507033349523,-0.02333758715432274,0.0026025379947676283,0.0016263870158409472,0.002486766723801133
2025/05/21 11:29:23.776524303,1747819763,771403158,piren,-0.20758417744584245,-0.043119274411156996,-0.024669759822622983,0.0017214816617183632,0.0003888078299246122,0.0031603257317694214
2025/05/21 11:29:23.870084612,1747819763,866659087,piren,-0.20602229074764714,0.08315836864708752,0.02423097293738774,-0.00013103895258090984,-0.000906896844835439,0.002356222790088771
2025/05/21 11:29:23.967291627,1747819763,962995695,piren,-0.20774583258622495,-0.06828682354175608,-0.03894284126171033,0.00022615657189592556,-0.002004271182944774,0.0016207063403162313
2025/05/21 11:29:24.63133162,1747819764,59600962,piren,-0.20864454062293353,0.060164046700045354,0.01808623569182703,-0.0022867025072084114,-0.0017509702813273507,0.00031145639927593626
2025/05/21 11:29:24.160712973,1747819764,156852590,piren,-0.2111083002821001,-0.048805498468282055,-0.01888207555788889,-0.003001691142367874,-0.0019362959599994794,-0.0013471943935909744
2025/05/21 11:29:24.267287954,1747819764,261520370,piren,-0.21072070982369578,-0.13925801364313892,-0.06863792733877587,-0.001161394867043481,-0.001639663113112053,-0.002667665391896385
2025/05/21 11:29:24.370903888,1747819764,366908372,piren,-0.21061190595787393,0.019293804003066056,0.00673577510828294,-0.004473129603915128,-0.0009577728435636452,-0.002416071158960672
2025/05/21 11:29:24.466922367,1747819764,464164827,piren,-0.21050744488979561,-0.07422739570461293,-0.02243917554718811,-0.0011696013443914248,0.0007166966715286829,-0.003106263729945684
2025/05/21 11:29:24.569295255,1747819764,561641262,piren,-0.2212499306391847,-0.16254923406338698,-0.07910634197658346,0.0009683482007466062,0.0014423036698512197,-0.004064387138490063
2025/05/21 11:29:24.662373101,1747819764,659747330,piren,-0.21579933478131028,0.016502673903813016,0.008385516769826386,0.00030255109225183293,0.002247478437013421,-0.005304585335647391
2025/05/21 11:29:24.757988674,1747819764,755344375,piren,-0.2206351678640759,0.03597721318042901,0.018246292881937073,0.0019749997786532056,0.0024187727763868147,-0.007118526113667261
2025/05/21 11:29:24.863701118,1747819764,852646339,piren,-0.2186175556666137,-0.016693588921091306,-6.452459785311819e-05,0.0022330320683220817,0.0016350207386266863,-0.01033979919331713
2025/05/21 11:29:24.955980599,1747819764,952490901,piren,-0.2207191525464446,-0.10624040750037865,-0.04516548190983037,0.0026470695661098193,0.0003112512029838415,0.0
2025/05/21 11:29:25.90041507,1747819765,85956861,piren,-0.21712233582491425,0.009001209641306454,0.009170902771417718,0.0030350981695721063,-0.0022304978672072636,-0.018707040420412532
2025/05/21 11:29:25.287709594,1747819765,284509035,piren,-0.2166077137437576,0.13966836106785427,0.0653720042066394,-0.0003593770696317097,-0.0032790587501404698,-0.00567640659625456
2025/05/21 11:29:25.479265863,1747819765,474534923,piren,-0.2157066914548409,0.13644148000964737,0.06393301649276945,-0.0020061406850838286,-0.001525630628789988,-0.005929510710373085
2025/05/21 11:29:25.572290682,1747819765,570186769,piren,-0.22413369531717117,0.08144171857161564,0.04167300384523565,-0.0019381101980085183,-0.00020651260365392668,-0.01151231892153689
2025/05/21 11:29:25.668333991,1747819765,666026422,piren,-0.22123461712588205,0.02920005339826579,0.019377025861287794,-0.0049375056630751955,0.0008962303143962457,-0.011570061620823932
2025/05/21 11:29:25.767397321,1747819765,763015732,piren,-0.21827562994121605,-0.08779655298719191,-0.03546734171078513,-0.0006535700970398681,0.0018134739221797448,-0.011153474613497428
2025/05/21 11:29:25.870277744,1747819765,863617198,piren,-0.21677152780652545,0.02839642195889967,0.01655872806747265,-0.002543935700279303,0.00245723066657254,-0.01248062336584824
2025/05/21 11:29:25.973444479,1747819765,968102275,piren,-0.21971565355336029,0.016336877393242806,0.011767036786253317,-0.0008071829356864986,0.002704344887053693,-0.012090673751245007
2025/05/21 11:29:26.77100007,1747819766,72760625,piren,-0.21677561068605697,-0.022243672851387196,-0.005078198825642881,0.0007456496348954428,0.0020592442462553403,-0.011957610678830966
2025/05/21 11:29:26.187282287,1747819766,182643168,piren,-0.21971087888866753,0.09338063489765583,0.034071002913601496,0.0011937370954166286,0.0002584160114060921,-0.01458241950547081
2025/05/21 11:29:26.387737269,1747819766,382378896,piren,-0.2199972786878668,-0.0750278980548173,-0.027236850941006297,0.0016990134893723721,-0.002284918653168133,-0.0067929552640303
2025/05/21 11:29:26.583980021,1747819766,580182391,piren,-0.22166857079235053,-0.20900811738582037,-0.08836308877100917,0.0010546450266334607,-0.0021616815453265204,-0.006550394690269729
2025/05/21 11:29:26.684133453,1747819766,679933816,piren,-0.22711955823820318,-0.11540769812956059,-0.037868030755756864,0.0005075064474964711,-0.0015793287953920227,-0.012861596938068204
2025/05/21 11:29:26.783322239,1747819766,779394271,piren,-0.2314098638152481,-0.13353613983829504,-0.04697682619932284,0.0013621489021794961,-0.0008895505424462274,-0.012765231795157506
2025/05/21 11:29:26.892334204,1747819766,888288623,piren,-0.23282404343067653,-0.09072490045827217,-0.03044362471533967,-0.0017102666671088387,0.0003775520492808929,-0.01347199214225461
2025/05/21 11:29:27.86827494,1747819767,81916835,piren,-0.2278044754335079,-0.01609873584964499,0.0013971502320925728,-0.0014198297657082122,0.0014257374738678233,-0.006886455106226451
2025/05/21 11:29:27.188889014,1747819767,185932836,piren,-0.22818967969102089,0.13365097410248603,0.07147579483255662,-0.002238405754177962,0.0016149642096548913,-0.012806791429449257
2025/05/21 11:29:27.378375094,1747819767,375375338,piren,-0.22396907521661324,0.22867099465550692,0.09738143404509671,-0.0011083956348483994,0.0012423031731081042,-0.0065974909328705466
2025/05/21 11:29:27.476373975,1747819767,471456412,piren,-0.22378299733228058,0.1411999217853076,0.07313475173982131,0.0007664032512482555,0.0005868631370150281,-0.011991443772627702
2025/05/21 11:29:27.571234089,1747819767,568684741,piren,-0.22209440156924892,0.18853529128811103,0.07925554277725867,0.0016419021840131589,-0.0012994235631636501,-0.012213383605484573
2025/05/21 11:29:27.693314427,1747819767,690949451,piren,-0.21825159256342078,0.07128082787429466,0.03579458287683003,0.0008728998298614558,-0.00377048740316552,-0.008127061329228299
2025/05/21 11:29:27.887076417,1747819767,881756035,piren,-0.21979617870476975,0.014184115848121612,0.012845552852126806,0.002335434134580992,-0.004909929410936044,-0.0038436903860343493
2025/05/21 11:29:27.986213869,1747819767,982431147,piren,-0.21732835638319986,-0.03895136342639092,-0.007281134740630152,0.0017963022939878985,-0.0025053588007073906,-0.005609734246499933
2025/05/21 11:29:28.185344301,1747819768,182670844,piren,-0.22072974958791214,-0.07151552709780236,-0.020444718108018678,0.0013583977771196554,0.0005840923605723692,-0.0014584902413555005
2025/05/21 11:29:28.283228254,1747819768,279541152,piren,-0.22227409112639063,-0.09891821802446378,-0.034824348731502884,-0.0017013018332631066,0.0027912775635623847,-0.0015185162377941317
2025/05/21 11:29:28.378902098,1747819768,376298910,piren,-0.21754758358982032,-0.07970054122033553,-0.027139158306193817,-0.0015340559928968757,0.004148233442272773,0.0001712667359874464
2025/05/21 11:29:28.480015135,1747819768,473450014,piren,-0.21538910844622344,-0.0750605988988276,-0.027099098115881577,-0.0020188973742759166,0.0043964515747039945,0.0016818047128800218
2025/05/21 11:29:28.580177384,1747819768,575425563,piren,-0.21367325107517907,-0.06518270304959797,-0.029210780655315658,-0.0018944470532320195,0.004249509641160375,0.003077543826200482
2025/05/21 11:29:28.687149720,1747819768,681432345,piren,-0.21880495212041087,0.06318963691786329,0.01949310821997238,-0.0032619132858529073,0.004113725525486838,0.00452472759588011
2025/05/21 11:29:28.788396133,1747819768,783496616,piren,-0.22286226673224696,-0.07222506807060838,-0.04103214179825126,0.0008689735707058363,0.003462778916031815,0.004213279491701463
2025/05/21 11:29:28.895816860,1747819768,891538705,piren,-0.22478483874412902,0.04300228943536398,0.01079490826922857,-0.0006816180593692208,0.0011625911281445166,0.003866794073306276
2025/05/21 11:29:29.92786610,1747819769,85969443,piren,-0.22618872362622955,0.030371581401696626,0.01046537892020819,0.003166124076813803,-0.002751292151506866,0.0022773726371302368
2025/05/21 11:29:29.284492585,1747819769,280898420,piren,-0.22677197758123474,0.11273187383457077,0.03563155735910328,0.001217656481972423,-0.003665136828740084,0.0020728593852284275
2025/05/21 11:29:29.382218043,1747819769,378571908,piren,-0.22729089964432986,-0.05904978206742181,-0.02605555884298332,0.0017248009470301712,-0.0031691834121779752,0.0035982547570467902
2025/05/21 11:29:29.479150279,1747819769,476635294,piren,-0.2295882927607741,-0.11911738263936794,-0.05516055676802804,0.0021455301749631825,-0.001986191631808886,0.0033465114440884547
2025/05/21 11:29:29.577338135,1747819769,574713989,piren,-0.23024124762444054,-0.02547738392493855,-0.007131429104791767,-0.00033320130822496024,-0.0003444718008152554,0.002989809989464236
2025/05/21 11:29:29.674988850,1747819769,672356046,piren,-0.2294109945139451,-0.13190745055291664,-0.06422917811715453,-0.00016075121928996145,0.001307038447340972,0.002792084266010966
2025/05/21 11:29:29.778680656,1747819769,772434289,piren,-0.22698295235433316,0.028059212990184292,0.013159899257714424,-0.0002526955658401362,0.00255543832489846,0.0024043829835184195
2025/05/21 11:29:29.884432166,1747819769,879841991,piren,-0.22520149569885306,0.12238976115900878,0.04971181614146287,-0.0011615517945249654,0.0030987938542077647,0.002358206751407377
2025/05/21 11:29:29.985988763,1747819769,982357791,piren,-0.2224303907099017,0.05227885567244326,0.020915730943822916,-0.0032203180832073353,0.0026105221561212866,0.0019328334636211733
2025/05/21 11:29:30.182075779,1747819770,178866847,piren,-0.21826275644987791,-0.09439752129622844,-0.038835618496498234,-0.001654144335564762,0.0005681604593903626,0.0007445166657169694
2025/05/21 11:29:30.279786805,1747819770,276294279,piren,-0.2158401028887709,-0.0709436524532937,-0.025650628486551405,0.00031953087475998764,-0.0011245324132897036,0.0011742269815313243
2025/05/21 11:29:30.403353011,1747819770,400674471,piren,-0.2115756031993197,-0.06950199550989805,-0.024008735363737984,0.0011182792591410587,-0.0031540216379865806,0.0007471291833801331
2025/05/21 11:29:30.504369319,1747819770,499280159,piren,-0.20966107417224705,-0.04396313579933188,-0.011864129689932959,0.0005286891490298592,-0.0036916820130793596,0.0
2025/05/21 11:29:30.598973802,1747819770,596055518,piren,-0.20964684832368088,-0.04325242650701612,-0.014446712251347358,0.002010651728913808,-0.0028974458167640624,0.0003653854397877965
2025/05/21 11:29:30.696155611,1747819770,693459918,piren,-0.2111055946858293,0.0870992450842221,0.040202496487063706,0.0015516869966355723,-0.002365452723531549,0.0
2025/05/21 11:29:30.795949679,1747819770,791267385,piren,-0.2125834107907056,0.05089373707577881,0.030546249191667967,0.003128767963825926,-0.00042649639495073895,-0.0015337791120789465
2025/05/21 11:29:30.986060043,1747819770,982622539,piren,-0.21380088285691207,0.12434966866216869,0.05384221290093827,0.002656909343326192,0.0017526529946230995,-0.0017461644599454287
2025/05/21 11:29:31.84642501,1747819771,80380037,piren,-0.21315972371823866,0.03719114411896766,0.021145543564064784,0.0018252305705127336,0.002601648899128041,-0.0037135991238647402
2025/05/21 11:29:31.182829711,1747819771,178437169,piren,-0.2153313500858168,0.01865616736162014,0.01353116290156853,-0.0001878554982332583,0.0026921701107980567,-0.0048294750681629394
2025/05/21 11:29:31.279772022,1747819771,276725581,piren,-0.21386766457928913,0.013105715857140104,0.010485451176236553,-0.001369724865691141,0.0024300300888565004,-0.005578522808715781
2025/05/21 11:29:31.377631673,1747819771,374093176,piren,-0.21504470994524338,-0.05877629891939928,-0.017940879459660032,-0.0024290581515507715,0.0012515859887689406,-0.007827516013332125
2025/05/21 11:29:31.478654523,1747819771,471489893,piren,-0.2161329375359507,-0.10966764448241936,-0.04003001142044622,-0.0014791626478048727,0.00034419808945490777,-0.007323805867899149
2025/05/21 11:29:31.574662933,1747819771,570055784,piren,-0.22122011278089496,-0.10076336237173822,-0.03698060981275209,-0.002742987648176372,-0.00033095332328921494,-0.008256748815082616
2025/05/21 11:29:31.670307840,1747819771,667764971,piren,-0.22199490575826528,-0.0764756742143314,-0.026953844139261076,-0.0010604109130006767,-0.0017043925120145732,-0.009704158531871024
2025/05/21 11:29:31.769917735,1747819771,766368518,piren,-0.21262020781604796,-0.0681431755767137,-0.02341077365295613,-0.0010157206180408693,-0.002966759836122019,-0.00997601248888013
2025/05/21 11:29:31.869722361,1747819771,865756812,piren,-0.206378878296749,-0.053351824237652654,-0.016666639431552794,-0.00022641974706385924,-0.003463796231711943,-0.00866579723082811
2025/05/21 11:29:31.967790725,1747819771,965268395,piren,-0.20213496122881364,-0.042863484594267455,-0.011658944258314851,-7.211721183045266e-06,-0.0028371611549347702,-0.008551964164609193
2025/05/21 11:29:32.66024071,1747819772,63422512,piren,-0.2022293959768792,-0.027919031660984823,-0.0034856053119557196,0.00041991039899618636,-0.0016705558574728924,-0.009086685461623285
2025/05/21 11:29:32.170365870,1747819772,161501044,piren,-0.199911728414618,-0.12998304900810176,-0.05175548719476183,0.0016419080785633358,-0.00010566171470181316,-0.008703456061063168
2025/05/21 11:29:32.263586782,1747819772,260785964,piren,-0.2003120208659569,-0.07629944116813368,-0.02857826318759429,0.0006386205941308749,0.0014448181007461554,-0.008370770854487673
2025/05/21 11:29:32.361555542,1747819772,358722585,piren,-0.20172475443551136,-0.018278723452343937,-0.0029020721567958223,0.002257226814176411,0.0028539457643326663,-0.008150658838296201
2025/05/21 11:29:32.458662538,1747819772,456390090,piren,-0.20174266706122837,-0.0015932910639518917,0.004044548239306661,0.0020660434559690638,0.003135456644030852,-0.00832763448058673
2025/05/21 11:29:32.558770462,1747819772,554770827,piren,-0.20087079434382613,0.12849795780662734,0.055644022381011,-0.0007920274891955946,0.00227947352833542,-0.007930965140694501
2025/05/21 11:29:32.659263232,1747819772,654301891,piren,-0.19487124626605873,0.11336089274477659,0.04770925629155809,0.0008878429824315275,0.0006462393329956344,-0.006617103484198111
2025/05/21 11:29:32.754516932,1747819772,752152823,piren,-0.19279596933793125,0.05458687559600819,0.028750303988752193,-6.484722670523042e-05,-0.0014293077084694557,0.0
2025/05/21 11:29:32.852992068,1747819772,850351634,piren,-0.19049763076942589,0.1336689731828161,0.06489887232551024,-0.000997890319309716,-0.002758052420707092,-0.009272572651685318
2025/05/21 11:29:32.951843961,1747819772,949172660,piren,-0.19181516453645936,0.17459660780578148,0.08376780678133544,-0.001956422621581064,-0.003585117094319144,0.0
2025/05/21 11:29:33.78831686,1747819773,74861201,piren,-0.18942948194369297,0.1974348249307902,0.0801561797366494,-0.002502687528556311,-0.002812559829666695,-0.0032565766072810125
2025/05/21 11:29:33.179472398,1747819773,176792306,piren,-0.19563591832657665,0.07577031798688465,0.03818818734170498,-0.0007539208364905232,-0.0005284634118205424,-0.00018052596292340197
2025/05/21 11:29:33.286010883,1747819773,276796711,piren,-0.1993280927091067,0.09629587086563947,0.03967229369404192,-0.0023435231083005813,0.001860585140987874,-0.00017302268613991387
2025/05/21 11:29:33.380315227,1747819773,376958164,piren,-0.20027196002748027,-0.02433130980042241,-0.007663981998883048,-0.000939984736895628,0.003717167106343298,-0.00019269486739577043
2025/05/21 11:29:33.479449568,1747819773,477093533,piren,-0.19983145800494703,-0.04056822874188199,-0.010844387018813047,-0.0008725670040947013,0.004702428536347346,-0.00026847904806248885
2025/05/21 11:29:33.581591696,1747819773,576898772,piren,-0.1987872782428061,-0.1834055635550102,-0.0733853365421858,0.0015576807217983406,0.004669062135396194,-0.00035539654459035676
2025/05/21 11:29:33.683292174,1747819773,676836551,piren,-0.19951232944315558,-0.17827953744633607,-0.08654262279382917,0.0023133035665339305,0.0036143345790329248,-0.0006354048632990556
2025/05/21 11:29:33.779173309,1747819773,776560129,piren,-0.20053295864972145,-0.02623883847012789,-0.013470902082186946,0.0018827858064714821,0.0018292906274144532,-0.0007859271536707893
2025/05/21 11:29:33.880013261,1747819773,877161447,piren,-0.20113822776058313,-0.03552056858802835,-0.01521438347312757,0.002535291196322761,-0.0005191670891464662,-0.0010089149572916221
2025/05/21 11:29:33.981218947,1747819773,977729669,piren,-0.19957271338439467,-0.04887200187648277,-0.022402599743874284,0.0026944825480635154,-0.0026232123148494588,-0.0012014852979797526
2025/05/21 11:29:34.80200043,1747819774,77650521,piren,-0.1988894592519088,0.05422459952701429,0.020950664427366004,-9.508818839971012e-05,-0.004015440370073423,-0.0015142463416489241
2025/05/21 11:29:34.183951424,1747819774,180334964,piren,-0.1991085563222335,-0.027410903286201403,-0.009127613619271589,-0.0004304843543814882,-0.004390487435373235,-0.0017311034359488232
2025/05/21 11:29:34.380453269,1747819774,377726591,piren,-0.19769649424304014,-0.05017443179667816,-0.016126873360666778,-0.00235653764701541,-0.0018824402021588398,-0.0014153553006373814
2025/05/21 11:29:34.482238385,1747819774,478983215,piren,-0.1965211012658209,-0.051511084791121646,-0.01307264839040693,-0.001995378747778816,-0.00013973770639964933,-0.0031133123942682656
2025/05/21 11:29:34.582005487,1747819774,579215258,piren,-0.1942796236854036,-0.1116679519947828,-0.040755760486726966,-0.0025079044972332568,0.0016782475234447178,-0.0031612080824617514
2025/05/21 11:29:34.686474432,1747819774,679430205,piren,-0.19343737955556717,-0.0766091634820882,-0.020928532154263376,-0.0025489791464428507,0.003341257041326685,-0.0037821312613419
2025/05/21 11:29:34.878515980,1747819774,876393001,piren,-0.19088977053555287,-0.1459991911460428,-0.06839135685525315,0.0013647817705947905,0.0031357871376558348,-0.002318175794542403
2025/05/21 11:29:34.978930402,1747819774,976535429,piren,-0.19053036798558176,0.021019095416081792,0.006965899187276194,-0.0004187698210703367,0.0020769175204119993,-0.0044955038305079685
2025/05/21 11:29:35.84159316,1747819775,76801517,piren,-0.18898194483611327,-0.07621407294181586,-0.03081412810749031,0.0021344533936765637,0.0004910384857542356,-0.004469869611732537
2025/05/21 11:29:35.181934038,1747819775,178689438,piren,-0.1902866464358911,-0.09426802949425085,-0.03923426811098369,0.0028600011269197044,-0.0008683670246395291,-0.005647587634908035
2025/05/21 11:29:35.316969078,1747819775,315005840,piren,-0.19090051389367874,-0.04549551746563149,-0.016193788114116734,0.0023525635156755645,-0.002757918960681858,-0.004021911306319993
2025/05/21 11:29:35.419491810,1747819775,416249956,piren,-0.19258689823245348,-0.007714509565811752,0.0017817993099893009,0.0018968207443012795,-0.0030167075424898343,0.0
2025/05/21 11:29:35.524501556,1747819775,519853979,piren,-0.19472477079097927,0.014221104281035967,0.012409708406648564,8.504861134236608e-05,-0.002737447830679915,-0.007197018666325997
2025/05/21 11:29:35.628946262,1747819775,624610151,piren,-0.19467697452242905,0.011652763279927043,0.013475355176358884,7.981708387290776e-05,-0.0012009255441630517,0.0
2025/05/21 11:29:35.730641982,1747819775,726592230,piren,-0.1947970695605474,0.15020283783369776,0.055733580294882526,-0.000829853398457325,-5.094790589112073e-05,-0.009794033001873695
2025/05/21 11:29:35.829150843,1747819775,826468993,piren,-0.19430573717752658,-0.014287598000288858,-0.005650194644073487,-0.0010197643559102998,0.0013920873869356855,0.0
2025/05/21 11:29:35.932009515,1747819775,928204899,piren,-0.1927863123146634,0.12007247586797912,0.04179603744665496,-0.0016735377272692573,0.0015917809804878733,-0.011434586437360913
2025/05/21 11:29:36.34130641,1747819776,30362520,piren,-0.19083972042120576,-0.04016036537053337,-0.018774201565777575,-0.0015022042706602803,0.0010159764593513727,0.0
2025/05/21 11:29:36.134178716,1747819776,130549049,piren,-0.18875106535834107,0.03471939669780128,0.01475681677176942,-0.0014258443249379976,0.0009395607497918529,-0.01288592946293187
2025/05/21 11:29:36.239891815,1747819776,231232299,piren,-0.18894308156319867,-0.09380782194575223,-0.03990447924794796,-0.0001614456644344285,0.0002006102094895487,0.0
2025/05/21 11:29:36.339630283,1747819776,336252484,piren,-0.18695121640285176,-0.012990645869162813,0.0015355374811164932,-0.0012877153071558874,-0.0005896713450472554,-0.013611839981593031
2025/05/21 11:29:36.538837035,1747819776,535242831,piren,-0.19541152228404635,-0.1039942779144628,-0.03147377595032535,-0.0004350410867683676,-0.0006282249790875128,-0.010789842853855548
2025/05/21 11:29:36.737011266,1747819776,733888720,piren,-0.19765171840828202,-0.1500575904103783,-0.04664420530567224,0.0012233246497817835,-0.0015463521354216014,-0.011575259339438296
2025/05/21 11:29:36.837527314,1747819776,834590813,piren,-0.19537469802014473,-0.17439378420427526,-0.07926884521978073,0.0024787592203490494,-0.0014841001953578045,0.0
2025/05/21 11:29:37.36935492,1747819777,34093003,piren,-0.1932724116090528,0.04159949440548359,0.025680833568910048,0.0014339253964313304,-0.0007401216438406809,-0.029071446239384412
2025/05/21 11:29:37.235263879,1747819777,232392020,piren,-0.19002431262583327,0.17218511451005228,0.09139877018419384,-0.0008993359389142918,0.0002911079781598533,-0.02826649303518522
2025/05/21 11:29:37.336463054,1747819777,334256877,piren,-0.18968949119189385,0.266887424608672,0.12322855442696705,0.00019441292869341135,0.0007938214482567532,-0.015118653064454365
2025/05/21 11:29:37.437922572,1747819777,434220437,piren,-0.18821303749939755,0.23053914974215742,0.09582724805178311,-0.0015916359147561288,0.0011804327809670147,0.0
2025/05/21 11:29:37.566266278,1747819777,563508820,piren,-0.18651225678260308,0.07901716545291759,0.04154527999972998,-0.001287382622442098,0.0014061480858482604,-0.013805665385419554
2025/05/21 11:29:37.667787604,1747819777,664419693,piren,-0.18428970025715047,0.04254147813884395,0.029321970742705178,0.0007801392179812344,0.0010704878638511533,-0.012052362889480564
2025/05/21 11:29:37.768999909,1747819777,765464193,piren,-0.18242893599589033,0.10727529045932113,0.050237244732375896,-0.00022973217804205258,0.0004887353498719306,-0.011802469278905584
2025/05/21 11:29:37.871477875,1747819777,866820841,piren,-0.18116440458441274,0.038729988141254376,0.02218636109509916,-0.0007771353022391546,-0.0006282455546515086,-0.011328913610059586
2025/05/21 11:29:37.971612290,1747819777,967962777,piren,-0.17637424745059702,0.006756978462729207,0.008276301355369664,-6.90057846665587e-05,-0.001510689255130222,-0.010081936304427323
2025/05/21 11:29:38.72947234,1747819778,68674641,piren,-0.17823461837263946,-0.13521191990219317,-0.06312087325871718,0.0025331104473844995,-0.001593929483229127,-0.00970378907593123
2025/05/21 11:29:38.177394222,1747819778,171417289,piren,-0.1804866654533475,-0.012171985684222853,-0.004147573235048203,0.00027871896166796944,-0.0013902692660957554,-0.009625230677667615
2025/05/21 11:29:38.278380005,1747819778,275343565,piren,-0.18207420474589472,-0.13400252340861973,-0.06706228929572691,0.0019346615517873997,-0.0008259436728105694,-0.009227236014123516
2025/05/21 11:29:38.380194271,1747819778,377181599,piren,-0.18373504965071213,0.009002549434567504,0.0006217681703456412,-7.184403107032178e-05,-7.57105739485651e-05,-0.009126015578476093
2025/05/21 11:29:38.482819145,1747819778,479429311,piren,-0.18634731756727282,-0.1105580572318081,-0.05727817084858512,0.0012311549934024143,0.0006997638212092837,-0.01066944191120853
2025/05/21 11:29:38.588099487,1747819778,581205119,piren,-0.1875026193598167,0.03426447601704946,0.00895195214479737,-0.0010050375286852218,0.0016789930204781556,-0.00817127125281279
2025/05/21 11:29:38.688096187,1747819778,684708144,piren,-0.19136487133134908,-0.08811864544682098,-0.04702873504814567,0.0003176380718889271,0.001980778503676,-0.008149302070196884
2025/05/21 11:29:38.793375249,1747819778,786525914,piren,-0.18932463256924256,0.05718022884040209,0.02016692707917809,-0.0018038963451601031,0.0014472271426873979,-0.008207573251333582
2025/05/21 11:29:38.992398407,1747819778,987046413,piren,-0.18585706977171387,0.044019996141007385,0.018183989456444387,-0.00176410065236739,-0.00011676948140092905,-0.004273454839603067
2025/05/21 11:29:39.193559337,1747819779,187620865,piren,-0.18292442803513645,0.029046953248233878,0.013807697759885237,-0.0009747103134694445,-0.0011834711700947213,-0.003777198518968269
2025/05/21 11:29:39.391429407,1747819779,388880579,piren,-0.18138203987477933,0.015561472557373487,0.008642461478294106,-4.554564727764835e-06,-0.00012289434812177082,-0.0041133739342249535
2025/05/21 11:29:39.595326096,1747819779,589370518,piren,-0.18299686503813434,0.005711685563114007,0.003952275253789247,0.0004587685756289999,8.599977801099359e-05,-0.008963816984962672
2025/05/21 11:29:39.697188902,1747819779,694103407,piren,-0.18562527332976114,-0.00012974066307049439,0.0006042816666018522,0.00182889994624716,0.00019494932213952326,-0.007938407342192113
2025/05/21 11:29:39.826841206,1747819779,823627017,piren,-0.18678084609467605,-0.021104404129756813,-0.009252271262097912,8.718418283176856e-05,0.00035727131517365187,0.0
2025/05/21 11:29:39.927989573,1747819779,925169992,piren,-0.18736221715684556,-0.013731606404901812,-0.007034985020328333,0.001157261751883043,0.00036340815503619445,-0.0076710306292467985
2025/05/21 11:29:40.30451434,1747819780,26438657,piren,-0.18620758907091448,-0.02569453699693928,-0.01320223863582831,-0.0008006878634920314,0.00028978858791116617,0.0
2025/05/21 11:29:40.132562288,1747819780,128997585,piren,-0.1860466438281973,-0.012463930187440932,-0.008233550219097274,0.00015589699579058927,0.00014490656110622654,-0.008021938797889698
2025/05/21 11:29:40.233696441,1747819780,231123856,piren,-0.18471842781637218,-0.0180881457075635,-0.012761988448228121,-0.00012442895314573074,-5.8949606662403026e-05,0.0
2025/05/21 11:29:40.436691247,1747819780,431276605,piren,-0.18231711111382043,0.09731647523869799,0.03479510167746676,-0.0015102655430531665,-0.00018620499868578528,-0.013183420115360257
2025/05/21 11:29:40.536043588,1747819780,533269946,piren,-0.18236339431848161,0.08807974388124262,0.026063766381685453,-0.002681906791835905,-9.183583474194961e-05,-0.007967309562863088
2025/05/21 11:29:40.735880558,1747819780,733427886,piren,-0.18199401516096325,-0.037105858267954255,-0.02305653319586365,-0.00012818375339494913,8.819540308845127e-05,-0.0050986378889839555
2025/05/21 11:29:40.936830872,1747819780,934468404,piren,-0.18092452793213498,-0.03326643940148878,-0.017312269356418743,0.0003756814157062327,8.96224071428197e-05,-0.004973759790911693
2025/05/21 11:29:41.138877298,1747819781,135346981,piren,-0.18058302929018172,-0.13910963605868107,-0.058837727685921985,-0.0008616137916805188,-0.00035451926082044177,-0.0051969299972318885
2025/05/21 11:29:41.339074454,1747819781,336340506,piren,-0.17866008095362326,-0.15993684797675492,-0.07677800036554383,0.00041310104975823787,-0.0005133589019470599,-0.0050481294196885644
2025/05/21 11:29:41.542448359,1747819781,536874548,piren,-0.1780425750735451,-0.04698668216165545,-0.02285597512825935,-0.00032776272241800204,-0.00020632100305686656,-0.005207259657021322
2025/05/21 11:29:41.740938083,1747819781,738174569,piren,-0.17753046918806992,-0.059338649678203584,-0.0316218860461055,-0.0014928353513760356,0.00018308949890257775,-0.005480345129402942
2025/05/21 11:29:41.942455009,1747819781,938460641,piren,-0.17655699930669064,0.038294012149529114,0.011249753909705177,-0.0011166567831541385,0.0002875694278469057,-0.0052240919436532755
2025/05/21 11:29:42.76083813,1747819782,71604575,piren,-0.17498740258621218,0.09379454442264994,0.0355678637007911,-0.0010465623318123196,0.00020485029065080208,-0.006484478954860095
2025/05/21 11:29:42.178645493,1747819782,175498059,piren,-0.17449598643346004,0.12869470852465956,0.04883622761679804,0.0007166491073451377,1.6523040469272675e-05,-0.008256297561751563
2025/05/21 11:29:42.282642794,1747819782,279540398,piren,-0.17331070464293796,0.1192324083580821,0.053961105853902604,0.0010699783882948657,-0.00017968409079370206,-0.006932933162633895
2025/05/21 11:29:42.391830731,1747819782,383604441,piren,-0.1723693611193387,0.230108235336954,0.09477031039374192,5.0910289082543485e-05,-0.0002827799634384683,-0.006276221053649981
2025/05/21 11:29:42.493228130,1747819782,487956423,piren,-0.17309370819095843,0.21711622044040152,0.0818636424506272,0.0016027816950233485,-0.0003571038036415293,-0.007758170079371706
2025/05/21 11:29:42.694418744,1747819782,690830091,piren,-0.1741123010902353,0.11984154758963642,0.04577415729101228,0.00046577755496035426,-0.00017099848933152642,-0.0077116763615363605
2025/05/21 11:29:42.897487257,1747819782,893851495,piren,-0.17248910397997883,0.08962834314816821,0.030069550128213614,-0.00032754053194440587,0.000406534580805954,-0.003666574231532733
2025/05/21 11:29:43.98690595,1747819783,96234003,piren,-0.1711624898039455,0.025734578038782596,0.0012683417177581275,-0.002170547705141591,0.0010516801272634024,-0.0037893702879490524
2025/05/21 11:29:43.302830944,1747819783,299085980,piren,-0.17113603796337787,-0.1226140817845384,-0.057148444484984975,-0.0010924422695474227,0.0011426286722073288,-0.00854919706785887
2025/05/21 11:29:43.406082600,1747819783,403349937,piren,-0.17162565818032297,-0.17967195582777845,-0.08821012479676975,-0.0007916210152006913,0.0009057575099144855,-0.007880289212109742
2025/05/21 11:29:43.511542967,1747819783,507218640,piren,-0.17094546925981868,-0.1284125795683901,-0.05686264735319187,-0.0015532839851725025,0.0006779628718623187,0.0
2025/05/21 11:29:43.615876140,1747819783,610497774,piren,-0.16979142790594434,-0.176391357130918,-0.10226309085846991,-0.0001076083038986301,0.0003072357214041306,-0.008104300365319787
2025/05/21 11:29:43.718862529,1747819783,714686266,piren,-0.16942237148545858,0.02126534986202306,-0.006908303552016858,0.001419102619133286,-1.4441987283169992e-05,0.0
2025/05/21 11:29:43.821585220,1747819783,817730114,piren,-0.1685377228045585,0.13616977953355408,0.04218623450574942,0.0006145625415523968,-0.0002027010740866143,-0.00816169110433247
2025/05/21 11:29:43.926200095,1747819783,921980735,piren,-0.16798979770040168,0.11812232554816063,0.04026072504094423,0.000858303458203186,-0.00019975026331114416,0.0
2025/05/21 11:29:44.28926387,1747819784,25829299,piren,-0.16729080260648158,0.12703044160521426,0.04322360957504428,0.000507867148935996,-0.0001518418283241365,-0.008402515382721016
2025/05/21 11:29:44.132135655,1747819784,128909079,piren,-0.16644318659899038,0.08284161594430656,0.021686134770811327,-0.0007831222109862986,2.3019993369289517e-05,0.0
2025/05/21 11:29:44.234918292,1747819784,232194793,piren,-0.1650174009987728,-0.0544806901266502,-0.03289352673684323,-0.00010309394389401085,0.00019939316247999394,-0.008584580352103114
2025/05/21 11:29:44.341062108,1747819784,336696000,piren,-0.16443471559228084,-0.026548866327122285,-0.018561212704151665,-0.000521975647904559,0.00046262834239631603,0.0
2025/05/21 11:29:44.471944304,1747819784,468556154,piren,-0.162615338428297,-0.031109171237450516,-0.021977849886184758,0.00034002197869878594,0.0005515716024834371,-0.015587619795730397
2025/05/21 11:29:44.577935524,1747819784,573708505,piren,-0.16177815199186324,0.09704731611603284,0.033572289147278694,-0.0010635160648321722,0.0005293111325252794,-0.00827378658006716
2025/05/21 11:29:44.680280386,1747819784,677455750,piren,-0.16073323438668286,0.10982407490280884,0.029907351297105318,-0.0013974424434683242,0.0003316126257731972,-0.008548671517456691
2025/05/21 11:29:44.884833123,1747819784,882408743,piren,-0.15682271955542415,-0.14354922341859208,-0.08403420496843235,-0.0009906202931604497,-0.0003196111984157516,-0.00470039483629525
2025/05/21 11:29:44.994487217,1747819784,986851836,piren,-0.15474787863478284,0.04199581330526512,0.0070302061402533885,0.0007564928916592752,-0.000985315575016992,-0.009290644228036025
2025/05/21 11:29:45.196930260,1747819785,193230978,piren,-0.15095293825976275,0.1414016205622894,0.048343906219787174,0.00046483237429546386,-0.0007698031486076795,-0.005966035725379532
2025/05/21 11:29:45.402076372,1747819785,398563956,piren,-0.1501891387348211,0.08010832614982277,0.029411521386665324,-6.580613035506795e-05,-0.001515683739413881,-0.013303372691151626
2025/05/21 11:29:45.506364812,1747819785,502885310,piren,-0.1513397641867471,0.05590036308195539,0.018090844658695468,0.0012601028269056075,-0.001319658742764858,-0.013522874370373602
2025/05/21 11:29:45.610220636,1747819785,606271234,piren,-0.15273372151593217,-0.09471746596386466,-0.04914642561772614,0.0031495088543743296,-0.0020952951201019076,0.0
2025/05/21 11:29:45.713735176,1747819785,709989573,piren,-0.152800846467361,0.027529510616829254,0.008187687832325157,-0.00031370869717011005,-0.0011926784484780609,-0.013255759174625343
2025/05/21 11:29:45.818037449,1747819785,813653204,piren,-0.15217816174758536,0.02687432406427979,0.008512100641671221,-0.0006293613030485123,-6.602600107005674e-05,0.0
2025/05/21 11:29:45.927976912,1747819785,918352290,piren,-0.15078044161920184,-0.09442522951445732,-0.04849144511580101,0.0018895629920429485,0.0006704369539473316,-0.013350107105842309
2025/05/21 11:29:46.25953352,1747819786,23292287,piren,-0.149755670817619,0.03125416451310328,0.009000582428234559,-0.0017299521582116544,0.001375817369846854,0.0
2025/05/21 11:29:46.130774448,1747819786,127701567,piren,-0.14833154399948997,0.02962859985744791,0.009733785385105491,-0.0009470640642416026,0.0015649895690753378,-0.013500013749568522
2025/05/21 11:29:46.234120173,1747819786,231385900,piren,-0.14684173622317415,0.011479173742545479,0.0027309285448891855,-0.001111082245821619,0.0014420212665110545,0.0
2025/05/21 11:29:46.338950244,1747819786,336199526,piren,-0.14438497067712408,-0.0009962855404058672,-0.0026582584870420336,-0.0004842229658215521,0.0006362106828870376,-0.013554802566794793
2025/05/21 11:29:46.444029975,1747819786,441426022,piren,-0.14346767713765085,0.10703754215906926,0.03767721198525718,-0.0018859651929459434,-0.00032280519513251053,0.0
2025/05/21 11:29:46.547865030,1747819786,545228316,piren,-0.14168424258214193,0.05085290614302302,0.01874626247844252,0.000937099986657989,-0.0008883927844477318,-0.02473495487388567
2025/05/21 11:29:46.679637905,1747819786,677140267,piren,-0.14245829959427328,0.1242835323565942,0.036221843296706906,-0.0013324717754926428,-0.001198970231701795,-0.012355993526850786
2025/05/21 11:29:46.787531616,1747819786,781207770,piren,-0.14277361743273373,-0.038399907398552764,-0.02866741923234491,0.0024402415853000885,-0.0012812996579043491,-0.012438489013666964
2025/05/21 11:29:46.890506943,1747819786,886638847,piren,-0.1420119021411875,0.05904357044529684,0.017884939085004103,0.0014477189221766896,-0.0008416153173455896,-0.012260506480237203
2025/05/21 11:29:47.96252277,1747819787,93489678,piren,-0.14311309192891478,0.12127126167306762,0.04243100552701926,0.0034811895013411717,0.00027547947300059987,-0.014935105420732552
2025/05/21 11:29:47.204187352,1747819787,198537017,piren,-0.1446028780636434,0.08230741017694267,0.02913866522343819,0.0005137109973407008,0.0008309007873275035,-0.013223747678565698
2025/05/21 11:29:47.308040373,1747819787,303808569,piren,-0.1441824055334102,0.07478938317127767,0.019687705331985134,-0.0008142834408130588,0.001065502363985434,0.0
2025/05/21 11:29:47.413032316,1747819787,410261983,piren,-0.14219051802348973,-0.09444818132485852,-0.042434426414962825,-0.0010811807872965857,0.0010655195140267348,-0.013249475172521412
2025/05/21 11:29:47.517928837,1747819787,515117649,piren,-0.13880896415939806,-0.18753799428234616,-0.09183911246875352,-0.0009530216887628654,0.000844401796475027,0.0
2025/05/21 11:29:47.626075300,1747819787,620387596,piren,-0.13494179983833363,-0.10591663556598638,-0.05973728067450137,0.00016355790882254778,0.00034593533036666877,-0.012967963649651042
2025/05/21 11:29:47.730004153,1747819787,725924567,piren,-0.13302179207365533,0.031122074743940846,0.0009428026524611323,-0.002224200175868633,-0.00012134052157874887,0.0
2025/05/21 11:29:47.834159568,1747819787,831490092,piren,-0.13035310217543497,-0.09400950705063241,-0.044693073122691766,-0.0022711704211477346,-0.0005533766056970558,-0.012364195440469187
2025/05/21 11:29:47.939584225,1747819787,936197825,piren,-0.127644394488741,-0.15427734968980006,-0.07719690669946676,-0.0008519169804473848,-0.0008284179428468575,0.0
2025/05/21 11:29:48.147828929,1747819788,144262223,piren,-0.12507952420288215,-0.061638838411236206,-0.03247259906340906,-0.0004906327062659217,-0.00017219394087947541,-0.02263415732752334
2025/05/21 11:29:48.252342867,1747819788,249872036,piren,-0.12706366858376372,-0.04868161187854188,-0.0284478745160222,0.000544309067622354,0.00039445016214023165,-0.020990970885921962
2025/05/21 11:29:48.357853422,1747819788,354344950,piren,-0.1276770425061082,0.026917163196336035,0.004863154770203675,0.0006862714377432091,0.0009274380336717521,0.0
2025/05/21 11:29:48.466966602,1747819788,459242303,piren,-0.1272308656908715,0.08106217959018458,0.022361779587844275,0.0009703745324553794,0.001358529036975637,-0.0218152053800482
2025/05/21 11:29:48.568139130,1747819788,565152693,piren,-0.12622797429483296,-0.008408518271288112,-0.014513709286136373,0.0015282670920698112,0.0015085082843087122,-0.010833474099542361
2025/05/21 11:29:48.674404209,1747819788,670380231,piren,-0.12491463520051796,0.13410904573755453,0.037819516696641645,0.0002021095296171708,0.0013166605056761259,-0.010760004714399187
2025/05/21 11:29:48.782855611,1747819788,778997262,piren,-0.1239625862184876,0.04801924884338842,0.007363598189041423,0.0013225651795232669,0.0009069415774521259,-0.012816027934186935
2025/05/21 11:29:48.889551855,1747819788,885652713,piren,-0.121942130864293,0.06311891496402491,0.01981337111357049,0.0004324777253125613,-1.849935125639938e-05,-0.010620218236967047
2025/05/21 11:29:49.140052122,1747819789,137132299,piren,-0.11657761323269744,0.1863700634931587,0.06406018857947114,-0.0008893140184194138,-0.0007647340395536026,-0.006331336344155985
2025/05/21 11:29:49.347419820,1747819789,343986923,piren,-0.11462123517228343,0.1186231645340007,0.046349323224514294,0.0005095764963974385,-0.0004021066898231188,-0.008702621986224467
2025/05/21 11:29:49.456107809,1747819789,450112221,piren,-0.11310946757666843,0.17545292240489707,0.07000444719609025,-0.0010758640823348036,4.86721412387639e-05,0.0
2025/05/21 11:29:49.565677027,1747819789,561419583,piren,-0.11067539580584018,0.18448930298520538,0.053492173104137966,-0.0008431954490381033,0.00047250130053095603,-0.02112202807970091
2025/05/21 11:29:49.670832747,1747819789,667202751,piren,-0.1087052503137751,-0.01725272970137981,-0.018866519742909066,0.0007555868109028124,0.0007777628404790398,-0.011756754968705537
2025/05/21 11:29:49.777413879,1747819789,773112611,piren,-0.10711283052234591,-0.1317100115930613,-0.07885205710294696,0.0015275330848573824,0.0009505582218570818,-0.011846059447187182
2025/05/21 11:29:49.892409833,1747819789,879927311,piren,-0.10678053999554753,0.01839342176524983,-0.007561261085441326,-0.00013566354484283605,0.0009150632263818159,-0.014336491815469272
2025/05/21 11:29:49.988958447,1747819789,985795145,piren,-0.10548164785738029,-0.09186195366821434,-0.05722853689177213,0.002738560961953736,3.764509757874204e-05,-0.011849005328850986
2025/05/21 11:29:50.199680168,1747819790,196756199,piren,-0.10366770488531926,0.03556925692324674,0.005824457441425059,0.0018938964819570562,-0.001468732863364793,-0.014311972662959591
2025/05/21 11:29:50.309493916,1747819790,304197522,piren,-0.10401677488034339,0.13696239232967358,0.039076877654277836,-0.0017598452895103316,-0.0018632547359035956,-0.013692076465552643
2025/05/21 11:29:50.416625729,1747819790,412854269,piren,-0.1038495009742241,-0.008599701019183595,-0.013594747164138376,0.001047753631553762,-0.001785945392726252,0.0
2025/05/21 11:29:50.523714582,1747819790,520741448,piren,-0.10275915914892832,0.09906870755979343,0.02702609139775793,-0.002459266124260121,-0.0013884441931291765,-0.014812370836192173
2025/05/21 11:29:50.631446754,1747819790,627862584,piren,-0.10124592581749646,-0.04001195819380009,-0.02175790915500519,-0.001183129369109594,-0.00043278862986777966,0.0
2025/05/21 11:29:50.842010784,1747819790,838583646,piren,-0.098205542777179,-0.1414263740801604,-0.05782793601644206,-0.0007467530528695084,0.0008210546344658012,-0.02755248763753375
2025/05/21 11:29:51.52832728,1747819791,50060557,piren,-0.09908991041282758,-0.17874825382811,-0.07163418916866346,8.438461657658005e-05,0.0012749667026092381,-0.028040324212844633
2025/05/21 11:29:51.163855949,1747819791,158551697,piren,-0.10262022019911836,-0.15806748999519799,-0.08937271400484871,0.0006410420543149425,0.0009195779480933331,-0.02945961242227827
2025/05/21 11:29:51.273017868,1747819791,269856954,piren,-0.10304031958472074,0.09377798914889147,0.02116319969411078,0.0006372590772177636,0.0003581863237591342,-0.01779942671727799
2025/05/21 11:29:51.413056616,1747819791,409381949,piren,-0.10199938452342584,0.010749513817299763,-0.006828410160834655,0.002555846101001232,-0.0006049932868464672,-0.011522690392877115
2025/05/21 11:29:51.521707259,1747819791,516797766,piren,-0.10298213525289102,0.1799465421162435,0.054026522360891505,-0.0006712357608084767,-0.0009962308234218954,0.0
2025/05/21 11:29:51.628439754,1747819791,625050430,piren,-0.10271664204303559,0.07062308178398286,0.024263472844110682,0.0022544015834876498,-0.0012687362092445465,-0.016392407293789667
2025/05/21 11:29:51.735370629,1747819791,732382888,piren,-0.10058204333022486,0.20278837272754607,0.06366357350991347,-0.0012610076557957358,-0.001250427806632234,0.0
2025/05/21 11:29:51.845854059,1747819791,840308603,piren,-0.09803476885365814,0.061864885706235044,0.012989426876669274,-0.0004370357162908978,-0.0006512659278646899,-0.016901174652874364
2025/05/21 11:29:51.952075241,1747819791,949053171,piren,-0.098296694791185,-0.047450628332039876,-0.030169428499056416,3.480492678331921e-05,-3.6326211774251006e-05,0.0
2025/05/21 11:29:52.61031026,1747819792,57616060,piren,-0.09724803963210776,0.014022965594510139,8.22042068921165e-05,-0.0005471651360965411,0.000591351330765471,-0.029090286504540278
2025/05/21 11:29:52.168142719,1747819792,165306437,piren,-0.09740782001327061,0.16286439384733759,0.058898828736288884,-0.0007001927553310738,0.0019462491033534666,-0.015378830073922472
2025/05/21 11:29:52.276934095,1747819792,273696682,piren,-0.10341122579841723,0.12584737925267644,0.049982901520020384,0.0002387382483835151,0.003262373480046146,-0.016806943163960367
2025/05/21 11:29:52.385504954,1747819792,382897043,piren,-0.10350222112892116,0.152817110675552,0.05471620205066691,-0.0009976790343891471,0.0025371455268961706,-0.017771193296904488
2025/05/21 11:29:52.600826976,1747819792,596888938,piren,-0.09846389329425226,0.07728402711427292,0.025072204375201253,-0.0005617184413767857,-0.0012595450145842714,-0.020104280341293763
2025/05/21 11:29:52.712119753,1747819792,706622593,piren,-0.09740381876781518,0.05268755507353286,0.011116697840984305,0.0011934788837413212,-0.0027493457135451256,-0.018640696175865036
2025/05/21 11:29:52.819099575,1747819792,815813554,piren,-0.09682087050587423,-0.07167831686383386,-0.04071046443522921,0.0012101469770553939,-0.003106068012414887,0.0
2025/05/21 11:29:52.927936837,1747819792,924870307,piren,-0.09587653970949994,-0.05437199708930409,-0.03495469209775785,-0.0002985161574629463,-0.002666238988636414,-0.018858336120541944
2025/05/21 11:29:53.36238697,1747819793,33262318,piren,-0.09453293988694542,0.028372029282137792,0.0010369954145175201,0.0015301274876136938,-0.002673603899713816,0.0
2025/05/21 11:29:53.145396753,1747819793,141662993,piren,-0.09218687733201203,-0.010856111522179,-0.015400971073993696,0.0002819259434881044,-1.98602635327195e-05,-0.017036338733528337
2025/05/21 11:29:53.358649039,1747819793,355031207,piren,-0.09262963503763179,0.12458162612975981,0.0294254793949744,-0.0007970384487886847,0.0028982504860821873,-0.011849844824046728
2025/05/21 11:29:53.467146129,1747819793,464563229,piren,-0.0940361839946666,-0.03008631019907113,-0.03017249833611826,-0.0006561170120034012,0.003460518831219884,-0.015183987582406838
2025/05/21 11:29:53.576671485,1747819793,573736346,piren,-0.09166981214356498,0.002492883748418979,-0.013812011277973709,-0.0010909847622296396,0.003272441723823741,-0.01530599889269341
2025/05/21 11:29:53.686538090,1747819793,682426091,piren,-0.08963954337117494,-0.10003387348316933,-0.05735870491241909,-0.0008765579483248177,0.002187527839502717,-0.015256496970264592
2025/05/21 11:29:53.795959798,1747819793,793366441,piren,-0.08702624931240942,-0.06783580596840016,-0.04741331506585594,0.0007750640373795195,0.0001064310149304459,-0.014809079449610614
2025/05/21 11:29:53.932696721,1747819793,929751999,piren,-0.08671190294462705,0.06883059034238354,0.018069611412113582,0.000788431856175622,-0.0012802292255712886,-0.01627963155156523
2025/05/21 11:29:54.43781206,1747819794,40323237,piren,-0.08758177294457428,0.18627047607843467,0.051293553659532545,-0.0016971455510639854,-0.0024407726424000896,0.0
2025/05/21 11:29:54.151909105,1747819794,149467675,piren,-0.08795981731920577,0.042898609055669105,0.002283485894206744,0.0009160683176682518,-0.002377735536998872,-0.029349501533011833
2025/05/21 11:29:54.261782013,1747819794,259232935,piren,-0.08913316628161568,0.038675132528215354,0.004070024031306184,0.0003869930982103628,-0.0017746668150851756,-0.014360589016583354
2025/05/21 11:29:54.371785092,1747819794,368455894,piren,-0.08990502695394924,0.033668461881982234,0.004450127763326203,0.0016499138782417272,-0.0011461640694867296,-0.014091304944926195
2025/05/21 11:29:54.481956307,1747819794,478994668,piren,-0.08641276906295878,0.045061821906517585,0.009734940498605443,-0.0006784308739858599,-3.571889872735405e-06,-0.013555953604166242
2025/05/21 11:29:54.592481042,1747819794,589162439,piren,-0.08644399985567146,0.013707271033163954,-0.002741950994358031,0.0008083473613083086,0.0016124057343463588,-0.013854693419894223
2025/05/21 11:29:54.703057858,1747819794,699857452,piren,-0.08698037803133123,0.01721307033771207,-0.0005771026735564447,0.0004024486412174092,0.0021600064836721188,-0.016172283698531402
2025/05/21 11:29:54.813004726,1747819794,808906204,piren,-0.08745178954159735,0.14484591521611426,0.03733269206909883,-0.0008969914903211249,0.002187651892429322,0.0
2025/05/21 11:29:54.924221567,1747819794,918998147,piren,-0.08599495210542589,-0.009462533336979637,-0.021812912692429215,0.00012660690537325708,0.0017098170104821841,-0.014592805332951783
2025/05/21 11:29:55.32746396,1747819795,29348655,piren,-0.083960401436202,0.11755337860337495,0.027534155066245413,-0.00032966771880682267,0.0008113663369765388,0.0
2025/05/21 11:29:55.142220992,1747819795,139455675,piren,-0.0807379164351874,0.02915038079278529,-0.0034261670593316146,-5.394103286756301e-05,-0.0007775918489700527,-0.013973604588612784
2025/05/21 11:29:55.360923386,1747819795,357080529,piren,-0.07945749826191142,0.012332597427137184,-0.007184827668649952,0.0003472565244069795,-0.0019846951672361376,-0.010155296453050223
2025/05/21 11:29:55.471140546,1747819795,467449867,piren,-0.08125562461349495,-0.017877103951828517,-0.01771315457789876,0.00024312013005826585,-0.0019043303617756098,-0.012182249358161892
2025/05/21 11:29:55.581201683,1747819795,578314939,piren,-0.08063729571250858,-0.006268386168126069,-0.01127183226875523,0.000746293297784127,-0.001447252276366988,-0.012028792872561374
2025/05/21 11:29:55.693013918,1747819795,687903808,piren,-0.07985612839672784,0.0023762359903138734,-0.006975710875255046,0.001730789697372837,-0.00022416931476370902,-0.011759340613569572
2025/05/21 11:29:55.904665121,1747819795,902430269,piren,-0.07990443518104111,0.11988356350408456,0.046122629473958045,0.0018976628486222964,0.0013326540960102026,-0.012974607146097784
2025/05/21 11:29:56.14780157,1747819796,11770576,piren,-0.08131781829657617,0.1886932448364456,0.0682892004439956,0.0003126433811620686,0.0015941625524893558,-0.01368722514870363
2025/05/21 11:29:56.123086255,1747819796,119851910,piren,-0.08097160496626547,0.14841913893024705,0.043563231957103196,-0.00031304986033471263,0.001445190998453075,0.0
2025/05/21 11:29:56.259556095,1747819796,256730164,piren,-0.07890704028630519,0.009482539623944686,-0.009177193587914693,-0.001467532096336675,0.00048689192613120784,-0.011660866160063116
2025/05/21 11:29:56.370181118,1747819796,365921164,piren,-0.0767324339240449,-0.11542167598814783,-0.06424971818987876,-0.000739631532761311,-0.0002672820893955106,-0.010497825991704412
2025/05/21 11:29:56.479235454,1747819796,476581479,piren,-0.0758064423392562,-0.07080310458103377,-0.03695522766650573,-0.0009483313688849399,-0.0009306232423846734,-0.01040935000256173
2025/05/21 11:29:56.590956994,1747819796,586688849,piren,-0.0744555336842137,-0.15585105619065787,-0.0743627866786112,-0.001278007064231176,-0.0014465907335598647,-0.010018811027916592
2025/05/21 11:29:56.832303809,1747819796,822178936,piren,-0.07394665822150953,-0.12721967129454595,-0.05727473912686834,-0.0011866285054383066,-0.0009923813024793069,-0.010611501541687399
2025/05/21 11:29:56.948735674,1747819796,945993442,piren,-0.07486424332942593,-0.1320759613653046,-0.06762402711071105,0.0010060084992827144,-4.886520424759563e-05,-0.010003243883214871
2025/05/21 11:29:57.60339709,1747819797,55865903,piren,-0.07612981172530749,-0.03000318146215368,-0.022872072723915605,-0.00027701461837741336,0.000596329124239984,0.0
2025/05/21 11:29:57.168253832,1747819797,165669737,piren,-0.07623907330849479,0.0594952309252934,0.016247193631186197,0.0012768170811982271,0.0010828361805380422,-0.01719673082018724
2025/05/21 11:29:57.279687424,1747819797,276168552,piren,-0.0758654472838556,0.09461371737294823,0.032654545871432454,-0.00018469935823883763,0.001324592773839428,-0.008582967725526731
2025/05/21 11:29:57.389384502,1747819797,385636930,piren,-0.07586091363469703,0.1323863009921887,0.03902417325034687,-0.0005091771702491673,0.0011526897712263546,-0.008318185251000627
2025/05/21 11:29:57.605111464,1747819797,602062712,piren,-0.07473539916296636,0.01885074249794494,-0.005251588397086915,-0.0009673757137977976,0.000103424434586397,-0.009018534999269613
2025/05/21 11:29:57.715737020,1747819797,711900995,piren,-0.07462898996302218,-0.04893798556712958,-0.039176980610906145,0.0005822218036372661,-0.0004974325341334051,-0.00855588462743032
2025/05/21 11:29:57.827522015,1747819797,821656161,piren,-0.07408833541953534,0.12758502595074211,0.028982259204406027,-0.0013508855971153446,-0.000933084090938713,0.0
2025/05/21 11:29:57.935392984,1747819797,932767264,piren,-0.07331799528977308,0.011594085744885857,-0.011665028821320535,0.00014345279592484634,-0.0011562250659550306,-0.009158850947240647
2025/05/21 11:29:58.152344594,1747819798,148269730,piren,-0.07211396786300435,0.037610361145879234,0.0036934200425977884,0.00035479722762906036,-0.0005815449686408713,-0.0054814479311139
2025/05/21 11:29:58.264799947,1747819798,258090135,piren,-0.07235248060672034,0.05315337284899932,0.013781748118117493,-0.0008927505740558303,-7.15796795157332e-05,0.0
2025/05/21 11:29:58.372996284,1747819798,367487043,piren,-0.07197647123467554,0.0806245183136795,0.02628064903373608,0.0008047775403488771,0.00043135549062515624,-0.013820927266322934
2025/05/21 11:29:58.482774051,1747819798,478430468,piren,-0.07138503447003026,0.07106926945889984,0.028123139059521733,0.0012488027799608845,0.0009087790602285668,-0.00647763293888753
2025/05/21 11:29:58.698836488,1747819798,695034672,piren,-0.07015317858106354,0.17535342322821365,0.07482250797204001,0.0013849948228167447,0.001067176252165342,-0.003781928294447081
2025/05/21 11:29:58.842336051,1747819798,833475012,piren,-0.07061365653426276,0.24005666009281237,0.07147630777533275,-0.000441249047366053,0.0005323359744589178,0.0
2025/05/21 11:29:58.949031075,1747819798,946035668,piren,-0.0702448681051216,0.029522992151818903,-0.0024305688069539188,0.0008937623204092107,-0.00044915400629047444,-0.006710134508446632
2025/05/21 11:29:59.60434716,1747819799,56904069,piren,-0.06980238325702623,-0.005650710045502781,-0.013902990981836031,-0.0007634742499748909,-0.0009700582952608394,0.0
2025/05/21 11:29:59.170953248,1747819799,167632230,piren,-0.06903486054234198,-0.007017932794912139,-0.012036141515828718,0.0005206261103060473,-0.0012471815259548012,-0.01143715950696742
2025/05/21 11:29:59.284968120,1747819799,278902831,piren,-0.06897648516467483,-0.025497986662463626,-0.018357789736362738,-0.001130116738605051,-0.0008701689410386857,-0.0052957465580779585
2025/05/21 11:29:59.393595683,1747819799,389425763,piren,-0.0716084564099401,-0.01252618327297416,-0.011048770542456038,-0.0013706078197360375,-0.00040864645105204747,-0.005443599977159881
2025/05/21 11:29:59.504409928,1747819799,500580967,piren,-0.07012802121611973,-0.11310182399024636,-0.06566100278016837,0.0003793539526556791,9.871273841902886e-05,-0.006364889281102511
2025/05/21 11:29:59.613236166,1747819799,610552378,piren,-0.06927479723771093,0.04409030839275026,0.003503595394406698,-0.0012321539945075212,0.0004200400857465077,0.0
2025/05/21 11:29:59.725973394,1747819799,721382120,piren,-0.06785162131374224,-0.06886024481066062,-0.047400490971639855,0.0006782505785552582,0.0007387375095684228,-0.005244933682197743
2025/05/21 11:29:59.835604399,1747819799,833150215,piren,-0.06673962484260826,0.08205601334264453,0.02102305192932585,-0.0006198082320872043,0.0006309824848787454,0.0
2025/05/21 11:30:00.53612195,1747819800,50766229,piren,-0.06572955445157051,0.07094284202006522,0.020489238510256018,-0.00036798350909376904,4.8984591129955136e-05,-0.009679606495037798
2025/05/21 11:30:00.164852890,1747819800,161124559,piren,-0.06634701343163255,0.05996006427167642,0.01802029070695953,0.0010959902458796895,7.578263477867995e-05,-0.008438381928816657
2025/05/21 11:30:00.278198285,1747819800,272400010,piren,-0.07034152663660855,0.030729152376440527,0.007761347621029826,-0.0004096986941935505,-0.0001752886755253396,-0.004226895949487017
2025/05/21 11:30:00.386857207,1747819800,383635912,piren,-0.06852805495069704,0.02988922753600255,0.006019169788058327,-0.0006676955740044951,-0.00043747305656962216,-0.004087925419053671
2025/05/21 11:30:00.606580122,1747819800,602987687,piren,-0.06675512241218955,-0.0921475362060225,-0.0405814155586506,-0.0009743094392027767,-0.00028433405566571424,-0.00464901189962299
2025/05/21 11:30:00.717475561,1747819800,713529472,piren,-0.06600838693004636,-0.15186824144739047,-0.08510805745431549,0.0006190489605405347,-0.0002041823612197421,-0.004811675356839117
2025/05/21 11:30:00.827265836,1747819800,824309314,piren,-0.06493697949857749,0.030448613508574245,-0.0009338506555987793,-0.0011893802699182452,-0.00026169447788446744,0.0
2025/05/21 11:30:00.938870479,1747819800,934903415,piren,-0.06407932438815081,-0.06465700802211102,-0.044266666288108616,0.0005202177869992463,-0.0002662493127277772,-0.005131695597608332
2025/05/21 11:30:01.50128581,1747819801,46000217,piren,-0.06339159659981809,0.09681397546681747,0.029069109963604647,-0.0009319773677659649,0.00022928056519350604,0.0
2025/05/21 11:30:01.188150393,1747819801,185177484,piren,-0.06463520851430726,0.09467423967391851,0.025797179302206652,-0.0008768517182963358,0.00024051347132249607,-0.009677446327473756
2025/05/21 11:30:01.405607005,1747819801,403060440,piren,-0.06529515050527912,-0.03933844259503485,-0.022147151121586668,-0.0006542708061998017,4.9070989043594234e-06,-0.005521711436764461
2025/05/21 11:30:01.521317984,1747819801,515596683,piren,-0.06654784766067574,-0.11371229883674838,-0.06471992743895925,0.0011266946770887864,-0.00024395497917624419,-0.005380189278062796
2025/05/21 11:30:01.630628697,1747819801,627685075,piren,-0.06683385268718439,0.05981398221734137,0.012174397251606303,-0.0005748336056928679,-0.00014649991174852582,0.0
2025/05/21 11:30:01.743099968,1747819801,739713232,piren,-0.06698540211028273,-0.04948817892530552,-0.029325291721743914,0.0009402109089904501,-0.00015213092837116794,-0.005623552684333258
2025/05/21 11:30:01.858020179,1747819801,851898731,piren,-0.06715309034418035,-0.016224724439428094,-0.011849629405532313,-0.0006123555662117411,0.0001418678133641841,0.0
2025/05/21 11:30:01.967324601,1747819801,964967362,piren,-0.06985430870853902,0.027024111870212038,0.008542167872396873,0.0007384860877054959,0.00047375344094567975,-0.008665386179055762
2025/05/21 11:30:02.82145722,1747819802,77419283,piren,-0.07193375490653488,0.03393585230842738,0.012789233132653129,-0.0008373388188872076,0.00041115690245797606,-0.00477718540922304
2025/05/21 11:30:02.193187140,1747819802,189753789,piren,-0.06874866913310658,0.05791129536223333,0.018833850318159998,-0.0011100085092214703,0.00018722012133825537,-0.004624065756901493
2025/05/21 11:30:02.417564990,1747819802,411047091,piren,-0.06604268598379781,-0.053442349401394085,-0.024654070997311917,-0.0011688018165642152,-0.0004612863043043843,-0.005231059175664209
2025/05/21 11:30:02.526284412,1747819802,522494985,piren,-0.06482657280937144,-0.1124765117394848,-0.06399267690309945,0.0005970384623735758,-0.0005249425676564942,-0.0042078885005307634
2025/05/21 11:30:02.635880001,1747819802,633107924,piren,-0.06418523771978514,0.07401643333049593,0.021066214106395146,-0.0008508002974665358,-0.0006605141227828796,0.0
2025/05/21 11:30:02.859700102,1747819802,853610719,piren,-0.06304469543523987,0.08638021857130761,0.029715631521028473,-0.0006154341790712482,-5.46214165258057e-05,-0.007042877925384458
2025/05/21 11:30:02.970654344,1747819802,967118731,piren,-0.06362731481013388,0.08926958454186693,0.03202569692680074,0.00092590763404838,0.00016118820709959308,-0.006879489107559127
2025/05/21 11:30:03.85182647,1747819803,79428787,piren,-0.06403276671247711,0.06499822646677988,0.024017603144756258,-0.0004948951329355579,0.00036220786787211274,-0.0031516572313613164
2025/05/21 11:30:03.195818065,1747819803,192154478,piren,-0.06391976372441845,0.06483064816219133,0.01966449614245545,-0.000655715888584146,0.0004593990446842077,-0.0028722023141729393
2025/05/21 11:30:03.424981791,1747819803,411960949,piren,-0.06414000810263451,-0.0631454885200826,-0.029312620213297915,-0.0008538641679382443,0.0002668156588353532,-0.0032101989595169625
2025/05/21 11:30:03.528003913,1747819803,525021769,piren,-0.06450926459224948,-0.13084056566652197,-0.0739654255164595,0.0007412728086354963,4.584135552977421e-05,-0.0023218387681566122
2025/05/21 11:30:03.643299806,1747819803,637421666,piren,-0.06464446169511345,0.052332467579496264,0.010957518807359018,-0.0008043259971521902,0.0015970560250082421,0.0
2025/05/21 11:30:03.781467402,1747819803,778186746,piren,-0.06338442311366323,0.06983920484059639,0.020743006058529533,0.0006593542452268371,0.0003931206544820146,-0.00856454242741734
2025/05/21 11:30:03.895439626,1747819803,891374759,piren,-0.06350958209999337,0.0533129492196074,0.02020599071704407,0.0008400555669621428,-0.0013686127441992443,-0.0035093769935287643
2025/05/21 11:30:04.5818032,1747819804,2764321,piren,-0.06482039831616646,0.16323067462965735,0.04992974521968127,-0.0008529927271037614,-0.002156753294384119,0.0
2025/05/21 11:30:04.118530749,1747819804,115691856,piren,-0.06566733955421385,-0.00034019122930168365,-0.008981561829234102,0.000890819464528593,-0.0023976400293574313,-0.004432550765510751
2025/05/21 11:30:04.231583087,1747819804,228315570,piren,-0.06541861074295346,0.11508495250662293,0.03195891490410804,-0.0008148236833469301,-0.0018087749022802939,0.0
2025/05/21 11:30:04.348611416,1747819804,343032944,piren,-0.06549019236746874,-0.04215269746541349,-0.025683930678711497,0.0007693687563531405,-0.0006262770868171897,-0.004165302730829905
2025/05/21 11:30:04.461423306,1747819804,456489473,piren,-0.06585669904490853,-0.039427685278739785,-0.02097769102759201,-0.0007314102593502138,0.00037832844526532547,0.0
2025/05/21 11:30:04.575651928,1747819804,571357243,piren,-0.06566614510645587,-0.013154871463231705,-0.007212896640578585,0.0006712478692319689,0.0012308524745460422,-0.00645436495203495
2025/05/21 11:30:04.687310779,1747819804,684746549,piren,-0.06581350642545686,-0.012229692484338656,-0.007030451659658234,0.0007361442976164519,0.0017664858942439473,-0.002750253011115109
2025/05/21 11:30:04.912265181,1747819804,909130811,piren,-0.06474912440565944,0.10944668461431695,0.048004289626547535,0.0007143038647658165,0.0010044963859653392,-0.0027983416374312954
2025/05/21 11:30:05.26900016,1747819805,22126178,piren,-0.06398108715079812,0.18760733921577066,0.057979124062816696,-0.0009859341873532555,0.00026684342116182303,-0.0022786139374081004
2025/05/21 11:30:05.143400553,1747819805,137828543,piren,-0.0637808967415831,-0.005517945061286217,-0.012101471537839777,0.0006813828141766297,-0.0008396999234475708,0.0
2025/05/21 11:30:05.363385129,1747819805,360872120,piren,-0.06346506361542384,-0.026971825300414795,-0.017563327390129266,0.0007636768138352876,-0.0014575383157294783,-0.0004642017443889746
2025/05/21 11:30:05.477643629,1747819805,474458828,piren,-0.063562708007479,-0.03741085884344734,-0.020183659616892204,-0.0006630234692370879,-0.0015673089932176855,-0.0009698635836703989
2025/05/21 11:30:05.593495453,1747819805,588719779,piren,-0.06057517870666617,-0.019065371635969483,-0.009514812245839895,-0.0008222734114714526,-0.0007157050948571119,-0.0004258863018149332
2025/05/21 11:30:05.712267411,1747819805,702674108,piren,-0.06234101598676384,-0.11691798251004132,-0.06324539647527642,0.000892693793215175,0.00013764502706639122,0.00012457628907170724
2025/05/21 11:30:05.820139618,1747819805,816086847,piren,-0.06347343526181934,0.0422333457938219,0.006932055703381537,-0.000851542951757064,0.0010077822868874728,0.0
2025/05/21 11:30:05.932422034,1747819805,929527448,piren,-0.06415186137412938,-0.07004112947770244,-0.04398098464524553,0.0008615710505594905,0.001609968456117767,0.0006474914347124898
2025/05/21 11:30:06.46409986,1747819806,42500754,piren,-0.06399627331283161,0.0821384827006781,0.024499079212027795,-0.0007552659053506058,0.0018884687474513254,0.0
2025/05/21 11:30:06.187883312,1747819806,184559029,piren,-0.06391710166093684,0.07622538372609836,0.01983871969595422,-0.0008766288321321306,0.0012095268965871971,0.002108269697751186
2025/05/21 11:30:06.410332270,1747819806,406322055,piren,-0.06303103219529926,-0.0577901049223127,-0.028878482921513876,-0.0008292633379542957,-0.0004045870279376711,0.0016384107946527293
2025/05/21 11:30:06.523195831,1747819806,520522311,piren,-0.06224452249649607,-0.13017969812796953,-0.07338857220135386,0.0009523023765538539,-0.0011309130958305276,0.002186360229915268
2025/05/21 11:30:06.636470247,1747819806,633679274,piren,-0.06215855229746177,0.04892119526923779,0.011179417186740462,-0.0005887795389785613,-0.0015585639313069185,0.0
2025/05/21 11:30:06.863520064,1747819806,859904040,piren,-0.06251823263710192,0.06055099926881763,0.020539421898992275,-0.0005796020514064523,-0.0006569023580406002,0.004678852094807752
2025/05/21 11:30:06.980240804,1747819806,974941154,piren,-0.06432897433792992,0.06533616010028026,0.02439780709216866,0.0008297600395126989,5.647502928173375e-05,0.005636138359792451
2025/05/21 11:30:07.96561588,1747819807,92328550,piren,-0.06355285105071329,0.04153398156360784,0.018822334160431907,0.0008756641916192212,0.0009463885621874991,0.0026032554105618086
2025/05/21 11:30:07.212384348,1747819807,205936120,piren,-0.06232477070763736,0.1478456079021622,0.047238128562698725,-0.0009159439876744343,0.0013037158117889544,0.0032432467444826205
2025/05/21 11:30:07.325895887,1747819807,319742181,piren,-0.06130754542324174,-0.015120662556563039,-0.01493771020992729,0.0007699420667394371,0.0015215174067183563,0.0
2025/05/21 11:30:07.438571629,1747819807,434164758,piren,-0.06049347688123771,0.10173932724207295,0.027010958994106205,-0.0010064250212432505,0.0011819066488263207,0.00331206914104845
2025/05/21 11:30:07.551907957,1747819807,548274502,piren,-0.06003550578555691,-0.05210087083459301,-0.030989730528898324,0.000621463142670245,0.0016125420859837698,0.0
2025/05/21 11:30:07.667195777,1747819807,664369471,piren,-0.06731215175284344,-0.04816053389523156,-0.0268867579524605,-0.0007648782538260804,0.001068996204336073,0.005177726582202364
2025/05/21 11:30:07.781075039,1747819807,778424793,piren,-0.06604486426669379,-0.021953371164885355,-0.013450908687689174,0.0007247569573390296,-0.0004402552664059865,4.825772900452908e-05
2025/05/21 11:30:07.896490785,1747819807,892431208,piren,-0.06126244862840003,-0.018613775334431665,-0.012128335228124402,0.0010515058359373461,-0.0016623210111536603,-0.0005009292779400351
2025/05/21 11:30:08.132567735,1747819808,117638118,piren,-0.05892186402819358,0.10253131228970438,0.044269468396198684,0.0011677091946284469,-0.0010489194849557196,-0.002511944733642226
2025/05/21 11:30:08.236734783,1747819808,233317385,piren,-0.057688175831072476,0.17338057377575325,0.06660982920418347,-0.0005470785440070828,-0.0010049647396304698,-0.004596859347822334
2025/05/21 11:30:08.463462534,1747819808,458496176,piren,-0.06152161961782425,0.09137973223751868,0.03498044581230439,-0.0008272031599286685,-0.0002994203554993742,-0.0033350806045134786
2025/05/21 11:30:08.579243204,1747819808,575091375,piren,-0.061870773741384645,0.03269934408857278,0.011646168336692273,0.0005031645246717491,2.74194034900447e-05,-0.0043004215144263
2025/05/21 11:30:08.696403427,1747819808,690346363,piren,-0.060952316035200536,-0.026235684061263205,-0.013782327608762305,0.0005388260400284284,0.0007945346637548451,-0.003305261040107457
2025/05/21 11:30:08.838370665,1747819808,835453810,piren,-0.06033202404628321,0.06023333400938797,0.016664740350413005,-0.0011896070483411434,0.0008170429358720802,0.0
2025/05/21 11:30:08.955112013,1747819808,951230552,piren,-0.060334624913698974,0.05926793262778086,0.019818335472651463,0.0005186824186627412,0.0008710625067464936,-0.004452759077638928
2025/05/21 11:30:09.69087103,1747819809,66081292,piren,-0.059542715260839145,-0.012265380546666389,-0.008708207721452973,-0.0008144206568262686,0.0006379881344694389,0.0
2025/05/21 11:30:09.186489693,1747819809,181882276,piren,-0.05993228681652564,-0.03684041469753754,-0.015878902834121814,-0.0007479500765337891,-0.0002522691675103146,-0.009303415005231642
2025/05/21 11:30:09.412045497,1747819809,408738749,piren,-0.0606255197038429,-0.16405444357576823,-0.06407992342929132,-0.0005790690188381912,-0.000775512291740559,-0.004120079525827889
2025/05/21 11:30:09.527195298,1747819809,523663151,piren,-0.061872163585143594,-0.21899126799034876,-0.1157524367145057,0.0011570341710481968,-0.001025343696273541,-0.003545307623740558
2025/05/21 11:30:09.642602309,1747819809,639366320,piren,-0.06241378625703275,-0.02390554306767722,-0.019209744478974493,-0.00043350492716595873,1.40851367382144e-06,0.0
2025/05/21 11:30:09.759325484,1747819809,755106505,piren,-0.0710399866910102,0.005976390902394551,-0.0033790782573638093,0.0009557621411224698,0.0002550590942281729,-0.007396439926673413
2025/05/21 11:30:09.883224788,1747819809,872922644,piren,-0.06666653330294671,0.008428336120440447,4.923644118295787e-05,-0.0006427453382286286,0.00017918425963352373,-0.0039798638238180434
2025/05/21 11:30:09.995969377,1747819809,991173054,piren,-0.06356682087250472,0.030408048961472395,0.008517702531762027,-0.0009851305770754769,2.4917711176758395e-05,-0.0030916001557662444
2025/05/21 11:30:10.112890185,1747819810,107148068,piren,-0.061755448314239764,-0.07210731462755338,-0.04066584477286474,0.0006205376996971734,6.892062131349109e-05,0.0
2025/05/21 11:30:10.225329775,1747819810,222010712,piren,-0.06030824116698464,0.08349900784805787,0.022257207815155885,-0.0012007318782739627,-3.309754580551969e-05,-0.003966123470276992
2025/05/21 11:30:10.339681032,1747819810,336761738,piren,-0.05881661051369307,-0.042882987028688944,-0.025928195155227388,0.00035758184182162537,-0.00015130843751190107,0.0
2025/05/21 11:30:10.565596261,1747819810,563332302,piren,-0.057782048641674986,-0.01676065416244017,-0.01158116045671117,0.000488445587372397,0.0003556277637906997,-0.006018189561656219
2025/05/21 11:30:10.682614620,1747819810,679437527,piren,-0.060600083981699714,0.003900074306578998,-0.0008527174986789752,0.0008379572849049282,6.950976023006986e-05,-0.0066161640089238225
2025/05/21 11:30:10.910903837,1747819810,907586878,piren,-0.059453417285801335,0.13407403202735554,0.059897657268194855,0.0012095810005919236,-0.0005153810571477202,-0.0032237846234763924
2025/05/21 11:30:11.28530623,1747819811,22794898,piren,-0.05935557368919467,0.217259432657407,0.06936018225468134,-0.0004418747849516823,-0.000531639349624491,-0.0031130667046668425
2025/05/21 11:30:11.143619309,1747819811,140255691,piren,-0.05916804838456173,0.028808536315667065,0.0036524333522875707,0.0011431290282597033,-0.00039183003600924075,0.0
2025/05/21 11:30:11.291780918,1747819811,287770375,piren,-0.059393093690022616,0.005961066259157179,-0.0021565994614317135,0.0010918269684352805,-5.016144764799868e-05,-0.005742907019353996
2025/05/21 11:30:11.409017338,1747819811,404412736,piren,-0.0593950127945228,0.005650318747759718,-0.002833930740526307,-0.0008323879345273682,0.00023270656993646088,-0.0022673634842507225
2025/05/21 11:30:11.523689766,1747819811,521089074,piren,-0.059818560928495634,-0.10104103044429139,-0.056336960325978624,0.000680781207066812,0.00043283215730413095,0.0
2025/05/21 11:30:11.638642453,1747819811,636132838,piren,-0.06010079247605882,0.0558188483793346,0.015494400778199979,-0.0011473679113909682,0.0005578640472227867,-0.001956157988951629
2025/05/21 11:30:11.754278677,1747819811,751327024,piren,-0.05966860640907916,0.05555083146256372,0.01754382293869617,0.00022211363263174104,0.000511998597682184,0.0
2025/05/21 11:30:11.880362641,1747819811,866931779,piren,-0.059148092865321356,0.03256471648970538,0.010036202151013928,-0.0012587330845296348,0.0003197318782825238,-0.0023076063276503554
2025/05/21 11:30:11.985965551,1747819811,982520206,piren,-0.05823578201857315,0.03647766053474345,0.011988710720670523,0.0002717200800141577,7.932314215507547e-05,-0.0006558274777821693
2025/05/21 11:30:12.102251912,1747819812,100098084,piren,-0.05768441185618799,0.016902821059819266,0.0050345473670782995,0.000667265865303087,-0.0002887412774595593,-0.00022391489718552775
2025/05/21 11:30:12.220391420,1747819812,217408347,piren,-0.05711301368678347,0.12647342995150948,0.03746716253940365,-0.0008520803614749169,-0.00043150685173616,0.0
2025/05/21 11:30:12.336974489,1747819812,334108929,piren,-0.05729814953840238,-0.0359002485347695,-0.02462217476021204,0.0010468028566725622,-0.00040957711101160545,0.0003015697404224525
2025/05/21 11:30:12.567504895,1747819812,564642125,piren,-0.05742280402736366,-0.03225475765502424,-0.020836603295682366,0.001264568278457281,0.00037052227662059847,0.0005181556794288217
2025/05/21 11:30:12.686747357,1747819812,681753297,piren,-0.05730293193199442,-0.02552209382609791,-0.017018654802939258,-0.0002213617055225857,0.0004551633952776861,0.0008638038427541436
2025/05/21 11:30:12.802193528,1747819812,798681123,piren,-0.057464106502198756,0.003323594822178458,-0.004315362473466326,-0.0004949943493952468,0.0004355497570071183,0.001032031187919564
2025/05/21 11:30:12.918933703,1747819812,915151468,piren,-0.057141418250306955,-0.08712188958196415,-0.05171378980379179,0.0009994115526325298,0.0003089934975652574,0.0
2025/05/21 11:30:13.36319826,1747819813,32311874,piren,-0.05705820212734543,0.07604775026806393,0.02105003030135953,-0.000912427884984281,0.00010944889955360245,0.002231653308872572
2025/05/21 11:30:13.265464606,1747819813,262866641,piren,-0.056364885428778655,0.07433456558545179,0.02293973988487135,-0.0011493452803748954,-0.0001482475436726573,0.0019695945995294828
2025/05/21 11:30:13.383453531,1747819813,380828216,piren,-0.055307867141636394,0.06808268048070173,0.0212416848302009,0.00032458237759711033,-0.00019448732738960015,0.002903018947340241
2025/05/21 11:30:13.501684002,1747819813,498205727,piren,-0.05511753976626979,0.03827918019086621,0.012579890535807799,0.0005981565966756236,-0.00010955285510347303,0.00279325429326612
2025/05/21 11:30:13.618395693,1747819813,615015426,piren,-0.05438915765500027,0.14066438220996677,0.040435838245604094,-0.0009366646072743861,3.124318798143003e-05,0.0
2025/05/21 11:30:13.735206447,1747819813,732181042,piren,-0.05413282159163213,-0.029199923304380745,-0.023302123016193187,0.000969217461030867,0.00027453274506369126,0.004303753502795663
2025/05/21 11:30:13.994425405,1747819813,990686092,piren,-0.054231400214032124,-0.029919537993239056,-0.01881306642039077,-0.00036562324839890635,0.0004601686910160541,0.0032936717342699354
2025/05/21 11:30:14.222970447,1747819814,220020144,piren,-0.05413767798362086,-0.12082467899302296,-0.0528460533404828,-0.0004920743211012694,0.0002614235225770299,0.005289309832717894
2025/05/21 11:30:14.338955779,1747819814,336518669,piren,-0.053403203990079445,-0.15654959422894565,-0.0759080685499101,0.0007753111653464553,-7.86077869867039e-06,0.005889425927582918
2025/05/21 11:30:14.568764587,1747819814,565588277,piren,-0.05253221710496875,-0.05670458914491256,-0.03125636730423165,0.0004276589137915151,-0.00010039665241055088,0.004373996357483553
2025/05/21 11:30:14.685239599,1747819814,682307743,piren,-0.05184961995871447,0.015748832151642387,0.001784878642294532,0.0004715400584186111,-0.00010513976049850256,0.00594314715053496
2025/05/21 11:30:14.917752097,1747819814,913972550,piren,-0.050748522219647346,0.17755867915594137,0.07806114260189387,0.0005819839153907622,3.8192146886716796e-05,0.006635797983316749
2025/05/21 11:30:15.38081462,1747819815,31444363,piren,-0.049360034451625776,0.28047698983599284,0.08877045604264346,-0.0010127091105892297,0.00010494943492862035,0.006981575554799616
2025/05/21 11:30:15.151465985,1747819815,148693242,piren,-0.04877760451728515,0.0872305486927191,0.02504289540264666,0.0008215578291479988,0.00015891917826967941,0.0
2025/05/21 11:30:15.268805896,1747819815,266212072,piren,-0.04906710671387669,0.058984406912665495,0.017387242432581638,-0.0004990475254971064,0.00018694410313570433,0.013857534518829335
2025/05/21 11:30:15.385764376,1747819815,382170155,piren,-0.04904716635170822,0.05826863184751889,0.018440273697507777,0.0010389360993163092,0.00012841551720671192,0.006566197349652967
2025/05/21 11:30:15.502246996,1747819815,499024760,piren,-0.04917746380161896,0.032145856947364895,0.01099996627791549,0.0012164995989075791,0.00013169932938251355,0.005001833173163196
2025/05/21 11:30:15.617260670,1747819815,614237323,piren,-0.04853509111548844,0.13698448417334874,0.04044680597762313,-0.00048772588993978484,-6.174318573910233e-05,0.0
2025/05/21 11:30:15.736014143,1747819815,732377740,piren,-0.04889861931587619,-0.03130729326968058,-0.022855577022019714,0.0008995950041451421,-0.00027366779327725964,0.006628791992600615
2025/05/21 11:30:15.966528119,1747819815,963215275,piren,-0.04986686568338279,-0.03107121086435332,-0.019969020599762487,0.0005264009558838455,-0.0003005112771424334,0.004432505631621051
2025/05/21 11:30:16.85484956,1747819816,80968424,piren,-0.04930200437688913,-0.026417155296081334,-0.018452116571088688,0.00045266272219649846,-0.00015493015460388268,0.0057797938265225016
2025/05/21 11:30:16.316961003,1747819816,311830869,piren,-0.04869316204600499,0.1704491614369496,0.0731146595293784,0.00043642716422704014,0.00010774785155747786,0.006512564872790975
2025/05/21 11:30:16.459178786,1747819816,456385338,piren,-0.04784271278919375,0.20376365678304778,0.07580287081968581,-0.0009706345631792942,0.00034692069095441865,0.0067031388983927135
2025/05/21 11:30:16.579449785,1747819816,574780275,piren,-0.047563752421874585,0.1089069787013228,0.037535815615866705,0.0006910628536535228,0.00044394593221475857,0.00594878062569746
2025/05/21 11:30:16.698181878,1747819816,692644553,piren,-0.04940804300719512,0.01580608753677178,0.0023126171543912683,0.0012463981243443817,-4.372981398493269e-05,0.005409774554641853
2025/05/21 11:30:16.813165099,1747819816,810815832,piren,-0.047750032473393905,0.07662295567775144,0.019497378343057696,-0.0003748202104897215,-0.0003643169897815454,0.0048536307722452645
2025/05/21 11:30:16.930388429,1747819816,927280954,piren,-0.046850569408440394,-0.10389989983738018,-0.06011667609684263,0.0013758569237352222,-0.0006939745348544102,0.0
2025/05/21 11:30:17.47926567,1747819817,45146392,piren,-0.04654767409434965,0.007048084427642353,-0.0067990285016358044,-0.0002995824083703749,-0.0008168370109068499,0.0036389338435494673
2025/05/21 11:30:17.166268249,1747819817,162950728,piren,-0.046723810105809754,-0.020429226533627585,-0.01322072295147178,-0.0003063846646797234,-0.0007007995644121278,0.0
2025/05/21 11:30:17.286270785,1747819817,281776167,piren,-0.04675748176496881,-0.15017237362785135,-0.08217425616700692,0.0003517940114416156,-0.00038211776572154516,0.0050836000520224035
2025/05/21 11:30:17.403047287,1747819817,399868234,piren,-0.04707295340402009,0.005785369254987163,-0.006919896731251298,-0.0018885729960534095,0.00022823091632272305,0.0019144510727092997
2025/05/21 11:30:17.521963120,1747819817,517555469,piren,-0.04659602525206031,-0.10222551179514955,-0.05827699151711513,0.0011853016734492904,0.0005428591213429725,0.0
2025/05/21 11:30:17.638046790,1747819817,635624418,piren,-0.04600996704926385,0.03090657894922825,0.006544508626797066,-0.00021377244025108877,0.0007461203079182583,0.0027503448402066894
2025/05/21 11:30:17.869731100,1747819817,867625552,piren,-0.04485980527591647,0.192699015068481,0.0709970767804046,-0.00025610072211911975,0.00022606161085073607,0.0017636358153559294
2025/05/21 11:30:17.989122672,1747819817,986538507,piren,-0.044793871188873596,0.09243397075780191,0.03961209047113985,0.0006537265007480652,-0.00023692781869930898,0.0027571546378290773
2025/05/21 11:30:18.221197213,1747819818,218670107,piren,-0.045266208554489006,0.13028218120786766,0.056418170295743766,0.0011945713769110525,-0.0005467490533193519,0.00244644060884123
2025/05/21 11:30:18.339380974,1747819818,337010071,piren,-0.04594226006897281,0.14457743446815277,0.051691344087294824,0.0009918546913769688,-0.00043271848203294444,0.00254757379808302
2025/05/21 11:30:18.458711193,1747819818,454800912,piren,-0.04667383774756031,0.023708618736850106,0.004904173773404242,0.00013382530500176306,-0.00020455556214943836,0.0
2025/05/21 11:30:18.579844510,1747819818,575415451,piren,-0.04719364516281948,-0.04281930128495607,-0.02327823782114056,0.0018750404810867658,2.673001379756544e-07,0.004492941521477727
2025/05/21 11:30:18.733252272,1747819818,724294375,piren,-0.04789290108402687,-0.007330826850690586,-0.0075310303013849545,-9.410641833347468e-05,0.0002995053458431773,0.0017971858111062325
2025/05/21 11:30:18.846522314,1747819818,844147839,piren,-0.04714735308360862,-0.05855707027376807,-0.02869661020271325,-4.45838785634586e-05,0.000454376149099766,0.0
2025/05/21 11:30:18.968625079,1747819818,964877001,piren,-0.04632720152650111,-0.07680115362231738,-0.034885466072253624,-0.0011674341353554837,0.0004420400676226725,0.0044739985181947335
2025/05/21 11:30:19.87210361,1747819819,83338825,piren,-0.04581999871939883,-0.11164696257543814,-0.05091156159272131,-0.00044643481561308104,0.00032494484132554333,0.002371351737609546
2025/05/21 11:30:19.204805025,1747819819,202079382,piren,-0.04518077659410008,-0.09504110840266117,-0.05249487996159585,-0.0007295158267183128,6.616773231975267e-05,0.0018341967144094894
2025/05/21 11:30:19.323574329,1747819819,320829669,piren,-0.04498972038351902,0.04569132354248193,0.005743577526700918,-0.0007839955582196816,-0.00011071712871844694,0.0
2025/05/21 11:30:19.441704679,1747819819,439189213,piren,-0.04500807360690785,-0.09893634934353444,-0.05882516664004353,0.0012946861223193777,1.8694968326232438e-05,0.0026967353098088878
2025/05/21 11:30:19.563372736,1747819819,558854462,piren,-0.04847176118556146,-0.004357638597609451,-0.01292888748143692,-0.0015516618983524668,-1.0625909631109503e-05,0.0
2025/05/21 11:30:19.681465171,1747819819,678372982,piren,-0.04703487654650257,-0.10549190023572773,-0.04857351933311166,-0.0003318170287591763,-0.000129948098453915,0.004042804107365165
2025/05/21 11:30:19.800331083,1747819819,797684318,piren,-0.04608437551011299,-0.1590644317111569,-0.09109586538744438,0.0008566062963080048,-0.00025470219202637407,0.0015091377984937557
2025/05/21 11:30:19.920526284,1747819819,917296215,piren,-0.04533764220654316,0.03408256640416341,-0.00048211026632095076,-0.0005005842529617933,-0.00020868982048496385,0.0
2025/05/21 11:30:20.43493747,1747819820,37587281,piren,-0.04510728713249656,-0.06409697309504989,-0.038349497336921556,0.0008327434332941355,-0.0001082568358684201,0.002133673237783655
2025/05/21 11:30:20.280321945,1747819820,273782124,piren,-0.04550820324144002,-0.01670435650760746,-0.012895144772945101,-0.0011256743160584074,0.00015098307198297973,0.0015778626402105503
2025/05/21 11:30:20.397888029,1747819820,393117651,piren,-0.04512035558230272,-0.0793230290704045,-0.04111224124599742,-0.0004788810229936745,0.00028037410296144775,0.002065516247610414
2025/05/21 11:30:20.632398564,1747819820,627690343,piren,-0.044809309746829944,0.04384239154485408,0.01478752070161133,0.0007505442375593008,0.00013238485857689704,0.00211580455456031
2025/05/21 11:30:20.750791057,1747819820,747502444,piren,-0.043949470030585275,0.05584468692439828,0.021006884662987058,-0.0010878504791542291,-9.469951101500171e-05,0.0020023894836337106
2025/05/21 11:30:20.869125615,1747819820,866709677,piren,-0.04351336714948159,0.08765287259796908,0.03367612848438131,0.0001944734393137761,-0.00019601036165057474,0.0
2025/05/21 11:30:21.21649830,1747819821,16391503,piren,-0.0436237357492494,0.08556886710691776,0.033057124701372856,-0.0007655737982572916,-0.0002422644382240872,0.0017890631433698642
2025/05/21 11:30:21.143086378,1747819821,137240207,piren,-0.044561644082078945,0.09611729520405847,0.028629758840083407,0.0006818671878401643,-0.00014034896305455962,0.0
2025/05/21 11:30:21.265161380,1747819821,260140648,piren,-0.045155851380381404,-0.0389893920829958,-0.029477885744342184,0.0011223888846972297,-3.952567005706832e-05,0.0024611303119884053
2025/05/21 11:30:21.382899676,1747819821,380062947,piren,-0.04555892707397931,0.11302208418589915,0.02767298592240471,-0.0007960260387451862,8.107692338022618e-05,0.0011232927377535645
2025/05/21 11:30:21.503532588,1747819821,500373069,piren,-0.046246502540682674,-0.015221224932847652,-0.02098783506289075,0.0021901497954631205,0.00017177742466858848,0.0008248207787197973
2025/05/21 11:30:21.623331768,1747819821,619178134,piren,-0.0464695676566878,0.10140536205375004,0.03039625327256555,-0.0011138712642165187,0.00014519339767303895,0.0
2025/05/21 11:30:21.746483491,1747819821,739643695,piren,-0.04620057715139875,0.08703807094789044,0.020919103757877585,-0.00016167159004554138,-0.0002445246141006012,0.00077646469825719
2025/05/21 11:30:21.980356351,1747819821,977579026,piren,-0.045214537132182306,-0.1577412694214364,-0.0682626459137417,-0.0017994300539693436,-0.0005928487854105151,0.00018031815911312418
2025/05/21 11:30:22.102170019,1747819822,98885124,piren,-0.04485325984032072,-0.16721779290123515,-0.0917393398750753,0.0015514835499970195,-0.00047450665097166126,-4.844844822259936e-05
2025/05/21 11:30:22.222807707,1747819822,218063423,piren,-0.0447171189967346,0.02943085937243796,0.0027514190184151624,-0.0013149780708781613,-0.00021434770528061862,0.0
2025/05/21 11:30:22.342498783,1747819822,339233493,piren,-0.044939722454302555,0.07701729012434903,0.020691499292211955,0.00028423854548801747,0.0002688794893481401,-0.00040121728725256444
2025/05/21 11:30:22.580253691,1747819822,577452086,piren,-0.045770586701767035,-0.03798680934233286,-0.021991689814683503,-0.0008192541269355861,0.0005478983943886967,-0.0004250216886230004
2025/05/21 11:30:22.702160956,1747819822,697432781,piren,-0.04650496072491089,-0.07965167088330743,-0.04749517615375156,0.0024171262686389612,0.0002693324935953598,-0.00044222260867796495
2025/05/21 11:30:22.820998244,1747819822,817966663,piren,-0.04632176592708471,0.09333500704504909,0.030902256849991046,-0.0006601903675945027,-6.729217226274556e-05,0.0
2025/05/21 11:30:22.940502648,1747819822,937255529,piren,-0.04675817713175793,0.11867893282708936,0.03477914096655503,0.0003841085433713842,-0.0003847375325457042,-0.0008115633092197923
2025/05/21 11:30:23.61203514,1747819823,57414169,piren,-0.04727668940765907,-0.010363806367546318,-0.01454898448582209,0.0006235922186641625,-0.0004296672457638986,0.0
2025/05/21 11:30:23.183863670,1747819823,178471331,piren,-0.04750415875787191,0.14618360520226892,0.041632519373935896,-0.0013643712033949249,-0.0003159094021908918,-0.0018874354506548873
2025/05/21 11:30:23.332850204,1747819823,327803802,piren,-0.04751653164592986,0.012324336490727773,-0.004811969388935672,0.0016585940056699938,-5.59502425364234e-05,-0.000863353271446831
2025/05/21 11:30:23.450981318,1747819823,447234230,piren,-0.04746484891870782,0.12663220647920773,0.04428777477726806,-0.0014562031588952141,0.00021927549482953648,0.0
2025/05/21 11:30:23.571264389,1747819823,567758208,piren,-0.0470115579318338,0.11434513885093683,0.03270577848960347,-0.0001365061916040637,0.00040598827593277904,-0.002273331424700596
2025/05/21 11:30:23.693274528,1747819823,689604353,piren,-0.04703263279760818,-0.04146137942680918,-0.03048767885735747,0.0003557570572430011,0.0005525189287172914,-0.0011944273264327186
2025/05/21 11:30:23.934602058,1747819823,929334223,piren,-0.04703775026066566,0.10071663759068183,0.03669008192296247,0.0020751901012253746,0.0002586942294573378,-0.0013439334866499016
2025/05/21 11:30:24.53623894,1747819824,51118187,piren,-0.046876206704025404,0.16671375765859237,0.06041933281777636,-0.0008242854877771812,-4.765910246411492e-05,-0.001170446818249354
2025/05/21 11:30:24.182499083,1747819824,172714449,piren,-0.04689659142526208,0.11893822096850523,0.03324940875911849,0.0005138604370414456,-0.00019300623268189232,-0.001056422203342762
2025/05/21 11:30:24.299075243,1747819824,295766624,piren,-0.04722460830113324,-0.05920313625120916,-0.040142902574165557,0.0008188383959760798,-0.0002984305806952655,-0.000860767544905141
2025/05/21 11:30:24.420666031,1747819824,417555448,piren,-0.04742047460268288,0.06671521325626413,0.012102412780018211,-0.0011257796541684524,-0.000248454587751081,0.0
2025/05/21 11:30:24.542016762,1747819824,538762793,piren,-0.04767346407398537,-0.07297523137913343,-0.041914565369900084,0.0004496909138434293,-0.00010149449708277237,-0.0010607383454929419
2025/05/21 11:30:24.663276858,1747819824,660483260,piren,-0.04775090182045329,-0.05834210839838909,-0.033149189196209024,-0.001239471617742781,7.952892376626731e-05,0.0
2025/05/21 11:30:24.787522830,1747819824,782014399,piren,-0.04755294775073484,-0.022369142179074698,-0.01364267179511914,-2.6985693985570514e-05,0.00026367862790409536,-0.0016639849990826734
2025/05/21 11:30:24.917418398,1747819824,906437353,piren,-0.04749977700719556,-0.12352699672834348,-0.07101150644293676,0.00023323343101349256,0.0005126144653454181,-0.0007249035039257496
2025/05/21 11:30:25.41873060,1747819825,37929367,piren,-0.04727002148268007,0.05798227012207987,0.012251562106508044,7.169088185552738e-05,0.0005270429894523277,0.0
2025/05/21 11:30:25.286458381,1747819825,283107468,piren,-0.046842276602098235,0.05221062179507573,0.012916087846600154,0.00030524448671597084,0.0001359464450534644,-0.0004650484010995639
2025/05/21 11:30:25.566797604,1747819825,552974444,piren,-0.046794301411463846,0.043909918813495125,0.008691171814340742,-0.0009584586367986743,-0.0003833153640859792,-0.0013780969878829342
2025/05/21 11:30:25.681559634,1747819825,676363486,piren,-0.046664828625377464,-0.06187861403846214,-0.035169225701891654,0.0004520551423662416,-0.0005848108778883128,-0.0026482125401899475
2025/05/21 11:30:25.803861218,1747819825,799882153,piren,-0.046822976267986725,-0.021291443189915753,-0.014900452400922653,-0.0009027117259922698,-0.0006353984435878819,-0.0011721123497594715
2025/05/21 11:30:25.925595345,1747819825,922520487,piren,-0.04718186296526326,-0.08856973929587733,-0.053117265065487355,0.0013775907082265325,-0.0004565574262079992,0.0
2025/05/21 11:30:26.48243353,1747819826,45220507,piren,-0.04724384624650426,0.08461161925340394,0.025177464538232303,-0.0011900895748347903,-4.81621007632838e-05,-0.0018967024936960622
2025/05/21 11:30:26.171196993,1747819826,167596874,piren,-0.04723216599184128,0.10924061865445617,0.03504166923449839,-0.00018690068406103784,0.000246878146866976,-0.002077673818068696
2025/05/21 11:30:26.295871260,1747819826,290776015,piren,-0.04700093506401535,0.06525249316638064,0.020471598623065055,0.0004155509249502146,0.0005331360294582127,-0.0017902431259751482
2025/05/21 11:30:26.421888802,1747819826,414427595,piren,-0.04697324390640131,0.08090627180724891,0.022619690069672016,-0.0024270930656490955,0.0005960670219663599,-0.0023329302396925505
2025/05/21 11:30:26.543248612,1747819826,536271311,piren,-0.046827409423956835,-0.026963023487482557,-0.01862233172928108,-0.0012378322996385047,0.00046424800850270945,0.0
2025/05/21 11:30:26.784292026,1747819826,778747643,piren,-0.0466119035120518,-0.0990209235330041,-0.05220921187090358,0.0009501286748372057,-0.0004716555915376448,-0.0007866673349929816
2025/05/21 11:30:26.904066110,1747819826,900971036,piren,-0.04607852357053539,-0.04277477367294201,-0.02742284334167976,0.0004517273650604859,-0.0008064860243909937,-0.001794063731113257
2025/05/21 11:30:27.26803743,1747819827,22970810,piren,-0.04630710551129832,0.01029379942349272,-0.003759094392234911,0.0017045390729670468,-0.0008445694591398093,0.0
2025/05/21 11:30:27.152358646,1747819827,146212964,piren,-0.04646485199940569,0.0570154734792621,0.01628918828230633,0.0011669333994594082,-0.0004897753784872944,-0.0029539742828387987
2025/05/21 11:30:27.273739372,1747819827,270749016,piren,-0.04699913740492681,0.06662751154763352,0.019672048287324266,0.0017021036514483492,-9.729792127654884e-05,0.0
2025/05/21 11:30:27.396115445,1747819827,393423740,piren,-0.04796400505953418,0.043992110124840396,0.010522403653749606,0.001746888751656837,0.0003906785246377522,-0.006862365450831724
2025/05/21 11:30:27.518824182,1747819827,516257532,piren,-0.04863456847430513,0.042446274846456966,0.010121017393032318,-0.00032183337300089877,0.0006319640828483997,-0.003130408976076755
2025/05/21 11:30:27.643036861,1747819827,639596788,piren,-0.049249965404869055,0.06365264420824472,0.018150335180966818,1.253299095842563e-05,0.0006937357882129659,0.0
2025/05/21 11:30:27.770194464,1747819827,765610643,piren,-0.04910477132348406,0.0656051223714785,0.016475720679511887,-0.0010131538277451451,0.0004295320318454485,-0.0056875620365189295
2025/05/21 11:30:27.922466936,1747819827,919662411,piren,-0.04718288579426205,0.012709735832780306,-0.004980368149238666,-0.00028620936003919946,-0.00015827063820066868,-0.0023063415629932388
2025/05/21 11:30:28.52058196,1747819828,42791670,piren,-0.047386071189604306,0.031038885485155817,0.0005465311228645482,0.0001341054060853119,-0.0006698661377707131,0.0
2025/05/21 11:30:28.169396527,1747819828,166310833,piren,-0.046964648762996025,-0.07951791076395608,-0.04906945836172523,-0.0009187285239430314,-0.0008399398936376053,-0.006590289777748397
2025/05/21 11:30:28.292233122,1747819828,289942894,piren,-0.045889748153337594,-0.004849561537040834,-0.014254122481509219,-0.0014556781965344482,-0.0006853005754102902,-0.0034753400510776113
2025/05/21 11:30:28.416126833,1747819828,413344079,piren,-0.04608226250593208,-0.06116121342433394,-0.040563882772751476,-0.0010834519548110178,-0.0004176307090151635,-0.004363068876588531
2025/05/21 11:30:28.540142232,1747819828,537240507,piren,-0.04604446159994983,0.02551169235486178,-0.0010353722559056238,0.00012153440647360753,7.425899756455901e-05,0.0
2025/05/21 11:30:28.663219357,1747819828,660258868,piren,-0.04617393264178845,0.06656970953769338,0.022582092884995707,0.00045066728614224204,0.0006885669446976335,-0.004688689433652354
2025/05/21 11:30:28.786284194,1747819828,783271503,piren,-0.046741083509662266,0.20882577991530238,0.07406411539467198,0.000195901312074632,0.000946612527663504,-0.003955206758617385
2025/05/21 11:30:28.909341291,1747819828,906760098,piren,-0.0469956460689605,0.15676592295788858,0.0640093053282738,0.0015561020551189508,0.0009524059215910008,-0.00300527630853558
2025/05/21 11:30:29.50254226,1747819829,33511756,piren,-0.047819035189491835,0.21258136208329306,0.08923934944901284,0.001216864461448653,0.0006679157061545622,0.0
2025/05/21 11:30:29.183983973,1747819829,176143709,piren,-0.04734983893043774,0.22616137027987257,0.09483173036772234,0.0008750220603308965,3.302450721974682e-05,-0.004277510313466663
2025/05/21 11:30:29.307510586,1747819829,303722141,piren,-0.04685397517851097,0.21754480966292203,0.07549268247223337,-0.00017830594947885347,-0.0005472117170970411,-0.003318796035765597
2025/05/21 11:30:29.432841278,1747819829,428808677,piren,-0.04639923551685453,0.08228045151247712,0.02866884106356739,-9.003923146543494e-05,-0.0007729092201671742,0.0
2025/05/21 11:30:29.678628774,1747819829,674611076,piren,-0.04491322680588918,0.12403396172120926,0.03592500649480248,0.0011860953876711318,-0.00045766717787435287,-0.0014521012883805346
2025/05/21 11:30:29.804191918,1747819829,801051991,piren,-0.04454645878937545,-0.014752288044870394,-0.01710773140204905,0.0003394582712865239,-8.128462760609734e-05,-0.0025955291664624706
2025/05/21 11:30:29.928603025,1747819829,923864862,piren,-0.04446891160206563,-0.0855707461889604,-0.0437052118768311,0.00010726856825727652,0.00016472907754937031,0.0
2025/05/21 11:30:30.61446363,1747819830,51617254,piren,-0.0440347782663432,-0.12656062761757456,-0.05937808292500452,0.001665776310991231,-0.00023250367253142528,-0.002876725371308147
2025/05/21 11:30:30.180485706,1747819830,176980576,piren,-0.04238169459106687,-0.14545598450947592,-0.05865303408068243,-0.0004542630604625023,-6.719483384633816e-05,-0.001849812474498023
2025/05/21 11:30:30.335112377,1747819830,332261882,piren,-0.04301675241541556,-0.21428560354813675,-0.10052623425037692,0.0009168016105405025,0.0001971983394382654,-0.0013834320377365665
2025/05/21 11:30:30.580686469,1747819830,576433780,piren,-0.04351650888950416,-0.12167003412579336,-0.06363376400694346,0.0007034067112673282,-0.0002739484048459838,-0.001233159677125226
2025/05/21 11:30:30.704920824,1747819830,700943796,piren,-0.042160651904428255,-0.018946004012323738,-0.02041084442110565,0.002014487772057563,-0.00019459508800909054,-0.0007061082431748999
2025/05/21 11:30:30.828273704,1747819830,825000954,piren,-0.04188267019163251,0.12235403039261644,0.031217166913395863,-0.00206377562890058,-6.489607746562687e-05,0.0
2025/05/21 11:30:30.956750537,1747819830,949945488,piren,-0.04115026832972078,0.02343365048663594,-0.0061671857141943065,-0.0016408031164354834,-0.0009918791351921311,-0.0001441006586720158
2025/05/21 11:30:31.78257858,1747819831,74849310,piren,-0.04055741556531135,-0.03786496199399961,-0.031205588856567254,-0.00021585445033874077,-0.00032842130993456105,0.000653550078353717
2025/05/21 11:30:31.202965144,1747819831,199831872,piren,-0.04015785593459457,0.004182491130343551,-0.011983942600690653,0.0007063815456250602,-0.0005762480549774334,0.0006848472798817878
2025/05/21 11:30:31.328738115,1747819831,324656465,piren,-0.03877710773902676,0.1538940742538175,0.04924156803152283,-0.000611213371044022,0.00042362581534492744,0.0
2025/05/21 11:30:31.453685295,1747819831,450437863,piren,-0.03719576110472947,0.13643075983358563,0.04243688049653421,0.0013071143209322043,0.0014301716313671583,0.001635267554444427
2025/05/21 11:30:31.578333310,1747819831,575869987,piren,-0.03542397621646358,0.0983004948268483,0.02818390482421816,0.0008947824556498075,0.0015353808300232745,0.0014231513956493827
2025/05/21 11:30:31.703782450,1747819831,700036018,piren,-0.03170631322371794,0.07367723932638522,0.013896571657809364,-0.00031754527242126965,0.0010586485074627642,0.0004753128150197456
2025/05/21 11:30:31.828656664,1747819831,824785651,piren,-0.029809773937909664,-0.046543957858198294,-0.0383956041233146,0.0016825453650910975,-0.00020323855186050598,0.0
2025/05/21 11:30:31.952880241,1747819831,949282496,piren,-0.028399046420424755,0.07900469638327559,0.016567341921469813,-0.0005711794586212936,-0.001084418348133516,-5.0562180063257193e-05
2025/05/21 11:30:32.78359798,1747819832,75745954,piren,-0.02753958765725365,0.07614937548859523,0.01594680648692955,0.0005019040331685464,-0.0018054848593154148,-0.0008027573305229173
2025/05/21 11:30:32.206047269,1747819832,200476373,piren,-0.02623719287315282,0.035867903569773006,0.0018237796034298013,-0.0016981501452320474,-0.0015854124085334935,-0.0008143838884756098
2025/05/21 11:30:32.330986735,1747819832,328139110,piren,-0.025752273711169622,0.04784478030349301,0.007408883564575009,-0.00027957406166099856,-0.0013194832448664019,0.0
2025/05/21 11:30:32.455765220,1747819832,453055843,piren,-0.0249116242691428,0.03392798177638717,0.004216850432225446,6.81201718214659e-05,-0.0004573978577387829,-0.0017829533325065296
2025/05/21 11:30:32.582150255,1747819832,578337248,piren,-0.023904301482460658,0.14361575579350533,0.041868267044175365,-0.00047071880783284377,0.00020735385654351382,-0.0017617389416156256
2025/05/21 11:30:32.737618137,1747819832,733752061,piren,-0.022295988421619672,0.06346867686021118,0.007436892718081586,-0.00024096258084848647,0.001007009379896566,-0.0015739391748345205
2025/05/21 11:30:32.986062877,1747819832,982619315,piren,-0.019623021645025024,-0.1490548694930872,-0.09271886586174431,0.001451272364795422,-9.103660341259586e-06,-0.0022489511700544682
2025/05/21 11:30:33.233654781,1747819833,229664298,piren,-0.017166488702043146,0.03498672758295469,-0.007632114303128208,-0.0013843006254256817,-0.0012329011568016851,-0.00367593533912073
2025/05/21 11:30:33.358640998,1747819833,355134671,piren,-0.01562242024960712,-0.028182725801524793,-0.032007981010030315,0.0005743359656900265,-0.0016988543369627041,-0.004117762276680525
2025/05/21 11:30:33.483275997,1747819833,479900803,piren,-0.014286183192576607,0.02565617254754747,-0.005064110447519998,0.000283595454786566,-0.0014691532848702502,-0.003954136825698818
2025/05/21 11:30:33.610060340,1747819833,605647583,piren,-0.013514368795292405,0.18279450187145074,0.05784452789992073,-0.0012294612925624322,-0.0010663099512251452,-0.0033919353417361624
2025/05/21 11:30:33.737356051,1747819833,730356658,piren,-0.011276415661294042,0.16595931321894797,0.0416771210363142,-0.0007112969337658762,-0.00046582546536532956,0.0
2025/05/21 11:30:33.983490390,1747819833,979963262,piren,-0.009102098866097235,0.02294659509033701,-0.01111287121234141,-0.0008848282410827507,0.00039701378105006456,-0.0018401375656391542
2025/05/21 11:30:34.111743636,1747819834,105660785,piren,-0.0070694408420845685,0.04569819433048824,-0.003834792810928085,-0.00103781853961779,0.0006329486814659791,-0.004051832035092086
2025/05/21 11:30:34.235654882,1747819834,231791816,piren,-0.006914479465556146,-0.04613285080342818,-0.04763852477126662,0.0009790916859545593,0.0004992738542104919,0.0
2025/05/21 11:30:34.362924149,1747819834,358340086,piren,-0.006289985792608864,0.12117947104204328,0.023686744089740044,-0.000261593063591963,7.019479729326961e-05,-0.005678727990665854
2025/05/21 11:30:34.493631098,1747819834,486142288,piren,-0.006245386939604304,0.12658358065736536,0.025886868236120467,0.0013040900234840337,-0.00033327016171622856,-0.0052817869362564345
2025/05/21 11:30:34.616996115,1747819834,614302533,piren,-0.0073679274349435515,0.10367940279254777,0.023636517843697386,0.0013957776994650757,-0.0006092896891673714,-0.0043660293249869735
2025/05/21 11:30:34.744272567,1747819834,741118918,piren,-0.008880570437117888,0.2070703107363942,0.05720570114029418,-0.0005383959981460535,-0.00046919668980909435,0.0
2025/05/21 11:30:34.874825463,1747819834,868570591,piren,-0.009277497309467761,0.16565574225958937,0.02811254034035323,-0.0003049720701904686,-0.00016017798935837206,-0.010520436584904218
2025/05/21 11:30:34.999063000,1747819834,995177658,piren,-0.010690757873461002,0.005416324867778582,-0.03322866923826943,0.00037732484844175555,0.00048283850695424635,-0.004508233350893623
2025/05/21 11:30:35.163394162,1747819835,159012033,piren,-0.011693696396376093,0.13767411677161323,0.010791027718234055,-0.0008996636211137882,0.001189205607126336,0.0
2025/05/21 11:30:35.290033680,1747819835,286101971,piren,-0.012531668350987527,-0.0041977747395696595,-0.044041076239506,-0.00030599073480124553,0.0014742457788030888,-0.011576779408066536
2025/05/21 11:30:35.418134480,1747819835,415107024,piren,-0.01182302377583129,0.1412422914698413,0.0089035274812229,-0.0023133196963342766,0.0014578727506756753,-0.006239265927391531
2025/05/21 11:30:35.544691853,1747819835,541246115,piren,-0.012238950036346417,0.017825799041876134,-0.0354101310672233,-0.0001868129977594652,0.00091365295672887,0.0
2025/05/21 11:30:35.675087619,1747819835,668295539,piren,-0.012378989558872571,-0.017913001438788934,-0.048625616981216355,-0.00013249253201783753,0.0009046589708182573,-0.011954328209244927
2025/05/21 11:30:35.802852808,1747819835,796717193,piren,-0.014678987904690115,0.03555802229785944,-0.025312688012205313,-0.0004231734658975595,0.00019356397032118525,-0.005988369994895608
2025/05/21 11:30:35.926051986,1747819835,923325186,piren,-0.012952857156025828,-0.009027601543580854,-0.04456141665344566,0.0010037566739066089,-0.00038892802939433037,-0.007863886781074993
2025/05/21 11:30:36.53242392,1747819836,50008582,piren,-0.01137683376504468,0.07690549942374436,-0.008009104023059503,0.00020861680886012285,-0.0008432129728608372,0.0
2025/05/21 11:30:36.182610895,1747819836,177306786,piren,-0.010040545120734184,0.10304420256293381,-0.002785340027785923,0.0003570677788162147,-0.000901581560713983,-0.013409248282642193
2025/05/21 11:30:36.305741881,1747819836,303267019,piren,-0.009964402938872132,0.020238415698563286,-0.03567939612592817,0.0010237435633552712,-0.0006607734444265741,-0.005487118228371338
2025/05/21 11:30:36.433368171,1747819836,430086732,piren,-0.010571676727547961,0.19715373652901727,0.03681404928178156,-0.0009777667497080694,-0.00019180622621562293,0.0
2025/05/21 11:30:36.562461112,1747819836,556806931,piren,-0.010504468458824578,0.2013611326041776,0.05061361295481589,0.0014559032643945045,0.000598030720904615,-0.007697804701481942
2025/05/21 11:30:36.697948672,1747819836,686820391,piren,-0.00959322877159928,0.2848317814721683,0.06555647241067368,-0.0019503282910434696,0.0013171621706717944,-0.0072277693440116
2025/05/21 11:30:36.818106309,1747819836,815447527,piren,-0.009132989251703302,0.18611763772764808,0.040666385949597476,0.0019243707507295518,0.0012683587905731577,-0.008112241108014761
2025/05/21 11:30:36.948666800,1747819836,945139213,piren,-0.007850679819524795,0.24603052022108934,0.041107016363902,-0.0022843335275546063,0.0007550954551517302,0.0
2025/05/21 11:30:37.77076656,1747819837,73808512,piren,-0.006120500607247973,0.0897547874985214,-0.017949108318013336,-0.0010015595804306566,9.691533597677242e-05,-0.01778329500726619
2025/05/21 11:30:37.207074566,1747819837,202683050,piren,-0.005804706787888033,-0.018029907756829486,-0.060303750558436515,0.000253082074030443,-0.0009582878004346345,-0.005702377830657232
2025/05/21 11:30:37.333487535,1747819837,330223709,piren,-0.007971171508604904,0.029503941923175934,-0.03813035679031148,-0.00031202467789952237,-0.0014552677364818478,0.0
2025/05/21 11:30:37.462787763,1747819837,456876509,piren,-0.009402192318498022,0.07983830053473293,-0.016158457009950774,0.0012764855688098566,-0.0014779037557590415,-0.008591554150451017
2025/05/21 11:30:37.618221520,1747819837,614564306,piren,-0.008792699863316007,0.09953819350615606,-0.006355153664919802,-0.00035450500321052556,-0.0005714480775294481,-0.006004284141651504
2025/05/21 11:30:37.743619714,1747819837,740465122,piren,-0.010429130783351639,0.13649491865578958,0.007184703484372067,0.0009552053753049539,0.0008022658602999325,0.0
2025/05/21 11:30:37.871814686,1747819837,866981948,piren,-0.011259852442612671,0.13997431968722268,0.009003009199292993,-0.000659776400217792,0.0016288580060222642,-0.01665472770826119
2025/05/21 11:30:38.5752112,1747819837,994779089,piren,-0.010623193415761515,0.16060309920338497,0.01471168046134203,0.0003657698837170689,0.0021487498707060807,-0.008040607176030019
2025/05/21 11:30:38.126266799,1747819838,123357902,piren,-0.011222370879832279,0.15418006160659187,0.02054062602232866,0.0004986889613881105,0.0018672035999206759,-0.009543020672726839
2025/05/21 11:30:38.254505627,1747819838,251658329,piren,-0.010364842044486955,0.27089193188328897,0.037829899645898384,-0.0013900327459496918,0.0007363906018459306,0.0
2025/05/21 11:30:38.381231896,1747819838,378514076,piren,-0.00958267050934585,0.11494202466937323,-0.014799905535949563,0.0003840124466530909,-0.00030821923333995075,-0.01787463502966185
2025/05/21 11:30:38.508709341,1747819838,506297474,piren,-0.009685597686762516,0.11536436642806067,-0.011382283279027086,-0.0009303261347009591,-0.0016177152305614786,-0.0067403773240403775
2025/05/21 11:30:38.638498212,1747819838,632675943,piren,-0.011973014287270132,0.1373221329578318,-0.001837598763181019,0.0007238954156967917,-0.0017925236009607643,0.0
2025/05/21 11:30:38.765384756,1747819838,760226706,piren,-0.013462005080990554,0.13404967751083782,-0.001198099959932935,-0.0003498425165998025,-0.0012384709338614732,-0.011300351625495409
2025/05/21 11:30:38.892464555,1747819838,888344620,piren,-0.01271428670649894,0.15033810195648822,0.004668248478811887,0.0010839195846442924,-1.4526319696926253e-06,-0.009258546837056448
2025/05/21 11:30:39.21283775,1747819839,16078923,piren,-0.013614647367464075,0.14270509370539816,0.010499237494647125,0.0013458141689060038,0.0008331330070064234,-0.010731969188054226
2025/05/21 11:30:39.149592998,1747819839,144187064,piren,-0.013571470869678783,0.25871286788345804,0.03063867820878932,-0.0006233715339094833,0.0017135023954606133,0.0
2025/05/21 11:30:39.277620576,1747819839,272897223,piren,-0.013406403340754129,0.10743444748963303,-0.020684977430409136,0.0009054306189202648,0.0017552107737649424,-0.02321407337596364
2025/05/21 11:30:39.404022287,1747819839,400295638,piren,-0.013820449067612327,0.11366597157311455,-0.015211534968749869,-0.0009247087261020636,0.0011292103938044527,-0.007967281848049517
2025/05/21 11:30:39.532324273,1747819839,528379765,piren,-0.016610395971832455,0.14115696184208215,-0.004173300658347104,0.0003696384266685914,0.00032318358926659933,0.0
2025/05/21 11:30:39.661594235,1747819839,657336623,piren,-0.016809397852376173,0.14131834490701334,-0.002251456859759808,-0.0010768759803664548,-0.0004968733160900595,-0.011769693890549958
2025/05/21 11:30:39.791662366,1747819839,784932811,piren,-0.014900998292839977,0.16000725293045445,-0.0039980630698856715,-0.001383782517632322,-0.0009421936584885141,-0.011256791787422662
2025/05/21 11:30:39.918345060,1747819839,913838582,piren,-0.014157857886025277,0.06000824031628226,-0.03823230003769473,0.0006584683338978367,-0.0012887850768911315,-0.00931212876572316
2025/05/21 11:30:40.76391266,1747819840,73267698,piren,-0.01461671415069285,0.21864769802261674,0.010531418958570207,-0.0009105855792475731,-0.0009623230951418009,-0.006404225118994205
2025/05/21 11:30:40.207262397,1747819840,203586367,piren,-0.014834414003605403,0.0993265118445889,-0.022402482405209322,0.0012055895330413409,-0.00023950245355839055,-0.008959276783051444
2025/05/21 11:30:40.336012349,1747819840,331713179,piren,-0.015618437645769735,0.24556936839066412,0.01808407210264762,-0.0004791413581475162,0.0005938343936291875,0.0
2025/05/21 11:30:40.463923737,1747819840,459319612,piren,-0.016299848951269468,0.11650046109808025,-0.022258641788968934,0.0012304536834802143,0.0009447263099355389,-0.024129139044960394
2025/05/21 11:30:40.590219233,1747819840,587429610,piren,-0.017494303062760112,0.1363782282331544,-0.008943134861412244,-0.000457707012363202,0.0016186358181010955,-0.011936716008351882
2025/05/21 11:30:40.844153750,1747819840,841384684,piren,-0.020024011190682055,0.19530307880080708,0.01830594863929474,-0.0008080529610746728,0.0006145452262662006,-0.013937409723204862
2025/05/21 11:30:40.973553088,1747819840,970120560,piren,-0.021096660376984662,0.2078256706510475,0.010013396843130856,-0.0012262708226394175,-0.0001046437671057776,-0.026178567392515555
2025/05/21 11:30:41.107643104,1747819841,99374718,piren,-0.02176283820229937,0.09586796565379689,-0.023910636409577406,0.0005255254113519686,-0.0010753790891292804,-0.009845786643890516
2025/05/21 11:30:41.231287193,1747819841,227797217,piren,-0.02406491730803881,0.24220568784870034,0.03127422723843015,-0.0011848381407968205,-0.001355083522885085,0.0
2025/05/21 11:30:41.360729108,1747819841,357234775,piren,-0.024477846048146554,0.2295487047336577,0.02546853659746137,0.0005714984092752618,-0.0012544973351397936,-0.01451681613003827
2025/05/21 11:30:41.489334557,1747819841,486540768,piren,-0.022829879537758398,0.19446054699748352,0.014052130649256308,-0.0007230053181236863,-0.00046608127169004505,-0.013043281922756915
2025/05/21 11:30:41.618843566,1747819841,615440755,piren,-0.02248530067390369,0.18999643535374797,0.01069967917342112,0.0008733677642046108,0.00044619655531913995,-0.01424771609297814
2025/05/21 11:30:41.747332542,1747819841,744717441,piren,-0.022937206436909933,0.16675977696510066,0.0023839992205609245,-0.0003329747726562691,0.0013685808388444259,0.0
2025/05/21 11:30:41.878247134,1747819841,874437881,piren,-0.021974120372712857,0.17096608085202947,-0.007284268714070901,-0.000493824071426131,0.0016824604337038087,-0.026198387991137315
2025/05/21 11:30:42.8173947,1747819842,4836125,piren,-0.022665483324384294,0.06253696847312941,-0.04571123813677281,0.0012864413264086496,0.001242823108500882,-0.010951701927915326
2025/05/21 11:30:42.148358683,1747819842,135521007,piren,-0.025316246938301416,0.2136535104343698,0.013051874151647136,-0.0005623145028359539,0.000659250499311093,0.0
2025/05/21 11:30:42.271485288,1747819842,266563956,piren,-0.026169959752440485,0.2086695656944631,0.01071524120560113,0.0007218976745590651,-0.00045034808062705976,-0.014746205707170695
2025/05/21 11:30:42.400936477,1747819842,396450137,piren,-0.02533140824708513,0.18262970304539214,0.0030508979075072194,-0.0010627810330232658,-0.0012139981548602925,-0.011024324444120671
2025/05/21 11:30:42.562674991,1747819842,555944297,piren,-0.02606057191026453,0.1852176501366193,0.003029822883063456,0.0003774992574285862,-0.0011852408499565155,0.0
2025/05/21 11:30:42.690273435,1747819842,687344016,piren,-0.027542386831222003,0.16678883320337745,-0.0026097955209543567,-0.0011354378883077527,-0.00037426871704543673,-0.025449319537291293
2025/05/21 11:30:42.821136271,1747819842,817942433,piren,-0.02811139847127833,0.1756943210258543,-0.00050144509929932,0.00041787918641680855,0.00021325864282726974,-0.014430838510484155
2025/05/21 11:30:42.957366468,1747819842,953039786,piren,-0.02875585954598545,0.16325320380883593,0.0017844126570432284,0.0003608480218024549,0.0009602326945685499,0.0
2025/05/21 11:30:43.86036736,1747819843,83643499,piren,-0.02810566972087939,0.2471483708203331,0.010734522561143834,0.0003688885881959697,0.0012133672876383304,-0.03273149432455266
2025/05/21 11:30:43.343060186,1747819843,337640302,piren,-0.02956330793831112,0.0912825105623293,-0.04185824873527592,-0.0010164184993417097,4.208544696136855e-05,-0.014979396450634409
2025/05/21 11:30:43.471495142,1747819843,467072520,piren,-0.030572006026379644,0.14071551047519315,-0.02809786452231084,-0.0004940566307229279,-0.00037882276924338537,-0.03292127073362632
2025/05/21 11:30:43.599600779,1747819843,597055410,piren,-0.029861097544381196,0.05682659881946323,-0.056047502523069254,0.0009580631087305342,-0.0004911308933471356,-0.01033776575055056
2025/05/21 11:30:43.729664549,1747819843,727115421,piren,-0.0328817055848464,0.2248143099615794,0.010795127813153928,0.00034509458241214987,-0.00035476354349660917,0.0
2025/05/21 11:30:43.858511683,1747819843,855734080,piren,-0.03321191636344541,0.21405026096334073,0.023994175548827667,0.00030307930746628875,-0.00012211332367594827,-0.014761414507521116
2025/05/21 11:30:43.988609406,1747819843,985636559,piren,-0.03026040564284991,0.3215557319116713,0.07523287435242589,0.00023736942589369165,3.48347896652232e-05,-0.01377749023027516
2025/05/21 11:30:44.119040823,1747819844,115045876,piren,-0.028930841465048325,0.38600428692229927,0.05672925147706484,-0.001573574683514834,0.0002620647327193854,-0.01104725993099657
2025/05/21 11:30:44.247018920,1747819844,243928562,piren,-0.03004996809098708,0.17892990485666377,-0.0075340507309688744,0.00033105161220622887,0.00030678084443536895,0.0
2025/05/21 11:30:44.376468976,1747819844,373578334,piren,-0.02950286396058009,0.1456868440191808,-0.016093268318133687,-0.0011331207176685238,0.00022643435810791444,-0.027052576910432922
2025/05/21 11:30:44.510117814,1747819844,503676233,piren,-0.029020861717399316,0.15031018930089673,-0.013366048571168822,0.0005174009779971159,-2.9001928945680513e-05,-0.010087839381458465
2025/05/21 11:30:44.646175945,1747819844,633664228,piren,-0.03243241759268569,0.1377380865827622,-0.024430892701473594,-0.0012806850301574468,-5.093387062856452e-05,0.0
2025/05/21 11:30:44.768766962,1747819844,765904381,piren,-0.03420072317617372,0.03864735695457365,-0.06282823222185008,9.971493081888203e-05,-2.0051100025287937e-05,-0.026524209131807985
2025/05/21 11:30:44.899077753,1747819844,896188728,piren,-0.0334653872784177,-0.018806753187998432,-0.08910902701859348,0.00028683588004103596,-6.378052208678953e-05,-0.00984907851059663
2025/05/21 11:30:45.61329511,1747819845,57489933,piren,-0.03559360965204013,0.08263108153759245,-0.04401732066719499,9.559001473413404e-05,-0.0001693823070933583,0.0
2025/05/21 11:30:45.195054420,1747819845,187976966,piren,-0.036035552320168966,0.16145478339531288,-0.010068742915358675,-8.045798476023826e-05,-0.0002363027448901039,-0.02992907101675733
2025/05/21 11:30:45.327953991,1747819845,323016917,piren,-0.035820603198541634,0.2141556521688092,0.012547677509386892,-0.00017704080933089332,-0.00023138428181499306,-0.013546886981447216
2025/05/21 11:30:45.457040753,1747819845,453985191,piren,-0.03596650439797139,0.24491885477693934,0.025485328915760663,-0.0002536842219042268,-0.00015905696627235773,0.0
2025/05/21 11:30:45.587388402,1747819845,584106374,piren,-0.03488846163565776,0.26014913034955833,0.03173513228093211,-0.0002414845336597268,3.817075263217075e-05,-0.024683573983431472
2025/05/21 11:30:45.717778778,1747819845,714602472,piren,-0.03447808205651395,0.2635605001180114,0.032161155272472944,-0.00015393626102449672,0.00032933869264144413,-0.009741095296510772
2025/05/21 11:30:45.846487891,1747819845,843741440,piren,-0.03564523005391244,0.2569435006603943,0.028526857334524935,-1.8060968296051752e-05,0.00037913781257640285,0.0
2025/05/21 11:30:45.977002418,1747819845,974548508,piren,-0.03518939671547506,0.24732128061926284,0.02388301807719259,7.422616931358818e-05,0.00025850542286587233,-0.023324798657033026
2025/05/21 11:30:46.109064785,1747819846,105047222,piren,-0.03428155553271237,0.23552257651059116,0.018120890414986896,0.0002112346779476112,-7.254859161205001e-05,-0.009075803585722575
2025/05/21 11:30:46.239663668,1747819846,235338698,piren,-0.035604533798174055,0.22433015963391165,0.0129211087169208,0.0002722998665718369,-0.00043287153984981067,0.0
2025/05/21 11:30:46.501201459,1747819846,497412446,piren,-0.031991231938775046,0.20497199508880043,0.004004017567212717,0.00014424641663791333,-0.0005606294768568398,-0.0055050093649609225
2025/05/21 11:30:46.644274299,1747819846,637068037,piren,-0.031594904023205236,0.19819601043840424,0.0011230790195060388,4.587626773491783e-05,-0.00025860244869726806,0.0
2025/05/21 11:30:46.774728529,1747819846,771330150,piren,-0.031750760729979746,0.19425233217713014,-0.0008067631190808837,-0.00010810632549440332,0.0002659357288358366,-0.012960654112009666
2025/05/21 11:30:46.905154791,1747819846,902382629,piren,-0.033033050209271185,0.1920707840564983,-0.0019048666760710451,-0.00021227076161861195,0.0005658150845956805,-0.008312945316443493
2025/05/21 11:30:47.35634068,1747819847,32553162,piren,-0.035103836521911624,0.19083964689445104,-0.0024578414226664193,-0.00022578184665292034,0.0005648286893700316,0.0
2025/05/21 11:30:47.168994978,1747819847,162708848,piren,-0.03530683217734737,0.1904357018718036,-0.0025391892465324575,-0.00016278332718389093,0.00023335380533826407,-0.011495523306043602
2025/05/21 11:30:47.299246101,1747819847,295436969,piren,-0.03442108546723374,0.19071919541543544,-0.00227630595340761,-4.092738785341342e-05,-0.00026547653171067766,-0.010568018880206505
2025/05/21 11:30:47.430132626,1747819847,427898908,piren,-0.03432655965896991,0.19128773587648176,-0.0018674366383146142,5.0633693285530975e-05,-0.0005616299753990264,-0.011305435725420886
2025/05/21 11:30:47.593800325,1747819847,590772732,piren,-0.03454267256431749,0.19289051721582567,-0.001300965599830819,0.00018489596259146316,-0.0007902200704852689,-0.005887793723136128
2025/05/21 11:30:47.724971693,1747819847,721421704,piren,-0.03475229015745249,0.19395329538912398,-0.0007685809177216893,0.00021146147650687392,-0.0004898536751437321,-0.010765663801220593
2025/05/21 11:30:47.857177061,1747819847,853761743,piren,-0.035101759701011016,0.19451959426635024,-0.0003585714186206394,0.00017866042134852573,4.23266379290674e-05,0.0
2025/05/21 11:30:47.989045991,1747819847,986219521,piren,-0.03479952987083845,0.19514595936829635,-8.319392526892113e-06,0.00012047563821667675,0.0003501263762017624,-0.019344588046811273
2025/05/21 11:30:48.122118803,1747819848,118008488,piren,-0.03542302164489846,0.19631124077359569,0.00019960092774063984,1.2700053606535945e-05,0.0005451011111175389,-0.007309763250373071
2025/05/21 11:30:48.253181642,1747819848,249438309,piren,-0.037184344839151076,0.19841003309961,0.00034541391466396754,-9.614412028247333e-05,0.0003892667013645862,0.0
2025/05/21 11:30:48.384650090,1747819848,381393803,piren,-0.036946664650390454,0.19948474369630764,0.0004391804203963436,-0.00017272432637230022,-2.8730300911129006e-05,-0.01808129917997699
2025/05/21 11:30:48.520845743,1747819848,515360679,piren,-0.0360144209687666,0.19956128353426084,0.00048665771771867517,-0.0001826446301868455,-0.000346259491031762,-0.009609429375889744
2025/05/21 11:30:48.652862012,1747819848,649489177,piren,-0.03523517556608844,0.19869150342682199,0.00048594910753498217,-0.00014010572520105905,-0.0005798521646834358,0.0
2025/05/21 11:30:48.786241896,1747819848,782937753,piren,-0.034882049058502534,0.19893922135676065,0.00038489729975051254,-2.804878975700316e-05,-0.00039419185497128844,-0.020784804125120522
2025/05/21 11:30:48.918601339,1747819848,915489666,piren,-0.034915400638080546,0.19885919905664898,0.00030109110316697856,5.0769538028051075e-05,-0.00021784672366806482,-0.009241847082943929
2025/05/21 11:30:49.62955381,1747819849,49424527,piren,-0.034832508402848926,0.19765440682088695,0.00017795553870721194,0.00016388972657701501,2.2143595239361765e-05,0.0
2025/05/21 11:30:49.198431541,1747819849,185965695,piren,-0.033963325348592074,0.19817428818698402,0.00014094956927682603,0.00019866709673084848,0.0001635950104751558,-0.015977915801550207
2025/05/21 11:30:49.322885986,1747819849,319390604,piren,-0.0332046292683767,0.19827909891669374,8.310097739425154e-05,0.0002107345485605623,0.0001741181191867195,-0.008708609208816664
2025/05/21 11:30:49.456049323,1747819849,452669831,piren,-0.03279597307797179,0.1978927942802729,7.393366041953815e-05,6.58962026718349e-05,0.0001242278145707039,0.0
2025/05/21 11:30:49.589232930,1747819849,585299670,piren,-0.03233109397327545,0.19809883031047162,0.0003442764790569255,-6.0609545185026535e-06,0.0001058553420810983,-0.014608891202168035
2025/05/21 11:30:49.722519008,1747819849,718631019,piren,-0.032124814002216756,0.1984720930468455,0.00013349209887360725,-0.0001076030606092148,0.0001443986777263616,-0.0059758827898508254
2025/05/21 11:30:49.855212448,1747819849,852391256,piren,-0.03270633519156227,0.19853615841336558,2.9124442073003896e-05,-0.00014554139356957462,9.212664824978062e-06,0.0
2025/05/21 11:30:49.989466437,1747819849,986471670,piren,-0.03223204236087093,0.19844902894704736,-2.2507159484829185e-05,-0.00013038991785919838,-0.00019087809416239057,-0.01412793756527454
2025/05/21 11:30:50.153881705,1747819850,150640793,piren,-0.03106369643418694,0.19750023092216387,-3.492513158379461e-05,-4.202724930411734e-05,-0.0004440101501627635,-0.0069888692678053525
2025/05/21 11:30:50.288570808,1747819850,285550639,piren,-0.030510431876582637,0.19764230604400182,-4.339690625786415e-05,6.848431344278878e-05,-0.0005815023215554607,-0.0063259155604586505
2025/05/21 11:30:50.421966882,1747819850,418888654,piren,-0.028995113998182474,0.19666180565816657,-0.00012726819043358393,0.0002064225259517346,-0.0005799507997572594,-0.006427990404573901
2025/05/21 11:30:50.554414714,1747819850,551615885,piren,-0.028273848298111227,0.19612270206404178,-0.00014328985054229014,-5.273906190114118e-05,-0.00038756719278187527,0.0
2025/05/21 11:30:50.687939039,1747819850,685105987,piren,-0.02774523176105375,0.19919120701813806,0.0009761446649045581,6.181175539932471e-05,8.947884705930688e-05,-0.011290962465506111
2025/05/21 11:30:50.822403083,1747819850,818637144,piren,-0.02750142757996864,0.19870752757217028,-0.009885126549568213,-0.0014548866679728956,0.00032999353112161153,-0.005644318909403784
2025/05/21 11:30:50.956098134,1747819850,952329934,piren,-0.027685479972908576,0.10115367462421924,-0.03913851256594138,0.0019521624827030072,0.0004346380492774864,0.0
2025/05/21 11:30:51.98458152,1747819851,86955367,piren,-0.02747398106126371,0.24108603049704302,0.002095851142092744,-0.002573556524926206,0.000276065465828826,-0.010969953025005728
2025/05/21 11:30:51.239005409,1747819851,222827438,piren,-0.026841114899337992,0.1453679010440779,-0.03480755018017339,-0.0006496318617701725,-7.291207394569534e-07,-0.004628049697331325
2025/05/21 11:30:51.361791752,1747819851,357130425,piren,-0.02660340946684582,0.06833606653295314,-0.05987681031203653,-0.00022123655454596458,-0.0004564142418314214,0.0
2025/05/21 11:30:51.493573541,1747819851,490800111,piren,-0.025177233019431974,0.14662482006784477,-0.01612881157971317,0.0020817325411495577,-0.0008141748534614305,-0.007635002941758011
2025/05/21 11:30:51.629745117,1747819851,624329487,piren,-0.023633518725014444,0.29313797536670827,0.025807981942750163,-0.0007705422972602942,-0.0007487921900829178,-0.003930829061861636
2025/05/21 11:30:51.763022683,1747819851,759055784,piren,-0.023024067044545765,0.20617378886273258,0.015091081562260421,0.0008279448120803388,-0.0005691570265849613,0.0
2025/05/21 11:30:51.895689380,1747819851,892296592,piren,-0.021674319516382407,0.337686644159477,0.03704722073747491,-0.0011726181722893035,-0.00019111267900935412,-0.005732307101580898
2025/05/21 11:30:52.30867039,1747819852,27329027,piren,-0.021067556272040936,0.19334294700878038,-0.003236498291834013,-0.00021981041248474468,2.619412352651623e-05,-0.002720117567600461
2025/05/21 11:30:52.164182951,1747819852,160599735,piren,-0.020010451099789904,0.20796701918757546,0.019600848300901908,0.00017778823828112136,0.00024337143041898473,0.0
2025/05/21 11:30:52.300139520,1747819852,296435821,piren,-0.01852751594655104,0.33626977350156984,0.03610506661034478,-0.0007213135095870001,0.00023276960056130795,-0.0025098466597495207
2025/05/21 11:30:52.436092207,1747819852,431788864,piren,-0.017494880326111777,0.1740557626412027,-0.01240897831936317,0.0003237886947605775,0.0001571539321271026,0.0
2025/05/21 11:30:52.571975920,1747819852,567237291,piren,-0.016980378133564702,0.17748060709817043,-0.006817304921339164,-0.00012227788396645522,-2.8974982095358438e-05,-0.0018478941037932321
2025/05/21 11:30:52.735731171,1747819852,732840840,piren,-0.01620003014622304,0.18970049492556554,0.010412922745287625,0.0011696130755657985,-0.000439790943373966,-0.0010472335758993805
2025/05/21 11:30:52.871231646,1747819852,867426517,piren,-0.015499097605197028,0.3024787758571125,0.04569327923467764,-0.0006193078644746441,-0.000575226613906182,0.0
2025/05/21 11:30:53.4774081,1747819853,1603884,piren,-0.014462490800829654,0.26544867427815877,0.029640792961955553,0.0004645723357642598,-0.0005810517967538118,-0.0010646334392529762
2025/05/21 11:30:53.146638776,1747819853,136510110,piren,-0.013998023306928883,0.21828530560126944,0.024937488032938913,0.0008349524931920788,-0.00038087511486970297,0.0
2025/05/21 11:30:53.280825062,1747819853,271341442,piren,-0.013058211639070033,0.3065586437307551,0.02742488832171147,-0.0011481194188971882,-0.00014055838456312637,-0.0013599999934958537
2025/05/21 11:30:53.414907034,1747819853,405989437,piren,-0.01240135240423585,0.13569595210193788,-0.021329786749793314,0.001307827037238319,0.00011718369162409348,-0.0003909580607349967
2025/05/21 11:30:53.546002734,1747819853,541851253,piren,-0.011080842341547263,0.24101436327761558,0.015033723735261604,-0.0004814495000579503,0.0003476841393386691,0.0
2025/05/21 11:30:53.681936260,1747819853,678704236,piren,-0.010597052835774105,0.20800585495013077,0.0029299527935721173,0.00015296733070067445,0.00032276328750150356,-0.0005532312377678976
2025/05/21 11:30:53.819170931,1747819853,813023719,piren,-0.010474106323864446,0.17910266461681296,-0.007891460233914486,0.0004147067835290536,0.00028410463087880544,-9.766708729496478e-05
2025/05/21 11:30:53.951563681,1747819853,946183748,piren,-0.01002061983138883,0.1586606512520076,-0.015122444245038445,-0.00045178980646777447,8.022386387767753e-05,0.0
2025/05/21 11:30:54.83502003,1747819854,80774469,piren,-0.009753128764219379,0.16168356089583988,-0.008597601170625274,-1.856388252545791e-05,-0.0001590548283046719,-0.00023885581017914995
2025/05/21 11:30:54.347320160,1747819854,344736995,piren,-0.008941533385895872,0.23363705368960644,0.013099477073854605,0.0007057028404749707,-0.000308500852048555,-0.00021299546670436873
2025/05/21 11:30:54.481650976,1747819854,479189912,piren,-0.008562226383098469,0.20070724877836021,0.0018860245436025636,-0.000699962219733149,-0.0002715872373678951,-0.00022445842770989685
2025/05/21 11:30:54.616948570,1747819854,612815464,piren,-0.007488587769602144,0.2003728305546295,-0.011477179376444982,-0.000767000939671982,4.359957212114323e-05,-2.1903153702623837e-05
2025/05/21 11:30:54.752808733,1747819854,746943469,piren,-0.007775258943229592,0.08375716074259494,-0.05323022467485049,0.0007869469332812134,0.0003504902833931196,0.0
2025/05/21 11:30:54.886333851,1747819854,882407659,piren,-0.007678614484232623,0.1165598755251651,-0.03708685197182179,-0.000664674240813071,0.00047195758506117296,0.00011059127673925311
2025/05/21 11:30:55.22121703,1747819855,19437730,piren,-0.006535770180517694,0.168284264825333,-0.02430035419088005,-0.0008654391941171696,0.000523820213404498,5.6843553810510395e-05
2025/05/21 11:30:55.156871399,1747819855,154311582,piren,-0.006239581394908281,0.08960904533638045,-0.05165609148762487,0.0006449649115966324,0.00020664145222371846,0.0
2025/05/21 11:30:55.327713416,1747819855,321931489,piren,-0.005787062252006599,0.1507212739445479,-0.01527007609855109,0.0007310607322499354,-0.00020035639272741735,2.0928087627770048e-05
2025/05/21 11:30:55.462007367,1747819855,457336365,piren,-0.004617450398719469,0.31364248916239107,0.044066501871021395,-0.0008573058646537368,-0.00043453908487217483,0.0
2025/05/21 11:30:55.596294956,1747819855,593641121,piren,-0.003802446408821561,0.3073576395616426,0.02392386673813732,-0.0009361636120469437,-0.00032386933162063765,0.0001268354715620063
2025/05/21 11:30:55.732490706,1747819855,729703542,piren,-0.004365568415750469,0.17570385212467132,-0.004348721920430206,0.000821941866781606,-0.00014648415385081707,0.00011212917227447429
2025/05/21 11:30:55.866775356,1747819855,863423905,piren,-0.003939172397363605,0.31118370259696615,0.04344287035203154,-0.0007007993417228764,0.0002111582518321287,0.0
2025/05/21 11:30:56.863538,1747819855,998062146,piren,-0.0035394413582598705,0.2899755623815829,0.018355613498055735,-0.0007738935827899093,0.0004426351230603003,0.00022579126446301755
2025/05/21 11:30:56.135484382,1747819856,132170989,piren,-0.003983630339743263,0.14667824465392518,-0.026555425093610162,0.0008362781223567534,0.0003981943702494487,0.0
2025/05/21 11:30:56.402214010,1747819856,398609912,piren,-0.0039821737249618044,0.16360965290768748,-0.02472143127341826,-0.0008066141854731112,2.6694358956095312e-05,0.00013776957597462825
2025/05/21 11:30:56.536614012,1747819856,533808205,piren,-0.003760711008543277,0.08499947555933611,-0.046559275807712776,0.000851777485058066,-0.0001986300165308724,0.0
2025/05/21 11:30:56.672355594,1747819856,669333707,piren,-0.002866559555075962,0.2606036540128826,0.02322301589793627,-0.0008458313714054792,-0.00018502988303555247,0.0003022423498826519
2025/05/21 11:30:56.808362290,1747819856,804630370,piren,-0.0025285506658570267,0.270288828155137,0.012616623433484662,-0.001055447846725792,-7.123329351182823e-05,0.0001854054983902226
2025/05/21 11:30:56.946145790,1747819856,939944860,piren,-0.0029612748527508906,0.1487826621828676,-0.024368286165349216,0.0005259137680127465,4.2706519803718054e-05,0.0
2025/05/21 11:30:57.87109707,1747819857,76526013,piren,-0.0031492418719678006,0.17342646016731247,-0.009640844728972767,-0.0008931786751972019,0.00012158216568015638,0.00037372567911831214
2025/05/21 11:30:57.215972690,1747819857,212538732,piren,-0.0024745652620743186,0.21355064520070546,-0.005239443608062672,-0.000914392884551296,0.00019118688635382346,0.00010131186117548802
2025/05/21 11:30:57.350520779,1747819857,348355747,piren,-0.002813258886001386,0.12095622147336677,-0.03539911131810007,0.0008046635245086456,0.00012787096700086836,0.0
2025/05/21 11:30:57.489288745,1747819857,485082645,piren,-0.003046374502833786,0.1654532374643416,-0.013534725017223017,-0.0005623827608314789,0.0001133925634767268,0.00014667701098627881
2025/05/21 11:30:57.623547440,1747819857,620874953,piren,-0.002875373443300064,0.2186568439079699,-0.004373802183365624,-0.0006782239615395238,0.00020889702575819602,-0.00013939214951115387
2025/05/21 11:30:57.762844308,1747819857,756327515,piren,-0.0037358367720703133,0.134579778803199,-0.031003557578578412,0.0008591995527168234,0.00020032420192414138,0.0
2025/05/21 11:30:57.927842875,1747819857,922204186,piren,-0.004302206947807315,0.18643587604940404,0.0038077809234471145,0.0008933224934245476,0.00010816893134634838,-0.0003894845997868061
2025/05/21 11:30:58.62730193,1747819858,58309570,piren,-0.0038805014101232493,0.3397868267357689,0.05673281416558785,-0.000809775728955129,2.1187885035903385e-05,0.0
2025/05/21 11:30:58.198202743,1747819858,194908161,piren,-0.003582927910443165,0.325675556249443,0.03133428948024505,-0.0010150674701374061,-6.369963274259934e-05,-0.0004989666511223679
2025/05/21 11:30:58.336707127,1747819858,330115265,piren,-0.004207002619548678,0.18641865501522903,0.0014708001348734128,0.0006946869052946645,-0.000132388560414421,0.0
2025/05/21 11:30:58.471462635,1747819858,467590753,piren,-0.00387237523209176,0.3158835093650397,0.045862060630941205,-0.0008622554276981018,-0.0001706263562346567,-0.0005137310354842684
2025/05/21 11:30:58.607761302,1747819858,604804539,piren,-0.0036410374543389967,0.28750506612721377,0.01853400409086324,-0.0009054172218957872,2.0096533371605602e-05,-0.00034133102223694975
2025/05/21 11:30:58.743491985,1747819858,740003414,piren,-0.004796279231331697,0.13939357225376606,-0.027992645628381836,0.0007978519502086539,0.00042800967190099803,0.0
2025/05/21 11:30:58.883685210,1747819858,876248569,piren,-0.005734381663832812,0.14906033752080375,-0.02006329972528709,-0.0006221126264001298,0.0005513376693538031,-0.0014536170397510568
2025/05/21 11:30:59.18600880,1747819859,14540068,piren,-0.005513149547975285,0.1800428922917384,-0.016517084559684356,-0.0007283111774111538,0.0004965370230468657,-0.0004980018728186927
2025/05/21 11:30:59.154133192,1747819859,151114136,piren,-0.006188161493448035,0.0860583043284393,-0.048672995025177516,0.000835640477273522,0.0001843597036713603,0.0
2025/05/21 11:30:59.291487475,1747819859,287711172,piren,-0.006501894987087465,0.13771018510426553,-0.01707570237018517,0.0009000983123866731,-0.00021739104745443374,-0.0012800028718259456
2025/05/21 11:30:59.426874485,1747819859,423339941,piren,-0.006524761278511117,0.13480535139553798,-0.03290735566242445,-0.0008708640097319306,-0.0003764945663921597,-0.0008185438455186539
2025/05/21 11:30:59.569378241,1747819859,560266906,piren,-0.006568324626321462,0.08412880063901725,-0.04996340419918373,0.0006477612807182283,-0.0004960602985202664,0.0
2025/05/21 11:30:59.702371942,1747819859,696017947,piren,-0.006569399466237538,0.16229613199375198,-0.005484570997908763,0.000760322427892622,-0.00029290096518904416,-0.0007677322312015207
2025/05/21 11:30:59.836681069,1747819859,832959818,piren,-0.005973897138635623,0.3354008722274279,0.03526520019413998,-0.0009559000488138118,-6.012800197009684e-06,0.0
2025/05/21 11:30:59.974765280,1747819859,968818444,piren,-0.00623186701375348,0.2092481921387443,0.0009784045977993818,0.0006778104825329058,0.0003325555894687797,-0.0006716535610486341
2025/05/21 11:31:00.108130745,1747819860,105778920,piren,-0.006437395887251993,0.2246036253352369,0.0255465066821085,0.0008761667935403625,0.0004624074158572689,-0.0004202754374761659
2025/05/21 11:31:00.245777679,1747819860,242684229,piren,-0.005794238669615981,0.35257590063653477,0.0658155347195254,-0.0006806801052334767,0.0003591076319111721,0.0
2025/05/21 11:31:00.383913128,1747819860,381023860,piren,-0.005275286938218063,0.3214516997657803,0.05193340494853381,0.0008238285650747382,0.0001559490360841351,-0.0009225514661925963
2025/05/21 11:31:00.553363323,1747819860,550410021,piren,-0.006033472676484172,0.2623579765369551,0.029077921892284923,0.0008328560573363382,-0.00029411063980053887,-0.0003462301334226542
2025/05/21 11:31:00.689841652,1747819860,687260149,piren,-0.006674322695633311,0.21500113772177082,0.024500622086232975,0.0009436717054598422,-0.00031232007192895643,-0.0003990838056087391
2025/05/21 11:31:00.827741684,1747819860,824770234,piren,-0.006621305791584126,0.3055522485408575,0.027758732066520922,-0.0008353890680692616,-0.00018537987748536573,-0.0005329805709589128
2025/05/21 11:31:00.964868804,1747819860,962157311,piren,-0.00729117323326765,0.12897757565948803,-0.02983175932341474,0.0006681192626976915,2.380962896272275e-05,0.0
2025/05/21 11:31:01.101497937,1747819861,98702157,piren,-0.007712127392854214,0.12430796945143206,-0.022037950525414907,0.0007419663069752878,0.0001929570396208048,-0.0006120147248758109
2025/05/21 11:31:01.237739894,1747819861,235172978,piren,-0.007144389566760868,0.24311726849557777,0.020626530732340817,-0.0008610405203411542,0.0002940312602118541,0.0
2025/05/21 11:31:01.512046201,1747819861,506905205,piren,-0.006359019970573795,0.193219188512064,0.014222055118620337,0.0008497690714500903,5.614265224104483e-05,-0.00024743045054587343
2025/05/21 11:31:01.647534149,1747819861,644890483,piren,-0.006263317070726929,0.27895033496474575,0.03762366043807922,-0.0006654858967865425,-0.00011318718609556474,0.0
2025/05/21 11:31:01.785437761,1747819861,782774498,piren,-0.006649549608436479,0.22688387841436172,0.015299374649796317,0.00085837080579143,-0.0001278297842562665,-0.0009434310529166777
2025/05/21 11:31:01.923464333,1747819861,919870075,piren,-0.0077797914056691175,0.16894198033781255,0.003529715581983095,0.0010254174589131645,-0.00014994763448072384,-0.0003107109929719452
2025/05/21 11:31:02.72981110,1747819862,58061131,piren,-0.007825544122464431,0.25343986510228084,0.02742895613782764,-0.000602344913316617,-0.0001112611493211024,0.0
2025/05/21 11:31:02.205734320,1747819862,200983991,piren,-0.007662366854761217,0.19998473355035107,-0.005932649625529335,-0.0008149631266129821,-5.434060066799331e-05,-0.000389321361626597
2025/05/21 11:31:02.345555712,1747819862,342506626,piren,-0.008152752549907289,0.04629403662237981,-0.060742988781104346,0.0006761747156539117,-2.366290411285106e-05,0.0
2025/05/21 11:31:02.486099898,1747819862,481501968,piren,-0.0083602831602286,0.0653215790344979,-0.04789193194922477,0.0007338260516695281,-2.0222544139556368e-06,-0.0006606640761969086
2025/05/21 11:31:02.625455033,1747819862,622070631,piren,-0.007679077363771353,0.20132639732979837,-0.007223335271283418,-0.0010127690024236253,3.5047697320546464e-05,-0.0002802732032630069
2025/05/21 11:31:02.765031917,1747819862,762342918,piren,-0.0078013522308619,0.07153008908139066,-0.05101191644199715,0.0006017725451529652,0.00016349698348916937,0.0
2025/05/21 11:31:02.906768164,1747819862,903362487,piren,-0.008026693208347011,0.10106237899678552,-0.029682255216450848,0.0008257721836515965,0.00013149120136573715,-0.000241459594645292
2025/05/21 11:31:03.46860072,1747819863,43468590,piren,-0.0071569066031621775,0.2454748106796245,0.026043534484838985,-0.0006650348878827192,-5.610580685228817e-06,0.0
2025/05/21 11:31:03.220953496,1747819863,213674693,piren,-0.006499721619354658,0.23455691142637347,0.008922608544030366,-0.0007205041851101156,-0.0001966910229186223,-0.0001701882378205444
2025/05/21 11:31:03.355795060,1747819863,352584770,piren,-0.006880051518242791,0.10255040724211556,-0.034592920528177945,0.0008875667314150156,-0.00035578437040016464,0.0
2025/05/21 11:31:03.499017734,1747819863,491847017,piren,-0.007167321607970532,0.1259408838272784,-0.014437023698701106,0.0009760757611157517,-0.00036083244823090807,-0.00019751991522811666
2025/05/21 11:31:03.637703544,1747819863,633084701,piren,-0.006625290031789376,0.2653352461109883,0.03625695232310832,-0.0007068020620262304,-0.00010915996083403314,-9.360221599987984e-05
2025/05/21 11:31:03.777004301,1747819863,772411800,piren,-0.006656095753665089,0.24873328827535582,0.02890855317012666,0.0006917191245838487,0.000157966821369963,0.0
2025/05/21 11:31:03.915796453,1747819863,912985597,piren,-0.0073045974197964506,0.20848735476207342,0.027553281483870887,0.0007656076562298582,0.0004143490442078644,-8.823206704841413e-05
2025/05/21 11:31:04.55260336,1747819864,52273013,piren,-0.006729830436389264,0.29925525550341625,0.0518162662459141,-0.0008493165684741572,0.0004215671744823975,0.0
2025/05/21 11:31:04.194911285,1747819864,191251406,piren,-0.006033302332248157,0.24562795421468545,0.01454270410971664,-0.0009532323993168363,0.00016432381705782476,-9.043158972118566e-05
2025/05/21 11:31:04.336044090,1747819864,332915773,piren,-0.0062129710928550425,0.08913674817619427,-0.03461216770789777,0.0008095523956276863,-0.00012133933941470485,0.0
2025/05/21 11:31:04.475416959,1747819864,472086748,piren,-0.005578706053912669,0.21289920927036746,0.012914464348017116,-0.0007230373863713358,-0.00039903160848347703,-1.719955737463051e-05
2025/05/21 11:31:04.615494166,1747819864,612454345,piren,-0.005168707058953295,0.18903997618920934,-0.005671757398373074,-0.0007732916738434333,-0.00027685704499317117,-2.4224147036540184e-05
2025/05/21 11:31:04.755627881,1747819864,752211277,piren,-0.005726789523594946,0.055981781411935196,-0.05215889773416305,0.0008707595686158618,-0.00019419094631819607,0.0
2025/05/21 11:31:04.894578642,1747819864,892140300,piren,-0.006416929744876591,0.08463768648478481,-0.03317617588042934,0.0010158439446944776,-7.038866256127119e-05,-0.00028257098652459726
2025/05/21 11:31:05.35132183,1747819865,31696761,piren,-0.00607544943150113,0.22662288033711578,0.006977469101235013,-0.0007375122538650035,5.6690967175346736e-05,0.0
2025/05/21 11:31:05.175805681,1747819865,171920145,piren,-0.006390186042520403,0.09419561454954274,-0.03609704363012349,0.0007695092272534064,9.176581175999821e-05,-0.00026115388509534275
2025/05/21 11:31:05.321890342,1747819865,313884692,piren,-0.006369211834560604,0.11849060016977435,-0.015956813860979604,0.0008074258304985039,6.007184421227645e-05,-0.00018933314322114338
2025/05/21 11:31:05.458341624,1747819865,454742858,piren,-0.005331153603143048,0.2572228332298628,0.03575258406196347,-0.0008766318681824378,-1.1609586757591645e-05,0.0
2025/05/21 11:31:05.605806680,1747819865,599022659,piren,-0.004382283031987351,0.23995999984763086,0.015176880264406426,-0.001029677152400277,-0.00011856768534203485,-0.0002967487856409597
2025/05/21 11:31:05.774854848,1747819865,771469176,piren,-0.004456973146003119,0.10146055563461359,-0.030847712916398016,0.0005808985583674325,-5.7997288155060896e-05,0.0
2025/05/21 11:31:05.916847982,1747819865,911691366,piren,-0.004651188749690106,0.12014369007367373,-0.013236402205833362,0.0007967864005513191,-2.1888620810874382e-05,-0.0002862037947234002
2025/05/21 11:31:06.54558318,1747819866,51983705,piren,-0.003936359860658392,0.2563670575466204,0.0361726248041398,-0.0006923085210911965,3.1483372113045024e-06,0.0
2025/05/21 11:31:06.197029151,1747819866,192715947,piren,-0.0032845883467075496,0.23578264248922956,0.014188513529099176,-0.0007368861404663037,-3.366837894802159e-05,-0.00030459659739652675
2025/05/21 11:31:06.339476060,1747819866,333560142,piren,-0.003641273126702458,0.10029319616394923,-0.025527272310387587,0.0010166092445189452,-0.00010533465721056936,0.0
2025/05/21 11:31:06.481821607,1747819866,476397099,piren,-0.0031982302495929885,0.2362648129769836,0.026402558419392746,-0.0005869283814781314,-0.0001401037516275823,-0.0002960412156459576
2025/05/21 11:31:06.626317266,1747819866,620665757,piren,-0.0028762458945709585,0.21922135147487096,0.007715969507137277,-0.0007816369651170308,-0.00012883745991066988,-0.0002111695359225953
2025/05/21 11:31:06.764059485,1747819866,761044601,piren,-0.003541495948092492,0.08413272901871167,-0.037945711017584434,0.0007079887809314239,6.35928399167173e-05,0.0
2025/05/21 11:31:06.904794220,1747819866,901306713,piren,-0.004165559758392275,0.10715519130290214,-0.019449522067732483,0.0007546953218525249,0.00020291499898772853,-0.0002969834409163973
2025/05/21 11:31:07.44104266,1747819867,40976896,piren,-0.003541914352796667,0.24602111055444767,0.032628365659940144,-0.0008974137465742006,0.00025663460406804455,0.0
2025/05/21 11:31:07.185120593,1747819867,182030201,piren,-0.0028957063763838317,0.2301674630100782,0.01296234175849146,-0.0010314763295729173,0.00014033884715277745,-0.0008984907345442958
2025/05/21 11:31:07.327492443,1747819867,322953095,piren,-0.0029225064383292393,0.22711863704843493,0.039522804925221415,0.0007296531085422108,-3.976583392917926e-05,-0.000469881949462585
2025/05/21 11:31:07.466124653,1747819867,462901971,piren,-0.0024927888591123742,0.30415190003344483,0.057315778503633605,-0.0007708740811717208,-0.00022839362242587825,0.0
2025/05/21 11:31:07.606719745,1747819867,603260085,piren,-0.002245301910685435,0.24054384098876602,0.01638058754615099,-0.0007942753883811624,-0.0003243860386856452,-0.000553056664908866
2025/05/21 11:31:07.748408317,1747819867,742883209,piren,-0.002919476460926343,0.07075779620842175,-0.04255077940384022,0.000864230264316859,-0.00042263377631894067,0.0
2025/05/21 11:31:07.888214355,1747819867,884615446,piren,-0.0030576250739808054,0.06826455647855247,-0.04053818273369512,-0.000556866493083846,-0.0004035978602043732,-0.0006243236532577755
2025/05/21 11:31:08.59712833,1747819868,57198649,piren,-0.0025319653852176605,0.102154127309562,-0.024965613540135323,-0.0005724379050797701,-0.00011973307898304203,-0.00022968522529911222
2025/05/21 11:31:08.203240229,1747819868,197594198,piren,-0.0023901449236058553,0.1306208829885392,-0.020112119722895214,-0.0007999851644382781,0.00019112967590552757,-0.00021378562031348328
2025/05/21 11:31:08.340308713,1747819868,336900791,piren,-0.002891579577562301,0.04020967083904728,-0.053306540064485215,0.0008473100467368857,0.0003084425387319732,0.0
2025/05/21 11:31:08.481014791,1747819868,477237608,piren,-0.002543497957164631,0.2089721474683898,0.01479965596732352,-0.0008570713349547708,0.00043981931092945366,-0.00036931752852694267
2025/05/21 11:31:08.621611866,1747819868,616932086,piren,-0.0021675977692670115,0.21542872438073882,0.005916535932835524,-0.0010625193499360938,0.00033834017053691853,-0.0003236973479900746
2025/05/21 11:31:08.762873024,1747819868,757351406,piren,-0.002627351001680052,0.09515919679781426,-0.03379076966170209,0.0005348405821694975,0.0002466688825809985,0.0
2025/05/21 11:31:08.900961977,1747819868,897374699,piren,-0.0032896661522617693,0.12573466294095492,-0.010786959041367549,0.0007639330841295162,5.45965051745928e-05,-0.0006158670202329427
2025/05/21 11:31:09.40623067,1747819869,37137131,piren,-0.002964498851641628,0.26861196810614574,0.04130054555322352,-0.0006903875383300587,-0.0001577413654020351,0.0
2025/05/21 11:31:09.183685731,1747819869,177879241,piren,-0.002688091228006742,0.25315764978634414,0.034425124489755606,0.000855513216850381,-0.0002878662438020082,-0.0011404040300934811
2025/05/21 11:31:09.323778627,1747819869,320646553,piren,-0.0032674752706775625,0.21162875366351813,0.03301970689588923,0.0010736936286380773,-0.0003770410515261722,-0.0004694236566355907
2025/05/21 11:31:09.465065344,1747819869,461961362,piren,-0.0030976971711263873,0.30023691518642204,0.05626629147782544,-0.0005231332279025557,-0.00025391288422716834,0.0
2025/05/21 11:31:09.606846215,1747819869,602560654,piren,-0.002912942384749935,0.24390462718849537,0.018043829274273355,-0.000732593854789508,-4.624689447835977e-06,-0.0007909866932852962
2025/05/21 11:31:09.747914321,1747819869,744551065,piren,-0.00330814557589457,0.07848934458854094,-0.039096609814507514,0.0007208862711643292,0.0005762143716984165,0.0
2025/05/21 11:31:09.898438395,1747819869,886700602,piren,-0.004288753931050441,0.08035690693764522,-0.03198812779678126,0.0007292291250513035,0.001078842093103905,-0.0013618753112872195
2025/05/21 11:31:10.32559076,1747819870,28329233,piren,-0.004424909033977416,0.20875455457923023,0.0032614169419198065,-0.0010481994153902661,0.0013034866684746994,-0.0007361238236414463
2025/05/21 11:31:10.173305953,1747819870,169272535,piren,-0.00496920622618718,0.07149464021406168,-0.043972383094189896,0.0005490924197081926,0.0011565908170644546,0.0
2025/05/21 11:31:10.315356042,1747819870,311294346,piren,-0.005058281494150357,0.09421649214588416,-0.026395952614878326,0.0007197149647458494,0.0004327037179002135,-0.0008120733466256784
2025/05/21 11:31:10.497311729,1747819870,487829129,piren,-0.003974782273410853,0.23175033902907352,0.03946112227959166,0.0008753301222563557,-0.0007958865632665312,-0.0004392570967717306
2025/05/21 11:31:10.639452821,1747819870,635537369,piren,-0.0030205488059066865,0.3127239744750902,0.060543921423192676,-0.0006035895704398677,-0.0012133849737204251,-0.0010211793369561632
2025/05/21 11:31:10.782918186,1747819870,778176345,piren,-0.0031175459487318494,0.2518228479781724,0.03591567911990621,0.0009075484744777674,-0.000944955091715927,0.0
2025/05/21 11:31:10.922956681,1747819870,919446385,piren,-0.003961243607402208,0.18044436366993044,0.02119695009291317,0.0010545381655023595,9.289454448206043e-05,-0.0011291851634944263
2025/05/21 11:31:11.64792609,1747819871,61015931,piren,-0.004145410937917184,0.2525858184845929,0.03993472514592557,-0.000602196448297223,0.0012494114465132066,0.0
2025/05/21 11:31:11.204460850,1747819871,201428183,piren,-0.004424603029967521,0.19042693425916857,0.0030750800174690757,-0.0008376026906505453,0.0019325714183556933,-0.001392222254376804
2025/05/21 11:31:11.345265361,1747819871,342312843,piren,-0.004764099746259532,0.028639480282246436,-0.05588371479715695,0.0006261361392912154,0.0016470891565579032,0.0
2025/05/21 11:31:11.486510471,1747819871,483840079,piren,-0.004412023169668262,0.03640072363083444,-0.049578001601247895,0.000680963714619597,0.0005026190613985228,-0.002361020125763613
2025/05/21 11:31:11.769737805,1747819871,762581874,piren,-0.00259265844150406,0.25467816665119575,0.0369788328668818,0.0005784137183352502,-0.001278186677550456,-0.00145332949551608
2025/05/21 11:31:11.909293746,1747819871,906101500,piren,-0.003397744085895632,0.17739279001065827,0.020465927680477523,0.0008327594812580794,-0.0012585627734286232,-0.0017556919083039125
2025/05/21 11:31:12.52595364,1747819872,48079098,piren,-0.0035744283326281656,0.2442000058480515,0.038408004448833424,-0.0006696422884108166,-0.0004343993004069598,0.0
2025/05/21 11:31:12.194883486,1747819872,190024071,piren,-0.0038744558365838913,0.17521926493792564,0.0016971449313807176,-0.0007340592669239432,0.0006314790614573958,-0.0033856391375227117
2025/05/21 11:31:12.336156493,1747819872,333209814,piren,-0.004252095833193713,0.014706534697763476,-0.056919295758622104,0.001009060378319114,0.00111594792417648,-0.0020122224453393315
2025/05/21 11:31:12.479501265,1747819872,474354618,piren,-0.003899230025403322,0.1391193686799057,-0.003951647914654922,-0.0006076586244948766,0.0013026107581094585,0.0
2025/05/21 11:31:12.621276609,1747819872,618567492,piren,-0.0030056931863139263,0.12206007598620283,-0.015351117014684402,-0.0008079515047586837,0.0007632851774472369,-0.002464018223112712
2025/05/21 11:31:12.794610239,1747819872,789662282,piren,-0.0023056387913872704,-0.006148601278207906,-0.06127508953977144,-0.0009402951360389477,-0.000546031576566172,-0.0011281322579157435
2025/05/21 11:31:12.935108798,1747819872,931537879,piren,-0.0016719111963672505,-0.07239761599852211,-0.09057347268937796,0.0005976338509214633,-0.00166569393401479,-0.002810825624765228
2025/05/21 11:31:13.78332402,1747819873,74915886,piren,0.0013091554974572893,0.005479499283608153,-0.05440150658965235,-0.0008629394398793154,-0.002014523722581798,0.0
2025/05/21 11:31:13.223095057,1747819873,218798962,piren,0.0008129375832945027,0.08771525793852175,-0.021406076859988,-0.000958802093589035,-0.0015799993259523323,-0.0029762046499639387
2025/05/21 11:31:13.365091437,1747819873,361423414,piren,-0.000620509070951898,0.03039808141554714,-0.04243433674652553,0.0007057909799970771,-0.0004713880584577442,0.0
2025/05/21 11:31:13.505995656,1747819873,502796936,piren,-0.0015959090320322236,0.10333144838731109,-0.0038153955888716212,0.0009232484123620096,0.0007879080182130742,-0.003935938141306628
2025/05/21 11:31:13.654819175,1747819873,645417423,piren,-0.0021015934540437875,0.2714039095097004,0.059808009146451825,-0.0006137677263169428,0.0015821902600983836,0.0
2025/05/21 11:31:13.802018517,1747819873,790143865,piren,-0.002201199250969621,0.2688746890198467,0.057817025844507104,0.0008592704479280201,0.001621044189515323,-0.007195403803256759
2025/05/21 11:31:13.936078474,1747819873,932073207,piren,-0.003198224916597929,0.2287885180878727,0.0580809113808155,0.0009731697566680885,0.000944780008814549,-0.0031360651586867594
2025/05/21 11:31:14.79995123,1747819874,75264759,piren,-0.003764146552631395,0.3142848367458,0.07783233509047079,-0.0006655006747479534,0.00038386964137654433,0.0
2025/05/21 11:31:14.221377344,1747819874,217778038,piren,-0.004880463929329108,0.24799709640330958,0.034832847278935264,-0.0008873114272947464,-0.0006802582411664233,-0.005066145777765191
2025/05/21 11:31:14.363741219,1747819874,360180842,piren,-0.0058630244805488625,0.07109738671157811,-0.02661687426464677,0.0006211732271276727,-0.0007667985703804075,0.0
2025/05/21 11:31:14.507648147,1747819874,503635707,piren,-0.007018871821718772,0.06431508047417123,-0.023265627274822842,0.0007300984067765354,-0.0003028636785076522,-0.004995910686541501
2025/05/21 11:31:14.650904289,1747819874,647487811,piren,-0.007164143829089593,0.18359144791869608,0.02299368958813553,-0.0008369237555060419,0.0003860975090962621,0.0
2025/05/21 11:31:14.794010278,1747819874,789979660,piren,-0.006739270038652462,0.1555276018109833,0.0038155070181561234,-0.0008989161584477375,0.0008200638436598301,-0.009295038294644451
2025/05/21 11:31:14.938251355,1747819874,935754458,piren,-0.007059769511477828,0.015711279488178884,-0.04710428998035809,0.0007826090578390447,0.0006916220719033395,-0.0051228105529467684
2025/05/21 11:31:15.84651497,1747819875,80765698,piren,-0.0077381669635295395,0.032634078465394165,-0.03701390877064116,-0.0006342650621020785,0.0006173972278217222,0.0
2025/05/21 11:31:15.258974987,1747819875,254477705,piren,-0.007584930267615628,0.07650776323983437,-0.016169424147160487,-0.0006020990519006074,-2.6183302453794238e-05,-0.005275436228051652
2025/05/21 11:31:15.402343354,1747819875,399100946,piren,-0.005830548282071062,0.10915394299764195,-0.007946233673609953,-0.0007708598640372047,-0.0003817268175247743,-0.003694178538058925
2025/05/21 11:31:15.550977022,1747819875,543083910,piren,-0.006042987905567809,0.013451140639719278,-0.044321200773293115,0.0007734099415712911,-0.0006085883652944799,0.0
2025/05/21 11:31:15.708940261,1747819875,705320351,piren,-0.006248283709504917,0.06158196059420942,-0.018778489232155145,0.0008461428460635429,-0.0006502121950400909,-0.0053402998245203484
2025/05/21 11:31:15.852452065,1747819875,848900826,piren,-0.00494942123804562,0.21563540807510426,0.04209744080430662,-0.0008298033302362866,-0.00038253399830360553,0.0
2025/05/21 11:31:15.996152389,1747819875,993313430,piren,-0.0038057583674643777,0.205867634306357,0.026859814242982956,-0.0010180100252887667,0.000314466134620756,-0.005489746579797692
2025/05/21 11:31:16.140640480,1747819876,137620690,piren,-0.003929913898823327,0.06762597789549019,-0.020184069334875973,0.0005684476878223046,0.0007897721015678798,0.0
2025/05/21 11:31:16.285793820,1747819876,281856572,piren,-0.004250897386545608,0.08084745821584848,-0.01099390827360543,-0.0008410001015695822,0.0009181474920331356,-0.00956463481428881
2025/05/21 11:31:16.428078179,1747819876,424758880,piren,-0.004355921662549354,0.11164078549046894,-0.002970431511124743,-0.0008754210888604577,0.0004306782527003246,-0.0036502831054253788
2025/05/21 11:31:16.572202084,1747819876,569161355,piren,-0.005784142741849369,0.014043876241097509,-0.03985439130422904,0.0008112982959138964,-0.00022988375139213138,0.0
2025/05/21 11:31:16.717615065,1747819876,714206890,piren,-0.005712853047915408,0.060583385446822714,-0.01471678218843612,0.0010145999535598593,-0.0005253003709550709,-0.005001526763883602
2025/05/21 11:31:16.862588600,1747819876,857469531,piren,-0.0051956881919914405,0.2116050631347269,0.04497816227155111,-0.0005584520819419829,-0.0009521434128482403,0.0
2025/05/21 11:31:17.5437723,1747819877,2573502,piren,-0.0046226450712669245,0.19771646681061372,0.028896712814589418,-0.0007417117641143047,-0.0003687049260776359,-0.004488694081231744
2025/05/21 11:31:17.151700059,1747819877,146942091,piren,-0.005592281240191094,0.057867177123427815,-0.019303377361831527,0.0007502747947661799,0.0005325503658702825,0.0
2025/05/21 11:31:17.297218329,1747819877,291440393,piren,-0.006929998338312626,0.0703771541431188,-0.006907115828028465,0.0008012749923869046,0.0008652187061638133,-0.004625136360706389
2025/05/21 11:31:17.445411770,1747819877,441143238,piren,-0.006131747735209865,0.20059444070371837,0.04308778523102595,-0.000870819581087005,0.0007855104399510839,0.0
2025/05/21 11:31:17.623646252,1747819877,620248878,piren,-0.004110433794392944,0.17329613058057924,0.022831270430164353,-0.0010160721760830206,0.0004459259821913213,-0.004155032222454995
2025/05/21 11:31:17.771066331,1747819877,765369883,piren,-0.004556659222720846,0.026885217646795193,-0.029522129869052106,0.0006261302195088535,-0.0001865928949191368,0.0
2025/05/21 11:31:17.914842515,1747819877,912302583,piren,-0.004402937510490449,0.03976091831860155,-0.01903113238318285,0.0008519516831673262,-0.0008061400679845531,-0.0041757552430606295
2025/05/21 11:31:18.62471339,1747819878,57814373,piren,-0.003871535660595976,0.17015700542984113,0.03357009229824123,-0.0006630604968682499,-0.000981408605025232,0.0
2025/05/21 11:31:18.206722433,1747819878,203631144,piren,-0.002695961354165159,0.1462333718825674,0.01699610241642464,-0.0007384895214553889,-0.0008787518546790367,-0.004250487466615707
2025/05/21 11:31:18.352249685,1747819878,349058041,piren,-0.004195487563675129,0.003630122720635628,-0.0348709527086763,0.0008725303535855291,-0.00016373251880467629,0.0
2025/05/21 11:31:18.498258970,1747819878,495065698,piren,-0.005153138309611378,0.021289342850618984,-0.0239026971666193,0.000977272580950797,0.0006079626850648692,-0.003955869515118599
2025/05/21 11:31:18.642656127,1747819878,639504148,piren,-0.005054857193382105,0.1563362127269875,0.031313591604627426,-0.000680799821438639,0.0007809390135432908,0.0
2025/05/21 11:31:18.788807491,1747819878,784864012,piren,-0.003924110995869194,0.13835178614962146,0.02490745194412192,0.0007095572553253594,0.0006872960731037855,-0.006352535044664421
2025/05/21 11:31:18.933689233,1747819878,930952925,piren,-0.004358765854235568,0.09813553525798803,0.009942967682895109,0.0005875432679813058,-6.021767608992012e-07,-0.0024195233497894394
2025/05/21 11:31:19.220912071,1747819879,217727865,piren,-0.004094752652519806,0.052645971976993784,-0.009771756121700946,-0.0010150072936504885,-0.0006944158288219718,-0.0019608774878494047
2025/05/21 11:31:19.365493530,1747819879,362337445,piren,-0.004658397655112901,-0.05373426180546867,-0.05429633775064431,0.0006517380496117111,-0.0009582199575358293,0.0
2025/05/21 11:31:19.510587635,1747819879,506492703,piren,-0.0020161360270544164,-0.008004379238714086,-0.034840640163904375,0.000900304254878121,-0.0007047757890343944,-0.0027170154028951865
2025/05/21 11:31:19.654601561,1747819879,651028732,piren,-0.0021908172021682173,0.14607101541775458,0.029875605151818307,-0.0006030580690578347,-0.00010669290969319682,0.0
2025/05/21 11:31:19.799012049,1747819879,796411382,piren,-0.002172073108537273,0.1391835801899254,0.02027580298945614,-0.0006955909095121412,0.000423867827912853,-0.00256524639828429
2025/05/21 11:31:19.944888799,1747819879,941691925,piren,-0.002767172961927023,0.006981470161251694,-0.0280819693267247,0.0008264521288419579,0.00036007962548233587,0.0
2025/05/21 11:31:20.120709749,1747819880,116682256,piren,-0.00233997835837336,0.028403131734573803,-0.014825297267425555,0.0009342394866090045,-2.157978773724033e-05,-0.0020647567360038183
2025/05/21 11:31:20.265717126,1747819880,261003189,piren,-0.0015905322411306141,0.16323700444148626,0.03991258370440952,-0.0007511070215638386,-0.00041259960635282584,0.0
2025/05/21 11:31:20.408863467,1747819880,405764595,piren,-0.00103234071157534,0.14128248329529725,0.024026583133858026,-0.0009462657965226233,-0.0006389912739883636,-0.002146774503684065
2025/05/21 11:31:20.554885460,1747819880,551012045,piren,-0.001437407397219426,-0.0021149341834752274,-0.028547559051578658,0.0006035987286915856,-0.0008269435714789431,0.0
2025/05/21 11:31:20.699684476,1747819880,696490641,piren,-0.0012228315977339324,0.012921053959540005,-0.018962528419662894,0.0007506511332726807,-0.00048137531600868377,-0.0018899032362501877
2025/05/21 11:31:20.845307413,1747819880,841846487,piren,-0.0013342309541849867,0.14531296012549955,0.03527628695723061,-0.0007868574922810312,0.00010048831424780056,0.0
2025/05/21 11:31:20.991908218,1747819880,988867832,piren,-0.0014642061330538657,0.1222906489976681,0.019909738353413427,-0.000854295108091892,0.0005479313713247585,-0.003041308068378585
2025/05/21 11:31:21.139012516,1747819881,135828664,piren,-0.00238429503599179,-0.01819737742095215,-0.03328955662112153,0.000791450260767424,0.000788004496436972,-0.0015272957347853536
2025/05/21 11:31:21.284321281,1747819881,281802731,piren,-0.0031231964901116275,0.0009808380215965305,-0.02361109427758404,0.0009578556106837534,0.0006983694156814505,-0.0013009296336870806
2025/05/21 11:31:21.575037466,1747819881,569094282,piren,-0.0031213620885785637,0.21167465651563705,0.06068387150223497,0.0007777068442208166,2.797518450662075e-05,-0.0012049293762963517
2025/05/21 11:31:21.717939533,1747819881,714690445,piren,-0.0035481138397245038,0.1207260235455991,0.03515139508851314,0.0008440373374131012,-0.00045569176112229316,-0.0009695941042634249
2025/05/21 11:31:21.866850812,1747819881,861578828,piren,-0.0034590563096659893,0.17631559531357682,0.05029611484752153,-0.0007876696349115559,-0.0004715414821490102,0.0
2025/05/21 11:31:22.11382280,1747819882,6766067,piren,-0.003284334353884647,0.09685759325115526,0.013322289674114298,-0.0009235410809951525,-0.0005475692307592982,-0.000509943293791554
2025/05/21 11:31:22.154007639,1747819882,151361252,piren,-0.0033865024077558564,-0.07827818557050963,-0.05489616569945918,0.0006706129430960638,-0.00011820696398584013,0.0
2025/05/21 11:31:22.301539866,1747819882,297389580,piren,-0.0032932086559495505,-0.07411809186786689,-0.05660199043083719,0.0008477111509097177,0.0005127445613768428,-0.00011360114183758832
2025/05/21 11:31:22.447259707,1747819882,443553365,piren,-0.0026086268725987547,0.0577578446377378,0.0027104781602076866,-0.0006928305081982637,0.0008181432416980135,0.0
2025/05/21 11:31:22.622737508,1747819882,619938888,piren,-0.001691584930322572,0.04316781144062642,-0.0035012014418200395,-0.0007989380381685246,0.0006134079235227608,-0.0001331680751382167
2025/05/21 11:31:22.769832246,1747819882,766294602,piren,-0.0012776486942674727,-0.08220793938237332,-0.0550141964209037,0.0007905468656900508,-8.348127285294821e-05,0.0
2025/05/21 11:31:22.915192151,1747819882,911674083,piren,-0.0017129879631618706,-0.04732042175970394,-0.041977922327760445,0.000915068882942035,-0.0005977285385910618,-1.0817148714870374e-05
2025/05/21 11:31:23.61087851,1747819883,56935020,piren,-0.0006990770073494953,0.10052275503369643,0.022667661395508222,-0.0007473537140454529,-0.0010164252703515723,0.0
2025/05/21 11:31:23.205824001,1747819883,202806771,piren,-0.00017851494525791475,0.09171489360550451,0.015615504775457336,-0.0009287951131279253,-0.0005892769987418458,0.0002278387433446089
2025/05/21 11:31:23.351854638,1747819883,347335601,piren,-0.0008305170348825476,-0.03880833578710033,-0.03467032781354189,0.0006339442455095632,0.00026369854322904734,0.0
2025/05/21 11:31:23.500099810,1747819883,493751091,piren,-0.0022290433000653953,-0.013171125456851037,-0.022708680144374556,0.0008020160475054332,0.0010343123928436464,0.0006237775291867471
2025/05/21 11:31:23.643883156,1747819883,639634986,piren,-0.0017899876854894532,0.12604449898108358,0.026994941518648004,-0.0009484128299517936,0.0008220250835621409,0.000604838006634503
2025/05/21 11:31:23.789307050,1747819883,786284394,piren,-0.0018232990904040736,-0.017493218361076226,-0.024570473128941617,-0.0008258786736679323,0.000698629108835511,0.0005173757777473771
2025/05/21 11:31:23.937797204,1747819883,932649728,piren,-0.001464272394416849,-0.09780134278640751,-0.06752778460883073,0.0009584977408219242,0.0004943682930691248,0.0012530077760980983
2025/05/21 11:31:24.83556720,1747819884,79797715,piren,-0.0006582603879927637,0.07666536764776578,0.013692971981919726,-0.0006229172208890838,-0.000560862923432607,0.0
2025/05/21 11:31:24.228734851,1747819884,225722566,piren,0.00163210534938521,0.08659089923381925,0.016665816896768926,-0.000751713383642799,-0.00165221947811814,0.0013551300705267057
2025/05/21 11:31:24.374507085,1747819884,371799023,piren,0.0024276814419484658,-0.031959020381171384,-0.02765186937705533,0.0007798523109940436,-0.0022281026911760366,0.0
2025/05/21 11:31:24.521590157,1747819884,518752611,piren,0.0051894158002300655,-0.0020603160672174746,-0.012019721502849025,0.0008661276574302224,-0.0013989007245346651,0.0015777081669588122
2025/05/21 11:31:24.667501259,1747819884,664708758,piren,0.003513562495841928,0.13868464382877577,0.04677956410362417,-0.0007711041238015647,0.00017266641491250505,0.0
2025/05/21 11:31:24.815615930,1747819884,811617823,piren,0.002059254559656703,0.12005968784909689,0.03281883146928227,-0.0009524764061793896,0.001552441942937011,0.0015625775402045054
2025/05/21 11:31:24.993284407,1747819884,989322667,piren,0.0007983594857276406,-0.026977582217592357,-0.021789169840660316,-0.0009503293354068383,0.0018846091759280852,0.0007500194884656503
2025/05/21 11:31:25.140219927,1747819885,136933324,piren,0.0005867642413506235,-0.11060050910321129,-0.060219860055329914,0.000685120607435325,0.0008714274887763674,0.0013301375083652031
2025/05/21 11:31:25.287774479,1747819885,284578255,piren,0.0006285940433982812,-0.04894992658149134,-0.036381268413327325,0.0008724242083139931,-0.0005723856331731962,0.0
2025/05/21 11:31:25.435174513,1747819885,431662757,piren,0.0007725359259169624,0.11524349853390296,0.034853619077487845,-0.0006709856910612128,-0.0016917709433080833,0.0018530671935322494
2025/05/21 11:31:25.582254796,1747819885,578574462,piren,0.0007802266781197845,0.11559973113099896,0.03365306728458277,0.0008034403036558428,-0.001987553065813286,0.0
2025/05/21 11:31:25.732366161,1747819885,726024456,piren,0.00010831981664047655,0.08312823530162182,0.029516365748284687,0.0009391129755151941,-0.0015988028128872465,0.0011493236559845697
2025/05/21 11:31:25.878137352,1747819885,875240365,piren,-0.0002701330324357473,0.17656284954952692,0.06259045866313012,-0.0006858454405941282,-0.00043005957291988053,0.0
2025/05/21 11:31:26.26165777,1747819886,22466804,piren,-0.0005768676593350154,0.12036885245510942,0.032897524891947846,-0.0008649129831052142,0.0009278911606750192,0.0009635214554659281
2025/05/21 11:31:26.175652174,1747819886,170899433,piren,-0.000895555471772046,-0.04647674076617994,-0.031182874989258456,0.0006663393554623819,0.001773528622851266,0.0
2025/05/21 11:31:26.324947420,1747819886,321714662,piren,-0.0011544040014601405,-0.04345731077738332,-0.031703721248071366,0.0007826391926129872,0.0018797441238726316,0.001017012074450486
2025/05/21 11:31:26.474622530,1747819886,471012028,piren,-0.0007075734893022059,0.08389174012321667,0.022597049186256195,-0.0008139526772663288,0.0007419011718857747,0.0
2025/05/21 11:31:26.623358788,1747819886,620873120,piren,0.003174724803216053,0.06119648377041099,0.010820853505643536,-0.0009020601821188587,-0.0004617895977916192,0.0013071435797576772
2025/05/21 11:31:26.774502638,1747819886,770582779,piren,0.0017744654802972215,-0.07570973796302355,-0.04443645178608874,0.0007546666706470177,-0.001322097850700382,0.0
2025/05/21 11:31:26.924670686,1747819886,921360249,piren,0.00042402023407236804,-0.05131019320763113,-0.035870004011163144,0.0009447674606144094,-0.0015237452955418477,0.001384708364892457
2025/05/21 11:31:27.73655745,1747819887,70264084,piren,-0.00029528239285329244,0.08875950052954058,0.025327096292399983,-0.0006332612991622411,-0.0011020916295239778,0.0
2025/05/21 11:31:27.222142002,1747819887,218728590,piren,0.0021205623655089906,0.07347828098196488,0.016528752677453882,-0.0008081279173033005,1.330766305743262e-06,0.0014511444332121293
2025/05/21 11:31:27.370979062,1747819887,366993095,piren,-0.00030990729690943443,-0.06031980639037914,-0.03649800644877118,0.0007199540044043534,0.0012333078471777812,0.0
2025/05/21 11:31:27.549712893,1747819887,547088022,piren,-0.0014354714098834334,-0.033594196640134126,-0.023289910881849195,0.000673616159660479,0.0019774146185083854,0.0016575677276079775
2025/05/21 11:31:27.698671199,1747819887,695286017,piren,-0.0018672109648639411,-0.008121335552939516,-0.012532110707139462,0.0007951272832135421,0.0013012815426905499,0.0013761066307538983
2025/05/21 11:31:27.846637162,1747819887,843554668,piren,-0.0013981517595261644,0.12986165480201586,0.043537815355642974,-0.0007829253859401803,-4.878044323298556e-05,0.0016061564671687651
2025/05/21 11:31:27.997086429,1747819887,992138095,piren,-0.0006483787832239005,0.10771635781544558,0.028515571749674055,-0.0008977865519413033,-0.001442845574890724,0.0012771820530889774
2025/05/21 11:31:28.145816949,1747819888,141688043,piren,-0.0007187866628708874,-0.03730095435896049,-0.02700355950721841,0.000725616425904845,-0.0019522620322636466,0.0014164539217933856
2025/05/21 11:31:28.295252784,1747819888,291494968,piren,-0.00012247936511101693,-0.02389210739048035,-0.02065770945264722,0.0008818791278873472,-0.0013228132756156624,0.0
2025/05/21 11:31:28.446744530,1747819888,442907751,piren,-0.0006652116843676101,0.10664629943086525,0.034872028124447396,-0.0006680623095883824,-3.319219334468895e-05,0.002238940683319908
2025/05/21 11:31:28.603845996,1747819888,598445938,piren,-0.0007465161006687537,0.083409461051821,0.02184528031207177,-0.0007790588788507667,0.0011546511988366262,0.0011120803634383709
2025/05/21 11:31:28.752772881,1747819888,748560043,piren,-0.0005987381008538163,-0.05811624020471092,-0.03372751933541757,0.0007975542612991141,0.0016384853997790166,0.0
2025/05/21 11:31:28.901803616,1747819888,898657319,piren,-0.0001849141146184896,-0.039578937882331036,-0.027031112459116362,0.0008974848284173327,0.0010296778767589628,0.001615282690750796
2025/05/21 11:31:29.51649475,1747819889,48345474,piren,0.00029560073677903365,0.09610135138450313,0.031012879533293063,-0.0007645879495425827,7.963429874619926e-05,0.0
2025/05/21 11:31:29.200831457,1747819889,197302698,piren,0.0010796233605734305,0.07626538310914814,0.019780007266432795,-0.0009341378741045064,-0.0010145461971742288,0.0014998759804657942
2025/05/21 11:31:29.348290907,1747819889,345405655,piren,0.001268930454371901,-0.06295360258373947,-0.03493774342674671,0.0006489523511323192,-0.0016151142885163787,0.0
2025/05/21 11:31:29.499148533,1747819889,494778161,piren,0.0010250040543927676,-0.04331813187648936,-0.027328677296204928,0.0007983530764763232,-0.0014134093182620276,0.0012938850475134865
2025/05/21 11:31:29.650005499,1747819889,643888351,piren,0.0009817829637703106,0.09276825437669453,0.03167686196263779,-0.0007766632518156586,-0.0004993501814673962,0.0
2025/05/21 11:31:29.795839140,1747819889,793397468,piren,0.0007514242205763529,0.07336671186236274,0.020933899411650234,-0.0008430980358863504,0.00059748374761627,0.0023316636946840155
2025/05/21 11:31:29.977910688,1747819889,974930603,piren,0.0005516812683842645,-0.06420508635944545,-0.03371100542562232,0.0008032988399925864,0.0012950879608087191,0.0012831728516302936
2025/05/21 11:31:30.129543644,1747819890,124803294,piren,0.0006893365645338472,-0.04248072217290305,-0.02598863113707592,0.0009556307209887089,0.0008967675621445111,0.0008730858181944809
2025/05/21 11:31:30.281532165,1747819890,275596834,piren,0.0008243148566577582,0.095473176111893,0.032879368400861426,-0.0006617880403506139,0.0005967504865796821,0.0
2025/05/21 11:31:30.428611943,1747819890,425180127,piren,0.0009621795286873652,0.07757746465408848,0.021894075659967704,-0.0008325962007749445,-0.00012175520103313221,0.0014346944116595715
2025/05/21 11:31:30.579077777,1747819890,575528007,piren,0.0007913016730143312,-0.06084747740916999,-0.03286994676595267,0.0007112180752667566,-0.0008005913281860036,0.0
2025/05/21 11:31:30.728474013,1747819890,724701405,piren,0.00048197793249140156,-0.04111521375073279,-0.025442015394840232,0.0007998713954564025,-0.0010893789725664254,0.001160790316913793
2025/05/21 11:31:30.885376651,1747819890,881720429,piren,0.0004012019226330779,0.09469087955514056,0.03888184361770178,0.0007851232428320335,-0.0006650804427400472,0.0
2025/05/21 11:31:31.37148910,1747819891,33509064,piren,0.00027494753218304524,0.17872822605075322,0.06761561144197098,-0.0007887733826255222,0.00010348976018389336,0.0014469576746985438
2025/05/21 11:31:31.189148053,1747819891,184968592,piren,0.00011505327576392943,0.1117872110390076,0.04112903343620489,0.0006825740013970471,0.00033662784574679095,0.0
2025/05/21 11:31:31.339639202,1747819891,336864396,piren,0.00039631880674714966,0.033794881154215944,0.01081947041797321,0.0007470241573727474,0.0009779772524376113,0.0010823760858054091
2025/05/21 11:31:31.493914679,1747819891,490200847,piren,0.00023944545260725075,-0.017438082856083205,-0.010949625230834719,0.0009226632251472066,0.0009240567858697259,0.0
2025/05/21 11:31:31.647866767,1747819891,642385410,piren,0.0003151912800991412,0.07175856829264024,0.024475842804573666,-0.0006504759917074866,0.0003181632766084032,0.0014344164647640818
2025/05/21 11:31:31.803293499,1747819891,794750141,piren,0.0005714401054479137,0.02271928953161717,0.0035701070571634024,-0.0007936457376754971,-0.00045372743207580603,0.0007351076462911807
2025/05/21 11:31:31.952818400,1747819891,948694859,piren,0.0004379343355332757,-0.1276456454192729,-0.05979910182094346,0.0007573664616369481,-0.0009876455453585978,0.000768795293880317
2025/05/21 11:31:32.105712205,1747819892,100094633,piren,8.01575474976661e-05,-0.10701409955975849,-0.05723073752868767,0.0008381286204269468,-0.0013221396209705774,0.0006188615020620834
2025/05/21 11:31:32.259388875,1747819892,252145089,piren,-0.0002600612035289305,0.03466718248544234,0.007854892423601233,-0.0008099296589524314,-0.0004752948041859674,0.0
2025/05/21 11:31:32.406207691,1747819892,403545856,piren,-0.0004209527495449032,0.025773160080673943,0.0048535164961594265,-0.0009570813738816017,0.0006433823573451291,0.0012124671862628407
2025/05/21 11:31:32.595732832,1747819892,587434655,piren,-0.00043083399687005725,-0.10195343746612757,-0.042284450858995376,-0.0008995453139939276,0.001323859847778949,0.0
2025/05/21 11:31:32.755088191,1747819892,745805815,piren,-0.0001861128297497086,-0.16628361447095885,-0.07650892091151225,0.0007508947316496962,0.00101085632600309,0.0015430935356603526
2025/05/21 11:31:32.912156347,1747819892,903962164,piren,0.00029577447534783266,-0.08686478015065913,-0.04737266767399031,0.0009270427238593256,0.0001761075095389196,0.000558122782898387
2025/05/21 11:31:33.61517760,1747819893,56919818,piren,0.0009460306770166411,0.08994550338608003,0.03182595767009052,-0.0006698308267585315,-0.0008718860376517919,0.0
2025/05/21 11:31:33.214831755,1747819893,209473848,piren,0.000992878123853888,0.09730181870979097,0.031043281128492934,-0.0008133421251185621,-0.0011704018775277217,0.0010199921953376893
2025/05/21 11:31:33.372357651,1747819893,361693379,piren,0.000591956741649257,-0.02896894082002139,-0.01681039394778702,0.0007371229240088677,-0.0008611552999358591,0.0
2025/05/21 11:31:33.525989958,1747819893,514969859,piren,-0.00011251590161748346,-0.006743205034951386,-0.005437469605977702,0.0008469618321224855,-0.00019817029223936458,0.0009006145162761861
2025/05/21 11:31:33.678709231,1747819893,666359284,piren,-8.656934209787942e-05,0.1277764523119074,0.050080858262964406,-0.0007700446479824437,0.000509967099032057,0.0
2025/05/21 11:31:33.821326233,1747819893,817768656,piren,0.00010644000575138132,0.10355255655283893,0.0345392122161927,-0.0009013663757503844,0.00089636889971633,0.0006913492492958691
2025/05/21 11:31:33.974938722,1747819893,969471361,piren,0.0002677770398840703,-0.044031844334054014,-0.02261542686892856,0.0006949158400588667,0.0007785377985768375,0.0
2025/05/21 11:31:34.129218760,1747819894,123573339,piren,0.0004450185201897022,-0.032573505890372965,-0.018378070417173414,0.0008449495533712475,-0.00013093511761421144,0.0006952708721544218
2025/05/21 11:31:34.279899700,1747819894,276517117,piren,0.0006031005318806043,0.0971572295564217,0.03641246183767321,-0.0007284165488856241,-0.00046848734651868686,0.0
2025/05/21 11:31:34.434508221,1747819894,428582961,piren,0.0006253542473076967,0.07186024980719688,0.02285466419497939,-0.0008387806361993211,-0.0005866090557861103,0.0009053230138873031
2025/05/21 11:31:34.590428486,1747819894,581897426,piren,0.00048596798767817223,-0.07520259916172074,-0.031050882906083075,-0.0008223743312656047,-0.00028576517000571214,0.0
2025/05/21 11:31:34.739370133,1747819894,733300562,piren,0.0003060987893568623,-0.15421972356410663,-0.08146774702889323,0.0008794938148052987,-7.14926146896907e-05,0.0010768601268908338
2025/05/21 11:31:34.888492673,1747819894,885614019,piren,0.00021794021270653881,0.02348532955558934,0.003496472491489273,-0.0007123557433592104,0.0002652832578193215,0.0
2025/05/21 11:31:35.41409636,1747819895,36764651,piren,0.0002654399214604211,0.03818949169027047,0.01351510643198521,-0.0007202808413242185,0.00043725087065147233,0.0008083903432530711
2025/05/21 11:31:35.224278011,1747819895,220636754,piren,0.0004402511171167165,0.04486295630623313,0.015426255264063557,-0.0008587833377898675,0.0002861378842942562,0.00044317089669471317
2025/05/21 11:31:35.376580649,1747819895,372896981,piren,0.0005196743788732465,-0.07368457888417572,-0.033232405338978456,0.0007156841100382123,-0.00019208503708973044,0.0
2025/05/21 11:31:35.528249515,1747819895,524345009,piren,0.0003755484062712925,-0.040710014412879775,-0.020675214177160596,0.0008343047578240457,-0.00030320808995113954,0.000857595024230116
2025/05/21 11:31:35.682388875,1747819895,675232486,piren,0.0004332219147913756,0.10300393951091126,0.04044293385169762,-0.0007675880447308764,-0.0001888733012083054,0.0
2025/05/21 11:31:35.832973435,1747819895,828312436,piren,-0.00028878470154270267,0.08684932573256368,0.02937557888812799,-0.0008919714061818149,-5.065877670164222e-05,0.0007077632426700922
2025/05/21 11:31:35.983324463,1747819895,980168268,piren,-4.6763225646126796e-05,-0.0536172499202262,-0.025796675441627635,0.0007195344537926072,6.073033635283123e-05,0.0
2025/05/21 11:31:36.134307256,1747819896,131735177,piren,6.243351367710322e-05,-0.03695324959415405,-0.019637798766014705,0.0008775940858758813,0.00013314525473111984,0.0005413274634271984
2025/05/21 11:31:36.286092633,1747819896,282425453,piren,0.0002792811338174113,0.09586402780806684,0.04268173366206261,0.0008970998299131003,8.6596872147508e-05,0.0
2025/05/21 11:31:36.440194011,1747819896,435962614,piren,0.0004850321722010692,0.17346608075249328,0.06820726343765429,-0.0006976180906602365,-3.277869504896935e-05,0.0005374520819599928
2025/05/21 11:31:36.594802439,1747819896,588470645,piren,0.0006721516061904791,0.10530013039075398,0.03474845188306029,-0.0008449550915276021,-0.00014686775232109056,0.0
2025/05/21 11:31:36.749764661,1747819896,744971189,piren,0.0005560763251623892,-0.07122551943558439,-0.03333722315989206,0.0007150948389216948,-0.0005155028295767669,0.000567158570219205
2025/05/21 11:31:36.902726838,1747819896,899147526,piren,0.00024004429718964965,-0.07454772725556869,-0.03761652319567584,0.0008308224081148154,-0.00014688269316667774,0.0004910291303890639
2025/05/21 11:31:37.54860383,1747819897,51061748,piren,0.0002638257142022326,0.049342199259259444,0.017741227521580777,-0.0007727130474898715,0.0003722718840542481,0.0
2025/05/21 11:31:37.207012229,1747819897,203949339,piren,0.0003197969586068005,0.026090521003575798,0.008348675152488966,-0.0008849452143805922,0.000563565917355428,0.0004967869517173263
2025/05/21 11:31:37.363445756,1747819897,357309816,piren,0.0002369600262513566,-0.1089484827807084,-0.04817428045592098,0.0007118078186627922,0.0004130096729783486,0.0
2025/05/21 11:31:37.513581612,1747819897,510775244,piren,0.0001755984598305546,-0.08178569052466794,-0.04105423216322769,0.0008823540877906796,8.111134202956627e-05,0.00044295111113193424
2025/05/21 11:31:37.699192099,1747819897,695309838,piren,0.00023570708222307377,0.06394305820687404,0.02763105969713429,0.0009210909844511242,-0.000391489307633533,0.00019720781133662746
2025/05/21 11:31:37.851101955,1747819897,848277510,piren,0.0003222971406180511,0.15365497839787423,0.06038295436799833,-0.0006792999760895588,-0.0005410078434198563,0.0003396261100880728
2025/05/21 11:31:38.5206565,1747819898,1805221,piren,0.00031780997398565825,0.09447160064899926,0.031667959885008,-0.0008218507859817635,-0.000413377377372395,0.00020571087870027222
2025/05/21 11:31:38.157857744,1747819898,154486390,piren,9.98211836555421e-05,-0.07373263233740965,-0.03359887657203508,0.00072491136062014,-0.0002556153199835227,0.0
2025/05/21 11:31:38.310865070,1747819898,307803042,piren,-0.00021818421045330383,-0.07212308811359425,-0.03573609116246585,0.0008184777943088179,0.0002823505684133668,0.0005679803724518282
2025/05/21 11:31:38.463076755,1747819898,460476881,piren,-0.00011120531622320698,0.05460515357628677,0.020494110382551695,-0.000801494634128172,0.0006914839240653867,0.0
2025/05/21 11:31:38.616891948,1747819898,614085293,piren,0.00015902604530100388,0.03262709602661575,0.011012225901287954,-0.0009190090387376585,0.0006619702041095281,0.00043745633770230006
2025/05/21 11:31:38.769802344,1747819898,767223867,piren,0.0003181188002609192,-0.10251462598343913,-0.04524889177128169,0.0007126193355768298,0.0002754169970544937,0.0
2025/05/21 11:31:38.923622866,1747819898,920563348,piren,0.0004404025154177149,-0.07589437857283972,-0.03791507340467026,0.0008829350636682205,-0.0002501937171191956,0.00031443466337118333
2025/05/21 11:31:39.81739689,1747819899,75476221,piren,0.0006029723759406677,0.06672074367171425,0.025164484895799283,-0.0006808213623378383,-0.0006100988987848596,0.0
2025/05/21 11:31:39.232615698,1747819899,228953103,piren,0.0005545165933809829,0.0532391148518717,0.017995361235768358,-0.0008043448766748581,-0.0006611436998289229,0.00024385300942098183
2025/05/21 11:31:39.390948505,1747819899,384684456,piren,0.0003025096233524767,-0.08373758419541505,-0.03236135920769828,-0.0008328579875232538,-0.00025572765642469154,0.0
2025/05/21 11:31:39.697847600,1747819899,691431367,piren,-8.175401929801096e-05,-0.1812553188568515,-0.09350343485358821,0.0008186085237573766,9.218131579507976e-05,2.164421776445675e-05
2025/05/21 11:31:39.849185972,1747819899,845968187,piren,-0.0001320627966176005,0.03495444185156501,0.009927994164552532,-0.0007946555791592428,0.0004575313854340984,0.000482860726610392
2025/05/21 11:31:40.4775526,1747819900,170820,piren,9.957537347933532e-05,0.0751541240444587,0.025450066600479535,-0.0009258296370989428,0.0006295307532307139,0.0003154150271094208
2025/05/21 11:31:40.159207412,1747819900,155150240,piren,0.0002438553834504479,-0.026827686564239374,-0.01342153365272934,0.000679369249596221,0.0003919221879557962,0.0
2025/05/21 11:31:40.348591932,1747819900,342933822,piren,0.00014803660987663687,0.01185939978193933,0.0053961735358712196,0.000756838692865919,-0.00013729562846837059,0.0004404987211696202
2025/05/21 11:31:40.509173814,1747819900,498124411,piren,0.0002482296290958249,0.033975363684081855,0.018744075659618446,0.0009415813895342765,-0.0004902281677669812,0.00030495557597467576
2025/05/21 11:31:40.679179061,1747819900,659366066,piren,0.0003947747396882764,0.16483443544964269,0.06906683182972659,-0.0006358879536426319,-0.0005837416620674933,0.0
2025/05/21 11:31:40.826978777,1747819900,820192255,piren,0.0003997059641733594,0.13266276840353577,0.04741636500875715,-0.0007860565459562573,-0.0003967343592954367,0.0003656115045850962
2025/05/21 11:31:40.985477111,1747819900,976785443,piren,0.000172953477163576,-0.0253088494107829,-0.012500039089818593,0.0007512727894770434,-4.1333274568316514e-05,0.0
2025/05/21 11:31:41.147678433,1747819901,136242165,piren,-5.9266191327938395e-05,-0.022474906262648406,-0.009472352173043918,0.0006738824793098573,0.0003921788780994272,0.00027779412183528117
2025/05/21 11:31:41.301215668,1747819901,291446853,piren,1.0313667836187035e-05,-0.016920992983288967,-0.007502641893012575,0.0007755872281019841,0.0004694593618750585,0.0
2025/05/21 11:31:41.449003520,1747819901,446137629,piren,0.0002725871164499065,0.10764596734876371,0.04306762157061958,-0.0008398975373202245,0.00012477992626001505,0.00041802886245686973
