time,header_stamp_secs,header_stamp_nsecs,header_frame_id,quaternion_x,quaternion_y,quaternion_z,quaternion_w
2025/05/07 10:24:01.314949225,1746606241,314553150,hemisphere,0.0,0.0,0.10826829546835141,0.9941217109571533
2025/05/07 10:24:01.365515468,1746606241,365089208,hemisphere,0.0,0.0,0.10789524786854124,0.9941622681873348
2025/05/07 10:24:01.418220448,1746606241,414799315,hemisphere,0.0,0.0,0.10753953716998135,0.9942008086625489
2025/05/07 10:24:01.465745008,1746606241,465316659,hemisphere,0.0,0.0,0.10713175431387367,0.9942448326331054
2025/05/07 10:24:01.518051448,1746606241,517538764,hemisphere,0.0,0.0,0.10677601412324471,0.9942830999307756
2025/05/07 10:24:01.566434018,1746606241,565866392,hemisphere,0.0,0.0,0.10641158316985236,0.9943221685989333
2025/05/07 10:24:01.616211495,1746606241,615307289,hemisphere,0.0,0.0,0.10601242810649668,0.9943648048311872
2025/05/07 10:24:01.665606081,1746606241,665148687,hemisphere,0.0,0.0,0.10563061162509094,0.994405437378391
2025/05/07 10:24:01.715656470,1746606241,715167714,hemisphere,0.0,0.0,0.1052661359096177,0.9944440862263991
2025/05/07 10:24:01.781036680,1746606241,777932426,hemisphere,0.0,0.0,0.10491900303285465,0.9944807704539047
2025/05/07 10:24:01.815757832,1746606241,815249344,hemisphere,0.0,0.0,0.10458921495803912,0.9945155082322553
2025/05/07 10:24:01.865748337,1746606241,864920592,hemisphere,0.0,0.0,0.10425941538187314,0.9945501366468309
2025/05/07 10:24:01.917374092,1746606241,914897950,hemisphere,0.0,0.0,0.10390356613961313,0.9945873762236634
2025/05/07 10:24:01.965454995,1746606241,965023551,hemisphere,0.0,0.0,0.10359110217786768,0.9946199694102138
2025/05/07 10:24:02.18013134,1746606242,14835747,hemisphere,0.0,0.0,0.10324390800834167,0.9946560689299417
2025/05/07 10:24:02.65649806,1746606242,65220801,hemisphere,0.0,0.0,0.10291406189445367,0.9946902512161183
2025/05/07 10:24:02.116186211,1746606242,114905880,hemisphere,0.0,0.0,0.1026276074022738,0.9947198470920768
2025/05/07 10:24:02.166048480,1746606242,165367930,hemisphere,0.0,0.0,0.10228037842755996,0.9947556102826036
2025/05/07 10:24:02.234393441,1746606242,220295166,hemisphere,0.0,0.0,0.10191577459204582,0.9947930311825186
2025/05/07 10:24:02.275761084,1746606242,266342794,hemisphere,0.0,0.0,0.10157720162757483,0.99482765950164
2025/05/07 10:24:02.321617720,1746606242,315120456,hemisphere,0.0,0.0,0.10124729870374076,0.9948612890776259
2025/05/07 10:24:02.369909547,1746606242,369429663,hemisphere,0.0,0.0,0.10087397407467277,0.9948992116563277
2025/05/07 10:24:02.416952736,1746606242,415462981,hemisphere,0.0,0.0,0.10050063524160097,0.9949369941438677
2025/05/07 10:24:02.470644222,1746606242,466279082,hemisphere,0.0,0.0,0.10015333059785095,0.9949720148678342
2025/05/07 10:24:02.515366460,1746606242,514800957,hemisphere,0.0,0.0,0.09977128139645186,0.9950103976383916
2025/05/07 10:24:02.566117392,1746606242,565140625,hemisphere,0.0,0.0,0.0993979009189442,0.995047766337329
2025/05/07 10:24:02.615324004,1746606242,614737497,hemisphere,0.0,0.0,0.09902450644527767,0.995084994924187
2025/05/07 10:24:02.665950168,1746606242,665119046,hemisphere,0.0,0.0,0.09865978210268055,0.995121222462596
2025/05/07 10:24:02.721527614,1746606242,719275215,hemisphere,0.0,0.0,0.09832109763042475,0.9951547426208391
2025/05/07 10:24:02.766058615,1746606242,765317112,hemisphere,0.0,0.0,0.0980171403295606,0.9951847266721969
2025/05/07 10:24:02.815862502,1746606242,815014075,hemisphere,0.0,0.0,0.09771317388476722,0.995214617883683
2025/05/07 10:24:02.865273732,1746606242,864711508,hemisphere,0.0,0.0,0.09742656860148988,0.9952427159896923
2025/05/07 10:24:02.918203931,1746606242,915195216,hemisphere,0.0,0.0,0.09717469668166415,0.9952673401276798
2025/05/07 10:24:02.966967286,1746606242,965353174,hemisphere,0.0,0.0,0.09693150409485665,0.9952910546739124
2025/05/07 10:24:03.15718016,1746606243,15182084,hemisphere,0.0,0.0,0.09661881941006735,0.9953214574878836
2025/05/07 10:24:03.66517556,1746606243,64920780,hemisphere,0.0,0.0,0.09635824155373551,0.9953467181262377
2025/05/07 10:24:03.138660351,1746606243,114740161,hemisphere,0.0,0.0,0.09612371583586016,0.9953693943727157
2025/05/07 10:24:03.166107263,1746606243,165051965,hemisphere,0.0,0.0,0.09586312544664831,0.9953945253916159
2025/05/07 10:24:03.218076709,1746606243,215294823,hemisphere,0.0,0.0,0.09558515512326854,0.9954212566145354
2025/05/07 10:24:03.265989137,1746606243,265188989,hemisphere,0.0,0.0,0.09530717734596156,0.9954479102124558
2025/05/07 10:24:03.315805285,1746606243,314876849,hemisphere,0.0,0.0,0.09499444346370961,0.9954778027213967
2025/05/07 10:24:03.371916007,1746606243,365316435,hemisphere,0.0,0.0,0.09467301275962892,0.9955084231964163
2025/05/07 10:24:03.433705071,1746606243,414977724,hemisphere,0.0,0.0,0.09435157218538383,0.9955389398843957
2025/05/07 10:24:03.465245058,1746606243,464720924,hemisphere,0.0,0.0,0.09406487364346876,0.9955660699051763
2025/05/07 10:24:03.516510431,1746606243,515837708,hemisphere,0.0,0.0,0.09372603803830722,0.9955980262101979
2025/05/07 10:24:03.580145496,1746606243,564787865,hemisphere,0.0,0.0,0.09340456858187539,0.9956282371287155
2025/05/07 10:24:03.616415332,1746606243,615368161,hemisphere,0.0,0.0,0.09304833429815472,0.9956615928538868
2025/05/07 10:24:03.682927357,1746606243,664919272,hemisphere,0.0,0.0,0.09271815530050014,0.995692394104561
2025/05/07 10:24:03.722366295,1746606243,714896949,hemisphere,0.0,0.0,0.0924227233431984,0.9957198603070176
2025/05/07 10:24:03.765801919,1746606243,765297256,hemisphere,0.0,0.0,0.09208383549224067,0.9957512577150169
2025/05/07 10:24:03.821993613,1746606243,815218133,hemisphere,0.0,0.0,0.09178838609767537,0.9957785357084095
2025/05/07 10:24:03.899160841,1746606243,865423144,hemisphere,0.0,0.0,0.09150161866340238,0.9958049275746618
2025/05/07 10:24:03.932640942,1746606243,915255802,hemisphere,0.0,0.0,0.09121484364070877,0.9958312368567283
2025/05/07 10:24:03.966337373,1746606243,965393920,hemisphere,0.0,0.0,0.09091937055410536,0.9958582570115314
2025/05/07 10:24:04.33704897,1746606244,15135120,hemisphere,0.0,0.0,0.0906151987222518,0.9958859803012224
2025/05/07 10:24:04.100330192,1746606244,64689341,hemisphere,0.0,0.0,0.09033709136339511,0.9959112460073948
2025/05/07 10:24:04.116993708,1746606244,115173248,hemisphere,0.0,0.0,0.09009374164482141,0.9959332897922613
2025/05/07 10:24:04.193005823,1746606244,164779480,hemisphere,0.0,0.0,0.08978954693402057,0.9959607609044562
2025/05/07 10:24:04.216815032,1746606244,216211229,hemisphere,0.0,0.0,0.08948534384683512,0.995988139104384
2025/05/07 10:24:04.274707743,1746606244,270244735,hemisphere,0.0,0.0,0.08922459169812658,0.9960115321803772
2025/05/07 10:24:04.316087764,1746606244,314637761,hemisphere,0.0,0.0,0.08892037313008967,0.9960387378221821
2025/05/07 10:24:04.367718243,1746606244,365017167,hemisphere,0.0,0.0,0.08859006929339928,0.996068170168383
2025/05/07 10:24:04.442045183,1746606244,414777799,hemisphere,0.0,0.0,0.08827714088221446,0.9960959524050189
2025/05/07 10:24:04.473659312,1746606244,465155172,hemisphere,0.0,0.0,0.08794681810781739,0.9961251714441868
2025/05/07 10:24:04.515676118,1746606244,514870064,hemisphere,0.0,0.0,0.08764256489024422,0.9961519868069628
2025/05/07 10:24:04.565698224,1746606244,565214302,hemisphere,0.0,0.0,0.08735569008168767,0.9961771847469466
2025/05/07 10:24:04.616812897,1746606244,614903619,hemisphere,0.0,0.0,0.08705142100512833,0.996203819557518
2025/05/07 10:24:04.665745031,1746606244,665279303,hemisphere,0.0,0.0,0.08677322502776393,0.9962280900568309
2025/05/07 10:24:04.715557969,1746606244,715036961,hemisphere,0.0,0.0,0.08652979799597506,0.9962492630154242
2025/05/07 10:24:04.765192773,1746606244,764626708,hemisphere,0.0,0.0,0.08625158934874201,0.9962733878483435
2025/05/07 10:24:04.816430339,1746606244,815143792,hemisphere,0.0,0.0,0.08600815126418689,0.9962944333459446
2025/05/07 10:24:04.865880263,1746606244,865170557,hemisphere,0.0,0.0,0.0857734025334762,0.996314670883567
2025/05/07 10:24:04.915863886,1746606244,915254154,hemisphere,0.0,0.0,0.08552995437584783,0.9963355995368556
2025/05/07 10:24:04.966163691,1746606244,965488079,hemisphere,0.0,0.0,0.08530389079956398,0.9963549800219077
2025/05/07 10:24:05.19228076,1746606245,18537645,hemisphere,0.0,0.0,0.08506912782242805,0.9963750516203883
2025/05/07 10:24:05.65759551,1746606245,65214839,hemisphere,0.0,0.0,0.08480827453160218,0.9963972885204839
2025/05/07 10:24:05.115286298,1746606245,114723398,hemisphere,0.0,0.0,0.08447785202109713,0.9964253572234609
2025/05/07 10:24:05.165647698,1746606245,165096619,hemisphere,0.0,0.0,0.08421698558055804,0.9964474393261915
2025/05/07 10:24:05.224943405,1746606245,218268996,hemisphere,0.0,0.0,0.08394741752825471,0.9964701857508517
2025/05/07 10:24:05.266022099,1746606245,265354166,hemisphere,0.0,0.0,0.08364305911861007,0.9964957795501599
2025/05/07 10:24:05.315858188,1746606245,315239499,hemisphere,0.0,0.0,0.08332130031587977,0.9965227347700959
2025/05/07 10:24:05.366649280,1746606245,364805861,hemisphere,0.0,0.0,0.08303431891876169,0.9965466882598614
2025/05/07 10:24:05.415655920,1746606245,415116388,hemisphere,0.0,0.0,0.08272993718534678,0.9965720031655056
2025/05/07 10:24:05.465215416,1746606245,464750992,hemisphere,0.0,0.0,0.08240815381868431,0.9965986635472657
2025/05/07 10:24:05.515643890,1746606245,515158767,hemisphere,0.0,0.0,0.08209505905315732,0.9966245036517307
2025/05/07 10:24:05.565268046,1746606245,564860441,hemisphere,0.0,0.0,0.08179065359619518,0.996649531673149
2025/05/07 10:24:05.615103406,1746606245,614617302,hemisphere,0.0,0.0,0.08148624050905791,0.9966744667180454
2025/05/07 10:24:05.665397496,1746606245,665016823,hemisphere,0.0,0.0,0.08118181982014386,0.9966993087840935
2025/05/07 10:24:05.715132276,1746606245,714687124,hemisphere,0.0,0.0,0.0809121837416591,0.9967212341081914
2025/05/07 10:24:05.765600933,1746606245,765125596,hemisphere,0.0,0.0,0.08065993817804229,0.9967416788582257
2025/05/07 10:24:05.815277168,1746606245,814788602,hemisphere,0.0,0.0,0.08038159225123896,0.9967641644978794
2025/05/07 10:24:05.865095155,1746606245,864522575,hemisphere,0.0,0.0,0.08019022578913358,0.9967795782859357
2025/05/07 10:24:05.915691740,1746606245,914957162,hemisphere,0.0,0.0,0.08001625371307255,0.9967935589387229
2025/05/07 10:24:05.965031213,1746606245,964611022,hemisphere,0.0,0.0,0.07979878519097505,0.9968109920551863
2025/05/07 10:24:06.15472539,1746606246,15009159,hemisphere,0.0,0.0,0.07965960334291662,0.9968221243508038
2025/05/07 10:24:06.77543764,1746606246,74543620,hemisphere,0.0,0.0,0.07945952671623396,0.9968380929790114
2025/05/07 10:24:06.116298263,1746606246,115201849,hemisphere,0.0,0.0,0.07929424360984971,0.9968512541650042
2025/05/07 10:24:06.166218341,1746606246,164884554,hemisphere,0.0,0.0,0.07910286044776775,0.9968664591955038
2025/05/07 10:24:06.215092325,1746606246,214609095,hemisphere,0.0,0.0,0.07890277493372588,0.9968823160773581
2025/05/07 10:24:06.265494406,1746606246,264998318,hemisphere,0.0,0.0,0.07874618405291174,0.9968946977976686
2025/05/07 10:24:06.315190725,1746606246,314706015,hemisphere,0.0,0.0,0.07852869349596373,0.996911853825511
2025/05/07 10:24:06.365507866,1746606246,365069307,hemisphere,0.0,0.0,0.07836339817236317,0.9969248606724981
2025/05/07 10:24:06.415869625,1746606246,414856659,hemisphere,0.0,0.0,0.07814590104400636,0.9969419331886991
2025/05/07 10:24:06.465755595,1746606246,465191732,hemisphere,0.0,0.0,0.07793710030137735,0.996958278162438
2025/05/07 10:24:06.515441276,1746606246,514928259,hemisphere,0.0,0.0,0.07772829614004464,0.9969745794046936
2025/05/07 10:24:06.565051725,1746606246,564577207,hemisphere,0.0,0.0,0.07751948856916731,0.9969908369147505
2025/05/07 10:24:06.615548145,1746606246,615031850,hemisphere,0.0,0.0,0.07724977375874717,0.9970117714722442
2025/05/07 10:24:06.665841820,1746606246,665365204,hemisphere,0.0,0.0,0.07701485625234131,0.9970299453458914
2025/05/07 10:24:06.715587261,1746606246,715138420,hemisphere,0.0,0.0,0.0767625326871298,0.9970494037786981
2025/05/07 10:24:06.765275187,1746606246,764828052,hemisphere,0.0,0.0,0.07651890526938625,0.997068130639213
2025/05/07 10:24:06.817878602,1746606246,816129707,hemisphere,0.0,0.0,0.0762839745039523,0.9970861323044666
2025/05/07 10:24:06.867937303,1746606246,867360575,hemisphere,0.0,0.0,0.07604033812602314,0.9971047422300628
2025/05/07 10:24:06.915412358,1746606246,914846189,hemisphere,0.0,0.0,0.07579669720810454,0.9971232926235065
2025/05/07 10:24:06.967068216,1746606246,966151606,hemisphere,0.0,0.0,0.07557045516046577,0.9971404646823034
2025/05/07 10:24:07.15259549,1746606247,14789457,hemisphere,0.0,0.0,0.07531810367207704,0.9971595575730308
2025/05/07 10:24:07.64937961,1746606247,64503660,hemisphere,0.0,0.0,0.07509185340850139,0.9971766210414663
2025/05/07 10:24:07.115734663,1746606247,115009528,hemisphere,0.0,0.0,0.07486559927917134,0.9971936331749068
2025/05/07 10:24:07.165365668,1746606247,164677453,hemisphere,0.0,0.0,0.0746654481824539,0.9972086395773521
2025/05/07 10:24:07.217220232,1746606247,216146887,hemisphere,0.0,0.0,0.07443048436183042,0.9972262045281719
2025/05/07 10:24:07.265098070,1746606247,264706710,hemisphere,0.0,0.0,0.07421292158403976,0.9972424190085183
2025/05/07 10:24:07.316010632,1746606247,315260541,hemisphere,0.0,0.0,0.0740040579940682,0.9972579402543811
2025/05/07 10:24:07.365660917,1746606247,365032728,hemisphere,0.0,0.0,0.07381259685135731,0.9972721296346645
2025/05/07 10:24:07.415263681,1746606247,414620803,hemisphere,0.0,0.0,0.07364724185659251,0.997284354518267
2025/05/07 10:24:07.465860569,1746606247,465258038,hemisphere,0.0,0.0,0.0734470725754757,0.997299116378879
2025/05/07 10:24:07.515267104,1746606247,514674695,hemisphere,0.0,0.0,0.07322079069517239,0.9973157553202365
2025/05/07 10:24:07.566235941,1746606247,565297943,hemisphere,0.0,0.0,0.07308153843298752,0.9973259691496396
2025/05/07 10:24:07.615508354,1746606247,614760248,hemisphere,0.0,0.0,0.07288136081067378,0.9973406174654597
2025/05/07 10:24:07.665995003,1746606247,665300465,hemisphere,0.0,0.0,0.07266377310871895,0.9973564939767549
2025/05/07 10:24:07.716356200,1746606247,715286977,hemisphere,0.0,0.0,0.07246358936809477,0.997371058441086
2025/05/07 10:24:07.770694221,1746606247,769242720,hemisphere,0.0,0.0,0.07223729118997049,0.9973874742353322
2025/05/07 10:24:07.815893364,1746606247,815286894,hemisphere,0.0,0.0,0.0720283972630339,0.9974025817029544
2025/05/07 10:24:07.865391658,1746606247,864748663,hemisphere,0.0,0.0,0.07184561248485824,0.9974157648476766
2025/05/07 10:24:07.915834181,1746606247,915169622,hemisphere,0.0,0.0,0.07164541686428794,0.9974301650954529
2025/05/07 10:24:07.965352099,1746606247,964806490,hemisphere,0.0,0.0,0.0714887400170857,0.9974414068258695
2025/05/07 10:24:08.15354555,1746606248,14587962,hemisphere,0.0,0.0,0.071288539257029,0.9974557354442347
2025/05/07 10:24:08.65568483,1746606248,64964062,hemisphere,0.0,0.0,0.0710622218965483,0.9974718846258905
2025/05/07 10:24:08.115606575,1746606248,114826079,hemisphere,0.0,0.0,0.070914243182147,0.9974824159422077
2025/05/07 10:24:08.165911355,1746606248,165082691,hemisphere,0.0,0.0,0.07072273900014142,0.9974960121164986
2025/05/07 10:24:08.215447887,1746606248,214778309,hemisphere,0.0,0.0,0.0705051174477045,0.9975114176858756
2025/05/07 10:24:08.265840601,1746606248,265181639,hemisphere,0.0,0.0,0.07032231274987231,0.9975243216731656
2025/05/07 10:24:08.315438609,1746606248,314880846,hemisphere,0.0,0.0,0.07007856948005355,0.9975414748769242
2025/05/07 10:24:08.370985933,1746606248,370028387,hemisphere,0.0,0.0,0.06988705397494746,0.9975549106122945
2025/05/07 10:24:08.416820760,1746606248,416021236,hemisphere,0.0,0.0,0.0697042413169988,0.9975677013328076
2025/05/07 10:24:08.471702943,1746606248,470804879,hemisphere,0.0,0.0,0.0695127207836733,0.9975810652018466
2025/05/07 10:24:08.516579671,1746606248,515597328,hemisphere,0.0,0.0,0.06928637503248275,0.9975968114598494
2025/05/07 10:24:08.565918211,1746606248,564928464,hemisphere,0.0,0.0,0.06911226048840118,0.9976088890192305
2025/05/07 10:24:08.615560495,1746606248,614518492,hemisphere,0.0,0.0,0.06892073205851741,0.997622139235351
2025/05/07 10:24:08.666799456,1746606248,665742994,hemisphere,0.0,0.0,0.06875531909720627,0.9976335530122478
2025/05/07 10:24:08.715236867,1746606248,714650658,hemisphere,0.0,0.0,0.06857249204628935,0.9976461363301928
2025/05/07 10:24:08.766614828,1746606248,765515660,hemisphere,0.0,0.0,0.06839836890426695,0.9976580892927376
2025/05/07 10:24:08.815535348,1746606248,814793867,hemisphere,0.0,0.0,0.06821553736283568,0.9976706071957315
2025/05/07 10:24:08.866365993,1746606248,865339909,hemisphere,0.0,0.0,0.06805011637492595,0.9976819040462541
2025/05/07 10:24:08.917002172,1746606248,915105620,hemisphere,0.0,0.0,0.06791951953643992,0.9976908032381271
2025/05/07 10:24:08.965151814,1746606248,964629961,hemisphere,0.0,0.0,0.06779762810381755,0.9976990937269095
2025/05/07 10:24:09.16074912,1746606249,15082514,hemisphere,0.0,0.0,0.06765832237035778,0.9977085503362336
2025/05/07 10:24:09.66221616,1746606249,64947584,hemisphere,0.0,0.0,0.0675364287714677,0.9977168089136298
2025/05/07 10:24:09.116280640,1746606249,115541061,hemisphere,0.0,0.0,0.06737970694905261,0.9977274052021724
2025/05/07 10:24:09.165570444,1746606249,164812231,hemisphere,0.0,0.0,0.06724039726663894,0.9977368034584194
2025/05/07 10:24:09.215170910,1746606249,214490953,hemisphere,0.0,0.0,0.06709237929279438,0.997746767792726
2025/05/07 10:24:09.265284408,1746606249,264883851,hemisphere,0.0,0.0,0.06693565276992781,0.9977572943297702
2025/05/07 10:24:09.317590607,1746606249,315074306,hemisphere,0.0,0.0,0.06679633891853322,0.9977666305840662
2025/05/07 10:24:09.365500130,1746606249,365047054,hemisphere,0.0,0.0,0.06662219477334869,0.9977782735475763
2025/05/07 10:24:09.415295922,1746606249,414738498,hemisphere,0.0,0.0,0.06648287799575821,0.9977875660346751
2025/05/07 10:24:09.465557964,1746606249,465091523,hemisphere,0.0,0.0,0.06630873020142257,0.9977991542886149
2025/05/07 10:24:09.515403622,1746606249,514882477,hemisphere,0.0,0.0,0.06620424055493952,0.9978060926515451
2025/05/07 10:24:09.564892755,1746606249,564478880,hemisphere,0.0,0.0,0.06603008953134315,0.9978176322737953
2025/05/07 10:24:09.615520093,1746606249,615049406,hemisphere,0.0,0.0,0.06588205957962105,0.997827417054446
2025/05/07 10:24:09.665047262,1746606249,664670302,hemisphere,0.0,0.0,0.06573402817792653,0.9978371798743038
2025/05/07 10:24:09.717132548,1746606249,715154308,hemisphere,0.0,0.0,0.0655947031841189,0.9978463483493776
2025/05/07 10:24:09.765080640,1746606249,764720678,hemisphere,0.0,0.0,0.06550762441342482,0.9978520687675653
2025/05/07 10:24:09.815003812,1746606249,814510870,hemisphere,0.0,0.0,0.06537700532221137,0.9978606351465618
2025/05/07 10:24:09.865438093,1746606249,864900076,hemisphere,0.0,0.0,0.06527250924257673,0.9978674759391539
2025/05/07 10:24:09.915091433,1746606249,914645155,hemisphere,0.0,0.0,0.0651680124471489,0.9978743057889046
2025/05/07 10:24:09.966252908,1746606249,965095599,hemisphere,0.0,0.0,0.06504609861599557,0.9978822601163116
2025/05/07 10:24:10.15305633,1746606250,14792152,hemisphere,0.0,0.0,0.06490676733450453,0.9978913325378593
2025/05/07 10:24:10.65606795,1746606250,65142037,hemisphere,0.0,0.0,0.06479355973642517,0.9978986895555492
2025/05/07 10:24:10.115202452,1746606250,114775312,hemisphere,0.0,0.0,0.06466293454868252,0.9979071624632989
2025/05/07 10:24:10.164954523,1746606250,164542154,hemisphere,0.0,0.0,0.06452359979390292,0.9979161813848076
2025/05/07 10:24:10.215430085,1746606250,214970389,hemisphere,0.0,0.0,0.06443651493320533,0.9979218083313256
2025/05/07 10:24:10.265257778,1746606250,264689393,hemisphere,0.0,0.0,0.06428846954419025,0.9979313566992801
2025/05/07 10:24:10.316625016,1746606250,316065943,hemisphere,0.0,0.0,0.0641404227402754,0.9979408831041541
2025/05/07 10:24:10.370165319,1746606250,364874886,hemisphere,0.0,0.0,0.06400108328229943,0.9979498290689228
2025/05/07 10:24:10.416035506,1746606250,415288622,hemisphere,0.0,0.0,0.06384432490077964,0.997959870023822
2025/05/07 10:24:10.465444212,1746606250,464901196,hemisphere,0.0,0.0,0.06372240062586185,0.9979676626316493
2025/05/07 10:24:10.514964967,1746606250,514562162,hemisphere,0.0,0.0,0.06359176641874167,0.9979759953244087
2025/05/07 10:24:10.565534624,1746606250,565036058,hemisphere,0.0,0.0,0.06349596730754146,0.9979820950977425
2025/05/07 10:24:10.617627767,1746606250,616597203,hemisphere,0.0,0.0,0.06333049473785655,0.9979926094096381
2025/05/07 10:24:10.665406103,1746606250,665078925,hemisphere,0.0,0.0,0.06319985726856842,0.9980008908018232
2025/05/07 10:24:10.715274040,1746606250,714825879,hemisphere,0.0,0.0,0.0630082536887073,0.9980130059107946
2025/05/07 10:24:10.765124773,1746606250,764610794,hemisphere,0.0,0.0,0.0629037416658317,0.9980195986474606
2025/05/07 10:24:10.815412138,1746606250,814967551,hemisphere,0.0,0.0,0.06277310066731674,0.9980278241775682
2025/05/07 10:24:10.865059181,1746606250,864665963,hemisphere,0.0,0.0,0.06263374908340526,0.9980365792273133
2025/05/07 10:24:10.924272629,1746606250,915013026,hemisphere,0.0,0.0,0.06251181544572497,0.9980442239348313
2025/05/07 10:24:10.965046876,1746606250,964731062,hemisphere,0.0,0.0,0.06241600979002406,0.9980502200399997
2025/05/07 10:24:11.15687715,1746606251,15209096,hemisphere,0.0,0.0,0.06227665508254112,0.9980589252302342
2025/05/07 10:24:11.65381537,1746606251,64899117,hemisphere,0.0,0.0,0.062180848016700624,0.9980648987615606
2025/05/07 10:24:11.116432536,1746606251,115206301,hemisphere,0.0,0.0,0.06208504037788369,0.9980708630960412
2025/05/07 10:24:11.165295817,1746606251,164939526,hemisphere,0.0,0.0,0.061980522301279914,0.9980773591537184
2025/05/07 10:24:11.215976521,1746606251,215452018,hemisphere,0.0,0.0,0.06186729361798098,0.9980843841982433
2025/05/07 10:24:11.265934501,1746606251,265129001,hemisphere,0.0,0.0,0.061719224138623095,0.9980935514127554
2025/05/07 10:24:11.315343329,1746606251,314825201,hemisphere,0.0,0.0,0.06163212381014889,0.9980989336306549
2025/05/07 10:24:11.365458857,1746606251,364712386,hemisphere,0.0,0.0,0.06153631290674722,0.9981048452912363
2025/05/07 10:24:11.415367432,1746606251,414929973,hemisphere,0.0,0.0,0.06143179127454502,0.9981112838861209
2025/05/07 10:24:11.465648807,1746606251,465070737,hemisphere,0.0,0.0,0.06128371780933052,0.998120386492264
2025/05/07 10:24:11.515594477,1746606251,515089218,hemisphere,0.0,0.0,0.06117048424921886,0.9981273324865501
2025/05/07 10:24:11.565157481,1746606251,564737661,hemisphere,0.0,0.0,0.06106596026416896,0.998133732771824
2025/05/07 10:24:11.615667085,1746606251,615189849,hemisphere,0.0,0.0,0.06089175213484474,0.9981443755899988
2025/05/07 10:24:11.665262730,1746606251,664868159,hemisphere,0.0,0.0,0.06076980534035509,0.9981518074716368
2025/05/07 10:24:11.715024229,1746606251,714595619,hemisphere,0.0,0.0,0.06063914705402777,0.9981597536690007
2025/05/07 10:24:11.765491435,1746606251,765020382,hemisphere,0.0,0.0,0.060447513021878084,0.9981713771539784
2025/05/07 10:24:11.815179892,1746606251,814715577,hemisphere,0.0,0.0,0.06032556293184048,0.9981787547613686
2025/05/07 10:24:11.865524721,1746606251,865109736,hemisphere,0.0,0.0,0.06017747946929345,0.9981876932544915
2025/05/07 10:24:11.915234319,1746606251,914809913,hemisphere,0.0,0.0,0.06002939468232383,0.9981966097788921
2025/05/07 10:24:11.964911944,1746606251,964508718,hemisphere,0.0,0.0,0.05989001955824162,0.9982049817333679
2025/05/07 10:24:12.15586301,1746606252,15001976,hemisphere,0.0,0.0,0.05978548744880256,0.9982112479282675
2025/05/07 10:24:12.65424074,1746606252,64811538,hemisphere,0.0,0.0,0.05962868805571237,0.9982206266956993
2025/05/07 10:24:12.115519343,1746606252,115049750,hemisphere,0.0,0.0,0.059515443134360566,0.998227384932171
2025/05/07 10:24:12.165222304,1746606252,164770381,hemisphere,0.0,0.0,0.05943704235540271,0.9982320561853552
2025/05/07 10:24:12.215680546,1746606252,215155297,hemisphere,0.0,0.0,0.059332507413217384,0.9982382749444446
2025/05/07 10:24:12.265413164,1746606252,264914917,hemisphere,0.0,0.0,0.059262817090215435,0.9982424147022264
2025/05/07 10:24:12.315110612,1746606252,314551005,hemisphere,0.0,0.0,0.059184415131601366,0.9982470661141611
2025/05/07 10:24:12.365342437,1746606252,364974312,hemisphere,0.0,0.0,0.05915828106424407,0.9982486152164319
2025/05/07 10:24:12.415774376,1746606252,415370471,hemisphere,0.0,0.0,0.059097301416094046,0.998252227127661
2025/05/07 10:24:12.465515526,1746606252,465078519,hemisphere,0.0,0.0,0.05901889868732438,0.9982568655399949
2025/05/07 10:24:12.515268559,1746606252,514766136,hemisphere,0.0,0.0,0.05897534145844559,0.9982594397749814
2025/05/07 10:24:12.565526454,1746606252,565213857,hemisphere,0.0,0.0,0.05896662999919349,0.9982599543939135
2025/05/07 10:24:12.615996786,1746606252,614986333,hemisphere,0.0,0.0,0.05892307263558779,0.9982625263482454
2025/05/07 10:24:12.666007448,1746606252,665374912,hemisphere,0.0,0.0,0.058844669098456585,0.9982671510766511
2025/05/07 10:24:12.715523920,1746606252,715045973,hemisphere,0.0,0.0,0.05878368831860044,0.9982707438303807
2025/05/07 10:24:12.765295705,1746606252,764834418,hemisphere,0.0,0.0,0.05875755363149931,0.99827228244164
2025/05/07 10:24:12.815643980,1746606252,815147864,hemisphere,0.0,0.0,0.05871399573018007,0.9982748452732827
2025/05/07 10:24:12.865310398,1746606252,864870200,hemisphere,0.0,0.0,0.05862687959227505,0.9982799652348399
2025/05/07 10:24:12.915347336,1746606252,914648881,hemisphere,0.0,0.0,0.05859203301206449,0.9982820110908105
2025/05/07 10:24:12.965428044,1746606252,965012775,hemisphere,0.0,0.0,0.058513627945626194,0.9982866098193649
2025/05/07 10:24:13.16923278,1746606253,15378492,hemisphere,0.0,0.0,0.0584787811335449,0.9982886517221033
2025/05/07 10:24:13.65409517,1746606253,65067343,hemisphere,0.0,0.0,0.05841779904097172,0.9982922221249692
2025/05/07 10:24:13.116758821,1746606253,115357073,hemisphere,0.0,0.0,0.0583219695980161,0.998297825231633
2025/05/07 10:24:13.165000686,1746606253,164499535,hemisphere,0.0,0.0,0.05822613961764237,0.998303419139305
2025/05/07 10:24:13.215394284,1746606253,214901385,hemisphere,0.0,0.0,0.05813902098805475,0.9983084965272762
2025/05/07 10:24:13.265110114,1746606253,264627522,hemisphere,0.0,0.0,0.05806061384285234,0.9983130596762677
2025/05/07 10:24:13.315594731,1746606253,315045644,hemisphere,0.0,0.0,0.057999630260062315,0.9983166045347018
2025/05/07 10:24:13.365203242,1746606253,364728787,hemisphere,0.0,0.0,0.0579212224784884,0.9983211567359461
2025/05/07 10:24:13.415564066,1746606253,415140826,hemisphere,0.0,0.0,0.05785152637268507,0.9983251979672508
2025/05/07 10:24:13.465453195,1746606253,464872021,hemisphere,0.0,0.0,0.05772084541459698,0.9983327621613067
2025/05/07 10:24:13.515249634,1746606253,514594653,hemisphere,0.0,0.0,0.05765114849907042,0.9983367894036251
2025/05/07 10:24:13.565343252,1746606253,564922890,hemisphere,0.0,0.0,0.05754660259904041,0.9983428211437733
2025/05/07 10:24:13.615104451,1746606253,614693894,hemisphere,0.0,0.0,0.0574681927598161,0.9983473377642276
2025/05/07 10:24:13.665766650,1746606253,665133303,hemisphere,0.0,0.0,0.05731137201837304,0.9983563525301834
2025/05/07 10:24:13.715229761,1746606253,714795063,hemisphere,0.0,0.0,0.057180686986789915,0.9983638460179329
2025/05/07 10:24:13.765953358,1746606253,765246520,hemisphere,0.0,0.0,0.05706742583347441,0.9983703265365718
2025/05/07 10:24:13.815433926,1746606253,814989022,hemisphere,0.0,0.0,0.05691931398653606,0.9983787816732196
2025/05/07 10:24:13.864933111,1746606253,864568966,hemisphere,0.0,0.0,0.05680605114050616,0.998385232539936
2025/05/07 10:24:13.915428271,1746606253,915013322,hemisphere,0.0,0.0,0.056701500172156555,0.9983911757814303
2025/05/07 10:24:13.966597118,1746606253,965375955,hemisphere,0.0,0.0,0.05656209791397509,0.9983990830722802
2025/05/07 10:24:14.15603364,1746606254,15117296,hemisphere,0.0,0.0,0.056483683658985706,0.9984035223697438
2025/05/07 10:24:14.65143678,1746606254,64790286,hemisphere,0.0,0.0,0.05638784354088471,0.9984089398141468
2025/05/07 10:24:14.115146309,1746606254,114567515,hemisphere,0.0,0.0,0.05627457727694231,0.99841533038726
2025/05/07 10:24:14.165469369,1746606254,164970739,hemisphere,0.0,0.0,0.05617002315966763,0.9984212179727765
2025/05/07 10:24:14.215143056,1746606254,214660197,hemisphere,0.0,0.0,0.056056755504214004,0.9984275838348723
2025/05/07 10:24:14.265539097,1746606254,265073323,hemisphere,0.0,0.0,0.05597833901233857,0.998431983442748
2025/05/07 10:24:14.316714535,1746606254,315274138,hemisphere,0.0,0.0,0.05586507013681461,0.9984383275588977
2025/05/07 10:24:14.365575955,1746606254,365178547,hemisphere,0.0,0.0,0.0557953658559554,0.9984422252434039
2025/05/07 10:24:14.415316111,1746606254,414899334,hemisphere,0.0,0.0,0.055716948214952634,0.9984466043217396
2025/05/07 10:24:14.465044644,1746606254,464607038,hemisphere,0.0,0.0,0.0556559564787572,0.9984500060135383
2025/05/07 10:24:14.516215532,1746606254,515042447,hemisphere,0.0,0.0,0.055577538227084146,0.9984543741426631
2025/05/07 10:24:14.565093188,1746606254,564680804,hemisphere,0.0,0.0,0.05549911963258088,0.9984587361128193
2025/05/07 10:24:14.616307297,1746606254,615814927,hemisphere,0.0,0.0,0.055411987459414135,0.9984635755228118
2025/05/07 10:24:14.665247457,1746606254,664815761,hemisphere,0.0,0.0,0.055403274218877266,0.9984640590456062
2025/05/07 10:24:14.715764367,1746606254,715264790,hemisphere,0.0,0.0,0.05532485486426098,0.9984684073290694
2025/05/07 10:24:14.765482959,1746606254,764996443,hemisphere,0.0,0.0,0.05524643516837318,0.9984727494534774
2025/05/07 10:24:14.815179286,1746606254,814677650,hemisphere,0.0,0.0,0.055211581860783406,0.9984746773095601
2025/05/07 10:24:14.865507576,1746606254,865139977,hemisphere,0.0,0.0,0.05517672848591998,0.9984766039490315
2025/05/07 10:24:14.915717393,1746606254,915084493,hemisphere,0.0,0.0,0.05509830814672802,0.9984809344395957
2025/05/07 10:24:14.965494751,1746606254,965147118,hemisphere,0.0,0.0,0.05506345455351856,0.9984828571250649
2025/05/07 10:24:15.15339347,1746606255,14903715,hemisphere,0.0,0.0,0.055019887467661975,0.9984852587710276
2025/05/07 10:24:15.64990561,1746606255,64571010,hemisphere,0.0,0.0,0.054950179912445746,0.9984890974505379
2025/05/07 10:24:15.115576590,1746606255,115012726,hemisphere,0.0,0.0,0.05488918558192342,0.9984924523030473
2025/05/07 10:24:15.165194778,1746606255,164740258,hemisphere,0.0,0.0,0.05488918558192342,0.9984924523030473
2025/05/07 10:24:15.215630781,1746606255,215118860,hemisphere,0.0,0.0,0.05481947752482242,0.9984962818578272
2025/05/07 10:24:15.265762538,1746606255,265277203,hemisphere,0.0,0.0,0.05479333693450806,0.9984977166862133
2025/05/07 10:24:15.315016142,1746606255,314493658,hemisphere,0.0,0.0,0.05473234207775922,0.9985010619577143
2025/05/07 10:24:15.365402695,1746606255,364952910,hemisphere,0.0,0.0,0.05471491493830807,0.9985020170652104
2025/05/07 10:24:15.414989097,1746606255,414609458,hemisphere,0.0,0.0,0.054671347016773175,0.9985044035032452
2025/05/07 10:24:15.465471150,1746606255,465037115,hemisphere,0.0,0.0,0.05459292449576805,0.998508694301156
2025/05/07 10:24:15.515530941,1746606255,514894773,hemisphere,0.0,0.0,0.05450578796637748,0.9985134546305144
2025/05/07 10:24:15.565539675,1746606255,565157602,hemisphere,0.0,0.0,0.05443607844397173,0.9985172574190402
2025/05/07 10:24:15.615451171,1746606255,614849844,hemisphere,0.0,0.0,0.05432279990434657,0.9985234265707301
2025/05/07 10:24:15.665194647,1746606255,664638594,hemisphere,0.0,0.0,0.05424437589034823,0.9985276899937561
2025/05/07 10:24:15.715413126,1746606255,714932664,hemisphere,0.0,0.0,0.05417466537476371,0.9985314745322414
2025/05/07 10:24:15.765452280,1746606255,764662482,hemisphere,0.0,0.0,0.05407881298477529,0.9985366703262117
2025/05/07 10:24:15.816701293,1746606255,815460816,hemisphere,0.0,0.0,0.05399167401597357,0.9985413857907708
2025/05/07 10:24:15.865414228,1746606255,864798880,hemisphere,0.0,0.0,0.05393067649312667,0.9985446820913894
2025/05/07 10:24:15.915049621,1746606255,914524342,hemisphere,0.0,0.0,0.05379996683822534,0.9985517330455173
2025/05/07 10:24:15.965780715,1746606255,965015460,hemisphere,0.0,0.0,0.05371282655601517,0.9985564241761021
2025/05/07 10:24:16.14978232,1746606256,14608340,hemisphere,0.0,0.0,0.05362568586475841,0.9985611077022449
2025/05/07 10:24:16.65345889,1746606256,65034094,hemisphere,0.0,0.0,0.053529830632719225,0.9985662507978289
2025/05/07 10:24:16.115447171,1746606256,114784621,hemisphere,0.0,0.0,0.05346011742682402,0.9985699854515507
2025/05/07 10:24:16.166483916,1746606256,165136611,hemisphere,0.0,0.0,0.053364261343344925,0.9985751126536647
2025/05/07 10:24:16.216311606,1746606256,214920895,hemisphere,0.0,0.0,0.053285833272887495,0.9985793007930888
2025/05/07 10:24:16.264949289,1746606256,264503041,hemisphere,0.0,0.0,0.05321611915652537,0.9985830184125497
2025/05/07 10:24:16.315414654,1746606256,314919219,hemisphere,0.0,0.0,0.053181262001059736,0.9985848753971666
2025/05/07 10:24:16.365002932,1746606256,364654608,hemisphere,0.0,0.0,0.053128976146375004,0.9985876585926936
2025/05/07 10:24:16.415636602,1746606256,415091923,hemisphere,0.0,0.0,0.05301568962840131,0.9985936794578789
2025/05/07 10:24:16.466003031,1746606256,465507871,hemisphere,0.0,0.0,0.0529285456886624,0.9985983021472064
2025/05/07 10:24:16.515308178,1746606256,514489514,hemisphere,0.0,0.0,0.05289368799986899,0.9986001490936063
2025/05/07 10:24:16.565533674,1746606256,564960565,hemisphere,0.0,0.0,0.052867544690976695,0.9986015335049049
2025/05/07 10:24:16.615865827,1746606256,615329000,hemisphere,0.0,0.0,0.05279782902349783,0.9986052219222596
2025/05/07 10:24:16.665969494,1746606256,665081375,hemisphere,0.0,0.0,0.05285011579825028,0.9986024560655314
2025/05/07 10:24:16.715986774,1746606256,715445453,hemisphere,0.0,0.0,0.05281525796450552,0.9986043002742091
2025/05/07 10:24:16.765655408,1746606256,765148742,hemisphere,0.0,0.0,0.05279782902349783,0.9986052219222596
2025/05/07 10:24:16.815277940,1746606256,814868766,hemisphere,0.0,0.0,0.052719398590011,0.9986093655741005
2025/05/07 10:24:16.864933170,1746606256,864508809,hemisphere,0.0,0.0,0.05273682760335103,0.9986084452949187
2025/05/07 10:24:16.915441073,1746606256,914961711,hemisphere,0.0,0.0,0.05270196956061175,0.9986102855490887
2025/05/07 10:24:16.965203203,1746606256,964682404,hemisphere,0.0,0.0,0.05270196956061175,0.9986102855490887
2025/05/07 10:24:17.15600898,1746606257,15086344,hemisphere,0.0,0.0,0.05270196956061175,0.9986102855490887
2025/05/07 10:24:17.65148523,1746606257,64734843,hemisphere,0.0,0.0,0.05269325503989156,0.9986107454225099
2025/05/07 10:24:17.114943204,1746606257,114472125,hemisphere,0.0,0.0,0.05269325503989156,0.9986107454225099
2025/05/07 10:24:17.165268975,1746606257,164865191,hemisphere,0.0,0.0,0.05274554210399714,0.998607985041255
2025/05/07 10:24:17.215122131,1746606257,214611165,hemisphere,0.0,0.0,0.05274554210399714,0.998607985041255
2025/05/07 10:24:17.265424455,1746606257,264975638,hemisphere,0.0,0.0,0.05279782902349783,0.9986052219222596
2025/05/07 10:24:17.315161295,1746606257,314682416,hemisphere,0.0,0.0,0.05282397242897655,0.9986038393361117
2025/05/07 10:24:17.365650329,1746606257,365136817,hemisphere,0.0,0.0,0.05287625913130111,0.9986010721105197
2025/05/07 10:24:17.415239923,1746606257,414766362,hemisphere,0.0,0.0,0.052919831272508495,0.9985987639978778
2025/05/07 10:24:17.464940304,1746606257,464527419,hemisphere,0.0,0.0,0.05298083210091709,0.998595529446179
2025/05/07 10:24:17.515390982,1746606257,514942486,hemisphere,0.0,0.0,0.053024404000180575,0.9985932167706857
2025/05/07 10:24:17.565091183,1746606257,564722870,hemisphere,0.0,0.0,0.05305926144691065,0.9985913652614409
2025/05/07 10:24:17.616582060,1746606257,615374715,hemisphere,0.0,0.0,0.05309411882898961,0.9985895125354427
2025/05/07 10:24:17.672177523,1746606257,664700313,hemisphere,0.0,0.0,0.053163833399024356,0.9985858034331957
2025/05/07 10:24:17.715675241,1746606257,715195842,hemisphere,0.0,0.0,0.05321611915652537,0.9985830184125497
2025/05/07 10:24:17.765278536,1746606257,764882252,hemisphere,0.0,0.0,0.05331197599958539,0.9985779054310283
2025/05/07 10:24:17.815094729,1746606257,814596029,hemisphere,0.0,0.0,0.053381689758760474,0.9985741811195098
2025/05/07 10:24:17.865528159,1746606257,865023515,hemisphere,0.0,0.0,0.05346011742682402,0.9985699854515507
2025/05/07 10:24:17.915088512,1746606257,914704181,hemisphere,0.0,0.0,0.053529830632719225,0.9985662507978289
2025/05/07 10:24:17.965613588,1746606257,965101592,hemisphere,0.0,0.0,0.053599543577716506,0.9985625112772162
2025/05/07 10:24:18.15365759,1746606258,14828692,hemisphere,0.0,0.0,0.05372154060265422,0.9985559554052429
2025/05/07 10:24:18.65015020,1746606258,64541738,hemisphere,0.0,0.0,0.05379996683822534,0.9985517330455173
2025/05/07 10:24:18.115454394,1746606258,114938757,hemisphere,0.0,0.0,0.05393067649312667,0.9985446820913894
2025/05/07 10:24:18.165044075,1746606258,164630124,hemisphere,0.0,0.0,0.054017815749817136,0.9985399719498558
2025/05/07 10:24:18.215458795,1746606258,215037300,hemisphere,0.0,0.0,0.054070099106416684,0.9985371422148613
2025/05/07 10:24:18.265142601,1746606258,264765710,hemisphere,0.0,0.0,0.05420080684906843,0.9985300559006274
2025/05/07 10:24:18.315634574,1746606258,315152397,hemisphere,0.0,0.0,0.0542879448283544,0.998525322185829
2025/05/07 10:24:18.365274186,1746606258,364855148,hemisphere,0.0,0.0,0.05441865102190159,0.998518207355758
2025/05/07 10:24:18.415034874,1746606258,414564613,hemisphere,0.0,0.0,0.05451450163800632,0.9985129789397631
2025/05/07 10:24:18.465455857,1746606258,465020024,hemisphere,0.0,0.0,0.054601638125851865,0.9985082178499952
2025/05/07 10:24:18.517400970,1746606258,516376947,hemisphere,0.0,0.0,0.05474105564123297,0.998500584289906
2025/05/07 10:24:18.565515922,1746606258,565073256,hemisphere,0.0,0.0,0.05483690456415939,0.9984953249253705
2025/05/07 10:24:18.615353996,1746606258,614826940,hemisphere,0.0,0.0,0.054941466449205625,0.9984895769433003
2025/05/07 10:24:18.665243596,1746606258,664587496,hemisphere,0.0,0.0,0.05506345455351856,0.9984828571250649
2025/05/07 10:24:18.715655669,1746606258,715035697,hemisphere,0.0,0.0,0.055159301773273925,0.9984775668125374
2025/05/07 10:24:18.765059990,1746606258,764627956,hemisphere,0.0,0.0,0.05523772184778497,0.9984732315315553
2025/05/07 10:24:18.815522258,1746606258,815032252,hemisphere,0.0,0.0,0.05536842121454439,0.9984659923764098
2025/05/07 10:24:18.865185781,1746606258,864705666,hemisphere,0.0,0.0,0.05549911963258088,0.9984587361128193
2025/05/07 10:24:18.916735538,1746606258,915244406,hemisphere,0.0,0.0,0.055612390825736754,0.9984524335123058
2025/05/07 10:24:18.965981216,1746606258,965074662,hemisphere,0.0,0.0,0.055716948214952634,0.9984466043217396
2025/05/07 10:24:19.16479986,1746606259,14739265,hemisphere,0.0,0.0,0.05587378315278431,0.9984378400061746
2025/05/07 10:24:19.65490443,1746606259,64986495,hemisphere,0.0,0.0,0.05599576492927998,0.9984310062843526
2025/05/07 10:24:19.115156216,1746606259,114681890,hemisphere,0.0,0.0,0.056100320072539726,0.9984251369470616
2025/05/07 10:24:19.165626894,1746606259,165150259,hemisphere,0.0,0.0,0.056257151633554436,0.9984163124118512
2025/05/07 10:24:19.215321578,1746606259,214838743,hemisphere,0.0,0.0,0.056370418009016134,0.9984099238156083
2025/05/07 10:24:19.265828808,1746606259,265210035,hemisphere,0.0,0.0,0.0565359598677218,0.9984005635223948
2025/05/07 10:24:19.315435821,1746606259,314902864,hemisphere,0.0,0.0,0.05664922445473452,0.9983941432964625
2025/05/07 10:24:19.365107327,1746606259,364626505,hemisphere,0.0,0.0,0.05678862602234388,0.9983862238405007
2025/05/07 10:24:19.416035348,1746606259,415406143,hemisphere,0.0,0.0,0.056936738974788105,0.9983777880917207
2025/05/07 10:24:19.465847492,1746606259,464912004,hemisphere,0.0,0.0,0.057050000975431156,0.9983713223989876
2025/05/07 10:24:19.516844361,1746606259,515317195,hemisphere,0.0,0.0,0.05718939935273546,0.9983633469842897
2025/05/07 10:24:19.565969459,1746606259,565171736,hemisphere,0.0,0.0,0.05731137201837304,0.9983563525301834
2025/05/07 10:24:19.615901729,1746606259,614981332,hemisphere,0.0,0.0,0.057450768302941574,0.9983483406213494
2025/05/07 10:24:19.665835308,1746606259,665129936,hemisphere,0.0,0.0,0.0575901634674778,0.9983403092492005
2025/05/07 10:24:19.715751915,1746606259,715023504,hemisphere,0.0,0.0,0.057668572754307645,0.9983357830492109
2025/05/07 10:24:19.765529608,1746606259,765101396,hemisphere,0.0,0.0,0.057790542048799146,0.9983287300532355
2025/05/07 10:24:19.815370895,1746606259,814817792,hemisphere,0.0,0.0,0.05787766244542191,0.9983236830757116
2025/05/07 10:24:19.865655589,1746606259,865202372,hemisphere,0.0,0.0,0.05803447804817275,0.9983145793574669
2025/05/07 10:24:19.915696076,1746606259,914967268,hemisphere,0.0,0.0,0.05812159720898551,0.9983095110925652
2025/05/07 10:24:19.965182535,1746606259,964622467,hemisphere,0.0,0.0,0.05819129221898025,0.9983054510067975
2025/05/07 10:24:20.15628683,1746606260,15058993,hemisphere,0.0,0.0,0.0583219695980161,0.998297825231633
2025/05/07 10:24:20.65165731,1746606260,64710142,hemisphere,0.0,0.0,0.05844393425020896,0.9982906924084574
2025/05/07 10:24:20.115753090,1746606260,115176245,hemisphere,0.0,0.0,0.05857460969518433,0.9982830335626549
2025/05/07 10:24:20.165284046,1746606260,164828666,hemisphere,0.0,0.0,0.058731418904126385,0.9982738203686943
2025/05/07 10:24:20.215002370,1746606260,214573277,hemisphere,0.0,0.0,0.058879515159800874,0.9982650964020263
2025/05/07 10:24:20.265413808,1746606260,264957750,hemisphere,0.0,0.0,0.05903632154741871,0.9982558353138486
2025/05/07 10:24:20.315107439,1746606260,314652338,hemisphere,0.0,0.0,0.0591931264783737,0.9982465495946957
2025/05/07 10:24:20.365521111,1746606260,365036966,hemisphere,0.0,0.0,0.05940219744703989,0.9982341303213705
2025/05/07 10:24:20.416170735,1746606260,415550136,hemisphere,0.0,0.0,0.05960255468038519,0.9982221874290171
2025/05/07 10:24:20.465639926,1746606260,465160776,hemisphere,0.0,0.0,0.05986388659240904,0.9982065493083339
2025/05/07 10:24:20.515656287,1746606260,514917201,hemisphere,0.0,0.0,0.060055527387883424,0.9981950378709379
2025/05/07 10:24:20.567133276,1746606260,566509348,hemisphere,0.0,0.0,0.06035169516985532,0.998177175099754
2025/05/07 10:24:20.615562831,1746606260,615048582,hemisphere,0.0,0.0,0.06058688344844156,0.9981629273590584
2025/05/07 10:24:20.665308935,1746606260,664717971,hemisphere,0.0,0.0,0.06084819981248315,0.9981470315437402
2025/05/07 10:24:20.715976397,1746606260,715135574,hemisphere,0.0,0.0,0.06115306363159691,0.9981283999608818
2025/05/07 10:24:20.765291110,1746606260,764815649,hemisphere,0.0,0.0,0.061440501436308324,0.9981107477546042
2025/05/07 10:24:20.815018389,1746606260,814532570,hemisphere,0.0,0.0,0.06170180411050853,0.9980946284644099
2025/05/07 10:24:20.865373510,1746606260,864940874,hemisphere,0.0,0.0,0.062041491261973815,0.9980735711168743
2025/05/07 10:24:20.915300072,1746606260,914657024,hemisphere,0.0,0.0,0.0623289132402723,0.9980556630640831
2025/05/07 10:24:20.965545764,1746606260,965057411,hemisphere,0.0,0.0,0.06265987759848231,0.9980349391375751
2025/05/07 10:24:21.15280773,1746606261,14772582,hemisphere,0.0,0.0,0.06299083506618061,0.9980141054602713
2025/05/07 10:24:21.65493433,1746606261,65137687,hemisphere,0.0,0.0,0.06331307647126688,0.9979937145832851
2025/05/07 10:24:21.116502099,1746606261,115438901,hemisphere,0.0,0.0,0.06367885601136303,0.997970442095899
2025/05/07 10:24:21.164948949,1746606261,164579532,hemisphere,0.0,0.0,0.06400979203500581,0.9979492705161096
2025/05/07 10:24:21.215613850,1746606261,214980612,hemisphere,0.0,0.0,0.06430588672228095,0.9979302345018218
2025/05/07 10:24:21.266291543,1746606261,264906562,hemisphere,0.0,0.0,0.06465422616341335,0.9979077267158574
2025/05/07 10:24:21.315626506,1746606261,315083330,hemisphere,0.0,0.0,0.0649677249260194,0.9978873657472256
2025/05/07 10:24:21.365769936,1746606261,364904241,hemisphere,0.0,0.0,0.06528121727656806,0.9978669062910592
2025/05/07 10:24:21.414962539,1746606261,414528526,hemisphere,0.0,0.0,0.0655947031841189,0.9978463483493776
2025/05/07 10:24:21.465340351,1746606261,464909215,hemisphere,0.0,0.0,0.06595172091419098,0.9978228151873741
2025/05/07 10:24:21.515335334,1746606261,514707586,hemisphere,0.0,0.0,0.06627390040000014,0.99780146829205
2025/05/07 10:24:21.565463608,1746606261,565037297,hemisphere,0.0,0.0,0.06663960927927894,0.9977771106189524
2025/05/07 10:24:21.615359717,1746606261,614807827,hemisphere,0.0,0.0,0.06701401623804916,0.9977520341385662
2025/05/07 10:24:21.665565658,1746606261,665158677,hemisphere,0.0,0.0,0.0673535864835777,0.9977291688568594
2025/05/07 10:24:21.715399683,1746606261,714891505,hemisphere,0.0,0.0,0.06768444229593665,0.9977067787035868
2025/05/07 10:24:21.765012519,1746606261,764583096,hemisphere,0.0,0.0,0.06805882278939125,0.9976813101589717
2025/05/07 10:24:21.815717975,1746606261,815029419,hemisphere,0.0,0.0,0.06842448750852517,0.9976562982857351
2025/05/07 10:24:21.865332722,1746606261,864746774,hemisphere,0.0,0.0,0.06879014303576793,0.9976311523910621
2025/05/07 10:24:21.915524434,1746606261,915083910,hemisphere,0.0,0.0,0.06916449507292136,0.9976052689422344
2025/05/07 10:24:21.965352872,1746606261,964835253,hemisphere,0.0,0.0,0.06952142631809802,0.9975804585509368
2025/05/07 10:24:22.14902894,1746606262,14491895,hemisphere,0.0,0.0,0.06990446458196178,0.9975536907011618
2025/05/07 10:24:22.66373007,1746606262,65043380,hemisphere,0.0,0.0,0.07027878747348947,0.9975273891133296
2025/05/07 10:24:22.115081638,1746606262,114616878,hemisphere,0.0,0.0,0.07069662459137768,0.9974978632916393
2025/05/07 10:24:22.165474799,1746606262,165018390,hemisphere,0.0,0.0,0.07105351730955115,0.9974725047227825
2025/05/07 10:24:22.215194795,1746606262,214696790,hemisphere,0.0,0.0,0.0714887400170857,0.9974414068258695
2025/05/07 10:24:22.265486819,1746606262,265081337,hemisphere,0.0,0.0,0.07188913288922219,0.9974126290419807
2025/05/07 10:24:22.315411420,1746606262,314871720,hemisphere,0.0,0.0,0.07232432939151857,0.9973811665447002
2025/05/07 10:24:22.365016683,1746606262,364566411,hemisphere,0.0,0.0,0.07278562264856918,0.9973476089787653
2025/05/07 10:24:22.415693993,1746606262,415173853,hemisphere,0.0,0.0,0.07319468100466446,0.9973176718942793
2025/05/07 10:24:22.464998697,1746606262,464634690,hemisphere,0.0,0.0,0.07365594480157062,0.9972837117868656
2025/05/07 10:24:22.515642774,1746606262,515072377,hemisphere,0.0,0.0,0.07405627419624845,0.9972540640439477
2025/05/07 10:24:22.565307008,1746606262,564803188,hemisphere,0.0,0.0,0.07452621086236595,0.9972190551200364
2025/05/07 10:24:22.615592929,1746606262,615129017,hemisphere,0.0,0.0,0.07492651423207647,0.9971890580351503
2025/05/07 10:24:22.665316056,1746606262,664894138,hemisphere,0.0,0.0,0.0753703147211509,0.9971556125594614
2025/05/07 10:24:22.715084479,1746606262,714554415,hemisphere,0.0,0.0,0.0758315033309287,0.997120646212168
2025/05/07 10:24:22.765504216,1746606262,765042339,hemisphere,0.0,0.0,0.0762665720563998,0.9970874635591234
2025/05/07 10:24:22.815131813,1746606262,814702366,hemisphere,0.0,0.0,0.07668422437340093,0.9970554296187599
2025/05/07 10:24:22.865597282,1746606262,865144561,hemisphere,0.0,0.0,0.07710186323541636,0.9970232207354186
2025/05/07 10:24:22.915258414,1746606262,914817476,hemisphere,0.0,0.0,0.0775455897016734,0.9969888071176225
2025/05/07 10:24:22.964978011,1746606262,964555538,hemisphere,0.0,0.0,0.07795450049396492,0.9969569177515829
2025/05/07 10:24:23.15360427,1746606263,14945396,hemisphere,0.0,0.0,0.07838079778164056,0.9969234928213466
2025/05/07 10:24:23.65027454,1746606263,64617446,hemisphere,0.0,0.0,0.07881578024004453,0.9968891978475607
2025/05/07 10:24:23.115528158,1746606263,115060222,hemisphere,0.0,0.0,0.07923334928405948,0.9968560961147954
2025/05/07 10:24:23.165121613,1746606263,164755617,hemisphere,0.0,0.0,0.07965960334291662,0.9968221243508038
2025/05/07 10:24:23.215669745,1746606263,215162162,hemisphere,0.0,0.0,0.08010324005611359,0.9967865724078112
2025/05/07 10:24:23.265334680,1746606263,264876048,hemisphere,0.0,0.0,0.08048597270952507,0.996755741491867
2025/05/07 10:24:23.315056872,1746606263,314616433,hemisphere,0.0,0.0,0.08093827781481756,0.9967191154906038
2025/05/07 10:24:23.365546634,1746606263,365005850,hemisphere,0.0,0.0,0.0813557754286972,0.9966851247030807
2025/05/07 10:24:23.415189594,1746606263,414738263,hemisphere,0.0,0.0,0.08175586391474023,0.99665238609836
2025/05/07 10:24:23.465507910,1746606263,465131573,hemisphere,0.0,0.0,0.08219942487679871,0.9966159012126605
2025/05/07 10:24:23.515315255,1746606263,514841578,hemisphere,0.0,0.0,0.08261687914574377,0.9965813821661619
2025/05/07 10:24:23.564913450,1746606263,564543620,hemisphere,0.0,0.0,0.08304301542602985,0.9965459636107871
2025/05/07 10:24:23.615433013,1746606263,614957603,hemisphere,0.0,0.0,0.08347783271243517,0.9965096343967953
2025/05/07 10:24:23.665036140,1746606263,664602404,hemisphere,0.0,0.0,0.08389524235628733,0.9964745798614132
2025/05/07 10:24:23.715730488,1746606263,715284541,hemisphere,0.0,0.0,0.08432133285043186,0.9964386146804662
2025/05/07 10:24:23.765168403,1746606263,764731956,hemisphere,0.0,0.0,0.08475610317534481,0.9964017277055126
2025/05/07 10:24:23.815620921,1746606263,815171333,hemisphere,0.0,0.0,0.08513868771600526,0.9963691102467983
2025/05/07 10:24:23.865181316,1746606263,864823080,hemisphere,0.0,0.0,0.08556473299706642,0.9963326133712279
2025/05/07 10:24:23.915015887,1746606263,914572041,hemisphere,0.0,0.0,0.0859907626329068,0.9962959343196233
2025/05/07 10:24:23.965442969,1746606263,964992056,hemisphere,0.0,0.0,0.0864167765456283,0.996259073098691
2025/05/07 10:24:24.15176181,1746606264,14700154,hemisphere,0.0,0.0,0.08686016199860735,0.9962205138710886
2025/05/07 10:24:24.65801728,1746606264,65270660,hemisphere,0.0,0.0,0.08732091688486042,0.9961802334288646
2025/05/07 10:24:24.115373575,1746606264,114874450,hemisphere,0.0,0.0,0.0877468812016198,0.9961428034370318
2025/05/07 10:24:24.165005252,1746606264,164605431,hemisphere,0.0,0.0,0.08817282947416001,0.9961051913038707
2025/05/07 10:24:24.215556186,1746606264,215049473,hemisphere,0.0,0.0,0.08860745394904912,0.9960666238282795
2025/05/07 10:24:24.265052805,1746606264,264718416,hemisphere,0.0,0.0,0.08902467757505297,0.9960294206411063
2025/05/07 10:24:24.315763217,1746606264,315152820,hemisphere,0.0,0.0,0.08949403547959675,0.9959873581595183
2025/05/07 10:24:24.365474041,1746606264,364831993,hemisphere,0.0,0.0,0.08988515188992438,0.9959521371379878
2025/05/07 10:24:24.415677095,1746606264,415231253,hemisphere,0.0,0.0,0.09032840039480522,0.9959120343093137
2025/05/07 10:24:24.465290469,1746606264,464954715,hemisphere,0.0,0.0,0.09078901223452804,0.9958701497973914
2025/05/07 10:24:24.515937622,1746606264,515400565,hemisphere,0.0,0.0,0.0912235339041741,0.9958304408191356
2025/05/07 10:24:24.565649228,1746606264,565146078,hemisphere,0.0,0.0,0.0916493482908458,0.9957913420781802
2025/05/07 10:24:24.616027999,1746606264,615568675,hemisphere,0.0,0.0,0.09208383549224067,0.9957512577150169
2025/05/07 10:24:24.666317682,1746606264,665910500,hemisphere,0.0,0.0,0.09253568358314597,0.995709368874171
2025/05/07 10:24:24.715366547,1746606264,714919925,hemisphere,0.0,0.0,0.09297013493261137,0.9956688977820951
2025/05/07 10:24:24.765271682,1746606264,764623303,hemisphere,0.0,0.0,0.09343932250669049,0.9956249760876285
2025/05/07 10:24:24.815623885,1746606264,815033936,hemisphere,0.0,0.0,0.09389980124573308,0.9955816527668697
2025/05/07 10:24:24.865167719,1746606264,864706579,hemisphere,0.0,0.0,0.09435157218538383,0.9955389398843957
2025/05/07 10:24:24.915710471,1746606264,915187280,hemisphere,0.0,0.0,0.09478594899831651,0.9954976764776945
2025/05/07 10:24:24.965202524,1746606264,964822794,hemisphere,0.0,0.0,0.09520293376218018,0.9954578852985565
2025/05/07 10:24:25.15756811,1746606265,15279652,hemisphere,0.0,0.0,0.09568939486920733,0.9954112415025084
2025/05/07 10:24:25.65445441,1746606265,64942441,hemisphere,0.0,0.0,0.09608028456135748,0.9953735876135195
2025/05/07 10:24:25.115122537,1746606265,114678538,hemisphere,0.0,0.0,0.09650590315099536,0.9953324121402913
2025/05/07 10:24:25.165404559,1746606265,165061187,hemisphere,0.0,0.0,0.09691413297417431,0.9952927462962161
2025/05/07 10:24:25.216063100,1746606265,215526258,hemisphere,0.0,0.0,0.0973310317103816,0.9952520636834634
2025/05/07 10:24:25.265552439,1746606265,265207870,hemisphere,0.0,0.0,0.09773922850904754,0.9952120594177184
2025/05/07 10:24:25.315410212,1746606265,314903371,hemisphere,0.0,0.0,0.0981126707536187,0.9951753131170368
2025/05/07 10:24:25.365085698,1746606265,364601352,hemisphere,0.0,0.0,0.09854688854641788,0.9951324086561647
2025/05/07 10:24:25.415608873,1746606265,415031594,hemisphere,0.0,0.0,0.0989203008455138,0.9950953592900698
2025/05/07 10:24:25.465168825,1746606265,464743150,hemisphere,0.0,0.0,0.09926764861970905,0.9950607689671591
2025/05/07 10:24:25.515699973,1746606265,515145702,hemisphere,0.0,0.0,0.09967576679550146,0.9950199704095033
2025/05/07 10:24:25.565247042,1746606265,564825680,hemisphere,0.0,0.0,0.10000572242646516,0.9949868619644989
2025/05/07 10:24:25.616757724,1746606265,615454351,hemisphere,0.0,0.0,0.10032698444779331,0.9949545196598748
2025/05/07 10:24:25.665463065,1746606265,664938377,hemisphere,0.0,0.0,0.10069164757864053,0.9949176810711019
2025/05/07 10:24:25.715093005,1746606265,714624639,hemisphere,0.0,0.0,0.10097815912319229,0.9948886427033385
2025/05/07 10:24:25.765448791,1746606265,765061676,hemisphere,0.0,0.0,0.10127334407668342,0.9948586380886109
2025/05/07 10:24:25.815229022,1746606265,814761597,hemisphere,0.0,0.0,0.10157720162757483,0.99482765950164
2025/05/07 10:24:25.865587175,1746606265,865166298,hemisphere,0.0,0.0,0.10186368721105557,0.9947983661163544
2025/05/07 10:24:25.915358285,1746606265,914878310,hemisphere,0.0,0.0,0.10212412132049992,0.9947716641745059
2025/05/07 10:24:25.965815610,1746606265,965297715,hemisphere,0.0,0.0,0.10239322921337804,0.9947440005404691
2025/05/07 10:24:26.16166580,1746606266,15004572,hemisphere,0.0,0.0,0.10260156566240682,0.9947225335356704
2025/05/07 10:24:26.65063644,1746606266,64679374,hemisphere,0.0,0.0,0.10287066024669747,0.9946947407423086
2025/05/07 10:24:26.115685120,1746606266,115136390,hemisphere,0.0,0.0,0.10310502681577419,0.9946704748032479
2025/05/07 10:24:26.165939456,1746606266,164869003,hemisphere,0.0,0.0,0.10339146706995908,0.9946407414424173
2025/05/07 10:24:26.215778260,1746606266,215237664,hemisphere,0.0,0.0,0.10363450056242324,0.9946154484488853
2025/05/07 10:24:26.265364455,1746606266,264943918,hemisphere,0.0,0.0,0.1039209249482007,0.9945855626128455
2025/05/07 10:24:26.315134874,1746606266,314690716,hemisphere,0.0,0.0,0.10412922818056163,0.9945637756516776
2025/05/07 10:24:26.365366942,1746606266,365033092,hemisphere,0.0,0.0,0.10439827976081162,0.9945355695916478
2025/05/07 10:24:26.415094651,1746606266,414709034,hemisphere,0.0,0.0,0.1046412875248891,0.9945100305905082
2025/05/07 10:24:26.466458920,1746606266,465908882,hemisphere,0.0,0.0,0.10485825346386382,0.9944871777355946
2025/05/07 10:24:26.515993027,1746606266,515550698,hemisphere,0.0,0.0,0.10510992769980643,0.9944606091238313
2025/05/07 10:24:26.564968659,1746606266,564567210,hemisphere,0.0,0.0,0.10531820473589226,0.9944385731412517
2025/05/07 10:24:26.616145174,1746606266,615694900,hemisphere,0.0,0.0,0.10556118877180398,0.9944128093629343
2025/05/07 10:24:26.665806899,1746606266,665380165,hemisphere,0.0,0.0,0.10578681116212103,0.9943888326928002
2025/05/07 10:24:26.715635418,1746606266,715142481,hemisphere,0.0,0.0,0.10600375063255502,0.9943657299262838
2025/05/07 10:24:26.765145691,1746606266,764744073,hemisphere,0.0,0.0,0.1062120077775846,0.9943435067439493
2025/05/07 10:24:26.817151010,1746606266,815285531,hemisphere,0.0,0.0,0.1064462914963509,0.9943184535281813
2025/05/07 10:24:26.865331237,1746606266,864895367,hemisphere,0.0,0.0,0.10664586185539685,0.994297068359914
2025/05/07 10:24:26.915018612,1746606266,914646396,hemisphere,0.0,0.0,0.1068627812855153,0.994273778179795
2025/05/07 10:24:26.965644758,1746606266,965029216,hemisphere,0.0,0.0,0.10705366617698095,0.9942532436749038
2025/05/07 10:24:27.15223437,1746606267,14765885,hemisphere,0.0,0.0,0.10721851813533802,0.9942354798380826
2025/05/07 10:24:27.65585593,1746606267,65170659,hemisphere,0.0,0.0,0.10738336714607336,0.9942176886680159
2025/05/07 10:24:27.115394706,1746606267,114878592,hemisphere,0.0,0.0,0.10754821320465502,0.9941998701651927
2025/05/07 10:24:27.166465889,1746606267,165992173,hemisphere,0.0,0.0,0.10773908389416849,0.9941792040681827
2025/05/07 10:24:27.215476625,1746606267,214988997,hemisphere,0.0,0.0,0.10786054499305683,0.9941660338363009
2025/05/07 10:24:27.265092187,1746606267,264636734,hemisphere,0.0,0.0,0.10799935570602284,0.9941509639723154
2025/05/07 10:24:27.315573149,1746606267,315090092,hemisphere,0.0,0.0,0.10812081335279015,0.9941377619424439
2025/05/07 10:24:27.365214541,1746606267,364792948,hemisphere,0.0,0.0,0.10820756782680803,0.9941283228361452
2025/05/07 10:24:27.415757627,1746606267,415202434,hemisphere,0.0,0.0,0.10829432147677813,0.9941188761591263
2025/05/07 10:24:27.465354321,1746606267,464938690,hemisphere,0.0,0.0,0.10840709998870143,0.9941065841608936
2025/05/07 10:24:27.515123158,1746606267,514633205,hemisphere,0.0,0.0,0.10850252687063815,0.9940961732461736
2025/05/07 10:24:27.565461009,1746606267,565056403,hemisphere,0.0,0.0,0.10858060266677962,0.9940876484116071
2025/05/07 10:24:27.615309244,1746606267,614769168,hemisphere,0.0,0.0,0.10863265282547047,0.9940819617818748
2025/05/07 10:24:27.665445267,1746606267,665103819,hemisphere,0.0,0.0,0.10868470268633872,0.9940762724268104
2025/05/07 10:24:27.715296758,1746606267,714871034,hemisphere,0.0,0.0,0.1087627769189116,0.9940677332842501
2025/05/07 10:24:27.765923573,1746606267,765287393,hemisphere,0.0,0.0,0.10884085048058101,0.9940591880097803
2025/05/07 10:24:27.815489540,1746606267,814991202,hemisphere,0.0,0.0,0.10886687485196457,0.9940563382223196
2025/05/07 10:24:27.865120779,1746606267,864668702,hemisphere,0.0,0.0,0.10891024863844799,0.9940515870625184
2025/05/07 10:24:27.915477189,1746606267,915053482,hemisphere,0.0,0.0,0.10898832093154126,0.9940430302056966
2025/05/07 10:24:27.965124036,1746606267,964787059,hemisphere,0.0,0.0,0.10901434487986394,0.994040176557474
2025/05/07 10:24:28.15674946,1746606268,15174920,hemisphere,0.0,0.0,0.10914446350036194,0.9940258980968344
2025/05/07 10:24:28.65249932,1746606268,64877917,hemisphere,0.0,0.0,0.10920518488338603,0.9940192289863339
2025/05/07 10:24:28.115726993,1746606268,115287286,hemisphere,0.0,0.0,0.10927458025069903,0.9940116026038296
2025/05/07 10:24:28.165399467,1746606268,165014705,hemisphere,0.0,0.0,0.10930060337615094,0.9940087414613663
2025/05/07 10:24:28.215226234,1746606268,214738205,hemisphere,0.0,0.0,0.10936132371084449,0.9940020628128555
2025/05/07 10:24:28.265468524,1746606268,265110976,hemisphere,0.0,0.0,0.1094046951286457,0.9939972900787045
2025/05/07 10:24:28.315817203,1746606268,314850742,hemisphere,0.0,0.0,0.109430717879352,0.9939944255298466
2025/05/07 10:24:28.365647004,1746606268,365254819,hemisphere,0.0,0.0,0.10948276315573885,0.9939886943883137
2025/05/07 10:24:28.415509050,1746606268,414946460,hemisphere,0.0,0.0,0.10947408896384783,0.993989649767811
2025/05/07 10:24:28.465689418,1746606268,465344018,hemisphere,0.0,0.0,0.10945674055505565,0.9939915602997157
2025/05/07 10:24:28.515450109,1746606268,515079329,hemisphere,0.0,0.0,0.10942204363744931,0.993995380455163
2025/05/07 10:24:28.565864963,1746606268,565476737,hemisphere,0.0,0.0,0.10935264940229655,0.9940030171325932
2025/05/07 10:24:28.616423175,1746606268,615931579,hemisphere,0.0,0.0,0.10929192900932315,0.994009695251219
2025/05/07 10:24:28.665988008,1746606268,665607042,hemisphere,0.0,0.0,0.10918783595838005,0.9940211348249723
2025/05/07 10:24:28.715038042,1746606268,714571596,hemisphere,0.0,0.0,0.10907506713535234,0.994033515395441
2025/05/07 10:24:28.773257143,1746606268,765045543,hemisphere,0.0,0.0,0.10897097159115866,0.9940449322593415
2025/05/07 10:24:28.815184043,1746606268,814714683,hemisphere,0.0,0.0,0.10882350085821402,0.994061087489578
2025/05/07 10:24:28.865533125,1746606268,865131086,hemisphere,0.0,0.0,0.10869337763418511,0.9940753239360046
2025/05/07 10:24:28.915404388,1746606268,914828543,hemisphere,0.0,0.0,0.10852855221040889,0.9940933323159916
2025/05/07 10:24:28.965669356,1746606268,965238469,hemisphere,0.0,0.0,0.10835504854109503,0.9941122589806731
2025/05/07 10:24:29.15352370,1746606269,14913722,hemisphere,0.0,0.0,0.1081815415710976,0.9941311553629636
2025/05/07 10:24:29.65043023,1746606269,64657524,hemisphere,0.0,0.0,0.1079820044819913,0.9941528487652446
2025/05/07 10:24:29.115606111,1746606269,115091915,hemisphere,0.0,0.0,0.1078171662138901,0.9941707391940312
2025/05/07 10:24:29.165799756,1746606269,165484336,hemisphere,0.0,0.0,0.10760026924067831,0.9941942375910925
2025/05/07 10:24:29.215637330,1746606269,215196682,hemisphere,0.0,0.0,0.10739204332805878,0.9942167515334995
2025/05/07 10:24:29.265291876,1746606269,264855806,hemisphere,0.0,0.0,0.1071577835460078,0.9942420275896141
2025/05/07 10:24:29.315819906,1746606269,315279159,hemisphere,0.0,0.0,0.10691484119229275,0.9942681814947247
2025/05/07 10:24:29.365381777,1746606269,364995403,hemisphere,0.0,0.0,0.10666321559673869,0.9942952068870511
2025/05/07 10:24:29.415167185,1746606269,414700527,hemisphere,0.0,0.0,0.10641158316985236,0.9943221685989333
2025/05/07 10:24:29.465453445,1746606269,465083999,hemisphere,0.0,0.0,0.10613391189368207,0.9943518455487194
2025/05/07 10:24:29.515256125,1746606269,514788019,hemisphere,0.0,0.0,0.10585623234097082,0.9943814449569011
2025/05/07 10:24:29.565711989,1746606269,565244562,hemisphere,0.0,0.0,0.10556118877180398,0.9944128093629343
2025/05/07 10:24:29.616003904,1746606269,615007187,hemisphere,0.0,0.0,0.10530084849254213,0.994440411139225
2025/05/07 10:24:29.665207463,1746606269,664690266,hemisphere,0.0,0.0,0.10497975221033358,0.9944743594612467
2025/05/07 10:24:29.715722664,1746606269,715103333,hemisphere,0.0,0.0,0.1047020384902862,0.9945036365624706
2025/05/07 10:24:29.765365805,1746606269,764812294,hemisphere,0.0,0.0,0.10434620585707581,0.9945410345095033
2025/05/07 10:24:29.815678176,1746606269,815174676,hemisphere,0.0,0.0,0.10402507713476247,0.9945746745856274
2025/05/07 10:24:29.865248472,1746606269,864843873,hemisphere,0.0,0.0,0.10369525796930933,0.9946091159217668
2025/05/07 10:24:29.915852644,1746606269,915339206,hemisphere,0.0,0.0,0.10336542740081141,0.9946434478838373
2025/05/07 10:24:29.965391498,1746606269,964975848,hemisphere,0.0,0.0,0.10300086460208185,0.9946812664824968
2025/05/07 10:24:30.15111960,1746606270,14700225,hemisphere,0.0,0.0,0.1026623296126758,0.9947162641067544
2025/05/07 10:24:30.65448540,1746606270,65081094,hemisphere,0.0,0.0,0.102297740172633,0.99475382500173
2025/05/07 10:24:30.115222421,1746606270,114825640,hemisphere,0.0,0.0,0.10200258627271927,0.9947841335655071
2025/05/07 10:24:30.166504377,1746606270,165651327,hemisphere,0.0,0.0,0.10164665345257379,0.9948205656508576
2025/05/07 10:24:30.215546326,1746606270,214983907,hemisphere,0.0,0.0,0.10133411634358461,0.9948524497958805
2025/05/07 10:24:30.265105590,1746606270,264647304,hemisphere,0.0,0.0,0.1009694770780945,0.9948895238661307
2025/05/07 10:24:30.316270424,1746606270,315089564,hemisphere,0.0,0.0,0.10066560066015554,0.994920316831318
2025/05/07 10:24:30.365168615,1746606270,364746134,hemisphere,0.0,0.0,0.10034434966478743,0.9949527684721275
2025/05/07 10:24:30.415678155,1746606270,415174199,hemisphere,0.0,0.0,0.10004913682314144,0.9949824974445252
2025/05/07 10:24:30.465259231,1746606270,464873832,hemisphere,0.0,0.0,0.09969313315492581,0.9950182305876382
2025/05/07 10:24:30.515724324,1746606270,515278717,hemisphere,0.0,0.0,0.0993458002035039,0.9950529694352586
2025/05/07 10:24:30.565379457,1746606270,564951340,hemisphere,0.0,0.0,0.09905055767558746,0.9950824021276605
2025/05/07 10:24:30.615091549,1746606270,614688885,hemisphere,0.0,0.0,0.09871188639278139,0.9951160552843968
2025/05/07 10:24:30.666313366,1746606270,665854224,hemisphere,0.0,0.0,0.09836451935388014,0.9951504516063289
2025/05/07 10:24:30.715283005,1746606270,714778259,hemisphere,0.0,0.0,0.09799108642075464,0.9951872924138854
2025/05/07 10:24:30.765612142,1746606270,765181488,hemisphere,0.0,0.0,0.09763500961016837,0.995222289188914
2025/05/07 10:24:30.815330338,1746606270,814896972,hemisphere,0.0,0.0,0.09728760555424676,0.9952563096034716
2025/05/07 10:24:30.865049256,1746606270,864621848,hemisphere,0.0,0.0,0.09691413297417431,0.9952927462962161
2025/05/07 10:24:30.915663592,1746606270,915067440,hemisphere,0.0,0.0,0.09659276192213621,0.9953239866215692
2025/05/07 10:24:30.965230058,1746606270,964768358,hemisphere,0.0,0.0,0.09625400856100153,0.9953568032800795
2025/05/07 10:24:31.15648523,1746606271,15148453,hemisphere,0.0,0.0,0.09592393045913628,0.9953886675893346
2025/05/07 10:24:31.65426580,1746606271,64964410,hemisphere,0.0,0.0,0.0955677817303387,0.995422924738597
2025/05/07 10:24:31.115677483,1746606271,115294750,hemisphere,0.0,0.0,0.09522030776534246,0.9954562235422879
2025/05/07 10:24:31.165232722,1746606271,164928728,hemisphere,0.0,0.0,0.0948988840171008,0.9954869169468321
2025/05/07 10:24:31.215060442,1746606271,214665544,hemisphere,0.0,0.0,0.09456007530249153,0.9955191571028591
2025/05/07 10:24:31.265463972,1746606271,265087925,hemisphere,0.0,0.0,0.09424731907423722,0.995548814899259
2025/05/07 10:24:31.315224501,1746606271,314797302,hemisphere,0.0,0.0,0.09389980124573308,0.9955816527668697
2025/05/07 10:24:31.365680386,1746606271,365231240,hemisphere,0.0,0.0,0.09356964871039816,0.9956127363790666
2025/05/07 10:24:31.415727859,1746606271,414946818,hemisphere,0.0,0.0,0.09323079725148746,0.9956445241369292
2025/05/07 10:24:31.465077317,1746606271,464605157,hemisphere,0.0,0.0,0.09287455715152025,0.995677817686981
2025/05/07 10:24:31.515472780,1746606271,515079670,hemisphere,0.0,0.0,0.09257912951224426,0.995705330295442
2025/05/07 10:24:31.565117629,1746606271,564693883,hemisphere,0.0,0.0,0.09219679929629192,0.9957408047275753
2025/05/07 10:24:31.615779392,1746606271,615145215,hemisphere,0.0,0.0,0.0918144554873202,0.995776132352833
2025/05/07 10:24:31.665170022,1746606271,664800004,hemisphere,0.0,0.0,0.09147554852000761,0.9958073227401794
2025/05/07 10:24:31.715721595,1746606271,715250072,hemisphere,0.0,0.0,0.09111925028427242,0.9958399882649984
2025/05/07 10:24:31.765388393,1746606271,764963264,hemisphere,0.0,0.0,0.09076294038386366,0.9958725263068939
2025/05/07 10:24:31.815163060,1746606271,814656145,hemisphere,0.0,0.0,0.09039792795085962,0.9959057257703618
2025/05/07 10:24:31.865530135,1746606271,865040450,hemisphere,0.0,0.0,0.09000682972669474,0.9959411481621542
2025/05/07 10:24:31.915216235,1746606271,914789211,hemisphere,0.0,0.0,0.08963310067644374,0.9959748527262757
2025/05/07 10:24:31.965621556,1746606271,965186474,hemisphere,0.0,0.0,0.08923328353504126,0.9960107535110025
2025/05/07 10:24:32.15428873,1746606272,14913200,hemisphere,0.0,0.0,0.08885952842013808,0.9960441678002792
2025/05/07 10:24:32.65707866,1746606272,65272935,hemisphere,0.0,0.0,0.08849445320509107,0.9960766696153123
2025/05/07 10:24:32.115535000,1746606272,115032915,hemisphere,0.0,0.0,0.08811198070619099,0.9961105756170004
2025/05/07 10:24:32.165234032,1746606272,164748632,hemisphere,0.0,0.0,0.08773818821240875,0.996143569135094
2025/05/07 10:24:32.215677536,1746606272,215155382,hemisphere,0.0,0.0,0.08736438336426483,0.9961764223868088
2025/05/07 10:24:32.265105963,1746606272,264700961,hemisphere,0.0,0.0,0.08701664687875621,0.9962068576184255
2025/05/07 10:24:32.316207463,1746606272,315327385,hemisphere,0.0,0.0,0.08664281833267587,0.9962394401103436
2025/05/07 10:24:32.370360519,1746606272,369755891,hemisphere,0.0,0.0,0.08627767169548299,0.9962711294455975
2025/05/07 10:24:32.415211584,1746606272,414670468,hemisphere,0.0,0.0,0.08592120784589662,0.9963019351794427
2025/05/07 10:24:32.466341871,1746606272,465485894,hemisphere,0.0,0.0,0.08556473299706642,0.9963326133712279
2025/05/07 10:24:32.516244881,1746606272,515485753,hemisphere,0.0,0.0,0.08525172165789503,0.9963594451574015
2025/05/07 10:24:32.567495743,1746606272,566710623,hemisphere,0.0,0.0,0.08493000679176282,0.9963869197989058
2025/05/07 10:24:32.617024883,1746606272,615569021,hemisphere,0.0,0.0,0.08457350159951867,0.9964172433409592
2025/05/07 10:24:32.665756957,1746606272,665220185,hemisphere,0.0,0.0,0.0842430724846533,0.9964452341891878
2025/05/07 10:24:32.716030104,1746606272,715174336,hemisphere,0.0,0.0,0.08390393823425821,0.9964738476993673
2025/05/07 10:24:32.771629586,1746606272,770984967,hemisphere,0.0,0.0,0.08355609813855441,0.9965030749896663
2025/05/07 10:24:32.815719026,1746606272,815099111,hemisphere,0.0,0.0,0.0832256406167773,0.9965307284494177
2025/05/07 10:24:32.865269169,1746606272,864774861,hemisphere,0.0,0.0,0.08287778070727075,0.9965597189657214
2025/05/07 10:24:32.915851670,1746606272,915229795,hemisphere,0.0,0.0,0.08253860757229009,0.9965878678069624
2025/05/07 10:24:32.965240543,1746606272,964833228,hemisphere,0.0,0.0,0.08216463636901923,0.9966187699067015
2025/05/07 10:24:33.14977356,1746606273,14497861,hemisphere,0.0,0.0,0.08180804839955304,0.9966481040051481
2025/05/07 10:24:33.65352587,1746606273,64959586,hemisphere,0.0,0.0,0.0814949381314624,0.9966737555784988
2025/05/07 10:24:33.115146391,1746606273,114644790,hemisphere,0.0,0.0,0.08116442412318942,0.9967007255223361
2025/05/07 10:24:33.166199092,1746606273,165811412,hemisphere,0.0,0.0,0.08085129735532345,0.9967261748925635
2025/05/07 10:24:33.215526865,1746606273,214883148,hemisphere,0.0,0.0,0.08049467104122389,0.9967550390813007
2025/05/07 10:24:33.265568747,1746606273,265184517,hemisphere,0.0,0.0,0.08020762286247676,0.9967781785506497
2025/05/07 10:24:33.315450084,1746606273,314903669,hemisphere,0.0,0.0,0.07989447180924097,0.9968033273290787
2025/05/07 10:24:33.365405897,1746606273,364622197,hemisphere,0.0,0.0,0.07954651694772304,0.9968311550315258
2025/05/07 10:24:33.415493428,1746606273,414989919,hemisphere,0.0,0.0,0.07923334928405948,0.9968560961147954
2025/05/07 10:24:33.465198473,1746606273,464755621,hemisphere,0.0,0.0,0.07892887322468903,0.9968802500659149
2025/05/07 10:24:33.515543871,1746606273,515067426,hemisphere,0.0,0.0,0.07858959122911342,0.9969070549205883
2025/05/07 10:24:33.565179943,1746606273,564825915,hemisphere,0.0,0.0,0.07826769989478796,0.9969323784255276
2025/05/07 10:24:33.615091513,1746606273,614546020,hemisphere,0.0,0.0,0.07789359971605318,0.9969616778609273
2025/05/07 10:24:33.665509043,1746606273,665004905,hemisphere,0.0,0.0,0.0775803911290023,0.9969860996585013
2025/05/07 10:24:33.715070963,1746606273,714662693,hemisphere,0.0,0.0,0.0772062708399913,0.9970151411804046
2025/05/07 10:24:33.765677836,1746606273,765100292,hemisphere,0.0,0.0,0.07686694303544721,0.9970413597581523
2025/05/07 10:24:33.815234098,1746606273,814808526,hemisphere,0.0,0.0,0.07650150313598629,0.9970694659941878
2025/05/07 10:24:33.865672084,1746606273,865191275,hemisphere,0.0,0.0,0.07616215688339556,0.9970954447087145
2025/05/07 10:24:33.915353894,1746606273,914914047,hemisphere,0.0,0.0,0.07579669720810454,0.9971232926235065
2025/05/07 10:24:33.965046885,1746606273,964562290,hemisphere,0.0,0.0,0.0754834379517574,0.9971470556517645
2025/05/07 10:24:34.15427908,1746606274,14963183,hemisphere,0.0,0.0,0.0751614692864949,0.997171376211078
2025/05/07 10:24:34.65224388,1746606274,64715701,hemisphere,0.0,0.0,0.07480468404690047,0.997198204593572
2025/05/07 10:24:34.115692117,1746606274,115125680,hemisphere,0.0,0.0,0.07447399649260449,0.997222955936344
2025/05/07 10:24:34.165099064,1746606274,164745483,hemisphere,0.0,0.0,0.0741607059913774,0.9972463034210057
2025/05/07 10:24:34.215704183,1746606274,215212475,hemisphere,0.0,0.0,0.07389092219352246,0.9972663293310323
2025/05/07 10:24:34.265581202,1746606274,264961732,hemisphere,0.0,0.0,0.07358632108474332,0.9972888515115433
2025/05/07 10:24:34.315264642,1746606274,314650061,hemisphere,0.0,0.0,0.07332522895517771,0.9973080821885837
2025/05/07 10:24:34.365643273,1746606274,365116141,hemisphere,0.0,0.0,0.0730554284751299,0.9973278820780632
2025/05/07 10:24:34.416041453,1746606274,415548263,hemisphere,0.0,0.0,0.07278562264856918,0.9973476089787653
2025/05/07 10:24:34.466514351,1746606274,465943267,hemisphere,0.0,0.0,0.07252451516377427,0.9973666300314341
2025/05/07 10:24:34.516036709,1746606274,515585832,hemisphere,0.0,0.0,0.07224599503489157,0.9973868438080675
2025/05/07 10:24:34.565137350,1746606274,564620604,hemisphere,0.0,0.0,0.07195876525148721,0.9974076078030895
2025/05/07 10:24:34.615477855,1746606274,614976052,hemisphere,0.0,0.0,0.07168893789717182,0.9974270380249252
2025/05/07 10:24:34.665920753,1746606274,665454061,hemisphere,0.0,0.0,0.07141040093177524,0.997447018462015
2025/05/07 10:24:34.715600984,1746606274,715094890,hemisphere,0.0,0.0,0.07114056293591657,0.9974663003355857
2025/05/07 10:24:34.765199432,1746606274,764834966,hemisphere,0.0,0.0,0.07086201502779636,0.9974861276359689
2025/05/07 10:24:34.815725179,1746606274,815191249,hemisphere,0.0,0.0,0.0705921664719547,0.9975052611554467
2025/05/07 10:24:34.865536020,1746606274,864989407,hemisphere,0.0,0.0,0.07033972282294267,0.9975230941653389
2025/05/07 10:24:34.915676154,1746606274,915041156,hemisphere,0.0,0.0,0.0700437486710427,0.9975439204727318
2025/05/07 10:24:34.965631317,1746606274,965136107,hemisphere,0.0,0.0,0.06976517913005734,0.9975634414817691
2025/05/07 10:24:35.15307770,1746606275,14769599,hemisphere,0.0,0.0,0.06952142631809802,0.9975804585509368
2025/05/07 10:24:35.65493209,1746606275,65114687,hemisphere,0.0,0.0,0.06925155229234341,0.9975992294028203
2025/05/07 10:24:35.115378197,1746606275,114862390,hemisphere,0.0,0.0,0.06896426147044704,0.9976191310514428
2025/05/07 10:24:35.165727453,1746606275,165288906,hemisphere,0.0,0.0,0.06871178905619879,0.9976365520793113
2025/05/07 10:24:35.215517069,1746606275,214959332,hemisphere,0.0,0.0,0.06848543073605134,0.9976521166102429
2025/05/07 10:24:35.265092644,1746606275,264650138,hemisphere,0.0,0.0,0.06821553736283568,0.9976706071957315
2025/05/07 10:24:35.315639083,1746606275,315187680,hemisphere,0.0,0.0,0.06791081303913717,0.997691395909759
2025/05/07 10:24:35.365312935,1746606275,364802608,hemisphere,0.0,0.0,0.06766702901737075,0.9977079598679978
2025/05/07 10:24:35.415743234,1746606275,415286184,hemisphere,0.0,0.0,0.06739712056704736,0.9977262290524745
2025/05/07 10:24:35.465440819,1746606275,464908300,hemisphere,0.0,0.0,0.06714462109939906,0.9977432534762729
2025/05/07 10:24:35.515450626,1746606275,514690295,hemisphere,0.0,0.0,0.0668572888889137,0.9977625483663056
2025/05/07 10:24:35.565442437,1746606275,565006797,hemisphere,0.0,0.0,0.06658736570061066,0.9977805984930019
2025/05/07 10:24:35.615443384,1746606275,614814118,hemisphere,0.0,0.0,0.06630002275863986,0.9977997329034539
2025/05/07 10:24:35.665545538,1746606275,665100079,hemisphere,0.0,0.0,0.06603008953134315,0.9978176322737953
2025/05/07 10:24:35.715513168,1746606275,714881154,hemisphere,0.0,0.0,0.0656991970495109,0.9978394738168307
2025/05/07 10:24:35.765101826,1746606275,764569036,hemisphere,0.0,0.0,0.06542925309324815,0.9978572106467236
2025/05/07 10:24:35.815545389,1746606275,815021808,hemisphere,0.0,0.0,0.0651941367130488,0.9978725993523624
2025/05/07 10:24:35.865244862,1746606275,864684114,hemisphere,0.0,0.0,0.06495901671349757,0.9978879326595826
2025/05/07 10:24:35.915634884,1746606275,915082853,hemisphere,0.0,0.0,0.06473260145350315,0.9979026457070158
2025/05/07 10:24:35.965230300,1746606275,964814759,hemisphere,0.0,0.0,0.06448876590855177,0.9979184330753651
2025/05/07 10:24:36.15736705,1746606276,15197311,hemisphere,0.0,0.0,0.06429717813568384,0.9979307956385494
2025/05/07 10:24:36.65338716,1746606276,64921456,hemisphere,0.0,0.0,0.06406204444885384,0.9979459176032702
2025/05/07 10:24:36.115192300,1746606276,114587070,hemisphere,0.0,0.0,0.06391399548727705,0.997955410417145
2025/05/07 10:24:36.165469105,1746606276,164984535,hemisphere,0.0,0.0,0.06370498279461588,0.9979687746453482
2025/05/07 10:24:36.215219849,1746606276,214698999,hemisphere,0.0,0.0,0.06353080341572127,0.9979798780623551
2025/05/07 10:24:36.265643832,1746606276,265153719,hemisphere,0.0,0.0,0.06335662210156771,0.9979909510791565
2025/05/07 10:24:36.318235286,1746606276,315778059,hemisphere,0.0,0.0,0.0632434032120986,0.9979981322378073
2025/05/07 10:24:36.364888654,1746606276,364561494,hemisphere,0.0,0.0,0.06306921871636778,0.9980091550935327
2025/05/07 10:24:36.415425606,1746606276,414926860,hemisphere,0.0,0.0,0.0629037416658317,0.9980195986474606
2025/05/07 10:24:36.465201027,1746606276,464689513,hemisphere,0.0,0.0,0.06279922895313937,0.9980261804396172
2025/05/07 10:24:36.515763721,1746606276,515139212,hemisphere,0.0,0.0,0.06266858709396524,0.9980343922889863
2025/05/07 10:24:36.565853772,1746606276,565459829,hemisphere,0.0,0.0,0.06253794416098178,0.9980425870373058
2025/05/07 10:24:36.615772218,1746606276,615202780,hemisphere,0.0,0.0,0.06245955788669448,0.9980474956777351
2025/05/07 10:24:36.666074213,1746606276,665628945,hemisphere,0.0,0.0,0.0623376229166182,0.9980551191037024
2025/05/07 10:24:36.715099753,1746606276,714608358,hemisphere,0.0,0.0,0.06220697727333655,0.9980632705287349
2025/05/07 10:24:36.765499738,1746606276,765034875,hemisphere,0.0,0.0,0.06208504037788369,0.9980708630960412
2025/05/07 10:24:36.815095759,1746606276,814678184,hemisphere,0.0,0.0,0.06195439267588224,0.9980789814579619
2025/05/07 10:24:36.865610906,1746606276,865150180,hemisphere,0.0,0.0,0.061841163808706884,0.9980860035381643
2025/05/07 10:24:36.916098493,1746606276,914824091,hemisphere,0.0,0.0,0.061736644147936906,0.998092474057064
2025/05/07 10:24:36.965044249,1746606276,964517317,hemisphere,0.0,0.0,0.06165825395800366,0.9980973197633838
2025/05/07 10:24:37.15787941,1746606277,14932523,hemisphere,0.0,0.0,0.06159728354730252,0.9981010843895488
2025/05/07 10:24:37.64995300,1746606277,64629505,hemisphere,0.0,0.0,0.06151889268154516,0.9981059191504861
2025/05/07 10:24:37.115621256,1746606277,115036718,hemisphere,0.0,0.0,0.061449211593392665,0.9981102115470768
2025/05/07 10:24:37.166076317,1746606277,165492955,hemisphere,0.0,0.0,0.06136210981207559,0.9981155702018734
2025/05/07 10:24:37.215743157,1746606277,215223136,hemisphere,0.0,0.0,0.0613185587461384,0.9981182466788674
2025/05/07 10:24:37.265187256,1746606277,264828055,hemisphere,0.0,0.0,0.061257587057718554,0.9981219905541937
2025/05/07 10:24:37.315086471,1746606277,314587754,hemisphere,0.0,0.0,0.06117048424921886,0.9981273324865501
2025/05/07 10:24:37.365377640,1746606277,364959248,hemisphere,0.0,0.0,0.06115306363159691,0.9981283999608818
2025/05/07 10:24:37.415444286,1746606277,414728595,hemisphere,0.0,0.0,0.06110951200605487,0.9981310673165033
2025/05/07 10:24:37.465611933,1746606277,465094025,hemisphere,0.0,0.0,0.061083380974879274,0.998132666817732
2025/05/07 10:24:37.515325952,1746606277,514815394,hemisphere,0.0,0.0,0.06103111878694834,0.9981358637678608
2025/05/07 10:24:37.565730402,1746606277,565237437,hemisphere,0.0,0.0,0.06100498763022881,0.9981374612167583
2025/05/07 10:24:37.615651362,1746606277,615050316,hemisphere,0.0,0.0,0.06095272519137118,0.9981406540622144
2025/05/07 10:24:37.664933517,1746606277,664540424,hemisphere,0.0,0.0,0.060944014768644694,0.9981411859370793
2025/05/07 10:24:37.715783766,1746606277,715120595,hemisphere,0.0,0.0,0.06090917303133382,0.9981433126764108
2025/05/07 10:24:37.765420313,1746606277,764793738,hemisphere,0.0,0.0,0.06089175213484474,0.9981443755899988
2025/05/07 10:24:37.815799785,1746606277,815138383,hemisphere,0.0,0.0,0.060874331219806975,0.9981454381995347
2025/05/07 10:24:37.865389018,1746606277,864817291,hemisphere,0.0,0.0,0.060874331219806975,0.9981454381995347
2025/05/07 10:24:37.915080469,1746606277,914558586,hemisphere,0.0,0.0,0.060874331219806975,0.9981454381995347
2025/05/07 10:24:37.965401990,1746606277,965032479,hemisphere,0.0,0.0,0.06088304167964411,0.9981449069327734
2025/05/07 10:24:38.15190346,1746606278,14652348,hemisphere,0.0,0.0,0.06086562075533399,0.998145969390283
2025/05/07 10:24:38.65498981,1746606278,65110718,hemisphere,0.0,0.0,0.06089175213484474,0.9981443755899988
2025/05/07 10:24:38.115372640,1746606278,114780254,hemisphere,0.0,0.0,0.06090917303133382,0.9981433126764108
2025/05/07 10:24:38.165789563,1746606278,165267579,hemisphere,0.0,0.0,0.06088304167964411,0.9981449069327734
2025/05/07 10:24:38.215514508,1746606278,214943304,hemisphere,0.0,0.0,0.060926593909268904,0.9981422494587708
2025/05/07 10:24:38.266681307,1746606278,264742542,hemisphere,0.0,0.0,0.06093530434127704,0.9981417177359315
2025/05/07 10:24:38.316373760,1746606278,315427422,hemisphere,0.0,0.0,0.06097014602289806,0.9981395900844463
2025/05/07 10:24:38.365069740,1746606278,364715311,hemisphere,0.0,0.0,0.06097885643169713,0.9981390579815432
2025/05/07 10:24:38.416445261,1746606278,415826529,hemisphere,0.0,0.0,0.061013698020448676,0.998136928809805
2025/05/07 10:24:38.465184014,1746606278,464851562,hemisphere,0.0,0.0,0.06104853953485688,0.998134798421867
2025/05/07 10:24:38.515833466,1746606278,515280770,hemisphere,0.0,0.0,0.061074670621849673,0.9981331998327841
2025/05/07 10:24:38.565671905,1746606278,565033805,hemisphere,0.0,0.0,0.06114435331579999,0.9981289335840299
2025/05/07 10:24:38.615205537,1746606278,614690452,hemisphere,0.0,0.0,0.06120532542855666,0.9981251966257462
2025/05/07 10:24:38.666265058,1746606278,665827382,hemisphere,0.0,0.0,0.0612662973129218,0.9981214559428951
2025/05/07 10:24:38.715311810,1746606278,714756595,hemisphere,0.0,0.0,0.061309848518939294,0.9981187817462333
2025/05/07 10:24:38.765575355,1746606278,765211848,hemisphere,0.0,0.0,0.061353399608231496,0.998116105649294
2025/05/07 10:24:38.815403487,1746606278,814908002,hemisphere,0.0,0.0,0.06141437093698419,0.998112355921123
2025/05/07 10:24:38.865074598,1746606278,864583778,hemisphere,0.0,0.0,0.06146663189352181,0.998109138903991
2025/05/07 10:24:38.916223109,1746606278,915542105,hemisphere,0.0,0.0,0.06153631290674722,0.9981048452912363
2025/05/07 10:24:38.965366857,1746606278,964795474,hemisphere,0.0,0.0,0.06163212381014889,0.9980989336306549
2025/05/07 10:24:39.16562062,1746606279,15429212,hemisphere,0.0,0.0,0.06170180411050853,0.9980946284644099
2025/05/07 10:24:39.65252929,1746606279,64806613,hemisphere,0.0,0.0,0.06177148411014107,0.9980903184335728
2025/05/07 10:24:39.115094394,1746606279,114593537,hemisphere,0.0,0.0,0.06187600354498364,0.9980838442662526
2025/05/07 10:24:39.165361565,1746606279,164946172,hemisphere,0.0,0.0,0.0620066518841968,0.9980757361654035
2025/05/07 10:24:39.215174259,1746606279,214682423,hemisphere,0.0,0.0,0.06220697727333655,0.9980632705287349
2025/05/07 10:24:39.265519640,1746606279,265037117,hemisphere,0.0,0.0,0.062311493873341305,0.9980567507568258
2025/05/07 10:24:39.315223450,1746606279,314769239,hemisphere,0.0,0.0,0.062485686687623235,0.9980458601483081
2025/05/07 10:24:39.366077762,1746606279,365237840,hemisphere,0.0,0.0,0.06264245859320167,0.9980360326067386
2025/05/07 10:24:39.416563353,1746606279,415015001,hemisphere,0.0,0.0,0.06279051952931337,0.9980267284282716
2025/05/07 10:24:39.466112019,1746606279,465572858,hemisphere,0.0,0.0,0.06295599776356822,0.9980163036471867
2025/05/07 10:24:39.516395927,1746606279,515741896,hemisphere,0.0,0.0,0.06311276502062009,0.9980064022296912
2025/05/07 10:24:39.565331238,1746606279,564824120,hemisphere,0.0,0.0,0.0632608215558015,0.9979970282801873
2025/05/07 10:24:39.615753331,1746606279,615166483,hemisphere,0.0,0.0,0.06340887669870025,0.9979876323661576
2025/05/07 10:24:39.665256682,1746606279,664878279,hemisphere,0.0,0.0,0.0635743484420827,0.9979771050581094
2025/05/07 10:24:39.715093771,1746606279,714611930,hemisphere,0.0,0.0,0.06369627387171546,0.9979693305381981
2025/05/07 10:24:39.765591523,1746606279,764965875,hemisphere,0.0,0.0,0.06389657786984342,0.997956525774807
2025/05/07 10:24:39.815742632,1746606279,814887635,hemisphere,0.0,0.0,0.06408817058992566,0.997944240120878
2025/05/07 10:24:39.865452601,1746606279,865065180,hemisphere,0.0,0.0,0.06426234374033697,0.9979330394254912
2025/05/07 10:24:39.915208976,1746606279,914783259,hemisphere,0.0,0.0,0.06446264044296957,0.9979201210453272
2025/05/07 10:24:39.965671200,1746606279,965183065,hemisphere,0.0,0.0,0.06467164292902734,0.9979065981347455
2025/05/07 10:24:40.15658056,1746606280,15152106,hemisphere,0.0,0.0,0.06489805908736822,0.9978918989182608
2025/05/07 10:24:40.64901174,1746606280,64535902,hemisphere,0.0,0.0,0.06508093123833271,0.9978799889711947
2025/05/07 10:24:40.117907749,1746606280,115243791,hemisphere,0.0,0.0,0.06535958935869542,0.9978617760385767
2025/05/07 10:24:40.164968730,1746606280,164640580,hemisphere,0.0,0.0,0.065559871735748,0.9978486374285392
2025/05/07 10:24:40.216004444,1746606280,215394388,hemisphere,0.0,0.0,0.06576015147167828,0.9978354586195171
2025/05/07 10:24:40.265273466,1746606280,264794742,hemisphere,0.0,0.0,0.06603008953134315,0.9978176322737953
2025/05/07 10:24:40.315970337,1746606280,315284244,hemisphere,0.0,0.0,0.06626519293702526,0.9978020466029416
2025/05/07 10:24:40.365268904,1746606280,364890575,hemisphere,0.0,0.0,0.06652641462811432,0.9977846642220597
2025/05/07 10:24:40.416273334,1746606280,415435355,hemisphere,0.0,0.0,0.0667615102521052,0.9977689616082764
2025/05/07 10:24:40.465431331,1746606280,465052695,hemisphere,0.0,0.0,0.06703143028595566,0.9977508643713716
2025/05/07 10:24:40.515940745,1746606280,515446462,hemisphere,0.0,0.0,0.06725781104868546,0.9977356297401329
2025/05/07 10:24:40.566378930,1746606280,565873408,hemisphere,0.0,0.0,0.06755384220449846,0.9977156300286218
2025/05/07 10:24:40.616064706,1746606280,615578673,hemisphere,0.0,0.0,0.0677802149593626,0.9977002768667866
2025/05/07 10:24:40.665681099,1746606280,665277500,hemisphere,0.0,0.0,0.06802399710043876,0.9976836852522344
2025/05/07 10:24:40.715409252,1746606280,714980833,hemisphere,0.0,0.0,0.06824165629487451,0.9976688209752433
2025/05/07 10:24:40.765236119,1746606280,764723090,hemisphere,0.0,0.0,0.06848543073605134,0.9976521166102429
2025/05/07 10:24:40.816526958,1746606280,815852778,hemisphere,0.0,0.0,0.06879014303576793,0.9976311523910621
2025/05/07 10:24:40.865373794,1746606280,864819631,hemisphere,0.0,0.0,0.0690600257144058,0.9976125063612252
2025/05/07 10:24:40.916744261,1746606280,915713888,hemisphere,0.0,0.0,0.06932119768819875,0.997594392301337
2025/05/07 10:24:40.966882473,1746606280,966336794,hemisphere,0.0,0.0,0.06957365941344149,0.9975768170501069
2025/05/07 10:24:41.18353300,1746606281,17541994,hemisphere,0.0,0.0,0.0698609380245111,0.9975567399092322
2025/05/07 10:24:41.67673599,1746606281,65125438,hemisphere,0.0,0.0,0.07006986428580438,0.997542086389827
2025/05/07 10:24:41.115259580,1746606281,114743882,hemisphere,0.0,0.0,0.0703136077053038,0.9975249353131302
2025/05/07 10:24:41.165596264,1746606281,165128982,hemisphere,0.0,0.0,0.0705834615937103,0.99750587715033
2025/05/07 10:24:41.215471371,1746606281,214830522,hemisphere,0.0,0.0,0.07080108193552542,0.9974904544890437
2025/05/07 10:24:41.264974161,1746606281,264559762,hemisphere,0.0,0.0,0.07109704019041321,0.9974694034787046
2025/05/07 10:24:41.315644184,1746606281,315017950,hemisphere,0.0,0.0,0.071288539257029,0.9974557354442347
2025/05/07 10:24:41.365064443,1746606281,364655469,hemisphere,0.0,0.0,0.07152355724681488,0.9974389107904111
2025/05/07 10:24:41.417899722,1746606281,416214002,hemisphere,0.0,0.0,0.07179338781907402,0.9974195253079118
2025/05/07 10:24:41.465333659,1746606281,464785705,hemisphere,0.0,0.0,0.0720283972630339,0.9974025817029544
2025/05/07 10:24:41.517383874,1746606281,515489615,hemisphere,0.0,0.0,0.07227210653664105,0.9973849520705416
2025/05/07 10:24:41.565342676,1746606281,564893574,hemisphere,0.0,0.0,0.07253321882678443,0.9973659970976682
2025/05/07 10:24:41.615083998,1746606281,614618899,hemisphere,0.0,0.0,0.07280302963704596,0.9973463384780973
2025/05/07 10:24:41.665457892,1746606281,665007261,hemisphere,0.0,0.0,0.07302931846720088,0.9973297943229292
2025/05/07 10:24:41.718196944,1746606281,715818175,hemisphere,0.0,0.0,0.07330782263431956,0.9973093618033549
2025/05/07 10:24:41.766091027,1746606281,765195925,hemisphere,0.0,0.0,0.07362983594981132,0.9972856397532273
2025/05/07 10:24:41.815444260,1746606281,814884949,hemisphere,0.0,0.0,0.07393443607558496,0.997263104282007
2025/05/07 10:24:41.865127960,1746606281,864552623,hemisphere,0.0,0.0,0.07423032673638784,0.9972411235968005
2025/05/07 10:24:41.915515061,1746606281,914998645,hemisphere,0.0,0.0,0.0745175084815906,0.9972197054459444
2025/05/07 10:24:41.965184850,1746606281,964703882,hemisphere,0.0,0.0,0.07481338624003456,0.9971975517615852
2025/05/07 10:24:42.15728318,1746606282,15132332,hemisphere,0.0,0.0,0.07508315139801168,0.9971772763035384
2025/05/07 10:24:42.65178702,1746606282,64759840,hemisphere,0.0,0.0,0.07541382377087465,0.9971523229598653
2025/05/07 10:24:42.116958774,1746606282,115229357,hemisphere,0.0,0.0,0.07568357667131223,0.9971318850694916
2025/05/07 10:24:42.165461289,1746606282,164959245,hemisphere,0.0,0.0,0.07595332403289763,0.9971113742046842
2025/05/07 10:24:42.215118866,1746606282,214644447,hemisphere,0.0,0.0,0.07621436457437068,0.9970914555007103
2025/05/07 10:24:42.265538397,1746606282,265116146,hemisphere,0.0,0.0,0.07651890526938625,0.997068130639213
2025/05/07 10:24:42.315130751,1746606282,314666742,hemisphere,0.0,0.0,0.07677993447033832,0.9970480638679012
2025/05/07 10:24:42.365583494,1746606282,365098803,hemisphere,0.0,0.0,0.07705835981723295,0.997026583989754
2025/05/07 10:24:42.415195821,1746606282,414802882,hemisphere,0.0,0.0,0.07733677915495805,0.9970050263614207
2025/05/07 10:24:42.465031836,1746606282,464524917,hemisphere,0.0,0.0,0.07763259309273988,0.9969820361920756
2025/05/07 10:24:42.515621398,1746606282,514989458,hemisphere,0.0,0.0,0.07793710030137735,0.996958278162438
2025/05/07 10:24:42.565964906,1746606282,565489418,hemisphere,0.0,0.0,0.0782329003422651,0.9969351098762834
2025/05/07 10:24:42.616629865,1746606282,615991963,hemisphere,0.0,0.0,0.07852869349596373,0.996911853825511
2025/05/07 10:24:42.665860285,1746606282,665506358,hemisphere,0.0,0.0,0.07878098219447426,0.996891948429956
2025/05/07 10:24:42.716126220,1746606282,715185119,hemisphere,0.0,0.0,0.07906806319575128,0.9968692197989025
2025/05/07 10:24:42.765350433,1746606282,764933452,hemisphere,0.0,0.0,0.07933773937569794,0.9968477933520011
2025/05/07 10:24:42.815024561,1746606282,814606626,hemisphere,0.0,0.0,0.07962480763813899,0.9968249043882227
2025/05/07 10:24:42.865456857,1746606282,865016983,hemisphere,0.0,0.0,0.07986837553177947,0.9968054186198602
2025/05/07 10:24:42.915235046,1746606282,914716128,hemisphere,0.0,0.0,0.0801641301333192,0.9967816773195464
2025/05/07 10:24:42.965689382,1746606282,965119015,hemisphere,0.0,0.0,0.08045987767765517,0.9967578482681222
2025/05/07 10:24:43.15274606,1746606283,14776260,hemisphere,0.0,0.0,0.08075561813875133,0.9967339314676853
2025/05/07 10:24:43.65542425,1746606283,65148459,hemisphere,0.0,0.0,0.08106874734813876,0.9967085121555869
2025/05/07 10:24:43.115434554,1746606283,114944029,hemisphere,0.0,0.0,0.08137317085333687,0.9966837046251302
2025/05/07 10:24:43.165022909,1746606283,164617115,hemisphere,0.0,0.0,0.0817384690366537,0.9966538128555692
2025/05/07 10:24:43.215554775,1746606283,215047224,hemisphere,0.0,0.0,0.08207766466165964,0.9966259363290162
2025/05/07 10:24:43.265054729,1746606283,264758110,hemisphere,0.0,0.0,0.08238206289844664,0.9966008206461584
2025/05/07 10:24:43.315664945,1746606283,315156659,hemisphere,0.0,0.0,0.08274733063543385,0.9965705591039253
2025/05/07 10:24:43.365315405,1746606283,364853823,hemisphere,0.0,0.0,0.08306910490988718,0.9965437892082165
2025/05/07 10:24:43.414945341,1746606283,414555387,hemisphere,0.0,0.0,0.08341695924720338,0.9965147319081392
2025/05/07 10:24:43.465704478,1746606283,465109138,hemisphere,0.0,0.0,0.08374741145380722,0.996487015005608
2025/05/07 10:24:43.516492299,1746606283,515137316,hemisphere,0.0,0.0,0.0840691587009168,0.996459922202253
2025/05/07 10:24:43.565396078,1746606283,565093478,hemisphere,0.0,0.0,0.08440828820235059,0.996431252461879
2025/05/07 10:24:43.615363404,1746606283,614816731,hemisphere,0.0,0.0,0.08476479841752792,0.9964009880310416
2025/05/07 10:24:43.665525137,1746606283,665192864,hemisphere,0.0,0.0,0.08505173778423665,0.9963765362050039
2025/05/07 10:24:43.715418617,1746606283,714943746,hemisphere,0.0,0.0,0.08534736490564694,0.9963512569890512
2025/05/07 10:24:43.765174998,1746606283,764716768,hemisphere,0.0,0.0,0.08566906823500457,0.9963236475903532
2025/05/07 10:24:43.815579778,1746606283,815069324,hemisphere,0.0,0.0,0.0859907626329068,0.9962959343196233
2025/05/07 10:24:43.865166253,1746606283,864758295,hemisphere,0.0,0.0,0.08626897758647221,0.9962718823223834
2025/05/07 10:24:43.915738600,1746606283,915215724,hemisphere,0.0,0.0,0.08652110407777525,0.9962500180924279
2025/05/07 10:24:43.965194778,1746606283,964823234,hemisphere,0.0,0.0,0.08685146833127862,0.9962212718310631
2025/05/07 10:24:44.15113078,1746606284,14611220,hemisphere,0.0,0.0,0.08714704930560334,0.9961954586311498
2025/05/07 10:24:44.65531979,1746606284,65065367,hemisphere,0.0,0.0,0.08741654291998795,0.9961718466328577
2025/05/07 10:24:44.115348142,1746606284,114837251,hemisphere,0.0,0.0,0.0876338718208971,0.9961527515946932
2025/05/07 10:24:44.165554233,1746606284,165174658,hemisphere,0.0,0.0,0.0879120467262368,0.9961282407603973
2025/05/07 10:24:44.216378886,1746606284,215275506,hemisphere,0.0,0.0,0.08817282947416001,0.9961051913038707
2025/05/07 10:24:44.265766704,1746606284,265366197,hemisphere,0.0,0.0,0.08842491371954359,0.9960828452662416
2025/05/07 10:24:44.315409811,1746606284,314997055,hemisphere,0.0,0.0,0.08871176131594392,0.9960573394158707
2025/05/07 10:24:44.365093396,1746606284,364745577,hemisphere,0.0,0.0,0.08903336956808151,0.9960286437163107
2025/05/07 10:24:44.415660629,1746606284,415122394,hemisphere,0.0,0.0,0.0893462767963001,0.9960006239067518
2025/05/07 10:24:44.465822955,1746606284,465492668,hemisphere,0.0,0.0,0.08963310067644374,0.9959748527262757
2025/05/07 10:24:44.516391425,1746606284,515950733,hemisphere,0.0,0.0,0.08991122582509625,0.995949783608907
2025/05/07 10:24:44.566045987,1746606284,565686429,hemisphere,0.0,0.0,0.09018065287684504,0.9959254238379026
2025/05/07 10:24:44.615920248,1746606284,615386020,hemisphere,0.0,0.0,0.090476145924763,0.9958986228620869
2025/05/07 10:24:44.665547421,1746606284,665059672,hemisphere,0.0,0.0,0.09074555911552637,0.9958741102673624
2025/05/07 10:24:44.715148535,1746606284,714764147,hemisphere,0.0,0.0,0.09103234650433512,0.9958479361277578
2025/05/07 10:24:44.765524859,1746606284,765152989,hemisphere,0.0,0.0,0.09131912634364095,0.9958216794004006
2025/05/07 10:24:44.815388689,1746606284,814889134,hemisphere,0.0,0.0,0.09158851868834855,0.9957969387603449
2025/05/07 10:24:44.865781052,1746606284,865326382,hemisphere,0.0,0.0,0.09188397355200681,0.9957697200679956
2025/05/07 10:24:44.916380694,1746606284,915163206,hemisphere,0.0,0.0,0.09212728324951455,0.9957472388518402
2025/05/07 10:24:44.965217131,1746606284,964729060,hemisphere,0.0,0.0,0.09237927678025765,0.9957238920612262
2025/05/07 10:24:45.15607946,1746606285,15150593,hemisphere,0.0,0.0,0.09262257526508495,0.9957012898210305
2025/05/07 10:24:45.65575286,1746606285,65074969,hemisphere,0.0,0.0,0.09288324607608761,0.9956770071656617
2025/05/07 10:24:45.116500083,1746606285,115985622,hemisphere,0.0,0.0,0.09315259922595526,0.9956518433957969
2025/05/07 10:24:45.165267986,1746606285,164949874,hemisphere,0.0,0.0,0.09341325707375059,0.9956274219821758
2025/05/07 10:24:45.215085704,1746606285,214612340,hemisphere,0.0,0.0,0.0936825967901411,0.9956021148323541
2025/05/07 10:24:45.265494677,1746606285,265067200,hemisphere,0.0,0.0,0.09396061769284501,0.9955759148968898
2025/05/07 10:24:45.315281762,1746606285,314752674,hemisphere,0.0,0.0,0.09421256780745688,0.9955521041447933
2025/05/07 10:24:45.365597439,1746606285,365149723,hemisphere,0.0,0.0,0.09450794991172007,0.9955241068921856
2025/05/07 10:24:45.415364928,1746606285,414874377,hemisphere,0.0,0.0,0.09477726163863219,0.9954985036032361
2025/05/07 10:24:45.465740984,1746606285,465270168,hemisphere,0.0,0.0,0.09505525356494095,0.9954719979837228
2025/05/07 10:24:45.515486310,1746606285,514999508,hemisphere,0.0,0.0,0.09533323807864529,0.9954454147352533
2025/05/07 10:24:45.565116369,1746606285,564709452,hemisphere,0.0,0.0,0.09560252848708145,0.9954195881872512
2025/05/07 10:24:45.616110151,1746606285,615200585,hemisphere,0.0,0.0,0.0958718118989102,0.9953936887901289
2025/05/07 10:24:45.665175379,1746606285,664791770,hemisphere,0.0,0.0,0.09613240206880261,0.9953685554971495
2025/05/07 10:24:45.715864215,1746606285,715235176,hemisphere,0.0,0.0,0.09638429963685644,0.9953441951322732
2025/05/07 10:24:45.765437837,1746606285,764908796,hemisphere,0.0,0.0,0.09665356262429456,0.9953180842484636
2025/05/07 10:24:45.815868981,1746606285,815388528,hemisphere,0.0,0.0,0.09688807623779921,0.9952952831612026
2025/05/07 10:24:45.865331586,1746606285,864995301,hemisphere,0.0,0.0,0.09713126985911748,0.995271579226271
2025/05/07 10:24:45.915199574,1746606285,914767307,hemisphere,0.0,0.0,0.09732234649397635,0.9952529130190508
2025/05/07 10:24:45.965577660,1746606285,965141722,hemisphere,0.0,0.0,0.09752210459484377,0.9952333591250809
2025/05/07 10:24:46.15281328,1746606286,14889867,hemisphere,0.0,0.0,0.09773054364172983,0.9952129123154965
2025/05/07 10:24:46.65647125,1746606286,65270375,hemisphere,0.0,0.0,0.0979389784016745,0.9951924218509888
2025/05/07 10:24:46.115565851,1746606286,114994793,hemisphere,0.0,0.0,0.09817346237099367,0.9951693178982616
2025/05/07 10:24:46.165123801,1746606286,164699059,hemisphere,0.0,0.0,0.09839057229806802,0.9951478760882017
2025/05/07 10:24:46.215510289,1746606286,215060554,hemisphere,0.0,0.0,0.09860767754209832,0.995126386912614
2025/05/07 10:24:46.265185663,1746606286,264795003,hemisphere,0.0,0.0,0.09881609416096745,0.9951057127435109
2025/05/07 10:24:46.315761936,1746606286,315215328,hemisphere,0.0,0.0,0.0990679251247461,0.9950806732177435
2025/05/07 10:24:46.365349393,1746606286,364928785,hemisphere,0.0,0.0,0.09927633215926708,0.9950599026556155
2025/05/07 10:24:46.415094164,1746606286,414631302,hemisphere,0.0,0.0,0.09951078486736409,0.9950364836000142
2025/05/07 10:24:46.465518670,1746606286,465079094,hemisphere,0.0,0.0,0.09976259828888777,0.995011268269184
2025/05/07 10:24:46.515947285,1746606286,515439471,hemisphere,0.0,0.0,0.10001440532103481,0.9949859892120491
2025/05/07 10:24:46.566319837,1746606286,565841107,hemisphere,0.0,0.0,0.10024884059319951,0.9949623962541093
2025/05/07 10:24:46.616148913,1746606286,615552371,hemisphere,0.0,0.0,0.10050931770097295,0.9949361170724907
2025/05/07 10:24:46.666447303,1746606286,665999201,hemisphere,0.0,0.0,0.1007524234533576,0.9949115283120783
2025/05/07 10:24:46.715674357,1746606286,715057745,hemisphere,0.0,0.0,0.1009521129648318,0.9948912859644193
2025/05/07 10:24:46.764978850,1746606286,764621888,hemisphere,0.0,0.0,0.10118652589704055,0.994867472066952
2025/05/07 10:24:46.815618331,1746606286,815116039,hemisphere,0.0,0.0,0.10137752487415909,0.9948480273139155
2025/05/07 10:24:46.865170595,1746606286,864795217,hemisphere,0.0,0.0,0.10156852011463308,0.9948285458920665
2025/05/07 10:24:46.915733051,1746606286,915250600,hemisphere,0.0,0.0,0.10179423693534759,0.9948054751190055
2025/05/07 10:24:46.965370084,1746606286,964902840,hemisphere,0.0,0.0,0.10198522399870695,0.9947859136949686
2025/05/07 10:24:47.15792676,1746606287,15313831,hemisphere,0.0,0.0,0.10215016434676763,0.9947689902303591
2025/05/07 10:24:47.65421942,1746606287,65000307,hemisphere,0.0,0.0,0.10237586763975963,0.9947457874879423
2025/05/07 10:24:47.115897463,1746606287,115440054,hemisphere,0.0,0.0,0.1025147593550693,0.994731483423729
2025/05/07 10:24:47.165486628,1746606287,165119172,hemisphere,0.0,0.0,0.1026883711883887,0.9947135760723665
2025/05/07 10:24:47.215228055,1746606287,214821136,hemisphere,0.0,0.0,0.10287066024669747,0.9946947407423086
2025/05/07 10:24:47.265839662,1746606287,265363678,hemisphere,0.0,0.0,0.10302690526144306,0.9946785695852955
2025/05/07 10:24:47.315442114,1746606287,314965228,hemisphere,0.0,0.0,0.10318314773410169,0.9946623738855727
2025/05/07 10:24:47.365056829,1746606287,364692690,hemisphere,0.0,0.0,0.10334806758201985,0.9946452517993851
2025/05/07 10:24:47.415581374,1746606287,415085995,hemisphere,0.0,0.0,0.10349562503773745,0.9946299088595959
2025/05/07 10:24:47.465182913,1746606287,464776538,hemisphere,0.0,0.0,0.1036084615553613,0.9946181612529159
2025/05/07 10:24:47.515759296,1746606287,515206614,hemisphere,0.0,0.0,0.10377337406670109,0.9946009686476344
2025/05/07 10:24:47.565202886,1746606287,564853276,hemisphere,0.0,0.0,0.10394696310172517,0.9945828416285536
2025/05/07 10:24:47.615827969,1746606287,615312646,hemisphere,0.0,0.0,0.10408583205018626,0.99456831819962
2025/05/07 10:24:47.665408381,1746606287,664963833,hemisphere,0.0,0.0,0.10425941538187314,0.9945501366468309
2025/05/07 10:24:47.715103977,1746606287,714689496,hemisphere,0.0,0.0,0.10446771118721324,0.9945282787931699
2025/05/07 10:24:47.765823807,1746606287,765155027,hemisphere,0.0,0.0,0.10462393003447426,0.9945118567740364
2025/05/07 10:24:47.815232431,1746606287,814841296,hemisphere,0.0,0.0,0.10478014630024332,0.9944954102163064
2025/05/07 10:24:47.865503090,1746606287,865198435,hemisphere,0.0,0.0,0.10493635998066589,0.9944789391203859
2025/05/07 10:24:47.915627087,1746606287,914957735,hemisphere,0.0,0.0,0.10510124938984897,0.9944615263431225
2025/05/07 10:24:47.965405154,1746606287,964700963,hemisphere,0.0,0.0,0.10522274500059643,0.9944486783814133
2025/05/07 10:24:48.15628326,1746606288,15102945,hemisphere,0.0,0.0,0.10539630743387982,0.9944302984017045
2025/05/07 10:24:48.65351716,1746606288,64917703,hemisphere,0.0,0.0,0.10551779922721248,0.994417414392088
2025/05/07 10:24:48.115808795,1746606288,115202581,hemisphere,0.0,0.0,0.10565664506236191,0.9944026716346683
2025/05/07 10:24:48.165414414,1746606288,164910217,hemisphere,0.0,0.0,0.10577813347850532,0.9943897558190167
2025/05/07 10:24:48.215786791,1746606288,215329872,hemisphere,0.0,0.0,0.10589962031577746,0.9943768251608512
2025/05/07 10:24:48.265393463,1746606288,264997064,hemisphere,0.0,0.0,0.10601242810649668,0.9943648048311872
2025/05/07 10:24:48.317656618,1746606288,314735301,hemisphere,0.0,0.0,0.10611655716388971,0.9943536977834814
2025/05/07 10:24:48.365457721,1746606288,365089956,hemisphere,0.0,0.0,0.1062033304894962,0.9943444335807079
2025/05/07 10:24:48.415955591,1746606288,415519216,hemisphere,0.0,0.0,0.10633348896122828,0.9943305230783839
2025/05/07 10:24:48.466582913,1746606288,465980728,hemisphere,0.0,0.0,0.1064462914963509,0.9943184535281813
2025/05/07 10:24:48.516256316,1746606288,515660772,hemisphere,0.0,0.0,0.10654173872532094,0.994308230836588
2025/05/07 10:24:48.565003564,1746606288,564637930,hemisphere,0.0,0.0,0.10662850808156885,0.9942989295298968
2025/05/07 10:24:48.616357438,1746606288,615796562,hemisphere,0.0,0.0,0.10672395343553005,0.9942886893468571
2025/05/07 10:24:48.665186039,1746606288,664750068,hemisphere,0.0,0.0,0.10683675122225375,0.9942765755001343
2025/05/07 10:24:48.715660801,1746606288,715195354,hemisphere,0.0,0.0,0.10695822422404085,0.9942635155082579
2025/05/07 10:24:48.765347778,1746606288,764906552,hemisphere,0.0,0.0,0.10703631316797585,0.9942551119624213
2025/05/07 10:24:48.815816652,1746606288,815287382,hemisphere,0.0,0.0,0.10716645994039899,0.9942410924236852
2025/05/07 10:24:48.865376678,1746606288,864942710,hemisphere,0.0,0.0,0.10726189973991807,0.9942308006012406
2025/05/07 10:24:48.915056636,1746606288,914661062,hemisphere,0.0,0.0,0.10735733855105338,0.9942204996172803
2025/05/07 10:24:48.965585018,1746606288,965097717,hemisphere,0.0,0.0,0.1074961568737822,0.9942055000136377
2025/05/07 10:24:49.15290891,1746606289,14821927,hemisphere,0.0,0.0,0.1075655652494309,0.9941979929433425
2025/05/07 10:24:49.66635549,1746606289,65301908,hemisphere,0.0,0.0,0.1076696768298079,0.9941867232524104
2025/05/07 10:24:49.116356583,1746606289,115737045,hemisphere,0.0,0.0,0.10773908389416849,0.9941792040681827
2025/05/07 10:24:49.165819363,1746606289,165327612,hemisphere,0.0,0.0,0.1078258419861476,0.9941697982739057
2025/05/07 10:24:49.215519406,1746606289,215039549,hemisphere,0.0,0.0,0.10791259925698594,0.9941603849085927
2025/05/07 10:24:49.265117775,1746606289,264705757,hemisphere,0.0,0.0,0.10799935570602284,0.9941509639723154
2025/05/07 10:24:49.315834468,1746606289,315251521,hemisphere,0.0,0.0,0.10807743580696978,0.9941424786565507
2025/05/07 10:24:49.365228652,1746606289,364870645,hemisphere,0.0,0.0,0.10812081335279015,0.9941377619424439
2025/05/07 10:24:49.415802262,1746606289,415284212,hemisphere,0.0,0.0,0.10820756782680803,0.9941283228361452
2025/05/07 10:24:49.465356234,1746606289,464955080,hemisphere,0.0,0.0,0.10830299679642709,0.9941179310750375
2025/05/07 10:24:49.515074755,1746606289,514661895,hemisphere,0.0,0.0,0.1083897495391816,0.9941084760703097
2025/05/07 10:24:49.565503211,1746606289,565101356,hemisphere,0.0,0.0,0.10847650145650096,0.9940990134950128
2025/05/07 10:24:49.615957090,1746606289,615270080,hemisphere,0.0,0.0,0.10856325254772455,0.9940895433492191
2025/05/07 10:24:49.665641714,1746606289,665236570,hemisphere,0.0,0.0,0.10863265282547047,0.9940819617818748
2025/05/07 10:24:49.715377391,1746606289,714934018,hemisphere,0.0,0.0,0.10870205257375401,0.9940743753694956
2025/05/07 10:24:49.766306753,1746606289,765598763,hemisphere,0.0,0.0,0.1087627769189116,0.9940677332842501
2025/05/07 10:24:49.815581515,1746606289,815030155,hemisphere,0.0,0.0,0.10880615120269749,0.9940629866665672
2025/05/07 10:24:49.865160019,1746606289,864723810,hemisphere,0.0,0.0,0.10882350085821402,0.994061087489578
2025/05/07 10:24:49.915674255,1746606289,915147969,hemisphere,0.0,0.0,0.10891024863844799,0.9940515870625184
2025/05/07 10:24:49.965282119,1746606289,964860027,hemisphere,0.0,0.0,0.10896229690851912,0.9940458831726128
2025/05/07 10:24:50.15731635,1746606290,15254600,hemisphere,0.0,0.0,0.10898832093154126,0.9940430302056966
2025/05/07 10:24:50.65291824,1746606290,64934223,hemisphere,0.0,0.0,0.1090403687534694,0.994037322227947
2025/05/07 10:24:50.115175645,1746606290,114682100,hemisphere,0.0,0.0,0.10911843992580389,0.9940287551515594
2025/05/07 10:24:50.165654310,1746606290,165110462,hemisphere,0.0,0.0,0.1091097653843306,0.9940297073517352
2025/05/07 10:24:50.215313286,1746606290,214804553,hemisphere,0.0,0.0,0.10918783595838005,0.9940211348249723
2025/05/07 10:24:50.265564609,1746606290,265200215,hemisphere,0.0,0.0,0.10923988263359526,0.9940154164006705
2025/05/07 10:24:50.315358367,1746606290,314906941,hemisphere,0.0,0.0,0.10926590585890403,0.9940125561665875
2025/05/07 10:24:50.365730311,1746606290,365291703,hemisphere,0.0,0.0,0.10930927773465504,0.9940077875958157
2025/05/07 10:24:50.415559223,1746606290,415052348,hemisphere,0.0,0.0,0.10934397508542097,0.9940039713766333
2025/05/07 10:24:50.465986596,1746606290,465514625,hemisphere,0.0,0.0,0.1094046951286457,0.9939972900787045
2025/05/07 10:24:50.515659136,1746606290,515211594,hemisphere,0.0,0.0,0.109430717879352,0.9939944255298466
2025/05/07 10:24:50.565867230,1746606290,565518937,hemisphere,0.0,0.0,0.10945674055505565,0.9939915602997157
2025/05/07 10:24:50.616482481,1746606290,616018481,hemisphere,0.0,0.0,0.10947408896384783,0.993989649767811
2025/05/07 10:24:50.666168441,1746606290,665685802,hemisphere,0.0,0.0,0.10951745983992044,0.9939848721133594
2025/05/07 10:24:50.715187734,1746606290,714702076,hemisphere,0.0,0.0,0.10950878568138372,0.9939858277956426
2025/05/07 10:24:50.765389943,1746606290,765036774,hemisphere,0.0,0.0,0.10950011151450748,0.9939867834022295
2025/05/07 10:24:50.815328156,1746606290,814796763,hemisphere,0.0,0.0,0.10955215639065834,0.9939810486272647
2025/05/07 10:24:50.865556415,1746606290,865188287,hemisphere,0.0,0.0,0.10958685280791025,0.9939772239300343
2025/05/07 10:24:50.915425178,1746606290,914900591,hemisphere,0.0,0.0,0.10961287503322356,0.9939743546123063
2025/05/07 10:24:50.965851950,1746606290,965325618,hemisphere,0.0,0.0,0.1097169631830237,0.9939628705288216
2025/05/07 10:24:51.15512066,1746606291,15031630,hemisphere,0.0,0.0,0.10973431109104527,0.9939609554551797
2025/05/07 10:24:51.65339358,1746606291,64820393,hemisphere,0.0,0.0,0.10975165896563986,0.99395904007876
2025/05/07 10:24:51.115728129,1746606291,115174982,hemisphere,0.0,0.0,0.10979502850584859,0.9939542503130614
2025/05/07 10:24:51.165301546,1746606291,164810262,hemisphere,0.0,0.0,0.10984707167816662,0.9939485000963237
2025/05/07 10:24:51.215745879,1746606291,215244210,hemisphere,0.0,0.0,0.10989911454933268,0.9939427471546199
2025/05/07 10:24:51.265344196,1746606291,264953922,hemisphere,0.0,0.0,0.1099858519983286,0.9939331528630091
2025/05/07 10:24:51.315121152,1746606291,314630382,hemisphere,0.0,0.0,0.11004656771429891,0.9939264323551831
2025/05/07 10:24:51.365705659,1746606291,365111652,hemisphere,0.0,0.0,0.11010728301962348,0.9939197081384575
2025/05/07 10:24:51.415247775,1746606291,414768835,hemisphere,0.0,0.0,0.11016799791407574,0.9939129802128576
2025/05/07 10:24:51.465532991,1746606291,465152750,hemisphere,0.0,0.0,0.11027207963372002,0.9939014379973774
2025/05/07 10:24:51.515341906,1746606291,514906172,hemisphere,0.0,0.0,0.11030677327159809,0.9938975881701335
2025/05/07 10:24:51.565770561,1746606291,565305482,hemisphere,0.0,0.0,0.11035881347639176,0.9938918111585803
2025/05/07 10:24:51.615419412,1746606291,614995002,hemisphere,0.0,0.0,0.1104195266662452,0.9938850678679112
2025/05/07 10:24:51.665136740,1746606291,664687612,hemisphere,0.0,0.0,0.11048891266438594,0.9938773567086845
2025/05/07 10:24:51.715595798,1746606291,715134611,hemisphere,0.0,0.0,0.11058431753247534,0.9938667459553503
2025/05/07 10:24:51.765335451,1746606291,764817233,hemisphere,0.0,0.0,0.11065370225110369,0.9938590232915955
2025/05/07 10:24:51.815909316,1746606291,815288716,hemisphere,0.0,0.0,0.11072308643041937,0.9938512957838924
2025/05/07 10:24:51.865374018,1746606291,864930750,hemisphere,0.0,0.0,0.11075777831772922,0.9938474302135719
2025/05/07 10:24:51.915913590,1746606291,915368744,hemisphere,0.0,0.0,0.11076645126847164,0.9938464636317772
2025/05/07 10:24:51.965535120,1746606291,965050692,hemisphere,0.0,0.0,0.11079247007008411,0.9938435634322785
2025/05/07 10:24:52.15367825,1746606292,14774543,hemisphere,0.0,0.0,0.11084450744548335,0.9938377609897745
2025/05/07 10:24:52.65500033,1746606292,65170621,hemisphere,0.0,0.0,0.11082716168744172,0.9938396954400169
2025/05/07 10:24:52.115375618,1746606292,114852154,hemisphere,0.0,0.0,0.11088787169285323,0.993832923539681
2025/05/07 10:24:52.165737292,1746606292,165275180,hemisphere,0.0,0.0,0.11089654451699607,0.9938319558226079
2025/05/07 10:24:52.215527208,1746606292,215027987,hemisphere,0.0,0.0,0.11092256293875041,0.9938290522172809
2025/05/07 10:24:52.264968834,1746606292,264645598,hemisphere,0.0,0.0,0.11089654451699607,0.9938319558226079
2025/05/07 10:24:52.315561226,1746606292,315111906,hemisphere,0.0,0.0,0.11091389013994532,0.9938300201614078
2025/05/07 10:24:52.365294063,1746606292,364823897,hemisphere,0.0,0.0,0.1108791988602658,0.9938338911810694
2025/05/07 10:24:52.415742891,1746606292,415225228,hemisphere,0.0,0.0,0.11087052601923444,0.993834858746773
2025/05/07 10:24:52.466225040,1746606292,465712378,hemisphere,0.0,0.0,0.11082716168744172,0.9938396954400169
2025/05/07 10:24:52.515848653,1746606292,515361840,hemisphere,0.0,0.0,0.11084450744548335,0.9938377609897745
2025/05/07 10:24:52.566258118,1746606292,565782007,hemisphere,0.0,0.0,0.11080114298708117,0.9938425965477413
2025/05/07 10:24:52.615945524,1746606292,615485249,hemisphere,0.0,0.0,0.11081848879576063,0.9938406625516104
2025/05/07 10:24:52.665604233,1746606292,665137929,hemisphere,0.0,0.0,0.1108098158956402,0.9938416295875185
2025/05/07 10:24:52.715328074,1746606292,714862411,hemisphere,0.0,0.0,0.11076645126847164,0.9938464636317772
2025/05/07 10:24:52.765631986,1746606292,765259510,hemisphere,0.0,0.0,0.11079247007008411,0.9938435634322785
2025/05/07 10:24:52.815536833,1746606292,814985509,hemisphere,0.0,0.0,0.11074910535855213,0.993848396719681
2025/05/07 10:24:52.865911314,1746606292,865416462,hemisphere,0.0,0.0,0.11074910535855213,0.993848396719681
2025/05/07 10:24:52.915521500,1746606292,915063981,hemisphere,0.0,0.0,0.11078379714464973,0.9938445302411304
2025/05/07 10:24:52.965288790,1746606292,964817191,hemisphere,0.0,0.0,0.11077512421077869,0.9938454969742966
2025/05/07 10:24:53.15817880,1746606293,15239288,hemisphere,0.0,0.0,0.11076645126847164,0.9938464636317772
2025/05/07 10:24:53.65552270,1746606293,65096936,hemisphere,0.0,0.0,0.11075777831772922,0.9938474302135719
2025/05/07 10:24:53.116571726,1746606293,116060779,hemisphere,0.0,0.0,0.11072308643041937,0.9938512957838924
2025/05/07 10:24:53.165490210,1746606293,165023809,hemisphere,0.0,0.0,0.11074910535855213,0.993848396719681
2025/05/07 10:24:53.215128074,1746606293,214697070,hemisphere,0.0,0.0,0.11074910535855213,0.993848396719681
2025/05/07 10:24:53.265456871,1746606293,265105156,hemisphere,0.0,0.0,0.11074043239094102,0.9938493631501041
2025/05/07 10:24:53.315289472,1746606293,314829383,hemisphere,0.0,0.0,0.11072308643041937,0.9938512957838924
2025/05/07 10:24:53.365668084,1746606293,365246743,hemisphere,0.0,0.0,0.11075777831772922,0.9938474302135719
2025/05/07 10:24:53.415594681,1746606293,415035906,hemisphere,0.0,0.0,0.11071441343751011,0.9938522619872574
2025/05/07 10:24:53.465042708,1746606293,464665743,hemisphere,0.0,0.0,0.1106710483465064,0.9938570918687885
2025/05/07 10:24:53.515595323,1746606293,515104942,hemisphere,0.0,0.0,0.11066237530301877,0.9938580576180353
2025/05/07 10:24:53.565390750,1746606293,564925584,hemisphere,0.0,0.0,0.11066237530301877,0.9938580576180353
2025/05/07 10:24:53.615725101,1746606293,615207630,hemisphere,0.0,0.0,0.11060166376267448,0.9938648157435338
2025/05/07 10:24:53.665320740,1746606293,664876378,hemisphere,0.0,0.0,0.11060166376267448,0.9938648157435338
2025/05/07 10:24:53.715885543,1746606293,715325071,hemisphere,0.0,0.0,0.11054095180961311,0.9938715701603628
2025/05/07 10:24:53.765474944,1746606293,765028726,hemisphere,0.0,0.0,0.1105322786397835,0.9938725347743026
2025/05/07 10:24:53.815210174,1746606293,814762142,hemisphere,0.0,0.0,0.11046289297817158,0.9938802489610572
2025/05/07 10:24:53.865660991,1746606293,865161091,hemisphere,0.0,0.0,0.11041085337863049,0.9938860314222162
2025/05/07 10:24:53.915343662,1746606293,914875308,hemisphere,0.0,0.0,0.11035881347639176,0.9938918111585803
2025/05/07 10:24:53.965611063,1746606293,965237854,hemisphere,0.0,0.0,0.11030677327159809,0.9938975881701335
2025/05/07 10:24:54.15536804,1746606294,14980626,hemisphere,0.0,0.0,0.11028075305578772,0.9939004756541011
2025/05/07 10:24:54.66260617,1746606294,65392223,hemisphere,0.0,0.0,0.11022003892498512,0.9939072104675439
2025/05/07 10:24:54.115498479,1746606294,115060526,hemisphere,0.0,0.0,0.11017667143687225,0.9939120187778653
2025/05/07 10:24:54.165256419,1746606294,164756588,hemisphere,0.0,0.0,0.11015932438288945,0.9939139415721592
2025/05/07 10:24:54.215634502,1746606294,215135568,hemisphere,0.0,0.0,0.11005524135449214,0.9939254719798686
2025/05/07 10:24:54.265585323,1746606294,264892412,hemisphere,0.0,0.0,0.11002922040877156,0.9939283528787364
2025/05/07 10:24:54.315829495,1746606294,315282291,hemisphere,0.0,0.0,0.10994248337848814,0.9939379509549733
2025/05/07 10:24:54.365762120,1746606294,365046689,hemisphere,0.0,0.0,0.10987309315140258,0.9939456239660917
2025/05/07 10:24:54.415140614,1746606294,414674552,hemisphere,0.0,0.0,0.10982105012964269,0.9939513755453143
2025/05/07 10:24:54.466063295,1746606294,465334236,hemisphere,0.0,0.0,0.10972563714121251,0.9939619130298479
2025/05/07 10:24:54.515996175,1746606294,515530688,hemisphere,0.0,0.0,0.10959552689136107,0.9939762675664872
2025/05/07 10:24:54.565616678,1746606294,565218621,hemisphere,0.0,0.0,0.10956083050748726,0.9939800925665009
2025/05/07 10:24:54.616155635,1746606294,615665177,hemisphere,0.0,0.0,0.109430717879352,0.9939944255298466
2025/05/07 10:24:54.665112542,1746606294,664645096,hemisphere,0.0,0.0,0.10936132371084449,0.9940020628128555
2025/05/07 10:24:54.715595771,1746606294,715064094,hemisphere,0.0,0.0,0.10927458025069903,0.9940116026038296
2025/05/07 10:24:54.765115941,1746606294,764748003,hemisphere,0.0,0.0,0.10917916148340405,0.9940220876307432
2025/05/07 10:24:54.815740106,1746606294,815223275,hemisphere,0.0,0.0,0.10907506713535234,0.994033515395441
2025/05/07 10:24:54.865296159,1746606294,864903596,hemisphere,0.0,0.0,0.10899699558928298,0.994042079065323
2025/05/07 10:24:54.915779122,1746606294,915318033,hemisphere,0.0,0.0,0.10886687485196457,0.9940563382223196
2025/05/07 10:24:54.965719132,1746606294,965232412,hemisphere,0.0,0.0,0.10875410203730354,0.9940686823806794
2025/05/07 10:24:55.15116787,1746606295,14674035,hemisphere,0.0,0.0,0.10865867779314135,0.9940791174450082
2025/05/07 10:24:55.65769869,1746606295,65299595,hemisphere,0.0,0.0,0.1085719276113862,0.9940885959182653
2025/05/07 10:24:55.115979023,1746606295,115517102,hemisphere,0.0,0.0,0.10843312560106198,0.994103745728978
2025/05/07 10:24:55.165678816,1746606295,165204281,hemisphere,0.0,0.0,0.10834637327094244,0.9941132045189993
2025/05/07 10:24:55.215657859,1746606295,214967305,hemisphere,0.0,0.0,0.1082162432288981,0.9941273785091245
2025/05/07 10:24:55.265755588,1746606295,265299865,hemisphere,0.0,0.0,0.108103462359159,0.9941396488552109
2025/05/07 10:24:55.315792036,1746606295,315105086,hemisphere,0.0,0.0,0.10802538248038387,0.9941481362151049
2025/05/07 10:24:55.365147453,1746606295,364742469,hemisphere,0.0,0.0,0.1079212749388816,0.9941594431556572
2025/05/07 10:24:55.415926234,1746606295,415196217,hemisphere,0.0,0.0,0.10779113884785585,0.9941735615001449
2025/05/07 10:24:55.465400733,1746606295,464875935,hemisphere,0.0,0.0,0.10769570454045764,0.9941839041261604
2025/05/07 10:24:55.515841329,1746606295,515300882,hemisphere,0.0,0.0,0.10757424125953177,0.9941970542188485
2025/05/07 10:24:55.565314454,1746606295,564921841,hemisphere,0.0,0.0,0.10746145248946547,0.9942092517316736
2025/05/07 10:24:55.615827215,1746606295,615401791,hemisphere,0.0,0.0,0.10736601475756997,0.9942195627099063
2025/05/07 10:24:55.667420856,1746606295,666872709,hemisphere,0.0,0.0,0.10727925232457548,0.9942289283764982
2025/05/07 10:24:55.715296602,1746606295,714830540,hemisphere,0.0,0.0,0.10718381270469714,0.9942392218646801
2025/05/07 10:24:55.766156127,1746606295,765624444,hemisphere,0.0,0.0,0.10709704855681153,0.9942485716310685
2025/05/07 10:24:55.815478787,1746606295,814953639,hemisphere,0.0,0.0,0.10696690080595711,0.9942625820838118
2025/05/07 10:24:55.865757179,1746606295,865272252,hemisphere,0.0,0.0,0.10690616456151439,0.9942691144648648
2025/05/07 10:24:55.915654334,1746606295,915089456,hemisphere,0.0,0.0,0.10681939780606453,0.9942784400017682
2025/05/07 10:24:55.965171451,1746606295,964745389,hemisphere,0.0,0.0,0.10672395343553005,0.9942886893468571
2025/05/07 10:24:56.15894895,1746606296,15283036,hemisphere,0.0,0.0,0.10659380043647537,0.9943026509612196
2025/05/07 10:24:56.65295760,1746606296,64837288,hemisphere,0.0,0.0,0.1065590926615006,0.9943063711810147
2025/05/07 10:24:56.116468337,1746606296,115853039,hemisphere,0.0,0.0,0.10642893734931166,0.994320311215001
2025/05/07 10:24:56.165464520,1746606296,164988898,hemisphere,0.0,0.0,0.10631613460355284,0.9943323787964261
2025/05/07 10:24:56.215911623,1746606296,215375182,hemisphere,0.0,0.0,0.1062033304894962,0.9943444335807079
2025/05/07 10:24:56.265566132,1746606296,265098600,hemisphere,0.0,0.0,0.10606449278058411,0.9943592526703804
2025/05/07 10:24:56.315344119,1746606296,314844737,hemisphere,0.0,0.0,0.1059430080889662,0.9943722034716483
2025/05/07 10:24:56.366337591,1746606296,365612000,hemisphere,0.0,0.0,0.10585623234097082,0.9943814449569011
2025/05/07 10:24:56.415582375,1746606296,414966490,hemisphere,0.0,0.0,0.10569135619940645,0.9943989829161785
2025/05/07 10:24:56.466465552,1746606296,464881774,hemisphere,0.0,0.0,0.10557854453337262,0.9944109668211704
2025/05/07 10:24:56.515524273,1746606296,515045579,hemisphere,0.0,0.0,0.10544837553804715,0.994424778500811
2025/05/07 10:24:56.565133162,1746606296,564718430,hemisphere,0.0,0.0,0.10530952661822708,0.9944394921781038
2025/05/07 10:24:56.616247545,1746606296,615826093,hemisphere,0.0,0.0,0.10517935389124591,0.9944532686431374
2025/05/07 10:24:56.665367193,1746606296,664892928,hemisphere,0.0,0.0,0.10501446585016774,0.9944706943707311
2025/05/07 10:24:56.717981847,1746606296,715335805,hemisphere,0.0,0.0,0.10489296755121416,0.9944835168861774
2025/05/07 10:24:56.765443087,1746606296,764975685,hemisphere,0.0,0.0,0.10477146768660159,0.9944963245577106
2025/05/07 10:24:56.815909072,1746606296,815407409,hemisphere,0.0,0.0,0.10460657251218919,0.9945136826546189
2025/05/07 10:24:56.865622945,1746606296,865155940,hemisphere,0.0,0.0,0.10448506896427015,0.9945264553361725
2025/05/07 10:24:56.915216179,1746606296,914795332,hemisphere,0.0,0.0,0.10432884782558546,0.99454285554288
2025/05/07 10:24:56.966607868,1746606296,965481762,hemisphere,0.0,0.0,0.1041899824300131,0.9945574129034651
2025/05/07 10:24:57.15510294,1746606297,14945235,hemisphere,0.0,0.0,0.10404243572164615,0.9945728588540446
2025/05/07 10:24:57.67322584,1746606297,66078137,hemisphere,0.0,0.0,0.1038862072993747,0.9945891895315128
2025/05/07 10:24:57.115545653,1746606297,115018444,hemisphere,0.0,0.0,0.10374733543867186,0.9946036850873697
2025/05/07 10:24:57.165121808,1746606297,164649179,hemisphere,0.0,0.0,0.1036084615553613,0.9946181612529159
2025/05/07 10:24:57.215721321,1746606297,215130679,hemisphere,0.0,0.0,0.10349562503773745,0.9946299088595959
2025/05/07 10:24:57.265168536,1746606297,264768515,hemisphere,0.0,0.0,0.10340014694392843,0.9946398391437847
2025/05/07 10:24:57.315753931,1746606297,315316520,hemisphere,0.0,0.0,0.10326126801594361,0.9946542668323197
2025/05/07 10:24:57.365539131,1746606297,365001524,hemisphere,0.0,0.0,0.10313106719257421,0.99466777517909
2025/05/07 10:24:57.415167392,1746606297,414680543,hemisphere,0.0,0.0,0.10300086460208185,0.9946812664824968
2025/05/07 10:24:57.465522732,1746606297,465066451,hemisphere,0.0,0.0,0.10287066024669747,0.9946947407423086
2025/05/07 10:24:57.515404191,1746606297,514798611,hemisphere,0.0,0.0,0.10271441269372011,0.9947108873562128
2025/05/07 10:24:57.565610559,1746606297,565150036,hemisphere,0.0,0.0,0.10258420446342657,0.9947243241193039
2025/05/07 10:24:57.615487472,1746606297,614910949,hemisphere,0.0,0.0,0.10247135590859875,0.9947359555270199
2025/05/07 10:24:57.665712411,1746606297,665298204,hemisphere,0.0,0.0,0.10231510188654437,0.9947520394178371
2025/05/07 10:24:57.715672313,1746606297,715032185,hemisphere,0.0,0.0,0.10217620730302272,0.9947663156044085
2025/05/07 10:24:57.765302688,1746606297,764723099,hemisphere,0.0,0.0,0.10206335398703753,0.9947779007260449
2025/05/07 10:24:57.815828645,1746606297,815150151,hemisphere,0.0,0.0,0.10192445579505002,0.9947921417617265
2025/05/07 10:24:57.865310343,1746606297,864850352,hemisphere,0.0,0.0,0.10179423693534759,0.9948054751190055
2025/05/07 10:24:57.915746573,1746606297,915248868,hemisphere,0.0,0.0,0.10164665345257379,0.9948205656508576
2025/05/07 10:24:57.965440284,1746606297,964942862,hemisphere,0.0,0.0,0.10155115706554553,0.9948303184456377
2025/05/07 10:24:58.16416226,1746606298,15381076,hemisphere,0.0,0.0,0.10140356989986499,0.9948453729155919
2025/05/07 10:24:58.66087098,1746606298,65108570,hemisphere,0.0,0.0,0.10126466229341406,0.9948595218273788
2025/05/07 10:24:58.115265007,1746606298,114729906,hemisphere,0.0,0.0,0.10114311651821048,0.9948718862149959
2025/05/07 10:24:58.165679758,1746606298,165231408,hemisphere,0.0,0.0,0.1010215692333191,0.994884235752903
2025/05/07 10:24:58.215395319,1746606298,214903213,hemisphere,0.0,0.0,0.1009087025471476,0.9948956898842468
2025/05/07 10:24:58.265710095,1746606298,265265996,hemisphere,0.0,0.0,0.10077847014172996,0.9949088902788499
2025/05/07 10:24:58.315535508,1746606298,315007093,hemisphere,0.0,0.0,0.10063087132818622,0.9949238301175272
2025/05/07 10:24:58.366012818,1746606298,365431325,hemisphere,0.0,0.0,0.10052668259675353,0.9949343627024305
2025/05/07 10:24:58.415653466,1746606298,415117602,hemisphere,0.0,0.0,0.10039644513234876,0.9949475130904079
2025/05/07 10:24:58.466114627,1746606298,465544309,hemisphere,0.0,0.0,0.10030961920023784,0.9949562705445417
2025/05/07 10:24:58.515782566,1746606298,515250744,hemisphere,0.0,0.0,0.10017937886996295,0.9949693925187992
2025/05/07 10:24:58.566402257,1746606298,565687862,hemisphere,0.0,0.0,0.10003177108732382,0.9949842434798318
2025/05/07 10:24:58.615818557,1746606298,615321128,hemisphere,0.0,0.0,0.09988416110312463,0.9949990725426457
2025/05/07 10:24:58.665472608,1746606298,665084885,hemisphere,0.0,0.0,0.09976259828888777,0.995011268269184
2025/05/07 10:24:58.715399625,1746606298,714812736,hemisphere,0.0,0.0,0.09964103398556906,0.9950234491439318
2025/05/07 10:24:58.765502788,1746606298,765126195,hemisphere,0.0,0.0,0.09949341818939235,0.9950382202392986
2025/05/07 10:24:58.815309931,1746606298,814852823,hemisphere,0.0,0.0,0.09932843323782516,0.9950547031950148
2025/05/07 10:24:58.865698683,1746606298,865287094,hemisphere,0.0,0.0,0.09919818003115263,0.9950676967314872
2025/05/07 10:24:58.915417121,1746606298,915014636,hemisphere,0.0,0.0,0.0990331901962563,0.9950841307344581
2025/05/07 10:24:58.965839335,1746606298,965409661,hemisphere,0.0,0.0,0.09889424927603094,0.9950979486764759
2025/05/07 10:24:59.15594783,1746606299,15082287,hemisphere,0.0,0.0,0.09870320236322075,0.9951169166702198
2025/05/07 10:24:59.65357838,1746606299,64812214,hemisphere,0.0,0.0,0.09858162516042132,0.9951289681145505
2025/05/07 10:24:59.115703469,1746606299,115179502,hemisphere,0.0,0.0,0.09842530945208196,0.9951444410030444
2025/05/07 10:24:59.165318542,1746606299,164920726,hemisphere,0.0,0.0,0.09826030690312734,0.9951607468581662
2025/05/07 10:24:59.215874448,1746606299,215332309,hemisphere,0.0,0.0,0.0980605633616064,0.9951804489202972
2025/05/07 10:24:59.265510710,1746606299,265016558,hemisphere,0.0,0.0,0.09793029370571929,0.9951932764919142
2025/05/07 10:24:59.315181240,1746606299,314775627,hemisphere,0.0,0.0,0.0977565982213525,0.9952103533947931
2025/05/07 10:24:59.365489182,1746606299,365111133,hemisphere,0.0,0.0,0.09757421475796602,0.995228251515383
2025/05/07 10:24:59.415378381,1746606299,414857001,hemisphere,0.0,0.0,0.097417883466655,0.9952435661589967
2025/05/07 10:24:59.465678743,1746606299,465257352,hemisphere,0.0,0.0,0.09725286449597516,0.9952597049752027
2025/05/07 10:24:59.515459946,1746606299,514963134,hemisphere,0.0,0.0,0.09710521367682055,0.995274121775895
2025/05/07 10:24:59.565797191,1746606299,565381451,hemisphere,0.0,0.0,0.09697493176737018,0.9952868242917284
2025/05/07 10:24:59.615479685,1746606299,615050231,hemisphere,0.0,0.0,0.09682727692804244,0.9953011998599721
2025/05/07 10:24:59.665417861,1746606299,664984400,hemisphere,0.0,0.0,0.09666224840945153,0.9953172407491139
2025/05/07 10:24:59.715738946,1746606299,715209514,hemisphere,0.0,0.0,0.09650590315099536,0.9953324121402913
2025/05/07 10:24:59.765794938,1746606299,765231097,hemisphere,0.0,0.0,0.09638429963685644,0.9953441951322732
2025/05/07 10:24:59.815798327,1746606299,815303848,hemisphere,0.0,0.0,0.0962366362928927,0.9953584830778455
2025/05/07 10:24:59.865556043,1746606299,865085818,hemisphere,0.0,0.0,0.0960455394100466,0.9953769408417261
2025/05/07 10:24:59.920535969,1746606299,914731749,hemisphere,0.0,0.0,0.09588918478153018,0.9953920153597444
2025/05/07 10:24:59.965480328,1746606299,965091489,hemisphere,0.0,0.0,0.0957415143487413,0.9954062298530233
2025/05/07 10:25:00.15390312,1746606300,14841802,hemisphere,0.0,0.0,0.0955590950229566,0.995423758686919
2025/05/07 10:25:00.65845869,1746606300,65306113,hemisphere,0.0,0.0,0.09541141988458277,0.9954379242100473
2025/05/07 10:25:00.115460473,1746606300,114974394,hemisphere,0.0,0.0,0.09520293376218018,0.9954578852985565
2025/05/07 10:25:00.165819943,1746606300,165407229,hemisphere,0.0,0.0,0.09503787928648784,0.9954736568592496
2025/05/07 10:25:00.215646998,1746606300,215069021,hemisphere,0.0,0.0,0.09485544761587439,0.9954910567441538
2025/05/07 10:25:00.265172687,1746606300,264780921,hemisphere,0.0,0.0,0.09469907507675619,0.9955059443215831
2025/05/07 10:25:00.315637116,1746606300,315193574,hemisphere,0.0,0.0,0.09452532507077305,0.9955224572656635
2025/05/07 10:25:00.365421845,1746606300,364935329,hemisphere,0.0,0.0,0.09436894760334519,0.9955372929871774
2025/05/07 10:25:00.416630822,1746606300,416062673,hemisphere,0.0,0.0,0.09420387997282341,0.9955529262666379
2025/05/07 10:25:00.466179427,1746606300,465748004,hemisphere,0.0,0.0,0.09403012177448626,0.9955693527821532
2025/05/07 10:25:00.515111922,1746606300,514675578,hemisphere,0.0,0.0,0.09383898444822808,0.9955873869217736
2025/05/07 10:25:00.566231319,1746606300,565829252,hemisphere,0.0,0.0,0.09367390851910222,0.9956029323293272
2025/05/07 10:25:00.616272022,1746606300,615804179,hemisphere,0.0,0.0,0.09350014160113264,0.9956192663466131
2025/05/07 10:25:00.666432374,1746606300,666004428,hemisphere,0.0,0.0,0.09334374893961767,0.9956339410314906
2025/05/07 10:25:00.716128426,1746606300,715419208,hemisphere,0.0,0.0,0.09317866529833561,0.9956494043252478
2025/05/07 10:25:00.765225140,1746606300,764722053,hemisphere,0.0,0.0,0.09301357909541157,0.9956648402468883
2025/05/07 10:25:00.815580176,1746606300,815099920,hemisphere,0.0,0.0,0.09284849033538407,0.9956802487959878
2025/05/07 10:25:00.865334686,1746606300,864816549,hemisphere,0.0,0.0,0.09270946624166271,0.9956932031851911
2025/05/07 10:25:00.915756784,1746606300,915229766,hemisphere,0.0,0.0,0.09252699437618267,0.9957101763624343
2025/05/07 10:25:00.965560180,1746606300,964980934,hemisphere,0.0,0.0,0.09237927678025765,0.9957238920612262
2025/05/07 10:25:01.15848390,1746606301,15347607,hemisphere,0.0,0.0,0.09222286769800202,0.9957383906797793
2025/05/07 10:25:01.66885196,1746606301,65802063,hemisphere,0.0,0.0,0.09207514591974549,0.9957520612601601
2025/05/07 10:25:01.115325483,1746606301,114777427,hemisphere,0.0,0.0,0.09185790433021138,0.9957721252435529
2025/05/07 10:25:01.166288708,1746606301,165407661,hemisphere,0.0,0.0,0.09169279779754362,0.995787342173046
2025/05/07 10:25:01.215536534,1746606301,214842707,hemisphere,0.0,0.0,0.09155375876203141,0.9958001351960863
2025/05/07 10:25:01.266060448,1746606301,265355826,hemisphere,0.0,0.0,0.0913278165236978,0.9958208824527701
2025/05/07 10:25:01.315519095,1746606301,314980958,hemisphere,0.0,0.0,0.09115401160198885,0.9958368069964398
2025/05/07 10:25:01.365716955,1746606301,365355540,hemisphere,0.0,0.0,0.09098020390356992,0.9958527012051858
2025/05/07 10:25:01.415909784,1746606301,415197234,hemisphere,0.0,0.0,0.09076294038386366,0.9958725263068939
2025/05/07 10:25:01.465318155,1746606301,464751880,hemisphere,0.0,0.0,0.09057174491267957,0.9958899331871331
2025/05/07 10:25:01.515558655,1746606301,515144689,hemisphere,0.0,0.0,0.09034578232510547,0.9959104576296328
2025/05/07 10:25:01.565369799,1746606301,564846277,hemisphere,0.0,0.0,0.09010243279890934,0.9959325035381253
2025/05/07 10:25:01.615877920,1746606301,615324641,hemisphere,0.0,0.0,0.08990253452021857,0.9959505681944466
2025/05/07 10:25:01.665522395,1746606301,665014178,hemisphere,0.0,0.0,0.08966786670272334,0.9959717233340426
2025/05/07 10:25:01.716472263,1746606301,715462822,hemisphere,0.0,0.0,0.08943319390717984,0.9959928231807501
2025/05/07 10:25:01.766244035,1746606301,765311273,hemisphere,0.0,0.0,0.08920720800391341,0.9960130892915748
2025/05/07 10:25:01.815602333,1746606301,814829029,hemisphere,0.0,0.0,0.08896383343406097,0.9960348569908167
2025/05/07 10:25:01.865547736,1746606301,865211569,hemisphere,0.0,0.0,0.0887378380057071,0.9960550166060472
2025/05/07 10:25:01.915830216,1746606301,915036070,hemisphere,0.0,0.0,0.08844229863134735,0.9960813018086443
2025/05/07 10:25:01.965850402,1746606301,965324142,hemisphere,0.0,0.0,0.08817282947416001,0.9961051913038707
2025/05/07 10:25:02.17006680,1746606302,15133439,hemisphere,0.0,0.0,0.0879381252724669,0.9961259388870285
2025/05/07 10:25:02.65113344,1746606302,64719697,hemisphere,0.0,0.0,0.08769472316614203,0.9961473964874946
2025/05/07 10:25:02.115787068,1746606302,115207683,hemisphere,0.0,0.0,0.08738176990945899,0.9961748974389439
2025/05/07 10:25:02.165543134,1746606302,164847222,hemisphere,0.0,0.0,0.08712966240158443,0.9961969794823642
2025/05/07 10:25:02.215696810,1746606302,215232409,hemisphere,0.0,0.0,0.08684277465733574,0.996222029715171
2025/05/07 10:25:02.265902496,1746606302,264932750,hemisphere,0.0,0.0,0.08655587971103407,0.9962469973292011
2025/05/07 10:25:02.315890776,1746606302,315317651,hemisphere,0.0,0.0,0.0863472243309786,0.9962651036999819
2025/05/07 10:25:02.365401458,1746606302,364996330,hemisphere,0.0,0.0,0.08606901126731072,0.996289177548099
2025/05/07 10:25:02.416175509,1746606302,415470780,hemisphere,0.0,0.0,0.08581687488029431,0.9963109273644347
2025/05/07 10:25:02.465528678,1746606302,465043490,hemisphere,0.0,0.0,0.08556473299706642,0.9963326133712279
2025/05/07 10:25:02.516131047,1746606302,515502010,hemisphere,0.0,0.0,0.08529519595885594,0.996355724400849
2025/05/07 10:25:02.565879479,1746606302,565229996,hemisphere,0.0,0.0,0.08503434772013702,0.9963780204861059
2025/05/07 10:25:02.615476612,1746606302,614937731,hemisphere,0.0,0.0,0.08477349365325586,0.9964002482806904
2025/05/07 10:25:02.665195598,1746606302,664654907,hemisphere,0.0,0.0,0.0844865474694973,0.9964246199771885
2025/05/07 10:25:02.716164520,1746606302,715073374,hemisphere,0.0,0.0,0.08423437685636946,0.9964459693107395
2025/05/07 10:25:02.765172409,1746606302,764743520,hemisphere,0.0,0.0,0.08395611336787777,0.9964694531334917
2025/05/07 10:25:02.815687084,1746606302,815149545,hemisphere,0.0,0.0,0.08369523540093626,0.9964913986438527
2025/05/07 10:25:02.865365922,1746606302,864855297,hemisphere,0.0,0.0,0.08339956677138269,0.996516187656952
2025/05/07 10:25:02.915924272,1746606302,915326186,hemisphere,0.0,0.0,0.08314737301977965,0.9965372619023884
2025/05/07 10:25:02.965552748,1746606302,964985687,hemisphere,0.0,0.0,0.08286038744635994,0.9965611653040867
2025/05/07 10:25:03.15203420,1746606303,14713781,hemisphere,0.0,0.0,0.08259948550677852,0.9965828239509326
2025/05/07 10:25:03.65655571,1746606303,65207372,hemisphere,0.0,0.0,0.08231248683514965,0.9966065695704667
2025/05/07 10:25:03.115183648,1746606303,114767310,hemisphere,0.0,0.0,0.08206896745653461,0.9966266525538128
2025/05/07 10:25:03.165730262,1746606303,165248413,hemisphere,0.0,0.0,0.08180804839955304,0.9966481040051481
2025/05/07 10:25:03.215374716,1746606303,214941338,hemisphere,0.0,0.0,0.08147754288044784,0.9966751777816907
2025/05/07 10:25:03.265166460,1746606303,264664857,hemisphere,0.0,0.0,0.08120791331920627,0.9966971831074574
2025/05/07 10:25:03.315620227,1746606303,315045083,hemisphere,0.0,0.0,0.08092957979659432,0.9967198217723708
2025/05/07 10:25:03.365406666,1746606303,364881401,hemisphere,0.0,0.0,0.08064254174167002,0.9967430864879089
2025/05/07 10:25:03.415720821,1746606303,415174823,hemisphere,0.0,0.0,0.08034679856920202,0.9967669697375009
2025/05/07 10:25:03.465299538,1746606303,464876290,hemisphere,0.0,0.0,0.08005974696080428,0.9967900666221409
2025/05/07 10:25:03.515792246,1746606303,515279100,hemisphere,0.0,0.0,0.07977268871288429,0.9968130808408953
2025/05/07 10:25:03.565364173,1746606303,564969314,hemisphere,0.0,0.0,0.07952911894986651,0.9968325432283288
2025/05/07 10:25:03.615107822,1746606303,614676098,hemisphere,0.0,0.0,0.07924204849156528,0.9968554046354268
2025/05/07 10:25:03.665524962,1746606303,665094896,hemisphere,0.0,0.0,0.07899846840273463,0.996874737361732
2025/05/07 10:25:03.715244646,1746606303,714814631,hemisphere,0.0,0.0,0.07873748450252731,0.9968953849498022
2025/05/07 10:25:03.765593114,1746606303,765187763,hemisphere,0.0,0.0,0.07850259437775325,0.9969139093602627
2025/05/07 10:25:03.815396386,1746606303,814893486,hemisphere,0.0,0.0,0.07825900001559623,0.9969330614020978
2025/05/07 10:25:03.865011213,1746606303,864609278,hemisphere,0.0,0.0,0.07800670092922864,0.9969528346968767
2025/05/07 10:25:03.915622818,1746606303,915066220,hemisphere,0.0,0.0,0.07778049750038041,0.9969705081939954
2025/05/07 10:25:03.965221345,1746606303,964765353,hemisphere,0.0,0.0,0.0775368893300759,0.9969894837925902
2025/05/07 10:25:04.15658563,1746606304,15176892,hemisphere,0.0,0.0,0.07731937812281092,0.9970063759909973
2025/05/07 10:25:04.65169706,1746606304,64804487,hemisphere,0.0,0.0,0.07711056390144079,0.9970225478567684
2025/05/07 10:25:04.115986142,1746606304,115313929,hemisphere,0.0,0.0,0.0768408405273488,0.9970433717883344
2025/05/07 10:25:04.165382170,1746606304,164974474,hemisphere,0.0,0.0,0.07658851356984323,0.9970627861820749
2025/05/07 10:25:04.215165716,1746606304,214704021,hemisphere,0.0,0.0,0.07636228523029895,0.9970801378998614
2025/05/07 10:25:04.265695449,1746606304,265115631,hemisphere,0.0,0.0,0.07611865031474137,0.9970987669605565
2025/05/07 10:25:04.315169876,1746606304,314756993,hemisphere,0.0,0.0,0.0758750108545187,0.9971173364894559
2025/05/07 10:25:04.365574443,1746606304,365184630,hemisphere,0.0,0.0,0.07566617342531476,0.9971332058452221
2025/05/07 10:25:04.416455120,1746606304,415595574,hemisphere,0.0,0.0,0.07543992913179709,0.9971503482888573
2025/05/07 10:25:04.464951884,1746606304,464597534,hemisphere,0.0,0.0,0.07519627708813989,0.9971687519733476
2025/05/07 10:25:04.515553565,1746606304,515056509,hemisphere,0.0,0.0,0.07497872682632771,0.9971851335251158
2025/05/07 10:25:04.565885491,1746606304,565408346,hemisphere,0.0,0.0,0.07475247076848827,0.99720211999073
2025/05/07 10:25:04.616305108,1746606304,615830919,hemisphere,0.0,0.0,0.07450880609514038,0.9972203556959097
2025/05/07 10:25:04.665963088,1746606304,665521842,hemisphere,0.0,0.0,0.0742825420577398,0.9972372355389866
2025/05/07 10:25:04.716542735,1746606304,715443557,hemisphere,0.0,0.0,0.07407367955186461,0.9972527713662408
2025/05/07 10:25:04.765470303,1746606304,764935644,hemisphere,0.0,0.0,0.0737690825756055,0.997275349367442
2025/05/07 10:25:04.815163879,1746606304,814682842,hemisphere,0.0,0.0,0.07353410306173971,0.9972927031152417
2025/05/07 10:25:04.865588503,1746606304,865085804,hemisphere,0.0,0.0,0.07329911946551611,0.9973100014968165
2025/05/07 10:25:04.915197471,1746606304,914737891,hemisphere,0.0,0.0,0.0729945050454376,0.9973323429194361
2025/05/07 10:25:04.965547140,1746606304,965213512,hemisphere,0.0,0.0,0.07276821563792059,0.9973488791756239
2025/05/07 10:25:05.15398529,1746606305,14898925,hemisphere,0.0,0.0,0.07250710782118548,0.9973678956711044
2025/05/07 10:25:05.66663734,1746606305,65996684,hemisphere,0.0,0.0,0.07222858733954823,0.9973881045866415
2025/05/07 10:25:05.115639060,1746606305,115003643,hemisphere,0.0,0.0,0.07198487729693524,0.9974057235852144
2025/05/07 10:25:05.165090202,1746606305,164714351,hemisphere,0.0,0.0,0.07175857126586145,0.9974220307622458
2025/05/07 10:25:05.215558400,1746606305,215091972,hemisphere,0.0,0.0,0.07149744433268591,0.997440782930944
2025/05/07 10:25:05.265338997,1746606305,264856862,hemisphere,0.0,0.0,0.07125372144015178,0.9974582232760073
2025/05/07 10:25:05.315746709,1746606305,315245040,hemisphere,0.0,0.0,0.07101869890745888,0.9974749843507313
2025/05/07 10:25:05.365413218,1746606305,365033082,hemisphere,0.0,0.0,0.07073144379229188,0.997495394906191
2025/05/07 10:25:05.415045969,1746606305,414630775,hemisphere,0.0,0.0,0.0704702976876277,0.9975138781710344
2025/05/07 10:25:05.465424435,1746606305,465017747,hemisphere,0.0,0.0,0.0702178518617865,0.9975316803389837
2025/05/07 10:25:05.515139274,1746606305,514760310,hemisphere,0.0,0.0,0.0699741067970249,0.9975488080179128
2025/05/07 10:25:05.565617398,1746606305,565216524,hemisphere,0.0,0.0,0.0697042413169988,0.9975677013328076
2025/05/07 10:25:05.615360378,1746606305,614847729,hemisphere,0.0,0.0,0.06946048746598067,0.9975847035119316
2025/05/07 10:25:05.665601565,1746606305,665248651,hemisphere,0.0,0.0,0.06919931802393345,0.9976028540381301
2025/05/07 10:25:05.715417562,1746606305,715006826,hemisphere,0.0,0.0,0.06890332025700062,0.9976233419771017
2025/05/07 10:25:05.765165758,1746606305,764708761,hemisphere,0.0,0.0,0.06864214071852079,0.9976413466359435
2025/05/07 10:25:05.815622481,1746606305,815170742,hemisphere,0.0,0.0,0.06836354402566872,0.9976604762384097
2025/05/07 10:25:05.865190416,1746606305,864816144,hemisphere,0.0,0.0,0.06810235478395996,0.9976783395828936
2025/05/07 10:25:05.915715812,1746606305,915226815,hemisphere,0.0,0.0,0.06782374778177523,0.9976973184472504
2025/05/07 10:25:05.965300753,1746606305,964908976,hemisphere,0.0,0.0,0.06758866900882046,0.9977132713468415
2025/05/07 10:25:06.15121487,1746606306,14662115,hemisphere,0.0,0.0,0.06727522481024403,0.9977344557179185
2025/05/07 10:25:06.65531326,1746606306,65041580,hemisphere,0.0,0.0,0.06698789512791553,0.9977537882194842
2025/05/07 10:25:06.115258894,1746606306,114749914,hemisphere,0.0,0.0,0.06674409588838345,0.997770126664475
2025/05/07 10:25:06.165657085,1746606306,165159062,hemisphere,0.0,0.0,0.0664393412368281,0.9977904659476439
2025/05/07 10:25:06.215543859,1746606306,214871158,hemisphere,0.0,0.0,0.06617811802983484,0.9978078255325668
2025/05/07 10:25:06.265794964,1746606306,265242404,hemisphere,0.0,0.0,0.06592559795137785,0.9978245414574415
2025/05/07 10:25:06.315445064,1746606306,314979843,hemisphere,0.0,0.0,0.0656643658410428,0.9978417665435205
2025/05/07 10:25:06.365063952,1746606306,364631399,hemisphere,0.0,0.0,0.06538571329650156,0.9978600645865671
2025/05/07 10:25:06.415646553,1746606306,415128620,hemisphere,0.0,0.0,0.06508093123833271,0.9978799889711947
2025/05/07 10:25:06.466694031,1746606306,465542822,hemisphere,0.0,0.0,0.06484580950078592,0.9978952956047983
2025/05/07 10:25:06.515692072,1746606306,515215248,hemisphere,0.0,0.0,0.06457585047450376,0.9979128015691023
2025/05/07 10:25:06.565944014,1746606306,565618847,hemisphere,0.0,0.0,0.06433201245268656,0.9979285506356592
2025/05/07 10:25:06.615157315,1746606306,614632966,hemisphere,0.0,0.0,0.06408817058992566,0.997944240120878
2025/05/07 10:25:06.665359479,1746606306,665010122,hemisphere,0.0,0.0,0.0638269072055218,0.9979609841655022
2025/05/07 10:25:06.715178713,1746606306,714718383,hemisphere,0.0,0.0,0.06355693044605787,0.9979782144878089
2025/05/07 10:25:06.767012387,1746606306,765121764,hemisphere,0.0,0.0,0.06333049473785655,0.9979926094096381
2025/05/07 10:25:06.815385712,1746606306,814876385,hemisphere,0.0,0.0,0.0630779279868269,0.9980086046727698
2025/05/07 10:25:06.865690966,1746606306,865281271,hemisphere,0.0,0.0,0.06283406660061236,0.9980239877249594
2025/05/07 10:25:06.915449994,1746606306,914959884,hemisphere,0.0,0.0,0.06260762052539971,0.9980382186330079
2025/05/07 10:25:06.965072566,1746606306,964647601,hemisphere,0.0,0.0,0.0623289132402723,0.9980556630640831
2025/05/07 10:25:07.15578121,1746606307,15077549,hemisphere,0.0,0.0,0.06211116979069838,0.9980692373714517
2025/05/07 10:25:07.65184013,1746606307,64760098,hemisphere,0.0,0.0,0.061884713467274186,0.9980833042582535
2025/05/07 10:25:07.115687984,1746606307,115174292,hemisphere,0.0,0.0,0.061684384063598524,0.9980957052120275
2025/05/07 10:25:07.165228785,1746606307,164889934,hemisphere,0.0,0.0,0.061405660761187995,0.9981128918246082
2025/05/07 10:25:07.215038599,1746606307,214618590,hemisphere,0.0,0.0,0.061240166533317646,0.998123059548757
2025/05/07 10:25:07.265411668,1746606307,265010462,hemisphere,0.0,0.0,0.06103111878694834,0.9981358637678608
2025/05/07 10:25:07.315295956,1746606307,314747526,hemisphere,0.0,0.0,0.06084819981248315,0.9981470315437402
2025/05/07 10:25:07.365691667,1746606307,365175304,hemisphere,0.0,0.0,0.0606478576387999,0.9981592244546077
2025/05/07 10:25:07.415342843,1746606307,414857097,hemisphere,0.0,0.0,0.060464934389701026,0.9981703219938215
2025/05/07 10:25:07.465542249,1746606307,465207216,hemisphere,0.0,0.0,0.06028200910994352,0.9981813860104127
2025/05/07 10:25:07.515485567,1746606307,514951030,hemisphere,0.0,0.0,0.060125214401426805,0.9981908427716528
2025/05/07 10:25:07.564967509,1746606307,564631483,hemisphere,0.0,0.0,0.05999455101091313,0.998198704591926
2025/05/07 10:25:07.615642863,1746606307,615095247,hemisphere,0.0,0.0,0.05983775358554639,0.9982081161991398
2025/05/07 10:25:07.665277303,1746606307,664857953,hemisphere,0.0,0.0,0.05969837685673291,0.9982164613953587
2025/05/07 10:25:07.715676916,1746606307,715191769,hemisphere,0.0,0.0,0.059515443134360566,0.998227384932171
2025/05/07 10:25:07.765310090,1746606307,764874751,hemisphere,0.0,0.0,0.05938477496571341,0.9982351669332591
2025/05/07 10:25:07.815896497,1746606307,815298672,hemisphere,0.0,0.0,0.059254105779524176,0.9982429318298572
2025/05/07 10:25:07.865430952,1746606307,864992126,hemisphere,0.0,0.0,0.05911472419522087,0.9982511955331298
2025/05/07 10:25:07.916194961,1746606307,914859916,hemisphere,0.0,0.0,0.05894920706721826,0.998260983403712
2025/05/07 10:25:07.965625313,1746606307,965168393,hemisphere,0.0,0.0,0.058818534505392636,0.9982686912843847
2025/05/07 10:25:08.15274769,1746606308,14827726,hemisphere,0.0,0.0,0.058687860935727296,0.9982763820599928
2025/05/07 10:25:08.65649693,1746606308,65237891,hemisphere,0.0,0.0,0.05853976300790079,0.9982850775940603
2025/05/07 10:25:08.116073565,1746606308,114902757,hemisphere,0.0,0.0,0.05841779904097172,0.9982922221249692
2025/05/07 10:25:08.165127668,1746606308,164640481,hemisphere,0.0,0.0,0.05824356329037103,0.9983024027494076
2025/05/07 10:25:08.215872205,1746606308,215045845,hemisphere,0.0,0.0,0.05809546150718674,0.9983110323703065
2025/05/07 10:25:08.265221522,1746606308,264790347,hemisphere,0.0,0.0,0.058025766107772846,0.9983150857658147
2025/05/07 10:25:08.315637106,1746606308,315157333,hemisphere,0.0,0.0,0.05791251048069435,0.9983216621559523
2025/05/07 10:25:08.366457517,1746606308,365278666,hemisphere,0.0,0.0,0.05778182998492041,0.9983292343328396
2025/05/07 10:25:08.415113185,1746606308,414578365,hemisphere,0.0,0.0,0.05770342121207623,0.9983337694280514
2025/05/07 10:25:08.466199914,1746606308,465696277,hemisphere,0.0,0.0,0.05758145130255915,0.9983408117801711
2025/05/07 10:25:08.515399486,1746606308,514693816,hemisphere,0.0,0.0,0.05748561719918482,0.9983463346029918
2025/05/07 10:25:08.566145529,1746606308,565833748,hemisphere,0.0,0.0,0.057381070300491485,0.9983523490086904
2025/05/07 10:25:08.616003487,1746606308,615543686,hemisphere,0.0,0.0,0.057328796615102984,0.9983553521059845
2025/05/07 10:25:08.666378308,1746606308,665956964,hemisphere,0.0,0.0,0.05718939935273546,0.9983633469842897
2025/05/07 10:25:08.715475006,1746606308,714968031,hemisphere,0.0,0.0,0.05710227549740441,0.9983683338993773
2025/05/07 10:25:08.765048173,1746606308,764653195,hemisphere,0.0,0.0,0.057032576100009474,0.9983723179572822
2025/05/07 10:25:08.815674483,1746606308,815094044,hemisphere,0.0,0.0,0.056936738974788105,0.9983777880917207
2025/05/07 10:25:08.865104303,1746606308,864751152,hemisphere,0.0,0.0,0.05688446395802141,0.9983807679238461
2025/05/07 10:25:08.915641213,1746606308,915151859,hemisphere,0.0,0.0,0.0568147636930986,0.9983847367756067
2025/05/07 10:25:08.965231678,1746606308,964851948,hemisphere,0.0,0.0,0.05676248831266685,0.9983877102211116
2025/05/07 10:25:09.15841564,1746606309,15292859,hemisphere,0.0,0.0,0.05669278756337752,0.9983916705573489
2025/05/07 10:25:09.65379888,1746606309,64956705,hemisphere,0.0,0.0,0.05664051182006101,0.9983946376161891
2025/05/07 10:25:09.115225591,1746606309,114697288,hemisphere,0.0,0.0,0.05659694858200541,0.9983971080743402
2025/05/07 10:25:09.165524788,1746606309,165063214,hemisphere,0.0,0.0,0.05650982178271937,0.9984020432882164
2025/05/07 10:25:09.215286254,1746606309,214816064,hemisphere,0.0,0.0,0.056466258221654776,0.9984045080439318
2025/05/07 10:25:09.265547776,1746606309,265211420,hemisphere,0.0,0.0,0.056431407295396405,0.9984064784799132
2025/05/07 10:25:09.315417244,1746606309,314929988,hemisphere,0.0,0.0,0.056379130777097185,0.9984094318528942
2025/05/07 10:25:09.365319113,1746606309,364651204,hemisphere,0.0,0.0,0.05640526905557657,0.9984079555085527
2025/05/07 10:25:09.415477819,1746606309,415017385,hemisphere,0.0,0.0,0.05635299245997615,0.9984109075129367
2025/05/07 10:25:09.465176745,1746606309,464721062,hemisphere,0.0,0.0,0.056335566893770055,0.9984118909061318
2025/05/07 10:25:09.515615218,1746606309,515139230,hemisphere,0.0,0.0,0.056335566893770055,0.9984118909061318
2025/05/07 10:25:09.565238044,1746606309,564882193,hemisphere,0.0,0.0,0.05632685410423138,0.9984123824886793
2025/05/07 10:25:09.615697010,1746606309,615249572,hemisphere,0.0,0.0,0.056300715709880794,0.9984138567801206
2025/05/07 10:25:09.677942888,1746606309,664999372,hemisphere,0.0,0.0,0.056300715709880794,0.9984138567801206
2025/05/07 10:25:09.715159550,1746606309,714697820,hemisphere,0.0,0.0,0.05628329009220824,0.9984148392609138
2025/05/07 10:25:09.765555423,1746606309,765097419,hemisphere,0.0,0.0,0.05629200290318795,0.998414348058534
2025/05/07 10:25:09.815248320,1746606309,814798167,hemisphere,0.0,0.0,0.056318141310403164,0.9984128739951932
2025/05/07 10:25:09.865778659,1746606309,865193260,hemisphere,0.0,0.0,0.05629200290318795,0.998414348058534
2025/05/07 10:25:09.915375985,1746606309,914895677,hemisphere,0.0,0.0,0.056344279679018526,0.998411399247551
2025/05/07 10:25:09.964997019,1746606309,964628771,hemisphere,0.0,0.0,0.056318141310403164,0.9984128739951932
2025/05/07 10:25:10.15686655,1746606310,15140107,hemisphere,0.0,0.0,0.056370418009016134,0.9984099238156083
2025/05/07 10:25:10.65123428,1746606310,64718770,hemisphere,0.0,0.0,0.056379130777097185,0.9984094318528942
2025/05/07 10:25:10.115625184,1746606310,115158258,hemisphere,0.0,0.0,0.05644012003340891,0.9984059859849672
2025/05/07 10:25:10.165291611,1746606310,164832604,hemisphere,0.0,0.0,0.05647497094247064,0.9984040152448542
2025/05/07 10:25:10.216198169,1746606310,215299149,hemisphere,0.0,0.0,0.056518534482024534,0.998401550108975
2025/05/07 10:25:10.265582479,1746606310,265037111,hemisphere,0.0,0.0,0.056579523256607804,0.998398095725375
2025/05/07 10:25:10.315103960,1746606310,314668408,hemisphere,0.0,0.0,0.05664922445473452,0.9983941432964625
2025/05/07 10:25:10.365446283,1746606310,365013614,hemisphere,0.0,0.0,0.05674506315126752,0.9983887007613611
2025/05/07 10:25:10.415183019,1746606310,414795507,hemisphere,0.0,0.0,0.05683218878530271,0.9983837450188539
2025/05/07 10:25:10.466297128,1746606310,465873691,hemisphere,0.0,0.0,0.05695416394569624,0.9983767942060987
2025/05/07 10:25:10.515369145,1746606310,514851800,hemisphere,0.0,0.0,0.05705871340662542,0.9983708245057948
2025/05/07 10:25:10.565823241,1746606310,565346754,hemisphere,0.0,0.0,0.05718939935273546,0.9983633469842897
2025/05/07 10:25:10.615514468,1746606310,615016793,hemisphere,0.0,0.0,0.05730265971346096,0.998356852628239
2025/05/07 10:25:10.665140876,1746606310,664678321,hemisphere,0.0,0.0,0.057407207084202154,0.998350846433653
2025/05/07 10:25:10.716108547,1746606310,715117944,hemisphere,0.0,0.0,0.05752917822098384,0.9983438253694057
2025/05/07 10:25:10.765255443,1746606310,764795497,hemisphere,0.0,0.0,0.05764243636486589,0.9983372924667907
2025/05/07 10:25:10.815814988,1746606310,815291824,hemisphere,0.0,0.0,0.05781667821402667,0.998327216758261
2025/05/07 10:25:10.865347944,1746606310,864943513,hemisphere,0.0,0.0,0.057956070425548414,0.9983191342956564
2025/05/07 10:25:10.915160513,1746606310,914713745,hemisphere,0.0,0.0,0.05807803768386533,0.9983120461753386
2025/05/07 10:25:10.965485976,1746606310,965067749,hemisphere,0.0,0.0,0.05824356329037103,0.9983024027494076
2025/05/07 10:25:11.15169738,1746606311,14749876,hemisphere,0.0,0.0,0.058382952033042376,0.9982942606826444
2025/05/07 10:25:11.66406806,1746606311,65894464,hemisphere,0.0,0.0,0.05853976300790079,0.9982850775940603
2025/05/07 10:25:11.115262688,1746606311,114857658,hemisphere,0.0,0.0,0.058653014480556,0.9982784300446162
2025/05/07 10:25:11.165835474,1746606311,165341638,hemisphere,0.0,0.0,0.05880982296541186,0.9982692045349175
2025/05/07 10:25:11.215532096,1746606311,215047419,hemisphere,0.0,0.0,0.05897534145844559,0.9982594397749814
2025/05/07 10:25:11.265056482,1746606311,264716420,hemisphere,0.0,0.0,0.05913214695634033,0.9982501636345139
2025/05/07 10:25:11.315587655,1746606311,315128031,hemisphere,0.0,0.0,0.059271528396393575,0.9982418974985751
2025/05/07 10:25:11.365223538,1746606311,364822484,hemisphere,0.0,0.0,0.05945446478242843,0.9982310186612291
2025/05/07 10:25:11.415883601,1746606311,415266122,hemisphere,0.0,0.0,0.05955899896406884,0.9982247871308336
2025/05/07 10:25:11.465218530,1746606311,464917381,hemisphere,0.0,0.0,0.05972451008212005,0.9982148981534241
2025/05/07 10:25:11.515132448,1746606311,514678822,hemisphere,0.0,0.0,0.059907441512660024,0.9982039363033023
2025/05/07 10:25:11.565658686,1746606311,565057482,hemisphere,0.0,0.0,0.05999455101091313,0.998198704591926
2025/05/07 10:25:11.615344759,1746606311,614785595,hemisphere,0.0,0.0,0.060168768636102085,0.9981882183640595
2025/05/07 10:25:11.665647545,1746606311,665169187,hemisphere,0.0,0.0,0.060334273682440376,0.9981782282835128
2025/05/07 10:25:11.727970481,1746606311,714865972,hemisphere,0.0,0.0,0.06047364506670582,0.9981697942997204
2025/05/07 10:25:11.765706788,1746606311,765299206,hemisphere,0.0,0.0,0.060630436464637706,0.9981602828073795
2025/05/07 10:25:11.815513886,1746606311,814972345,hemisphere,0.0,0.0,0.06080464737427515,0.9981496855971503
2025/05/07 10:25:11.865074793,1746606311,864677769,hemisphere,0.0,0.0,0.06097885643169713,0.9981390579815432
2025/05/07 10:25:11.915640476,1746606311,915132109,hemisphere,0.0,0.0,0.0611269326702376,0.9981300006022904
2025/05/07 10:25:11.965124047,1746606311,964775756,hemisphere,0.0,0.0,0.061309848518939294,0.9981187817462333
2025/05/07 10:25:12.15685343,1746606312,15231787,hemisphere,0.0,0.0,0.061510182561916385,0.9981064559660957
2025/05/07 10:25:12.65417422,1746606312,64907030,hemisphere,0.0,0.0,0.06170180411050853,0.9980946284644099
2025/05/07 10:25:12.115041074,1746606312,114595356,hemisphere,0.0,0.0,0.0619282630080217,0.9980806030781328
2025/05/07 10:25:12.165369005,1746606312,165009866,hemisphere,0.0,0.0,0.062128589375592416,0.998068153175022
2025/05/07 10:25:12.215178442,1746606312,214756288,hemisphere,0.0,0.0,0.06238117122712522,0.9980523981617058
2025/05/07 10:25:12.265536656,1746606312,265145718,hemisphere,0.0,0.0,0.06258149192448356,0.9980398573546578
2025/05/07 10:25:12.315380628,1746606312,314872621,hemisphere,0.0,0.0,0.062851485395641,0.9980228909116071
2025/05/07 10:25:12.365972191,1746606312,365392156,hemisphere,0.0,0.0,0.06309534651333346,0.9980075036032356
2025/05/07 10:25:12.415434517,1746606312,414980596,hemisphere,0.0,0.0,0.06334791298515467,0.9979915039319851
2025/05/07 10:25:12.465908595,1746606312,465415611,hemisphere,0.0,0.0,0.06359176641874167,0.9979759953244087
2025/05/07 10:25:12.515633815,1746606312,515105951,hemisphere,0.0,0.0,0.06387916023294576,0.997957640828474
2025/05/07 10:25:12.565917755,1746606312,565492130,hemisphere,0.0,0.0,0.064131714060758,0.9979414427969355
2025/05/07 10:25:12.616584371,1746606312,615984457,hemisphere,0.0,0.0,0.06442780642013544,0.9979223706079995
2025/05/07 10:25:12.665373725,1746606312,664931080,hemisphere,0.0,0.0,0.06472389310764745,0.9979032105675328
2025/05/07 10:25:12.715076212,1746606312,714630843,hemisphere,0.0,0.0,0.0650199740972282,0.9978839626772222
2025/05/07 10:25:12.765489370,1746606312,765019423,hemisphere,0.0,0.0,0.0653247573719398,0.9978640569107082
2025/05/07 10:25:12.815198043,1746606312,814771252,hemisphere,0.0,0.0,0.06564695020680231,0.9978429124509256
2025/05/07 10:25:12.865609785,1746606312,865159592,hemisphere,0.0,0.0,0.0659343056106703,0.9978239661100744
2025/05/07 10:25:12.916130977,1746606312,915089349,hemisphere,0.0,0.0,0.066256485469004,0.9978026248378462
2025/05/07 10:25:12.965764178,1746606312,965285575,hemisphere,0.0,0.0,0.06658736570061066,0.9977805984930019
2025/05/07 10:25:13.15436746,1746606313,14984916,hemisphere,0.0,0.0,0.06690082442931167,0.9977596302169569
2025/05/07 10:25:13.65189103,1746606313,64699524,hemisphere,0.0,0.0,0.06720556964110348,0.9977391499832082
2025/05/07 10:25:13.115584753,1746606313,115111623,hemisphere,0.0,0.0,0.06748418834896,0.9977203437451209
2025/05/07 10:25:13.165312117,1746606313,164836517,hemisphere,0.0,0.0,0.06778892153417129,0.9976996853348377
2025/05/07 10:25:13.216189364,1746606313,215431658,hemisphere,0.0,0.0,0.06808494200168672,0.9976795280412578
2025/05/07 10:25:13.265258295,1746606313,264931572,hemisphere,0.0,0.0,0.0683722502531292,0.9976598796159558
2025/05/07 10:25:13.315183688,1746606313,314640773,hemisphere,0.0,0.0,0.06866825888437376,0.9976395492470157
2025/05/07 10:25:13.365401853,1746606313,365010315,hemisphere,0.0,0.0,0.06893814383903975,0.9976209361897073
2025/05/07 10:25:13.415353176,1746606313,414738888,hemisphere,0.0,0.0,0.0692254351818616,0.9976010420623477
2025/05/07 10:25:13.465594056,1746606313,465150577,hemisphere,0.0,0.0,0.06952142631809802,0.9975804585509368
2025/05/07 10:25:13.515373559,1746606313,514869971,hemisphere,0.0,0.0,0.06978258988598202,0.9975622236977526
2025/05/07 10:25:13.565666457,1746606313,565213543,hemisphere,0.0,0.0,0.07008727466896593,0.9975408632880545
2025/05/07 10:25:13.615427254,1746606313,614952950,hemisphere,0.0,0.0,0.0703571328745863,0.9975218663536494
2025/05/07 10:25:13.665507641,1746606313,664956927,hemisphere,0.0,0.0,0.07060087134482322,0.997504645084599
2025/05/07 10:25:13.715628456,1746606313,715080986,hemisphere,0.0,0.0,0.07090553850325243,0.9974830347477414
2025/05/07 10:25:13.765301715,1746606313,764817968,hemisphere,0.0,0.0,0.07118408554597833,0.9974631952934319
2025/05/07 10:25:13.815797241,1746606313,815229202,hemisphere,0.0,0.0,0.07146262703762263,0.9974432780548885
2025/05/07 10:25:13.865284394,1746606313,864897067,hemisphere,0.0,0.0,0.07174986711389483,0.9974226569359342
2025/05/07 10:25:13.915788047,1746606313,915333750,hemisphere,0.0,0.0,0.07198487729693524,0.9974057235852144
2025/05/07 10:25:13.965408115,1746606313,965020298,hemisphere,0.0,0.0,0.07224599503489157,0.9973868438080675
2025/05/07 10:25:14.15961334,1746606314,14723604,hemisphere,0.0,0.0,0.07254192248427085,0.9973653640879485
2025/05/07 10:25:14.65536876,1746606314,65137613,hemisphere,0.0,0.0,0.0728291400781775,0.9973444321574534
2025/05/07 10:25:14.115344318,1746606314,114882505,hemisphere,0.0,0.0,0.07312505491809852,0.9973227794165864
2025/05/07 10:25:14.165787251,1746606314,165282594,hemisphere,0.0,0.0,0.07341226022432017,0.9973016795577739
2025/05/07 10:25:14.215708131,1746606314,215195028,hemisphere,0.0,0.0,0.07374297394273506,0.9972772802957466
2025/05/07 10:25:14.265085338,1746606314,264621337,hemisphere,0.0,0.0,0.07407367955186461,0.9972527713662408
2025/05/07 10:25:14.315630989,1746606314,315066510,hemisphere,0.0,0.0,0.07440437701534221,0.9972281527719516
2025/05/07 10:25:14.365190404,1746606314,364757213,hemisphere,0.0,0.0,0.07473506629680199,0.9972034245155863
2025/05/07 10:25:14.416549932,1746606314,415917099,hemisphere,0.0,0.0,0.0750657473598792,0.9971785865998642
2025/05/07 10:25:14.465911035,1746606314,465578777,hemisphere,0.0,0.0,0.07539642016820977,0.9971536390275165
2025/05/07 10:25:14.515094627,1746606314,514622694,hemisphere,0.0,0.0,0.0757531894247037,0.9971265989291355
2025/05/07 10:25:14.566213499,1746606314,565734406,hemisphere,0.0,0.0,0.07608384495547221,0.997101423395229
2025/05/07 10:25:14.615121063,1746606314,614724782,hemisphere,0.0,0.0,0.07644059548560461,0.9970741373447645
2025/05/07 10:25:14.665518309,1746606314,665124899,hemisphere,0.0,0.0,0.07680603710129598,0.9970460534322346
2025/05/07 10:25:14.715266982,1746606314,714810553,hemisphere,0.0,0.0,0.07717146839914996,0.9970178355802463
2025/05/07 10:25:14.765631875,1746606314,765230211,hemisphere,0.0,0.0,0.0775368893300759,0.9969894837925902
2025/05/07 10:25:14.815389999,1746606314,814972866,hemisphere,0.0,0.0,0.07788489958118988,0.9969623575728565
2025/05/07 10:25:14.865190370,1746606314,864673966,hemisphere,0.0,0.0,0.07826769989478796,0.9969323784255276
2025/05/07 10:25:14.915657903,1746606314,915102059,hemisphere,0.0,0.0,0.07860699052758739,0.9969056831216261
2025/05/07 10:25:14.965450239,1746606314,964985505,hemisphere,0.0,0.0,0.07894627205527834,0.9968788723453688
2025/05/07 10:25:15.15657505,1746606315,15132861,hemisphere,0.0,0.0,0.07932034108747975,0.9968491779049456
2025/05/07 10:25:15.66217237,1746606315,65627021,hemisphere,0.0,0.0,0.07965090442582022,0.9968228194740272
2025/05/07 10:25:15.115817066,1746606315,115366451,hemisphere,0.0,0.0,0.07999015769130516,0.9967956534177504
2025/05/07 10:25:15.165540562,1746606315,165011739,hemisphere,0.0,0.0,0.08030330632898872,0.9967704745790942
2025/05/07 10:25:15.215151060,1746606315,214719019,hemisphere,0.0,0.0,0.08064254174167002,0.9967430864879089
2025/05/07 10:25:15.265696986,1746606315,265171196,hemisphere,0.0,0.0,0.08095567383277195,0.9967177026993561
2025/05/07 10:25:15.315359828,1746606315,314828314,hemisphere,0.0,0.0,0.08128619348236775,0.9966908019788019
2025/05/07 10:25:15.365643046,1746606315,365223228,hemisphere,0.0,0.0,0.08159930911604402,0.9966652159836744
2025/05/07 10:25:15.416197680,1746606315,414960977,hemisphere,0.0,0.0,0.08196460050773073,0.996635241331355
2025/05/07 10:25:15.465107336,1746606315,464636762,hemisphere,0.0,0.0,0.08226900159184275,0.9966101601815434
2025/05/07 10:25:15.515954150,1746606315,515305997,hemisphere,0.0,0.0,0.08259078867786009,0.9965835447294769
2025/05/07 10:25:15.566472978,1746606315,564844862,hemisphere,0.0,0.0,0.08292996033850594,0.9965553781292106
2025/05/07 10:25:15.615700343,1746606315,615192838,hemisphere,0.0,0.0,0.08327781872959578,0.9965263693990444
2025/05/07 10:25:15.666104288,1746606315,665220729,hemisphere,0.0,0.0,0.083573490385492,0.9965016165088676
2025/05/07 10:25:15.715815851,1746606315,715235039,hemisphere,0.0,0.0,0.0839213299710304,0.9964723831476181
2025/05/07 10:25:15.766473992,1746606315,765291494,hemisphere,0.0,0.0,0.08422568122167083,0.9964467043564074
2025/05/07 10:25:15.815324475,1746606315,814723899,hemisphere,0.0,0.0,0.0845648062154885,0.9964179813460499
2025/05/07 10:25:15.865455163,1746606315,865060307,hemisphere,0.0,0.0,0.08489522627527898,0.9963898838083761
2025/05/07 10:25:15.915358317,1746606315,914833850,hemisphere,0.0,0.0,0.08522563699940569,0.9963616767008081
2025/05/07 10:25:15.965548855,1746606315,965190094,hemisphere,0.0,0.0,0.08553864904092436,0.9963348531092615
2025/05/07 10:25:16.15443498,1746606316,14950121,hemisphere,0.0,0.0,0.08586034706372918,0.9963071819484671
2025/05/07 10:25:16.65850068,1746606316,65356728,hemisphere,0.0,0.0,0.08622550694288511,0.9962756455682547
2025/05/07 10:25:16.115694370,1746606316,115074922,hemisphere,0.0,0.0,0.0865645736028714,0.9962462419487228
2025/05/07 10:25:16.166314060,1746606316,165478002,hemisphere,0.0,0.0,0.08690363023601623,0.9962167229332188
2025/05/07 10:25:16.215770219,1746606316,215284279,hemisphere,0.0,0.0,0.08723398342739427,0.9961878498232094
2025/05/07 10:25:16.266243234,1746606316,265180073,hemisphere,0.0,0.0,0.08756432702592266,0.9961588671655226
2025/05/07 10:25:16.315838272,1746606316,315408734,hemisphere,0.0,0.0,0.0879381252724669,0.9961259388870285
2025/05/07 10:25:16.365994422,1746606316,365243298,hemisphere,0.0,0.0,0.08826844830183561,0.9960967227304717
2025/05/07 10:25:16.415329640,1746606316,414834661,hemisphere,0.0,0.0,0.08860745394904912,0.9960666238282795
2025/05/07 10:25:16.465741397,1746606316,465158854,hemisphere,0.0,0.0,0.08891168104897774,0.9960395137608974
2025/05/07 10:25:16.516091072,1746606316,515632294,hemisphere,0.0,0.0,0.08925066718848339,0.9960091959447014
2025/05/07 10:25:16.566555035,1746606316,566060374,hemisphere,0.0,0.0,0.0895896429900153,0.9959787627599906
2025/05/07 10:25:16.616177013,1746606316,615723084,hemisphere,0.0,0.0,0.08997206476748346,0.9959442893864475
2025/05/07 10:25:16.665116985,1746606316,664744727,hemisphere,0.0,0.0,0.09030232744776474,0.9959143987600122
2025/05/07 10:25:16.715738258,1746606316,715146856,hemisphere,0.0,0.0,0.09064127092519154,0.9958836076595828
2025/05/07 10:25:16.765263278,1746606316,764808261,hemisphere,0.0,0.0,0.09098020390356992,0.9958527012051858
2025/05/07 10:25:16.817077256,1746606316,815738350,hemisphere,0.0,0.0,0.09138864758931843,0.9958153016959498
2025/05/07 10:25:16.865285880,1746606316,864908868,hemisphere,0.0,0.0,0.09171017755134771,0.995785741680157
2025/05/07 10:25:16.915867215,1746606316,915353132,hemisphere,0.0,0.0,0.09204907716019102,0.9957544714406042
2025/05/07 10:25:16.965929035,1746606316,965136619,hemisphere,0.0,0.0,0.09239665542654381,0.9957222795870285
2025/05/07 10:25:17.15307725,1746606317,14781487,hemisphere,0.0,0.0,0.09274422243464445,0.9956899664077133
2025/05/07 10:25:17.66453207,1746606317,65166910,hemisphere,0.0,0.0,0.09306571185701269,0.9956599687024419
2025/05/07 10:25:17.115427171,1746606317,114917086,hemisphere,0.0,0.0,0.09342194555851192,0.9956266067598146
2025/05/07 10:25:17.165689829,1746606317,165309664,hemisphere,0.0,0.0,0.09376947910803214,0.9955939356925635
2025/05/07 10:25:17.215469687,1746606317,215015222,hemisphere,0.0,0.0,0.09416044069205869,0.9955570357386248
2025/05/07 10:25:17.265874485,1746606317,265422850,hemisphere,0.0,0.0,0.09453401263950209,0.9955216323386823
2025/05/07 10:25:17.315663201,1746606317,315095788,hemisphere,0.0,0.0,0.09488150947828648,0.9954885730931932
2025/05/07 10:25:17.365408153,1746606317,364894678,hemisphere,0.0,0.0,0.09523768173949897,0.9954545614827861
2025/05/07 10:25:17.415701302,1746606317,415205572,hemisphere,0.0,0.0,0.09560252848708145,0.9954195881872512
2025/05/07 10:25:17.465484006,1746606317,464948628,hemisphere,0.0,0.0,0.09595867601986197,0.9953853186060739
2025/05/07 10:25:17.515848486,1746606317,515336576,hemisphere,0.0,0.0,0.09630612518938289,0.9953517620675653
2025/05/07 10:25:17.565399011,1746606317,565002654,hemisphere,0.0,0.0,0.09669699147646035,0.9953138659937384
2025/05/07 10:25:17.615231505,1746606317,614757309,hemisphere,0.0,0.0,0.09703573019869795,0.9952808985732648
2025/05/07 10:25:17.666767067,1746606317,665381712,hemisphere,0.0,0.0,0.09737445768121192,0.9952478158686358
2025/05/07 10:25:17.715401065,1746606317,714902760,hemisphere,0.0,0.0,0.09771317388476722,0.995214617883683
2025/05/07 10:25:17.766846039,1746606317,765382762,hemisphere,0.0,0.0,0.09807793252215516,0.9951787372890257
2025/05/07 10:25:17.815585748,1746606317,814967305,hemisphere,0.0,0.0,0.09841662517482008,0.9951452998880108
2025/05/07 10:25:17.865972127,1746606317,865417709,hemisphere,0.0,0.0,0.09875530642781127,0.9951117472185469
2025/05/07 10:25:17.915740425,1746606317,915185733,hemisphere,0.0,0.0,0.09912002729113396,0.9950754846692812
2025/05/07 10:25:17.965512765,1746606317,964885843,hemisphere,0.0,0.0,0.09946736811560991,0.9950408246299012
2025/05/07 10:25:18.15749754,1746606318,15268476,hemisphere,0.0,0.0,0.09977996449641792,0.9950095269318247
2025/05/07 10:25:18.65477275,1746606318,64942571,hemisphere,0.0,0.0,0.10010991665846421,0.994976383934129
2025/05/07 10:25:18.115864903,1746606318,115364363,hemisphere,0.0,0.0,0.1004224927629224,0.9949448843766577
2025/05/07 10:25:18.165599386,1746606318,165079893,hemisphere,0.0,0.0,0.1007437412085538,0.9949124075049541
2025/05/07 10:25:18.215296009,1746606318,214748618,hemisphere,0.0,0.0,0.10106497915111513,0.9948798269083482
2025/05/07 10:25:18.265627564,1746606318,265180712,hemisphere,0.0,0.0,0.10138620655711561,0.9948471425902363
2025/05/07 10:25:18.315368824,1746606318,314903092,hemisphere,0.0,0.0,0.1016726977592428,0.9948179042067737
2025/05/07 10:25:18.365789576,1746606318,365307307,hemisphere,0.0,0.0,0.10196786169362815,0.9947876935214012
2025/05/07 10:25:18.416299598,1746606318,415758556,hemisphere,0.0,0.0,0.10226301665133056,0.9947573952604574
2025/05/07 10:25:18.466146861,1746606318,464692849,hemisphere,0.0,0.0,0.10255816260636617,0.9947270094266096
2025/05/07 10:25:18.516215051,1746606318,515817148,hemisphere,0.0,0.0,0.10285329953275203,0.9946965360225328
2025/05/07 10:25:18.565888205,1746606318,565487153,hemisphere,0.0,0.0,0.10313106719257421,0.99466777517909
2025/05/07 10:25:18.615777884,1746606318,615262499,hemisphere,0.0,0.0,0.10340014694392843,0.9946398391437847
2025/05/07 10:25:18.666010717,1746606318,665629796,hemisphere,0.0,0.0,0.10364318021566035,0.9946145440293864
2025/05/07 10:25:18.716083597,1746606318,715390670,hemisphere,0.0,0.0,0.1039209249482007,0.9945855626128455
2025/05/07 10:25:18.765841728,1746606318,765084967,hemisphere,0.0,0.0,0.1041813032753183,0.9945583220947156
2025/05/07 10:25:18.815136480,1746606318,814719760,hemisphere,0.0,0.0,0.10447639007971986,0.99452736710254
2025/05/07 10:25:18.865637402,1746606318,865154320,hemisphere,0.0,0.0,0.10471071716773987,0.9945027228269502
2025/05/07 10:25:18.916061435,1746606318,914861033,hemisphere,0.0,0.0,0.10495371689651167,0.9944771074839315
2025/05/07 10:25:18.966808796,1746606318,965699800,hemisphere,0.0,0.0,0.1051880321291384,0.9944523507422562
2025/05/07 10:25:19.15524426,1746606319,14971789,hemisphere,0.0,0.0,0.1054049854713109,0.9944293786075474
2025/05/07 10:25:19.65965359,1746606319,65401461,hemisphere,0.0,0.0,0.10563061162509094,0.994405437378391
2025/05/07 10:25:19.115679440,1746606319,115079420,hemisphere,0.0,0.0,0.10586490995205762,0.9943805211491438
2025/05/07 10:25:19.166168451,1746606319,164785945,hemisphere,0.0,0.0,0.1060384604798792,0.9943620290915463
2025/05/07 10:25:19.215766848,1746606319,215205556,hemisphere,0.0,0.0,0.1062380395933161,0.9943407257793322
2025/05/07 10:25:19.265491681,1746606319,264881626,hemisphere,0.0,0.0,0.10642026026363421,0.9943212399448281
2025/05/07 10:25:19.315799346,1746606319,315287244,hemisphere,0.0,0.0,0.10663718497254329,0.9942979989827655
2025/05/07 10:25:19.365379120,1746606319,364998247,hemisphere,0.0,0.0,0.10681939780606453,0.9942784400017682
2025/05/07 10:25:19.415348474,1746606319,414809947,hemisphere,0.0,0.0,0.10701896012636564,0.9942569799470715
2025/05/07 10:25:19.465597865,1746606319,465108014,hemisphere,0.0,0.0,0.10722719447258697,0.9942345441421446
2025/05/07 10:25:19.515432908,1746606319,514854703,hemisphere,0.0,0.0,0.10737469095591018,0.9942186257268181
2025/05/07 10:25:19.565679675,1746606319,565234713,hemisphere,0.0,0.0,0.10760894521800625,0.9941932985637492
2025/05/07 10:25:19.615890197,1746606319,614977925,hemisphere,0.0,0.0,0.10777378722945474,0.9941754426590008
2025/05/07 10:25:19.666006576,1746606319,665392472,hemisphere,0.0,0.0,0.10793862627801623,0.9941575594226575
2025/05/07 10:25:19.715629961,1746606319,715110178,hemisphere,0.0,0.0,0.10812081335279015,0.9941377619424439
2025/05/07 10:25:19.765417775,1746606319,765023275,hemisphere,0.0,0.0,0.10827697081273965,0.9941207661001842
2025/05/07 10:25:19.815608708,1746606319,815173085,hemisphere,0.0,0.0,0.10846782630193244,0.9940999600932161
2025/05/07 10:25:19.865210694,1746606319,864879331,hemisphere,0.0,0.0,0.10863265282547047,0.9940819617818748
2025/05/07 10:25:19.915827783,1746606319,915313011,hemisphere,0.0,0.0,0.10875410203730354,0.9940686823806794
2025/05/07 10:25:19.965683679,1746606319,965121444,hemisphere,0.0,0.0,0.10895362221758162,0.9940468340101831
2025/05/07 10:25:20.17060292,1746606320,15815308,hemisphere,0.0,0.0,0.1091097653843306,0.9940297073517352
2025/05/07 10:25:20.65506840,1746606320,65134064,hemisphere,0.0,0.0,0.10923120820851995,0.9940163696606344
2025/05/07 10:25:20.115336753,1746606320,114822846,hemisphere,0.0,0.0,0.10938734658651553,0.993999199399457
2025/05/07 10:25:20.165674768,1746606320,165238647,hemisphere,0.0,0.0,0.10956083050748726,0.9939800925665009
2025/05/07 10:25:20.215472607,1746606320,214949290,hemisphere,0.0,0.0,0.10974298503252126,0.993959997804817
2025/05/07 10:25:20.266203593,1746606320,265749938,hemisphere,0.0,0.0,0.10993380962939958,0.9939389103462883
2025/05/07 10:25:20.315501573,1746606320,315060830,hemisphere,0.0,0.0,0.11006391498630419,0.9939245115288624
2025/05/07 10:25:20.365663433,1746606320,365202868,hemisphere,0.0,0.0,0.11025473276439213,0.9939033624568601
2025/05/07 10:25:20.415888897,1746606320,415208060,hemisphere,0.0,0.0,0.11042819994545099,0.9938841042379175
2025/05/07 10:25:20.465916045,1746606320,465256356,hemisphere,0.0,0.0,0.11058431753247534,0.9938667459553503
2025/05/07 10:25:20.515786752,1746606320,515291329,hemisphere,0.0,0.0,0.11073175941489653,0.9938503295048412
2025/05/07 10:25:20.565496447,1746606320,564974251,hemisphere,0.0,0.0,0.11088787169285323,0.993832923539681
2025/05/07 10:25:20.616022902,1746606320,615507272,hemisphere,0.0,0.0,0.1110266358653382,0.9938174309843965
2025/05/07 10:25:20.665694756,1746606320,665167399,hemisphere,0.0,0.0,0.11120876055646665,0.9937970676025838
2025/05/07 10:25:20.715269297,1746606320,714794484,hemisphere,0.0,0.0,0.11137353682085165,0.9937786148312986
2025/05/07 10:25:20.765590395,1746606320,765198078,hemisphere,0.0,0.0,0.11154698221230223,0.9937591613461123
2025/05/07 10:25:20.815380444,1746606320,814943012,hemisphere,0.0,0.0,0.11168573607921722,0.9937435767623575
2025/05/07 10:25:20.865687552,1746606320,865328574,hemisphere,0.0,0.0,0.11180714392673573,0.9937299243592025
2025/05/07 10:25:20.915544884,1746606320,915052906,hemisphere,0.0,0.0,0.1119372219113891,0.9937152803246816
2025/05/07 10:25:20.965214557,1746606320,964783107,hemisphere,0.0,0.0,0.11208464130854398,0.9936986631684351
2025/05/07 10:25:21.15548580,1746606321,15121183,hemisphere,0.0,0.0,0.11223205823887186,0.9936820241422638
2025/05/07 10:25:21.66351370,1746606321,65367398,hemisphere,0.0,0.0,0.11233611576153556,0.9936702657801586
2025/05/07 10:25:21.115794235,1746606321,115305858,hemisphere,0.0,0.0,0.11241415809515914,0.9936614398575385
2025/05/07 10:25:21.165537385,1746606321,165023791,hemisphere,0.0,0.0,0.11253555590232536,0.9936476984614591
2025/05/07 10:25:21.215882037,1746606321,215394405,hemisphere,0.0,0.0,0.11258758301986933,0.9936418047514628
2025/05/07 10:25:21.265470745,1746606321,265101087,hemisphere,0.0,0.0,0.1126742941964494,0.9936319758478649
2025/05/07 10:25:21.316732551,1746606321,315277497,hemisphere,0.0,0.0,0.11276100451496565,0.9936221393773269
2025/05/07 10:25:21.365572698,1746606321,365196449,hemisphere,0.0,0.0,0.11283037215152897,0.9936142647527498
2025/05/07 10:25:21.416229293,1746606321,415689310,hemisphere,0.0,0.0,0.11290841008531771,0.9936054000114964
2025/05/07 10:25:21.466469666,1746606321,466068994,hemisphere,0.0,0.0,0.11296043498760892,0.9935994867789588
2025/05/07 10:25:21.516285532,1746606321,515794891,hemisphere,0.0,0.0,0.11301245958021267,0.9935935708224116
2025/05/07 10:25:21.565783737,1746606321,564809882,hemisphere,0.0,0.0,0.11302980104223652,0.9935915982315634
2025/05/07 10:25:21.615663891,1746606321,615109685,hemisphere,0.0,0.0,0.11309049588814235,0.9935846917801089
2025/05/07 10:25:21.667137828,1746606321,666374916,hemisphere,0.0,0.0,0.11311650783578735,0.9935817307373542
2025/05/07 10:25:21.715759495,1746606321,715280732,hemisphere,0.0,0.0,0.11311650783578735,0.9935817307373542
2025/05/07 10:25:21.766646755,1746606321,765029415,hemisphere,0.0,0.0,0.1131078371951858,0.9935827178272715
2025/05/07 10:25:21.815882632,1746606321,815389663,hemisphere,0.0,0.0,0.1131251784677746,0.9935807435717714
2025/05/07 10:25:21.866621259,1746606321,865135809,hemisphere,0.0,0.0,0.11311650783578735,0.9935817307373542
2025/05/07 10:25:21.915497192,1746606321,914889047,hemisphere,0.0,0.0,0.11308182522170182,0.993585678643029
2025/05/07 10:25:21.965670826,1746606321,965209751,hemisphere,0.0,0.0,0.11301245958021267,0.9935935708224116
2025/05/07 10:25:22.15439272,1746606322,14906736,hemisphere,0.0,0.0,0.11296910577455282,0.9935985009753678
2025/05/07 10:25:22.65746202,1746606322,65327794,hemisphere,0.0,0.0,0.11290841008531771,0.9936054000114964
2025/05/07 10:25:22.115689241,1746606322,115111417,hemisphere,0.0,0.0,0.11283037215152897,0.9936142647527498
2025/05/07 10:25:22.165343218,1746606322,164752751,hemisphere,0.0,0.0,0.11276967549959832,0.9936211553140942
2025/05/07 10:25:22.215674609,1746606322,215192142,hemisphere,0.0,0.0,0.11270030738213102,0.9936290257012288
2025/05/07 10:25:22.265526295,1746606322,264848743,hemisphere,0.0,0.0,0.11262226759342675,0.9936378740980613
2025/05/07 10:25:22.315795809,1746606322,315305527,hemisphere,0.0,0.0,0.11250954222784848,0.9936506442949051
2025/05/07 10:25:22.365508360,1746606322,364966824,hemisphere,0.0,0.0,0.11239681541426273,0.9936634017033797
2025/05/07 10:25:22.415999914,1746606322,415449773,hemisphere,0.0,0.0,0.11229275861007067,0.9936751664219754
2025/05/07 10:25:22.465561989,1746606322,465115208,hemisphere,0.0,0.0,0.11222338672307894,0.9936830035138985
2025/05/07 10:25:22.515315058,1746606322,514820669,hemisphere,0.0,0.0,0.11209331296099849,0.993697685007582
2025/05/07 10:25:22.565715695,1746606322,565181788,hemisphere,0.0,0.0,0.11197190905012411,0.9937113723731206
2025/05/07 10:25:22.615758603,1746606322,614979000,hemisphere,0.0,0.0,0.11180714392673573,0.9937299243592025
2025/05/07 10:25:22.665926635,1746606322,665334023,hemisphere,0.0,0.0,0.11166839196487235,0.9937455258948237
2025/05/07 10:25:22.715548754,1746606322,715034446,hemisphere,0.0,0.0,0.11150362118278778,0.9937640275553978
2025/05/07 10:25:22.765866869,1746606322,765457870,hemisphere,0.0,0.0,0.11137353682085165,0.9937786148312986
2025/05/07 10:25:22.815772500,1746606322,815201576,hemisphere,0.0,0.0,0.11123477806474254,0.9937941558234721
2025/05/07 10:25:22.866026557,1746606322,864852732,hemisphere,0.0,0.0,0.11111336237414199,0.9938077382984662
2025/05/07 10:25:22.915843708,1746606322,915292097,hemisphere,0.0,0.0,0.11097459955416589,0.9938232429631502
2025/05/07 10:25:22.965548797,1746606322,964969030,hemisphere,0.0,0.0,0.11087052601923444,0.993834858746773
2025/05/07 10:25:23.16247245,1746606323,15429183,hemisphere,0.0,0.0,0.11070574043616949,0.9938532281149363
2025/05/07 10:25:23.65609208,1746606323,65114987,hemisphere,0.0,0.0,0.1105322786397835,0.9938725347743026
2025/05/07 10:25:23.115258483,1746606323,114780913,hemisphere,0.0,0.0,0.11040218008260752,0.9938869949008325
2025/05/07 10:25:23.165483314,1746606323,165134274,hemisphere,0.0,0.0,0.11025473276439213,0.9939033624568601
2025/05/07 10:25:23.215300435,1746606323,214875998,hemisphere,0.0,0.0,0.11009860942972727,0.9939206689679214
2025/05/07 10:25:23.265883238,1746606323,265323956,hemisphere,0.0,0.0,0.10993380962939958,0.9939389103462883
2025/05/07 10:25:23.315579751,1746606323,315005302,hemisphere,0.0,0.0,0.10978635461452695,0.9939552084175893
2025/05/07 10:25:23.365746479,1746606323,365364728,hemisphere,0.0,0.0,0.10963022314169604,0.9939724413553436
2025/05/07 10:25:23.415974934,1746606323,415114207,hemisphere,0.0,0.0,0.10943939211292107,0.9939934705288332
2025/05/07 10:25:23.465248720,1746606323,464815538,hemisphere,0.0,0.0,0.10928325463417228,0.9940106489653734
2025/05/07 10:25:23.516477469,1746606323,515937939,hemisphere,0.0,0.0,0.1090924162764572,0.9940316115249878
2025/05/07 10:25:23.566488079,1746606323,565790915,hemisphere,0.0,0.0,0.10896229690851912,0.9940458831726128
2025/05/07 10:25:23.616670381,1746606323,616125131,hemisphere,0.0,0.0,0.10877145179223696,0.9940667841121185
2025/05/07 10:25:23.665490796,1746606323,665078723,hemisphere,0.0,0.0,0.10856325254772455,0.9940895433492191
2025/05/07 10:25:23.715237353,1746606323,714778327,hemisphere,0.0,0.0,0.10842445040519856,0.9941046919486553
2025/05/07 10:25:23.765617546,1746606323,765152490,hemisphere,0.0,0.0,0.10823359400835414,0.9941254896279619
2025/05/07 10:25:23.815563112,1746606323,814947227,hemisphere,0.0,0.0,0.10806876027311135,0.9941434217722475
2025/05/07 10:25:23.865674109,1746606323,865282804,hemisphere,0.0,0.0,0.10788657216199353,0.9941632097131411
2025/05/07 10:25:23.915483790,1746606323,914998199,hemisphere,0.0,0.0,0.1076696768298079,0.9941867232524104
2025/05/07 10:25:23.965874050,1746606323,965439328,hemisphere,0.0,0.0,0.1074788046979938,0.994207376024082
2025/05/07 10:25:24.16460867,1746606324,15090855,hemisphere,0.0,0.0,0.10727925232457548,0.9942289283764982
2025/05/07 10:25:24.65133527,1746606324,64818363,hemisphere,0.0,0.0,0.10703631316797585,0.9942551119624213
2025/05/07 10:25:24.115817945,1746606324,115227639,hemisphere,0.0,0.0,0.10682807451822685,0.9942775077888105
2025/05/07 10:25:24.165483946,1746606324,165139520,hemisphere,0.0,0.0,0.10657644656522051,0.9943045112225584
2025/05/07 10:25:24.215819235,1746606324,215360998,hemisphere,0.0,0.0,0.10636819757940073,0.9943268107336287
2025/05/07 10:25:24.265323257,1746606324,265016830,hemisphere,0.0,0.0,0.10610787978687136,0.9943546237872758
2025/05/07 10:25:24.315333745,1746606324,314824758,hemisphere,0.0,0.0,0.10586490995205762,0.9943805211491438
2025/05/07 10:25:24.365531494,1746606324,365141370,hemisphere,0.0,0.0,0.10560457811542191,0.994408202440559
2025/05/07 10:25:24.415342208,1746606324,414887411,hemisphere,0.0,0.0,0.10535291712634201,0.994434896236536
2025/05/07 10:25:24.465946903,1746606324,465346804,hemisphere,0.0,0.0,0.10513596258164876,0.994457857011563
2025/05/07 10:25:24.515605792,1746606324,515039445,hemisphere,0.0,0.0,0.10487561052351248,0.9944853474623548
2025/05/07 10:25:24.567549092,1746606324,565859350,hemisphere,0.0,0.0,0.10460657251218919,0.9945136826546189
2025/05/07 10:25:24.615941816,1746606324,615226829,hemisphere,0.0,0.0,0.10431148976231473,0.9945446762733017
2025/05/07 10:25:24.665155491,1746606324,664798440,hemisphere,0.0,0.0,0.10403375643216561,0.9945737667577066
2025/05/07 10:25:24.715891140,1746606324,715275771,hemisphere,0.0,0.0,0.10373865588019296,0.9946045904157949
2025/05/07 10:25:24.765437486,1746606324,764963702,hemisphere,0.0,0.0,0.10345222602235965,0.9946344237613228
2025/05/07 10:25:24.815896059,1746606324,815348286,hemisphere,0.0,0.0,0.10316578758501685,0.9946641746197372
2025/05/07 10:25:24.865415873,1746606324,865000727,hemisphere,0.0,0.0,0.10281857801087373,0.9947001256739751
2025/05/07 10:25:24.915868640,1746606324,915429835,hemisphere,0.0,0.0,0.10254080132927355,0.9947287992527162
2025/05/07 10:25:24.965681895,1746606324,965170299,hemisphere,0.0,0.0,0.10221093113575683,0.9947627483758937
2025/05/07 10:25:25.15370471,1746606325,14894172,hemisphere,0.0,0.0,0.10190709338128023,0.9947939205275528
2025/05/07 10:25:25.65774349,1746606325,65296208,hemisphere,0.0,0.0,0.10160324611998423,0.9948249998757982
2025/05/07 10:25:25.115369575,1746606325,114951025,hemisphere,0.0,0.0,0.10127334407668342,0.9948586380886109
2025/05/07 10:25:25.165990003,1746606325,165461246,hemisphere,0.0,0.0,0.10096079502530744,0.9948904049531576
2025/05/07 10:25:25.215673807,1746606325,215124952,hemisphere,0.0,0.0,0.10061350661621803,0.9949255863060253
2025/05/07 10:25:25.265220868,1746606325,264762625,hemisphere,0.0,0.0,0.10029225392212636,0.9949580211261276
2025/05/07 10:25:25.315701412,1746606325,315159396,hemisphere,0.0,0.0,0.09994494195127034,0.994992969110012
2025/05/07 10:25:25.365285394,1746606325,364864793,hemisphere,0.0,0.0,0.099649717199436,0.9950225795739877
2025/05/07 10:25:25.416960334,1746606325,416067781,hemisphere,0.0,0.0,0.09928501569126476,0.9950590362682936
2025/05/07 10:25:25.465405634,1746606325,465021463,hemisphere,0.0,0.0,0.09897240378106498,0.9950901784711765
2025/05/07 10:25:25.516226449,1746606325,515479848,hemisphere,0.0,0.0,0.09862504575900374,0.9951246657324069
2025/05/07 10:25:25.566478802,1746606325,565904751,hemisphere,0.0,0.0,0.09828636011688002,0.9951581740683111
2025/05/07 10:25:25.615299111,1746606325,614838649,hemisphere,0.0,0.0,0.09792160900230625,0.9951941310570513
2025/05/07 10:25:25.665645465,1746606325,665283741,hemisphere,0.0,0.0,0.09757421475796602,0.995228251515383
2025/05/07 10:25:25.715456205,1746606325,714973581,hemisphere,0.0,0.0,0.09725286449597516,0.9952597049752027
2025/05/07 10:25:25.765779093,1746606325,765367275,hemisphere,0.0,0.0,0.09689676182397024,0.9952944376153364
2025/05/07 10:25:25.815523654,1746606325,815084513,hemisphere,0.0,0.0,0.09655801850191434,0.9953273577386407
2025/05/07 10:25:25.865408909,1746606325,864951557,hemisphere,0.0,0.0,0.09621926399546854,0.995360162572408
2025/05/07 10:25:25.915724200,1746606325,915222040,hemisphere,0.0,0.0,0.09588918478153018,0.9953920153597444
2025/05/07 10:25:25.965276025,1746606325,964896296,hemisphere,0.0,0.0,0.09559384180881494,0.9954204224387961
2025/05/07 10:25:26.16076098,1746606326,15572133,hemisphere,0.0,0.0,0.09527242960077355,0.9954512364540845
2025/05/07 10:25:26.65580026,1746606326,65028184,hemisphere,0.0,0.0,0.0949683818832265,0.9954802893289659
2025/05/07 10:25:26.115810068,1746606326,115384024,hemisphere,0.0,0.0,0.09469038764492464,0.9955067706890064
2025/05/07 10:25:26.165717634,1746606326,165178540,hemisphere,0.0,0.0,0.09437763530154628,0.9955364694248465
2025/05/07 10:25:26.215461965,1746606326,214856913,hemisphere,0.0,0.0,0.09403012177448626,0.9955693527821532
2025/05/07 10:25:26.265625414,1746606326,265223781,hemisphere,0.0,0.0,0.0936999733108152,0.9956004796109494
2025/05/07 10:25:26.315363253,1746606326,314936075,hemisphere,0.0,0.0,0.09337850306357355,0.995630682113406
2025/05/07 10:25:26.365764214,1746606326,365338019,hemisphere,0.0,0.0,0.09307440062581097,0.9956591565129836
2025/05/07 10:25:26.415597104,1746606326,415097033,hemisphere,0.0,0.0,0.09275291146523432,0.9956891570237784
2025/05/07 10:25:26.465148662,1746606326,464780226,hemisphere,0.0,0.0,0.0924140340446844,0.9957206668095164
2025/05/07 10:25:26.515696936,1746606326,515197868,hemisphere,0.0,0.0,0.09211859371208893,0.9957480427761368
2025/05/07 10:25:26.565226095,1746606326,564869415,hemisphere,0.0,0.0,0.0918144554873202,0.995776132352833
2025/05/07 10:25:26.616117907,1746606326,615401229,hemisphere,0.0,0.0,0.09146685845827596,0.9958081209770152
2025/05/07 10:25:26.665556989,1746606326,665022982,hemisphere,0.0,0.0,0.09116270191406518,0.9958360114897068
2025/05/07 10:25:26.716176055,1746606326,715535246,hemisphere,0.0,0.0,0.09083246518068026,0.9958661874314243
2025/05/07 10:25:26.765774774,1746606326,765183323,hemisphere,0.0,0.0,0.09053698174086397,0.9958930941307177
2025/05/07 10:25:26.815262722,1746606326,814820900,hemisphere,0.0,0.0,0.09021541717739737,0.9959222753325222
2025/05/07 10:25:26.865770349,1746606326,865262499,hemisphere,0.0,0.0,0.08991122582509625,0.995949783608907
2025/05/07 10:25:26.917278336,1746606326,914977399,hemisphere,0.0,0.0,0.08961571762234558,0.9959764169673055
2025/05/07 10:25:26.965837855,1746606326,965371567,hemisphere,0.0,0.0,0.0893028179856648,0.9960045214253895
2025/05/07 10:25:27.15533593,1746606327,15075600,hemisphere,0.0,0.0,0.08895514138681405,0.9960356333087949
2025/05/07 10:25:27.65207032,1746606327,64762718,hemisphere,0.0,0.0,0.08862483857770759,0.9960650771847567
2025/05/07 10:25:27.115669363,1746606327,115170856,hemisphere,0.0,0.0,0.08829452602280347,0.9960944115265422
2025/05/07 10:25:27.165298678,1746606327,164887972,hemisphere,0.0,0.0,0.08796420375842515,0.9961236363309257
2025/05/07 10:25:27.215738771,1746606327,215278087,hemisphere,0.0,0.0,0.08758171326468994,0.9961573387279852
2025/05/07 10:25:27.265424258,1746606327,265000639,hemisphere,0.0,0.0,0.08722529004509887,0.9961886110453926
2025/05/07 10:25:27.315738503,1746606327,315300044,hemisphere,0.0,0.0,0.08688624296090232,0.9962182395359659
2025/05/07 10:25:27.365372129,1746606327,365006420,hemisphere,0.0,0.0,0.08655587971103407,0.9962469973292011
2025/05/07 10:25:27.415151200,1746606327,414708794,hemisphere,0.0,0.0,0.08619942447793018,0.9962779026053291
2025/05/07 10:25:27.465555150,1746606327,465158595,hemisphere,0.0,0.0,0.08581687488029431,0.9963109273644347
2025/05/07 10:25:27.516047170,1746606327,515518735,hemisphere,0.0,0.0,0.08542561788706757,0.9963445507496956
2025/05/07 10:25:27.566423042,1746606327,565937016,hemisphere,0.0,0.0,0.08508651783470592,0.9963735667322595
2025/05/07 10:25:27.616416861,1746606327,615712854,hemisphere,0.0,0.0,0.08467784570532154,0.9964083813611294
2025/05/07 10:25:27.665119820,1746606327,664695804,hemisphere,0.0,0.0,0.08431263727991117,0.9964393504849687
2025/05/07 10:25:27.715453294,1746606327,715022473,hemisphere,0.0,0.0,0.08386915468404334,0.9964767758922353
2025/05/07 10:25:27.765206653,1746606327,764776870,hemisphere,0.0,0.0,0.08352131356832654,0.9965059910406064
2025/05/07 10:25:27.815880764,1746606327,815163964,hemisphere,0.0,0.0,0.08310389079979552,0.9965408889423132
2025/05/07 10:25:27.865316162,1746606327,864910269,hemisphere,0.0,0.0,0.08268645344988644,0.9965756119913229
2025/05/07 10:25:27.915601633,1746606327,915235969,hemisphere,0.0,0.0,0.08228639570796556,0.9966087241648008
2025/05/07 10:25:27.965468962,1746606327,964999233,hemisphere,0.0,0.0,0.08194720592884505,0.9966366717317076
2025/05/07 10:25:28.15135524,1746606328,14669923,hemisphere,0.0,0.0,0.08154712373553624,0.9966694871472995
2025/05/07 10:25:28.65410539,1746606328,65078954,hemisphere,0.0,0.0,0.08114702840151086,0.9967021419569663
2025/05/07 10:25:28.115328690,1746606328,114811925,hemisphere,0.0,0.0,0.08076431628011152,0.9967332267040194
2025/05/07 10:25:28.165684561,1746606328,165251546,hemisphere,0.0,0.0,0.08036419542246066,0.9967655672695063
2025/05/07 10:25:28.215393376,1746606328,214917325,hemisphere,0.0,0.0,0.08000755504524279,0.996794257174309
2025/05/07 10:25:28.264983593,1746606328,264619365,hemisphere,0.0,0.0,0.07962480763813899,0.9968249043882227
2025/05/07 10:25:28.315604281,1746606328,315054282,hemisphere,0.0,0.0,0.07926814607787228,0.9968533297418318
2025/05/07 10:25:28.365248039,1746606328,364736773,hemisphere,0.0,0.0,0.07886797712832172,0.9968850696964453
2025/05/07 10:25:28.415552055,1746606328,415159782,hemisphere,0.0,0.0,0.07848519493572022,0.9969152793371672
2025/05/07 10:25:28.465310357,1746606328,464821437,hemisphere,0.0,0.0,0.07810240117166743,0.996945341997855
2025/05/07 10:25:28.515986898,1746606328,515323668,hemisphere,0.0,0.0,0.07767609456661233,0.9969786478821293
2025/05/07 10:25:28.565572959,1746606328,565004300,hemisphere,0.0,0.0,0.07729327653043036,0.9970083998659142
2025/05/07 10:25:28.615168557,1746606328,614713523,hemisphere,0.0,0.0,0.07686694303544721,0.9970413597581523
2025/05/07 10:25:28.665559696,1746606328,665103101,hemisphere,0.0,0.0,0.07650150313598629,0.9970694659941878
2025/05/07 10:25:28.715476400,1746606328,714879670,hemisphere,0.0,0.0,0.07608384495547221,0.997101423395229
2025/05/07 10:25:28.765692796,1746606328,765222349,hemisphere,0.0,0.0,0.07570968149707952,0.9971299033363762
2025/05/07 10:25:28.823363826,1746606328,814909880,hemisphere,0.0,0.0,0.07531810367207704,0.9971595575730308
2025/05/07 10:25:28.865765464,1746606328,865338920,hemisphere,0.0,0.0,0.07495262055488795,0.9971870961218637
2025/05/07 10:25:28.915423399,1746606328,915013040,hemisphere,0.0,0.0,0.0746045320338675,0.9972131987694546
2025/05/07 10:25:28.965106769,1746606328,964703599,hemisphere,0.0,0.0,0.07422162416303996,0.9972417713406315
2025/05/07 10:25:29.15708278,1746606329,15141537,hemisphere,0.0,0.0,0.07383000252231464,0.9972708412099268
2025/05/07 10:25:29.65304224,1746606329,64873859,hemisphere,0.0,0.0,0.0734470725754757,0.997299116378879
2025/05/07 10:25:29.115739352,1746606329,115248321,hemisphere,0.0,0.0,0.07312505491809852,0.9973227794165864
2025/05/07 10:25:29.165479043,1746606329,164980515,hemisphere,0.0,0.0,0.07271599447299729,0.9973526879433389
2025/05/07 10:25:29.215232977,1746606329,214690628,hemisphere,0.0,0.0,0.07236784828579108,0.9973780098510718
2025/05/07 10:25:29.265436046,1746606329,265057692,hemisphere,0.0,0.0,0.07200228529982522,0.9974044670601805
2025/05/07 10:25:29.315355469,1746606329,314805852,hemisphere,0.0,0.0,0.07163671264134018,0.9974307902816827
2025/05/07 10:25:29.365678608,1746606329,365240346,hemisphere,0.0,0.0,0.07127983481095142,0.9974563575161188
2025/05/07 10:25:29.416361994,1746606329,415675431,hemisphere,0.0,0.0,0.0708968338189581,0.9974836534773124
2025/05/07 10:25:29.465069079,1746606329,464611089,hemisphere,0.0,0.0,0.07053993712187295,0.9975089559852794
2025/05/07 10:25:29.516197581,1746606329,515746841,hemisphere,0.0,0.0,0.07015691598806117,0.9975359678422849
2025/05/07 10:25:29.565049212,1746606329,564714503,hemisphere,0.0,0.0,0.06978258988598202,0.9975622236977526
2025/05/07 10:25:29.615565303,1746606329,615117712,hemisphere,0.0,0.0,0.0693995483546671,0.9975889447503757
2025/05/07 10:25:29.666058262,1746606329,665552186,hemisphere,0.0,0.0,0.06904261408099319,0.9976137115341104
2025/05/07 10:25:29.715792403,1746606329,715279272,hemisphere,0.0,0.0,0.06868567096879657,0.9976383506078574
2025/05/07 10:25:29.765344134,1746606329,764949128,hemisphere,0.0,0.0,0.06834613155512988,0.9976616692553889
2025/05/07 10:25:29.815127004,1746606329,814666467,hemisphere,0.0,0.0,0.06798046487269582,0.9976866524093084
2025/05/07 10:25:29.865549346,1746606329,865043960,hemisphere,0.0,0.0,0.06761478905801897,0.9977115015377139
2025/05/07 10:25:29.915285208,1746606329,914794026,hemisphere,0.0,0.0,0.06727522481024403,0.9977344557179185
2025/05/07 10:25:29.965650818,1746606329,965189972,hemisphere,0.0,0.0,0.06691823860981197,0.9977584624253308
2025/05/07 10:25:30.15399106,1746606330,14889660,hemisphere,0.0,0.0,0.06656995113381349,0.9977817605098029
2025/05/07 10:25:30.65650595,1746606330,65268487,hemisphere,0.0,0.0,0.0662216555464684,0.9978049370175941
2025/05/07 10:25:30.115462919,1746606330,115022335,hemisphere,0.0,0.0,0.06588205957962105,0.997827417054446
2025/05/07 10:25:30.165124897,1746606330,164695818,hemisphere,0.0,0.0,0.06553374809704446,0.9978503534400102
2025/05/07 10:25:30.215975815,1746606330,215141383,hemisphere,0.0,0.0,0.06520284479175337,0.9978720303881969
2025/05/07 10:25:30.265216738,1746606330,264806434,hemisphere,0.0,0.0,0.06487193431630833,0.9978935976035023
2025/05/07 10:25:30.315756761,1746606330,315267458,hemisphere,0.0,0.0,0.06454101670709861,0.9979150550835547
2025/05/07 10:25:30.365307583,1746606330,364917319,hemisphere,0.0,0.0,0.06421009200051417,0.9979364028259945
2025/05/07 10:25:30.415094810,1746606330,414625085,hemisphere,0.0,0.0,0.06386174257658941,0.9979587555781458
2025/05/07 10:25:30.465505312,1746606330,465058329,hemisphere,0.0,0.0,0.06352209439593189,0.9979804324352028
2025/05/07 10:25:30.515226525,1746606330,514763372,hemisphere,0.0,0.0,0.06319985726856842,0.9980008908018232
2025/05/07 10:25:30.565720640,1746606330,565148097,hemisphere,0.0,0.0,0.06284277600051956,0.9980234393562851
2025/05/07 10:25:30.615323906,1746606330,614884660,hemisphere,0.0,0.0,0.06252052502223869,0.9980436783783282
2025/05/07 10:25:30.665774589,1746606330,665285300,hemisphere,0.0,0.0,0.0621547187174466,0.9980665263103232
2025/05/07 10:25:30.715616442,1746606330,715046057,hemisphere,0.0,0.0,0.06180632399707854,0.9980881615939386
2025/05/07 10:25:30.765128358,1746606330,764703645,hemisphere,0.0,0.0,0.06148405217492713,0.9981080659568636
2025/05/07 10:25:30.815680566,1746606330,815134016,hemisphere,0.0,0.0,0.06115306363159691,0.9981283999608818
2025/05/07 10:25:30.865264841,1746606330,864844711,hemisphere,0.0,0.0,0.060795936872739285,0.9981502161797922
2025/05/07 10:25:30.915698893,1746606330,915224554,hemisphere,0.0,0.0,0.06048235573910528,0.9981692665296044
2025/05/07 10:25:30.965410526,1746606330,964955347,hemisphere,0.0,0.0,0.06014263610903795,0.9981897932366649
2025/05/07 10:25:31.15821213,1746606331,15342327,hemisphere,0.0,0.0,0.05981162053767159,0.9982096824057847
2025/05/07 10:25:31.65396296,1746606331,64992346,hemisphere,0.0,0.0,0.059445753571179094,0.998231537461302
2025/05/07 10:25:31.115218438,1746606331,114735004,hemisphere,0.0,0.0,0.059140858330145624,0.9982496475711743
2025/05/07 10:25:31.165536245,1746606331,165131125,hemisphere,0.0,0.0,0.058766265198341876,0.998271769647243
2025/05/07 10:25:31.215351018,1746606331,214874687,hemisphere,0.0,0.0,0.05841779904097172,0.9982922221249692
2025/05/07 10:25:31.265879613,1746606331,265356650,hemisphere,0.0,0.0,0.05806932576556996,0.9983125529638162
2025/05/07 10:25:31.315511355,1746606331,314955373,hemisphere,0.0,0.0,0.05769470910422399,0.9983342729473826
2025/05/07 10:25:31.365166326,1746606331,364698934,hemisphere,0.0,0.0,0.05737235803051409,0.9983528497149786
2025/05/07 10:25:31.416122984,1746606331,415122515,hemisphere,0.0,0.0,0.05701515120721468,0.9983733132114552
2025/05/07 10:25:31.465243721,1746606331,464814982,hemisphere,0.0,0.0,0.056701500172156555,0.9983911757814303
2025/05/07 10:25:31.516386178,1746606331,515925526,hemisphere,0.0,0.0,0.05636170523664224,0.9984104157022892
2025/05/07 10:25:31.565304741,1746606331,564949523,hemisphere,0.0,0.0,0.056021903772708055,0.9984295399764981
2025/05/07 10:25:31.615029552,1746606331,614639497,hemisphere,0.0,0.0,0.05568209581971346,0.9984485486018417
2025/05/07 10:25:31.665647876,1746606331,665065846,hemisphere,0.0,0.0,0.055359707952918155,0.9984664755190169
2025/05/07 10:25:31.715261572,1746606331,714802998,hemisphere,0.0,0.0,0.05503731431457926,0.9984842983407592
2025/05/07 10:25:31.765535650,1746606331,765151322,hemisphere,0.0,0.0,0.05468877419788216,0.9985034491561524
2025/05/07 10:25:31.815403728,1746606331,814881148,hemisphere,0.0,0.0,0.05440993730464986,0.9985186822100547
2025/05/07 10:25:31.865626013,1746606331,865244143,hemisphere,0.0,0.0,0.05407881298477529,0.9985366703262117
2025/05/07 10:25:31.915529362,1746606331,914977352,hemisphere,0.0,0.0,0.053808680843923255,0.9985512635142159
2025/05/07 10:25:31.965102215,1746606331,964644949,hemisphere,0.0,0.0,0.053512402355691324,0.998567184917531
2025/05/07 10:25:32.16371324,1746606332,15346613,hemisphere,0.0,0.0,0.05320740487373626,0.9985834827727736
2025/05/07 10:25:32.65396908,1746606332,64860641,hemisphere,0.0,0.0,0.052911116852324525,0.9985992257725017
2025/05/07 10:25:32.115775224,1746606332,115234851,hemisphere,0.0,0.0,0.052640967831324416,0.9986135030660168
2025/05/07 10:25:32.165521952,1746606332,164983675,hemisphere,0.0,0.0,0.05233595624294384,0.9986295347545739
2025/05/07 10:25:32.216034940,1746606332,215364715,hemisphere,0.0,0.0,0.05206579904362149,0.9986436564510632
2025/05/07 10:25:32.265651872,1746606332,265114735,hemisphere,0.0,0.0,0.05176949321857057,0.9986590607268792
2025/05/07 10:25:32.315186711,1746606332,314752951,hemisphere,0.0,0.0,0.0515167581770976,0.9986721301943509
2025/05/07 10:25:32.366494511,1746606332,365189711,hemisphere,0.0,0.0,0.05122915911734986,0.9986869245444887
2025/05/07 10:25:32.415318580,1746606332,414849067,hemisphere,0.0,0.0,0.051002562925257774,0.998698522365511
2025/05/07 10:25:32.465884119,1746606332,465312383,hemisphere,0.0,0.0,0.050741102518663,0.99871184058025
2025/05/07 10:25:32.517166158,1746606332,516138160,hemisphere,0.0,0.0,0.050514500685864425,0.9987233276641023
2025/05/07 10:25:32.566683096,1746606332,565311487,hemisphere,0.0,0.0,0.05024431817976955,0.9987369566060175
2025/05/07 10:25:32.616730869,1746606332,615380668,hemisphere,0.0,0.0,0.05000027920672136,0.9987492037940505
2025/05/07 10:25:32.665900723,1746606332,665001552,hemisphere,0.0,0.0,0.049756237248405784,0.9987613913517485
2025/05/07 10:25:32.716724754,1746606332,715492530,hemisphere,0.0,0.0,0.049494760425459985,0.9987743832770374
2025/05/07 10:25:32.765257745,1746606332,764909137,hemisphere,0.0,0.0,0.0492332802101968,0.9987873067474097
2025/05/07 10:25:32.815757434,1746606332,815304743,hemisphere,0.0,0.0,0.0489805127943691,0.9987997343644024
2025/05/07 10:25:32.865469843,1746606332,865016185,hemisphere,0.0,0.0,0.048780039853883045,0.9988095452646885
2025/05/07 10:25:32.915805943,1746606332,914947289,hemisphere,0.0,0.0,0.048553415903073056,0.9988205873950252
2025/05/07 10:25:32.966376544,1746606332,965259390,hemisphere,0.0,0.0,0.04832678945271653,0.9988315781057349
2025/05/07 10:25:33.15320490,1746606333,14828219,hemisphere,0.0,0.0,0.04809144396733014,0.9988429371113045
2025/05/07 10:25:33.66283717,1746606333,65527727,hemisphere,0.0,0.0,0.0478560958120739,0.9988542406645855
2025/05/07 10:25:33.115490407,1746606333,114939131,hemisphere,0.0,0.0,0.04757716122578708,0.9988675656610818
2025/05/07 10:25:33.164986736,1746606333,164602585,hemisphere,0.0,0.0,0.047341807281841175,0.9988787480386642
2025/05/07 10:25:33.215461318,1746606333,215036679,hemisphere,0.0,0.0,0.04708029981772814,0.9988911078636514
2025/05/07 10:25:33.265346070,1746606333,264830051,hemisphere,0.0,0.0,0.046810072048386706,0.9989038077586975
2025/05/07 10:25:33.316504999,1746606333,315501605,hemisphere,0.0,0.0,0.04660957826275058,0.9989131830215119
2025/05/07 10:25:33.366632710,1746606333,365491264,hemisphere,0.0,0.0,0.04637421359732587,0.9989241374164656
2025/05/07 10:25:33.417575750,1746606333,416440674,hemisphere,0.0,0.0,0.0461214116449416,0.9989358414772582
2025/05/07 10:25:33.466219594,1746606333,465723310,hemisphere,0.0,0.0,0.045912194001515895,0.9989454792139395
2025/05/07 10:25:33.515971842,1746606333,515487586,hemisphere,0.0,0.0,0.045685539282090286,0.9989558706471996
2025/05/07 10:25:33.565548526,1746606333,565100326,hemisphere,0.0,0.0,0.045467599833772396,0.9989658139122459
2025/05/07 10:25:33.623245375,1746606333,615359228,hemisphere,0.0,0.0,0.04524965822135718,0.9989757096300442
2025/05/07 10:25:33.666779062,1746606333,665997738,hemisphere,0.0,0.0,0.045057867820528,0.998984378530249
2025/05/07 10:25:33.715860969,1746606333,715084386,hemisphere,0.0,0.0,0.044822486423129686,0.9989949673100703
2025/05/07 10:25:33.765314251,1746606333,764741235,hemisphere,0.0,0.0,0.04465684616955604,0.9990023854276769
2025/05/07 10:25:33.816050017,1746606333,815348171,hemisphere,0.0,0.0,0.04443889659776843,0.9990121042655954
2025/05/07 10:25:33.865642829,1746606333,865091047,hemisphere,0.0,0.0,0.04422094491084614,0.9990217755540627
2025/05/07 10:25:33.916147937,1746606333,915254560,hemisphere,0.0,0.0,0.04399427292386328,0.9990317832531159
2025/05/07 10:25:33.965541507,1746606333,964925383,hemisphere,0.0,0.0,0.04380247178080729,0.9990402111356137
2025/05/07 10:25:34.16275399,1746606334,15739958,hemisphere,0.0,0.0,0.04361066902324882,0.9990486021947805
2025/05/07 10:25:34.65616634,1746606334,65021424,hemisphere,0.0,0.0,0.0433839909652029,0.9990584714259377
2025/05/07 10:25:34.116293889,1746606334,115128355,hemisphere,0.0,0.0,0.043174747698259346,0.9990675358358871
2025/05/07 10:25:34.168069883,1746606334,166840648,hemisphere,0.0,0.0,0.042939346759654815,0.9990776809136785
2025/05/07 10:25:34.216405100,1746606334,215134012,hemisphere,0.0,0.0,0.04275625549198172,0.9990855331833729
2025/05/07 10:25:34.267522522,1746606334,265417130,hemisphere,0.0,0.0,0.04252085032446874,0.9990955796557626
2025/05/07 10:25:34.317545003,1746606334,316396698,hemisphere,0.0,0.0,0.04228544279634595,0.999105570661838
2025/05/07 10:25:34.365503454,1746606334,364950986,hemisphere,0.0,0.0,0.04206747076946779,0.9991147721373456
2025/05/07 10:25:34.415650759,1746606334,415062525,hemisphere,0.0,0.0,0.041832058731808126,0.9991246563178484
2025/05/07 10:25:34.466674351,1746606334,465262233,hemisphere,0.0,0.0,0.04163152071929673,0.9991330324249112
2025/05/07 10:25:34.515871062,1746606334,515242225,hemisphere,0.0,0.0,0.041378666053155364,0.9991435362327384
2025/05/07 10:25:34.569171603,1746606334,567018561,hemisphere,0.0,0.0,0.04120428197973477,0.9991507429545026
2025/05/07 10:25:34.618863447,1746606334,618164627,hemisphere,0.0,0.0,0.040951422845222595,0.9991611386392847
2025/05/07 10:25:34.666202433,1746606334,665471558,hemisphere,0.0,0.0,0.0407595969237932,0.9991689823341244
2025/05/07 10:25:34.716407239,1746606334,715462371,hemisphere,0.0,0.0,0.04055905003608261,0.999177143183415
2025/05/07 10:25:34.766139824,1746606334,765359647,hemisphere,0.0,0.0,0.040332342891560964,0.9991863200208846
2025/05/07 10:25:34.816066048,1746606334,815215695,hemisphere,0.0,0.0,0.04009691404399269,0.9991957953695305
2025/05/07 10:25:34.867231738,1746606334,865304159,hemisphere,0.0,0.0,0.03990508148469682,0.9992034750098199
2025/05/07 10:25:34.916404789,1746606334,915288096,hemisphere,0.0,0.0,0.039695807924574916,0.9992118107954966
2025/05/07 10:25:34.966970002,1746606334,965455224,hemisphere,0.0,0.0,0.039486532623200045,0.9992201027508388
2025/05/07 10:25:35.16808808,1746606335,15447250,hemisphere,0.0,0.0,0.03925981575906862,0.999229036240723
2025/05/07 10:25:35.65247492,1746606335,64758043,hemisphere,0.0,0.0,0.03903309687382836,0.9992379182899528
2025/05/07 10:25:35.116185784,1746606335,115460789,hemisphere,0.0,0.0,0.03885869636335638,0.9992447156312314
2025/05/07 10:25:35.166395511,1746606335,165242642,hemisphere,0.0,0.0,0.038649414188768785,0.9992528322616179
2025/05/07 10:25:35.216636578,1746606335,215963745,hemisphere,0.0,0.0,0.03848373126442144,0.9992592268415478
2025/05/07 10:25:35.266293347,1746606335,265429283,hemisphere,0.0,0.0,0.0382308447627148,0.9992689340256352
2025/05/07 10:25:35.315149617,1746606335,314680152,hemisphere,0.0,0.0,0.038030277864350294,0.9992765873198273
2025/05/07 10:25:35.366517870,1746606335,365485011,hemisphere,0.0,0.0,0.03786459100977572,0.999282879242741
2025/05/07 10:25:35.417263230,1746606335,415559807,hemisphere,0.0,0.0,0.03769018266993454,0.9992894726405892
2025/05/07 10:25:35.467558446,1746606335,466273073,hemisphere,0.0,0.0,0.03752449368356779,0.9992957081734074
2025/05/07 10:25:35.517169362,1746606335,516130034,hemisphere,0.0,0.0,0.03735008310983579,0.9993022422128794
2025/05/07 10:25:35.567445395,1746606335,565076166,hemisphere,0.0,0.0,0.03717567139835522,0.9993087458118645
2025/05/07 10:25:35.616335909,1746606335,615112011,hemisphere,0.0,0.0,0.037053582526203444,0.999313280218958
2025/05/07 10:25:35.666130793,1746606335,664785175,hemisphere,0.0,0.0,0.036940213792513506,0.999317477383921
2025/05/07 10:25:35.717024235,1746606335,715804186,hemisphere,0.0,0.0,0.03682684458339985,0.999321661687582
2025/05/07 10:25:35.766402744,1746606335,765020995,hemisphere,0.0,0.0,0.03664370870655628,0.9993283937786563
2025/05/07 10:25:35.816981706,1746606335,815737967,hemisphere,0.0,0.0,0.03648673411810724,0.9993341374302164
2025/05/07 10:25:35.865459095,1746606335,864978766,hemisphere,0.0,0.0,0.03641696734514501,0.9993366822494723
2025/05/07 10:25:35.917411158,1746606335,914836595,hemisphere,0.0,0.0,0.03626871236369515,0.9993420738183095
2025/05/07 10:25:35.966980831,1746606335,965576965,hemisphere,0.0,0.0,0.036155340368525676,0.9993461819423919
2025/05/07 10:25:36.16715716,1746606336,15422801,hemisphere,0.0,0.0,0.036015804966608535,0.9993512204388442
2025/05/07 10:25:36.67539091,1746606336,65603541,hemisphere,0.0,0.0,0.03591115295423816,0.9993549865255575
2025/05/07 10:25:36.117017687,1746606336,115517842,hemisphere,0.0,0.0,0.03579777949646942,0.9993590540857286
2025/05/07 10:25:36.166833344,1746606336,165935924,hemisphere,0.0,0.0,0.03571928990957542,0.9993618625544781
2025/05/07 10:25:36.215450417,1746606336,215020809,hemisphere,0.0,0.0,0.03564080010234687,0.9993646648586614
2025/05/07 10:25:36.265881191,1746606336,264906041,hemisphere,0.0,0.0,0.035562310075267944,0.9993674609982609
2025/05/07 10:25:36.318142825,1746606336,315641552,hemisphere,0.0,0.0,0.035466377522093244,0.9993708701305338
2025/05/07 10:25:36.366896761,1746606336,365365992,hemisphere,0.0,0.0,0.035353002265248824,0.9993748872324306
2025/05/07 10:25:36.417031067,1746606336,415955842,hemisphere,0.0,0.0,0.03523962655340824,0.9993788914722866
2025/05/07 10:25:36.465286048,1746606336,464932608,hemisphere,0.0,0.0,0.03516113541021102,0.9993816561037454
2025/05/07 10:25:36.517515479,1746606336,514981556,hemisphere,0.0,0.0,0.035047758931701006,0.9993856385769536
2025/05/07 10:25:36.565522078,1746606336,565064448,hemisphere,0.0,0.0,0.03488205403674065,0.9993914359780045
2025/05/07 10:25:36.616473599,1746606336,615115817,hemisphere,0.0,0.0,0.03475995507919685,0.9993956901662585
2025/05/07 10:25:36.667298322,1746606336,665929429,hemisphere,0.0,0.0,0.0346291341918419,0.9994002316715378
2025/05/07 10:25:36.716437673,1746606336,715158091,hemisphere,0.0,0.0,0.03444598395320086,0.9994065610098304
2025/05/07 10:25:36.767642069,1746606336,766535850,hemisphere,0.0,0.0,0.03431516164554574,0.9994110614162924
2025/05/07 10:25:36.816870011,1746606336,815277299,hemisphere,0.0,0.0,0.03417561720268275,0.9994158429746928
2025/05/07 10:25:36.865255252,1746606336,864716877,hemisphere,0.0,0.0,0.03404479368233761,0.9994203079901505
2025/05/07 10:25:36.915687639,1746606336,915196073,hemisphere,0.0,0.0,0.03388780468810087,0.9994256434039609
2025/05/07 10:25:36.965327916,1746606336,964834203,hemisphere,0.0,0.0,0.03373081485771608,0.999430954157932
2025/05/07 10:25:37.17147713,1746606337,15263779,hemisphere,0.0,0.0,0.03353021553047033,0.9994377042349765
2025/05/07 10:25:37.65488582,1746606337,64948664,hemisphere,0.0,0.0,0.03339066737521957,0.9994423761939643
2025/05/07 10:25:37.115961468,1746606337,115440911,hemisphere,0.0,0.0,0.033181343922628115,0.9994493475987106
2025/05/07 10:25:37.165661233,1746606337,165090407,hemisphere,0.0,0.0,0.033033072262543074,0.9994542591519122
2025/05/07 10:25:37.218939434,1746606337,218337629,hemisphere,0.0,0.0,0.03289352180063589,0.9994588616964438
2025/05/07 10:25:37.265557769,1746606337,265164624,hemisphere,0.0,0.0,0.03271908282177614,0.9994645874763657
2025/05/07 10:25:37.315455314,1746606337,314901427,hemisphere,0.0,0.0,0.0325969749432334,0.9994685774072891
2025/05/07 10:25:37.365765768,1746606337,365271330,hemisphere,0.0,0.0,0.032413812213706275,0.9994745343318031
2025/05/07 10:25:37.419022463,1746606337,415143601,hemisphere,0.0,0.0,0.032248092615477536,0.9994798950067298
2025/05/07 10:25:37.466742986,1746606337,465456884,hemisphere,0.0,0.0,0.032082372130693176,0.999485228204233
2025/05/07 10:25:37.515662399,1746606337,515094149,hemisphere,0.0,0.0,0.031951539545776335,0.9994894192139578
2025/05/07 10:25:37.565291562,1746606337,564844830,hemisphere,0.0,0.0,0.03176837300762684,0.9994952578559081
2025/05/07 10:25:37.616472692,1746606337,615945653,hemisphere,0.0,0.0,0.03155903851510699,0.9995018894869594
2025/05/07 10:25:37.666187691,1746606337,665650651,hemisphere,0.0,0.0,0.03146309307616819,0.999504914332131
2025/05/07 10:25:37.716149829,1746606337,715418467,hemisphere,0.0,0.0,0.03130609082384884,0.9995098442123164
2025/05/07 10:25:37.765622030,1746606337,765096158,hemisphere,0.0,0.0,0.031079308430031677,0.9995169216113907
2025/05/07 10:25:37.815337295,1746606337,814767044,hemisphere,0.0,0.0,0.030957194169906027,0.9995207112056892
2025/05/07 10:25:37.865817538,1746606337,865204925,hemisphere,0.0,0.0,0.030826356949914983,0.9995247549296599
2025/05/07 10:25:37.915610354,1746606337,914835491,hemisphere,0.0,0.0,0.03067807412884223,0.9995293171126824
2025/05/07 10:25:37.965811103,1746606337,965292924,hemisphere,0.0,0.0,0.030564680927570864,0.999532790997772
2025/05/07 10:25:38.15868390,1746606338,15028317,hemisphere,0.0,0.0,0.03040767430747885,0.9995375797553638
2025/05/07 10:25:38.67189489,1746606338,65278830,hemisphere,0.0,0.0,0.03025938958841223,0.9995420798254252
2025/05/07 10:25:38.117231995,1746606338,115120070,hemisphere,0.0,0.0,0.030102381513000976,0.9995468206278513
2025/05/07 10:25:38.165775618,1746606338,165016154,hemisphere,0.0,0.0,0.029945372694843223,0.999551536767448
2025/05/07 10:25:38.216961953,1746606338,215375064,hemisphere,0.0,0.0,0.02981453144846423,0.9995554480440335
2025/05/07 10:25:38.265773749,1746606338,265013059,hemisphere,0.0,0.0,0.02968368969122131,0.9995593421935065
2025/05/07 10:25:38.316010520,1746606338,315338149,hemisphere,0.0,0.0,0.029535401751598942,0.9995637348580488
2025/05/07 10:25:38.365490502,1746606338,365025776,hemisphere,0.0,0.0,0.029430727520303474,0.9995668223173605
2025/05/07 10:25:38.415277686,1746606338,414773787,hemisphere,0.0,0.0,0.029334775858066264,0.9995696428590441
2025/05/07 10:25:38.465755372,1746606338,465193502,hemisphere,0.0,0.0,0.029151594662106824,0.999575001952658
2025/05/07 10:25:38.515807566,1746606338,514995821,hemisphere,0.0,0.0,0.029081811091504033,0.999577034681989
2025/05/07 10:25:38.565651495,1746606338,565252243,hemisphere,0.0,0.0,0.028959689502088933,0.9995805802355019
2025/05/07 10:25:38.615582145,1746606338,615018552,hemisphere,0.0,0.0,0.02886373652135663,0.9995833555607185
2025/05/07 10:25:38.665158151,1746606338,664667325,hemisphere,0.0,0.0,0.028811398419706754,0.9995848654922207
2025/05/07 10:25:38.715626115,1746606338,715066927,hemisphere,0.0,0.0,0.028697998928683778,0.9995881276093116
2025/05/07 10:25:38.765098375,1746606338,764761248,hemisphere,0.0,0.0,0.028654383641402572,0.9995893788441989
2025/05/07 10:25:38.815738820,1746606338,815195333,hemisphere,0.0,0.0,0.028523537452567714,0.9995931211303888
2025/05/07 10:25:38.866224555,1746606338,865074591,hemisphere,0.0,0.0,0.028453752618538223,0.9995951100130108
2025/05/07 10:25:38.915776557,1746606338,915332312,hemisphere,0.0,0.0,0.028418860149497165,0.9995961026273579
2025/05/07 10:25:38.965492830,1746606338,965050195,hemisphere,0.0,0.0,0.028375244514505873,0.9995973416825107
2025/05/07 10:25:39.15088259,1746606339,14712024,hemisphere,0.0,0.0,0.028305459386187646,0.9995993202123223
2025/05/07 10:25:39.66674137,1746606339,65411919,hemisphere,0.0,0.0,0.028288013082538963,0.9995998140835373
2025/05/07 10:25:39.115824920,1746606339,114984302,hemisphere,0.0,0.0,0.028192058258584427,0.9996025249323576
2025/05/07 10:25:39.166934393,1746606339,165606031,hemisphere,0.0,0.0,0.02815716553087329,0.9996035084118438
2025/05/07 10:25:39.217316813,1746606339,216612391,hemisphere,0.0,0.0,0.028113549572992814,0.9996047360484077
2025/05/07 10:25:39.265385018,1746606339,264861300,hemisphere,0.0,0.0,0.028069933561588108,0.9996059617818654
2025/05/07 10:25:39.316215743,1746606339,315692726,hemisphere,0.0,0.0,0.028061210352891566,0.999606206700184
2025/05/07 10:25:39.366340030,1746606339,364856807,hemisphere,0.0,0.0,0.028017594277367386,0.9996074301499108
2025/05/07 10:25:39.415714079,1746606339,415212648,hemisphere,0.0,0.0,0.028000147832217437,0.9996079189969306
2025/05/07 10:25:39.465997920,1746606339,465605228,hemisphere,0.0,0.0,0.02805248714205804,0.9996064515423781
2025/05/07 10:25:39.516640710,1746606339,516052112,hemisphere,0.0,0.0,0.027982701378538144,0.9996084075394522
2025/05/07 10:25:39.566495940,1746606339,565738001,hemisphere,0.0,0.0,0.027956531682038346,0.9996091397823007
2025/05/07 10:25:39.616216568,1746606339,615299759,hemisphere,0.0,0.0,0.027965254916334847,0.9996088957774758
2025/05/07 10:25:39.665727624,1746606339,665205623,hemisphere,0.0,0.0,0.027939085207058983,0.9996096275635769
2025/05/07 10:25:39.717143507,1746606339,715170532,hemisphere,0.0,0.0,0.027939085207058983,0.9996096275635769
2025/05/07 10:25:39.765683455,1746606339,765228132,hemisphere,0.0,0.0,0.02787802247764406,0.9996113324001165
2025/05/07 10:25:39.816535429,1746606339,815886720,hemisphere,0.0,0.0,0.027834406178643415,0.9996125478567596
2025/05/07 10:25:39.866265282,1746606339,865525621,hemisphere,0.0,0.0,0.02779078982664999,0.9996137614102815
2025/05/07 10:25:39.927146636,1746606339,915486338,hemisphere,0.0,0.0,0.027764619990051944,0.9996144886288955
2025/05/07 10:25:39.966352145,1746606339,965346399,hemisphere,0.0,0.0,0.02772100355344279,0.9996156991374185
2025/05/07 10:25:40.16961186,1746606340,15734199,hemisphere,0.0,0.0,0.027694833666139083,0.9996164245290315
2025/05/07 10:25:40.66067206,1746606340,65373040,hemisphere,0.0,0.0,0.027738450134424327,0.9996152151623845
2025/05/07 10:25:40.116316509,1746606340,115570587,hemisphere,0.0,0.0,0.027677387064056758,0.9996169077428144
2025/05/07 10:25:40.165586486,1746606340,165190173,hemisphere,0.0,0.0,0.027686110366152126,0.9996166661739856
2025/05/07 10:25:40.215255844,1746606340,214743701,hemisphere,0.0,0.0,0.02765994045354342,0.9996173906520966
2025/05/07 10:25:40.265523385,1746606340,265132510,hemisphere,0.0,0.0,0.027607600571470464,0.9996188375529376
2025/05/07 10:25:40.316169655,1746606340,315387172,hemisphere,0.0,0.0,0.027607600571470464,0.9996188375529376
2025/05/07 10:25:40.365514674,1746606340,365146817,hemisphere,0.0,0.0,0.027555260613709706,0.9996202817132667
2025/05/07 10:25:40.417028874,1746606340,415121365,hemisphere,0.0,0.0,0.027502920580404638,0.99962172313308
2025/05/07 10:25:40.466603033,1746606340,466092324,hemisphere,0.0,0.0,0.027459303828379807,0.9996229222228054
2025/05/07 10:25:40.515530769,1746606340,515085041,hemisphere,0.0,0.0,0.02740696365694952,0.9996243586183295
2025/05/07 10:25:40.565180459,1746606340,564746921,hemisphere,0.0,0.0,0.027354623410381484,0.9996257922733268
2025/05/07 10:25:40.615682145,1746606340,615180907,hemisphere,0.0,0.0,0.02729355969461111,0.9996274614070968
2025/05/07 10:25:40.665296667,1746606340,664858432,hemisphere,0.0,0.0,0.02729355969461111,0.9996274614070968
2025/05/07 10:25:40.715720666,1746606340,715250948,hemisphere,0.0,0.0,0.027258666097000197,0.9996284135230512
2025/05/07 10:25:40.765486517,1746606340,764976282,hemisphere,0.0,0.0,0.027215049053284552,0.9996296019551579
2025/05/07 10:25:40.815199966,1746606340,814694409,hemisphere,0.0,0.0,0.02720632563832113,0.9996298394132008
2025/05/07 10:25:40.865420862,1746606340,865074564,hemisphere,0.0,0.0,0.027136538244081878,0.999631736337001
2025/05/07 10:25:40.915410380,1746606340,914869570,hemisphere,0.0,0.0,0.027136538244081878,0.999631736337001
2025/05/07 10:25:40.966781704,1746606340,965767152,hemisphere,0.0,0.0,0.027127814810495456,0.9996319731099078
2025/05/07 10:25:41.15417197,1746606341,14956930,hemisphere,0.0,0.0,0.027136538244081878,0.999631736337001
2025/05/07 10:25:41.65825101,1746606341,65310873,hemisphere,0.0,0.0,0.027101644497343425,0.9996326829718702
2025/05/07 10:25:41.117572901,1746606341,115466348,hemisphere,0.0,0.0,0.027101644497343425,0.9996326829718702
2025/05/07 10:25:41.165415185,1746606341,164788329,hemisphere,0.0,0.0,0.027153985105054377,0.9996312625628085
2025/05/07 10:25:41.215669312,1746606341,215173226,hemisphere,0.0,0.0,0.027127814810495456,0.9996319731099078
2025/05/07 10:25:41.265244946,1746606341,264863331,hemisphere,0.0,0.0,0.027101644497343425,0.9996326829718702
2025/05/07 10:25:41.315773984,1746606341,315292022,hemisphere,0.0,0.0,0.02709292105549738,0.9996329194402717
2025/05/07 10:25:41.365286360,1746606341,364929896,hemisphere,0.0,0.0,0.02709292105549738,0.9996329194402717
2025/05/07 10:25:41.415170805,1746606341,414728997,hemisphere,0.0,0.0,0.027136538244081878,0.999631736337001
2025/05/07 10:25:41.466374225,1746606341,465826530,hemisphere,0.0,0.0,0.02716270853243911,0.9996310255615228
2025/05/07 10:25:41.515327044,1746606341,514829264,hemisphere,0.0,0.0,0.02720632563832113,0.9996298394132008
2025/05/07 10:25:41.566366664,1746606341,565900633,hemisphere,0.0,0.0,0.027223772466175425,0.9996293644209887
2025/05/07 10:25:41.616151302,1746606341,615632960,hemisphere,0.0,0.0,0.02723249587699309,0.9996291268106935
2025/05/07 10:25:41.665028459,1746606341,664594752,hemisphere,0.0,0.0,0.027311006480948086,0.9996269848923636
2025/05/07 10:25:41.716884679,1746606341,715241166,hemisphere,0.0,0.0,0.02732845325896565,0.9996265080731266
2025/05/07 10:25:41.765159535,1746606341,764725021,hemisphere,0.0,0.0,0.027380793543048752,0.9996250757883943
2025/05/07 10:25:41.816034522,1746606341,815254696,hemisphere,0.0,0.0,0.02740696365694952,0.9996243586183295
2025/05/07 10:25:41.865309569,1746606341,864874839,hemisphere,0.0,0.0,0.02740696365694952,0.9996243586183295
2025/05/07 10:25:41.915689088,1746606341,915243058,hemisphere,0.0,0.0,0.02746802718296972,0.9996226825571115
2025/05/07 10:25:41.965438198,1746606341,964951895,hemisphere,0.0,0.0,0.02748547388587346,0.9996222029973469
2025/05/07 10:25:42.15385944,1746606342,14763988,hemisphere,0.0,0.0,0.027590153927286212,0.9996193192442154
2025/05/07 10:25:42.65483132,1746606342,65092215,hemisphere,0.0,0.0,0.027616323890409265,0.9996185965931107
2025/05/07 10:25:42.115338645,1746606342,114806012,hemisphere,0.0,0.0,0.027668663759853634,0.9996171492355183
2025/05/07 10:25:42.165594890,1746606342,165213426,hemisphere,0.0,0.0,0.027773343271033236,0.9996142462988157
2025/05/07 10:25:42.215535580,1746606342,214922749,hemisphere,0.0,0.0,0.02779078982664999,0.9996137614102815
2025/05/07 10:25:42.265684574,1746606342,265340486,hemisphere,0.0,0.0,0.027886745731077744,0.9996110890804134
2025/05/07 10:25:42.315592585,1746606342,315016973,hemisphere,0.0,0.0,0.027886745731077744,0.9996110890804134
2025/05/07 10:25:42.365111618,1746606342,364689550,hemisphere,0.0,0.0,0.027930361966377444,0.999609871340028
2025/05/07 10:25:42.415655742,1746606342,415081300,hemisphere,0.0,0.0,0.028000147832217437,0.9996079189969306
2025/05/07 10:25:42.465245349,1746606342,464816484,hemisphere,0.0,0.0,0.028043763929088195,0.9996066963084479
2025/05/07 10:25:42.516128163,1746606342,515367792,hemisphere,0.0,0.0,0.028122272768853502,0.9996044906733433
2025/05/07 10:25:42.565293351,1746606342,564931309,hemisphere,0.0,0.0,0.028226950951944395,0.9996015402348861
2025/05/07 10:25:42.615882272,1746606342,615353351,hemisphere,0.0,0.0,0.02829673623544076,0.9995995671859917
2025/05/07 10:25:42.665499986,1746606342,665054101,hemisphere,0.0,0.0,0.02834035196761269,0.9995983315564066
2025/05/07 10:25:42.715311246,1746606342,714790327,hemisphere,0.0,0.0,0.028392690774989737,0.9995968462888205
2025/05/07 10:25:42.765701680,1746606342,765144181,hemisphere,0.0,0.0,0.028427583270005417,0.9995958545879564
2025/05/07 10:25:42.815413441,1746606342,814908428,hemisphere,0.0,0.0,0.028506091257080198,0.9995936188077849
2025/05/07 10:25:42.865693215,1746606342,865292696,hemisphere,0.0,0.0,0.02854098363936645,0.9995926231484992
2025/05/07 10:25:42.915483326,1746606342,914986134,hemisphere,0.0,0.0,0.028654383641402572,0.9995893788441989
2025/05/07 10:25:42.965228653,1746606342,964694256,hemisphere,0.0,0.0,0.028741614161328036,0.9995868744713495
2025/05/07 10:25:43.15715385,1746606343,15178770,hemisphere,0.0,0.0,0.028802675395081835,0.9995851168810416
2025/05/07 10:25:43.65256962,1746606343,64824071,hemisphere,0.0,0.0,0.028855013509906352,0.9995836074062755
2025/05/07 10:25:43.115756430,1746606343,115264968,hemisphere,0.0,0.0,0.028898628545170082,0.9995823474172643
2025/05/07 10:25:43.165420006,1746606343,164935284,hemisphere,0.0,0.0,0.02900330440516777,0.9995793156791417
2025/05/07 10:25:43.215877020,1746606343,215353442,hemisphere,0.0,0.0,0.02906436517669298,0.9995775421031006
2025/05/07 10:25:43.265579974,1746606343,265117124,hemisphere,0.0,0.0,0.029134148782762968,0.9995755105917231
2025/05/07 10:25:43.315354871,1746606343,314821367,hemisphere,0.0,0.0,0.029177763464470794,0.9995742384231455
2025/05/07 10:25:43.367620500,1746606343,365232461,hemisphere,0.0,0.0,0.02924754683962406,0.9995721989950821
2025/05/07 10:25:43.415987190,1746606343,415553877,hemisphere,0.0,0.0,0.029299884277459835,0.9995706662269194
2025/05/07 10:25:43.466543333,1746606343,466052889,hemisphere,0.0,0.0,0.02937839028355498,0.9995683619364647
2025/05/07 10:25:43.516345234,1746606343,515721856,hemisphere,0.0,0.0,0.029430727520303474,0.9995668223173605
2025/05/07 10:25:43.565059015,1746606343,564655485,hemisphere,0.0,0.0,0.02946561896665243,0.9995657943821967
2025/05/07 10:25:43.616394576,1746606343,615854792,hemisphere,0.0,0.0,0.029544124589602618,0.999563477074985
2025/05/07 10:25:43.665404963,1746606343,664957981,hemisphere,0.0,0.0,0.029596461570353172,0.9995619287780596
2025/05/07 10:25:43.715862094,1746606343,715269567,hemisphere,0.0,0.0,0.02962263003030978,0.9995611536019632
2025/05/07 10:25:43.765301506,1746606343,764939054,hemisphere,0.0,0.0,0.029640075659002497,0.9995606364372942
2025/05/07 10:25:43.815898879,1746606343,815385085,hemisphere,0.0,0.0,0.029718580876310574,0.9995583054283018
2025/05/07 10:25:43.865653058,1746606343,865092241,hemisphere,0.0,0.0,0.029762194806745183,0.99955700775908
2025/05/07 10:25:43.915406388,1746606343,914808127,hemisphere,0.0,0.0,0.029840699738680886,0.9995546671588833
2025/05/07 10:25:43.965676677,1746606343,965192403,hemisphere,0.0,0.0,0.02991920448654415,0.9995523203929308
2025/05/07 10:25:44.15482201,1746606344,14900111,hemisphere,0.0,0.0,0.030006431767693582,0.9995497056437818
2025/05/07 10:25:44.65699421,1746606344,65228488,hemisphere,0.0,0.0,0.03009365882033097,0.9995470832826263
2025/05/07 10:25:44.116049674,1746606344,114951850,hemisphere,0.0,0.0,0.030189608313507872,0.9995441898935119
2025/05/07 10:25:44.165134441,1746606344,164664424,hemisphere,0.0,0.0,0.030311725447824955,0.9995404940773414
2025/05/07 10:25:44.215967809,1746606344,215106818,hemisphere,0.0,0.0,0.03042511952461076,0.999537048889091
2025/05/07 10:25:44.265231919,1746606344,264793812,hemisphere,0.0,0.0,0.030573403495499214,0.9995325242325541
2025/05/07 10:25:44.315813340,1746606344,315261782,hemisphere,0.0,0.0,0.030704241734656773,0.9995285136200467
2025/05/07 10:25:44.365299625,1746606344,364874228,hemisphere,0.0,0.0,0.030817634449776955,0.9995250239023132
2025/05/07 10:25:44.416132400,1746606344,415365452,hemisphere,0.0,0.0,0.03096591663240336,0.9995204410151476
2025/05/07 10:25:44.465368445,1746606344,465029623,hemisphere,0.0,0.0,0.031070585998242622,0.9995171927914627
2025/05/07 10:25:44.515188849,1746606344,514733473,hemisphere,0.0,0.0,0.031288646081393943,0.9995103904544431
2025/05/07 10:25:44.565789023,1746606344,565169937,hemisphere,0.0,0.0,0.03143692608792151,0.9995057376914565
2025/05/07 10:25:44.615294087,1746606344,614840741,hemisphere,0.0,0.0,0.03156776081333093,0.9995016140443358
2025/05/07 10:25:44.665617171,1746606344,665247570,hemisphere,0.0,0.0,0.031716039514780386,0.9994969198739418
2025/05/07 10:25:44.715390230,1746606344,714948023,hemisphere,0.0,0.0,0.03183815086258318,0.9994930375693727
2025/05/07 10:25:44.765033318,1746606344,764686989,hemisphere,0.0,0.0,0.03196898392211309,0.9994888614021608
2025/05/07 10:25:44.815627857,1746606344,815085084,hemisphere,0.0,0.0,0.032134705010863074,0.9994835470050845
2025/05/07 10:25:44.865295554,1746606344,864804117,hemisphere,0.0,0.0,0.032248092615477536,0.9994798950067298
2025/05/07 10:25:44.915916186,1746606344,915260138,hemisphere,0.0,0.0,0.032396368087356325,0.9994750999073206
2025/05/07 10:25:44.965275063,1746606344,964929527,hemisphere,0.0,0.0,0.03252719879406932,0.9994708506697988
2025/05/07 10:25:45.15769636,1746606345,15327531,hemisphere,0.0,0.0,0.03265802894343752,0.9994665843066138
2025/05/07 10:25:45.65458353,1746606345,65022257,hemisphere,0.0,0.0,0.03276269266013743,0.9994631588856377
2025/05/07 10:25:45.115129798,1746606345,114707263,hemisphere,0.0,0.0,0.032876077947751964,0.9994594356444755
2025/05/07 10:25:45.165453342,1746606345,165115758,hemisphere,0.0,0.0,0.033024350377512744,0.9994545473817923
2025/05/07 10:25:45.215384883,1746606345,214857191,hemisphere,0.0,0.0,0.033111569114533855,0.9994516616579181
2025/05/07 10:25:45.265662754,1746606345,265247070,hemisphere,0.0,0.0,0.03322495309558424,0.9994478988380516
2025/05/07 10:25:45.315391669,1746606345,314951994,hemisphere,0.0,0.0,0.03332961485243795,0.9994444140490196
2025/05/07 10:25:45.365249728,1746606345,364711949,hemisphere,0.0,0.0,0.03350405030107149,0.9994385817114643
2025/05/07 10:25:45.415713908,1746606345,415128792,hemisphere,0.0,0.0,0.03357382419505679,0.999436240251933
2025/05/07 10:25:45.465974786,1746606345,465509442,hemisphere,0.0,0.0,0.033687206423629545,0.9994324249909905
2025/05/07 10:25:45.515689602,1746606345,515223585,hemisphere,0.0,0.0,0.03374825821337409,0.9994303652919314
2025/05/07 10:25:45.566050797,1746606345,565632892,hemisphere,0.0,0.0,0.033826753186539674,0.9994277116274378
2025/05/07 10:25:45.616443881,1746606345,616009654,hemisphere,0.0,0.0,0.03390524795104483,0.9994250517979716
2025/05/07 10:25:45.666026824,1746606345,665689010,hemisphere,0.0,0.0,0.03395757767788672,0.9994232751533508
2025/05/07 10:25:45.715149130,1746606345,714689479,hemisphere,0.0,0.0,0.034027350502167444,0.9994209020316729
2025/05/07 10:25:45.765466751,1746606345,765130928,hemisphere,0.0,0.0,0.03409712316060299,0.9994185240389387
2025/05/07 10:25:45.815266089,1746606345,814808917,hemisphere,0.0,0.0,0.03418433874990958,0.9994155446981158
2025/05/07 10:25:45.865682606,1746606345,865242857,hemisphere,0.0,0.0,0.03425411103395013,0.9994131557455475
2025/05/07 10:25:45.915396603,1746606345,914933858,hemisphere,0.0,0.0,0.03426283255772347,0.9994128567839826
2025/05/07 10:25:45.966578736,1746606345,966088465,hemisphere,0.0,0.0,0.03430644013743794,0.9994113608345147
2025/05/07 10:25:46.15641496,1746606346,15121991,hemisphere,0.0,0.0,0.03430644013743794,0.9994113608345147
2025/05/07 10:25:46.66127378,1746606346,65290850,hemisphere,0.0,0.0,0.03433260465392092,0.9994104623515193
2025/05/07 10:25:46.115565877,1746606346,115127653,hemisphere,0.0,0.0,0.03428899711338526,0.9994119594426306
2025/05/07 10:25:46.165242983,1746606346,164884329,hemisphere,0.0,0.0,0.03428027559744169,0.9994122586325243
2025/05/07 10:25:46.215841681,1746606346,215335527,hemisphere,0.0,0.0,0.03424538950756818,0.9994134546310025
2025/05/07 10:25:46.265415454,1746606346,265002098,hemisphere,0.0,0.0,0.0342192249127774,0.9994143508307097
2025/05/07 10:25:46.315194526,1746606346,314744397,hemisphere,0.0,0.0,0.03418433874990958,0.9994155446981158
2025/05/07 10:25:46.365411981,1746606346,365043960,hemisphere,0.0,0.0,0.03419306029453313,0.999415246345429
2025/05/07 10:25:46.415332265,1746606346,414829706,hemisphere,0.0,0.0,0.03418433874990958,0.9994155446981158
2025/05/07 10:25:46.465679165,1746606346,465245398,hemisphere,0.0,0.0,0.0342192249127774,0.9994143508307097
2025/05/07 10:25:46.515449903,1746606346,514939332,hemisphere,0.0,0.0,0.03417561720268275,0.9994158429746928
2025/05/07 10:25:46.565861976,1746606346,565392967,hemisphere,0.0,0.0,0.0342192249127774,0.9994143508307097
2025/05/07 10:25:46.615740361,1746606346,615113483,hemisphere,0.0,0.0,0.0342192249127774,0.9994143508307097
2025/05/07 10:25:46.665078917,1746606346,664770105,hemisphere,0.0,0.0,0.0342192249127774,0.9994143508307097
2025/05/07 10:25:46.715694844,1746606346,715199693,hemisphere,0.0,0.0,0.034201781836552723,0.9994149479166323
2025/05/07 10:25:46.765332848,1746606346,764877898,hemisphere,0.0,0.0,0.0341668956528533,0.9994161411751599
2025/05/07 10:25:46.815875016,1746606346,815314494,hemisphere,0.0,0.0,0.03415817410042189,0.9994164392995171
2025/05/07 10:25:46.865334087,1746606346,864986034,hemisphere,0.0,0.0,0.0341668956528533,0.9994161411751599
2025/05/07 10:25:46.915358101,1746606346,914717273,hemisphere,0.0,0.0,0.03413200942752256,0.9994173332159291
2025/05/07 10:25:46.965496609,1746606346,965136761,hemisphere,0.0,0.0,0.03414945254538919,0.9994167373477644
2025/05/07 10:25:47.15287364,1746606347,14798276,hemisphere,0.0,0.0,0.03415817410042189,0.9994164392995171
2025/05/07 10:25:47.65688476,1746606347,65233018,hemisphere,0.0,0.0,0.03411456629925872,0.999417928779654
2025/05/07 10:25:47.116112757,1746606347,114949990,hemisphere,0.0,0.0,0.03411456629925872,0.999417928779654
2025/05/07 10:25:47.165755694,1746606347,165339870,hemisphere,0.0,0.0,0.034105844731229504,0.9994182264473513
2025/05/07 10:25:47.215393934,1746606347,215041496,hemisphere,0.0,0.0,0.03407968001156069,0.9994191189937831
2025/05/07 10:25:47.265217286,1746606347,264721836,hemisphere,0.0,0.0,0.03411456629925872,0.999417928779654
2025/05/07 10:25:47.315622947,1746606347,315161177,hemisphere,0.0,0.0,0.03414945254538919,0.9994167373477644
2025/05/07 10:25:47.365334877,1746606347,364847764,hemisphere,0.0,0.0,0.03414945254538919,0.9994167373477644
2025/05/07 10:25:47.417139124,1746606347,415621906,hemisphere,0.0,0.0,0.034140730987755864,0.9994170353199018
2025/05/07 10:25:47.466573500,1746606347,465717456,hemisphere,0.0,0.0,0.0342105033759677,0.9994146494117259
2025/05/07 10:25:47.515106622,1746606347,514644782,hemisphere,0.0,0.0,0.03424538950756818,0.9994134546310025
2025/05/07 10:25:47.566210729,1746606347,565806045,hemisphere,0.0,0.0,0.03433260465392092,0.9994104623515193
2025/05/07 10:25:47.615260396,1746606347,614799364,hemisphere,0.0,0.0,0.03442854101289967,0.9994071620534462
2025/05/07 10:25:47.665600441,1746606347,665250329,hemisphere,0.0,0.0,0.034489591258036016,0.9994050570688812
2025/05/07 10:25:47.715379893,1746606347,714926469,hemisphere,0.0,0.0,0.03459424852157599,0.9994014398474856
2025/05/07 10:25:47.765797272,1746606347,765345860,hemisphere,0.0,0.0,0.03469018401325106,0.9993981144334458
2025/05/07 10:25:47.815589563,1746606347,815070352,hemisphere,0.0,0.0,0.03481228326749567,0.9993938687693175
2025/05/07 10:25:47.865133239,1746606347,864745186,hemisphere,0.0,0.0,0.03494310332037955,0.9993893032899348
2025/05/07 10:25:47.916119332,1746606347,915266953,hemisphere,0.0,0.0,0.0350739227745228,0.9993847206862865
2025/05/07 10:25:47.965314161,1746606347,964873877,hemisphere,0.0,0.0,0.03523962655340824,0.9993788914722866
2025/05/07 10:25:48.15725930,1746606348,15227879,hemisphere,0.0,0.0,0.035396608187191314,0.9993733437153718
2025/05/07 10:25:48.65555154,1746606348,64959165,hemisphere,0.0,0.0,0.035588473442025516,0.9993665296366825
2025/05/07 10:25:48.115110408,1746606348,114691135,hemisphere,0.0,0.0,0.03575417419764778,0.9993606151072016
2025/05/07 10:25:48.165681473,1746606348,165125410,hemisphere,0.0,0.0,0.03591115295423816,0.9993549865255575
2025/05/07 10:25:48.216558747,1746606348,215988967,hemisphere,0.0,0.0,0.03611173563101685,0.9993477585654132
2025/05/07 10:25:48.266007754,1746606348,265231350,hemisphere,0.0,0.0,0.03625127054863016,0.9993427066745472
2025/05/07 10:25:48.315696806,1746606348,314974754,hemisphere,0.0,0.0,0.03643440905503871,0.9993360465012808
2025/05/07 10:25:48.366820349,1746606348,365915351,hemisphere,0.0,0.0,0.036608825542678525,0.9993296722765644
2025/05/07 10:25:48.415777604,1746606348,415260150,hemisphere,0.0,0.0,0.03677452017309346,0.9993235885668059
2025/05/07 10:25:48.465640086,1746606348,464846035,hemisphere,0.0,0.0,0.03697509653050731,0.9993161873183881
2025/05/07 10:25:48.520545315,1746606348,519538581,hemisphere,0.0,0.0,0.03717567139835522,0.9993087458118645
2025/05/07 10:25:48.565834245,1746606348,564906168,hemisphere,0.0,0.0,0.03740240640166073,0.99930028519728
2025/05/07 10:25:48.616512104,1746606348,615457148,hemisphere,0.0,0.0,0.03760297806914117,0.9992927579244892
2025/05/07 10:25:48.665574726,1746606348,664988179,hemisphere,0.0,0.0,0.037829709433911195,0.9992842003575089
2025/05/07 10:25:48.715871015,1746606348,715355728,hemisphere,0.0,0.0,0.037977955812482644,0.9992785772107321
2025/05/07 10:25:48.765547214,1746606348,765086917,hemisphere,0.0,0.0,0.03819596367340704,0.9992702679250793
2025/05/07 10:25:48.815226306,1746606348,814814957,hemisphere,0.0,0.0,0.03844885051380426,0.999260569568402
2025/05/07 10:25:48.865534652,1746606348,865175183,hemisphere,0.0,0.0,0.03868429466918083,0.9992514825337754
2025/05/07 10:25:48.915633931,1746606348,914971807,hemisphere,0.0,0.0,0.03895461679093896,0.9992409808603083
2025/05/07 10:25:48.965857822,1746606348,965305679,hemisphere,0.0,0.0,0.0392249360618294,0.999230406058055
2025/05/07 10:25:49.16182397,1746606349,15101481,hemisphere,0.0,0.0,0.039486532623200045,0.9992201027508388
2025/05/07 10:25:49.65187197,1746606349,64751485,hemisphere,0.0,0.0,0.039721967215003186,0.999210771219251
2025/05/07 10:25:49.115825531,1746606349,115226856,hemisphere,0.0,0.0,0.04000099794864289,0.9991996397933262
2025/05/07 10:25:49.165277953,1746606349,164871047,hemisphere,0.0,0.0,0.04034978197654236,0.9991856159365213
2025/05/07 10:25:49.215964801,1746606349,215325287,hemisphere,0.0,0.0,0.040628805661022886,0.9991743091926247
2025/05/07 10:25:49.265424202,1746606349,264954817,hemisphere,0.0,0.0,0.040916545517026184,0.9991625675048846
2025/05/07 10:25:49.315905171,1746606349,315366928,hemisphere,0.0,0.0,0.0411955627430718,0.9991511024916511
2025/05/07 10:25:49.365553936,1746606349,365076308,hemisphere,0.0,0.0,0.04151817240461113,0.9991377489416468
2025/05/07 10:25:49.415244157,1746606349,414793269,hemisphere,0.0,0.0,0.04181462071054702,0.9991253862728307
2025/05/07 10:25:49.466378971,1746606349,465901451,hemisphere,0.0,0.0,0.042084908605438766,0.9991140377692989
2025/05/07 10:25:49.515321241,1746606349,514844124,hemisphere,0.0,0.0,0.04239878745558411,0.9991007671012451
2025/05/07 10:25:49.566544775,1746606349,565972219,hemisphere,0.0,0.0,0.04271266212113688,0.9990873978258987
2025/05/07 10:25:49.616224943,1746606349,615716537,hemisphere,0.0,0.0,0.042991658285815984,0.9990754312452267
2025/05/07 10:25:49.665052292,1746606349,664697329,hemisphere,0.0,0.0,0.043305524962617976,0.9990618757152693
2025/05/07 10:25:49.715589328,1746606349,715079948,hemisphere,0.0,0.0,0.04358451397706305,0.999049743577057
2025/05/07 10:25:49.765262955,1746606349,764819507,hemisphere,0.0,0.0,0.0438809360803274,0.9990367678162372
2025/05/07 10:25:49.815798091,1746606349,815229891,hemisphere,0.0,0.0,0.04415991806088859,0.9990244749939091
2025/05/07 10:25:49.865393979,1746606349,864937406,hemisphere,0.0,0.0,0.04443017857083308,0.9990124920300867
2025/05/07 10:25:49.915829618,1746606349,915337406,hemisphere,0.0,0.0,0.04470043582918451,0.9990004359541996
2025/05/07 10:25:49.966672658,1746606349,965929455,hemisphere,0.0,0.0,0.0449706898161643,0.9989883067671305
2025/05/07 10:25:50.15279910,1746606350,14788608,hemisphere,0.0,0.0,0.04518863418348743,0.9989784719104967
2025/05/07 10:25:50.65576550,1746606350,65175262,hemisphere,0.0,0.0,0.045450164584280535,0.9989666073194148
2025/05/07 10:25:50.115461773,1746606350,114910723,hemisphere,0.0,0.0,0.045685539282090286,0.9989558706471996
2025/05/07 10:25:50.165673488,1746606350,165256733,hemisphere,0.0,0.0,0.0459470637488579,0.9989438759674432
2025/05/07 10:25:50.215538520,1746606350,214995038,hemisphere,0.0,0.0,0.04617371574004534,0.998933425196473
2025/05/07 10:25:50.265087946,1746606350,264678471,hemisphere,0.0,0.0,0.0464526687725055,0.9989204921133172
2025/05/07 10:25:50.315718236,1746606350,315164788,hemisphere,0.0,0.0,0.04669674970509032,0.9989091117649194
2025/05/07 10:25:50.365212617,1746606350,364779943,hemisphere,0.0,0.0,0.046923393789233436,0.9988984908964977
2025/05/07 10:25:50.415764156,1746606350,415283291,hemisphere,0.0,0.0,0.04715875239659502,0.998887407104723
2025/05/07 10:25:50.465320047,1746606350,464918691,hemisphere,0.0,0.0,0.04738539154421497,0.9988766814117754
2025/05/07 10:25:50.517093111,1746606350,515854013,hemisphere,0.0,0.0,0.047603311501197905,0.9988663197516072
2025/05/07 10:25:50.565411356,1746606350,565043163,hemisphere,0.0,0.0,0.047829945852806206,0.998855493191942
2025/05/07 10:25:50.615252688,1746606350,614773670,hemisphere,0.0,0.0,0.04810016051448028,0.9988425173962516
2025/05/07 10:25:50.666960132,1746606350,665534156,hemisphere,0.0,0.0,0.04830935654564599,0.998832421415197
2025/05/07 10:25:50.715829800,1746606350,715169698,hemisphere,0.0,0.0,0.04863186293873183,0.9988167709380478
2025/05/07 10:25:50.765628194,1746606350,765236781,hemisphere,0.0,0.0,0.04886720224385787,0.9988052845999854
2025/05/07 10:25:50.815504018,1746606350,814996541,hemisphere,0.0,0.0,0.04914611938769165,0.9987915993585103
2025/05/07 10:25:50.866134105,1746606350,865453491,hemisphere,0.0,0.0,0.04940760072974473,0.9987786987066405
2025/05/07 10:25:50.915584229,1746606350,915112119,hemisphere,0.0,0.0,0.04971265801425297,0.9987635614264059
2025/05/07 10:25:50.965223614,1746606350,964761609,hemisphere,0.0,0.0,0.05004385781413048,0.9987470211695648
2025/05/07 10:25:51.15953211,1746606351,15289283,hemisphere,0.0,0.0,0.05033147422961337,0.9987325681592014
2025/05/07 10:25:51.65711331,1746606351,65003744,hemisphere,0.0,0.0,0.05066266371770982,0.9987158226968402
2025/05/07 10:25:51.115800428,1746606351,115394136,hemisphere,0.0,0.0,0.05095027112301821,0.9987011914844655
2025/05/07 10:25:51.165401593,1746606351,164973559,hemisphere,0.0,0.0,0.0512553046623358,0.9986855830259947
2025/05/07 10:25:51.215332795,1746606351,214786481,hemisphere,0.0,0.0,0.05161262358210412,0.9986671803393621
2025/05/07 10:25:51.265671421,1746606351,265189213,hemisphere,0.0,0.0,0.05196122103917459,0.9986491032931027
2025/05/07 10:25:51.315449398,1746606351,314881517,hemisphere,0.0,0.0,0.05231852686158438,0.9986304480372276
2025/05/07 10:25:51.365819247,1746606351,365322748,hemisphere,0.0,0.0,0.05268454051515855,0.9986112052198827
2025/05/07 10:25:51.415483634,1746606351,414979724,hemisphere,0.0,0.0,0.05304183273162435,0.9985922911681576
2025/05/07 10:25:51.465868306,1746606351,465443887,hemisphere,0.0,0.0,0.05340783235139278,0.9985727832479341
2025/05/07 10:25:51.516233914,1746606351,515790608,hemisphere,0.0,0.0,0.053808680843923255,0.9985512635142159
2025/05/07 10:25:51.565188719,1746606351,564794686,hemisphere,0.0,0.0,0.05417466537476371,0.9985314745322414
2025/05/07 10:25:51.615778470,1746606351,615217083,hemisphere,0.0,0.0,0.05458421086152674,0.998509170676276
2025/05/07 10:25:51.666064929,1746606351,665650677,hemisphere,0.0,0.0,0.05495889337150118,0.9984886178817363
2025/05/07 10:25:51.715793121,1746606351,715329478,hemisphere,0.0,0.0,0.055342281417018684,0.9984674415761186
2025/05/07 10:25:51.765739968,1746606351,765056061,hemisphere,0.0,0.0,0.055708235122505806,0.9984470905058193
2025/05/07 10:25:51.815144524,1746606351,814722282,hemisphere,0.0,0.0,0.056152597413537945,0.9984221981725533
2025/05/07 10:25:51.865591546,1746606351,865141933,hemisphere,0.0,0.0,0.05655338523619722,0.9983995766316842
2025/05/07 10:25:51.915341310,1746606351,914866307,hemisphere,0.0,0.0,0.056962876424644676,0.9983762971492416
2025/05/07 10:25:51.965739595,1746606351,965259629,hemisphere,0.0,0.0,0.057381070300491485,0.9983523490086904
2025/05/07 10:25:52.15528087,1746606352,15052660,hemisphere,0.0,0.0,0.05777311791664134,0.9983297385364166
2025/05/07 10:25:52.65011940,1746606352,64629421,hemisphere,0.0,0.0,0.05818258035823427,0.9983059587836074
2025/05/07 10:25:52.115690074,1746606352,115059550,hemisphere,0.0,0.0,0.05860074466381185,0.998281499740853
2025/05/07 10:25:52.165086808,1746606352,164730657,hemisphere,0.0,0.0,0.05901018725053506,0.9982573805390356
2025/05/07 10:25:52.215710572,1746606352,215219580,hemisphere,0.0,0.0,0.05939348620863818,0.9982346486653247
2025/05/07 10:25:52.265257276,1746606352,264827538,hemisphere,0.0,0.0,0.05980290951260261,0.9982102043226304
2025/05/07 10:25:52.315772884,1746606352,315333495,hemisphere,0.0,0.0,0.06020361194136823,0.9981861174696897
2025/05/07 10:25:52.365466130,1746606352,365057430,hemisphere,0.0,0.0,0.060560751583351106,0.9981645131778928
2025/05/07 10:25:52.415196914,1746606352,414706136,hemisphere,0.0,0.0,0.06096143560945586,0.9981401221113367
2025/05/07 10:25:52.465644282,1746606352,465143345,hemisphere,0.0,0.0,0.061353399608231496,0.998116105649294
2025/05/07 10:25:52.515339240,1746606352,514841316,hemisphere,0.0,0.0,0.06171051412691557,0.9980940899765872
2025/05/07 10:25:52.565679220,1746606352,565200128,hemisphere,0.0,0.0,0.0620589109225166,0.9980724881365637
2025/05/07 10:25:52.615518418,1746606352,614950287,hemisphere,0.0,0.0,0.0623985905180785,0.9980513092528647
2025/05/07 10:25:52.665892592,1746606352,665401163,hemisphere,0.0,0.0,0.06272955342867896,0.998030562220736
2025/05/07 10:25:52.715538576,1746606352,715060571,hemisphere,0.0,0.0,0.06308663725248233,0.998008054176004
2025/05/07 10:25:52.765173723,1746606352,764805919,hemisphere,0.0,0.0,0.06342629485912063,0.9979865255204822
2025/05/07 10:25:52.815757716,1746606352,815201068,hemisphere,0.0,0.0,0.06378336288232657,0.9979637681897181
2025/05/07 10:25:52.865232284,1746606352,864862805,hemisphere,0.0,0.0,0.06410558799290501,0.9979431214192941
2025/05/07 10:25:52.915747359,1746606352,915339087,hemisphere,0.0,0.0,0.06443651493320533,0.9979218083313256
2025/05/07 10:25:52.965511070,1746606352,965010336,hemisphere,0.0,0.0,0.06476743478762265,0.9979003855050018
2025/05/07 10:25:53.15226899,1746606353,14730616,hemisphere,0.0,0.0,0.06507222309018106,0.9978805568714634
2025/05/07 10:25:53.65555617,1746606353,65093710,hemisphere,0.0,0.0,0.06538571329650156,0.9978600645865671
2025/05/07 10:25:53.115319361,1746606353,114858514,hemisphere,0.0,0.0,0.06569048925489714,0.997840047112488
2025/05/07 10:25:53.165676263,1746606353,165257245,hemisphere,0.0,0.0,0.06595172091419098,0.9978228151873741
2025/05/07 10:25:53.215460940,1746606353,214925135,hemisphere,0.0,0.0,0.0662913153108081,0.9978003114423061
2025/05/07 10:25:53.265691427,1746606353,265341259,hemisphere,0.0,0.0,0.06659607297640321,0.9977800173706235
2025/05/07 10:25:53.315570054,1746606353,315049838,hemisphere,0.0,0.0,0.06684858176555705,0.9977631317682237
2025/05/07 10:25:53.365288046,1746606353,364824394,hemisphere,0.0,0.0,0.0671794488682106,0.997740909078987
2025/05/07 10:25:53.416420143,1746606353,415922937,hemisphere,0.0,0.0,0.06745806806831779,0.9977221101351269
2025/05/07 10:25:53.466544932,1746606353,465641101,hemisphere,0.0,0.0,0.0677453886085168,0.9977026422347899
2025/05/07 10:25:53.516458699,1746606353,516001893,hemisphere,0.0,0.0,0.06806752919867361,0.9976807161957114
2025/05/07 10:25:53.566152020,1746606353,565747916,hemisphere,0.0,0.0,0.06834613155512988,0.9976616692553889
2025/05/07 10:25:53.615150524,1746606353,614740117,hemisphere,0.0,0.0,0.06865955283431795,0.997640148452633
2025/05/07 10:25:53.665551838,1746606353,665101636,hemisphere,0.0,0.0,0.06900779075107845,0.9976161209682086
2025/05/07 10:25:53.715301531,1746606353,714790146,hemisphere,0.0,0.0,0.06926896367296335,0.9975980205832777
2025/05/07 10:25:53.765561806,1746606353,765210782,hemisphere,0.0,0.0,0.06962589231804482,0.9975731728143635
2025/05/07 10:25:53.819642067,1746606353,814910381,hemisphere,0.0,0.0,0.0699741067970249,0.9975488080179128
2025/05/07 10:25:53.866457754,1746606353,866027106,hemisphere,0.0,0.0,0.07029619760010335,0.9975261623651619
2025/05/07 10:25:53.915559395,1746606353,915065920,hemisphere,0.0,0.0,0.07061828107442986,0.9975034127150106
2025/05/07 10:25:53.965351069,1746606353,964770391,hemisphere,0.0,0.0,0.07096647114208225,0.9974787015137918
2025/05/07 10:25:54.15735431,1746606354,15220327,hemisphere,0.0,0.0,0.07134947022752464,0.9974513788141514
2025/05/07 10:25:54.65646001,1746606354,64948617,hemisphere,0.0,0.0,0.07169764208737296,0.9974264123829442
2025/05/07 10:25:54.115762101,1746606354,115303300,hemisphere,0.0,0.0,0.0720545091768751,0.9974006956621194
2025/05/07 10:25:54.165539785,1746606354,165008106,hemisphere,0.0,0.0,0.0724200707770436,0.9973742193122138
2025/05/07 10:25:54.215061848,1746606354,214691733,hemisphere,0.0,0.0,0.07279432614557937,0.9973469737664075
2025/05/07 10:25:54.265422575,1746606354,265050573,hemisphere,0.0,0.0,0.073142461473166,0.9973215029917115
2025/05/07 10:25:54.315346469,1746606354,314845761,hemisphere,0.0,0.0,0.07351669700926525,0.9972939863755561
2025/05/07 10:25:54.365745584,1746606354,365233547,hemisphere,0.0,0.0,0.0738387053493599,0.9972701968836382
2025/05/07 10:25:54.415492064,1746606354,414954044,hemisphere,0.0,0.0,0.07421292158403976,0.9972424190085183
2025/05/07 10:25:54.465874222,1746606354,465369622,hemisphere,0.0,0.0,0.07456972268109716,0.9972158023513589
2025/05/07 10:25:54.515577899,1746606354,515051015,hemisphere,0.0,0.0,0.07488300357994661,0.9971923263718216
2025/05/07 10:25:54.565163931,1746606354,564768758,hemisphere,0.0,0.0,0.07523108479816053,0.9971661265205974
2025/05/07 10:25:54.615736463,1746606354,615181879,hemisphere,0.0,0.0,0.0755617534654816,0.997141124120965
2025/05/07 10:25:54.665549296,1746606354,665015060,hemisphere,0.0,0.0,0.07590981676938684,0.997114687344459
2025/05/07 10:25:54.715832044,1746606354,715284008,hemisphere,0.0,0.0,0.0762665720563998,0.9970874635591234
2025/05/07 10:25:54.765395712,1746606354,764944487,hemisphere,0.0,0.0,0.0766320185680925,0.997059443428615
2025/05/07 10:25:54.815909345,1746606354,815378400,hemisphere,0.0,0.0,0.07696265178093306,0.9970339764676261
2025/05/07 10:25:54.865593885,1746606354,865124151,hemisphere,0.0,0.0,0.07725847432485226,0.9970110973028316
2025/05/07 10:25:54.915610360,1746606354,914866837,hemisphere,0.0,0.0,0.07762389278022659,0.9969827136262914
2025/05/07 10:25:54.965620764,1746606354,965211194,hemisphere,0.0,0.0,0.07794580040063913,0.9969575979949719
2025/05/07 10:25:55.15653637,1746606355,14974402,hemisphere,0.0,0.0,0.07827639976801926,0.9969316953730367
2025/05/07 10:25:55.65784633,1746606355,65357898,hemisphere,0.0,0.0,0.07857219190669969,0.9969084264158754
2025/05/07 10:25:55.115518449,1746606355,115009502,hemisphere,0.0,0.0,0.07888537604303872,0.9968836930387358
2025/05/07 10:25:55.165236830,1746606355,164785444,hemisphere,0.0,0.0,0.07921595085094665,0.9968574788457879
2025/05/07 10:25:55.215706697,1746606355,215143391,hemisphere,0.0,0.0,0.07952911894986651,0.9968325432283288
2025/05/07 10:25:55.269831693,1746606355,268531700,hemisphere,0.0,0.0,0.07982488161437264,0.9968089025862739
2025/05/07 10:25:55.315819280,1746606355,315299828,hemisphere,0.0,0.0,0.0801380344225612,0.9967837756699737
2025/05/07 10:25:55.366611489,1746606355,365330253,hemisphere,0.0,0.0,0.08045117932144288,0.996758550375059
2025/05/07 10:25:55.416142566,1746606355,415462014,hemisphere,0.0,0.0,0.08074691999124128,0.9967346361554454
2025/05/07 10:25:55.466109380,1746606355,465740548,hemisphere,0.0,0.0,0.08102525765793142,0.9967120484981938
2025/05/07 10:25:55.515289898,1746606355,514775082,hemisphere,0.0,0.0,0.08132098450507606,0.9966879639481583
2025/05/07 10:25:55.565655261,1746606355,565198353,hemisphere,0.0,0.0,0.08159930911604402,0.9966652159836744
2025/05/07 10:25:55.616119080,1746606355,615595232,hemisphere,0.0,0.0,0.08187762736372986,0.9966423902971849
2025/05/07 10:25:55.666417556,1746606355,666006875,hemisphere,0.0,0.0,0.08212115059351298,0.996622354066573
2025/05/07 10:25:55.724494348,1746606355,715027047,hemisphere,0.0,0.0,0.08237336591248569,0.9966015395273318
2025/05/07 10:25:55.765099463,1746606355,764677130,hemisphere,0.0,0.0,0.08264296955700275,0.9965792189198008
2025/05/07 10:25:55.815631212,1746606355,815168333,hemisphere,0.0,0.0,0.08292996033850594,0.9965553781292106
2025/05/07 10:25:55.865349932,1746606355,864853989,hemisphere,0.0,0.0,0.08314737301977965,0.9965372619023884
2025/05/07 10:25:55.915778958,1746606355,915281976,hemisphere,0.0,0.0,0.08341695924720338,0.9965147319081392
2025/05/07 10:25:55.965436675,1746606355,964937908,hemisphere,0.0,0.0,0.08366045123820501,0.9964943195516068
2025/05/07 10:25:56.15836307,1746606356,15364013,hemisphere,0.0,0.0,0.08389524235628733,0.9964745798614132
2025/05/07 10:25:56.67008897,1746606356,65947244,hemisphere,0.0,0.0,0.08413872452201525,0.9964540506394705
2025/05/07 10:25:56.115266166,1746606356,114777870,hemisphere,0.0,0.0,0.08437350613868273,0.996434198259908
2025/05/07 10:25:56.165633840,1746606356,165188170,hemisphere,0.0,0.0,0.08462567376842314,0.9964128137169054
2025/05/07 10:25:56.215448340,1746606356,214890690,hemisphere,0.0,0.0,0.08486044565535288,0.9963928466037755
2025/05/07 10:25:56.265694696,1746606356,265285171,hemisphere,0.0,0.0,0.08503434772013702,0.9963780204861059
2025/05/07 10:25:56.315409620,1746606356,314997884,hemisphere,0.0,0.0,0.08525172165789503,0.9963594451574015
2025/05/07 10:25:56.365117180,1746606356,364672218,hemisphere,0.0,0.0,0.08545170209713202,0.9963423139708074
2025/05/07 10:25:56.415626700,1746606356,415090496,hemisphere,0.0,0.0,0.08564298451355032,0.9963258900598799
2025/05/07 10:25:56.465314523,1746606356,464860503,hemisphere,0.0,0.0,0.08586904148080288,0.996306432637654
2025/05/07 10:25:56.515816803,1746606356,515242683,hemisphere,0.0,0.0,0.08603423416198115,0.9962921813163854
2025/05/07 10:25:56.565699757,1746606356,565007388,hemisphere,0.0,0.0,0.08619942447793018,0.9962779026053291
2025/05/07 10:25:56.615851790,1746606356,615364538,hemisphere,0.0,0.0,0.08643416453349384,0.9962575646896725
2025/05/07 10:25:56.665501665,1746606356,665024240,hemisphere,0.0,0.0,0.0865819613667686,0.9962447309601609
2025/05/07 10:25:56.715299307,1746606356,714751118,hemisphere,0.0,0.0,0.08680799989543629,0.996225060492936
2025/05/07 10:25:56.765638307,1746606356,765221834,hemisphere,0.0,0.0,0.08695579190250262,0.9962121713041899
2025/05/07 10:25:56.815508831,1746606356,814974173,hemisphere,0.0,0.0,0.08715574274765817,0.9961946980917455
2025/05/07 10:25:56.866027675,1746606356,865434152,hemisphere,0.0,0.0,0.0873296101940437,0.9961794713721802
2025/05/07 10:25:56.915731866,1746606356,915293315,hemisphere,0.0,0.0,0.08752955446837252,0.9961619231302551
2025/05/07 10:25:56.965945604,1746606356,965497705,hemisphere,0.0,0.0,0.08773818821240875,0.996143569135094
2025/05/07 10:25:57.16563286,1746606357,16117577,hemisphere,0.0,0.0,0.0879381252724669,0.9961259388870285
2025/05/07 10:25:57.65307546,1746606357,64908920,hemisphere,0.0,0.0,0.08818152212844475,0.9961044218128492
2025/05/07 10:25:57.115887497,1746606357,115381087,hemisphere,0.0,0.0,0.08839883630133505,0.9960851598837169
2025/05/07 10:25:57.165650663,1746606357,165070568,hemisphere,0.0,0.0,0.0886596077540292,0.9960619829874553
2025/05/07 10:25:57.215984484,1746606357,215439190,hemisphere,0.0,0.0,0.08887691265682654,0.9960426167572304
2025/05/07 10:25:57.265948504,1746606357,265142395,hemisphere,0.0,0.0,0.08910290526816421,0.9960224255872819
2025/05/07 10:25:57.316090156,1746606357,314930231,hemisphere,0.0,0.0,0.08936366027293008,0.9959990643683478
2025/05/07 10:25:57.366152063,1746606357,365355380,hemisphere,0.0,0.0,0.0896244091528073,0.9959756348847145
2025/05/07 10:25:57.416755660,1746606357,416160851,hemisphere,0.0,0.0,0.08986776923224964,0.9959537057781447
2025/05/07 10:25:57.466737791,1746606357,466130320,hemisphere,0.0,0.0,0.09020672611256308,0.9959230625726332
2025/05/07 10:25:57.516292744,1746606357,515815210,hemisphere,0.0,0.0,0.090476145924763,0.9958986228620869
2025/05/07 10:25:57.565149373,1746606357,564755647,hemisphere,0.0,0.0,0.09076294038386366,0.9958725263068939
2025/05/07 10:25:57.616644747,1746606357,616032175,hemisphere,0.0,0.0,0.09104103691353604,0.9958471416827526
2025/05/07 10:25:57.665357861,1746606357,664900085,hemisphere,0.0,0.0,0.09137126731964366,0.9958168965770777
2025/05/07 10:25:57.715972611,1746606357,715370732,hemisphere,0.0,0.0,0.09166672811446805,0.9957897423436276
2025/05/07 10:25:57.765562084,1746606357,765033385,hemisphere,0.0,0.0,0.09195349116886205,0.9957633029298971
2025/05/07 10:25:57.815886975,1746606357,815410586,hemisphere,0.0,0.0,0.09225762546862132,0.9957351708877675
2025/05/07 10:25:57.865591255,1746606357,865149337,hemisphere,0.0,0.0,0.0925530619759309,0.9957077536701617
2025/05/07 10:25:57.915254704,1746606357,914795310,hemisphere,0.0,0.0,0.09283111242260476,0.9956818691561988
2025/05/07 10:25:57.966335567,1746606357,965385897,hemisphere,0.0,0.0,0.09309177814214285,0.9956575319065959
2025/05/07 10:25:58.15629239,1746606358,15000221,hemisphere,0.0,0.0,0.09341325707375059,0.9956274219821758
2025/05/07 10:25:58.67602829,1746606358,66106200,hemisphere,0.0,0.0,0.09370866156044906,0.9955996618865182
2025/05/07 10:25:58.115847857,1746606358,115212176,hemisphere,0.0,0.0,0.09400405779755862,0.9955718141438081
2025/05/07 10:25:58.165965396,1746606358,165529350,hemisphere,0.0,0.0,0.09431682126324305,0.9955422327690562
2025/05/07 10:25:58.215722966,1746606358,215204397,hemisphere,0.0,0.0,0.09462957542023039,0.9955125531382248
2025/05/07 10:25:58.265395246,1746606358,264899001,hemisphere,0.0,0.0,0.09491625852700723,0.9954852604972283
2025/05/07 10:25:58.316132142,1746606358,315326022,hemisphere,0.0,0.0,0.09522899475604676,0.9954553925504411
2025/05/07 10:25:58.365447802,1746606358,364994929,hemisphere,0.0,0.0,0.09552434812066238,0.9954270937221482
2025/05/07 10:25:58.416577889,1746606358,416140238,hemisphere,0.0,0.0,0.09581969307584613,0.995398707261995
2025/05/07 10:25:58.465641467,1746606358,465157707,hemisphere,0.0,0.0,0.09610634334801517,0.9953710718964428
2025/05/07 10:25:58.515342578,1746606358,514870818,hemisphere,0.0,0.0,0.09641904364492004,0.9953408300791237
2025/05/07 10:25:58.565829623,1746606358,565244737,hemisphere,0.0,0.0,0.09675779156019028,0.9953079572536305
2025/05/07 10:25:58.615567196,1746606358,614947987,hemisphere,0.0,0.0,0.09702704473067206,0.9952817453318594
2025/05/07 10:25:58.665898736,1746606358,665348088,hemisphere,0.0,0.0,0.09735708731512162,0.9952495152219446
2025/05/07 10:25:58.715523875,1746606358,715038939,hemisphere,0.0,0.0,0.0976784342815519,0.9952180281105767
2025/05/07 10:25:58.765859547,1746606358,765441547,hemisphere,0.0,0.0,0.09803450956477686,0.9951830157987995
2025/05/07 10:25:58.815682189,1746606358,815195748,hemisphere,0.0,0.0,0.09834715068696602,0.9951521682394885
2025/05/07 10:25:58.865197647,1746606358,864828739,hemisphere,0.0,0.0,0.09871188639278139,0.9951160552843968
2025/05/07 10:25:58.916697459,1746606358,915769615,hemisphere,0.0,0.0,0.09905924140393867,0.9950815377105919
2025/05/07 10:25:58.965581857,1746606358,965027665,hemisphere,0.0,0.0,0.09943263457785487,0.9950442960898308
2025/05/07 10:25:59.15971216,1746606359,15450474,hemisphere,0.0,0.0,0.0997886475887853,0.9950086561494835
2025/05/07 10:25:59.65530684,1746606359,65104276,hemisphere,0.0,0.0,0.10015333059785095,0.9949720148678342
2025/05/07 10:25:59.115438091,1746606359,114844382,hemisphere,0.0,0.0,0.10054404746191194,0.9949326080292961
2025/05/07 10:25:59.165767269,1746606359,165306153,hemisphere,0.0,0.0,0.1008826562043161,0.9948983313269562
2025/05/07 10:25:59.215464204,1746606359,214962465,hemisphere,0.0,0.0,0.10122993508322574,0.994863056024821
2025/05/07 10:25:59.265876568,1746606359,265378603,hemisphere,0.0,0.0,0.1015945646302511,0.9948258864935059
2025/05/07 10:25:59.315572125,1746606359,315057162,hemisphere,0.0,0.0,0.1019331369902923,0.9947912522651766
2025/05/07 10:25:59.372386261,1746606359,365443280,hemisphere,0.0,0.0,0.10228037842755996,0.9947556102826036
2025/05/07 10:25:59.416381974,1746606359,415915636,hemisphere,0.0,0.0,0.1026449685231085,0.9947180557509199
2025/05/07 10:25:59.465470141,1746606359,464905465,hemisphere,0.0,0.0,0.10296614361312113,0.9946848612849409
2025/05/07 10:25:59.515763043,1746606359,515265665,hemisphere,0.0,0.0,0.1033133478499972,0.9946488587215216
2025/05/07 10:25:59.565500741,1746606359,564997026,hemisphere,0.0,0.0,0.10362582090129394,0.9946163527926398
2025/05/07 10:25:59.616725233,1746606359,616159077,hemisphere,0.0,0.0,0.10394696310172517,0.9945828416285536
2025/05/07 10:25:59.665442545,1746606359,665073698,hemisphere,0.0,0.0,0.104233378084456,0.9945528658111156
2025/05/07 10:25:59.716581249,1746606359,714814659,hemisphere,0.0,0.0,0.10454582093328935,0.9945200708509531
2025/05/07 10:25:59.766190627,1746606359,765488475,hemisphere,0.0,0.0,0.10487561052351248,0.9944853474623548
2025/05/07 10:25:59.815453714,1746606359,814945855,hemisphere,0.0,0.0,0.10517935389124591,0.9944532686431374
2025/05/07 10:25:59.866516704,1746606359,866024625,hemisphere,0.0,0.0,0.10547440948172997,0.9944220175280113
2025/05/07 10:25:59.916305575,1746606359,915761109,hemisphere,0.0,0.0,0.10578681116212103,0.9943888326928002
2025/05/07 10:25:59.965902303,1746606359,965493428,hemisphere,0.0,0.0,0.10608184760733547,0.9943574013443125
2025/05/07 10:26:00.15729544,1746606360,15142031,hemisphere,0.0,0.0,0.10641158316985236,0.9943221685989333
2025/05/07 10:26:00.65599009,1746606360,65079655,hemisphere,0.0,0.0,0.10674130703061864,0.9942868265110402
2025/05/07 10:26:00.115833354,1746606360,115292053,hemisphere,0.0,0.0,0.10701896012636564,0.9942569799470715
2025/05/07 10:26:00.165386152,1746606360,164967156,hemisphere,0.0,0.0,0.10733998611349366,0.9942223732048857
2025/05/07 10:26:00.216643990,1746606360,216042819,hemisphere,0.0,0.0,0.10766100090985806,0.9941876628097371
2025/05/07 10:26:00.265764862,1746606360,265128617,hemisphere,0.0,0.0,0.10793862627801623,0.9941575594226575
2025/05/07 10:26:00.315397815,1746606360,314801510,hemisphere,0.0,0.0,0.10820756782680803,0.9941283228361452
2025/05/07 10:26:00.365605106,1746606360,365190908,hemisphere,0.0,0.0,0.10848517660280854,0.9940980668211047
2025/05/07 10:26:00.416137976,1746606360,415662726,hemisphere,0.0,0.0,0.10873675224924169,0.9940705803464295
2025/05/07 10:26:00.465855314,1746606360,465330403,hemisphere,0.0,0.0,0.10899699558928298,0.994042079065323
2025/05/07 10:26:00.515680925,1746606360,515047167,hemisphere,0.0,0.0,0.10920518488338603,0.9940192289863339
2025/05/07 10:26:00.566528238,1746606360,565973660,hemisphere,0.0,0.0,0.10941336938721366,0.9939963353047823
2025/05/07 10:26:00.616049819,1746606360,615199368,hemisphere,0.0,0.0,0.10964757121677327,0.9939705277955995
2025/05/07 10:26:00.666714299,1746606360,665608776,hemisphere,0.0,0.0,0.10984707167816662,0.9939485000963237
2025/05/07 10:26:00.715671715,1746606360,715245544,hemisphere,0.0,0.0,0.11006391498630419,0.9939245115288624
2025/05/07 10:26:00.767409080,1746606360,765889553,hemisphere,0.0,0.0,0.11028075305578772,0.9939004756541011
2025/05/07 10:26:00.815914556,1746606360,815414187,hemisphere,0.0,0.0,0.11046289297817158,0.9938802489610572
2025/05/07 10:26:00.865529673,1746606360,865078209,hemisphere,0.0,0.0,0.11065370225110369,0.9938590232915955
2025/05/07 10:26:00.916195336,1746606360,915536749,hemisphere,0.0,0.0,0.11082716168744172,0.9938396954400169
2025/05/07 10:26:00.965659351,1746606360,965189763,hemisphere,0.0,0.0,0.11093123572910826,0.9938280841974697
2025/05/07 10:26:01.16148057,1746606361,14966471,hemisphere,0.0,0.0,0.11106999922547087,0.9938125855874708
2025/05/07 10:26:01.65730077,1746606361,65265251,hemisphere,0.0,0.0,0.11118274297196949,0.9937999787005577
2025/05/07 10:26:01.115575123,1746606361,115033084,hemisphere,0.0,0.0,0.11129548528753667,0.9937873590233535
2025/05/07 10:26:01.165886374,1746606361,165412867,hemisphere,0.0,0.0,0.11134751971939041,0.9937815302431113
2025/05/07 10:26:01.215654262,1746606361,215114642,hemisphere,0.0,0.0,0.11143424309404167,0.993771809554919
2025/05/07 10:26:01.266873936,1746606361,264838822,hemisphere,0.0,0.0,0.11148627671153695,0.9937659735093562
2025/05/07 10:26:01.315682009,1746606361,315187184,hemisphere,0.0,0.0,0.11154698221230223,0.9937591613461123
2025/05/07 10:26:01.365332532,1746606361,364969140,hemisphere,0.0,0.0,0.11163370363413946,0.9937494232516189
2025/05/07 10:26:01.416593414,1746606361,416115338,hemisphere,0.0,0.0,0.11168573607921722,0.9937435767623575
2025/05/07 10:26:01.466403151,1746606361,465808964,hemisphere,0.0,0.0,0.11176378417267781,0.993734801920212
2025/05/07 10:26:01.516743538,1746606361,514827558,hemisphere,0.0,0.0,0.11183315967700055,0.9937269969144737
2025/05/07 10:26:01.566381078,1746606361,565889690,hemisphere,0.0,0.0,0.1119372219113891,0.9937152803246816
2025/05/07 10:26:01.616534220,1746606361,615694480,hemisphere,0.0,0.0,0.11200659605242472,0.9937074632107524
2025/05/07 10:26:01.665699429,1746606361,665263661,hemisphere,0.0,0.0,0.11204995461337526,0.993702575055102
2025/05/07 10:26:01.715517848,1746606361,715035361,hemisphere,0.0,0.0,0.11215401428912398,0.9936908357627311
2025/05/07 10:26:01.767850083,1746606361,765940058,hemisphere,0.0,0.0,0.1121973721244249,0.9936859411747624
2025/05/07 10:26:01.820184945,1746606361,819673535,hemisphere,0.0,0.0,0.1122840871541203,0.9936761463233209
2025/05/07 10:26:01.867485368,1746606361,866586619,hemisphere,0.0,0.0,0.11236212994976116,0.9936673244870001
2025/05/07 10:26:01.915851347,1746606361,915290994,hemisphere,0.0,0.0,0.11245751464757407,0.9936565339186829
2025/05/07 10:26:01.966144926,1746606361,965030705,hemisphere,0.0,0.0,0.11254422711001172,0.9936467163656357
2025/05/07 10:26:02.15898064,1746606362,15378589,hemisphere,0.0,0.0,0.11264828093354204,0.9936349253134764
2025/05/07 10:26:02.65631191,1746606362,65075920,hemisphere,0.0,0.0,0.11273499150954676,0.9936250911130126
2025/05/07 10:26:02.116426989,1746606362,115499275,hemisphere,0.0,0.0,0.11279568840196634,0.9936182026703851
2025/05/07 10:26:02.165723610,1746606362,165195277,hemisphere,0.0,0.0,0.11282170122702544,0.9936152493456609
2025/05/07 10:26:02.215446493,1746606362,214910756,hemisphere,0.0,0.0,0.11287372664514542,0.993609340653175
2025/05/07 10:26:02.265739751,1746606362,265265639,hemisphere,0.0,0.0,0.1129257517538157,0.9936034292366526
2025/05/07 10:26:02.315514836,1746606362,315017027,hemisphere,0.0,0.0,0.1129951180837633,0.9935955431105941
2025/05/07 10:26:02.365910572,1746606362,365427121,hemisphere,0.0,0.0,0.1130384717603372,0.9935906118226397
2025/05/07 10:26:02.415575643,1746606362,415117240,hemisphere,0.0,0.0,0.11308182522170182,0.993585678643029
2025/05/07 10:26:02.465220447,1746606362,464800245,hemisphere,0.0,0.0,0.1131251784677746,0.9935807435717714
2025/05/07 10:26:02.515690390,1746606362,515231741,hemisphere,0.0,0.0,0.11313384909114688,0.9935797563305231
2025/05/07 10:26:02.565309135,1746606362,564932565,hemisphere,0.0,0.0,0.11314251970590351,0.9935787690136093
2025/05/07 10:26:02.615789246,1746606362,615351524,hemisphere,0.0,0.0,0.11316853149847302,0.9935758066088763
2025/05/07 10:26:02.665501644,1746606362,665017887,hemisphere,0.0,0.0,0.11319454321347802,0.9935728435231571
2025/05/07 10:26:02.716041878,1746606362,715457946,hemisphere,0.0,0.0,0.11318587265042905,0.9935738312940618
2025/05/07 10:26:02.765503194,1746606362,765126974,hemisphere,0.0,0.0,0.11315119031204385,0.9935777816210303
2025/05/07 10:26:02.815479638,1746606362,814909274,hemisphere,0.0,0.0,0.11309049588814235,0.9935846917801089
2025/05/07 10:26:02.865854453,1746606362,865333667,hemisphere,0.0,0.0,0.11308182522170182,0.993585678643029
2025/05/07 10:26:02.915619362,1746606362,915019742,hemisphere,0.0,0.0,0.11305581317071278,0.9935886387777937
2025/05/07 10:26:02.965781241,1746606362,965353178,hemisphere,0.0,0.0,0.11300378883629085,0.9935945570043362
2025/05/07 10:26:03.15498151,1746606363,15083205,hemisphere,0.0,0.0,0.11294309338791453,0.9936014581591398
2025/05/07 10:26:03.65854953,1746606363,65468661,hemisphere,0.0,0.0,0.11293442257516534,0.9936024437357298
2025/05/07 10:26:03.115724180,1746606363,115175712,hemisphere,0.0,0.0,0.11286505576361114,0.9936103256244255
2025/05/07 10:26:03.165323484,1746606363,164915483,hemisphere,0.0,0.0,0.11285638487348171,0.9936113105200085
2025/05/07 10:26:03.215820822,1746606363,215331709,hemisphere,0.0,0.0,0.11279568840196634,0.9936182026703851
2025/05/07 10:26:03.265456523,1746606363,265006449,hemisphere,0.0,0.0,0.11278701744309935,0.9936191869606232
2025/05/07 10:26:03.316101852,1746606363,315493736,hemisphere,0.0,0.0,0.11270897842686053,0.9936280421676783
2025/05/07 10:26:03.367247852,1746606363,365746048,hemisphere,0.0,0.0,0.11265695202975735,0.9936339422339421
2025/05/07 10:26:03.416028510,1746606363,415520755,hemisphere,0.0,0.0,0.11261359646290076,0.9936388568749166
2025/05/07 10:26:03.465675818,1746606363,465228570,hemisphere,0.0,0.0,0.11254422711001172,0.9936467163656357
2025/05/07 10:26:03.516207401,1746606363,515708928,hemisphere,0.0,0.0,0.11250087098588579,0.9936516260880456
2025/05/07 10:26:03.566528310,1746606363,566103192,hemisphere,0.0,0.0,0.11239681541426273,0.9936634017033797
2025/05/07 10:26:03.616278740,1746606363,615784832,hemisphere,0.0,0.0,0.1123447871661665,0.993669285424778
2025/05/07 10:26:03.665374035,1746606363,664871703,hemisphere,0.0,0.0,0.1122840871541203,0.9936761463233209
2025/05/07 10:26:03.715819886,1746606363,715255604,hemisphere,0.0,0.0,0.11218002901593288,0.993687899236971
2025/05/07 10:26:03.765450646,1746606363,764954495,hemisphere,0.0,0.0,0.11207596964755374,0.9936996412536138
2025/05/07 10:26:03.815764914,1746606363,815290222,hemisphere,0.0,0.0,0.11198925256833135,0.9937094179432872
2025/05/07 10:26:03.865999307,1746606363,865132737,hemisphere,0.0,0.0,0.11188519094756463,0.9937211399817492
2025/05/07 10:26:03.916622884,1746606363,916149972,hemisphere,0.0,0.0,0.11183315967700055,0.9937269969144737
2025/05/07 10:26:03.965573950,1746606363,965175126,hemisphere,0.0,0.0,0.11169440812363199,0.9937426020826076
2025/05/07 10:26:04.15654313,1746606364,14858062,hemisphere,0.0,0.0,0.11161635941776203,0.9937513714759467
2025/05/07 10:26:04.65866000,1746606364,65355166,hemisphere,0.0,0.0,0.11153831002338627,0.9937601347393278
2025/05/07 10:26:04.116048319,1746606364,114983495,hemisphere,0.0,0.0,0.11143424309404167,0.993771809554919
2025/05/07 10:26:04.166442191,1746606364,165408371,hemisphere,0.0,0.0,0.1113388473352766,0.9937825018956874
2025/05/07 10:26:04.215875127,1746606364,215099053,hemisphere,0.0,0.0,0.11126079549677932,0.9937912433632247
2025/05/07 10:26:04.266060028,1746606364,265469520,hemisphere,0.0,0.0,0.11115672531126888,0.9938028891173919
2025/05/07 10:26:04.315778773,1746606364,315231226,hemisphere,0.0,0.0,0.11107867187212468,0.9938116162810359
2025/05/07 10:26:04.365412722,1746606364,364927484,hemisphere,0.0,0.0,0.11099194502503515,0.993821305939634
2025/05/07 10:26:04.415913730,1746606364,415351506,hemisphere,0.0,0.0,0.11093990851101825,0.9938271161019743
2025/05/07 10:26:04.465457788,1746606364,465017163,hemisphere,0.0,0.0,0.11085318031184256,0.9938367936511258
2025/05/07 10:26:04.516062658,1746606364,515480178,hemisphere,0.0,0.0,0.11073175941489653,0.9938503295048412
2025/05/07 10:26:04.565888321,1746606364,565133677,hemisphere,0.0,0.0,0.11060166376267448,0.9938648157435338
2025/05/07 10:26:04.615267537,1746606364,614814503,hemisphere,0.0,0.0,0.1105149322748724,0.993874463775119
2025/05/07 10:26:04.665655323,1746606364,665233939,hemisphere,0.0,0.0,0.11039350677817696,0.9938879583037601
2025/05/07 10:26:04.715569407,1746606364,714940659,hemisphere,0.0,0.0,0.11033279341180538,0.9938947000049592
2025/05/07 10:26:04.766471733,1746606364,765446408,hemisphere,0.0,0.0,0.11023738586147873,0.9939052866135825
2025/05/07 10:26:04.815557250,1746606364,815034042,hemisphere,0.0,0.0,0.11012463017425976,0.9939177862524559
2025/05/07 10:26:04.865825890,1746606364,865458852,hemisphere,0.0,0.0,0.11002922040877156,0.9939283528787364
2025/05/07 10:26:04.915932559,1746606364,915223891,hemisphere,0.0,0.0,0.10994248337848814,0.9939379509549733
2025/05/07 10:26:04.965382754,1746606364,964894613,hemisphere,0.0,0.0,0.10982972398751491,0.9939504171380111
2025/05/07 10:26:05.15913956,1746606365,15292824,hemisphere,0.0,0.0,0.10974298503252126,0.993959997804817
2025/05/07 10:26:05.65687859,1746606365,65058160,hemisphere,0.0,0.0,0.10960420096646574,0.9939753111272446
2025/05/07 10:26:05.116017767,1746606365,115435928,hemisphere,0.0,0.0,0.10950011151450748,0.9939867834022295
2025/05/07 10:26:05.165443141,1746606365,165091595,hemisphere,0.0,0.0,0.10936999801106405,0.9940011084174202
2025/05/07 10:26:05.215262408,1746606365,214821463,hemisphere,0.0,0.0,0.10922253377512618,0.9940173228448996
2025/05/07 10:26:05.265924885,1746606365,265253366,hemisphere,0.0,0.0,0.10912711445896728,0.9940278028756839
2025/05/07 10:26:05.315478097,1746606365,314962267,hemisphere,0.0,0.0,0.1089796462654996,0.9940439812703694
2025/05/07 10:26:05.365847615,1746606365,365383013,hemisphere,0.0,0.0,0.10884952527933177,0.9940582381563287
2025/05/07 10:26:05.416327506,1746606365,415812328,hemisphere,0.0,0.0,0.10875410203730354,0.9940686823806794
2025/05/07 10:26:05.466654783,1746606365,466196989,hemisphere,0.0,0.0,0.10865000281219167,0.9940800656330007
2025/05/07 10:26:05.516398664,1746606365,515914875,hemisphere,0.0,0.0,0.10851987710541604,0.9940942793684237
2025/05/07 10:26:05.565187811,1746606365,564828648,hemisphere,0.0,0.0,0.1083897495391816,0.9941084760703097
2025/05/07 10:26:05.616533836,1746606365,615359885,hemisphere,0.0,0.0,0.1082422693857188,0.99412454507382
2025/05/07 10:26:05.666295231,1746606365,665741055,hemisphere,0.0,0.0,0.10809478684999425,0.9941405921980323
2025/05/07 10:26:05.716040705,1746606365,715467940,hemisphere,0.0,0.0,0.10795597758427086,0.9941556753868201
2025/05/07 10:26:05.765766225,1746606365,765157829,hemisphere,0.0,0.0,0.1078258419861476,0.9941697982739057
2025/05/07 10:26:05.816113725,1746606365,815528159,hemisphere,0.0,0.0,0.10765232498170935,0.9941886022913522
2025/05/07 10:26:05.865708729,1746606365,865217626,hemisphere,0.0,0.0,0.10750483294939728,0.9942045618948459
2025/05/07 10:26:05.915346424,1746606365,914945323,hemisphere,0.0,0.0,0.10734866233636105,0.9942214364489401
2025/05/07 10:26:05.965747618,1746606365,965341721,hemisphere,0.0,0.0,0.107175136326629,0.9942401571820405
2025/05/07 10:26:06.15518744,1746606366,15064361,hemisphere,0.0,0.0,0.10697557737972738,0.9942616485836482
2025/05/07 10:26:06.66629714,1746606366,66152569,hemisphere,0.0,0.0,0.10676733736228373,0.9942840316894205
2025/05/07 10:26:06.115612088,1746606366,115142436,hemisphere,0.0,0.0,0.1065851235049064,0.9943035811297493
2025/05/07 10:26:06.165196265,1746606366,164838702,hemisphere,0.0,0.0,0.10639422895797819,0.9943240256799779
2025/05/07 10:26:06.215683912,1746606366,215304387,hemisphere,0.0,0.0,0.10616862125627075,0.9943481401705051
2025/05/07 10:26:06.265494639,1746606366,264948457,hemisphere,0.0,0.0,0.10595168561940253,0.9943712789066302
2025/05/07 10:26:06.322737946,1746606366,315383941,hemisphere,0.0,0.0,0.10576945578683412,0.994390678869506
2025/05/07 10:26:06.365430836,1746606366,365044690,hemisphere,0.0,0.0,0.10557854453337262,0.9944109668211704
2025/05/07 10:26:06.416744501,1746606366,416227192,hemisphere,0.0,0.0,0.10535291712634201,0.994434896236536
2025/05/07 10:26:06.465578628,1746606366,465214305,hemisphere,0.0,0.0,0.10515331912951192,0.9944560218913892
2025/05/07 10:26:06.515365782,1746606366,514905384,hemisphere,0.0,0.0,0.10490164605308328,0.9944826014844873
2025/05/07 10:26:06.565690794,1746606366,565312619,hemisphere,0.0,0.0,0.10468468111145898,0.9945054638063041
2025/05/07 10:26:06.615675020,1746606366,615048590,hemisphere,0.0,0.0,0.10446771118721324,0.9945282787931699
2025/05/07 10:26:06.665993891,1746606366,665499048,hemisphere,0.0,0.0,0.10420734071559845,0.9945555942937445
2025/05/07 10:26:06.715626284,1746606366,715160758,hemisphere,0.0,0.0,0.10400771851619095,0.9945764900142456
2025/05/07 10:26:06.765237005,1746606366,764832280,hemisphere,0.0,0.0,0.1037646945319266,0.9946018742032894
2025/05/07 10:26:06.815684342,1746606366,815218219,hemisphere,0.0,0.0,0.10353034410817409,0.9946262955747969
2025/05/07 10:26:06.865287335,1746606366,864916726,hemisphere,0.0,0.0,0.10330466789732048,0.9946497602626888
2025/05/07 10:26:06.916256971,1746606366,915502080,hemisphere,0.0,0.0,0.10309634667446951,0.9946713745264703
2025/05/07 10:26:06.965520102,1746606366,965109477,hemisphere,0.0,0.0,0.10285329953275203,0.9946965360225328
2025/05/07 10:26:07.16016119,1746606367,15570857,hemisphere,0.0,0.0,0.10267101014573249,0.9947153681710437
2025/05/07 10:26:07.65493327,1746606367,65173102,hemisphere,0.0,0.0,0.10242795226703723,0.994740425736474
2025/05/07 10:26:07.115350010,1746606367,114897366,hemisphere,0.0,0.0,0.10219356923495475,0.9947645321416625
2025/05/07 10:26:07.165878324,1746606367,165318525,hemisphere,0.0,0.0,0.10195049935748815,0.994789473044804
2025/05/07 10:26:07.215445274,1746606367,214981871,hemisphere,0.0,0.0,0.10169874199622644,0.9948152420808525
2025/05/07 10:26:07.265807252,1746606367,265378371,hemisphere,0.0,0.0,0.10151643087457302,0.9948338626436517
2025/05/07 10:26:07.316120693,1746606367,315139313,hemisphere,0.0,0.0,0.10124729870374076,0.9948612890776259
2025/05/07 10:26:07.365241428,1746606367,364812033,hemisphere,0.0,0.0,0.10098684116060015,0.9948877614647814
2025/05/07 10:26:07.416459894,1746606367,416001536,hemisphere,0.0,0.0,0.10071769442811258,0.9949150446289801
2025/05/07 10:26:07.465292568,1746606367,464939664,hemisphere,0.0,0.0,0.1004224927629224,0.9949448843766577
2025/05/07 10:26:07.516537027,1746606367,516067212,hemisphere,0.0,0.0,0.10013596504497295,0.9949737627216669
2025/05/07 10:26:07.566183568,1746606367,565738841,hemisphere,0.0,0.0,0.09989284410425628,0.994998200851018
2025/05/07 10:26:07.617362848,1746606367,616232160,hemisphere,0.0,0.0,0.09958025127607106,0.9950295340118275
2025/05/07 10:26:07.666507862,1746606367,665913650,hemisphere,0.0,0.0,0.09927633215926708,0.9950599026556155
2025/05/07 10:26:07.715439864,1746606367,714907177,hemisphere,0.0,0.0,0.09894635234719776,0.995092769221636
2025/05/07 10:26:07.765707790,1746606367,765240840,hemisphere,0.0,0.0,0.09862504575900374,0.9951246657324069
2025/05/07 10:26:07.815472296,1746606367,814992037,hemisphere,0.0,0.0,0.09829504450649526,0.9951573163201214
2025/05/07 10:26:07.865795520,1746606367,865370714,hemisphere,0.0,0.0,0.09799977106448661,0.9951864372424436
2025/05/07 10:26:07.915579156,1746606367,915105229,hemisphere,0.0,0.0,0.0976523795010324,0.9952205849849501
2025/05/07 10:26:07.965279989,1746606367,964879502,hemisphere,0.0,0.0,0.0973657725018742,0.9952486655831865
2025/05/07 10:26:08.15756151,1746606368,15255458,hemisphere,0.0,0.0,0.09700967377245383,0.9952834386216632
2025/05/07 10:26:08.65305295,1746606368,64951071,hemisphere,0.0,0.0,0.09672304869939836,0.995311334131333
2025/05/07 10:26:08.115901002,1746606368,115386933,hemisphere,0.0,0.0,0.09641904364492004,0.9953408300791237
2025/05/07 10:26:08.165591936,1746606368,165093689,hemisphere,0.0,0.0,0.09608897083089453,0.9953727491169625
2025/05/07 10:26:08.216029215,1746606368,215489570,hemisphere,0.0,0.0,0.09576757399008692,0.9954037230049189
2025/05/07 10:26:08.265583403,1746606368,265106000,hemisphere,0.0,0.0,0.09545485396693577,0.9954337601539095
2025/05/07 10:26:08.315349068,1746606368,314887276,hemisphere,0.0,0.0,0.09514212452276821,0.9954636990575267
2025/05/07 10:26:08.365664852,1746606368,365325467,hemisphere,0.0,0.0,0.09482069836486352,0.995494367217414
2025/05/07 10:26:08.415479478,1746606368,414984568,hemisphere,0.0,0.0,0.09451663749484547,0.9955232821168313
2025/05/07 10:26:08.465800193,1746606368,465428342,hemisphere,0.0,0.0,0.09419519213101589,0.995553748312667
2025/05/07 10:26:08.515662116,1746606368,515118628,hemisphere,0.0,0.0,0.09390848933106412,0.9955808332986114
2025/05/07 10:26:08.566092643,1746606368,565545348,hemisphere,0.0,0.0,0.09360440209403442,0.9956094695756054
2025/05/07 10:26:08.615668416,1746606368,615231891,hemisphere,0.0,0.0,0.09327424035053866,0.9956404552282063
2025/05/07 10:26:08.665369412,1746606368,664966235,hemisphere,0.0,0.0,0.09296144607880842,0.9956697090616631
2025/05/07 10:26:08.715843548,1746606368,715360658,hemisphere,0.0,0.0,0.0926399535168506,0.9956996731004766
2025/05/07 10:26:08.765617204,1746606368,765103958,hemisphere,0.0,0.0,0.09230976191376244,0.995730338924864
2025/05/07 10:26:08.816019205,1746606368,815506555,hemisphere,0.0,0.0,0.09196218083946395,0.9957625004463915
2025/05/07 10:26:08.865671362,1746606368,865180693,hemisphere,0.0,0.0,0.09165803820614703,0.9957905422488208
2025/05/07 10:26:08.915793726,1746606368,914905584,hemisphere,0.0,0.0,0.0913625771743685,0.9958176939038881
2025/05/07 10:26:08.965691991,1746606368,965285195,hemisphere,0.0,0.0,0.09099758479821286,0.9958511131493964
2025/05/07 10:26:09.15487046,1746606369,15005522,hemisphere,0.0,0.0,0.09064996164570023,0.9958828166273546
2025/05/07 10:26:09.65883486,1746606369,65437201,hemisphere,0.0,0.0,0.09031101843698935,0.9959136106856226
2025/05/07 10:26:09.115784738,1746606369,115166014,hemisphere,0.0,0.0,0.08993729969864395,0.9959474293972129
2025/05/07 10:26:09.165980089,1746606369,165548474,hemisphere,0.0,0.0,0.0895461851330208,0.9959826708975025
2025/05/07 10:26:09.215715689,1746606369,215199049,hemisphere,0.0,0.0,0.08918113241164392,0.9960154243894905
2025/05/07 10:26:09.265342708,1746606369,264915353,hemisphere,0.0,0.0,0.0887812990201481,0.9960511437392636
2025/05/07 10:26:09.315914586,1746606369,315406065,hemisphere,0.0,0.0,0.08841622125354046,0.9960836168812561
2025/05/07 10:26:09.365439050,1746606369,365018437,hemisphere,0.0,0.0,0.08801636054945462,0.9961190291705246
2025/05/07 10:26:09.416626212,1746606369,416176564,hemisphere,0.0,0.0,0.08764256489024422,0.9961519868069628
2025/05/07 10:26:09.466256990,1746606369,465817659,hemisphere,0.0,0.0,0.08727745023920933,0.9961840425743339
2025/05/07 10:26:09.516073118,1746606369,515483799,hemisphere,0.0,0.0,0.08693840470682168,0.9962136888173305
2025/05/07 10:26:09.565566090,1746606369,565140530,hemisphere,0.0,0.0,0.08652979799597506,0.9962492630154242
2025/05/07 10:26:09.620508299,1746606369,619631085,hemisphere,0.0,0.0,0.08614725937079772,0.9962824146309622
2025/05/07 10:26:09.666486209,1746606369,666007409,hemisphere,0.0,0.0,0.08578209701590653,0.9963139223314876
2025/05/07 10:26:09.715473825,1746606369,715005620,hemisphere,0.0,0.0,0.08539953361845332,0.9963467868457
2025/05/07 10:26:09.765908310,1746606369,765409128,hemisphere,0.0,0.0,0.08503434772013702,0.9963780204861059
2025/05/07 10:26:09.815578837,1746606369,815074015,hemisphere,0.0,0.0,0.08468654100557171,0.9964076423695835
2025/05/07 10:26:09.865251757,1746606369,864771608,hemisphere,0.0,0.0,0.08435611506829369,0.9964356707036259
2025/05/07 10:26:09.915665107,1746606369,915207919,hemisphere,0.0,0.0,0.08399089666242718,0.9964665219051976
2025/05/07 10:26:09.965245682,1746606369,964888603,hemisphere,0.0,0.0,0.08373001946168741,0.9964884765219041
2025/05/07 10:26:10.15946005,1746606370,15391163,hemisphere,0.0,0.0,0.08339087052394517,0.996516915417525
2025/05/07 10:26:10.65424913,1746606370,65029129,hemisphere,0.0,0.0,0.08305171192697394,0.9965452388858215
2025/05/07 10:26:10.115219068,1746606370,114755855,hemisphere,0.0,0.0,0.08272993718534678,0.9965720031655056
2025/05/07 10:26:10.165551542,1746606370,165116032,hemisphere,0.0,0.0,0.08245163856022343,0.9965950668645387
2025/05/07 10:26:10.215521993,1746606370,214919144,hemisphere,0.0,0.0,0.0821385449224818,0.9966209206303155
2025/05/07 10:26:10.265700512,1746606370,265283280,hemisphere,0.0,0.0,0.08181674579188723,0.996647390057299
2025/05/07 10:26:10.315555269,1746606370,314991453,hemisphere,0.0,0.0,0.08157321645374484,0.9966673519070395
2025/05/07 10:26:10.365888663,1746606370,365428285,hemisphere,0.0,0.0,0.08127749571121327,0.996691511296707
2025/05/07 10:26:10.416215201,1746606370,415791024,hemisphere,0.0,0.0,0.08102525765793142,0.9967120484981938
2025/05/07 10:26:10.465146731,1746606370,464772678,hemisphere,0.0,0.0,0.08077301441532113,0.996732521864448
2025/05/07 10:26:10.515748208,1746606370,515213711,hemisphere,0.0,0.0,0.08051206768623077,0.9967536340324463
2025/05/07 10:26:10.565346693,1746606370,564906645,hemisphere,0.0,0.0,0.0802511154389303,0.9967746778840278
2025/05/07 10:26:10.615898181,1746606370,615353510,hemisphere,0.0,0.0,0.07999885637132009,0.9967949553339849
2025/05/07 10:26:10.665491901,1746606370,665033740,hemisphere,0.0,0.0,0.07976398987470307,0.9968137769509751
2025/05/07 10:26:10.715195674,1746606370,714735054,hemisphere,0.0,0.0,0.07956391492134829,0.9968297665310705
2025/05/07 10:26:10.765557151,1746606370,765138836,hemisphere,0.0,0.0,0.07929424360984971,0.9968512541650042
2025/05/07 10:26:10.815242577,1746606370,814834607,hemisphere,0.0,0.0,0.07906806319575128,0.9968692197989025
2025/05/07 10:26:10.865713371,1746606370,865242563,hemisphere,0.0,0.0,0.07884187871120181,0.9968871341136308
2025/05/07 10:26:10.915517660,1746606370,914982532,hemisphere,0.0,0.0,0.07863308943039968,0.9969036248537924
2025/05/07 10:26:10.965705920,1746606370,965348301,hemisphere,0.0,0.0,0.07843299646619464,0.9969193874458124
2025/05/07 10:26:11.27582803,1746606371,15081050,hemisphere,0.0,0.0,0.07821550053025435,0.9969364751461358
2025/05/07 10:26:11.65239093,1746606371,64794055,hemisphere,0.0,0.0,0.07797190066280621,0.9969555570370374
2025/05/07 10:26:11.115683532,1746606371,115198332,hemisphere,0.0,0.0,0.07775439684685853,0.9969725441410016
2025/05/07 10:26:11.165368391,1746606371,164937818,hemisphere,0.0,0.0,0.07751078817985751,0.996991513361943
2025/05/07 10:26:11.215793556,1746606371,215285267,hemisphere,0.0,0.0,0.07731937812281092,0.9970063759909973
2025/05/07 10:26:11.265394221,1746606371,264997656,hemisphere,0.0,0.0,0.07711056390144079,0.9970225478567684
2025/05/07 10:26:11.315165272,1746606371,314718116,hemisphere,0.0,0.0,0.07688434467824516,0.9970400180250524
2025/05/07 10:26:11.365478758,1746606371,365111159,hemisphere,0.0,0.0,0.07664942052654584,0.9970581057957177
2025/05/07 10:26:11.416150340,1746606371,415553488,hemisphere,0.0,0.0,0.07642319324737978,0.9970754713329747
2025/05/07 10:26:11.466399673,1746606371,465965846,hemisphere,0.0,0.0,0.07619696203392146,0.9970927855404437
2025/05/07 10:26:11.515394024,1746606371,514949196,hemisphere,0.0,0.0,0.07601423395885876,0.9971067326197571
2025/05/07 10:26:11.566579850,1746606371,566099258,hemisphere,0.0,0.0,0.07581410028106376,0.9971219695697076
2025/05/07 10:26:11.617554471,1746606371,615821959,hemisphere,0.0,0.0,0.0756052618828457,0.9971378261682917
2025/05/07 10:26:11.665171674,1746606371,664787927,hemisphere,0.0,0.0,0.07541382377087465,0.9971523229598653
2025/05/07 10:26:11.715674731,1746606371,715208318,hemisphere,0.0,0.0,0.07520497902423649,0.9971680957240681
2025/05/07 10:26:11.765328800,1746606371,764849027,hemisphere,0.0,0.0,0.07503093921502048,0.9971812062812415
2025/05/07 10:26:11.815725313,1746606371,815297847,hemisphere,0.0,0.0,0.07484819495559071,0.9971949396742293
2025/05/07 10:26:11.865447171,1746606371,864976950,hemisphere,0.0,0.0,0.07461323435785809,0.997212547684123
2025/05/07 10:26:11.916059858,1746606371,915395525,hemisphere,0.0,0.0,0.07441307946983869,0.9972275034333016
2025/05/07 10:26:11.965599575,1746606371,965131548,hemisphere,0.0,0.0,0.07423032673638784,0.9972411235968005
2025/05/07 10:26:12.15314309,1746606372,14823943,hemisphere,0.0,0.0,0.07406497687687671,0.9972534177430669
2025/05/07 10:26:12.65622746,1746606372,65254949,hemisphere,0.0,0.0,0.07379519115791543,0.9972734177556157
2025/05/07 10:26:12.115468352,1746606372,114968723,hemisphere,0.0,0.0,0.07362113298800954,0.9972862822567861
2025/05/07 10:26:12.165720416,1746606372,165348142,hemisphere,0.0,0.0,0.07336874465959081,0.9973048818225427
2025/05/07 10:26:12.216101143,1746606372,215463267,hemisphere,0.0,0.0,0.0731685712639897,0.9973195877847715
2025/05/07 10:26:12.265582969,1746606372,264809480,hemisphere,0.0,0.0,0.07292487793512868,0.9973374364667891
2025/05/07 10:26:12.317386067,1746606372,315840386,hemisphere,0.0,0.0,0.07273340155012936,0.997351418657911
2025/05/07 10:26:12.365258149,1746606372,364871232,hemisphere,0.0,0.0,0.07251581149524108,0.9973672628892462
2025/05/07 10:26:12.415683244,1746606372,415210872,hemisphere,0.0,0.0,0.07228081035955077,0.9973843213394558
2025/05/07 10:26:12.465364258,1746606372,464951121,hemisphere,0.0,0.0,0.0720893249851719,0.9973981798776166
2025/05/07 10:26:12.515781200,1746606372,515388860,hemisphere,0.0,0.0,0.07188913288922219,0.9974126290419807
2025/05/07 10:26:12.565573602,1746606372,565091619,hemisphere,0.0,0.0,0.07164541686428794,0.9974301650954529
2025/05/07 10:26:12.615263956,1746606372,614803314,hemisphere,0.0,0.0,0.07142780965548429,0.9974457719634787
2025/05/07 10:26:12.665653740,1746606372,665215490,hemisphere,0.0,0.0,0.07125372144015178,0.9974582232760073
2025/05/07 10:26:12.715447433,1746606372,714972844,hemisphere,0.0,0.0,0.07101869890745888,0.9974749843507313
2025/05/07 10:26:12.766199014,1746606372,765458521,hemisphere,0.0,0.0,0.07087942443417276,0.9974848907085663
2025/05/07 10:26:12.815479825,1746606372,815053312,hemisphere,0.0,0.0,0.07069662459137768,0.9974978632916393
2025/05/07 10:26:12.865121480,1746606372,864701536,hemisphere,0.0,0.0,0.07048770757840198,0.9975126480803849
2025/05/07 10:26:12.915584660,1746606372,915145324,hemisphere,0.0,0.0,0.07034842785144314,0.997522480297477
2025/05/07 10:26:12.965598206,1746606372,964899174,hemisphere,0.0,0.0,0.0701743262644207,0.9975347432211745
2025/05/07 10:26:13.16018652,1746606373,15367269,hemisphere,0.0,0.0,0.0700437486710427,0.9975439204727318
2025/05/07 10:26:13.65345221,1746606373,64958903,hemisphere,0.0,0.0,0.06994799100632425,0.9975506395938901
2025/05/07 10:26:13.116172198,1746606373,115425681,hemisphere,0.0,0.0,0.06980000062064969,0.9975610056098612
2025/05/07 10:26:13.166308344,1746606373,165531360,hemisphere,0.0,0.0,0.06968683046548334,0.9975689177493829
2025/05/07 10:26:13.215187065,1746606373,214786418,hemisphere,0.0,0.0,0.06959107040284301,0.9975756026087379
2025/05/07 10:26:13.265609619,1746606373,265209154,hemisphere,0.0,0.0,0.06946048746598067,0.9975847035119316
2025/05/07 10:26:13.315352876,1746606373,314902784,hemisphere,0.0,0.0,0.0694343707357142,0.997586521641374
2025/05/07 10:26:13.365717649,1746606373,365320070,hemisphere,0.0,0.0,0.06932990333893162,0.9975937873217808
2025/05/07 10:26:13.415516395,1746606373,414991154,hemisphere,0.0,0.0,0.06930378637089632,0.9975956020325356
2025/05/07 10:26:13.465173166,1746606373,464699745,hemisphere,0.0,0.0,0.06927766935536095,0.9975974160595492
2025/05/07 10:26:13.516540218,1746606373,515326489,hemisphere,0.0,0.0,0.06923414089062825,0.9976004379184767
2025/05/07 10:26:13.566005284,1746606373,565569592,hemisphere,0.0,0.0,0.06919931802393345,0.9976028540381301
2025/05/07 10:26:13.616554039,1746606373,615976910,hemisphere,0.0,0.0,0.06920802374851354,0.9976022501221743
2025/05/07 10:26:13.666273431,1746606373,665749731,hemisphere,0.0,0.0,0.06925155229234341,0.9975992294028203
2025/05/07 10:26:13.716084551,1746606373,715462330,hemisphere,0.0,0.0,0.06923414089062825,0.9976004379184767
2025/05/07 10:26:13.765517240,1746606373,765103300,hemisphere,0.0,0.0,0.06923414089062825,0.9976004379184767
2025/05/07 10:26:13.815384754,1746606373,814820420,hemisphere,0.0,0.0,0.06923414089062825,0.9976004379184767
2025/05/07 10:26:13.865696759,1746606373,865262377,hemisphere,0.0,0.0,0.06925155229234341,0.9975992294028203
2025/05/07 10:26:13.915402865,1746606373,914884297,hemisphere,0.0,0.0,0.06927766935536095,0.9975974160595492
2025/05/07 10:26:13.965868357,1746606373,965381102,hemisphere,0.0,0.0,0.06927766935536095,0.9975974160595492
2025/05/07 10:26:14.15537862,1746606374,15006036,hemisphere,0.0,0.0,0.06929508070432809,0.9975962067841782
2025/05/07 10:26:14.65150035,1746606374,64757940,hemisphere,0.0,0.0,0.06931249203218676,0.9975949972049218
2025/05/07 10:26:14.115636832,1746606374,115196195,hemisphere,0.0,0.0,0.06930378637089632,0.9975956020325356
2025/05/07 10:26:14.165470520,1746606374,164856042,hemisphere,0.0,0.0,0.06931249203218676,0.9975949972049218
2025/05/07 10:26:14.215655480,1746606374,215243226,hemisphere,0.0,0.0,0.06930378637089632,0.9975956020325356
2025/05/07 10:26:14.265407170,1746606374,264956492,hemisphere,0.0,0.0,0.06927766935536095,0.9975974160595492
2025/05/07 10:26:14.315936183,1746606374,315418662,hemisphere,0.0,0.0,0.0692602579852906,0.9975986250310347
2025/05/07 10:26:14.366279538,1746606374,365811600,hemisphere,0.0,0.0,0.06919931802393345,0.9976028540381301
2025/05/07 10:26:14.415253660,1746606374,414808879,hemisphere,0.0,0.0,0.06917320081857681,0.9976046653301662
2025/05/07 10:26:14.465810402,1746606374,465354804,hemisphere,0.0,0.0,0.06908614312507894,0.9976106980321037
2025/05/07 10:26:14.515383325,1746606374,514881407,hemisphere,0.0,0.0,0.0690600257144058,0.9976125063612252
2025/05/07 10:26:14.565724874,1746606374,565314455,hemisphere,0.0,0.0,0.06898167319846003,0.9976179272460679
2025/05/07 10:26:14.615550499,1746606374,615033184,hemisphere,0.0,0.0,0.06889461434837096,0.997623943234017
2025/05/07 10:26:14.666002496,1746606374,665453986,hemisphere,0.0,0.0,0.06882496689051087,0.9976287505542931
2025/05/07 10:26:14.715748778,1746606374,715250584,hemisphere,0.0,0.0,0.06875531909720627,0.9976335530122478
2025/05/07 10:26:14.765323952,1746606374,764849734,hemisphere,0.0,0.0,0.06871178905619879,0.9976365520793113
2025/05/07 10:26:14.816091797,1746606374,815548272,hemisphere,0.0,0.0,0.06862472858181405,0.9976425445153552
2025/05/07 10:26:14.865349925,1746606374,864953549,hemisphere,0.0,0.0,0.06858990424569303,0.9976449393624802
2025/05/07 10:26:14.915837481,1746606374,915368879,hemisphere,0.0,0.0,0.06852025532276922,0.9976497254099269
2025/05/07 10:26:14.965369051,1746606374,965002827,hemisphere,0.0,0.0,0.06845931224124822,0.9976539092127367
2025/05/07 10:26:15.15443829,1746606375,14841489,hemisphere,0.0,0.0,0.06840707511089607,0.9976574923663794
2025/05/07 10:26:15.65623609,1746606375,65200998,hemisphere,0.0,0.0,0.06835483779300205,0.9976610727848875
2025/05/07 10:26:15.115250784,1746606375,114858664,hemisphere,0.0,0.0,0.06829389401861799,0.9976652464828941
2025/05/07 10:26:15.165841115,1746606375,165278093,hemisphere,0.0,0.0,0.06830260028770935,0.997664650468251
2025/05/07 10:26:15.215448857,1746606375,214958661,hemisphere,0.0,0.0,0.06829389401861799,0.9976652464828941
2025/05/07 10:26:15.265906954,1746606375,265429433,hemisphere,0.0,0.0,0.06832001281028682,0.9976634582110353
2025/05/07 10:26:15.315682042,1746606375,315145142,hemisphere,0.0,0.0,0.06832871906377158,0.9976628619684629
2025/05/07 10:26:15.365434998,1746606375,364855653,hemisphere,0.0,0.0,0.0683722502531292,0.9976598796159558
2025/05/07 10:26:15.415682300,1746606375,415239726,hemisphere,0.0,0.0,0.06840707511089607,0.9976574923663794
2025/05/07 10:26:15.465370044,1746606375,464929447,hemisphere,0.0,0.0,0.06850284303984384,0.9976509211620358
2025/05/07 10:26:15.516581507,1746606375,516088440,hemisphere,0.0,0.0,0.06858990424569303,0.9976449393624802
2025/05/07 10:26:15.566215023,1746606375,565775280,hemisphere,0.0,0.0,0.06872920108830452,0.9976353526804087
2025/05/07 10:26:15.615663235,1746606375,614779207,hemisphere,0.0,0.0,0.06888590843449467,0.997624544414959
2025/05/07 10:26:15.665522877,1746606375,665164453,hemisphere,0.0,0.0,0.06904261408099319,0.9976137115341104
2025/05/07 10:26:15.732042551,1746606375,714865735,hemisphere,0.0,0.0,0.0692254351818616,0.9976010420623477
2025/05/07 10:26:15.766494103,1746606375,765656876,hemisphere,0.0,0.0,0.06937343151338615,0.9975907612844345
2025/05/07 10:26:15.815429967,1746606375,814980208,hemisphere,0.0,0.0,0.06957365941344149,0.9975768170501069
2025/05/07 10:26:15.865787279,1746606375,865358174,hemisphere,0.0,0.0,0.06973035755445826,0.9975658761381764
2025/05/07 10:26:15.915620653,1746606375,915115277,hemisphere,0.0,0.0,0.06989575928111605,0.9975543006947122
2025/05/07 10:26:15.965378088,1746606375,964798774,hemisphere,0.0,0.0,0.07003504345545299,0.9975445316817655
2025/05/07 10:26:16.15901819,1746606376,15252838,hemisphere,0.0,0.0,0.07013080053345289,0.9975378042042001
2025/05/07 10:26:16.66832069,1746606376,65901836,hemisphere,0.0,0.0,0.07025267224343003,0.9975292286658358
2025/05/07 10:26:16.116161338,1746606376,115670795,hemisphere,0.0,0.0,0.0703571328745863,0.9975218663536494
2025/05/07 10:26:16.165785116,1746606376,165074692,hemisphere,0.0,0.0,0.07042677286678771,0.9975169520682694
2025/05/07 10:26:16.216098519,1746606376,214853111,hemisphere,0.0,0.0,0.07049641251573756,0.9975120329211127
2025/05/07 10:26:16.265561218,1746606376,265142817,hemisphere,0.0,0.0,0.07053123221138709,0.9975095715243757
2025/05/07 10:26:16.316266333,1746606376,315276634,hemisphere,0.0,0.0,0.07052252729552992,0.997510186987507
2025/05/07 10:26:16.366486788,1746606376,366014565,hemisphere,0.0,0.0,0.07053123221138709,0.9975095715243757
2025/05/07 10:26:16.415478362,1746606376,414992265,hemisphere,0.0,0.0,0.07049641251573756,0.9975120329211127
2025/05/07 10:26:16.465837526,1746606376,465372381,hemisphere,0.0,0.0,0.07051382237430218,0.9975108023746737
2025/05/07 10:26:16.515611146,1746606376,515108181,hemisphere,0.0,0.0,0.07049641251573756,0.9975120329211127
2025/05/07 10:26:16.565223057,1746606376,564799112,hemisphere,0.0,0.0,0.07049641251573756,0.9975120329211127
2025/05/07 10:26:16.615733966,1746606376,615220288,hemisphere,0.0,0.0,0.07053993712187295,0.9975089559852794
2025/05/07 10:26:16.665461805,1746606376,664918152,hemisphere,0.0,0.0,0.07055734692672831,0.9975077246791934
2025/05/07 10:26:16.715890146,1746606376,715368459,hemisphere,0.0,0.0,0.07057475671009066,0.9975064930692489
2025/05/07 10:26:16.765529742,1746606376,765062832,hemisphere,0.0,0.0,0.07057475671009066,0.9975064930692489
2025/05/07 10:26:16.815474873,1746606376,814761755,hemisphere,0.0,0.0,0.07056605182109643,0.9975071089122034
2025/05/07 10:26:16.865468100,1746606376,865118461,hemisphere,0.0,0.0,0.0705921664719547,0.9975052611554467
2025/05/07 10:26:16.915250884,1746606376,914816105,hemisphere,0.0,0.0,0.07060957621231516,0.997504028937787
2025/05/07 10:26:16.965679685,1746606376,965268195,hemisphere,0.0,0.0,0.07065310046910318,0.9975009470642636
2025/05/07 10:26:17.15516277,1746606377,14971426,hemisphere,0.0,0.0,0.07067921495861482,0.9974990970285808
2025/05/07 10:26:17.66296233,1746606377,65393403,hemisphere,0.0,0.0,0.07067051013415925,0.9974997137831056
2025/05/07 10:26:17.115564851,1746606377,115092567,hemisphere,0.0,0.0,0.07069662459137768,0.9974978632916393
2025/05/07 10:26:17.166378897,1746606377,165123128,hemisphere,0.0,0.0,0.07073144379229188,0.997495394906191
2025/05/07 10:26:17.215644490,1746606377,215131076,hemisphere,0.0,0.0,0.07075755813642151,0.9974935428194867
2025/05/07 10:26:17.265507255,1746606377,264943842,hemisphere,0.0,0.0,0.07074014857905579,0.9974947776199198
2025/05/07 10:26:17.315922115,1746606377,315324075,hemisphere,0.0,0.0,0.07074885336043257,0.997494160257685
2025/05/07 10:26:17.365492608,1746606377,365042610,hemisphere,0.0,0.0,0.07074885336043257,0.997494160257685
2025/05/07 10:26:17.415284551,1746606377,414767858,hemisphere,0.0,0.0,0.07073144379229188,0.997495394906191
2025/05/07 10:26:17.465839820,1746606377,465195724,hemisphere,0.0,0.0,0.07072273900014142,0.9974960121164986
2025/05/07 10:26:17.515391134,1746606377,514896289,hemisphere,0.0,0.0,0.07071403420260515,0.9974966292508426
2025/05/07 10:26:17.566475589,1746606377,565973696,hemisphere,0.0,0.0,0.07065310046910318,0.9975009470642636
2025/05/07 10:26:17.615496831,1746606377,614956867,hemisphere,0.0,0.0,0.07063569078252496,0.9975021800415654
2025/05/07 10:26:17.666534988,1746606377,666082046,hemisphere,0.0,0.0,0.0705834615937103,0.99750587715033
2025/05/07 10:26:17.715680603,1746606377,715105642,hemisphere,0.0,0.0,0.07056605182109643,0.9975071089122034
2025/05/07 10:26:17.765268822,1746606377,764779024,hemisphere,0.0,0.0,0.07053123221138709,0.9975095715243757
2025/05/07 10:26:17.816270491,1746606377,815382345,hemisphere,0.0,0.0,0.07051382237430218,0.9975108023746737
2025/05/07 10:26:17.866140582,1746606377,865583662,hemisphere,0.0,0.0,0.07049641251573756,0.9975120329211127
2025/05/07 10:26:17.915836468,1746606377,915298506,hemisphere,0.0,0.0,0.07051382237430218,0.9975108023746737
2025/05/07 10:26:17.965387943,1746606377,965016586,hemisphere,0.0,0.0,0.07047900263569848,0.997513263163692
2025/05/07 10:26:18.16222171,1746606378,15521393,hemisphere,0.0,0.0,0.07049641251573756,0.9975120329211127
2025/05/07 10:26:18.65596830,1746606378,65101061,hemisphere,0.0,0.0,0.07052252729552992,0.997510186987507
2025/05/07 10:26:18.115362899,1746606378,114880657,hemisphere,0.0,0.0,0.07054864202698692,0.9975083403702187
2025/05/07 10:26:18.165733794,1746606378,165212197,hemisphere,0.0,0.0,0.07057475671009066,0.9975064930692489
2025/05/07 10:26:18.215349231,1746606378,214914379,hemisphere,0.0,0.0,0.07063569078252496,0.9975021800415654
2025/05/07 10:26:18.265724945,1746606378,265340796,hemisphere,0.0,0.0,0.07060957621231516,0.997504028937787
2025/05/07 10:26:18.315622680,1746606378,315080427,hemisphere,0.0,0.0,0.07065310046910318,0.9975009470642636
2025/05/07 10:26:18.365499928,1746606378,364728763,hemisphere,0.0,0.0,0.07067051013415925,0.9974997137831056
2025/05/07 10:26:18.415680272,1746606378,415185783,hemisphere,0.0,0.0,0.07067051013415925,0.9974997137831056
2025/05/07 10:26:18.465296358,1746606378,464847895,hemisphere,0.0,0.0,0.07068791977768785,0.997498480198092
2025/05/07 10:26:18.515808241,1746606378,515329540,hemisphere,0.0,0.0,0.07066180530432181,0.9975003304616666
2025/05/07 10:26:18.565523440,1746606378,565003043,hemisphere,0.0,0.0,0.070644395628504,0.9975015635908966
2025/05/07 10:26:18.615869189,1746606378,615407044,hemisphere,0.0,0.0,0.07065310046910318,0.9975009470642636
2025/05/07 10:26:18.665597052,1746606378,665114741,hemisphere,0.0,0.0,0.07061828107442986,0.9975034127150106
2025/05/07 10:26:18.715953441,1746606378,714815042,hemisphere,0.0,0.0,0.07063569078252496,0.9975021800415654
2025/05/07 10:26:18.765587671,1746606378,765179899,hemisphere,0.0,0.0,0.07062698593116669,0.9975027964162702
2025/05/07 10:26:18.815465171,1746606378,814942197,hemisphere,0.0,0.0,0.070644395628504,0.9975015635908966
2025/05/07 10:26:18.865848615,1746606378,865368389,hemisphere,0.0,0.0,0.07067051013415925,0.9974997137831056
2025/05/07 10:26:18.915587284,1746606378,915092615,hemisphere,0.0,0.0,0.07069662459137768,0.9974978632916393
2025/05/07 10:26:18.965244462,1746606378,964769929,hemisphere,0.0,0.0,0.07076626290702194,0.9974929253053249
2025/05/07 10:26:19.17007119,1746606379,15758635,hemisphere,0.0,0.0,0.07081849141742899,0.9974892186251236
2025/05/07 10:26:19.65523293,1746606379,64945500,hemisphere,0.0,0.0,0.07088812912926468,0.9974842721309207
2025/05/07 10:26:19.115827356,1746606379,115288007,hemisphere,0.0,0.0,0.07096647114208225,0.9974787015137918
2025/05/07 10:26:19.165379723,1746606379,164974514,hemisphere,0.0,0.0,0.07101869890745888,0.9974749843507313
2025/05/07 10:26:19.215958656,1746606379,215418289,hemisphere,0.0,0.0,0.07113185839764859,0.9974669211161326
2025/05/07 10:26:19.265755857,1746606379,265193547,hemisphere,0.0,0.0,0.07118408554597833,0.9974631952934319
2025/05/07 10:26:19.315371511,1746606379,314800906,hemisphere,0.0,0.0,0.071288539257029,0.9974557354442347
2025/05/07 10:26:19.365815506,1746606379,365252296,hemisphere,0.0,0.0,0.07139299218631334,0.9974482646567114
2025/05/07 10:26:19.416276966,1746606379,415675579,hemisphere,0.0,0.0,0.0714887400170857,0.9974414068258695
2025/05/07 10:26:19.466457822,1746606379,466054438,hemisphere,0.0,0.0,0.07154096582900113,0.9974376623169258
2025/05/07 10:26:19.515462123,1746606379,515030152,hemisphere,0.0,0.0,0.07164541686428794,0.9974301650954529
2025/05/07 10:26:19.565198179,1746606379,564737061,hemisphere,0.0,0.0,0.07171505045139435,0.9974251608711072
2025/05/07 10:26:19.616380247,1746606379,615870123,hemisphere,0.0,0.0,0.07179338781907402,0.9974195253079118
2025/05/07 10:26:19.665395122,1746606379,664894159,hemisphere,0.0,0.0,0.07180209194371036,0.9974188987544336
2025/05/07 10:26:19.715781324,1746606379,715308884,hemisphere,0.0,0.0,0.07184561248485824,0.9974157648476766
2025/05/07 10:26:19.765809909,1746606379,765301194,hemisphere,0.0,0.0,0.07185431657667639,0.9974151378384523
2025/05/07 10:26:19.815894756,1746606379,815385938,hemisphere,0.0,0.0,0.07189783695367363,0.9974120016529694
2025/05/07 10:26:19.865639994,1746606379,865156701,hemisphere,0.0,0.0,0.07191524506614984,0.9974107466470751
2025/05/07 10:26:19.915410722,1746606379,914888062,hemisphere,0.0,0.0,0.0718804288192961,0.9974132563550346
2025/05/07 10:26:19.965875506,1746606379,965254229,hemisphere,0.0,0.0,0.07189783695367363,0.9974120016529694
2025/05/07 10:26:20.15489505,1746606380,14925892,hemisphere,0.0,0.0,0.07191524506614984,0.9974107466470751
2025/05/07 10:26:20.66659546,1746606380,66126659,hemisphere,0.0,0.0,0.07192394911417327,0.997410119030192
2025/05/07 10:26:20.115671161,1746606380,115081084,hemisphere,0.0,0.0,0.07194135719378754,0.9974088635685548
2025/05/07 10:26:20.165287218,1746606380,164760758,hemisphere,0.0,0.0,0.07200228529982522,0.9974044670601805
2025/05/07 10:26:20.215657920,1746606380,215153039,hemisphere,0.0,0.0,0.07203710123980046,0.9974019530986326
2025/05/07 10:26:20.265215969,1746606380,264843791,hemisphere,0.0,0.0,0.0720545091768751,0.9974006956621194
2025/05/07 10:26:20.316452892,1746606380,315913233,hemisphere,0.0,0.0,0.07209802892352293,0.9973975507416002
2025/05/07 10:26:20.366217551,1746606380,365678373,hemisphere,0.0,0.0,0.07215025243830397,0.9973937743304242
2025/05/07 10:26:20.415910140,1746606380,415396726,hemisphere,0.0,0.0,0.07222858733954823,0.9973881045866415
2025/05/07 10:26:20.466360289,1746606380,465584440,hemisphere,0.0,0.0,0.07227210653664105,0.9973849520705416
2025/05/07 10:26:20.515314196,1746606380,514806138,hemisphere,0.0,0.0,0.07240266330201277,0.9973754831289846
2025/05/07 10:26:20.566514240,1746606380,565287344,hemisphere,0.0,0.0,0.07247229306975239,0.9973704260389977
2025/05/07 10:26:20.615615234,1746606380,614938358,hemisphere,0.0,0.0,0.07258544068882396,0.9973621979000453
2025/05/07 10:26:20.666123092,1746606380,665445420,hemisphere,0.0,0.0,0.07267247668327007,0.9973558598277346
2025/05/07 10:26:20.715506510,1746606380,714984820,hemisphere,0.0,0.0,0.07277691914601601,0.9973482441151708
2025/05/07 10:26:20.765845592,1746606380,765414987,hemisphere,0.0,0.0,0.07287265736912946,0.9973412534373385
2025/05/07 10:26:20.815735680,1746606380,815155629,hemisphere,0.0,0.0,0.072985801676098,0.997332979878685
2025/05/07 10:26:20.865308761,1746606380,864852595,hemisphere,0.0,0.0,0.07307283511926625,0.9973266068683982
2025/05/07 10:26:20.915891361,1746606380,915303157,hemisphere,0.0,0.0,0.0732120874705783,0.9973163942542008
2025/05/07 10:26:20.965486660,1746606380,964966165,hemisphere,0.0,0.0,0.07330782263431956,0.9973093618033549
2025/05/07 10:26:21.16123361,1746606381,15541486,hemisphere,0.0,0.0,0.07342096332049672,0.9973010388769734
2025/05/07 10:26:21.65519696,1746606381,65072806,hemisphere,0.0,0.0,0.07350799397462976,0.997294627891791
2025/05/07 10:26:21.115253513,1746606381,114787953,hemisphere,0.0,0.0,0.07356891509948409,0.9972901356832349
2025/05/07 10:26:21.165915534,1746606381,165225119,hemisphere,0.0,0.0,0.07362983594981132,0.9972856397532273
2025/05/07 10:26:21.215457271,1746606381,214909864,hemisphere,0.0,0.0,0.07369945944230952,0.9972804969906468
2025/05/07 10:26:21.267572093,1746606381,265828121,hemisphere,0.0,0.0,0.07379519115791543,0.9972734177556157
2025/05/07 10:26:21.315555345,1746606381,315002836,hemisphere,0.0,0.0,0.07389962498119185,0.9972656844731194
2025/05/07 10:26:21.366063510,1746606381,365442247,hemisphere,0.0,0.0,0.0739692470798912,0.9972605228757598
2025/05/07 10:26:21.416460271,1746606381,415887778,hemisphere,0.0,0.0,0.07403886881807346,0.9972553564178736
2025/05/07 10:26:21.465294833,1746606381,464872877,hemisphere,0.0,0.0,0.07409978754297945,0.997250831780092
2025/05/07 10:26:21.516602147,1746606381,516000039,hemisphere,0.0,0.0,0.07416940860427747,0.9972456562087858
2025/05/07 10:26:21.565360049,1746606381,564957908,hemisphere,0.0,0.0,0.07423032673638784,0.9972411235968005
2025/05/07 10:26:21.617213566,1746606381,616669204,hemisphere,0.0,0.0,0.07432605466997338,0.997233993402349
2025/05/07 10:26:21.669616743,1746606381,665188981,hemisphere,0.0,0.0,0.07438697208935119,0.9972294512214218
2025/05/07 10:26:21.717304170,1746606381,714811717,hemisphere,0.0,0.0,0.07445659165730478,0.9972242556009042
2025/05/07 10:26:21.767419521,1746606381,765234909,hemisphere,0.0,0.0,0.07446529407779005,0.9972236058065955
2025/05/07 10:26:21.817000317,1746606381,814902581,hemisphere,0.0,0.0,0.0745175084815906,0.9972197054459444
2025/05/07 10:26:21.867978483,1746606381,867122332,hemisphere,0.0,0.0,0.07455231797063645,0.9972171036866572
2025/05/07 10:26:21.915606004,1746606381,914980315,hemisphere,0.0,0.0,0.07454361560688956,0.9972177542403927
2025/05/07 10:26:21.965760258,1746606381,965361040,hemisphere,0.0,0.0,0.07456972268109716,0.9972158023513589
2025/05/07 10:26:22.15800365,1746606382,15164921,hemisphere,0.0,0.0,0.07456972268109716,0.9972158023513589
2025/05/07 10:26:22.65174910,1746606382,64779287,hemisphere,0.0,0.0,0.07457842502780959,0.9972151515697961
2025/05/07 10:26:22.115840263,1746606382,115255729,hemisphere,0.0,0.0,0.07453491323746585,0.9972184047181858
2025/05/07 10:26:22.165251458,1746606382,164897704,hemisphere,0.0,0.0,0.07452621086236595,0.9972190551200364
2025/05/07 10:26:22.216204456,1746606382,215394042,hemisphere,0.0,0.0,0.07449140130521813,0.9972216559680125
2025/05/07 10:26:22.265881541,1746606382,265106708,hemisphere,0.0,0.0,0.07438697208935119,0.9972294512214218
2025/05/07 10:26:22.315191149,1746606382,314760505,hemisphere,0.0,0.0,0.07434345967524966,0.9972326960160875
2025/05/07 10:26:22.365665339,1746606382,365190468,hemisphere,0.0,0.0,0.07423902930408281,0.9972404757770252
2025/05/07 10:26:22.415349267,1746606382,414825118,hemisphere,0.0,0.0,0.07410849019539924,0.9972501850994857
2025/05/07 10:26:22.466112235,1746606382,465326059,hemisphere,0.0,0.0,0.0739692470798912,0.9972605228757598
2025/05/07 10:26:22.515476614,1746606382,514997061,hemisphere,0.0,0.0,0.07385611098658039,0.9972689080032215
2025/05/07 10:26:22.567530548,1746606382,565498151,hemisphere,0.0,0.0,0.07366464774093949,0.9972830689795167
2025/05/07 10:26:22.615713176,1746606382,615125589,hemisphere,0.0,0.0,0.0734818848371382,0.9972965519848054
2025/05/07 10:26:22.665250551,1746606382,664793108,hemisphere,0.0,0.0,0.07329041629113062,0.9973106411143284
2025/05/07 10:26:22.715686560,1746606382,715226067,hemisphere,0.0,0.0,0.07302061512010065,0.9973304315859826
2025/05/07 10:26:22.765355272,1746606382,764901906,hemisphere,0.0,0.0,0.07276821563792059,0.9973488791756239
2025/05/07 10:26:22.815843962,1746606382,815376701,hemisphere,0.0,0.0,0.07250710782118548,0.9973678956711044
2025/05/07 10:26:22.865430765,1746606382,865034239,hemisphere,0.0,0.0,0.0722111796222028,0.9973893650613936
2025/05/07 10:26:22.916050986,1746606382,915518429,hemisphere,0.0,0.0,0.07195876525148721,0.9974076078030895
2025/05/07 10:26:22.965589344,1746606382,965136870,hemisphere,0.0,0.0,0.07169764208737296,0.9974264123829442
2025/05/07 10:26:23.15240075,1746606383,14890133,hemisphere,0.0,0.0,0.07144521835743521,0.9974445251611032
2025/05/07 10:26:23.65711269,1746606383,65299385,hemisphere,0.0,0.0,0.07124501697236513,0.9974588450440487
2025/05/07 10:26:23.115499895,1746606383,114998561,hemisphere,0.0,0.0,0.07099258504909933,0.9974768432740915
2025/05/07 10:26:23.165946779,1746606383,165426091,hemisphere,0.0,0.0,0.07074885336043257,0.997494160257685
2025/05/07 10:26:23.215564507,1746606383,215097416,hemisphere,0.0,0.0,0.07052252729552992,0.997510186987507
2025/05/07 10:26:23.265171492,1746606383,264766016,hemisphere,0.0,0.0,0.07034842785144314,0.997522480297477
2025/05/07 10:26:23.315757553,1746606383,315246901,hemisphere,0.0,0.0,0.07018303139458468,0.9975341307966694
2025/05/07 10:26:23.365234799,1746606383,364893193,hemisphere,0.0,0.0,0.0699741067970249,0.9975488080179128
2025/05/07 10:26:23.416507648,1746606383,416012077,hemisphere,0.0,0.0,0.06976517913005734,0.9975634414817691
2025/05/07 10:26:23.465511886,1746606383,465014269,hemisphere,0.0,0.0,0.06957365941344149,0.9975768170501069
2025/05/07 10:26:23.515293049,1746606383,514813147,hemisphere,0.0,0.0,0.06938213713243044,0.9975901558490524
2025/05/07 10:26:23.566317687,1746606383,565864254,hemisphere,0.0,0.0,0.06919931802393345,0.9976028540381301
2025/05/07 10:26:23.615354333,1746606383,614869996,hemisphere,0.0,0.0,0.06907743732678157,0.99761130088445
2025/05/07 10:26:23.666452153,1746606383,665994453,hemisphere,0.0,0.0,0.06892943795140322,0.9976215377505158
2025/05/07 10:26:23.715560593,1746606383,714964815,hemisphere,0.0,0.0,0.0687379070965067,0.997634752866996
2025/05/07 10:26:23.765848639,1746606383,765363297,hemisphere,0.0,0.0,0.06860731642420304,0.9976437420908675
2025/05/07 10:26:23.816009548,1746606383,815099786,hemisphere,0.0,0.0,0.06843319369952383,0.9976557011314492
2025/05/07 10:26:23.865918570,1746606383,865534283,hemisphere,0.0,0.0,0.06830260028770935,0.997664650468251
2025/05/07 10:26:23.915896419,1746606383,915210119,hemisphere,0.0,0.0,0.06817200570554827,0.9976735827103386
2025/05/07 10:26:23.965375031,1746606383,964928747,hemisphere,0.0,0.0,0.06801529066524817,0.9976842788356053
2025/05/07 10:26:24.16027316,1746606384,15298032,hemisphere,0.0,0.0,0.06790210653666269,0.9976919885054123
2025/05/07 10:26:24.65409671,1746606384,65022550,hemisphere,0.0,0.0,0.06772797540213664,0.9977038244629153
2025/05/07 10:26:24.115979666,1746606384,115414160,hemisphere,0.0,0.0,0.06760608238010107,0.9977120915500699
2025/05/07 10:26:24.165635075,1746606384,165145069,hemisphere,0.0,0.0,0.06743194774144055,0.997723875841305
2025/05/07 10:26:24.215280080,1746606384,214822009,hemisphere,0.0,0.0,0.06726651793202605,0.9977350427670166
2025/05/07 10:26:24.265816458,1746606384,265289229,hemisphere,0.0,0.0,0.06710979324877386,0.9977455966578388
2025/05/07 10:26:24.315563492,1746606384,315006963,hemisphere,0.0,0.0,0.06694435984233989,0.9977567101680145
2025/05/07 10:26:24.366450995,1746606384,366060019,hemisphere,0.0,0.0,0.0668050460724248,0.9977660476380529
2025/05/07 10:26:24.415758769,1746606384,415131423,hemisphere,0.0,0.0,0.06666573100011093,0.9977753656561286
2025/05/07 10:26:24.465227583,1746606384,464779510,hemisphere,0.0,0.0,0.06650899999036604,0.9977858251750631
2025/05/07 10:26:24.515728762,1746606384,515172984,hemisphere,0.0,0.0,0.06639580435140688,0.9977933639609605
2025/05/07 10:26:24.565550562,1746606384,564979090,hemisphere,0.0,0.0,0.06627390040000014,0.99780146829205
2025/05/07 10:26:24.615823200,1746606384,615335467,hemisphere,0.0,0.0,0.06619553305161216,0.9978066703545396
2025/05/07 10:26:24.665555618,1746606384,665064394,hemisphere,0.0,0.0,0.06609975018244577,0.9978130200723071
2025/05/07 10:26:24.715825065,1746606384,715409524,hemisphere,0.0,0.0,0.06603008953134315,0.9978176322737953
2025/05/07 10:26:24.765427209,1746606384,765093581,hemisphere,0.0,0.0,0.06595172091419098,0.9978228151873741
2025/05/07 10:26:24.815353383,1746606384,814836529,hemisphere,0.0,0.0,0.06594301326494156,0.9978233906867185
2025/05/07 10:26:24.865776508,1746606384,865230383,hemisphere,0.0,0.0,0.06591689028706489,0.9978251167288199
2025/05/07 10:26:24.915599931,1746606384,914980478,hemisphere,0.0,0.0,0.0659343056106703,0.9978239661100744
2025/05/07 10:26:24.966080761,1746606384,965460429,hemisphere,0.0,0.0,0.06594301326494156,0.9978233906867185
2025/05/07 10:26:25.16459734,1746606385,15105408,hemisphere,0.0,0.0,0.06602138192732022,0.9978182084570351
2025/05/07 10:26:25.65267008,1746606385,64791425,hemisphere,0.0,0.0,0.06605621231323845,0.9978159032681472
2025/05/07 10:26:25.115625684,1746606385,115152840,hemisphere,0.0,0.0,0.06615199545937238,0.9978095577297018
2025/05/07 10:26:25.165352049,1746606385,164896740,hemisphere,0.0,0.0,0.06621294805322517,0.9978055148725632
2025/05/07 10:26:25.215841823,1746606385,215314426,hemisphere,0.0,0.0,0.06628260785792797,0.9978008899051715
2025/05/07 10:26:25.265705223,1746606385,265018307,hemisphere,0.0,0.0,0.06641321912074899,0.9977922049835924
2025/05/07 10:26:25.315991183,1746606385,315422142,hemisphere,0.0,0.0,0.06656124384281017,0.9977823414042253
2025/05/07 10:26:25.365606967,1746606385,365125881,hemisphere,0.0,0.0,0.06669185267525093,0.9977736200094401
2025/05/07 10:26:25.415317089,1746606385,414797463,hemisphere,0.0,0.0,0.06682246036494484,0.9977648815180736
2025/05/07 10:26:25.465668676,1746606385,465237944,hemisphere,0.0,0.0,0.06695306690965389,0.9977561259302753
2025/05/07 10:26:25.516227094,1746606385,515682448,hemisphere,0.0,0.0,0.06708367230714027,0.9977473532461955
2025/05/07 10:26:25.566526296,1746606385,566083760,hemisphere,0.0,0.0,0.06726651793202605,0.9977350427670166
2025/05/07 10:26:25.616338610,1746606385,615795588,hemisphere,0.0,0.0,0.06740582736834622,0.9977256408636539
2025/05/07 10:26:25.665200351,1746606385,664772993,hemisphere,0.0,0.0,0.0675364287714677,0.9977168089136298
2025/05/07 10:26:25.715717801,1746606385,715171505,hemisphere,0.0,0.0,0.06770185555388468,0.9977055972352571
2025/05/07 10:26:25.765376066,1746606385,764885479,hemisphere,0.0,0.0,0.06789340002901718,0.9976925810250871
2025/05/07 10:26:25.815701481,1746606385,815253721,hemisphere,0.0,0.0,0.06803270353044903,0.9976830915928856
2025/05/07 10:26:25.865519145,1746606385,864983812,hemisphere,0.0,0.0,0.0681807120473916,0.9976729877593713
2025/05/07 10:26:25.916003654,1746606385,915395263,hemisphere,0.0,0.0,0.06825036259516122,0.9976682254164604
2025/05/07 10:26:25.965617934,1746606385,965111250,hemisphere,0.0,0.0,0.06833742531205282,0.997662265649914
2025/05/07 10:26:26.15372750,1746606386,14841477,hemisphere,0.0,0.0,0.06846801841139695,0.9976533117545476
2025/05/07 10:26:26.65661131,1746606386,65224877,hemisphere,0.0,0.0,0.06858990424569303,0.9976449393624802
2025/05/07 10:26:26.115405310,1746606386,114914506,hemisphere,0.0,0.0,0.06870308303229652,0.9976371516648012
2025/05/07 10:26:26.165851598,1746606386,165334049,hemisphere,0.0,0.0,0.06877273107696179,0.9976323528536031
2025/05/07 10:26:26.215697816,1746606386,215215414,hemisphere,0.0,0.0,0.06885979066139272,0.9976263475019439
2025/05/07 10:26:26.265330821,1746606386,264755741,hemisphere,0.0,0.0,0.06895555559856231,0.9976197328401707
2025/05/07 10:26:26.315717572,1746606386,315186432,hemisphere,0.0,0.0,0.06905131990032876,0.997613108985654
2025/05/07 10:26:26.365285802,1746606386,364871564,hemisphere,0.0,0.0,0.06914708356580959,0.9976064759384549
2025/05/07 10:26:26.415845533,1746606386,415313070,hemisphere,0.0,0.0,0.06925155229234341,0.9975992294028203
2025/05/07 10:26:26.466170219,1746606386,465566052,hemisphere,0.0,0.0,0.06936472588905877,0.9975913666438457
2025/05/07 10:26:26.515895154,1746606386,515412830,hemisphere,0.0,0.0,0.06946919303215761,0.9975840973168432
2025/05/07 10:26:26.565621200,1746606386,565120310,hemisphere,0.0,0.0,0.06960848137104589,0.99757438786349
2025/05/07 10:26:26.615333321,1746606386,614841558,hemisphere,0.0,0.0,0.06973035755445826,0.9975658761381764
2025/05/07 10:26:26.665698267,1746606386,665191667,hemisphere,0.0,0.0,0.0698696433466443,0.9975561302195545
2025/05/07 10:26:26.715336832,1746606386,714874629,hemisphere,0.0,0.0,0.07005245388129828,0.9975433091877308
2025/05/07 10:26:26.765609228,1746606386,765239421,hemisphere,0.0,0.0,0.07028749253947277,0.9975267757772288
2025/05/07 10:26:26.815512785,1746606386,815041319,hemisphere,0.0,0.0,0.07048770757840198,0.9975126480803849
2025/05/07 10:26:26.865929091,1746606386,865433959,hemisphere,0.0,0.0,0.07070532939968367,0.9974972463092228
2025/05/07 10:26:26.915757524,1746606386,915171579,hemisphere,0.0,0.0,0.07092294785564116,0.9974817970607113
2025/05/07 10:26:26.974163558,1746606386,964803945,hemisphere,0.0,0.0,0.07116667651821193,0.9974644375381773
2025/05/07 10:26:27.15783998,1746606387,15286026,hemisphere,0.0,0.0,0.07142780965548429,0.9974457719634787
2025/05/07 10:26:27.65359996,1746606387,64939970,hemisphere,0.0,0.0,0.07163671264134018,0.9974307902816827
2025/05/07 10:26:27.115926754,1746606387,115399118,hemisphere,0.0,0.0,0.07190654101264975,0.9974113741880009
2025/05/07 10:26:27.165616414,1746606387,165067259,hemisphere,0.0,0.0,0.07211543678375268,0.997396292241699
2025/05/07 10:26:27.215220151,1746606387,214756055,hemisphere,0.0,0.0,0.07232432939151857,0.9973811665447002
2025/05/07 10:26:27.266124853,1746606387,265232951,hemisphere,0.0,0.0,0.07262895875518464,0.9973590298133054
2025/05/07 10:26:27.315386705,1746606387,314887200,hemisphere,0.0,0.0,0.0728465470112017,0.9973431608972635
2025/05/07 10:26:27.366226023,1746606387,365410816,hemisphere,0.0,0.0,0.07309024174114331,0.9973253313549302
2025/05/07 10:26:27.415456437,1746606387,415000110,hemisphere,0.0,0.0,0.0733426352536997,0.997306802270015
2025/05/07 10:26:27.465118496,1746606387,464717974,hemisphere,0.0,0.0,0.0735602120984502,0.9972907776551586
2025/05/07 10:26:27.516459358,1746606387,515879721,hemisphere,0.0,0.0,0.0737690825756055,0.997275349367442
2025/05/07 10:26:27.565198666,1746606387,564831707,hemisphere,0.0,0.0,0.07401276070852476,0.9972572944091723
2025/05/07 10:26:27.616353726,1746606387,615923536,hemisphere,0.0,0.0,0.07423032673638784,0.9972411235968005
2025/05/07 10:26:27.665412078,1746606387,664966968,hemisphere,0.0,0.0,0.0745175084815906,0.9972197054459444
2025/05/07 10:26:27.715918929,1746606387,715414931,hemisphere,0.0,0.0,0.07472636405242143,0.9972040766641024
2025/05/07 10:26:27.765480149,1746606387,765062266,hemisphere,0.0,0.0,0.07497002474155685,0.9971857877999718
2025/05/07 10:26:27.815288838,1746606387,814767904,hemisphere,0.0,0.0,0.0751788731987678,0.9971700642440905
2025/05/07 10:26:27.867630420,1746606387,866254978,hemisphere,0.0,0.0,0.07542252556359275,0.9971516648121334
2025/05/07 10:26:27.915328616,1746606387,914886550,hemisphere,0.0,0.0,0.07568357667131223,0.9971318850694916
2025/05/07 10:26:27.965699098,1746606387,965299592,hemisphere,0.0,0.0,0.07590981676938684,0.997114687344459
2025/05/07 10:26:28.15727131,1746606388,15053962,hemisphere,0.0,0.0,0.07612735164006837,0.9970981026620547
2025/05/07 10:26:28.66454804,1746606388,66111564,hemisphere,0.0,0.0,0.07635358406173509,0.9970808042485462
2025/05/07 10:26:28.115708836,1746606388,115184028,hemisphere,0.0,0.0,0.07656241050089777,0.9970647909229832
2025/05/07 10:26:28.165206507,1746606388,164798533,hemisphere,0.0,0.0,0.0767973362301583,0.9970467236533863
2025/05/07 10:26:28.215873771,1746606388,215247920,hemisphere,0.0,0.0,0.07701485625234131,0.9970299453458914
2025/05/07 10:26:28.265359892,1746606388,264927671,hemisphere,0.0,0.0,0.07724977375874717,0.9970117714722442
2025/05/07 10:26:28.316518458,1746606388,316045354,hemisphere,0.0,0.0,0.07744988528944804,0.99699624636638
2025/05/07 10:26:28.366171969,1746606388,365793721,hemisphere,0.0,0.0,0.07766739428366592,0.9969793256959673
2025/05/07 10:26:28.415163043,1746606388,414749107,hemisphere,0.0,0.0,0.0778761994403953,0.9969630372088625
2025/05/07 10:26:28.465655546,1746606388,465198916,hemisphere,0.0,0.0,0.07810240117166743,0.996945341997855
2025/05/07 10:26:28.515358389,1746606388,514870190,hemisphere,0.0,0.0,0.0782850996352895,0.9969310122446251
2025/05/07 10:26:28.565731940,1746606388,565294904,hemisphere,0.0,0.0,0.0785112940898026,0.9969132242579314
2025/05/07 10:26:28.615411608,1746606388,614968150,hemisphere,0.0,0.0,0.07872008538377047,0.9968967590263156
2025/05/07 10:26:28.665818649,1746606388,665378408,hemisphere,0.0,0.0,0.07892887322468903,0.9968802500659149
2025/05/07 10:26:28.715731835,1746606388,715160362,hemisphere,0.0,0.0,0.0791376576033998,0.9968636973774535
2025/05/07 10:26:28.765218784,1746606388,764774450,hemisphere,0.0,0.0,0.07936383676270918,0.9968457159532272
2025/05/07 10:26:28.816214542,1746606388,815710867,hemisphere,0.0,0.0,0.0795552159375649,0.9968304608192546
2025/05/07 10:26:28.865541263,1746606388,864983200,hemisphere,0.0,0.0,0.07973789332371581,0.9968158648257439
2025/05/07 10:26:28.915771640,1746606388,915309282,hemisphere,0.0,0.0,0.07992926676067287,0.9968005378786176
2025/05/07 10:26:28.965360703,1746606388,965005828,hemisphere,0.0,0.0,0.0801380344225612,0.9967837756699737
2025/05/07 10:26:29.15992682,1746606389,15474633,hemisphere,0.0,0.0,0.08032940169146834,0.9967683719018631
2025/05/07 10:26:29.65618839,1746606389,65149238,hemisphere,0.0,0.0,0.08055555919143786,0.9967501200819364
2025/05/07 10:26:29.115322945,1746606389,114888557,hemisphere,0.0,0.0,0.08077301441532113,0.996732521864448
2025/05/07 10:26:29.165707950,1746606389,165281657,hemisphere,0.0,0.0,0.08100786173865085,0.9967134625039092
2025/05/07 10:26:29.215437672,1746606389,214976777,hemisphere,0.0,0.0,0.08119921549236891,0.996697891742239
2025/05/07 10:26:29.265997291,1746606389,265413558,hemisphere,0.0,0.0,0.08139926394381773,0.996681573938941
2025/05/07 10:26:29.315668360,1746606389,315111922,hemisphere,0.0,0.0,0.08159930911604402,0.9966652159836744
2025/05/07 10:26:29.365155137,1746606389,364804623,hemisphere,0.0,0.0,0.08180804839955304,0.9966481040051481
2025/05/07 10:26:29.415917027,1746606389,415265134,hemisphere,0.0,0.0,0.08201678409455952,0.9966309483087441
2025/05/07 10:26:29.465999551,1746606389,465612823,hemisphere,0.0,0.0,0.08219942487679871,0.9966159012126605
2025/05/07 10:26:29.516444738,1746606389,516051913,hemisphere,0.0,0.0,0.08241685077954626,0.9965979443625107
2025/05/07 10:26:29.566312569,1746606389,565789898,hemisphere,0.0,0.0,0.08265166634816938,0.9965784976858927
2025/05/07 10:26:29.615226134,1746606389,614739838,hemisphere,0.0,0.0,0.082834297507669,0.9965633342424409
2025/05/07 10:26:29.666434875,1746606389,665886953,hemisphere,0.0,0.0,0.08309519433680984,0.9965416141226255
2025/05/07 10:26:29.715324095,1746606389,714865871,hemisphere,0.0,0.0,0.08328651505953917,0.9965256426250341
2025/05/07 10:26:29.765728183,1746606389,765268544,hemisphere,0.0,0.0,0.08353870586616413,0.9965045331669127
2025/05/07 10:26:29.815379609,1746606389,814955453,hemisphere,0.0,0.0,0.08376480342041609,0.9964855531857645
2025/05/07 10:26:29.866479090,1746606389,866084191,hemisphere,0.0,0.0,0.08397350502794239,0.9964679876711154
2025/05/07 10:26:29.915617814,1746606389,915103968,hemisphere,0.0,0.0,0.08419959427909264,0.9964489090381083
2025/05/07 10:26:29.965226309,1746606389,964771473,hemisphere,0.0,0.0,0.08438220166423946,0.9964334619242249
2025/05/07 10:26:30.15721725,1746606390,15232109,hemisphere,0.0,0.0,0.08462567376842314,0.9964128137169054
2025/05/07 10:26:30.65241657,1746606390,64913804,hemisphere,0.0,0.0,0.08487783597824357,0.9963913653578349
2025/05/07 10:26:30.117121652,1746606390,115498774,hemisphere,0.0,0.0,0.08515607762457597,0.9963676241446212
2025/05/07 10:26:30.165407774,1746606390,165014639,hemisphere,0.0,0.0,0.08533867009742686,0.9963520017473757
2025/05/07 10:26:30.215988867,1746606390,215476156,hemisphere,0.0,0.0,0.08552125970425782,0.9963363458885743
2025/05/07 10:26:30.265649058,1746606390,265157461,hemisphere,0.0,0.0,0.08579079149180414,0.9963131737035348
2025/05/07 10:26:30.315357493,1746606390,314825110,hemisphere,0.0,0.0,0.08601684557000241,0.996293682745297
2025/05/07 10:26:30.365714926,1746606390,365232177,hemisphere,0.0,0.0,0.08625158934874201,0.9962733878483435
2025/05/07 10:26:30.415439916,1746606390,414968964,hemisphere,0.0,0.0,0.08651241015298652,0.9962507730935628
2025/05/07 10:26:30.465831823,1746606390,465359070,hemisphere,0.0,0.0,0.08671236875494867,0.996233388872761
2025/05/07 10:26:30.515558133,1746606390,515030415,hemisphere,0.0,0.0,0.08693840470682168,0.9962136888173305
2025/05/07 10:26:30.565408698,1746606390,564942232,hemisphere,0.0,0.0,0.08715574274765817,0.9961946980917455
2025/05/07 10:26:30.615802255,1746606390,615320360,hemisphere,0.0,0.0,0.08737307664018883,0.9961756599508079
2025/05/07 10:26:30.665553292,1746606390,665037121,hemisphere,0.0,0.0,0.08760779257281624,0.9961550455027162
2025/05/07 10:26:30.715910478,1746606390,715407086,hemisphere,0.0,0.0,0.08785119655074317,0.9961336091431725
2025/05/07 10:26:30.765445744,1746606390,765087873,hemisphere,0.0,0.0,0.08808590256211077,0.9961128820418991
2025/05/07 10:26:30.816182256,1746606390,815598754,hemisphere,0.0,0.0,0.08829452602280347,0.9960944115265422
2025/05/07 10:26:30.865637179,1746606390,865224901,hemisphere,0.0,0.0,0.08854660753622222,0.9960720346911794
2025/05/07 10:26:30.915299791,1746606390,914908221,hemisphere,0.0,0.0,0.08874653022211348,0.9960542421843981
2025/05/07 10:26:30.965946059,1746606390,965404599,hemisphere,0.0,0.0,0.08893775727199786,0.9960371857171937
2025/05/07 10:26:31.15489704,1746606391,15114677,hemisphere,0.0,0.0,0.08914636486020623,0.9960185367914651
2025/05/07 10:26:31.65912886,1746606391,65456294,hemisphere,0.0,0.0,0.08936366027293008,0.9959990643683478
2025/05/07 10:26:31.115738259,1746606391,115179306,hemisphere,0.0,0.0,0.08955487671806102,0.9959818894216967
2025/05/07 10:26:31.165352312,1746606391,164874452,hemisphere,0.0,0.0,0.08978954693402057,0.9959607609044562
2025/05/07 10:26:31.215829113,1746606391,215306282,hemisphere,0.0,0.0,0.08998944726079527,0.9959427189259916
2025/05/07 10:26:31.265266620,1746606391,264946147,hemisphere,0.0,0.0,0.09017196178453618,0.9959262107746377
2025/05/07 10:26:31.315901344,1746606391,315423401,hemisphere,0.0,0.0,0.09037185516895249,0.9959080920412897
2025/05/07 10:26:31.365530278,1746606391,365111694,hemisphere,0.0,0.0,0.09058043568839153,0.9958891427616335
2025/05/07 10:26:31.416880392,1746606391,416291403,hemisphere,0.0,0.0,0.09078901223452804,0.9958701497973914
2025/05/07 10:26:31.466589250,1746606391,465952212,hemisphere,0.0,0.0,0.09099758479821286,0.9958511131493964
2025/05/07 10:26:31.515753860,1746606391,514935574,hemisphere,0.0,0.0,0.09118877280863687,0.9958336245144843
2025/05/07 10:26:31.566454097,1746606391,566010166,hemisphere,0.0,0.0,0.09138864758931843,0.9958153016959498
2025/05/07 10:26:31.616268565,1746606391,615788549,hemisphere,0.0,0.0,0.09158851868834855,0.9957969387603449
2025/05/07 10:26:31.666642247,1746606391,666187015,hemisphere,0.0,0.0,0.09177969628714602,0.9957793366752693
2025/05/07 10:26:31.715541989,1746606391,715117535,hemisphere,0.0,0.0,0.09194480149125751,0.995764105337571
2025/05/07 10:26:31.765313500,1746606391,764843885,hemisphere,0.0,0.0,0.09212728324951455,0.9957472388518402
2025/05/07 10:26:31.815898026,1746606391,815314044,hemisphere,0.0,0.0,0.09230976191376244,0.995730338924864
2025/05/07 10:26:31.865517103,1746606391,864995284,hemisphere,0.0,0.0,0.09244010191911059,0.9957182470745348
2025/05/07 10:26:31.915865728,1746606391,915395365,hemisphere,0.0,0.0,0.09257044034052254,0.9957061381628426
2025/05/07 10:26:31.965480977,1746606391,965105027,hemisphere,0.0,0.0,0.09271815530050014,0.995692394104561
2025/05/07 10:26:32.15891856,1746606392,15481184,hemisphere,0.0,0.0,0.09285717928116784,0.9956794385021441
2025/05/07 10:26:32.65562360,1746606392,65178794,hemisphere,0.0,0.0,0.09298751261897632,0.9956672749954856
2025/05/07 10:26:32.115341423,1746606392,114908822,hemisphere,0.0,0.0,0.09312653308972912,0.9956542817839371
2025/05/07 10:26:32.165785352,1746606392,165354083,hemisphere,0.0,0.0,0.09329161754044106,0.9956388271339603
2025/05/07 10:26:32.215641641,1746606392,215100501,hemisphere,0.0,0.0,0.09337850306357355,0.995630682113406
2025/05/07 10:26:32.265819255,1746606392,265427705,hemisphere,0.0,0.0,0.09350014160113264,0.9956192663466131
2025/05/07 10:26:32.316275113,1746606392,315796630,hemisphere,0.0,0.0,0.09361309042212418,0.9956086526851899
2025/05/07 10:26:32.365395243,1746606392,364893359,hemisphere,0.0,0.0,0.09373472626653014,0.995597208258309
2025/05/07 10:26:32.415873895,1746606392,415277161,hemisphere,0.0,0.0,0.09383029630570851,0.9955882057834871
2025/05/07 10:26:32.465436575,1746606392,464981678,hemisphere,0.0,0.0,0.09389111315325113,0.9955824721593101
2025/05/07 10:26:32.516038671,1746606392,515464993,hemisphere,0.0,0.0,0.09397799375620161,0.995574274823109
2025/05/07 10:26:32.565490402,1746606392,565067800,hemisphere,0.0,0.0,0.09403880975247472,0.9955685321766342
2025/05/07 10:26:32.616064167,1746606392,615516421,hemisphere,0.0,0.0,0.0941430649295531,0.9955586789967079
2025/05/07 10:26:32.665628819,1746606392,665198491,hemisphere,0.0,0.0,0.09416044069205869,0.9955570357386248
2025/05/07 10:26:32.715565666,1746606392,714959011,hemisphere,0.0,0.0,0.09419519213101589,0.995553748312667
2025/05/07 10:26:32.765755994,1746606392,765322631,hemisphere,0.0,0.0,0.09423863126830649,0.9955496373243657
2025/05/07 10:26:32.815533523,1746606392,814988427,hemisphere,0.0,0.0,0.09428207022618006,0.9955455244406786
2025/05/07 10:26:32.865778729,1746606392,865401501,hemisphere,0.0,0.0,0.09433419673868135,0.9955405864783554
2025/05/07 10:26:32.915559093,1746606392,915096243,hemisphere,0.0,0.0,0.09432550900455385,0.9955414096616132
2025/05/07 10:26:32.966021251,1746606392,965534252,hemisphere,0.0,0.0,0.09436025989795749,0.9955381164736938
2025/05/07 10:26:33.15702338,1746606393,15221286,hemisphere,0.0,0.0,0.09435157218538383,0.9955389398843957
2025/05/07 10:26:33.65375358,1746606393,64913211,hemisphere,0.0,0.0,0.09441238602247139,0.9955331744173792
2025/05/07 10:26:33.115829544,1746606393,115363866,hemisphere,0.0,0.0,0.09443844898767338,0.9955307023657295
2025/05/07 10:26:33.165869988,1746606393,165074199,hemisphere,0.0,0.0,0.09446451188814832,0.9955282296317538
2025/05/07 10:26:33.216204937,1746606393,215524341,hemisphere,0.0,0.0,0.0944731995072531,0.9955274052354676
2025/05/07 10:26:33.265624200,1746606393,265159674,hemisphere,0.0,0.0,0.0944818871191633,0.9955265807633675
2025/05/07 10:26:33.315379894,1746606393,314898499,hemisphere,0.0,0.0,0.0944818871191633,0.9955265807633675
2025/05/07 10:26:33.365634324,1746606393,365214189,hemisphere,0.0,0.0,0.0944731995072531,0.9955274052354676
2025/05/07 10:26:33.416108283,1746606393,415712415,hemisphere,0.0,0.0,0.09450794991172007,0.9955241068921856
2025/05/07 10:26:33.466803759,1746606393,466164157,hemisphere,0.0,0.0,0.09450794991172007,0.9955241068921856
2025/05/07 10:26:33.515685712,1746606393,515165049,hemisphere,0.0,0.0,0.09451663749484547,0.9955232821168313
2025/05/07 10:26:33.565197029,1746606393,564783678,hemisphere,0.0,0.0,0.09450794991172007,0.9955241068921856
2025/05/07 10:26:33.616518276,1746606393,615990017,hemisphere,0.0,0.0,0.0944818871191633,0.9955265807633675
2025/05/07 10:26:33.666161965,1746606393,665685320,hemisphere,0.0,0.0,0.0944818871191633,0.9955265807633675
2025/05/07 10:26:33.715938415,1746606393,715387517,hemisphere,0.0,0.0,0.09445582426184969,0.9955290539522262
2025/05/07 10:26:33.765419991,1746606393,765022014,hemisphere,0.0,0.0,0.0944818871191633,0.9955265807633675
2025/05/07 10:26:33.815946612,1746606393,815469447,hemisphere,0.0,0.0,0.0944731995072531,0.9955274052354676
2025/05/07 10:26:33.865480432,1746606393,865166338,hemisphere,0.0,0.0,0.09440369835302331,0.9955339982829674
2025/05/07 10:26:33.915295546,1746606393,914857559,hemisphere,0.0,0.0,0.09438632299256011,0.9955356457867012
2025/05/07 10:26:33.965657845,1746606393,965283962,hemisphere,0.0,0.0,0.09434288446562492,0.9955397632192828
2025/05/07 10:26:34.15482118,1746606394,15019395,hemisphere,0.0,0.0,0.0943081335147496,0.9955430558006841
2025/05/07 10:26:34.65846786,1746606394,65383501,hemisphere,0.0,0.0,0.09425600687299061,0.9955479923983368
2025/05/07 10:26:34.120800496,1746606394,115092678,hemisphere,0.0,0.0,0.09422994345519911,0.9955504596736572
2025/05/07 10:26:34.165979464,1746606394,165566259,hemisphere,0.0,0.0,0.094186504282035,0.9955545702828802
2025/05/07 10:26:34.216191291,1746606394,215271303,hemisphere,0.0,0.0,0.09408224953498198,0.9955644280117875
2025/05/07 10:26:34.265350154,1746606394,264943683,hemisphere,0.0,0.0,0.09404749772330176,0.9955677114952983
2025/05/07 10:26:34.316446475,1746606394,316049093,hemisphere,0.0,0.0,0.09400405779755862,0.9955718141438081
2025/05/07 10:26:34.365354902,1746606394,365031661,hemisphere,0.0,0.0,0.09394324160086638,0.9955775546674007
2025/05/07 10:26:34.416039635,1746606394,415501956,hemisphere,0.0,0.0,0.0938563607118278,0.9955857489708917
2025/05/07 10:26:34.465708903,1746606394,465193952,hemisphere,0.0,0.0,0.09376947910803214,0.9955939356925635
2025/05/07 10:26:34.515314905,1746606394,514863096,hemisphere,0.0,0.0,0.09372603803830722,0.9955980262101979
2025/05/07 10:26:34.565943737,1746606394,565428740,hemisphere,0.0,0.0,0.09363915536361657,0.9956062015590244
2025/05/07 10:26:34.615467097,1746606394,615005962,hemisphere,0.0,0.0,0.09357833706699749,0.9956119197919315
2025/05/07 10:26:34.665983455,1746606394,665431790,hemisphere,0.0,0.0,0.09347407631765256,0.9956217138334025
2025/05/07 10:26:34.715696552,1746606394,715224706,hemisphere,0.0,0.0,0.09340456858187539,0.9956282371287155
2025/05/07 10:26:34.765912094,1746606394,765497011,hemisphere,0.0,0.0,0.09330030612473579,0.995638012973104
2025/05/07 10:26:34.815990357,1746606394,815429466,hemisphere,0.0,0.0,0.09321341996216284,0.99564615116966
2025/05/07 10:26:34.865277208,1746606394,864883442,hemisphere,0.0,0.0,0.09310915563011733,0.9956559069969136
2025/05/07 10:26:34.915774269,1746606394,915350007,hemisphere,0.0,0.0,0.09299620145153702,0.9956664634884441
2025/05/07 10:26:34.965480143,1746606394,965009981,hemisphere,0.0,0.0,0.09285717928116784,0.9956794385021441
2025/05/07 10:26:35.15946019,1746606395,15472006,hemisphere,0.0,0.0,0.09273553339699164,0.9956907757158221
2025/05/07 10:26:35.65601989,1746606395,65134219,hemisphere,0.0,0.0,0.09257912951224426,0.995705330295442
2025/05/07 10:26:35.115444505,1746606395,114894006,hemisphere,0.0,0.0,0.0923879661069186,0.9957230858620417
2025/05/07 10:26:35.165613300,1746606395,165230307,hemisphere,0.0,0.0,0.09218810981501196,0.9957416092585141
2025/05/07 10:26:35.215401613,1746606395,214940831,hemisphere,0.0,0.0,0.09199693945183168,0.9957592897540529
2025/05/07 10:26:35.265701613,1746606395,265341802,hemisphere,0.0,0.0,0.09177100646962728,0.9957801375662961
2025/05/07 10:26:35.316297805,1746606395,315554949,hemisphere,0.0,0.0,0.09157113873913705,0.9957985371298844
2025/05/07 10:26:35.365823246,1746606395,365464074,hemisphere,0.0,0.0,0.09137126731964366,0.9958168965770777
2025/05/07 10:26:35.416712320,1746606395,415974718,hemisphere,0.0,0.0,0.09116270191406518,0.9958360114897068
2025/05/07 10:26:35.465508158,1746606395,464985551,hemisphere,0.0,0.0,0.09086722741309482,0.9958630161735383
2025/05/07 10:26:35.516921546,1746606395,515736902,hemisphere,0.0,0.0,0.09066734306600675,0.9958812343353756
2025/05/07 10:26:35.565378048,1746606395,565035223,hemisphere,0.0,0.0,0.09045007332878274,0.9959009911807588
2025/05/07 10:26:35.616565146,1746606395,616116646,hemisphere,0.0,0.0,0.09021541717739737,0.9959222753325222
2025/05/07 10:26:35.666422797,1746606395,665831930,hemisphere,0.0,0.0,0.08997206476748346,0.9959442893864475
2025/05/07 10:26:35.715990080,1746606395,715576619,hemisphere,0.0,0.0,0.08976347271150548,0.9959631112479873
2025/05/07 10:26:35.765746380,1746606395,765285628,hemisphere,0.0,0.0,0.08949403547959675,0.9959873581595183
2025/05/07 10:26:35.816199274,1746606395,815048374,hemisphere,0.0,0.0,0.08928543441380046,0.9960060799018945
2025/05/07 10:26:35.866947447,1746606395,866457344,hemisphere,0.0,0.0,0.08903336956808151,0.9960286437163107
2025/05/07 10:26:35.915493192,1746606395,915076545,hemisphere,0.0,0.0,0.0887812990201481,0.9960511437392636
2025/05/07 10:26:35.965902073,1746606395,965471834,hemisphere,0.0,0.0,0.08855529990114669,0.9960712619383304
2025/05/07 10:26:36.16670190,1746606396,15508354,hemisphere,0.0,0.0,0.08833798875659417,0.9960905580028555
2025/05/07 10:26:36.65267886,1746606396,64853722,hemisphere,0.0,0.0,0.0880945952835132,0.9961121133094578
2025/05/07 10:26:36.116524803,1746606396,115687707,hemisphere,0.0,0.0,0.08786858234863111,0.9961320756988211
2025/05/07 10:26:36.175135803,1746606396,166282365,hemisphere,0.0,0.0,0.08760779257281624,0.9961550455027162
2025/05/07 10:26:36.216040969,1746606396,215465680,hemisphere,0.0,0.0,0.08734699679245797,0.9961779470312211
2025/05/07 10:26:36.265530908,1746606396,265038983,hemisphere,0.0,0.0,0.0870948885139283,0.9962000202744158
2025/05/07 10:26:36.316635425,1746606396,316144614,hemisphere,0.0,0.0,0.08684277465733574,0.996222029715171
2025/05/07 10:26:36.365518071,1746606396,365082078,hemisphere,0.0,0.0,0.0865471858126051,0.9962477526338107
2025/05/07 10:26:36.415305372,1746606396,414846437,hemisphere,0.0,0.0,0.0863037539830902,0.996268870360018
2025/05/07 10:26:36.465647167,1746606396,465240798,hemisphere,0.0,0.0,0.08600815126418689,0.9962944333459446
2025/05/07 10:26:36.515709470,1746606396,515063686,hemisphere,0.0,0.0,0.08571254097360469,0.996319908623655
2025/05/07 10:26:36.565777971,1746606396,565351996,hemisphere,0.0,0.0,0.08539953361845332,0.9963467868457
2025/05/07 10:26:36.615561688,1746606396,615082892,hemisphere,0.0,0.0,0.08506912782242805,0.9963750516203883
2025/05/07 10:26:36.665201581,1746606396,664761896,hemisphere,0.0,0.0,0.08478218888252789,0.9963995084544589
2025/05/07 10:26:36.716766419,1746606396,715257278,hemisphere,0.0,0.0,0.08442567919561884,0.9964297791075689
2025/05/07 10:26:36.765354590,1746606396,764934183,hemisphere,0.0,0.0,0.0840952459318637,0.9964577209353438
2025/05/07 10:26:36.817760087,1746606396,816247056,hemisphere,0.0,0.0,0.08373871546093585,0.9964877458016995
2025/05/07 10:26:36.866826673,1746606396,866329134,hemisphere,0.0,0.0,0.08343435169761379,0.9965132758557705
2025/05/07 10:26:36.916121258,1746606396,915505914,hemisphere,0.0,0.0,0.08307780139185504,0.9965430642555773
2025/05/07 10:26:36.965603196,1746606396,965100887,hemisphere,0.0,0.0,0.082773420763301,0.996568392442356
2025/05/07 10:26:37.15216157,1746606397,14802139,hemisphere,0.0,0.0,0.08246903241289037,0.9965936276601821
2025/05/07 10:26:37.65767377,1746606397,65261391,hemisphere,0.0,0.0,0.08212115059351298,0.996622354066573
2025/05/07 10:26:37.115383496,1746606397,114934962,hemisphere,0.0,0.0,0.0818863247061999,0.996641675742145
2025/05/07 10:26:37.165794879,1746606397,165330082,hemisphere,0.0,0.0,0.0815558213144835,0.9966687754764468
2025/05/07 10:26:37.215676550,1746606397,215088547,hemisphere,0.0,0.0,0.08124270456470567,0.9966943478093031
2025/05/07 10:26:37.265069566,1746606397,264748979,hemisphere,0.0,0.0,0.08094697582687697,0.9967184091329321
2025/05/07 10:26:37.315702763,1746606397,315135680,hemisphere,0.0,0.0,0.08064254174167002,0.9967430864879089
2025/05/07 10:26:37.365351247,1746606397,364917864,hemisphere,0.0,0.0,0.08032070324342502,0.9967690728701818
2025/05/07 10:26:37.417487054,1746606397,416270588,hemisphere,0.0,0.0,0.08000755504524279,0.996794257174309
2025/05/07 10:26:37.465401078,1746606397,464994483,hemisphere,0.0,0.0,0.07972049559269459,0.9968172563626971
2025/05/07 10:26:37.517107939,1746606397,516475675,hemisphere,0.0,0.0,0.0793899340953253,0.996843637871226
2025/05/07 10:26:37.566470971,1746606397,566078669,hemisphere,0.0,0.0,0.07909416114379804,0.9968671494602273
2025/05/07 10:26:37.616038191,1746606397,615557515,hemisphere,0.0,0.0,0.07878968171486775,0.9968912608982335
2025/05/07 10:26:37.666357434,1746606397,665937378,hemisphere,0.0,0.0,0.0785112940898026,0.9969132242579314
2025/05/07 10:26:37.715404733,1746606397,714902569,hemisphere,0.0,0.0,0.07818940076756652,0.9969385224815064
2025/05/07 10:26:37.766228752,1746606397,765366793,hemisphere,0.0,0.0,0.07785879914101497,0.9969643962531055
2025/05/07 10:26:37.815569135,1746606397,815032502,hemisphere,0.0,0.0,0.07757169078103054,0.996986776637169
2025/05/07 10:26:37.866615393,1746606397,866190352,hemisphere,0.0,0.0,0.0772758754394111,0.997009748736226
2025/05/07 10:26:37.915765163,1746606397,915221529,hemisphere,0.0,0.0,0.07698005329485372,0.9970326330640946
2025/05/07 10:26:37.965305770,1746606397,964874455,hemisphere,0.0,0.0,0.07664071955023745,0.9970587746501316
2025/05/07 10:26:38.15852717,1746606398,15274502,hemisphere,0.0,0.0,0.07637098639304747,0.9970794714752446
2025/05/07 10:26:38.65434878,1746606398,64968919,hemisphere,0.0,0.0,0.07607514360116802,0.9971020873140632
2025/05/07 10:26:38.116309346,1746606398,115511950,hemisphere,0.0,0.0,0.07577929411205632,0.9971246153735643
2025/05/07 10:26:38.165900844,1746606398,165151458,hemisphere,0.0,0.0,0.07545733267702107,0.9971490314618319
2025/05/07 10:26:38.215647625,1746606398,215107553,hemisphere,0.0,0.0,0.07513536337515818,0.9971733435920171
2025/05/07 10:26:38.265554426,1746606398,265186348,hemisphere,0.0,0.0,0.07489170572178057,0.9971916728563683
2025/05/07 10:26:38.316151716,1746606398,315658338,hemisphere,0.0,0.0,0.07462193667616655,0.9972118965228495
2025/05/07 10:26:38.365839013,1746606398,365348100,hemisphere,0.0,0.0,0.07435216216939579,0.9972320472090415
2025/05/07 10:26:38.415671694,1746606398,415072321,hemisphere,0.0,0.0,0.07407367955186461,0.9972527713662408
2025/05/07 10:26:38.465847993,1746606398,465445312,hemisphere,0.0,0.0,0.07377778544199419,0.9972747055727801
2025/05/07 10:26:38.515626202,1746606398,515122720,hemisphere,0.0,0.0,0.07350799397462976,0.997294627891791
2025/05/07 10:26:38.565254579,1746606398,564821065,hemisphere,0.0,0.0,0.0731859777633461,0.9973183106003936
2025/05/07 10:26:38.615890649,1746606398,615359246,hemisphere,0.0,0.0,0.07286395392203557,0.9973418893332655
2025/05/07 10:26:38.665491584,1746606398,665012214,hemisphere,0.0,0.0,0.07259414431315415,0.9973615644346041
2025/05/07 10:26:38.716046473,1746606398,715413029,hemisphere,0.0,0.0,0.07226340270822751,0.9973855827256721
2025/05/07 10:26:38.765441511,1746606398,765053921,hemisphere,0.0,0.0,0.07197617328726698,0.9974063517337963
2025/05/07 10:26:38.815514104,1746606398,814956886,hemisphere,0.0,0.0,0.07162800841293697,0.9974314153919538
2025/05/07 10:26:38.865608554,1746606398,865179035,hemisphere,0.0,0.0,0.07127983481095142,0.9974563575161188
2025/05/07 10:26:38.915442829,1746606398,914915752,hemisphere,0.0,0.0,0.07090553850325243,0.9974830347477414
2025/05/07 10:26:38.965702296,1746606398,965316195,hemisphere,0.0,0.0,0.07055734692672831,0.9975077246791934
2025/05/07 10:26:39.15586080,1746606399,15045145,hemisphere,0.0,0.0,0.0701743262644207,0.9975347432211745
2025/05/07 10:26:39.65901607,1746606399,65446499,hemisphere,0.0,0.0,0.06977388451067648,0.9975628326277453
2025/05/07 10:26:39.115570576,1746606399,115129334,hemisphere,0.0,0.0,0.0693995483546671,0.9975889447503757
2025/05/07 10:26:39.165255905,1746606399,164822408,hemisphere,0.0,0.0,0.06901649659144167,0.9976155187236432
2025/05/07 10:26:39.215867676,1746606399,215283265,hemisphere,0.0,0.0,0.06868567096879657,0.9976383506078574
2025/05/07 10:26:39.265431509,1746606399,264953700,hemisphere,0.0,0.0,0.06831130655159919,0.9976640543776314
2025/05/07 10:26:39.315828773,1746606399,315327608,hemisphere,0.0,0.0,0.06795434547392065,0.997688431791815
2025/05/07 10:26:39.365506010,1746606399,365065867,hemisphere,0.0,0.0,0.06760608238010107,0.9977120915500699
2025/05/07 10:26:39.415864666,1746606399,415268940,hemisphere,0.0,0.0,0.06728393168333871,0.9977338685928386
2025/05/07 10:26:39.466378379,1746606399,465920385,hemisphere,0.0,0.0,0.06693565276992781,0.9977572943297702
2025/05/07 10:26:39.515794427,1746606399,515189762,hemisphere,0.0,0.0,0.06661348751277289,0.9977788548979106
2025/05/07 10:26:39.566880276,1746606399,566123546,hemisphere,0.0,0.0,0.06626519293702526,0.9978020466029416
2025/05/07 10:26:39.616226738,1746606399,615734112,hemisphere,0.0,0.0,0.06592559795137785,0.9978245414574415
2025/05/07 10:26:39.665127418,1746606399,664744454,hemisphere,0.0,0.0,0.06560341103372497,0.9978457758896112
2025/05/07 10:26:39.715889076,1746606399,715182189,hemisphere,0.0,0.0,0.06528121727656806,0.9978669062910592
2025/05/07 10:26:39.765301920,1746606399,764900588,hemisphere,0.0,0.0,0.06495030849602879,0.997888499495946
2025/05/07 10:26:39.815708825,1746606399,815236426,hemisphere,0.0,0.0,0.06459326732870259,0.9979116743559034
2025/05/07 10:26:39.865330995,1746606399,864935017,hemisphere,0.0,0.0,0.06421880063604653,0.9979358424492367
2025/05/07 10:26:39.915915320,1746606399,915381471,hemisphere,0.0,0.0,0.06380078062618146,0.9979626548080294
2025/05/07 10:26:39.965529332,1746606399,965075145,hemisphere,0.0,0.0,0.06340887669870025,0.9979876323661576
2025/05/07 10:26:40.15356385,1746606400,14839657,hemisphere,0.0,0.0,0.0629995443798428,0.9980135557235343
2025/05/07 10:26:40.65883921,1746606400,65279366,hemisphere,0.0,0.0,0.06259020146288902,0.9980393111901129
2025/05/07 10:26:40.116202061,1746606400,115704618,hemisphere,0.0,0.0,0.062172138255017065,0.9980654413538218
2025/05/07 10:26:40.165859818,1746606400,165467519,hemisphere,0.0,0.0,0.06175406413844468,0.9980913963973364
2025/05/07 10:26:40.215700820,1746606400,215084603,hemisphere,0.0,0.0,0.06137082001124671,0.9981150346784419
2025/05/07 10:26:40.266650279,1746606400,266166489,hemisphere,0.0,0.0,0.06096143560945586,0.9981401221113367
2025/05/07 10:26:40.316256726,1746606400,315836935,hemisphere,0.0,0.0,0.06058688344844156,0.9981629273590584
2025/05/07 10:26:40.366302156,1746606400,365478953,hemisphere,0.0,0.0,0.060221033566495365,0.9981850665664074
2025/05/07 10:26:40.416040390,1746606400,415350336,hemisphere,0.0,0.0,0.059794198482979385,0.9982107261634581
2025/05/07 10:26:40.465459439,1746606400,464952717,hemisphere,0.0,0.0,0.05945446478242843,0.9982310186612291
2025/05/07 10:26:40.515915610,1746606400,515413716,hemisphere,0.0,0.0,0.05904503297072239,0.9982553200867433
2025/05/07 10:26:40.565503091,1746606400,565060440,hemisphere,0.0,0.0,0.05871399573018007,0.9982748452732827
2025/05/07 10:26:40.615334816,1746606400,614786468,hemisphere,0.0,0.0,0.05840037554590193,0.9982932415558555
2025/05/07 10:26:40.665515148,1746606400,665121110,hemisphere,0.0,0.0,0.05806061384285234,0.9983130596762677
2025/05/07 10:26:40.715450420,1746606400,714927334,hemisphere,0.0,0.0,0.05778182998492041,0.9983292343328396
2025/05/07 10:26:40.765653285,1746606400,765275038,hemisphere,0.0,0.0,0.05743334382856653,0.9983493431743569
2025/05/07 10:26:40.816726249,1746606400,815739925,hemisphere,0.0,0.0,0.05714583747946874,0.9983658413922074
2025/05/07 10:26:40.865792506,1746606400,865352054,hemisphere,0.0,0.0,0.05682347624136432,0.9983842409352459
2025/05/07 10:26:40.917529118,1746606400,916920356,hemisphere,0.0,0.0,0.056518534482024534,0.998401550108975
2025/05/07 10:26:40.965127155,1746606400,964781206,hemisphere,0.0,0.0,0.05621358745012241,0.9984187661427381
2025/05/07 10:26:41.15723989,1746606401,15213027,hemisphere,0.0,0.0,0.05591734816879411,0.9984354011020292
2025/05/07 10:26:41.65416468,1746606401,64929672,hemisphere,0.0,0.0,0.055560111902360355,0.998455344001622
2025/05/07 10:26:41.115878374,1746606401,115382614,hemisphere,0.0,0.0,0.05527257510489164,0.9984713027630159
2025/05/07 10:26:41.165408300,1746606401,165008517,hemisphere,0.0,0.0,0.05490661255441143,0.9984914941539561
2025/05/07 10:26:41.215993594,1746606401,215463141,hemisphere,0.0,0.0,0.05458421086152674,0.998509170676276
2025/05/07 10:26:41.265830027,1746606401,265188426,hemisphere,0.0,0.0,0.05422694828622449,0.9985286365846315
2025/05/07 10:26:41.315387939,1746606401,314924958,hemisphere,0.0,0.0,0.0538435368257306,0.9985493846285702
2025/05/07 10:26:41.365739796,1746606401,365266562,hemisphere,0.0,0.0,0.053468831591817166,0.9985695188859942
2025/05/07 10:26:41.415923020,1746606401,415200433,hemisphere,0.0,0.0,0.05308540448953324,0.9985899758310128
2025/05/07 10:26:41.466495405,1746606401,466081937,hemisphere,0.0,0.0,0.05270196956061175,0.9986102855490887
2025/05/07 10:26:41.516309822,1746606401,515799151,hemisphere,0.0,0.0,0.05235338560836085,0.9986286211677203
2025/05/07 10:26:41.565680397,1746606401,564982827,hemisphere,0.0,0.0,0.052004795277008735,0.9986468351064838
2025/05/07 10:26:41.616356522,1746606401,615940508,hemisphere,0.0,0.0,0.05162133859535301,0.9986667298962272
2025/05/07 10:26:41.665451933,1746606401,664921867,hemisphere,0.0,0.0,0.05123787430291406,0.9986864774477118
2025/05/07 10:26:41.715961803,1746606401,715338249,hemisphere,0.0,0.0,0.0508369717391666,0.9987069651826762
2025/05/07 10:26:41.766873418,1746606401,765196439,hemisphere,0.0,0.0,0.050479638634327875,0.9987250903443589
2025/05/07 10:26:41.816627146,1746606401,816183249,hemisphere,0.0,0.0,0.050087436326263175,0.9987448366436057
2025/05/07 10:26:41.865563492,1746606401,865199441,hemisphere,0.0,0.0,0.049756237248405784,0.9987613913517485
2025/05/07 10:26:41.916194150,1746606401,914922128,hemisphere,0.0,0.0,0.04940760072974473,0.9987786987066405
2025/05/07 10:26:41.965800041,1746606401,965334721,hemisphere,0.0,0.0,0.04905024205068074,0.9987963124455205
2025/05/07 10:26:42.15685186,1746606402,15021058,hemisphere,0.0,0.0,0.04876260733128908,0.9988103964848657
2025/05/07 10:26:42.66484416,1746606402,66103614,hemisphere,0.0,0.0,0.04840523735228268,0.9988277794479232
2025/05/07 10:26:42.116589601,1746606402,115065936,hemisphere,0.0,0.0,0.04810016051448028,0.9988425173962516
2025/05/07 10:26:42.165204146,1746606402,164794901,hemisphere,0.0,0.0,0.04775149577838205,0.9988592466663796
2025/05/07 10:26:42.215984136,1746606402,215255696,hemisphere,0.0,0.0,0.047455126176331124,0.9988733708531771
2025/05/07 10:26:42.265358341,1746606402,264892854,hemisphere,0.0,0.0,0.04715875239659502,0.998887407104723
2025/05/07 10:26:42.316589659,1746606402,316043832,hemisphere,0.0,0.0,0.046836223272876315,0.9989025819315582
2025/05/07 10:26:42.365508942,1746606402,365050431,hemisphere,0.0,0.0,0.04653112366114171,0.9989168406483252
2025/05/07 10:26:42.416103242,1746606402,415503813,hemisphere,0.0,0.0,0.04629575813608676,0.9989277765577474
2025/05/07 10:26:42.470922695,1746606402,465150326,hemisphere,0.0,0.0,0.04606910742339338,0.998938255019404
2025/05/07 10:26:42.515393564,1746606402,514830496,hemisphere,0.0,0.0,0.04582501938850489,0.9989494820049927
2025/05/07 10:26:42.565663094,1746606402,565205838,hemisphere,0.0,0.0,0.04562451645530178,0.9989586595541479
2025/05/07 10:26:42.615675466,1746606402,614985009,hemisphere,0.0,0.0,0.045424011684085205,0.9989677968596006
2025/05/07 10:26:42.665887228,1746606402,665332385,hemisphere,0.0,0.0,0.04527581132876812,0.9989745246544187
2025/05/07 10:26:42.715506761,1746606402,715061890,hemisphere,0.0,0.0,0.04513632773109359,0.9989808366124705
2025/05/07 10:26:42.765227716,1746606402,764795250,hemisphere,0.0,0.0,0.045031714455217885,0.9989855578001234
2025/05/07 10:26:42.815745961,1746606402,815190162,hemisphere,0.0,0.0,0.04489222931940501,0.9989918356757146
2025/05/07 10:26:42.865312280,1746606402,864887860,hemisphere,0.0,0.0,0.04481376854572787,0.9989953584220148
2025/05/07 10:26:42.915787436,1746606402,915335339,hemisphere,0.0,0.0,0.04470915375090047,0.9990000458312694
2025/05/07 10:26:42.965682249,1746606402,965077592,hemisphere,0.0,0.0,0.044604538465782335,0.9990047222852626
2025/05/07 10:26:43.16369873,1746606403,15464989,hemisphere,0.0,0.0,0.04453479467055303,0.9990078338349764
2025/05/07 10:26:43.66127839,1746606403,65507538,hemisphere,0.0,0.0,0.044456332641485824,0.9990113285083756
2025/05/07 10:26:43.115522362,1746606403,114909637,hemisphere,0.0,0.0,0.04434299811549376,0.9990163654906407
2025/05/07 10:26:43.166764857,1746606403,166166283,hemisphere,0.0,0.0,0.044229663018803496,0.9990213896154793
2025/05/07 10:26:43.215346425,1746606403,214914259,hemisphere,0.0,0.0,0.044116327352873665,0.9990264008828266
2025/05/07 10:26:43.266003736,1746606403,265451943,hemisphere,0.0,0.0,0.044011709311111515,0.9990310152560401
2025/05/07 10:26:43.315680391,1746606403,315140373,hemisphere,0.0,0.0,0.0438809360803274,0.9990367678162372
2025/05/07 10:26:43.365282533,1746606403,364781411,hemisphere,0.0,0.0,0.04371528890890982,0.9990440298183112
2025/05/07 10:26:43.416475414,1746606403,415931730,hemisphere,0.0,0.0,0.043567077263009,0.9990505041181648
2025/05/07 10:26:43.465267797,1746606403,464887142,hemisphere,0.0,0.0,0.04341886465825742,0.9990569564303068
2025/05/07 10:26:43.516568850,1746606403,516037187,hemisphere,0.0,0.0,0.043270651097917064,0.9990633867545955
2025/05/07 10:26:43.566310857,1746606403,565700053,hemisphere,0.0,0.0,0.04312243658524986,0.9990697950908891
2025/05/07 10:26:43.617055923,1746606403,616135128,hemisphere,0.0,0.0,0.042974221123517856,0.9990761814390468
2025/05/07 10:26:43.666649866,1746606403,665836367,hemisphere,0.0,0.0,0.04283472335431393,0.9990821720334917
2025/05/07 10:26:43.715365931,1746606403,714848709,hemisphere,0.0,0.0,0.04273009947923772,0.9990866521971428
2025/05/07 10:26:43.765646739,1746606403,765241235,hemisphere,0.0,0.0,0.04259060025041981,0.999092608705674
2025/05/07 10:26:43.816163424,1746606403,815675225,hemisphere,0.0,0.0,0.04252085032446874,0.9990955796557626
2025/05/07 10:26:43.865991051,1746606403,865398255,hemisphere,0.0,0.0,0.04243366262563644,0.9990992864956785
2025/05/07 10:26:43.915527501,1746606403,915031003,hemisphere,0.0,0.0,0.04239006865499723,0.9991011370624221
2025/05/07 10:26:43.965925476,1746606403,965470966,hemisphere,0.0,0.0,0.04230288047168768,0.9991048324894631
2025/05/07 10:26:44.15746002,1746606404,15205632,hemisphere,0.0,0.0,0.042294161635627256,0.9991052016136936
2025/05/07 10:26:44.65295203,1746606404,64880476,hemisphere,0.0,0.0,0.04228544279634595,0.999105570661838
2025/05/07 10:26:44.115816123,1746606404,115325722,hemisphere,0.0,0.0,0.04225056740702513,0.9991070460935527
2025/05/07 10:26:44.165507766,1746606404,165009232,hemisphere,0.0,0.0,0.042233129693056676,0.9991077833528921
2025/05/07 10:26:44.215960216,1746606404,215457898,hemisphere,0.0,0.0,0.04222441083124777,0.9991081518684322
2025/05/07 10:26:44.265588864,1746606404,265121059,hemisphere,0.0,0.0,0.042233129693056676,0.9991077833528921
2025/05/07 10:26:44.315199981,1746606404,314809342,hemisphere,0.0,0.0,0.042198254226530243,0.9991092569585336
2025/05/07 10:26:44.365762567,1746606404,365240482,hemisphere,0.0,0.0,0.0421720975928905,0.9991103613638564
2025/05/07 10:26:44.415496402,1746606404,414964231,hemisphere,0.0,0.0,0.042180816473982884,0.9991099933048354
2025/05/07 10:26:44.465800721,1746606404,465344261,hemisphere,0.0,0.0,0.042198254226530243,0.9991092569585336
2025/05/07 10:26:44.515636586,1746606404,515047195,hemisphere,0.0,0.0,0.04215465982107161,0.9991110972536387
2025/05/07 10:26:44.565835952,1746606404,565452880,hemisphere,0.0,0.0,0.042137222036411695,0.9991118328390742
2025/05/07 10:26:44.615668602,1746606404,615131213,hemisphere,0.0,0.0,0.04211978423891604,0.9991125681201629
2025/05/07 10:26:44.665358406,1746606404,664884713,hemisphere,0.0,0.0,0.04209362751861718,0.9991136704711452
2025/05/07 10:26:44.716066654,1746606404,715385915,hemisphere,0.0,0.0,0.04210234642858995,0.9991133030969045
2025/05/07 10:26:44.765348832,1746606404,764945421,hemisphere,0.0,0.0,0.04207618968905543,0.9991144049913656
2025/05/07 10:26:44.815912042,1746606404,815445071,hemisphere,0.0,0.0,0.04209362751861718,0.9991136704711452
2025/05/07 10:26:44.865578175,1746606404,865117304,hemisphere,0.0,0.0,0.04207618968905543,0.9991144049913656
2025/05/07 10:26:44.915326983,1746606404,914831269,hemisphere,0.0,0.0,0.04205875184667653,0.9991151392072386
2025/05/07 10:26:44.965748435,1746606404,965238817,hemisphere,0.0,0.0,0.04204131399148582,0.9991158731187636
2025/05/07 10:26:45.15525538,1746606405,14942089,hemisphere,0.0,0.0,0.04205875184667653,0.9991151392072386
2025/05/07 10:26:45.65787538,1746606405,65336680,hemisphere,0.0,0.0,0.04204131399148582,0.9991158731187636
2025/05/07 10:26:45.115622592,1746606405,115064075,hemisphere,0.0,0.0,0.04205875184667653,0.9991151392072386
2025/05/07 10:26:45.166141424,1746606405,165492957,hemisphere,0.0,0.0,0.04204131399148582,0.9991158731187636
2025/05/07 10:26:45.215746494,1746606405,215208293,hemisphere,0.0,0.0,0.042084908605438766,0.9991140377692989
2025/05/07 10:26:45.265348308,1746606405,264852125,hemisphere,0.0,0.0,0.04209362751861718,0.9991136704711452
2025/05/07 10:26:45.315796341,1746606405,315291621,hemisphere,0.0,0.0,0.04216337870858653,0.9991107293467909
2025/05/07 10:26:45.365637000,1746606405,365064247,hemisphere,0.0,0.0,0.04221569196622328,0.9991085203078858
2025/05/07 10:26:45.417196567,1746606405,416235811,hemisphere,0.0,0.0,0.04233775578370727,0.9991033552316794
2025/05/07 10:26:45.466242221,1746606405,465799352,hemisphere,0.0,0.0,0.042442381410072415,0.9990989161540723
2025/05/07 10:26:45.515238552,1746606405,514818640,hemisphere,0.0,0.0,0.04252085032446874,0.9990955796557626
2025/05/07 10:26:45.566399886,1746606405,565922967,hemisphere,0.0,0.0,0.04265163126535698,0.9990900051298702
2025/05/07 10:26:45.615588181,1746606405,614950274,hemisphere,0.0,0.0,0.04278241147542103,0.9990844134848406
2025/05/07 10:26:45.666489594,1746606405,666055433,hemisphere,0.0,0.0,0.042904472343471486,0.9990791791709646
2025/05/07 10:26:45.715836686,1746606405,715048590,hemisphere,0.0,0.0,0.0430962809844027,0.999070923691263
2025/05/07 10:26:45.766217703,1746606405,765512323,hemisphere,0.0,0.0,0.043218340202021505,0.9990656510310933
2025/05/07 10:26:45.815741784,1746606405,815165541,hemisphere,0.0,0.0,0.04344501989333202,0.9990558193847169
2025/05/07 10:26:45.865463096,1746606405,864915676,hemisphere,0.0,0.0,0.04359323232911166,0.99904936319238
2025/05/07 10:26:45.915855388,1746606405,915310018,hemisphere,0.0,0.0,0.04377631695423321,0.9990413575392776
2025/05/07 10:26:45.965395718,1746606405,964931518,hemisphere,0.0,0.0,0.04399427292386328,0.9990317832531159
2025/05/07 10:26:46.16011877,1746606406,15392263,hemisphere,0.0,0.0,0.04418607244534721,0.9990233185475975
2025/05/07 10:26:46.65495941,1746606406,65049776,hemisphere,0.0,0.0,0.044386588385416315,0.9990144297113549
2025/05/07 10:26:46.115312721,1746606406,114811182,hemisphere,0.0,0.0,0.044604538465782335,0.9990047222852626
2025/05/07 10:26:46.165579223,1746606406,165197941,hemisphere,0.0,0.0,0.0448050506649133,0.9989957494578816
2025/05/07 10:26:46.215379599,1746606406,214917049,hemisphere,0.0,0.0,0.04498812544445599,0.9989875217283717
2025/05/07 10:26:46.266602962,1746606406,266018955,hemisphere,0.0,0.0,0.04519735191351235,0.9989780775272329
2025/05/07 10:26:46.315520028,1746606406,315045825,hemisphere,0.0,0.0,0.04535427046473991,0.9989709656194274
2025/05/07 10:26:46.365883195,1746606406,365450573,hemisphere,0.0,0.0,0.04553734069318449,0.9989626372405491
2025/05/07 10:26:46.416150211,1746606406,415133652,hemisphere,0.0,0.0,0.04572912691114936,0.9989538762885622
2025/05/07 10:26:46.465901020,1746606406,465227875,hemisphere,0.0,0.0,0.04593834631726934,0.9989442768931782
2025/05/07 10:26:46.515872900,1746606406,515274566,hemisphere,0.0,0.0,0.04606910742339338,0.998938255019404
2025/05/07 10:26:46.565642132,1746606406,564960772,hemisphere,0.0,0.0,0.04626088895050773,0.9989293919759838
2025/05/07 10:26:46.616316000,1746606406,615365938,hemisphere,0.0,0.0,0.046426517079259884,0.9989217078990171
2025/05/07 10:26:46.665524480,1746606406,665067923,hemisphere,0.0,0.0,0.04660957826275058,0.9989131830215119
2025/05/07 10:26:46.716150634,1746606406,715549921,hemisphere,0.0,0.0,0.046740335292945655,0.9989070732839482
2025/05/07 10:26:46.765665857,1746606406,765181266,hemisphere,0.0,0.0,0.04690595971452814,0.9988993097120746
2025/05/07 10:26:46.815337488,1746606406,814873632,hemisphere,0.0,0.0,0.04708029981772814,0.9988911078636514
2025/05/07 10:26:46.865852719,1746606406,865385321,hemisphere,0.0,0.0,0.047219770867956534,0.9988845244767673
2025/05/07 10:26:46.915639385,1746606406,915021729,hemisphere,0.0,0.0,0.047376674698954756,0.9988770948892909
2025/05/07 10:26:46.966016999,1746606406,965453005,hemisphere,0.0,0.0,0.04753357736098039,0.99886964065551
2025/05/07 10:26:47.15509105,1746606407,15101448,hemisphere,0.0,0.0,0.047716628984060615,0.9988609128994875
2025/05/07 10:26:47.65333379,1746606407,64830813,hemisphere,0.0,0.0,0.04786481245787513,0.9988538230033325
2025/05/07 10:26:47.115985163,1746606407,115296397,hemisphere,0.0,0.0,0.048030428034769854,0.9988458729868172
2025/05/07 10:26:47.165358810,1746606407,164932733,hemisphere,0.0,0.0,0.048222191789661424,0.998836633398576
2025/05/07 10:26:47.215833710,1746606407,215409916,hemisphere,0.0,0.0,0.04837908808557983,0.9988290463517807
2025/05/07 10:26:47.265536123,1746606407,265045167,hemisphere,0.0,0.0,0.04852726682460693,0.9988218581781906
2025/05/07 10:26:47.316114056,1746606407,315508993,hemisphere,0.0,0.0,0.0486492955726009,0.9988159219997896
2025/05/07 10:26:47.365565451,1746606407,365154073,hemisphere,0.0,0.0,0.048875918462398325,0.9988048581151661
2025/05/07 10:26:47.415426008,1746606407,414899795,hemisphere,0.0,0.0,0.04901537745238678,0.998798024013464
2025/05/07 10:26:47.466599250,1746606407,466027643,hemisphere,0.0,0.0,0.04924199627183695,0.9987868770679581
2025/05/07 10:26:47.515892275,1746606407,514982872,hemisphere,0.0,0.0,0.04938145274762917,0.9987799918523267
2025/05/07 10:26:47.566434831,1746606407,566088388,hemisphere,0.0,0.0,0.049564487910678655,0.9987709254569599
2025/05/07 10:26:47.616459424,1746606407,615846666,hemisphere,0.0,0.0,0.049756237248405784,0.9987613913517485
2025/05/07 10:26:47.665446481,1746606407,664809099,hemisphere,0.0,0.0,0.0499741319965777,0.9987505124560331
2025/05/07 10:26:47.715687282,1746606407,715240319,hemisphere,0.0,0.0,0.05025303380198334,0.9987365181035971
2025/05/07 10:26:47.765414647,1746606407,764936216,hemisphere,0.0,0.0,0.050488354152980044,0.9987246497883805
2025/05/07 10:26:47.816018549,1746606407,815378941,hemisphere,0.0,0.0,0.05073238711178263,0.9987122833418743
2025/05/07 10:26:47.865754004,1746606407,865132998,hemisphere,0.0,0.0,0.05101127821204067,0.9986980772461584
2025/05/07 10:26:47.915971810,1746606407,915482131,hemisphere,0.0,0.0,0.05122915911734986,0.9986869245444887
2025/05/07 10:26:47.965724803,1746606407,965172907,hemisphere,0.0,0.0,0.05152547323354579,0.9986716805877992
2025/05/07 10:26:48.15369054,1746606408,14862901,hemisphere,0.0,0.0,0.05175206332197196,0.9986599641228834
2025/05/07 10:26:48.66328056,1746606408,65976316,hemisphere,0.0,0.0,0.052022224944424295,0.9986459272994768
2025/05/07 10:26:48.115365059,1746606408,114928964,hemisphere,0.0,0.0,0.05227495333847237,0.9986327299129849
2025/05/07 10:26:48.165905994,1746606408,165432085,hemisphere,0.0,0.0,0.05256253674792188,0.9986176343979829
2025/05/07 10:26:48.215515541,1746606408,215082100,hemisphere,0.0,0.0,0.052841401345849574,0.9986029172317727
2025/05/07 10:26:48.265275461,1746606408,264787853,hemisphere,0.0,0.0,0.05315511909193334,0.9985862673371402
2025/05/07 10:26:48.316058857,1746606408,315226107,hemisphere,0.0,0.0,0.053416546540803286,0.9985723171386508
2025/05/07 10:26:48.365429230,1746606408,364948606,hemisphere,0.0,0.0,0.05365182811504583,0.9985597034428706
2025/05/07 10:26:48.415845639,1746606408,415419939,hemisphere,0.0,0.0,0.05393939043728842,0.9985442114194313
2025/05/07 10:26:48.465394448,1746606408,465024304,hemisphere,0.0,0.0,0.0542356620903515,0.998528163327215
2025/05/07 10:26:48.516012012,1746606408,515465392,hemisphere,0.0,0.0,0.05455806993386453,0.9985105993453909
2025/05/07 10:26:48.565687415,1746606408,565175469,hemisphere,0.0,0.0,0.05484561807756411,0.9984948463450826
2025/05/07 10:26:48.615318451,1746606408,614869895,hemisphere,0.0,0.0,0.05518544183594041,0.998476122403221
2025/05/07 10:26:48.665690017,1746606408,665247700,hemisphere,0.0,0.0,0.05552525920214436,0.9984572828070988
2025/05/07 10:26:48.715566115,1746606408,715018038,hemisphere,0.0,0.0,0.05584764409211274,0.9984393024362376
2025/05/07 10:26:48.765706921,1746606408,765381084,hemisphere,0.0,0.0,0.05614388453405836,0.9984226881583903
2025/05/07 10:26:48.815505075,1746606408,815071269,hemisphere,0.0,0.0,0.0564923963711993,0.9984030294186008
2025/05/07 10:26:48.865199035,1746606408,864796394,hemisphere,0.0,0.0,0.056797338583587695,0.9983857282282341
2025/05/07 10:26:48.915762325,1746606408,915189655,hemisphere,0.0,0.0,0.05714583747946874,0.9983658413922074
2025/05/07 10:26:48.965342475,1746606408,964886528,hemisphere,0.0,0.0,0.05749432941230283,0.9983458329083312
2025/05/07 10:26:49.15772148,1746606409,15338118,hemisphere,0.0,0.0,0.05782539026029743,0.9983267121745488
2025/05/07 10:26:49.65485807,1746606409,65021134,hemisphere,0.0,0.0,0.05820871592717701,0.9983044352251017
2025/05/07 10:26:49.115848145,1746606409,115425256,hemisphere,0.0,0.0,0.05859203301206449,0.9982820110908105
2025/05/07 10:26:49.165957616,1746606409,165348730,hemisphere,0.0,0.0,0.05887080365118903,0.9982656101847159
2025/05/07 10:26:49.215320303,1746606409,214840084,hemisphere,0.0,0.0,0.059254105779524176,0.9982429318298572
2025/05/07 10:26:49.265539132,1746606409,265200873,hemisphere,0.0,0.0,0.059576421264207056,0.9982237474781642
2025/05/07 10:26:49.315328386,1746606409,314929918,hemisphere,0.0,0.0,0.05993357441006937,0.9982023675880721
2025/05/07 10:26:49.365743042,1746606409,365338457,hemisphere,0.0,0.0,0.06029071988350704,0.9981808599126355
2025/05/07 10:26:49.417252181,1746606409,416032450,hemisphere,0.0,0.0,0.060595594060911355,0.9981623986007514
2025/05/07 10:26:49.465219286,1746606409,464793145,hemisphere,0.0,0.0,0.06093530434127704,0.9981417177359315
2025/05/07 10:26:49.515562593,1746606409,515132950,hemisphere,0.0,0.0,0.061240166533317646,0.998123059548757
2025/05/07 10:26:49.565402253,1746606409,564925564,hemisphere,0.0,0.0,0.061605993620052125,0.9981005468138399
2025/05/07 10:26:49.616523643,1746606409,616042492,hemisphere,0.0,0.0,0.0619282630080217,0.9980806030781328
2025/05/07 10:26:49.665436363,1746606409,665000203,hemisphere,0.0,0.0,0.062294074487429144,0.9980578381455429
2025/05/07 10:26:49.715937474,1746606409,715425590,hemisphere,0.0,0.0,0.06262503956883902,0.998037125771883
2025/05/07 10:26:49.765649528,1746606409,765147421,hemisphere,0.0,0.0,0.0629821257477214,0.9980146551210048
2025/05/07 10:26:49.815309484,1746606409,814805527,hemisphere,0.0,0.0,0.06334791298515467,0.9979915039319851
2025/05/07 10:26:49.865827559,1746606409,865273420,hemisphere,0.0,0.0,0.06373110953420603,0.9979671065108003
2025/05/07 10:26:49.916096921,1746606409,914954508,hemisphere,0.0,0.0,0.06409687929385596,0.9979436808080849
2025/05/07 10:26:49.965859930,1746606409,965385462,hemisphere,0.0,0.0,0.06444522344136806,0.9979212459786554
2025/05/07 10:26:50.15684419,1746606410,15092395,hemisphere,0.0,0.0,0.06483710121906767,0.9978958614532423
2025/05/07 10:26:50.65167867,1746606410,64760656,hemisphere,0.0,0.0,0.06522026093426533,0.9978708922318891
2025/05/07 10:26:50.115702466,1746606410,115177100,hemisphere,0.0,0.0,0.06556857960533138,0.9978480652727345
2025/05/07 10:26:50.165319196,1746606410,164884761,hemisphere,0.0,0.0,0.0659604285584179,0.9978222396120413
2025/05/07 10:26:50.215814248,1746606410,215319946,hemisphere,0.0,0.0,0.06632614507183822,0.9977979968309766
2025/05/07 10:26:50.266334751,1746606410,265715586,hemisphere,0.0,0.0,0.06673538869889796,0.9977707090785974
2025/05/07 10:26:50.316066362,1746606410,315494871,hemisphere,0.0,0.0,0.0670749653163774,0.997747938623682
2025/05/07 10:26:50.365547712,1746606410,365105070,hemisphere,0.0,0.0,0.06740582736834622,0.9977256408636539
2025/05/07 10:26:50.415301606,1746606410,414838938,hemisphere,0.0,0.0,0.0678150412276202,0.9976979102831158
2025/05/07 10:26:50.465802995,1746606410,465267633,hemisphere,0.0,0.0,0.06813718028626567,0.9976759617544351
2025/05/07 10:26:50.515449479,1746606410,514942029,hemisphere,0.0,0.0,0.06854637370801975,0.9976479312119484
2025/05/07 10:26:50.565843578,1746606410,565376552,hemisphere,0.0,0.0,0.06885108472653655,0.9976269483789917
2025/05/07 10:26:50.615566988,1746606410,615085757,hemisphere,0.0,0.0,0.06921672946782315,0.9976016461302468
2025/05/07 10:26:50.665888654,1746606410,665465702,hemisphere,0.0,0.0,0.06957365941344149,0.9975768170501069
2025/05/07 10:26:50.715627481,1746606410,715200737,hemisphere,0.0,0.0,0.069921875167682,0.997552470486157
2025/05/07 10:26:50.765388548,1746606410,764856941,hemisphere,0.0,0.0,0.0702352620633057,0.9975304546543423
2025/05/07 10:26:50.815730082,1746606410,815284600,hemisphere,0.0,0.0,0.07061828107442986,0.9975034127150106
2025/05/07 10:26:50.865467670,1746606410,864961615,hemisphere,0.0,0.0,0.0709403571864255,0.9974805590698309
2025/05/07 10:26:50.915921142,1746606410,915429226,hemisphere,0.0,0.0,0.07127113035944559,0.9974569795120424
2025/05/07 10:26:50.965530186,1746606410,965096523,hemisphere,0.0,0.0,0.071619304179079,0.9974320404262662
2025/05/07 10:26:51.15359127,1746606411,14818982,hemisphere,0.0,0.0,0.07188913288922219,0.9974126290419807
2025/05/07 10:26:51.65729276,1746606411,65231437,hemisphere,0.0,0.0,0.07223729118997049,0.9973874742353322
2025/05/07 10:26:51.115454386,1746606411,114943108,hemisphere,0.0,0.0,0.07251581149524108,0.9973672628892462
2025/05/07 10:26:51.166432406,1746606411,165396429,hemisphere,0.0,0.0,0.07285525046939276,0.9973425251532405
2025/05/07 10:26:51.215455491,1746606411,215037547,hemisphere,0.0,0.0,0.0731685712639897,0.9973195877847715
2025/05/07 10:26:51.265923761,1746606411,265462385,hemisphere,0.0,0.0,0.0734992909343963,0.9972952693320775
2025/05/07 10:26:51.315709548,1746606411,315177335,hemisphere,0.0,0.0,0.07381259685135731,0.9972721296346645
2025/05/07 10:26:51.365338660,1746606411,364863132,hemisphere,0.0,0.0,0.07414330074863491,0.9972475976176115
2025/05/07 10:26:51.415808795,1746606411,415273880,hemisphere,0.0,0.0,0.07447399649260449,0.997222955936344
2025/05/07 10:26:51.465377011,1746606411,464942345,hemisphere,0.0,0.0,0.07476117299579266,0.99720146761439
2025/05/07 10:26:51.516613112,1746606411,516099978,hemisphere,0.0,0.0,0.0750657473598792,0.9971785865998642
2025/05/07 10:26:51.566312355,1746606411,565857489,hemisphere,0.0,0.0,0.07537901654257785,0.9971549547914175
2025/05/07 10:26:51.615233623,1746606411,614753584,hemisphere,0.0,0.0,0.07568357667131223,0.9971318850694916
2025/05/07 10:26:51.665719865,1746606411,665262553,hemisphere,0.0,0.0,0.07600553255822547,0.9971073959311206
2025/05/07 10:26:51.715592888,1746606411,714932012,hemisphere,0.0,0.0,0.07629267571901488,0.9970854665632397
2025/05/07 10:26:51.766447105,1746606411,766049423,hemisphere,0.0,0.0,0.0766320185680925,0.997059443428615
2025/05/07 10:26:51.815545152,1746606411,815078213,hemisphere,0.0,0.0,0.07690174629762281,0.9970386759882367
2025/05/07 10:26:51.876966807,1746606411,866155402,hemisphere,0.0,0.0,0.07721497143550429,0.9970144673906263
2025/05/07 10:26:51.915653193,1746606411,915182146,hemisphere,0.0,0.0,0.07751078817985751,0.996991513361943
2025/05/07 10:26:51.965246808,1746606411,964808694,hemisphere,0.0,0.0,0.07780659810059237,0.9969684715636763
2025/05/07 10:26:52.15784309,1746606412,15238885,hemisphere,0.0,0.0,0.0781285011129196,0.9969432969401262
2025/05/07 10:26:52.65438436,1746606412,64989469,hemisphere,0.0,0.0,0.07842429670036431,0.9969200718648679
2025/05/07 10:26:52.115950087,1746606412,115412214,hemisphere,0.0,0.0,0.0786939866606753,0.9968988195717003
2025/05/07 10:26:52.165419914,1746606412,165044546,hemisphere,0.0,0.0,0.07902456649525469,0.9968726688450422
2025/05/07 10:26:52.215370895,1746606412,214807376,hemisphere,0.0,0.0,0.07932904023460946,0.9968484856664306
2025/05/07 10:26:52.266447025,1746606412,265942479,hemisphere,0.0,0.0,0.07960740974936488,0.9968262939514572
2025/05/07 10:26:52.315278485,1746606412,314894052,hemisphere,0.0,0.0,0.07987707429701651,0.996804721598844
2025/05/07 10:26:52.365900585,1746606412,365338828,hemisphere,0.0,0.0,0.0801641301333192,0.9967816773195464
2025/05/07 10:26:52.415670667,1746606412,415027158,hemisphere,0.0,0.0,0.08043378259063891,0.9967599543612102
2025/05/07 10:26:52.465854382,1746606412,465412887,hemisphere,0.0,0.0,0.0807295236777741,0.9967360453032487
2025/05/07 10:26:52.515705608,1746606412,515139721,hemisphere,0.0,0.0,0.08097306982606582,0.9967162896044908
2025/05/07 10:26:52.566194523,1746606412,565278588,hemisphere,0.0,0.0,0.08124270456470567,0.9966943478093031
2025/05/07 10:26:52.616089030,1746606412,615373635,hemisphere,0.0,0.0,0.0815123333576522,0.9966723330717027
2025/05/07 10:26:52.665301320,1746606412,664966870,hemisphere,0.0,0.0,0.08182544317799073,0.9966466760335507
2025/05/07 10:26:52.715902832,1746606412,715403822,hemisphere,0.0,0.0,0.08203417857354202,0.9966295166940242
2025/05/07 10:26:52.765439205,1746606412,765034834,hemisphere,0.0,0.0,0.08226030452438328,0.9966108780760702
2025/05/07 10:26:52.816007660,1746606412,815515714,hemisphere,0.0,0.0,0.08249512314478631,0.9965914682844353
2025/05/07 10:26:52.865632747,1746606412,865158402,hemisphere,0.0,0.0,0.08275602735102536,0.9965698369592952
2025/05/07 10:26:52.916017628,1746606412,914935088,hemisphere,0.0,0.0,0.08298213974238394,0.9965510345605866
2025/05/07 10:26:52.965627247,1746606412,965266657,hemisphere,0.0,0.0,0.08325172970171646,0.996528549265736
2025/05/07 10:26:53.15503457,1746606413,15007243,hemisphere,0.0,0.0,0.08351261740986662,0.996506719863621
2025/05/07 10:26:53.65837731,1746606413,65424704,hemisphere,0.0,0.0,0.08377349939415228,0.9964848221620126
2025/05/07 10:26:53.116143103,1746606413,115152317,hemisphere,0.0,0.0,0.08397350502794239,0.9964679876711154
2025/05/07 10:26:53.165226997,1746606413,164851571,hemisphere,0.0,0.0,0.08421698558055804,0.9964474393261915
2025/05/07 10:26:53.215780854,1746606413,215280456,hemisphere,0.0,0.0,0.08443437468260918,0.99642904231659
2025/05/07 10:26:53.265330209,1746606413,264918039,hemisphere,0.0,0.0,0.08466915039862274,0.9964091202767944
2025/05/07 10:26:53.315874947,1746606413,315355890,hemisphere,0.0,0.0,0.08492131167234189,0.9963876609150923
2025/05/07 10:26:53.365397221,1746606413,365008693,hemisphere,0.0,0.0,0.08515607762457597,0.9963676241446212
2025/05/07 10:26:53.415570134,1746606413,414854745,hemisphere,0.0,0.0,0.08537344929130715,0.996349022258819
2025/05/07 10:26:53.466266127,1746606413,465881059,hemisphere,0.0,0.0,0.08559081689456337,0.9963303729503188
2025/05/07 10:26:53.515303043,1746606413,514890176,hemisphere,0.0,0.0,0.08580818042399871,0.9963116762200083
2025/05/07 10:26:53.566399041,1746606413,566027515,hemisphere,0.0,0.0,0.08603423416198115,0.9962921813163854
2025/05/07 10:26:53.616161767,1746606413,615709742,hemisphere,0.0,0.0,0.08623420108473807,0.9962748930708216
2025/05/07 10:26:53.666553655,1746606413,666119594,hemisphere,0.0,0.0,0.08644285851755341,0.9962568103713592
2025/05/07 10:26:53.715599613,1746606413,715131214,hemisphere,0.0,0.0,0.08672106252802386,0.9962326321266588
2025/05/07 10:26:53.765523232,1746606413,764892680,hemisphere,0.0,0.0,0.08695579190250262,0.9962121713041899
2025/05/07 10:26:53.816084475,1746606413,815410800,hemisphere,0.0,0.0,0.08717312961185535,0.9961931767853436
2025/05/07 10:26:53.866345029,1746606413,865176007,hemisphere,0.0,0.0,0.08741654291998795,0.9961718466328577
2025/05/07 10:26:53.915893204,1746606413,915479158,hemisphere,0.0,0.0,0.08765995100891467,0.996150457003918
2025/05/07 10:26:53.966018690,1746606413,965306385,hemisphere,0.0,0.0,0.08790335386410278,0.9961290078998013
2025/05/07 10:26:54.16164729,1746606414,15643920,hemisphere,0.0,0.0,0.08811198070619099,0.9961105756170004
2025/05/07 10:26:54.65763452,1746606414,65316159,hemisphere,0.0,0.0,0.08830321858301227,0.9960936409735185
2025/05/07 10:26:54.115660438,1746606414,115040092,hemisphere,0.0,0.0,0.08850314561046486,0.9960758973175954
2025/05/07 10:26:54.165916482,1746606414,165378322,hemisphere,0.0,0.0,0.08868568456537866,0.9960596615430073
2025/05/07 10:26:54.215877748,1746606414,215117547,hemisphere,0.0,0.0,0.08885952842013808,0.9960441678002792
2025/05/07 10:26:54.266579744,1746606414,266168238,hemisphere,0.0,0.0,0.08905944550648281,0.9960263124868127
2025/05/07 10:26:54.315787333,1746606414,315228773,hemisphere,0.0,0.0,0.08925066718848339,0.9960091959447014
2025/05/07 10:26:54.365391543,1746606414,364925583,hemisphere,0.0,0.0,0.08942450222672921,0.9959936035946726
2025/05/07 10:26:54.415878549,1746606414,415392142,hemisphere,0.0,0.0,0.0895896429900153,0.9959787627599906
2025/05/07 10:26:54.465494799,1746606414,465028885,hemisphere,0.0,0.0,0.08978085553335251,0.9959615444281468
2025/05/07 10:26:54.516111820,1746606414,515461140,hemisphere,0.0,0.0,0.08996337351054956,0.9959450745029071
2025/05/07 10:26:54.565570269,1746606414,565150383,hemisphere,0.0,0.0,0.09010243279890934,0.9959325035381253
2025/05/07 10:26:54.616037044,1746606414,615556504,hemisphere,0.0,0.0,0.09026756342210371,0.9959175502991382
2025/05/07 10:26:54.665606078,1746606414,665242856,hemisphere,0.0,0.0,0.09040661886439452,0.9959049368617008
2025/05/07 10:26:54.715413458,1746606414,714928291,hemisphere,0.0,0.0,0.0906151987222518,0.9958859803012224
2025/05/07 10:26:54.765848064,1746606414,765404335,hemisphere,0.0,0.0,0.09077163100766467,0.9958717342128998
2025/05/07 10:26:54.815731919,1746606414,815116679,hemisphere,0.0,0.0,0.0909541325096431,0.9958550827200805
2025/05/07 10:26:54.865891540,1746606414,865488330,hemisphere,0.0,0.0,0.09114532128297075,0.9958376024273355
2025/05/07 10:26:54.915713047,1746606414,915217269,hemisphere,0.0,0.0,0.09130174596266487,0.995823273068153
2025/05/07 10:26:54.966278640,1746606414,965683984,hemisphere,0.0,0.0,0.09151030869726502,0.995804129034486
2025/05/07 10:26:55.15846094,1746606415,15344903,hemisphere,0.0,0.0,0.09169279779754362,0.995787342173046
2025/05/07 10:26:55.65400045,1746606415,65046237,hemisphere,0.0,0.0,0.09188397355200681,0.9957697200679956
2025/05/07 10:26:55.115870109,1746606415,115401834,hemisphere,0.0,0.0,0.09205776675372,0.9957536681229538
2025/05/07 10:26:55.165957683,1746606415,165333010,hemisphere,0.0,0.0,0.09219679929629192,0.9957408047275753
2025/05/07 10:26:55.216542995,1746606415,215576511,hemisphere,0.0,0.0,0.0924140340446844,0.9957206668095164
2025/05/07 10:26:55.265872063,1746606415,265379443,hemisphere,0.0,0.0,0.0925530619759309,0.9957077536701617
2025/05/07 10:26:55.315497368,1746606415,314997840,hemisphere,0.0,0.0,0.09273553339699164,0.9956907757158221
2025/05/07 10:26:55.365808434,1746606415,365346123,hemisphere,0.0,0.0,0.09291800170361572,0.9956737643221332
2025/05/07 10:26:55.415908880,1746606415,415325938,hemisphere,0.0,0.0,0.09307440062581097,0.9956591565129836
2025/05/07 10:26:55.466628590,1746606415,466184252,hemisphere,0.0,0.0,0.09326555174493223,0.9956412691615959
2025/05/07 10:26:55.515834418,1746606415,515200626,hemisphere,0.0,0.0,0.09346538787558809,0.9956225295106905
2025/05/07 10:26:55.568983105,1746606415,564850896,hemisphere,0.0,0.0,0.09359571375881627,0.9956102863902009
2025/05/07 10:26:55.616457923,1746606415,615984986,hemisphere,0.0,0.0,0.09377816730055694,0.99559311736158
2025/05/07 10:26:55.666394271,1746606415,665915152,hemisphere,0.0,0.0,0.09388242505361896,0.9955832914759326
2025/05/07 10:26:55.716751926,1746606415,716182925,hemisphere,0.0,0.0,0.09405618568696666,0.9955668907381457
2025/05/07 10:26:55.765647373,1746606415,765130151,hemisphere,0.0,0.0,0.09422994345519911,0.9955504596736572
2025/05/07 10:26:55.816034126,1746606415,815545692,hemisphere,0.0,0.0,0.09434288446562492,0.9955397632192828
2025/05/07 10:26:55.865733441,1746606415,865267761,hemisphere,0.0,0.0,0.0944731995072531,0.9955274052354676
2025/05/07 10:26:55.915676949,1746606415,915006002,hemisphere,0.0,0.0,0.0945687628424199,0.9955183318726252
2025/05/07 10:26:55.965736050,1746606415,965300577,hemisphere,0.0,0.0,0.09469038764492464,0.9955067706890064
2025/05/07 10:26:56.15601282,1746606416,15041770,hemisphere,0.0,0.0,0.09482938568844942,0.9954935397128157
2025/05/07 10:26:56.66646631,1746606416,66199589,hemisphere,0.0,0.0,0.09495969467526673,0.9954811180465354
2025/05/07 10:26:56.115866225,1746606416,115230150,hemisphere,0.0,0.0,0.09507262781443852,0.9954703388049577
2025/05/07 10:26:56.165442521,1746606416,164937582,hemisphere,0.0,0.0,0.09515081157871166,0.9954628687479571
2025/05/07 10:26:56.215958086,1746606416,215327247,hemisphere,0.0,0.0,0.09527242960077355,0.9954512364540845
2025/05/07 10:26:56.272067509,1746606416,265008068,hemisphere,0.0,0.0,0.09538535934797375,0.9954404217340473
2025/05/07 10:26:56.317033520,1746606416,315908488,hemisphere,0.0,0.0,0.0955330348571495,0.99542626007705
2025/05/07 10:26:56.366924974,1746606416,365558381,hemisphere,0.0,0.0,0.09568070826377606,0.9954120765121057
2025/05/07 10:26:56.416771169,1746606416,415193197,hemisphere,0.0,0.0,0.09579363356579448,0.9954012154745755
2025/05/07 10:26:56.468671254,1746606416,466012008,hemisphere,0.0,0.0,0.09590655763494063,0.9953903416261461
2025/05/07 10:26:56.516797151,1746606416,515277797,hemisphere,0.0,0.0,0.09601079414170713,0.9953802928570963
2025/05/07 10:26:56.566842544,1746606416,565429227,hemisphere,0.0,0.0,0.09614977451272418,0.9953668775186124
2025/05/07 10:26:56.616742843,1746606416,615381247,hemisphere,0.0,0.0,0.096262694684061,0.9953559632674952
2025/05/07 10:26:56.665869604,1746606416,665458987,hemisphere,0.0,0.0,0.09641904364492004,0.9953408300791237
2025/05/07 10:26:56.716698572,1746606416,715529427,hemisphere,0.0,0.0,0.09652327496403947,0.9953307276429361
2025/05/07 10:26:56.765998426,1746606416,765535363,hemisphere,0.0,0.0,0.09665356262429456,0.9953180842484636
2025/05/07 10:26:56.815765382,1746606416,815284198,hemisphere,0.0,0.0,0.09675779156019028,0.9953079572536305
2025/05/07 10:26:56.865422437,1746606416,864960508,hemisphere,0.0,0.0,0.09688807623779921,0.9952952831612026
2025/05/07 10:26:56.915950186,1746606416,915399013,hemisphere,0.0,0.0,0.09701835925525713,0.9952825920146589
2025/05/07 10:26:56.965785078,1746606416,965219971,hemisphere,0.0,0.0,0.09708784285164658,0.9952758164300055
2025/05/07 10:26:57.16633468,1746606417,15587335,hemisphere,0.0,0.0,0.09720075268639412,0.9952647957589973
2025/05/07 10:26:57.65605690,1746606417,65177524,hemisphere,0.0,0.0,0.0973136612701596,0.9952537622788455
2025/05/07 10:26:57.115381364,1746606417,114888473,hemisphere,0.0,0.0,0.0974439388489006,0.9952410154237072
2025/05/07 10:26:57.165817728,1746606417,165340903,hemisphere,0.0,0.0,0.09751341954165933,0.9952342101280947
2025/05/07 10:26:57.215527736,1746606417,215039620,hemisphere,0.0,0.0,0.09762632465358302,0.9952231411772102
2025/05/07 10:26:57.265860341,1746606417,265423838,hemisphere,0.0,0.0,0.09768711919351535,0.9952171756675384
2025/05/07 10:26:57.317646750,1746606417,315448001,hemisphere,0.0,0.0,0.09778265273397388,0.9952077937919834
2025/05/07 10:26:57.368562134,1746606417,366894780,hemisphere,0.0,0.0,0.09789555484732682,0.9951966942977324
2025/05/07 10:26:57.417094682,1746606417,415809408,hemisphere,0.0,0.0,0.097973717110904,0.9951890025294052
2025/05/07 10:26:57.467256482,1746606417,465086054,hemisphere,0.0,0.0,0.09803450956477686,0.9951830157987995
2025/05/07 10:26:57.518705000,1746606417,516350484,hemisphere,0.0,0.0,0.09813872434876572,0.995172744192282
2025/05/07 10:26:57.567510313,1746606417,566132051,hemisphere,0.0,0.0,0.09818214685786145,0.9951684611352901
2025/05/07 10:26:57.617881841,1746606417,616676918,hemisphere,0.0,0.0,0.09823425362202813,0.995163318965949
2025/05/07 10:26:57.668047370,1746606417,666425213,hemisphere,0.0,0.0,0.09831241326326828,0.9951556005963853
2025/05/07 10:26:57.715436415,1746606417,714937843,hemisphere,0.0,0.0,0.09842530945208196,0.9951444410030444
2025/05/07 10:26:57.766380171,1746606417,765731760,hemisphere,0.0,0.0,0.09851215181233805,0.9951358479852401
2025/05/07 10:26:57.815540191,1746606417,815049894,hemisphere,0.0,0.0,0.09858162516042132,0.9951289681145505
2025/05/07 10:26:57.867212309,1746606417,866193212,hemisphere,0.0,0.0,0.09867715022944137,0.9951195003729936
2025/05/07 10:26:57.915750948,1746606417,915203869,hemisphere,0.0,0.0,0.09876399041225796,0.9951108853780304
2025/05/07 10:26:57.966015579,1746606417,965531073,hemisphere,0.0,0.0,0.09886819763876702,0.9951005373808527
2025/05/07 10:26:58.16588079,1746606418,15285507,hemisphere,0.0,0.0,0.09895503616602294,0.9950919057139301
2025/05/07 10:26:58.65541254,1746606418,65016676,hemisphere,0.0,0.0,0.0990331901962563,0.9950841307344581
2025/05/07 10:26:58.116634110,1746606418,115490318,hemisphere,0.0,0.0,0.09911134361560317,0.995076349616807
2025/05/07 10:26:58.165458435,1746606418,165047763,hemisphere,0.0,0.0,0.09920686363116944,0.9950668310261711
2025/05/07 10:26:58.215920179,1746606418,215466061,hemisphere,0.0,0.0,0.09929369921570144,0.9950581698051938
2025/05/07 10:26:58.266432392,1746606418,265934888,hemisphere,0.0,0.0,0.09936316713892017,0.9950512353723918
2025/05/07 10:26:58.315281267,1746606418,314845085,hemisphere,0.0,0.0,0.0994239511744839,0.9950451637653709
2025/05/07 10:26:58.365624985,1746606418,365248586,hemisphere,0.0,0.0,0.09950210153216696,0.9950373519575445
2025/05/07 10:26:58.415561638,1746606418,415062318,hemisphere,0.0,0.0,0.0995542014296638,0.9950321406757181
2025/05/07 10:26:58.466431320,1746606418,465624751,hemisphere,0.0,0.0,0.09961498429844243,0.9950260573991121
2025/05/07 10:26:58.515683720,1746606418,515152153,hemisphere,0.0,0.0,0.09970181632325026,0.9950173605630431
2025/05/07 10:26:58.565920378,1746606418,565531812,hemisphere,0.0,0.0,0.09971918263712022,0.9950156202865283
2025/05/07 10:26:58.615783776,1746606418,615293452,hemisphere,0.0,0.0,0.09976259828888777,0.995011268269184
2025/05/07 10:26:58.665400891,1746606418,664995502,hemisphere,0.0,0.0,0.09977996449641792,0.9950095269318247
2025/05/07 10:26:58.716746953,1746606418,715680808,hemisphere,0.0,0.0,0.0997886475887853,0.9950086561494835
2025/05/07 10:26:58.765519588,1746606418,765040550,hemisphere,0.0,0.0,0.09982337988225483,0.9950051722623773
2025/05/07 10:26:58.817280531,1746606418,815604067,hemisphere,0.0,0.0,0.09981469682028878,0.995006043347815
2025/05/07 10:26:58.865843391,1746606418,865238215,hemisphere,0.0,0.0,0.09984942902253845,0.9950025585514205
2025/05/07 10:26:58.916062030,1746606418,915579193,hemisphere,0.0,0.0,0.09984942902253845,0.9950025585514205
2025/05/07 10:26:58.968021794,1746606418,967337036,hemisphere,0.0,0.0,0.09984942902253845,0.9950025585514205
2025/05/07 10:26:59.17414506,1746606419,16768679,hemisphere,0.0,0.0,0.09989284410425628,0.994998200851018
2025/05/07 10:26:59.66408602,1746606419,65865595,hemisphere,0.0,0.0,0.09982337988225483,0.9950051722623773
2025/05/07 10:26:59.121825621,1746606419,121224721,hemisphere,0.0,0.0,0.09985811205409259,0.9950016871628873
2025/05/07 10:26:59.166601122,1746606419,165695951,hemisphere,0.0,0.0,0.09982337988225483,0.9950051722623773
2025/05/07 10:26:59.221761323,1746606419,218583000,hemisphere,0.0,0.0,0.0997886475887853,0.9950086561494835
2025/05/07 10:26:59.266580713,1746606419,265128039,hemisphere,0.0,0.0,0.09977128139645186,0.9950103976383916
2025/05/07 10:26:59.316492407,1746606419,315550210,hemisphere,0.0,0.0,0.0997886475887853,0.9950086561494835
2025/05/07 10:26:59.365825852,1746606419,365157664,hemisphere,0.0,0.0,0.09982337988225483,0.9950051722623773
2025/05/07 10:26:59.418157715,1746606419,416622886,hemisphere,0.0,0.0,0.0998320629366189,0.9950043011011656
2025/05/07 10:26:59.466450828,1746606419,465902145,hemisphere,0.0,0.0,0.09984074598338034,0.99500342986418
2025/05/07 10:26:59.515581526,1746606419,515019795,hemisphere,0.0,0.0,0.0998320629366189,0.9950043011011656
2025/05/07 10:26:59.566707754,1746606419,566161222,hemisphere,0.0,0.0,0.09988416110312463,0.9949990725426457
2025/05/07 10:26:59.615609106,1746606419,615059707,hemisphere,0.0,0.0,0.09990152709778068,0.9949973290836169
2025/05/07 10:26:59.666723073,1746606419,666255613,hemisphere,0.0,0.0,0.09991889306200498,0.9949955853214946
2025/05/07 10:26:59.715723193,1746606419,715154315,hemisphere,0.0,0.0,0.09996230783939214,0.9949912245901582
2025/05/07 10:26:59.766057404,1746606419,765581926,hemisphere,0.0,0.0,0.10003177108732382,0.9949842434798318
2025/05/07 10:26:59.816197806,1746606419,815421161,hemisphere,0.0,0.0,0.10004045395904188,0.9949833705000646
2025/05/07 10:26:59.865626731,1746606419,864983690,hemisphere,0.0,0.0,0.1001012338477128,0.9949772575200729
2025/05/07 10:26:59.917419852,1746606419,916688370,hemisphere,0.0,0.0,0.1001620133628496,0.9949711408272606
2025/05/07 10:26:59.965716435,1746606419,965143544,hemisphere,0.0,0.0,0.10023147520818347,0.9949641457749074
2025/05/07 10:27:00.17058008,1746606420,15825259,hemisphere,0.0,0.0,0.1002835712716137,0.994958896303265
2025/05/07 10:27:00.65618370,1746606420,65180307,hemisphere,0.0,0.0,0.10036171485121488,0.9949510169813002
2025/05/07 10:27:00.119281299,1746606420,118376457,hemisphere,0.0,0.0,0.10037908000707044,0.9949492651873935
2025/05/07 10:27:00.165733475,1746606420,165276911,hemisphere,0.0,0.0,0.10049195277457544,0.994937871139476
2025/05/07 10:27:00.215483383,1746606420,214977674,hemisphere,0.0,0.0,0.10056141229644289,0.9949308530530877
2025/05/07 10:27:00.266928868,1746606420,266260965,hemisphere,0.0,0.0,0.10059614187360123,0.9949273421914518
2025/05/07 10:27:00.315665012,1746606420,315096455,hemisphere,0.0,0.0,0.10066560066015554,0.994920316831318
2025/05/07 10:27:00.366072339,1746606420,365549351,hemisphere,0.0,0.0,0.10070901215262446,0.9949159235187879
2025/05/07 10:27:00.415729674,1746606420,415207031,hemisphere,0.0,0.0,0.10076978791994635,0.9949097696990261
2025/05/07 10:27:00.473192961,1746606420,465384743,hemisphere,0.0,0.0,0.10083924547928609,0.9949027322161541
2025/05/07 10:27:00.515739260,1746606420,515347651,hemisphere,0.0,0.0,0.1008826562043161,0.9948983313269562
2025/05/07 10:27:00.565549447,1746606420,565060754,hemisphere,0.0,0.0,0.10093474882081731,0.9948930477596466
2025/05/07 10:27:00.616116625,1746606420,615551662,hemisphere,0.0,0.0,0.10097815912319229,0.9948886427033385
2025/05/07 10:27:00.665563317,1746606420,665118146,hemisphere,0.0,0.0,0.10094343089666817,0.9948921668999157
2025/05/07 10:27:00.716895597,1746606420,716249937,hemisphere,0.0,0.0,0.10096079502530744,0.9948904049531576
2025/05/07 10:27:00.765763880,1746606420,765206933,hemisphere,0.0,0.0,0.10094343089666817,0.9948921668999157
2025/05/07 10:27:00.816292830,1746606420,815041639,hemisphere,0.0,0.0,0.10093474882081731,0.9948930477596466
2025/05/07 10:27:00.865893123,1746606420,865416889,hemisphere,0.0,0.0,0.10087397407467277,0.9948992116563277
2025/05/07 10:27:00.915583201,1746606420,915083679,hemisphere,0.0,0.0,0.10085660979234076,0.994900972087773
2025/05/07 10:27:00.966059474,1746606420,965515521,hemisphere,0.0,0.0,0.10078715235583888,0.994908010782907
2025/05/07 10:27:01.15725303,1746606421,15211953,hemisphere,0.0,0.0,0.10072637669593063,0.9949141656634052
2025/05/07 10:27:01.65273717,1746606421,64856007,hemisphere,0.0,0.0,0.10063955367267542,0.9949229519096264
2025/05/07 10:27:01.115892269,1746606421,115333070,hemisphere,0.0,0.0,0.10052668259675353,0.9949343627024305
2025/05/07 10:27:01.165454109,1746606421,165015942,hemisphere,0.0,0.0,0.10040512768351982,0.9949466369282607
2025/05/07 10:27:01.216798243,1746606421,216310197,hemisphere,0.0,0.0,0.10030093656500128,0.9949571458732198
2025/05/07 10:27:01.265568268,1746606421,265113883,hemisphere,0.0,0.0,0.10017069612022048,0.9949702667109156
2025/05/07 10:27:01.317333859,1746606421,316017532,hemisphere,0.0,0.0,0.10010991665846421,0.994976383934129
2025/05/07 10:27:01.365878362,1746606421,365319121,hemisphere,0.0,0.0,0.09997967369706368,0.9949894797672127
2025/05/07 10:27:01.419033375,1746606421,415159505,hemisphere,0.0,0.0,0.09985811205409259,0.9950016871628873
2025/05/07 10:27:01.466612739,1746606421,466156383,hemisphere,0.0,0.0,0.09974523205096819,0.9950130093034455
2025/05/07 10:27:01.516052731,1746606421,515370078,hemisphere,0.0,0.0,0.09967576679550146,0.9950199704095033
2025/05/07 10:27:01.576187332,1746606421,566235535,hemisphere,0.0,0.0,0.09956288471938192,0.9950312718635305
2025/05/07 10:27:01.616482921,1746606421,615923567,hemisphere,0.0,0.0,0.09948473483904083,0.995039088445276
2025/05/07 10:27:01.665436183,1746606421,664935251,hemisphere,0.0,0.0,0.09946736811560991,0.9950408246299012
2025/05/07 10:27:01.716369867,1746606421,715352760,hemisphere,0.0,0.0,0.09938053404406871,0.9950495010064151
2025/05/07 10:27:01.765561040,1746606421,765046303,hemisphere,0.0,0.0,0.09936316713892017,0.9950512353723918
2025/05/07 10:27:01.816251230,1746606421,815460383,hemisphere,0.0,0.0,0.09931106624188923,0.99505643665166
2025/05/07 10:27:01.865872569,1746606421,865168701,hemisphere,0.0,0.0,0.09926764861970905,0.9950607689671591
2025/05/07 10:27:01.918259312,1746606421,915679843,hemisphere,0.0,0.0,0.09922423080853728,0.9950650993882029
2025/05/07 10:27:01.965744650,1746606421,965241981,hemisphere,0.0,0.0,0.09918949642358145,0.9950685623610246
2025/05/07 10:27:02.15583281,1746606422,15048225,hemisphere,0.0,0.0,0.09924159795567969,0.9950633674471205
2025/05/07 10:27:02.65843141,1746606422,65348626,hemisphere,0.0,0.0,0.09927633215926708,0.9950599026556155
2025/05/07 10:27:02.115814430,1746606422,115056725,hemisphere,0.0,0.0,0.09927633215926708,0.9950599026556155
2025/05/07 10:27:02.165996420,1746606422,165532430,hemisphere,0.0,0.0,0.09937185059527824,0.9950503682272922
2025/05/07 10:27:02.215767230,1746606422,215166865,hemisphere,0.0,0.0,0.0994239511744839,0.9950451637653709
2025/05/07 10:27:02.266932959,1746606422,266363340,hemisphere,0.0,0.0,0.09951078486736409,0.9950364836000142
2025/05/07 10:27:02.315855293,1746606422,315315904,hemisphere,0.0,0.0,0.09959761780242633,0.9950277958570212
2025/05/07 10:27:02.365508531,1746606422,365026700,hemisphere,0.0,0.0,0.09969313315492581,0.9950182305876382
2025/05/07 10:27:02.416020206,1746606422,415453755,hemisphere,0.0,0.0,0.09975391517372632,0.995012138824202
2025/05/07 10:27:02.465672731,1746606422,465130885,hemisphere,0.0,0.0,0.09985811205409259,0.9950016871628873
2025/05/07 10:27:02.515963339,1746606422,515523226,hemisphere,0.0,0.0,0.09991021008369712,0.9949964572404424
2025/05/07 10:27:02.565739170,1746606422,565258689,hemisphere,0.0,0.0,0.09997099077203453,0.994990352216572
2025/05/07 10:27:02.615477217,1746606422,614960275,hemisphere,0.0,0.0,0.10006650252848232,0.9949807511061294
2025/05/07 10:27:02.665852638,1746606422,665359075,hemisphere,0.0,0.0,0.10017069612022048,0.9949702667109156
2025/05/07 10:27:02.715607581,1746606422,715048429,hemisphere,0.0,0.0,0.10024884059319951,0.9949623962541093
2025/05/07 10:27:02.766272949,1746606422,765545088,hemisphere,0.0,0.0,0.10037039743296448,0.9949501411222317
2025/05/07 10:27:02.815681332,1746606422,815139480,hemisphere,0.0,0.0,0.1004659053275841,0.9949405016716873
2025/05/07 10:27:02.865953273,1746606422,865568639,hemisphere,0.0,0.0,0.10056141229644289,0.9949308530530877
2025/05/07 10:27:02.915942729,1746606422,915339838,hemisphere,0.0,0.0,0.10065691833866075,0.9949211952665217
2025/05/07 10:27:02.965545186,1746606422,965024444,hemisphere,0.0,0.0,0.10076978791994635,0.9949097696990261
2025/05/07 10:27:03.15951579,1746606423,15422905,hemisphere,0.0,0.0,0.1008913383262768,0.9948974509218188
2025/05/07 10:27:03.65564458,1746606423,65107266,hemisphere,0.0,0.0,0.10098684116060015,0.9948877614647814
2025/05/07 10:27:03.116152154,1746606423,115561969,hemisphere,0.0,0.0,0.10111707079847729,0.9948745337946568
2025/05/07 10:27:03.165790533,1746606423,165285648,hemisphere,0.0,0.0,0.10126466229341406,0.9948595218273788
2025/05/07 10:27:03.215552567,1746606423,214942332,hemisphere,0.0,0.0,0.10141225155965652,0.9948444879646271
2025/05/07 10:27:03.265811369,1746606423,265342421,hemisphere,0.0,0.0,0.10157720162757483,0.99482765950164
2025/05/07 10:27:03.315754471,1746606423,315091113,hemisphere,0.0,0.0,0.10175951161142267,0.9948090278021229
2025/05/07 10:27:03.366149673,1746606423,365548809,hemisphere,0.0,0.0,0.10194181817777188,0.9947903626928691
2025/05/07 10:27:03.416743223,1746606423,415937709,hemisphere,0.0,0.0,0.102072035057998,0.9947770100173802
2025/05/07 10:27:03.465282659,1746606423,464831157,hemisphere,0.0,0.0,0.10224565484395001,0.9947591799352906
2025/05/07 10:27:03.515882933,1746606423,515280624,hemisphere,0.0,0.0,0.10243663301095286,0.9947395318460905
2025/05/07 10:27:03.565497514,1746606423,564961741,hemisphere,0.0,0.0,0.10254080132927355,0.9947287992527162
2025/05/07 10:27:03.616797197,1746606423,616188853,hemisphere,0.0,0.0,0.10269705169798687,0.9947126799094003
2025/05/07 10:27:03.665564348,1746606423,665068116,hemisphere,0.0,0.0,0.1027838563637141,0.9947037141134054
2025/05/07 10:27:03.716276359,1746606423,715588468,hemisphere,0.0,0.0,0.10291406189445367,0.9946902512161183
2025/05/07 10:27:03.765658474,1746606423,765180425,hemisphere,0.0,0.0,0.10298350412328676,0.9946830640352177
2025/05/07 10:27:03.815390920,1746606423,814942871,hemisphere,0.0,0.0,0.10307030620345069,0.9946740732416458
2025/05/07 10:27:03.866099982,1746606423,865372286,hemisphere,0.0,0.0,0.10313106719257421,0.99466777517909
2025/05/07 10:27:03.915586796,1746606423,915066484,hemisphere,0.0,0.0,0.10316578758501685,0.9946641746197372
2025/05/07 10:27:03.965869763,1746606423,965414410,hemisphere,0.0,0.0,0.10318314773410169,0.9946623738855727
2025/05/07 10:27:04.15954699,1746606424,15160361,hemisphere,0.0,0.0,0.10319182779685765,0.9946614734048684
2025/05/07 10:27:04.66172041,1746606424,65560682,hemisphere,0.0,0.0,0.10313106719257421,0.99466777517909
2025/05/07 10:27:04.116052932,1746606424,115299274,hemisphere,0.0,0.0,0.10308766652531358,0.9946722741739441
2025/05/07 10:27:04.165397784,1746606424,164975336,hemisphere,0.0,0.0,0.10300086460208185,0.9946812664824968
2025/05/07 10:27:04.216204337,1746606424,215500625,hemisphere,0.0,0.0,0.10294010278906443,0.9946875565914037
2025/05/07 10:27:04.265553302,1746606424,265051907,hemisphere,0.0,0.0,0.10281857801087373,0.9947001256739751
2025/05/07 10:27:04.316856567,1746606424,316313942,hemisphere,0.0,0.0,0.10273177365816472,0.994709094500019
2025/05/07 10:27:04.365711504,1746606424,365208956,hemisphere,0.0,0.0,0.10260156566240682,0.9947225335356704
2025/05/07 10:27:04.415546971,1746606424,414942822,hemisphere,0.0,0.0,0.10248003661350277,0.9947350612578684
2025/05/07 10:27:04.465711966,1746606424,465330771,hemisphere,0.0,0.0,0.10234114439897171,0.9947493604738376
2025/05/07 10:27:04.515629154,1746606424,515069406,hemisphere,0.0,0.0,0.10221961207448249,0.9947618563793761
2025/05/07 10:27:04.566081084,1746606424,565525685,hemisphere,0.0,0.0,0.102106759264101,0.9947734464251561
2025/05/07 10:27:04.615631815,1746606424,615163419,hemisphere,0.0,0.0,0.10194181817777188,0.9947903626928691
2025/05/07 10:27:04.666063145,1746606424,665572611,hemisphere,0.0,0.0,0.10183764341582713,0.9948010325605372
2025/05/07 10:27:04.715950112,1746606424,715362588,hemisphere,0.0,0.0,0.10172478616350687,0.9948125792730955
2025/05/07 10:27:04.765412058,1746606424,764984346,hemisphere,0.0,0.0,0.10157720162757483,0.99482765950164
2025/05/07 10:27:04.815905454,1746606424,815380369,hemisphere,0.0,0.0,0.10147302296191663,0.9948382911865478
2025/05/07 10:27:04.865453450,1746606424,865064552,hemisphere,0.0,0.0,0.1013427980651362,0.9948515654510119
2025/05/07 10:27:04.916029909,1746606424,915502215,hemisphere,0.0,0.0,0.10120388959463664,0.9948657058773895
2025/05/07 10:27:04.967072094,1746606424,965939061,hemisphere,0.0,0.0,0.10106497915111513,0.9948798269083482
2025/05/07 10:27:05.16101821,1746606425,15627452,hemisphere,0.0,0.0,0.1009260667372798,0.9948939285436122
2025/05/07 10:27:05.65723133,1746606425,65258771,hemisphere,0.0,0.0,0.10080451676102983,0.9949062515637216
2025/05/07 10:27:05.115659670,1746606425,115091903,hemisphere,0.0,0.0,0.1006829652801461,0.994918559733608
2025/05/07 10:27:05.165902525,1746606425,165425406,hemisphere,0.0,0.0,0.1005700947022214,0.9949299754513311
2025/05/07 10:27:05.215610797,1746606425,215124734,hemisphere,0.0,0.0,0.10049195277457544,0.994937871139476
2025/05/07 10:27:05.266103513,1746606425,265545257,hemisphere,0.0,0.0,0.10037039743296448,0.9949501411222317
2025/05/07 10:27:05.318331233,1746606425,315957356,hemisphere,0.0,0.0,0.10029225392212636,0.9949580211261276
2025/05/07 10:27:05.365275954,1746606425,364918529,hemisphere,0.0,0.0,0.10018806161207629,0.9949685182509117
2025/05/07 10:27:05.416627904,1746606425,416113769,hemisphere,0.0,0.0,0.10005781967962178,0.9949816243132132
2025/05/07 10:27:05.465719173,1746606425,465103778,hemisphere,0.0,0.0,0.09997967369706368,0.9949894797672127
2025/05/07 10:27:05.516720521,1746606425,516230199,hemisphere,0.0,0.0,0.09991889306200498,0.9949955853214946
2025/05/07 10:27:05.566376670,1746606425,565905516,hemisphere,0.0,0.0,0.0997886475887853,0.9950086561494835
2025/05/07 10:27:05.615468815,1746606425,614936554,hemisphere,0.0,0.0,0.09969313315492581,0.9950182305876382
2025/05/07 10:27:05.666502451,1746606425,666002066,hemisphere,0.0,0.0,0.09954551813236417,0.9950330094121296
2025/05/07 10:27:05.715538253,1746606425,715036248,hemisphere,0.0,0.0,0.09940658434502789,0.9950468988891201
2025/05/07 10:27:05.765778584,1746606425,765342923,hemisphere,0.0,0.0,0.09931974974363901,0.9950555699612263
2025/05/07 10:27:05.815548368,1746606425,815128930,hemisphere,0.0,0.0,0.09920686363116944,0.9950668310261711
2025/05/07 10:27:05.866579538,1746606425,866215561,hemisphere,0.0,0.0,0.09907660883800906,0.9950798086491154
2025/05/07 10:27:05.915857504,1746606425,915290543,hemisphere,0.0,0.0,0.09893766852083744,0.9950936326535614
2025/05/07 10:27:05.965377401,1746606425,964923290,hemisphere,0.0,0.0,0.0988334620170088,0.9951039879257506
2025/05/07 10:27:06.15802282,1746606426,15312194,hemisphere,0.0,0.0,0.0986945183261434,0.9951177779802602
2025/05/07 10:27:06.65416072,1746606426,65041361,hemisphere,0.0,0.0,0.09854688854641788,0.9951324086561647
2025/05/07 10:27:06.115939216,1746606426,115441849,hemisphere,0.0,0.0,0.09840794089006338,0.9951461586971925
2025/05/07 10:27:06.165579467,1746606426,165180698,hemisphere,0.0,0.0,0.09827767571977984,0.9951590317407152
2025/05/07 10:27:06.216788456,1746606426,216324564,hemisphere,0.0,0.0,0.09813003982452284,0.9951736005763203
2025/05/07 10:27:06.265969519,1746606426,265394286,hemisphere,0.0,0.0,0.09795634777120886,0.9951907123417733
2025/05/07 10:27:06.316659259,1746606426,315182882,hemisphere,0.0,0.0,0.09782607677273586,0.9952035262715133
2025/05/07 10:27:06.367487653,1746606426,366473562,hemisphere,0.0,0.0,0.09768711919351535,0.9952171756675384
2025/05/07 10:27:06.416251550,1746606426,415590171,hemisphere,0.0,0.0,0.09754815970983412,0.9952308056612922
2025/05/07 10:27:06.466185844,1746606426,465628360,hemisphere,0.0,0.0,0.09738314285313417,0.9952469660782927
2025/05/07 10:27:06.516245879,1746606426,515670594,hemisphere,0.0,0.0,0.09725286449597516,0.9952597049752027
2025/05/07 10:27:06.565374838,1746606426,564934704,hemisphere,0.0,0.0,0.09707047199689797,0.9952775107809376
2025/05/07 10:27:06.615712197,1746606426,615308059,hemisphere,0.0,0.0,0.09694018964412551,0.9952902087490668
2025/05/07 10:27:06.665481168,1746606426,665062818,hemisphere,0.0,0.0,0.09673173442564681,0.9953104900256031
2025/05/07 10:27:06.716097274,1746606426,715553821,hemisphere,0.0,0.0,0.09659276192213621,0.9953239866215692
2025/05/07 10:27:06.765605943,1746606426,765140794,hemisphere,0.0,0.0,0.09642772962858077,0.9953399886263373
2025/05/07 10:27:06.816021954,1746606426,815641364,hemisphere,0.0,0.0,0.09628875300925188,0.9953534427749388
2025/05/07 10:27:06.866030560,1746606426,865367273,hemisphere,0.0,0.0,0.09615846072370195,0.9953660384156415
2025/05/07 10:27:06.915589106,1746606426,915038878,hemisphere,0.0,0.0,0.0960021078063415,0.9953811306714326
2025/05/07 10:27:06.966068031,1746606426,965447118,hemisphere,0.0,0.0,0.09585443898708601,0.9953953619172992
2025/05/07 10:27:07.15824269,1746606427,15112741,hemisphere,0.0,0.0,0.09572414121805414,0.9954079007060704
2025/05/07 10:27:07.66008696,1746606427,65524558,hemisphere,0.0,0.0,0.09554172158636133,0.9954254263561456
2025/05/07 10:27:07.115787615,1746606427,115208192,hemisphere,0.0,0.0,0.09540273304631157,0.9954387567938544
2025/05/07 10:27:07.165382341,1746606427,164922181,hemisphere,0.0,0.0,0.09524636871569842,0.9954537303393228
2025/05/07 10:27:07.216058928,1746606427,215481469,hemisphere,0.0,0.0,0.09506394069330949,0.9954711684322449
2025/05/07 10:27:07.265505387,1746606427,264994127,hemisphere,0.0,0.0,0.09490757127566782,0.9954860887599355
2025/05/07 10:27:07.318330455,1746606427,315920827,hemisphere,0.0,0.0,0.09476857427173017,0.9954993306529661
2025/05/07 10:27:07.366267847,1746606427,365207736,hemisphere,0.0,0.0,0.09459482541899142,0.9955158557270449
2025/05/07 10:27:07.418556458,1746606427,417960950,hemisphere,0.0,0.0,0.09442976133979707,0.9955315264587601
2025/05/07 10:27:07.466801898,1746606427,465974462,hemisphere,0.0,0.0,0.09426469466456598,0.9955471698215993
2025/05/07 10:27:07.515774751,1746606427,515060788,hemisphere,0.0,0.0,0.09409093746999174,0.9955636069513681
2025/05/07 10:27:07.568156373,1746606427,567086213,hemisphere,0.0,0.0,0.09389111315325113,0.9955824721593101
2025/05/07 10:27:07.616210470,1746606427,615262496,hemisphere,0.0,0.0,0.09370866156044906,0.9955996618865182
2025/05/07 10:27:07.666699552,1746606427,666180241,hemisphere,0.0,0.0,0.0935609603466731,0.9956135528903814
2025/05/07 10:27:07.715705385,1746606427,715175845,hemisphere,0.0,0.0,0.09335243748127107,0.9956331264157021
2025/05/07 10:27:07.766151165,1746606427,765599146,hemisphere,0.0,0.0,0.09316997661463726,0.9956502174245874
2025/05/07 10:27:07.816223951,1746606427,815435541,hemisphere,0.0,0.0,0.09299620145153702,0.9956664634884441
2025/05/07 10:27:07.865549627,1746606427,865143948,hemisphere,0.0,0.0,0.09281373448154746,0.9956834892131078
2025/05/07 10:27:07.915897356,1746606427,915396330,hemisphere,0.0,0.0,0.09261388612862141,0.995702098067567
2025/05/07 10:27:07.965863636,1746606427,965255725,hemisphere,0.0,0.0,0.09243141263467401,0.9957190537286904
2025/05/07 10:27:08.16118508,1746606428,15546667,hemisphere,0.0,0.0,0.09223155715119326,0.995737585845521
2025/05/07 10:27:08.65679934,1746606428,65278502,hemisphere,0.0,0.0,0.09203169795210395,0.995756077848412
2025/05/07 10:27:08.115648000,1746606428,115024700,hemisphere,0.0,0.0,0.09180576569776311,0.9957769335471913
2025/05/07 10:27:08.165931372,1746606428,165421305,hemisphere,0.0,0.0,0.09157982871722992,0.9957977379830318
2025/05/07 10:27:08.215661783,1746606428,215062145,hemisphere,0.0,0.0,0.09135388702213565,0.9958184911548624
2025/05/07 10:27:08.265998702,1746606428,265510254,hemisphere,0.0,0.0,0.09109317922312196,0.9958423734201233
2025/05/07 10:27:08.315780669,1746606428,315184563,hemisphere,0.0,0.0,0.09086722741309482,0.9958630161735383
2025/05/07 10:27:08.366284245,1746606428,365710871,hemisphere,0.0,0.0,0.09065865235930552,0.9958820255192854
2025/05/07 10:27:08.415811026,1746606428,415267627,hemisphere,0.0,0.0,0.09045007332878274,0.9959009911807588
2025/05/07 10:27:08.465408018,1746606428,464976289,hemisphere,0.0,0.0,0.09020672611256308,0.9959230625726332
2025/05/07 10:27:08.515969161,1746606428,515421448,hemisphere,0.0,0.0,0.08998075601756557,0.9959435041941422
2025/05/07 10:27:08.565636760,1746606428,565127244,hemisphere,0.0,0.0,0.08975478129032781,0.9959638945441374
2025/05/07 10:27:08.616114181,1746606428,615530602,hemisphere,0.0,0.0,0.0895461851330208,0.9959826708975025
2025/05/07 10:27:08.665608925,1746606428,665228875,hemisphere,0.0,0.0,0.0893028179856648,0.9960045214253895
2025/05/07 10:27:08.715457467,1746606428,714982650,hemisphere,0.0,0.0,0.08909421332939642,0.9960232031188913
2025/05/07 10:27:08.765693163,1746606428,765323076,hemisphere,0.0,0.0,0.08890298896109482,0.9960402896237599
2025/05/07 10:27:08.815558974,1746606428,815044390,hemisphere,0.0,0.0,0.08867699230168177,0.9960604354336776
2025/05/07 10:27:08.865972218,1746606428,865479615,hemisphere,0.0,0.0,0.08845099107714666,0.9960805299660618
2025/05/07 10:27:08.915815838,1746606428,915241853,hemisphere,0.0,0.0,0.08824237052036953,0.9960990332516872
2025/05/07 10:27:08.966161813,1746606428,965591999,hemisphere,0.0,0.0,0.08802505332450349,0.9961182610449516
2025/05/07 10:27:09.15811666,1746606429,15327861,hemisphere,0.0,0.0,0.08785119655074317,0.9961336091431725
2025/05/07 10:27:09.65573461,1746606429,65046899,hemisphere,0.0,0.0,0.08759909947677832,0.9961558099870008
2025/05/07 10:27:09.116040629,1746606429,115485011,hemisphere,0.0,0.0,0.08739046317207465,0.9961741348512169
2025/05/07 10:27:09.165505352,1746606429,165136817,hemisphere,0.0,0.0,0.08723398342739427,0.9961878498232094
2025/05/07 10:27:09.216023745,1746606429,215475084,hemisphere,0.0,0.0,0.08702534042029092,0.9962060982169967
2025/05/07 10:27:09.265738796,1746606429,265157257,hemisphere,0.0,0.0,0.08679930618843275,0.9962258179977102
2025/05/07 10:27:09.315302108,1746606429,314857093,hemisphere,0.0,0.0,0.08655587971103407,0.9962469973292011
2025/05/07 10:27:09.365773279,1746606429,365258435,hemisphere,0.0,0.0,0.08633853027454973,0.9962658571837292
2025/05/07 10:27:09.416267836,1746606429,415461657,hemisphere,0.0,0.0,0.08610378826776784,0.9962861725658645
2025/05/07 10:27:09.466443415,1746606429,466057388,hemisphere,0.0,0.0,0.08591251346806861,0.9963026849454933
2025/05/07 10:27:09.515606629,1746606429,515070810,hemisphere,0.0,0.0,0.08568645735002145,0.9963221522312966
2025/05/07 10:27:09.566702938,1746606429,566212278,hemisphere,0.0,0.0,0.08542561788706757,0.9963445507496956
2025/05/07 10:27:09.616552630,1746606429,615942346,hemisphere,0.0,0.0,0.08520824719462682,0.9963631640170262
2025/05/07 10:27:09.665328915,1746606429,664864144,hemisphere,0.0,0.0,0.08499956751423424,0.9963809881377671
2025/05/07 10:27:09.716424065,1746606429,715995628,hemisphere,0.0,0.0,0.08474740792670714,0.9964024673041032
2025/05/07 10:27:09.765415592,1746606429,764966430,hemisphere,0.0,0.0,0.08449524291146344,0.9964238826550339
2025/05/07 10:27:09.815969806,1746606429,815432421,hemisphere,0.0,0.0,0.08426046372197388,0.9964437637184338
2025/05/07 10:27:09.866320499,1746606429,865812855,hemisphere,0.0,0.0,0.08403437563669283,0.9964628561624117
2025/05/07 10:27:09.915320604,1746606429,914843581,hemisphere,0.0,0.0,0.08383437103163642,0.9964797028709265
2025/05/07 10:27:09.965880887,1746606429,965313023,hemisphere,0.0,0.0,0.08358218649941442,0.9965008871546363
2025/05/07 10:27:10.15765591,1746606430,15051978,hemisphere,0.0,0.0,0.08332999661410338,0.9965220076166375
2025/05/07 10:27:10.65701460,1746606430,65333961,hemisphere,0.0,0.0,0.08309519433680984,0.9965416141226255
2025/05/07 10:27:10.115705186,1746606430,115079845,hemisphere,0.0,0.0,0.08285169080643892,0.9965618883594306
2025/05/07 10:27:10.165886140,1746606430,165440330,hemisphere,0.0,0.0,0.08259948550677852,0.9965828239509326
2025/05/07 10:27:10.215693294,1746606430,215181576,hemisphere,0.0,0.0,0.08235597192174522,0.9966029770619917
2025/05/07 10:27:10.265679907,1746606430,264980440,hemisphere,0.0,0.0,0.08212115059351298,0.996622354066573
2025/05/07 10:27:10.315764460,1746606430,315275090,hemisphere,0.0,0.0,0.08186023266008444,0.9966438191795688
2025/05/07 10:27:10.365408856,1746606430,365005010,hemisphere,0.0,0.0,0.08159930911604402,0.9966652159836744
2025/05/07 10:27:10.415983293,1746606430,415453262,hemisphere,0.0,0.0,0.08136447314411516,0.9966844147020564
2025/05/07 10:27:10.465739815,1746606430,465143930,hemisphere,0.0,0.0,0.08112093477264694,0.9967042660396372
2025/05/07 10:27:10.516028786,1746606430,515551419,hemisphere,0.0,0.0,0.0808686934965009,0.9967247636194102
2025/05/07 10:27:10.565808717,1746606430,565234317,hemisphere,0.0,0.0,0.08063384351427165,0.996743790188891
2025/05/07 10:27:10.615635824,1746606430,614963171,hemisphere,0.0,0.0,0.08039029065644634,0.9967634629982041
2025/05/07 10:27:10.666992670,1746606430,665324074,hemisphere,0.0,0.0,0.08014673299891764,0.9967830762957406
2025/05/07 10:27:10.715817421,1746606430,715213973,hemisphere,0.0,0.0,0.07993796548331511,0.9967998403262254
2025/05/07 10:27:10.766237100,1746606430,765559433,hemisphere,0.0,0.0,0.07965960334291662,0.9968221243508038
2025/05/07 10:27:10.815842067,1746606430,815211584,hemisphere,0.0,0.0,0.07945082765979258,0.9968387863562362
2025/05/07 10:27:10.865298511,1746606430,864868212,hemisphere,0.0,0.0,0.07919855239370328,0.9968588612731202
2025/05/07 10:27:10.915751787,1746606430,915316094,hemisphere,0.0,0.0,0.07890277493372588,0.9968823160773581
2025/05/07 10:27:10.965399421,1746606430,964956983,hemisphere,0.0,0.0,0.07865918827931771,0.9969015659026917
2025/05/07 10:27:11.16291143,1746606431,15567887,hemisphere,0.0,0.0,0.07839819736704182,0.996922124666515
2025/05/07 10:27:11.65599280,1746606431,65118936,hemisphere,0.0,0.0,0.07815460100062332,0.9969412511991032
2025/05/07 10:27:11.116047145,1746606431,115558650,hemisphere,0.0,0.0,0.07791099996798329,0.9969603182093001
2025/05/07 10:27:11.165739233,1746606431,165193752,hemisphere,0.0,0.0,0.07769349511475832,0.9969772920266805
2025/05/07 10:27:11.215493055,1746606431,214952824,hemisphere,0.0,0.0,0.07746728614477999,0.9969948944590252
2025/05/07 10:27:11.265748472,1746606431,265338729,hemisphere,0.0,0.0,0.0771975702385987,0.9970158148942556
2025/05/07 10:27:11.315637326,1746606431,315039037,hemisphere,0.0,0.0,0.07698005329485372,0.9970326330640946
2025/05/07 10:27:11.365903824,1746606431,365392128,hemisphere,0.0,0.0,0.0767277290505685,0.9970520826891355
2025/05/07 10:27:11.415676282,1746606431,415144087,hemisphere,0.0,0.0,0.07647539989219357,0.9970714684571659
2025/05/07 10:27:11.465236193,1746606431,464845929,hemisphere,0.0,0.0,0.07624046834151244,0.997089459871614
2025/05/07 10:27:11.515898675,1746606431,515318084,hemisphere,0.0,0.0,0.07601423395885876,0.9971067326197571
2025/05/07 10:27:11.565570095,1746606431,565010067,hemisphere,0.0,0.0,0.0757531894247037,0.9971265989291355
2025/05/07 10:27:11.616553654,1746606431,616096222,hemisphere,0.0,0.0,0.07551824490425858,0.9971444201752224
2025/05/07 10:27:11.666282069,1746606431,665801348,hemisphere,0.0,0.0,0.0752745943067749,0.9971628429960427
2025/05/07 10:27:11.716922505,1746606431,716246409,hemisphere,0.0,0.0,0.07503964125980771,0.9971805514748066
2025/05/07 10:27:11.766847962,1746606431,765287942,hemisphere,0.0,0.0,0.07479598184806965,0.9971988573496178
2025/05/07 10:27:11.815677741,1746606431,815017608,hemisphere,0.0,0.0,0.07458712736884258,0.9972145007122911
2025/05/07 10:27:11.871486241,1746606431,870616650,hemisphere,0.0,0.0,0.07440437701534221,0.9972281527719516
2025/05/07 10:27:11.916702947,1746606431,915835545,hemisphere,0.0,0.0,0.07419551640908512,0.9972437141164587
2025/05/07 10:27:11.965869884,1746606431,965418224,hemisphere,0.0,0.0,0.0739170305396466,0.9972643945294553
2025/05/07 10:27:12.15782440,1746606432,15153019,hemisphere,0.0,0.0,0.07364724185659251,0.997284354518267
2025/05/07 10:27:12.65277625,1746606432,64831177,hemisphere,0.0,0.0,0.07343836949607513,0.9972997572875258
2025/05/07 10:27:12.116205323,1746606432,115559050,hemisphere,0.0,0.0,0.07324690033549555,0.9973138380626442
2025/05/07 10:27:12.165271808,1746606432,164911083,hemisphere,0.0,0.0,0.07302061512010065,0.9973304315859826
2025/05/07 10:27:12.216551263,1746606432,216081298,hemisphere,0.0,0.0,0.07276821563792059,0.9973488791756239
2025/05/07 10:27:12.266564856,1746606432,265212092,hemisphere,0.0,0.0,0.07256803342358117,0.9973634646030674
2025/05/07 10:27:12.316014147,1746606432,315488033,hemisphere,0.0,0.0,0.07232432939151857,0.9973811665447002
2025/05/07 10:27:12.365616787,1746606432,365175870,hemisphere,0.0,0.0,0.07210673285638342,0.9973969215296277
2025/05/07 10:27:12.415342800,1746606432,414905113,hemisphere,0.0,0.0,0.07182820428480852,0.9974170186382524
2025/05/07 10:27:12.465827000,1746606432,465303797,hemisphere,0.0,0.0,0.07160189569500129,0.9974332902670143
2025/05/07 10:27:12.515483201,1746606432,515035182,hemisphere,0.0,0.0,0.07135817463015216,0.9974507561345837
2025/05/07 10:27:12.565856092,1746606432,565389547,hemisphere,0.0,0.0,0.07111444930486224,0.9974681624493417
2025/05/07 10:27:12.615624510,1746606432,615123054,hemisphere,0.0,0.0,0.07085331031651311,0.9974867459857258
2025/05/07 10:27:12.665223478,1746606432,664809403,hemisphere,0.0,0.0,0.07063569078252496,0.9975021800415654
2025/05/07 10:27:12.715652594,1746606432,715286040,hemisphere,0.0,0.0,0.0704093629009039,0.9975181810954068
2025/05/07 10:27:12.765509335,1746606432,764950209,hemisphere,0.0,0.0,0.07016562112891266,0.9975353555697131
2025/05/07 10:27:12.815874890,1746606432,815375367,hemisphere,0.0,0.0,0.069921875167682,0.997552470486157
2025/05/07 10:27:12.865556586,1746606432,865041558,hemisphere,0.0,0.0,0.06964330324383448,0.997571957461359
2025/05/07 10:27:12.916164518,1746606432,915511774,hemisphere,0.0,0.0,0.06936472588905877,0.9975913666438457
2025/05/07 10:27:12.965862898,1746606432,965183570,hemisphere,0.0,0.0,0.0691035547058894,0.9976094920994939
2025/05/07 10:27:13.15318533,1746606433,14882123,hemisphere,0.0,0.0,0.06887720251537242,0.9976251455199274
2025/05/07 10:27:13.65775769,1746606433,65276104,hemisphere,0.0,0.0,0.06859861033756008,0.9976443407646614
2025/05/07 10:27:13.115667498,1746606433,115031804,hemisphere,0.0,0.0,0.06831130655159919,0.9976640543776314
2025/05/07 10:27:13.165959294,1746606433,165399508,hemisphere,0.0,0.0,0.06805011637492595,0.9976819040462541
2025/05/07 10:27:13.215683873,1746606433,215125039,hemisphere,0.0,0.0,0.06779762810381755,0.9976990937269095
2025/05/07 10:27:13.265880918,1746606433,265510570,hemisphere,0.0,0.0,0.0675364287714677,0.9977168089136298
2025/05/07 10:27:13.315679684,1746606433,315224575,hemisphere,0.0,0.0,0.06725781104868546,0.9977356297401329
2025/05/07 10:27:13.365476123,1746606433,364995752,hemisphere,0.0,0.0,0.06702272326455444,0.9977514492929604
2025/05/07 10:27:13.416485013,1746606433,416014680,hemisphere,0.0,0.0,0.0667266815043303,0.9977712914167354
2025/05/07 10:27:13.465587911,1746606433,465094481,hemisphere,0.0,0.0,0.0664219264978339,0.9977916253809291
2025/05/07 10:27:13.516898335,1746606433,516208675,hemisphere,0.0,0.0,0.06617811802983484,0.9978078255325668
2025/05/07 10:27:13.566405903,1746606433,565930315,hemisphere,0.0,0.0,0.06587335189021544,0.9978279919458803
2025/05/07 10:27:13.615403496,1746606433,614874809,hemisphere,0.0,0.0,0.0655947031841189,0.9978463483493776
2025/05/07 10:27:13.665765585,1746606433,665310236,hemisphere,0.0,0.0,0.06529863332963577,0.9978657667668943
2025/05/07 10:27:13.715510269,1746606433,715011615,hemisphere,0.0,0.0,0.06501126591440178,0.9978845300455395
2025/05/07 10:27:13.765785002,1746606433,765409973,hemisphere,0.0,0.0,0.06475001813042489,0.9979015157579979
2025/05/07 10:27:13.815747734,1746606433,815125488,hemisphere,0.0,0.0,0.06445393194462304,0.9979206835499893
2025/05/07 10:27:13.865282639,1746606433,864810365,hemisphere,0.0,0.0,0.0641404227402754,0.9979408831041541
2025/05/07 10:27:13.915722438,1746606433,915227127,hemisphere,0.0,0.0,0.06386174257658941,0.9979587555781458
2025/05/07 10:27:13.965275977,1746606433,964898630,hemisphere,0.0,0.0,0.0635395124306725,0.9979793236135068
2025/05/07 10:27:14.15920093,1746606434,15354358,hemisphere,0.0,0.0,0.06328694903522229,0.9979953717737439
2025/05/07 10:27:14.65522494,1746606434,65024638,hemisphere,0.0,0.0,0.06302567229204058,0.9980119060573057
2025/05/07 10:27:14.115947856,1746606434,115431426,hemisphere,0.0,0.0,0.06270342502816546,0.9980322041345847
2025/05/07 10:27:14.165686804,1746606434,165136078,hemisphere,0.0,0.0,0.06243342904295662,0.9980491305231112
2025/05/07 10:27:14.215413824,1746606434,214913497,hemisphere,0.0,0.0,0.062128589375592416,0.998068153175022
2025/05/07 10:27:14.265752433,1746606434,265287808,hemisphere,0.0,0.0,0.06187600354498364,0.9980838442662526
2025/05/07 10:27:14.315490804,1746606434,314978818,hemisphere,0.0,0.0,0.061571153300910966,0.998102696660617
2025/05/07 10:27:14.366204626,1746606434,365440419,hemisphere,0.0,0.0,0.06130113828707117,0.998119316737588
2025/05/07 10:27:14.415603969,1746606434,415109175,hemisphere,0.0,0.0,0.06102240840602206,0.998136396326839
2025/05/07 10:27:14.465865858,1746606434,465504552,hemisphere,0.0,0.0,0.060717542150651685,0.9981549880029573
2025/05/07 10:27:14.515715848,1746606434,515233282,hemisphere,0.0,0.0,0.06043009163564178,0.9981724320100751
2025/05/07 10:27:14.565251982,1746606434,564849920,hemisphere,0.0,0.0,0.060125214401426805,0.9981908427716528
2025/05/07 10:27:14.615854993,1746606434,615391134,hemisphere,0.0,0.0,0.05984646459239173,0.9982075939782223
2025/05/07 10:27:14.665445654,1746606434,665013999,hemisphere,0.0,0.0,0.05961997693514341,0.9982211470161575
2025/05/07 10:27:14.715993789,1746606434,715464189,hemisphere,0.0,0.0,0.059341218683266674,0.9982377571326306
2025/05/07 10:27:14.765554970,1746606434,765127566,hemisphere,0.0,0.0,0.059097301416094046,0.998252227127661
2025/05/07 10:27:14.815483041,1746606434,814879615,hemisphere,0.0,0.0,0.05882724604089412,0.9982681779578292
2025/05/07 10:27:14.865614091,1746606434,865205799,hemisphere,0.0,0.0,0.05855718636046134,0.9982840557304049
2025/05/07 10:27:14.915532871,1746606434,914963128,hemisphere,0.0,0.0,0.05828712239455981,0.9982998604442263
2025/05/07 10:27:14.966004124,1746606434,965390398,hemisphere,0.0,0.0,0.058025766107772846,0.9983150857658147
2025/05/07 10:27:15.15607071,1746606435,15082490,hemisphere,0.0,0.0,0.05773826959953496,0.9983317545904525
2025/05/07 10:27:15.65961349,1746606435,65499887,hemisphere,0.0,0.0,0.05755531478149539,0.9983423189169149
2025/05/07 10:27:15.115768568,1746606435,115213946,hemisphere,0.0,0.0,0.05720682407156025,0.9983623486889145
2025/05/07 10:27:15.165525490,1746606435,165061204,hemisphere,0.0,0.0,0.05694545146241049,0.9983772911869251
2025/05/07 10:27:15.215809595,1746606435,215299499,hemisphere,0.0,0.0,0.05669278756337752,0.9983916705573489
2025/05/07 10:27:15.265476805,1746606435,265087613,hemisphere,0.0,0.0,0.056422694553086405,0.998406970898826
2025/05/07 10:27:15.315983585,1746606435,315431686,hemisphere,0.0,0.0,0.05619616174677858,0.9984197471028555
2025/05/07 10:27:15.365739413,1746606435,365175944,hemisphere,0.0,0.0,0.05593477414539423,0.9984344250081243
2025/05/07 10:27:15.415425541,1746606435,414883281,hemisphere,0.0,0.0,0.05568209581971346,0.9984485486018417
2025/05/07 10:27:15.466397349,1746606435,465216890,hemisphere,0.0,0.0,0.05547298002497891,0.998460188734207
2025/05/07 10:27:15.516114527,1746606435,514985175,hemisphere,0.0,0.0,0.055211581860783406,0.9984746773095601
2025/05/07 10:27:15.568456476,1746606435,566880771,hemisphere,0.0,0.0,0.054950179912445746,0.9984890974505379
2025/05/07 10:27:15.615601320,1746606435,615075693,hemisphere,0.0,0.0,0.05473234207775922,0.9985010619577143
2025/05/07 10:27:15.668331722,1746606435,667166559,hemisphere,0.0,0.0,0.054531928968808804,0.9985120273301373
2025/05/07 10:27:15.715696535,1746606435,715175903,hemisphere,0.0,0.0,0.054314086141552254,0.9985239005885679
2025/05/07 10:27:15.765278990,1746606435,764877559,hemisphere,0.0,0.0,0.05409624072913684,0.9985357263207839
2025/05/07 10:27:15.815826410,1746606435,815292128,hemisphere,0.0,0.0,0.053826108843025106,0.9985503242234809
2025/05/07 10:27:15.865348330,1746606435,864972320,hemisphere,0.0,0.0,0.053643114035701635,0.9985601716053734
2025/05/07 10:27:15.915946813,1746606435,915427173,hemisphere,0.0,0.0,0.05344268908462475,0.9985709183545274
2025/05/07 10:27:15.965455238,1746606435,965102344,hemisphere,0.0,0.0,0.05319869058689518,0.9985839470569512
2025/05/07 10:27:16.15294422,1746606436,14853085,hemisphere,0.0,0.0,0.053024404000180575,0.9985932167706857
2025/05/07 10:27:16.65786082,1746606436,65222761,hemisphere,0.0,0.0,0.05281525796450552,0.9986043002742091
2025/05/07 10:27:16.116146880,1746606436,114980166,hemisphere,0.0,0.0,0.05260610961209404,0.9986153399740465
2025/05/07 10:27:16.165774229,1746606436,165352790,hemisphere,0.0,0.0,0.05239695895212036,0.9986263358697135
2025/05/07 10:27:16.215604025,1746606436,215054920,hemisphere,0.0,0.0,0.052205235494517464,0.9986363769595828
2025/05/07 10:27:16.265969445,1746606436,265447162,hemisphere,0.0,0.0,0.05197865074618411,0.9986481962466093
2025/05/07 10:27:16.315685859,1746606436,315214119,hemisphere,0.0,0.0,0.05176949321857057,0.9986590607268792
2025/05/07 10:27:16.365380723,1746606436,364902236,hemisphere,0.0,0.0,0.05158647851877694,0.9986685312124498
2025/05/07 10:27:16.416136814,1746606436,415347406,hemisphere,0.0,0.0,0.051412177193897735,0.9986775195408092
2025/05/07 10:27:16.465415732,1746606436,464962427,hemisphere,0.0,0.0,0.05119429833608652,0.9986887121710527
2025/05/07 10:27:16.516089109,1746606436,515501856,hemisphere,0.0,0.0,0.051002562925257774,0.998698522365511
2025/05/07 10:27:16.565606032,1746606436,565103939,hemisphere,0.0,0.0,0.0508369717391666,0.9987069651826762
2025/05/07 10:27:16.616179821,1746606436,615564332,hemisphere,0.0,0.0,0.05067137915547953,0.998715380543667
2025/05/07 10:27:16.665638793,1746606436,665231111,hemisphere,0.0,0.0,0.05050578517874898,0.9987237684482523
2025/05/07 10:27:16.715330080,1746606436,714900494,hemisphere,0.0,0.0,0.0502966118556342,0.9987343244506237
2025/05/07 10:27:16.765843057,1746606436,765353053,hemisphere,0.0,0.0,0.05017459306436735,0.9987404618872839
2025/05/07 10:27:16.815639542,1746606436,815084454,hemisphere,0.0,0.0,0.04999156347381365,0.9987496400907705
2025/05/07 10:27:16.865964331,1746606436,865551149,hemisphere,0.0,0.0,0.049834679631108394,0.998757480425586
2025/05/07 10:27:16.915800731,1746606436,915190835,hemisphere,0.0,0.0,0.04972137386865785,0.9987631275635946
2025/05/07 10:27:16.967610469,1746606436,965960730,hemisphere,0.0,0.0,0.04957320382935248,0.9987704928871766
2025/05/07 10:27:17.15901423,1746606437,15296359,hemisphere,0.0,0.0,0.04943374867799685,0.9987774048764022
2025/05/07 10:27:17.65411435,1746606437,64984407,hemisphere,0.0,0.0,0.04932044065776908,0.9987830065301089
2025/05/07 10:27:17.116128761,1746606437,115448695,hemisphere,0.0,0.0,0.04920713200278301,0.9987885953293923
2025/05/07 10:27:17.165647311,1746606437,165125508,hemisphere,0.0,0.0,0.049067674327418015,0.9987954562051724
2025/05/07 10:27:17.215953490,1746606437,215507169,hemisphere,0.0,0.0,0.04895436426168767,0.9988010163289452
2025/05/07 10:27:17.265674457,1746606437,265199136,hemisphere,0.0,0.0,0.04885848602159596,0.9988057110087415
2025/05/07 10:27:17.315473460,1746606437,314956290,hemisphere,0.0,0.0,0.04871030967440481,0.9988129483198661
2025/05/07 10:27:17.365785532,1746606437,365341662,hemisphere,0.0,0.0,0.04857084860356382,0.9988197398259256
2025/05/07 10:27:17.416320571,1746606437,415732305,hemisphere,0.0,0.0,0.04846625217887226,0.998824820676646
2025/05/07 10:27:17.466665755,1746606437,466177129,hemisphere,0.0,0.0,0.04837908808557983,0.9988290463517807
2025/05/07 10:27:17.516237770,1746606437,515178356,hemisphere,0.0,0.0,0.04832678945271653,0.9988315781057349
2025/05/07 10:27:17.565566947,1746606437,564923177,hemisphere,0.0,0.0,0.04823962477025821,0.9988357916104251
2025/05/07 10:27:17.615949708,1746606437,615311358,hemisphere,0.0,0.0,0.0481175935977908,0.9988416777379476
2025/05/07 10:27:17.665469230,1746606437,664958510,hemisphere,0.0,0.0,0.048047861176657096,0.9988450345455739
2025/05/07 10:27:17.717131693,1746606437,716086093,hemisphere,0.0,0.0,0.047969411922980994,0.9988488051350732
2025/05/07 10:27:17.765511781,1746606437,765056208,hemisphere,0.0,0.0,0.04788224573854155,0.9988529874526251
2025/05/07 10:27:17.816240384,1746606437,815589085,hemisphere,0.0,0.0,0.04784737916262825,0.9988546582497715
2025/05/07 10:27:17.865655470,1746606437,865190917,hemisphere,0.0,0.0,0.04776021246787285,0.9988588299179337
2025/05/07 10:27:17.915376741,1746606437,914920980,hemisphere,0.0,0.0,0.04769047885016201,0.9988621617756087
2025/05/07 10:27:17.966555715,1746606437,965576609,hemisphere,0.0,0.0,0.047646895221036434,0.9988642417144562
2025/05/07 10:27:18.15714673,1746606438,15073815,hemisphere,0.0,0.0,0.047603311501197905,0.9988663197516072
2025/05/07 10:27:18.66061303,1746606438,65484946,hemisphere,0.0,0.0,0.047524860577156734,0.998870055426191
2025/05/07 10:27:18.115846512,1746606438,115222766,hemisphere,0.0,0.0,0.04749871020397306,0.9988712992818239
2025/05/07 10:27:18.165337672,1746606438,164850583,hemisphere,0.0,0.0,0.047455126176331124,0.9988733708531771
2025/05/07 10:27:18.215985893,1746606438,215284773,hemisphere,0.0,0.0,0.04738539154421497,0.9988766814117754
2025/05/07 10:27:18.267312290,1746606438,266555103,hemisphere,0.0,0.0,0.047341807281841175,0.9988787480386642
2025/05/07 10:27:18.315852829,1746606438,315351915,hemisphere,0.0,0.0,0.047280789163114484,0.9988816381214108
2025/05/07 10:27:18.365701323,1746606438,365102594,hemisphere,0.0,0.0,0.0472023370369661,0.9988853484651022
2025/05/07 10:27:18.416095323,1746606438,415480316,hemisphere,0.0,0.0,0.04715875239659502,0.998887407104723
2025/05/07 10:27:18.465697194,1746606438,465205295,hemisphere,0.0,0.0,0.047106450709642665,0.99888987496197
2025/05/07 10:27:18.515499202,1746606438,514922653,hemisphere,0.0,0.0,0.04708029981772814,0.9988911078636514
2025/05/07 10:27:18.566048613,1746606438,565395423,hemisphere,0.0,0.0,0.04705414889354529,0.9988923400807036
2025/05/07 10:27:18.616812994,1746606438,615727547,hemisphere,0.0,0.0,0.046932110821226294,0.9988980813746036
2025/05/07 10:27:18.666119426,1746606438,665477689,hemisphere,0.0,0.0,0.04690595971452814,0.9988993097120746
2025/05/07 10:27:18.715803273,1746606438,715179753,hemisphere,0.0,0.0,0.0468449403405735,0.9989021731703702
2025/05/07 10:27:18.766659425,1746606438,765580564,hemisphere,0.0,0.0,0.04674905239984094,0.9989066653595404
2025/05/07 10:27:18.815810688,1746606438,815256777,hemisphere,0.0,0.0,0.04674905239984094,0.9989066653595404
2025/05/07 10:27:18.866202552,1746606438,865796266,hemisphere,0.0,0.0,0.046705466829776374,0.9989087042208676
2025/05/07 10:27:18.915935280,1746606438,915323034,hemisphere,0.0,0.0,0.046653164028330966,0.9989111483441085
2025/05/07 10:27:18.965858252,1746606438,965113624,hemisphere,0.0,0.0,0.04664444688231792,0.9989115554317323
2025/05/07 10:27:19.15973262,1746606439,15453435,hemisphere,0.0,0.0,0.0466357297327527,0.9989119624432845
2025/05/07 10:27:19.65646728,1746606439,65170280,hemisphere,0.0,0.0,0.046583426760802765,0.9989144029150951
2025/05/07 10:27:19.115484088,1746606439,114915675,hemisphere,0.0,0.0,0.04657470958639088,0.9989148093941462
2025/05/07 10:27:19.165735491,1746606439,165325700,hemisphere,0.0,0.0,0.04654855804187668,0.998916028374869
2025/05/07 10:27:19.215536638,1746606439,215013935,hemisphere,0.0,0.0,0.04650497206346435,0.9989180584879706
2025/05/07 10:27:19.265791642,1746606439,265407998,hemisphere,0.0,0.0,0.0464613859965131,0.998920086699273
2025/05/07 10:27:19.326682474,1746606439,322572032,hemisphere,0.0,0.0,0.046487537647303866,0.9989188700007076
2025/05/07 10:27:19.372514970,1746606439,366102971,hemisphere,0.0,0.0,0.04650497206346435,0.9989180584879706
2025/05/07 10:27:19.415982391,1746606439,415274036,hemisphere,0.0,0.0,0.046470103216982486,0.9989196812091566
2025/05/07 10:27:19.465591282,1746606439,464981129,hemisphere,0.0,0.0,0.0464439515449603,0.9989208974512894
2025/05/07 10:27:19.516696636,1746606439,516104143,hemisphere,0.0,0.0,0.04647882043391296,0.9989192756429681
2025/05/07 10:27:19.566407331,1746606439,565808847,hemisphere,0.0,0.0,0.0465224064654586,0.9989172466709456
2025/05/07 10:27:19.616620843,1746606439,616281788,hemisphere,0.0,0.0,0.046592143931667114,0.9989139963599724
2025/05/07 10:27:19.666421724,1746606439,665921565,hemisphere,0.0,0.0,0.04664444688231792,0.9989115554317323
2025/05/07 10:27:19.715437075,1746606439,714937983,hemisphere,0.0,0.0,0.046679315445050426,0.9989099266248092
2025/05/07 10:27:19.765699375,1746606439,765283328,hemisphere,0.0,0.0,0.0467316181824909,0.9989074811322848
2025/05/07 10:27:19.815807668,1746606439,815051978,hemisphere,0.0,0.0,0.04672290106847732,0.9989078889045503
2025/05/07 10:27:19.866004045,1746606439,865421414,hemisphere,0.0,0.0,0.046836223272876315,0.9989025819315582
2025/05/07 10:27:19.916205070,1746606439,915598986,hemisphere,0.0,0.0,0.04685365740470325,0.9989017643331114
2025/05/07 10:27:19.965862262,1746606439,965505568,hemisphere,0.0,0.0,0.04699312994506471,0.998895212591374
2025/05/07 10:27:20.15976907,1746606440,15287541,hemisphere,0.0,0.0,0.04705414889354529,0.9988923400807036
2025/05/07 10:27:20.66092375,1746606440,65414919,hemisphere,0.0,0.0,0.04711516766644033,0.9988894638426031
2025/05/07 10:27:20.115859282,1746606440,115330071,hemisphere,0.0,0.0,0.04723720468456301,0.998883700184155
2025/05/07 10:27:20.166703761,1746606440,165142225,hemisphere,0.0,0.0,0.047367957850086614,0.9988775082907375
2025/05/07 10:27:20.216657017,1746606440,216147693,hemisphere,0.0,0.0,0.04751614378971385,0.9988704701208037
2025/05/07 10:27:20.265467416,1746606440,265101968,hemisphere,0.0,0.0,0.047646895221036434,0.9988642417144562
2025/05/07 10:27:20.315202781,1746606440,314821279,hemisphere,0.0,0.0,0.04779507918945796,0.9988571621634764
2025/05/07 10:27:20.365845503,1746606440,365350070,hemisphere,0.0,0.0,0.047925828876383275,0.9988508972446847
2025/05/07 10:27:20.415571222,1746606440,415008380,hemisphere,0.0,0.0,0.0480740108620434,0.9988437763132112
2025/05/07 10:27:20.465809703,1746606440,465395005,hemisphere,0.0,0.0,0.04819604229122541,0.9988378955103088
2025/05/07 10:27:20.515658147,1746606440,515110777,hemisphere,0.0,0.0,0.04834422234506589,0.9988307344920113
2025/05/07 10:27:20.566433630,1746606440,565624686,hemisphere,0.0,0.0,0.04847496856791241,0.9988243976907752
2025/05/07 10:27:20.615718271,1746606440,615199073,hemisphere,0.0,0.0,0.048640579257518454,0.9988163465069507
2025/05/07 10:27:20.665443330,1746606440,664964959,hemisphere,0.0,0.0,0.04879747236161776,0.9988086937402564
2025/05/07 10:27:20.715865367,1746606440,715321401,hemisphere,0.0,0.0,0.04891078329933238,0.9988031514152554
2025/05/07 10:27:20.765482584,1746606440,765026416,hemisphere,0.0,0.0,0.04909382271449691,0.9987941712741808
2025/05/07 10:27:20.815966713,1746606440,815458766,hemisphere,0.0,0.0,0.049294292562904844,0.9987842973939483
2025/05/07 10:27:20.866143858,1746606440,865185924,hemisphere,0.0,0.0,0.04939016874542919,0.998779560879826
2025/05/07 10:27:20.915365485,1746606440,914829453,hemisphere,0.0,0.0,0.04953834013201255,0.9987722227099456
2025/05/07 10:27:20.965523916,1746606440,965233466,hemisphere,0.0,0.0,0.0496777945587817,0.9987652961170485
2025/05/07 10:27:21.15246584,1746606441,14891187,hemisphere,0.0,0.0,0.04980853220433978,0.9987587847521789
2025/05/07 10:27:21.65803453,1746606441,65380974,hemisphere,0.0,0.0,0.04995670050411875,0.9987513845170588
2025/05/07 10:27:21.115626321,1746606441,115077876,hemisphere,0.0,0.0,0.05012229906731453,0.9987430876537803
2025/05/07 10:27:21.166225552,1746606441,165585522,hemisphere,0.0,0.0,0.0502966118556342,0.9987343244506237
2025/05/07 10:27:21.217401404,1746606441,215604274,hemisphere,0.0,0.0,0.05046220758549149,0.9987259712281437
2025/05/07 10:27:21.265395165,1746606441,264944718,hemisphere,0.0,0.0,0.05061037101009295,0.99871847401869
2025/05/07 10:27:21.315758001,1746606441,315278634,hemisphere,0.0,0.0,0.050767248716116466,0.9987105118390394
2025/05/07 10:27:21.367101452,1746606441,365157136,hemisphere,0.0,0.0,0.05096770173929216,0.9987003020823687
2025/05/07 10:27:21.415985471,1746606441,415441423,hemisphere,0.0,0.0,0.051107146110114264,0.9986931759136434
2025/05/07 10:27:21.466289529,1746606441,465205854,hemisphere,0.0,0.0,0.05126401983619204,0.998685135701055
2025/05/07 10:27:21.515281198,1746606441,514804138,hemisphere,0.0,0.0,0.051455752672147234,0.9986752753107202
2025/05/07 10:27:21.565715246,1746606441,565283017,hemisphere,0.0,0.0,0.0516474836115099,0.9986653781105055
2025/05/07 10:27:21.615493602,1746606441,614970960,hemisphere,0.0,0.0,0.05183921264721304,0.9986554441007754
2025/05/07 10:27:21.666517681,1746606441,666062033,hemisphere,0.0,0.0,0.052039654595992975,0.9986450191882648
2025/05/07 10:27:21.715630169,1746606441,715019260,hemisphere,0.0,0.0,0.05219652074612568,0.9986368324981807
2025/05/07 10:27:21.766874453,1746606441,766357394,hemisphere,0.0,0.0,0.0524231029104983,0.9986249637783122
2025/05/07 10:27:21.815821311,1746606441,815173660,hemisphere,0.0,0.0,0.05263225328252842,0.9986139624070974
2025/05/07 10:27:21.865435172,1746606441,864968014,hemisphere,0.0,0.0,0.05282397242897655,0.9986038393361117
2025/05/07 10:27:21.915913544,1746606441,915294985,hemisphere,0.0,0.0,0.05305926144691065,0.9985913652614409
2025/05/07 10:27:21.965521306,1746606441,965043359,hemisphere,0.0,0.0,0.05329454751917897,0.9985788357484481
2025/05/07 10:27:22.15990590,1746606442,15489258,hemisphere,0.0,0.0,0.05350368821106425,0.9985676518633143
2025/05/07 10:27:22.65756558,1746606442,65183942,hemisphere,0.0,0.0,0.05372154060265422,0.9985559554052429
2025/05/07 10:27:22.115412556,1746606442,114827489,hemisphere,0.0,0.0,0.05396553224512469,0.9985427989472963
2025/05/07 10:27:22.166715478,1746606442,165513794,hemisphere,0.0,0.0,0.05420952066558229,0.9985295828713378
2025/05/07 10:27:22.215712183,1746606442,214945313,hemisphere,0.0,0.0,0.05440993730464986,0.9985186822100547
2025/05/07 10:27:22.265828347,1746606442,265341344,hemisphere,0.0,0.0,0.05468006060940974,0.9985039263677191
2025/05/07 10:27:22.315757367,1746606442,315212444,hemisphere,0.0,0.0,0.05490661255441143,0.9984914941539561
2025/05/07 10:27:22.365874945,1746606442,365433518,hemisphere,0.0,0.0,0.05515058841064964,0.9984780481302327
2025/05/07 10:27:22.415654579,1746606442,415172475,hemisphere,0.0,0.0,0.055403274218877266,0.9984640590456062
2025/05/07 10:27:22.465222196,1746606442,464845364,hemisphere,0.0,0.0,0.055708235122505806,0.9984470905058193
2025/05/07 10:27:22.515818126,1746606442,515330015,hemisphere,0.0,0.0,0.05595220010495564,0.9984334486100789
2025/05/07 10:27:22.565460266,1746606442,564984782,hemisphere,0.0,0.0,0.056204874600590614,0.9984192566608138
2025/05/07 10:27:22.616101532,1746606442,615439888,hemisphere,0.0,0.0,0.0565359598677218,0.9984005635223948
2025/05/07 10:27:22.665638168,1746606442,665153387,hemisphere,0.0,0.0,0.056797338583587695,0.9983857282282341
2025/05/07 10:27:22.716396356,1746606442,715746755,hemisphere,0.0,0.0,0.05708485067413394,0.998369330370035
2025/05/07 10:27:22.765692648,1746606442,765237227,hemisphere,0.0,0.0,0.05734622119436958,0.9983543513776691
2025/05/07 10:27:22.815543216,1746606442,815001952,hemisphere,0.0,0.0,0.05765114849907042,0.9983367894036251
2025/05/07 10:27:22.865908635,1746606442,865357944,hemisphere,0.0,0.0,0.057938646460842964,0.9983201456678541
2025/05/07 10:27:22.915564586,1746606442,915077473,hemisphere,0.0,0.0,0.05820871592717701,0.9983044352251017
2025/05/07 10:27:22.965928945,1746606442,965445494,hemisphere,0.0,0.0,0.0585310513249331,0.9982855884118522
2025/05/07 10:27:23.17057144,1746606443,15967212,hemisphere,0.0,0.0,0.05882724604089412,0.9982681779578292
2025/05/07 10:27:23.65560107,1746606443,64921092,hemisphere,0.0,0.0,0.05916699242453587,0.9982480989250293
2025/05/07 10:27:23.116182771,1746606443,115327874,hemisphere,0.0,0.0,0.05948930958214198,0.9982289427007415
2025/05/07 10:27:23.165485876,1746606443,164986831,hemisphere,0.0,0.0,0.05981162053767159,0.9982096824057847
2025/05/07 10:27:23.216216355,1746606443,215455483,hemisphere,0.0,0.0,0.06013392525752211,0.9981903180421672
2025/05/07 10:27:23.265502558,1746606443,265051530,hemisphere,0.0,0.0,0.06049106640689876,0.9981687386834734
2025/05/07 10:27:23.316093796,1746606443,315530816,hemisphere,0.0,0.0,0.060795936872739285,0.9981502161797922
2025/05/07 10:27:23.365825399,1746606443,365271716,hemisphere,0.0,0.0,0.06117919455104257,0.9981267986353667
2025/05/07 10:27:23.417159829,1746606443,416651477,hemisphere,0.0,0.0,0.06152760279648899,0.9981053822588662
2025/05/07 10:27:23.467492593,1746606443,466116081,hemisphere,0.0,0.0,0.06187600354498364,0.9980838442662526
2025/05/07 10:27:23.516985201,1746606443,516360662,hemisphere,0.0,0.0,0.06224181621585871,0.9980610984875381
2025/05/07 10:27:23.568213143,1746606443,567489201,hemisphere,0.0,0.0,0.06259891099652795,0.9980387649495629
2025/05/07 10:27:23.616580366,1746606443,615868675,hemisphere,0.0,0.0,0.06292986973626569,0.998017951489339
2025/05/07 10:27:23.665234154,1746606443,664822195,hemisphere,0.0,0.0,0.0632608215558015,0.9979970282801873
2025/05/07 10:27:23.715865298,1746606443,715283366,hemisphere,0.0,0.0,0.06363531127562869,0.997973219660154
2025/05/07 10:27:23.765741122,1746606443,765035619,hemisphere,0.0,0.0,0.06398366576226541,0.9979509459465544
2025/05/07 10:27:23.815937431,1746606443,815436164,hemisphere,0.0,0.0,0.06437555523870384,0.9979257426721232
2025/05/07 10:27:23.865560414,1746606443,865110837,hemisphere,0.0,0.0,0.06472389310764745,0.9979032105675328
2025/05/07 10:27:23.916626570,1746606443,916046433,hemisphere,0.0,0.0,0.06507222309018106,0.9978805568714634
2025/05/07 10:27:23.965981429,1746606443,965361134,hemisphere,0.0,0.0,0.06542925309324815,0.9978572106467236
2025/05/07 10:27:24.16407867,1746606444,15546115,hemisphere,0.0,0.0,0.06576885922624723,0.9978348847159424
2025/05/07 10:27:24.68291484,1746606444,66804849,hemisphere,0.0,0.0,0.06612587284357005,0.997811289242949
2025/05/07 10:27:24.115919352,1746606444,115056285,hemisphere,0.0,0.0,0.06646546330737041,0.9977887262278206
2025/05/07 10:27:24.169347835,1746606444,166960631,hemisphere,0.0,0.0,0.06683116750357193,0.9977642983441077
2025/05/07 10:27:24.215544493,1746606444,215076491,hemisphere,0.0,0.0,0.0671794488682106,0.997740909078987
2025/05/07 10:27:24.265495603,1746606444,264926881,hemisphere,0.0,0.0,0.06751901531786418,0.997717987494716
2025/05/07 10:27:24.316432351,1746606444,315272334,hemisphere,0.0,0.0,0.06791951953643992,0.9976908032381271
2025/05/07 10:27:24.365650905,1746606444,364988145,hemisphere,0.0,0.0,0.06825036259516122,0.9976682254164604
2025/05/07 10:27:24.416729554,1746606444,416161409,hemisphere,0.0,0.0,0.06861602250562124,0.9976431433410987
2025/05/07 10:27:24.465531216,1746606444,465064981,hemisphere,0.0,0.0,0.06895555559856231,0.9976197328401707
2025/05/07 10:27:24.516320545,1746606444,515572627,hemisphere,0.0,0.0,0.06932990333893162,0.9975937873217808
2025/05/07 10:27:24.565532144,1746606444,565163074,hemisphere,0.0,0.0,0.0696781250317648,0.9975695258437167
2025/05/07 10:27:24.615447727,1746606444,614910654,hemisphere,0.0,0.0,0.07005245388129828,0.9975433091877308
2025/05/07 10:27:24.665773570,1746606444,665295566,hemisphere,0.0,0.0,0.07043547784168494,0.9975163374407526
2025/05/07 10:27:24.715485428,1746606444,715041913,hemisphere,0.0,0.0,0.07078367243205466,0.997491690049111
2025/05/07 10:27:24.766001470,1746606444,765450177,hemisphere,0.0,0.0,0.07115797199619889,0.997465058546608
2025/05/07 10:27:24.815629384,1746606444,815127408,hemisphere,0.0,0.0,0.0714887400170857,0.9974414068258695
2025/05/07 10:27:24.866971157,1746606444,865776226,hemisphere,0.0,0.0,0.07188913288922219,0.9974126290419807
2025/05/07 10:27:24.915781187,1746606444,915254003,hemisphere,0.0,0.0,0.0721937718828606,0.9973906252323237
2025/05/07 10:27:24.965537222,1746606444,964991181,hemisphere,0.0,0.0,0.07254192248427085,0.9973653640879485
2025/05/07 10:27:25.17755371,1746606445,16168219,hemisphere,0.0,0.0,0.07287265736912946,0.9973412534373385
2025/05/07 10:27:25.65621459,1746606445,65083810,hemisphere,0.0,0.0,0.07324690033549555,0.9973138380626442
2025/05/07 10:27:25.115978552,1746606445,115496944,hemisphere,0.0,0.0,0.07359502406896742,0.9972882093117758
2025/05/07 10:27:25.165610330,1746606445,165157587,hemisphere,0.0,0.0,0.07397794981688675,0.9972598773343337
2025/05/07 10:27:25.215800150,1746606445,214987880,hemisphere,0.0,0.0,0.07431735215884451,0.9972346419815641
2025/05/07 10:27:25.267113573,1746606445,266552783,hemisphere,0.0,0.0,0.07465674589256598,0.9972092911183353
2025/05/07 10:27:25.316077869,1746606445,315111716,hemisphere,0.0,0.0,0.0749874289053886,0.9971844791743197
2025/05/07 10:27:25.366698286,1746606445,365988894,hemisphere,0.0,0.0,0.07535291106107832,0.997156927867736
2025/05/07 10:27:25.417645303,1746606445,416932069,hemisphere,0.0,0.0,0.0757444878507141,0.9971272599624549
2025/05/07 10:27:25.470186111,1746606445,466401152,hemisphere,0.0,0.0,0.07610124764669766,0.9971000953297599
2025/05/07 10:27:25.515756186,1746606445,515254059,hemisphere,0.0,0.0,0.07641449211953709,0.9970761382131824
2025/05/07 10:27:25.566074639,1746606445,565627287,hemisphere,0.0,0.0,0.0767886353531722,0.9970473937986085
2025/05/07 10:27:25.616482459,1746606445,616044485,hemisphere,0.0,0.0,0.07714536650680873,0.9970198555828917
2025/05/07 10:27:25.666316005,1746606445,665814419,hemisphere,0.0,0.0,0.07751078817985751,0.996991513361943
2025/05/07 10:27:25.716753574,1746606445,716207579,hemisphere,0.0,0.0,0.07788489958118988,0.9969623575728565
2025/05/07 10:27:25.765685584,1746606445,765211746,hemisphere,0.0,0.0,0.0782329003422651,0.9969351098762834
2025/05/07 10:27:25.815309728,1746606445,814854387,hemisphere,0.0,0.0,0.07858959122911342,0.9969070549205883
2025/05/07 10:27:25.873840365,1746606445,865295990,hemisphere,0.0,0.0,0.0789723702560699,0.9968768051951747
2025/05/07 10:27:25.915480608,1746606445,915011222,hemisphere,0.0,0.0,0.07936383676270918,0.9968457159532272
2025/05/07 10:27:25.965911239,1746606445,965434174,hemisphere,0.0,0.0,0.07972919446124106,0.9968165606321765
2025/05/07 10:27:26.15691334,1746606446,15162817,hemisphere,0.0,0.0,0.0801641301333192,0.9967816773195464
2025/05/07 10:27:26.65253749,1746606446,64791264,hemisphere,0.0,0.0,0.08051206768623077,0.9967536340324463
2025/05/07 10:27:26.115824808,1746606446,115266057,hemisphere,0.0,0.0,0.08089478766207663,0.9967226461403932
2025/05/07 10:27:26.165697840,1746606446,165144055,hemisphere,0.0,0.0,0.08127749571121327,0.996691511296707
2025/05/07 10:27:26.216060868,1746606446,215437748,hemisphere,0.0,0.0,0.08167758676730634,0.9966588041149635
2025/05/07 10:27:26.265446116,1746606446,265008646,hemisphere,0.0,0.0,0.08210375623952866,0.996623787199242
2025/05/07 10:27:26.315887634,1746606446,315434183,hemisphere,0.0,0.0,0.0824864262404358,0.9965921881522457
2025/05/07 10:27:26.365530926,1746606446,365170165,hemisphere,0.0,0.0,0.08286908407997076,0.9965604421728502
2025/05/07 10:27:26.415255008,1746606446,414850159,hemisphere,0.0,0.0,0.08326912239331043,0.9965270960971648
2025/05/07 10:27:26.465756425,1746606446,465257565,hemisphere,0.0,0.0,0.08367784333231548,0.9964928592495044
2025/05/07 10:27:26.515500781,1746606446,514987790,hemisphere,0.0,0.0,0.0840691587009168,0.996459922202253
2025/05/07 10:27:26.565903162,1746606446,565404020,hemisphere,0.0,0.0,0.08442567919561884,0.9964297791075689
2025/05/07 10:27:26.615666646,1746606446,615096142,hemisphere,0.0,0.0,0.08482566493202691,0.9963958081851005
2025/05/07 10:27:26.665955144,1746606446,665502404,hemisphere,0.0,0.0,0.08520824719462682,0.9963631640170262
2025/05/07 10:27:26.715653289,1746606446,715213882,hemisphere,0.0,0.0,0.08559081689456337,0.9963303729503188
2025/05/07 10:27:26.765537422,1746606446,764978943,hemisphere,0.0,0.0,0.0859820683074436,0.9962966846926543
2025/05/07 10:27:26.815975858,1746606446,815363370,hemisphere,0.0,0.0,0.0863472243309786,0.9962651036999819
2025/05/07 10:27:26.865403346,1746606446,865009140,hemisphere,0.0,0.0,0.08674714380762168,0.9962303614331476
2025/05/07 10:27:26.916335171,1746606446,915583545,hemisphere,0.0,0.0,0.08710358199579296,0.9961992601902002
2025/05/07 10:27:26.965675967,1746606446,965233253,hemisphere,0.0,0.0,0.08746000903335834,0.9961680314183371
2025/05/07 10:27:27.15435481,1746606447,14938730,hemisphere,0.0,0.0,0.0878598894530326,0.9961328424589267
2025/05/07 10:27:27.65749267,1746606447,65361481,hemisphere,0.0,0.0,0.08823367791310652,0.9960998032737112
2025/05/07 10:27:27.115591051,1746606447,115080954,hemisphere,0.0,0.0,0.08859876162459782,0.9960673970362587
2025/05/07 10:27:27.165997289,1746606447,165499934,hemisphere,0.0,0.0,0.08892906520442993,0.9960379618076142
2025/05/07 10:27:27.215660961,1746606447,215161522,hemisphere,0.0,0.0,0.08925935900500956,0.9960084170477752
2025/05/07 10:27:27.266149669,1746606447,265606274,hemisphere,0.0,0.0,0.0895722598676808,0.9959803262425402
2025/05/07 10:27:27.316082448,1746606447,315311171,hemisphere,0.0,0.0,0.08993729969864395,0.9959474293972129
2025/05/07 10:27:27.365500221,1746606447,365055430,hemisphere,0.0,0.0,0.09025887239850114,0.9959183379943113
2025/05/07 10:27:27.415990155,1746606447,415458863,hemisphere,0.0,0.0,0.09054567254416172,0.9958923040085838
2025/05/07 10:27:27.465662074,1746606447,465178122,hemisphere,0.0,0.0,0.09088460848778515,0.9958614300895593
2025/05/07 10:27:27.516713739,1746606447,516219360,hemisphere,0.0,0.0,0.0912235339041741,0.9958304408191356
2025/05/07 10:27:27.566541303,1746606447,565991678,hemisphere,0.0,0.0,0.09152768874408296,0.9958025317266302
2025/05/07 10:27:27.615934154,1746606447,615026779,hemisphere,0.0,0.0,0.09185790433021138,0.9957721252435529
2025/05/07 10:27:27.666475254,1746606447,666023619,hemisphere,0.0,0.0,0.09218810981501196,0.9957416092585141
2025/05/07 10:27:27.715456449,1746606447,715064231,hemisphere,0.0,0.0,0.0924922374778728,0.99571340555721
2025/05/07 10:27:27.765895680,1746606447,765414794,hemisphere,0.0,0.0,0.09281373448154746,0.9956834892131078
2025/05/07 10:27:27.815860901,1746606447,815233380,hemisphere,0.0,0.0,0.09310046688967508,0.9956567194896665
2025/05/07 10:27:27.866690537,1746606447,866297082,hemisphere,0.0,0.0,0.09336981454324969,0.9956314969566598
2025/05/07 10:27:27.915877901,1746606447,915319857,hemisphere,0.0,0.0,0.0936825967901411,0.9956021148323541
2025/05/07 10:27:27.965524024,1746606447,964996744,hemisphere,0.0,0.0,0.09392586548027097,0.9955791941346415
2025/05/07 10:27:28.16144719,1746606448,15463161,hemisphere,0.0,0.0,0.09420387997282341,0.9955529262666379
2025/05/07 10:27:28.65600484,1746606448,65108157,hemisphere,0.0,0.0,0.0944818871191633,0.9955265807633675
2025/05/07 10:27:28.116041260,1746606448,115547115,hemisphere,0.0,0.0,0.0947511995162757,0.9955009845249914
2025/05/07 10:27:28.166480444,1746606448,165972022,hemisphere,0.0,0.0,0.0950031306427364,0.995476973700587
2025/05/07 10:27:28.216132684,1746606448,215701172,hemisphere,0.0,0.0,0.09527242960077355,0.9954512364540845
2025/05/07 10:27:28.265944544,1746606448,265385280,hemisphere,0.0,0.0,0.0955156613769007,0.9954279272914405
2025/05/07 10:27:28.315694209,1746606448,315029446,hemisphere,0.0,0.0,0.09579363356579448,0.9954012154745755
2025/05/07 10:27:28.365919808,1746606448,365448770,hemisphere,0.0,0.0,0.09603685310393151,0.9953777789592723
2025/05/07 10:27:28.415772567,1746606448,415187807,hemisphere,0.0,0.0,0.09628875300925188,0.9953534427749388
2025/05/07 10:27:28.466011308,1746606448,465530853,hemisphere,0.0,0.0,0.09654064674768088,0.9953290428423857
2025/05/07 10:27:28.515975195,1746606448,515324593,hemisphere,0.0,0.0,0.09678384862841699,0.9953054237994846
2025/05/07 10:27:28.565498059,1746606448,565018956,hemisphere,0.0,0.0,0.09704441565933415,0.9952800517388753
2025/05/07 10:27:28.616188447,1746606448,615446561,hemisphere,0.0,0.0,0.0973397169193747,0.9952512142720832
2025/05/07 10:27:28.665611120,1746606448,665101704,hemisphere,0.0,0.0,0.09759158475290156,0.9952265483724885
2025/05/07 10:27:28.716088592,1746606448,715540583,hemisphere,0.0,0.0,0.09786950062525082,0.9951992568563162
2025/05/07 10:27:28.765661607,1746606448,765220373,hemisphere,0.0,0.0,0.09812135529280695,0.995174456884572
2025/05/07 10:27:28.816176736,1746606448,815652545,hemisphere,0.0,0.0,0.09839057229806802,0.9951478760882017
2025/05/07 10:27:28.867280159,1746606448,865868492,hemisphere,0.0,0.0,0.09870320236322075,0.9951169166702198
2025/05/07 10:27:28.915743305,1746606448,915067018,hemisphere,0.0,0.0,0.09897240378106498,0.9950901784711765
2025/05/07 10:27:28.965832348,1746606448,965452057,hemisphere,0.0,0.0,0.09927633215926708,0.9950599026556155
2025/05/07 10:27:29.15641985,1746606449,15152658,hemisphere,0.0,0.0,0.09951946819498304,0.9950356151667074
2025/05/07 10:27:29.66079011,1746606449,65568253,hemisphere,0.0,0.0,0.09981469682028878,0.995006043347815
2025/05/07 10:27:29.115897064,1746606449,115287798,hemisphere,0.0,0.0,0.10007518536972233,0.9949798778232732
2025/05/07 10:27:29.165479993,1746606449,164980843,hemisphere,0.0,0.0,0.10037039743296448,0.9949501411222317
2025/05/07 10:27:29.215858594,1746606449,215378494,hemisphere,0.0,0.0,0.10066560066015554,0.994920316831318
2025/05/07 10:27:29.265832116,1746606449,265155327,hemisphere,0.0,0.0,0.10091738464605633,0.9948948092518123
2025/05/07 10:27:29.316018825,1746606449,315555378,hemisphere,0.0,0.0,0.10119520774969182,0.9948665890100525
2025/05/07 10:27:29.365626946,1746606449,365176275,hemisphere,0.0,0.0,0.1014817045599058,0.9948374056294909
2025/05/07 10:27:29.416971449,1746606449,416377375,hemisphere,0.0,0.0,0.10173346753710764,0.9948116915189911
2025/05/07 10:27:29.465681570,1746606449,465301482,hemisphere,0.0,0.0,0.10197654285005052,0.9947868036460635
2025/05/07 10:27:29.515540343,1746606449,515047491,hemisphere,0.0,0.0,0.10224565484395001,0.9947591799352906
2025/05/07 10:27:29.566661878,1746606449,566138157,hemisphere,0.0,0.0,0.1024626751958911,0.994736849720418
2025/05/07 10:27:29.615565826,1746606449,615098148,hemisphere,0.0,0.0,0.10271441269372011,0.9947108873562128
2025/05/07 10:27:29.666733788,1746606449,666305327,hemisphere,0.0,0.0,0.10296614361312113,0.9946848612849409
2025/05/07 10:27:29.716022018,1746606449,715398822,hemisphere,0.0,0.0,0.10316578758501685,0.9946641746197372
2025/05/07 10:27:29.765634102,1746606449,765014201,hemisphere,0.0,0.0,0.10340882681002342,0.9946389367694061
2025/05/07 10:27:29.816078815,1746606449,815448156,hemisphere,0.0,0.0,0.10361714123227304,0.9946172570606501
2025/05/07 10:27:29.865455839,1746606449,865049397,hemisphere,0.0,0.0,0.10383413058880733,0.9945946276372433
2025/05/07 10:27:29.916202955,1746606449,915520870,hemisphere,0.0,0.0,0.10401639782943736,0.9945755823378072
2025/05/07 10:27:29.965665609,1746606449,965186924,hemisphere,0.0,0.0,0.10424205719153377,0.9945519561654268
2025/05/07 10:27:30.16018391,1746606450,15592747,hemisphere,0.0,0.0,0.10439827976081162,0.9945355695916478
2025/05/07 10:27:30.65686962,1746606450,65325574,hemisphere,0.0,0.0,0.10458921495803912,0.9945155082322553
2025/05/07 10:27:30.116310750,1746606450,115032402,hemisphere,0.0,0.0,0.10479750350358778,0.9944935813062926
2025/05/07 10:27:30.166564982,1746606450,166150596,hemisphere,0.0,0.0,0.10497107378038673,0.994475275544542
2025/05/07 10:27:30.215587221,1746606450,215090350,hemisphere,0.0,0.0,0.10514464085958396,0.9944569394893421
2025/05/07 10:27:30.266226390,1746606450,265600441,hemisphere,0.0,0.0,0.1052834922171155,0.9944422488342742
2025/05/07 10:27:30.315883377,1746606450,315298017,hemisphere,0.0,0.0,0.10545705352730597,0.9944238582522741
2025/05/07 10:27:30.365312621,1746606450,364875455,hemisphere,0.0,0.0,0.10562193379657794,0.9944063591415088
2025/05/07 10:27:30.415838754,1746606450,415366466,hemisphere,0.0,0.0,0.10576945578683412,0.994390678869506
2025/05/07 10:27:30.465472652,1746606450,465079099,hemisphere,0.0,0.0,0.10592565300389015,0.9943740523745074
2025/05/07 10:27:30.515935624,1746606450,515473024,hemisphere,0.0,0.0,0.10608184760733547,0.9943574013443125
2025/05/07 10:27:30.565527201,1746606450,565146636,hemisphere,0.0,0.0,0.1062033304894962,0.9943444335807079
2025/05/07 10:27:30.616169396,1746606450,615590424,hemisphere,0.0,0.0,0.10635952043700658,0.9943277389334012
2025/05/07 10:27:30.665729804,1746606450,665271088,hemisphere,0.0,0.0,0.10648967672207629,0.9943138079860039
2025/05/07 10:27:30.715375761,1746606450,714963482,hemisphere,0.0,0.0,0.10661115427525991,0.9943007903969989
2025/05/07 10:27:30.765908814,1746606450,765428965,hemisphere,0.0,0.0,0.10670659980793153,0.9942905518797964
2025/05/07 10:27:30.815642400,1746606450,815094733,hemisphere,0.0,0.0,0.10685410460589863,0.9942747106956265
2025/05/07 10:27:30.865855421,1746606450,865525893,hemisphere,0.0,0.0,0.10694954763397928,0.9942644488569866
2025/05/07 10:27:30.915747872,1746606450,915271544,hemisphere,0.0,0.0,0.10703631316797585,0.9942551119624213
2025/05/07 10:27:30.966231659,1746606450,965651625,hemisphere,0.0,0.0,0.10714043073274447,0.9942438976943243
2025/05/07 10:27:31.16062590,1746606451,15414003,hemisphere,0.0,0.0,0.10718381270469714,0.9942392218646801
2025/05/07 10:27:31.65363285,1746606451,65037317,hemisphere,0.0,0.0,0.10728792860464986,0.9942279921505548
2025/05/07 10:27:31.115959637,1746606451,115442681,hemisphere,0.0,0.0,0.10737469095591018,0.9942186257268181
2025/05/07 10:27:31.165616808,1746606451,165156798,hemisphere,0.0,0.0,0.10745277637292551,0.9942101894718994
2025/05/07 10:27:31.216036315,1746606451,215587943,hemisphere,0.0,0.0,0.10757424125953177,0.9941970542188485
2025/05/07 10:27:31.265698709,1746606451,265276564,hemisphere,0.0,0.0,0.10764364904536249,0.9941895416972555
2025/05/07 10:27:31.315688749,1746606451,315032356,hemisphere,0.0,0.0,0.10772173217729394,0.9941810843185076
2025/05/07 10:27:31.365738418,1746606451,365382013,hemisphere,0.0,0.0,0.1078171662138901,0.9941707391940312
2025/05/07 10:27:31.415641153,1746606451,415103117,hemisphere,0.0,0.0,0.10787789644722977,0.9941641511632376
2025/05/07 10:27:31.466643771,1746606451,466233985,hemisphere,0.0,0.0,0.10796465322506654,0.9941547332553374
2025/05/07 10:27:31.516434171,1746606451,515944440,hemisphere,0.0,0.0,0.10800803130570202,0.9941500214622874
2025/05/07 10:27:31.566574439,1746606451,565154396,hemisphere,0.0,0.0,0.10805140918070548,0.9941453077765161
2025/05/07 10:27:31.616493982,1746606451,616041027,hemisphere,0.0,0.0,0.10812948883725526,0.9941368183724985
2025/05/07 10:27:31.666142359,1746606451,665729220,hemisphere,0.0,0.0,0.1081988924164775,0.9941292670874586
2025/05/07 10:27:31.718333203,1746606451,715982728,hemisphere,0.0,0.0,0.1082596201157181,0.9941226557384156
2025/05/07 10:27:31.765657568,1746606451,765148973,hemisphere,0.0,0.0,0.10830299679642709,0.9941179310750375
2025/05/07 10:27:31.817166941,1746606451,816027781,hemisphere,0.0,0.0,0.10837239905664436,0.9941103676769031
2025/05/07 10:27:31.867378887,1746606451,866676861,hemisphere,0.0,0.0,0.10845915113910362,0.9941009066157143
2025/05/07 10:27:31.916192668,1746606451,915655997,hemisphere,0.0,0.0,0.10855457747579533,0.9940904907044689
2025/05/07 10:27:31.965875090,1746606451,965385412,hemisphere,0.0,0.0,0.1085719276113862,0.9940885959182653
2025/05/07 10:27:32.15619995,1746606452,15100253,hemisphere,0.0,0.0,0.10859795275275916,0.9940857531711786
2025/05/07 10:27:32.66796201,1746606452,66253620,hemisphere,0.0,0.0,0.10862397781970026,0.9940829097427565
2025/05/07 10:27:32.115722517,1746606452,115221252,hemisphere,0.0,0.0,0.10868470268633872,0.9940762724268104
2025/05/07 10:27:32.166852175,1746606452,166316875,hemisphere,0.0,0.0,0.10868470268633872,0.9940762724268104
2025/05/07 10:27:32.215753650,1746606452,215324254,hemisphere,0.0,0.0,0.10863265282547047,0.9940819617818748
2025/05/07 10:27:32.265398636,1746606452,265015141,hemisphere,0.0,0.0,0.10865000281219167,0.9940800656330007
2025/05/07 10:27:32.315872233,1746606452,315450645,hemisphere,0.0,0.0,0.10863265282547047,0.9940819617818748
2025/05/07 10:27:32.365497699,1746606452,365109734,hemisphere,0.0,0.0,0.10856325254772455,0.9940895433492191
2025/05/07 10:27:32.416488367,1746606452,415741391,hemisphere,0.0,0.0,0.10851987710541604,0.9940942793684237
2025/05/07 10:27:32.465746325,1746606452,465260541,hemisphere,0.0,0.0,0.10847650145650096,0.9940990134950128
2025/05/07 10:27:32.515463426,1746606452,514943903,hemisphere,0.0,0.0,0.10832902270588483,0.9941150953685333
2025/05/07 10:27:32.565836870,1746606452,565378063,hemisphere,0.0,0.0,0.10825094475484034,0.9941236004439712
2025/05/07 10:27:32.615445771,1746606452,615009942,hemisphere,0.0,0.0,0.10815551524124074,0.9941339872084154
2025/05/07 10:27:32.665875908,1746606452,665512333,hemisphere,0.0,0.0,0.10806876027311135,0.9941434217722475
2025/05/07 10:27:32.715641153,1746606452,715204567,hemisphere,0.0,0.0,0.10792995061255858,0.9941585013270121
2025/05/07 10:27:32.766147356,1746606452,765619649,hemisphere,0.0,0.0,0.10780849043342189,0.9941716800384462
2025/05/07 10:27:32.815833771,1746606452,815345626,hemisphere,0.0,0.0,0.1076696768298079,0.9941867232524104
2025/05/07 10:27:32.865571858,1746606452,865034460,hemisphere,0.0,0.0,0.10748748078998081,0.9942064380567165
2025/05/07 10:27:32.915919001,1746606452,915451346,hemisphere,0.0,0.0,0.10733998611349366,0.9942223732048857
2025/05/07 10:27:32.965506472,1746606452,965131053,hemisphere,0.0,0.0,0.107175136326629,0.9942401571820405
2025/05/07 10:27:33.16000240,1746606453,15562476,hemisphere,0.0,0.0,0.10700160705215561,0.9942588476288537
2025/05/07 10:27:33.65867388,1746606453,65265101,hemisphere,0.0,0.0,0.10680204435733627,0.9942803042005276
2025/05/07 10:27:33.115560193,1746606453,115013854,hemisphere,0.0,0.0,0.10663718497254329,0.9942979989827655
2025/05/07 10:27:33.165766275,1746606453,165330786,hemisphere,0.0,0.0,0.10642893734931166,0.994320311215001
2025/05/07 10:27:33.215494869,1746606453,215067660,hemisphere,0.0,0.0,0.10625539409668579,0.9943388714243038
2025/05/07 10:27:33.265816521,1746606453,265455324,hemisphere,0.0,0.0,0.10606449278058411,0.9943592526703804
2025/05/07 10:27:33.315873923,1746606453,315222211,hemisphere,0.0,0.0,0.10585623234097082,0.9943814449569011
2025/05/07 10:27:33.366156724,1746606453,365620823,hemisphere,0.0,0.0,0.10562193379657794,0.9944063591415088
2025/05/07 10:27:33.415748060,1746606453,415331280,hemisphere,0.0,0.0,0.10541366350071488,0.9944284587376601
2025/05/07 10:27:33.465527721,1746606453,464994465,hemisphere,0.0,0.0,0.10515331912951192,0.9944560218913892
2025/05/07 10:27:33.516477122,1746606453,516095436,hemisphere,0.0,0.0,0.10494503844258479,0.9944780233400256
2025/05/07 10:27:33.565667808,1746606453,565175437,hemisphere,0.0,0.0,0.10468468111145898,0.9945054638063041
2025/05/07 10:27:33.616584126,1746606453,616174403,hemisphere,0.0,0.0,0.10444167446196198,0.9945310134106334
2025/05/07 10:27:33.666432047,1746606453,665973095,hemisphere,0.0,0.0,0.1041813032753183,0.9945583220947156
2025/05/07 10:27:33.716092553,1746606453,715627441,hemisphere,0.0,0.0,0.10392960434062376,0.9945846556938235
2025/05/07 10:27:33.765802161,1746606453,765369560,hemisphere,0.0,0.0,0.10367789874967331,0.9946109255939493
2025/05/07 10:27:33.815704526,1746606453,815059375,hemisphere,0.0,0.0,0.10342618651858765,0.9946371317934106
2025/05/07 10:27:33.866652008,1746606453,866236143,hemisphere,0.0,0.0,0.10320050785175511,0.9946605728484165
2025/05/07 10:27:33.915562382,1746606453,915143305,hemisphere,0.0,0.0,0.10299218436660597,0.9946821652967319
2025/05/07 10:27:33.966043752,1746606453,965614553,hemisphere,0.0,0.0,0.10270573219976423,0.9947117836706824
2025/05/07 10:27:34.15934061,1746606454,15371567,hemisphere,0.0,0.0,0.10244531374706747,0.9947386378799533
2025/05/07 10:27:34.65441107,1746606454,64984105,hemisphere,0.0,0.0,0.10219356923495475,0.9947645321416625
2025/05/07 10:27:34.115992296,1746606454,115465112,hemisphere,0.0,0.0,0.10190709338128023,0.9947939205275528
2025/05/07 10:27:34.166240429,1746606454,165534119,hemisphere,0.0,0.0,0.1017074233930656,0.9948143545540262
2025/05/07 10:27:34.216198179,1746606454,215666219,hemisphere,0.0,0.0,0.10149906773269858,0.9948356342880934
2025/05/07 10:27:34.265710852,1746606454,265251685,hemisphere,0.0,0.0,0.10125598050243294,0.9948604054903838
2025/05/07 10:27:34.316495593,1746606454,315886321,hemisphere,0.0,0.0,0.10097815912319229,0.9948886427033385
2025/05/07 10:27:34.365713518,1746606454,365320865,hemisphere,0.0,0.0,0.10076978791994635,0.9949097696990261
2025/05/07 10:27:34.416064104,1746606454,415125772,hemisphere,0.0,0.0,0.10055272988300619,0.9949317305790761
2025/05/07 10:27:34.465821905,1746606454,465468803,hemisphere,0.0,0.0,0.10031830182783542,0.9949553951400933
2025/05/07 10:27:34.515740077,1746606454,515205790,hemisphere,0.0,0.0,0.10011859946159181,0.9949755102724134
2025/05/07 10:27:34.566180538,1746606454,565578306,hemisphere,0.0,0.0,0.09991021008369712,0.9949964572404424
2025/05/07 10:27:34.615871236,1746606454,615322721,hemisphere,0.0,0.0,0.09972786578266449,0.9950147500346087
2025/05/07 10:27:34.665323915,1746606454,664943182,hemisphere,0.0,0.0,0.09951078486736409,0.9950364836000142
2025/05/07 10:27:34.716014043,1746606454,715406331,hemisphere,0.0,0.0,0.09927633215926708,0.9950599026556155
2025/05/07 10:27:34.765508335,1746606454,765077742,hemisphere,0.0,0.0,0.09904187393969312,0.9950832664689493
2025/05/07 10:27:34.816167012,1746606454,815608328,hemisphere,0.0,0.0,0.09879872627482501,0.9951074372581447
2025/05/07 10:27:34.865610813,1746606454,865190620,hemisphere,0.0,0.0,0.0985989934223812,0.9951272473890428
2025/05/07 10:27:34.916314118,1746606454,915804151,hemisphere,0.0,0.0,0.09841662517482008,0.9951452998880108
2025/05/07 10:27:34.965718252,1746606454,965336198,hemisphere,0.0,0.0,0.09816477787664953,0.9951701745854465
2025/05/07 10:27:35.16195868,1746606455,15113098,hemisphere,0.0,0.0,0.097973717110904,0.9951890025294052
2025/05/07 10:27:35.65803266,1746606455,65373938,hemisphere,0.0,0.0,0.0977565982213525,0.9952103533947931
2025/05/07 10:27:35.116744807,1746606455,115427221,hemisphere,0.0,0.0,0.09749604941301282,0.9952359119067475
2025/05/07 10:27:35.166639834,1746606455,166061742,hemisphere,0.0,0.0,0.09725286449597516,0.9952597049752027
2025/05/07 10:27:35.215787461,1746606455,215294082,hemisphere,0.0,0.0,0.09704441565933415,0.9952800517388753
2025/05/07 10:27:35.265511396,1746606455,264967520,hemisphere,0.0,0.0,0.0968099056303091,0.9953028896631672
2025/05/07 10:27:35.315846294,1746606455,315397038,hemisphere,0.0,0.0,0.09658407607811302,0.9953248295145346
2025/05/07 10:27:35.365633954,1746606455,365118004,hemisphere,0.0,0.0,0.09635824155373551,0.9953467181262377
2025/05/07 10:27:35.416739395,1746606455,416198472,hemisphere,0.0,0.0,0.09613240206880261,0.9953685554971495
2025/05/07 10:27:35.466313108,1746606455,465416744,hemisphere,0.0,0.0,0.0958718118989102,0.9953936887901289
2025/05/07 10:27:35.516759673,1746606455,516339497,hemisphere,0.0,0.0,0.09568939486920733,0.9954112415025084
2025/05/07 10:27:35.565618588,1746606455,565303941,hemisphere,0.0,0.0,0.09548091432912122,0.9954312608105469
2025/05/07 10:27:35.616518647,1746606455,615369200,hemisphere,0.0,0.0,0.09527242960077355,0.9954512364540845
2025/05/07 10:27:35.666665537,1746606455,666167371,hemisphere,0.0,0.0,0.09501181781452826,0.9954761446039674
2025/05/07 10:27:35.716868401,1746606455,715427103,hemisphere,0.0,0.0,0.09476857427173017,0.9954993306529661
2025/05/07 10:27:35.766182274,1746606455,765625838,hemisphere,0.0,0.0,0.0945687628424199,0.9955183318726252
2025/05/07 10:27:35.815808571,1746606455,815299012,hemisphere,0.0,0.0,0.09434288446562492,0.9955397632192828
2025/05/07 10:27:35.865420682,1746606455,864972714,hemisphere,0.0,0.0,0.09412568913836987,0.9955603219515264
2025/05/07 10:27:35.916221518,1746606455,915529906,hemisphere,0.0,0.0,0.09390848933106412,0.9955808332986114
2025/05/07 10:27:35.965797132,1746606455,965205099,hemisphere,0.0,0.0,0.0936565319556241,0.995604567095815
2025/05/07 10:27:36.16037105,1746606456,15513176,hemisphere,0.0,0.0,0.09341325707375059,0.9956274219821758
2025/05/07 10:27:36.65624959,1746606456,65194638,hemisphere,0.0,0.0,0.09320473130685229,0.9956469645722913
2025/05/07 10:27:36.116231530,1746606456,115640141,hemisphere,0.0,0.0,0.09298751261897632,0.9956672749954856
2025/05/07 10:27:36.165671552,1746606456,165302461,hemisphere,0.0,0.0,0.09275291146523432,0.9956891570237784
2025/05/07 10:27:36.215572337,1746606456,215052549,hemisphere,0.0,0.0,0.09251830516217305,0.9957109837748698
2025/05/07 10:27:36.265882709,1746606456,265449826,hemisphere,0.0,0.0,0.09230107252380955,0.995731144441588
2025/05/07 10:27:36.319496179,1746606456,317601888,hemisphere,0.0,0.0,0.09204038755965213,0.9957552746824238
2025/05/07 10:27:36.365989470,1746606456,365632553,hemisphere,0.0,0.0,0.09178838609767537,0.9957785357084095
2025/05/07 10:27:36.417634185,1746606456,415408294,hemisphere,0.0,0.0,0.09156244875407067,0.9957993362009026
2025/05/07 10:27:36.466146854,1746606456,465681010,hemisphere,0.0,0.0,0.0913278165236978,0.9958208824527701
2025/05/07 10:27:36.515903913,1746606456,515383084,hemisphere,0.0,0.0,0.0910671080995372,0.9958447578927085
2025/05/07 10:27:36.565658393,1746606456,565084395,hemisphere,0.0,0.0,0.09082377460528175,0.995866980056297
2025/05/07 10:27:36.616014455,1746606456,615532016,hemisphere,0.0,0.0,0.09055436334056399,0.9958915138106084
2025/05/07 10:27:36.665685452,1746606456,665178580,hemisphere,0.0,0.0,0.0902936364516632,0.9959151867585587
2025/05/07 10:27:36.716014172,1746606456,715594929,hemisphere,0.0,0.0,0.09002421216517653,0.9959395770949356
2025/05/07 10:27:36.765855477,1746606456,765302111,hemisphere,0.0,0.0,0.08972870698578612,0.995966243977505
2025/05/07 10:27:36.815671269,1746606456,815088251,hemisphere,0.0,0.0,0.08945057724764822,0.9959912621253575
2025/05/07 10:27:36.865842870,1746606456,865424240,hemisphere,0.0,0.0,0.08917244053397012,0.9960162026037607
2025/05/07 10:27:36.915666491,1746606456,915149783,hemisphere,0.0,0.0,0.08888560476501853,0.9960418411219264
2025/05/07 10:27:36.965990298,1746606456,965563170,hemisphere,0.0,0.0,0.0886335308819134,0.9960643037492133
2025/05/07 10:27:37.15735422,1746606457,15238814,hemisphere,0.0,0.0,0.08833798875659417,0.9960905580028555
2025/05/07 10:27:37.66022746,1746606457,65620891,hemisphere,0.0,0.0,0.0880424388544901,0.9961167245662295
2025/05/07 10:27:37.116682068,1746606457,115451130,hemisphere,0.0,0.0,0.08772080221394238,0.9961451003036368
2025/05/07 10:27:37.165498416,1746606457,165047530,hemisphere,0.0,0.0,0.08739046317207465,0.9961741348512169
2025/05/07 10:27:37.215831937,1746606457,215362119,hemisphere,0.0,0.0,0.08711227547102432,0.9961985000301197
2025/05/07 10:27:37.265521944,1746606457,265054448,hemisphere,0.0,0.0,0.08676453129432381,0.996228847258137
2025/05/07 10:27:37.317723110,1746606457,316100860,hemisphere,0.0,0.0,0.08643416453349384,0.9962575646896725
2025/05/07 10:27:37.368235106,1746606457,366152702,hemisphere,0.0,0.0,0.08609509402748766,0.9962869239252305
2025/05/07 10:27:37.416811951,1746606457,415185842,hemisphere,0.0,0.0,0.08575601354902025,0.9963161677601043
2025/05/07 10:27:37.467206917,1746606457,465777362,hemisphere,0.0,0.0,0.08545170209713202,0.9963423139708074
2025/05/07 10:27:37.517938224,1746606457,515120068,hemisphere,0.0,0.0,0.08515607762457597,0.9963676241446212
2025/05/07 10:27:37.568102371,1746606457,566612655,hemisphere,0.0,0.0,0.0847908841053434,0.9963987685523473
2025/05/07 10:27:37.618390515,1746606457,616445479,hemisphere,0.0,0.0,0.08447785202109713,0.9964253572234609
2025/05/07 10:27:37.666772406,1746606457,666320457,hemisphere,0.0,0.0,0.08414742022082562,0.9964533163526427
2025/05/07 10:27:37.716844917,1746606457,715564359,hemisphere,0.0,0.0,0.0837995872770799,0.9964826286354375
2025/05/07 10:27:37.765609175,1746606457,765002580,hemisphere,0.0,0.0,0.08346044032557358,0.9965110912080515
2025/05/07 10:27:37.815928067,1746606457,815359029,hemisphere,0.0,0.0,0.08313867658844425,0.9965379874621549
2025/05/07 10:27:37.865415121,1746606457,865004021,hemisphere,0.0,0.0,0.08274733063543385,0.9965705591039253
2025/05/07 10:27:37.915953774,1746606457,915510391,hemisphere,0.0,0.0,0.08239945685154659,0.9965993826561254
2025/05/07 10:27:37.965539532,1746606457,965138169,hemisphere,0.0,0.0,0.08200808684569902,0.9966316640022573
2025/05/07 10:27:38.15321879,1746606458,14863347,hemisphere,0.0,0.0,0.08159930911604402,0.9966652159836744
2025/05/07 10:27:38.65804399,1746606458,65265370,hemisphere,0.0,0.0,0.08118181982014386,0.9966993087840935
2025/05/07 10:27:38.137016942,1746606458,117641594,hemisphere,0.0,0.0,0.08073822183758197,0.9967353407672999
2025/05/07 10:27:38.168388088,1746606458,166827314,hemisphere,0.0,0.0,0.08034679856920202,0.9967669697375009
2025/05/07 10:27:38.216514716,1746606458,215105210,hemisphere,0.0,0.0,0.07992926676067287,0.9968005378786176
2025/05/07 10:27:38.267485188,1746606458,265635644,hemisphere,0.0,0.0,0.07950302190765975,0.9968346249541847
2025/05/07 10:27:38.316703152,1746606458,315397671,hemisphere,0.0,0.0,0.07908546183380492,0.9968678396490348
2025/05/07 10:27:38.365534957,1746606458,364974873,hemisphere,0.0,0.0,0.07866788788364412,0.9969008794338213
2025/05/07 10:27:38.416645753,1746606458,416140263,hemisphere,0.0,0.0,0.0782329003422651,0.9969351098762834
2025/05/07 10:27:38.465628641,1746606458,465068542,hemisphere,0.0,0.0,0.07778919770637525,0.9969698293931459
2025/05/07 10:27:38.516121620,1746606458,515511589,hemisphere,0.0,0.0,0.07733677915495805,0.9970050263614207
2025/05/07 10:27:38.565601763,1746606458,565153423,hemisphere,0.0,0.0,0.0768756438597734,0.9970406889295669
2025/05/07 10:27:38.616022327,1746606458,615376070,hemisphere,0.0,0.0,0.07644929659598544,0.997073470236762
2025/05/07 10:27:38.666461484,1746606458,665738864,hemisphere,0.0,0.0,0.07599683115180401,0.99710805916655
2025/05/07 10:27:38.717785485,1746606458,715960794,hemisphere,0.0,0.0,0.07557045516046577,0.9971404646823034
2025/05/07 10:27:38.765917473,1746606458,765413389,hemisphere,0.0,0.0,0.07508315139801168,0.9971772763035384
2025/05/07 10:27:38.815843201,1746606458,815185124,hemisphere,0.0,0.0,0.07462193667616655,0.9972118965228495
2025/05/07 10:27:38.866880758,1746606458,865667395,hemisphere,0.0,0.0,0.0741258954833071,0.9972488915104383
2025/05/07 10:27:38.915816469,1746606458,915270391,hemisphere,0.0,0.0,0.07365594480157062,0.9972837117868656
2025/05/07 10:27:38.965294808,1746606458,964926153,hemisphere,0.0,0.0,0.07319468100466446,0.9973176718942793
2025/05/07 10:27:39.16520638,1746606459,15540754,hemisphere,0.0,0.0,0.07269858737371468,0.9973539569249558
2025/05/07 10:27:39.65394159,1746606459,64978165,hemisphere,0.0,0.0,0.0722546988743108,0.9973862133048474
2025/05/07 10:27:39.116005011,1746606459,115454930,hemisphere,0.0,0.0,0.07181079606287868,0.9974182721249976
2025/05/07 10:27:39.165616113,1746606459,165132341,hemisphere,0.0,0.0,0.07140169656176308,0.9974476415973432
2025/05/07 10:27:39.216061941,1746606459,215543972,hemisphere,0.0,0.0,0.0709403571864255,0.9974805590698309
2025/05/07 10:27:39.265688602,1746606459,265268254,hemisphere,0.0,0.0,0.07056605182109643,0.9975071089122034
2025/05/07 10:27:39.315436521,1746606459,314990185,hemisphere,0.0,0.0,0.0701743262644207,0.9975347432211745
2025/05/07 10:27:39.365868499,1746606459,365375750,hemisphere,0.0,0.0,0.06978258988598202,0.9975622236977526
2025/05/07 10:27:39.415714350,1746606459,415092698,hemisphere,0.0,0.0,0.0693995483546671,0.9975889447503757
2025/05/07 10:27:39.466652948,1746606459,466210405,hemisphere,0.0,0.0,0.06902520242654897,0.997614916403105
2025/05/07 10:27:39.515738480,1746606459,515227882,hemisphere,0.0,0.0,0.0686508467790334,0.9976407475822756
2025/05/07 10:27:39.565439951,1746606459,564912819,hemisphere,0.0,0.0,0.06832001281028682,0.9976634582110353
2025/05/07 10:27:39.616539506,1746606459,616047850,hemisphere,0.0,0.0,0.06799787777932867,0.9976854657744131
2025/05/07 10:27:39.666283279,1746606459,665767674,hemisphere,0.0,0.0,0.0676757356592306,0.9977073693237822
2025/05/07 10:27:39.716200457,1746606459,715518694,hemisphere,0.0,0.0,0.06738841376061594,0.9977268171653141
2025/05/07 10:27:39.765605078,1746606459,765206361,hemisphere,0.0,0.0,0.06712720718431052,0.9977444252190211
2025/05/07 10:27:39.816108280,1746606459,815563321,hemisphere,0.0,0.0,0.06683987463710955,0.9977637150941577
2025/05/07 10:27:39.865685756,1746606459,865249660,hemisphere,0.0,0.0,0.06657865841974721,0.9977811795393952
2025/05/07 10:27:39.915437023,1746606459,914972609,hemisphere,0.0,0.0,0.06632614507183822,0.9977979968309766
2025/05/07 10:27:39.965815974,1746606459,965388221,hemisphere,0.0,0.0,0.06604750472430294,0.9978164796793513
2025/05/07 10:27:40.15599198,1746606460,15087830,hemisphere,0.0,0.0,0.06583852108243413,0.9978302907517279
2025/05/07 10:27:40.66585181,1746606460,66194315,hemisphere,0.0,0.0,0.06558599532951749,0.9978469207331536
2025/05/07 10:27:40.115751596,1746606460,115227730,hemisphere,0.0,0.0,0.06536829734294244,0.997861205630565
2025/05/07 10:27:40.165205830,1746606460,164881392,hemisphere,0.0,0.0,0.06511576378137067,0.9978777166101911
2025/05/07 10:27:40.216341573,1746606460,215874880,hemisphere,0.0,0.0,0.06491547557669791,0.9978907660814641
2025/05/07 10:27:40.265443390,1746606460,265029818,hemisphere,0.0,0.0,0.06468035130444713,0.9979060337301972
2025/05/07 10:27:40.316796846,1746606460,316084889,hemisphere,0.0,0.0,0.06441909790215912,0.9979229328086774
2025/05/07 10:27:40.365739049,1746606460,365156752,hemisphere,0.0,0.0,0.06421009200051417,0.9979364028259945
2025/05/07 10:27:40.416165433,1746606460,415600305,hemisphere,0.0,0.0,0.06399237452471906,0.9979503875457377
2025/05/07 10:27:40.465828312,1746606460,465269272,hemisphere,0.0,0.0,0.06379207175668304,0.9979632115368734
2025/05/07 10:27:40.515378273,1746606460,514947748,hemisphere,0.0,0.0,0.06355693044605787,0.9979782144878089
2025/05/07 10:27:40.565795450,1746606460,565348791,hemisphere,0.0,0.0,0.06333920386391739,0.9979920567088123
2025/05/07 10:27:40.615528655,1746606460,615049313,hemisphere,0.0,0.0,0.06313889274550104,0.9980047495993554
2025/05/07 10:27:40.665917548,1746606460,665422811,hemisphere,0.0,0.0,0.06292986973626569,0.998017951489339
2025/05/07 10:27:40.715826870,1746606460,715195061,hemisphere,0.0,0.0,0.06274697233847011,0.9980294672314818
2025/05/07 10:27:40.765308590,1746606460,764908726,hemisphere,0.0,0.0,0.06255536328067475,0.9980414953922622
2025/05/07 10:27:40.816058247,1746606460,815419843,hemisphere,0.0,0.0,0.06238988087497748,0.9980518537452882
2025/05/07 10:27:40.865486495,1746606460,865021233,hemisphere,0.0,0.0,0.06224181621585871,0.9980610984875381
2025/05/07 10:27:40.916918664,1746606460,915902250,hemisphere,0.0,0.0,0.062050201094607904,0.9980730296647229
2025/05/07 10:27:40.965567757,1746606460,965120618,hemisphere,0.0,0.0,0.06191084320586637,0.9980816837782059
2025/05/07 10:27:41.18220999,1746606461,17405250,hemisphere,0.0,0.0,0.06174535414554188,0.9980919352652047
2025/05/07 10:27:41.68378072,1746606461,67520934,hemisphere,0.0,0.0,0.061623413751475974,0.9980994714343929
2025/05/07 10:27:41.115621820,1746606461,115042892,hemisphere,0.0,0.0,0.06150147243760335,0.9981069927056953
2025/05/07 10:27:41.167133773,1746606461,165675911,hemisphere,0.0,0.0,0.06132726896866785,0.9981177115354906
2025/05/07 10:27:41.240129542,1746606461,215122576,hemisphere,0.0,0.0,0.06119661514071214,0.9981257307049646
2025/05/07 10:27:41.266615244,1746606461,265528407,hemisphere,0.0,0.0,0.061083380974879274,0.998132666817732
2025/05/07 10:27:41.316526528,1746606461,315224319,hemisphere,0.0,0.0,0.0609004625854082,0.9981438441712113
2025/05/07 10:27:41.365566149,1746606461,364918719,hemisphere,0.0,0.0,0.060795936872739285,0.9981502161797922
2025/05/07 10:27:41.416246180,1746606461,415434079,hemisphere,0.0,0.0,0.060665278794487715,0.9981581657977794
2025/05/07 10:27:41.465463687,1746606461,464999152,hemisphere,0.0,0.0,0.06058688344844156,0.9981629273590584
2025/05/07 10:27:41.517734607,1746606461,516870137,hemisphere,0.0,0.0,0.060464934389701026,0.9981703219938215
2025/05/07 10:27:41.566305665,1746606461,565831191,hemisphere,0.0,0.0,0.060403959521773874,0.9981740137241061
2025/05/07 10:27:41.624189706,1746606461,616802809,hemisphere,0.0,0.0,0.06027329833178925,0.9981819120321742
2025/05/07 10:27:41.665644617,1746606461,665197497,hemisphere,0.0,0.0,0.06018619029790204,0.9981871680689072
2025/05/07 10:27:41.716970060,1746606461,715318027,hemisphere,0.0,0.0,0.06006423828059053,0.998194513749586
2025/05/07 10:27:41.765855092,1746606461,765346196,hemisphere,0.0,0.0,0.05998584008163669,0.9981992281051415
2025/05/07 10:27:41.815626644,1746606461,815072202,hemisphere,0.0,0.0,0.05992486344882958,0.9982028905691664
2025/05/07 10:27:41.866725189,1746606461,866173760,hemisphere,0.0,0.0,0.05981162053767159,0.9982096824057847
2025/05/07 10:27:41.915689942,1746606461,915157279,hemisphere,0.0,0.0,0.05970708793640913,0.9982159403907322
2025/05/07 10:27:41.965985846,1746606461,965610059,hemisphere,0.0,0.0,0.059611265810034134,0.9982216672605968
2025/05/07 10:27:42.15984937,1746606462,15338438,hemisphere,0.0,0.0,0.05948059838900749,0.9982294618048927
2025/05/07 10:27:42.65348496,1746606462,64930594,hemisphere,0.0,0.0,0.059428331135099925,0.9982325748333887
2025/05/07 10:27:42.116575690,1746606462,116093427,hemisphere,0.0,0.0,0.059262817090215435,0.9982424147022264
2025/05/07 10:27:42.165590590,1746606462,165135298,hemisphere,0.0,0.0,0.05916699242453587,0.9982480989250293
2025/05/07 10:27:42.215961960,1746606462,215476829,hemisphere,0.0,0.0,0.05902761011961914,0.9982563504649326
2025/05/07 10:27:42.265748213,1746606462,265256309,hemisphere,0.0,0.0,0.058905649658730116,0.9982635545978241
2025/05/07 10:27:42.315495152,1746606462,314915316,hemisphere,0.0,0.0,0.05875755363149931,0.99827228244164
2025/05/07 10:27:42.365930291,1746606462,365366102,hemisphere,0.0,0.0,0.05859203301206449,0.9982820110908105
2025/05/07 10:27:42.415559044,1746606462,415038419,hemisphere,0.0,0.0,0.0584787811335449,0.9982886517221033
2025/05/07 10:27:42.465918502,1746606462,465479418,hemisphere,0.0,0.0,0.05834810495397518,0.9982962980239284
2025/05/07 10:27:42.515683688,1746606462,515154244,hemisphere,0.0,0.0,0.05822613961764237,0.998303419139305
2025/05/07 10:27:42.566274758,1746606462,565614404,hemisphere,0.0,0.0,0.05809546150718674,0.9983110323703065
2025/05/07 10:27:42.615832125,1746606462,615296670,hemisphere,0.0,0.0,0.0579299344718715,0.9983206512399133
2025/05/07 10:27:42.665398312,1746606462,664995115,hemisphere,0.0,0.0,0.05778182998492041,0.9983292343328396
2025/05/07 10:27:42.716037873,1746606462,715504226,hemisphere,0.0,0.0,0.05769470910422399,0.9983342729473826
2025/05/07 10:27:42.765533987,1746606462,765121231,hemisphere,0.0,0.0,0.05756402695956728,0.9983418166140283
2025/05/07 10:27:42.815998445,1746606462,815532669,hemisphere,0.0,0.0,0.05744205606794129,0.9983488419358674
2025/05/07 10:27:42.865775111,1746606462,865224380,hemisphere,0.0,0.0,0.0573200843189206,0.9983558523560985
2025/05/07 10:27:42.915340748,1746606462,914900584,hemisphere,0.0,0.0,0.05722424877295883,0.9983613500894206
2025/05/07 10:27:42.965835493,1746606462,965344522,hemisphere,0.0,0.0,0.05710227549740441,0.9983683338993773
2025/05/07 10:27:43.16262629,1746606463,15109528,hemisphere,0.0,0.0,0.05701515120721468,0.9983733132114552
2025/05/07 10:27:43.65849872,1746606463,65417032,hemisphere,0.0,0.0,0.05694545146241049,0.9983772911869251
2025/05/07 10:27:43.115753841,1746606463,115187559,hemisphere,0.0,0.0,0.05680605114050616,0.998385232539936
2025/05/07 10:27:43.166043524,1746606463,165580180,hemisphere,0.0,0.0,0.05671021277661753,0.99839068092948
2025/05/07 10:27:43.215859089,1746606463,215325683,hemisphere,0.0,0.0,0.056605661238239395,0.9983966141347744
2025/05/07 10:27:43.265487923,1746606463,264973488,hemisphere,0.0,0.0,0.0564923963711993,0.9984030294186008
2025/05/07 10:27:43.315967276,1746606463,315409829,hemisphere,0.0,0.0,0.05638784354088471,0.9984089398141468
2025/05/07 10:27:43.365549021,1746606463,365090449,hemisphere,0.0,0.0,0.05629200290318795,0.998414348058534
2025/05/07 10:27:43.428722282,1746606463,416180539,hemisphere,0.0,0.0,0.05617873602631643,0.998420727758837
2025/05/07 10:27:43.466622094,1746606463,465977727,hemisphere,0.0,0.0,0.056056755504214004,0.9984275838348723
2025/05/07 10:27:43.515638356,1746606463,514944113,hemisphere,0.0,0.0,0.05596091307834518,0.9984329602970036
2025/05/07 10:27:43.566697195,1746606463,566156759,hemisphere,0.0,0.0,0.05581279195167785,0.998441251278491
2025/05/07 10:27:43.616775328,1746606463,616227543,hemisphere,0.0,0.0,0.05569080892488556,0.9984480626458704
2025/05/07 10:27:43.666703937,1746606463,666146763,hemisphere,0.0,0.0,0.055542685560711985,0.9984563135564339
2025/05/07 10:27:43.718250816,1746606463,717615641,hemisphere,0.0,0.0,0.05545555359878728,0.9984611567682801
2025/05/07 10:27:43.766030594,1746606463,765522569,hemisphere,0.0,0.0,0.055342281417018684,0.9984674415761186
2025/05/07 10:27:43.815778623,1746606463,815303778,hemisphere,0.0,0.0,0.05526386179692719,0.9984717850692078
2025/05/07 10:27:43.865452839,1746606463,864959165,hemisphere,0.0,0.0,0.05518544183594041,0.998476122403221
2025/05/07 10:27:43.915818546,1746606463,915367701,hemisphere,0.0,0.0,0.055089594754717953,0.9984814152250211
2025/05/07 10:27:43.965471268,1746606463,965080366,hemisphere,0.0,0.0,0.055011174037918,0.9984857388721032
2025/05/07 10:27:44.16237769,1746606464,15540051,hemisphere,0.0,0.0,0.05492403951017393,0.998490535700707
2025/05/07 10:27:44.66727030,1746606464,65981823,hemisphere,0.0,0.0,0.054854331586792086,0.9984943676887548
2025/05/07 10:27:44.116079698,1746606464,115571934,hemisphere,0.0,0.0,0.05474105564123297,0.998500584289906
2025/05/07 10:27:44.165779935,1746606464,165329853,hemisphere,0.0,0.0,0.054662633419973156,0.998504880562731
2025/05/07 10:27:44.215510092,1746606464,215003555,hemisphere,0.0,0.0,0.054601638125851865,0.9985082178499952
2025/05/07 10:27:44.265991262,1746606464,265437079,hemisphere,0.0,0.0,0.05449707429059778,0.9985139302452245
2025/05/07 10:27:44.315693439,1746606464,315118549,hemisphere,0.0,0.0,0.05446221954598373,0.9985158319436529
2025/05/07 10:27:44.365918546,1746606464,365502965,hemisphere,0.0,0.0,0.05438379612803599,0.9985201063166952
2025/05/07 10:27:44.416460423,1746606464,415366921,hemisphere,0.0,0.0,0.054331513663003976,0.9985229524768506
2025/05/07 10:27:44.465651962,1746606464,464995071,hemisphere,0.0,0.0,0.05424437589034823,0.9985276899937561
2025/05/07 10:27:44.515928109,1746606464,515411345,hemisphere,0.0,0.0,0.05425308968621401,0.998527216584255
2025/05/07 10:27:44.565593169,1746606464,565041482,hemisphere,0.0,0.0,0.05421823447796788,0.9985291097660058
2025/05/07 10:27:44.616158339,1746606464,615548335,hemisphere,0.0,0.0,0.054157237704597926,0.9985324199064384
2025/05/07 10:27:44.666405243,1746606464,665885296,hemisphere,0.0,0.0,0.05412238231477999,0.9985343097423207
2025/05/07 10:27:44.716138274,1746606464,715612794,hemisphere,0.0,0.0,0.054157237704597926,0.9985324199064384
2025/05/07 10:27:44.765638349,1746606464,765253959,hemisphere,0.0,0.0,0.054131096168418616,0.9985338373974141
2025/05/07 10:27:44.815708248,1746606464,815063901,hemisphere,0.0,0.0,0.054192093028426924,0.9985305288538745
2025/05/07 10:27:44.865727251,1746606464,865390756,hemisphere,0.0,0.0,0.05421823447796788,0.9985291097660058
2025/05/07 10:27:44.915781573,1746606464,915138528,hemisphere,0.0,0.0,0.0542356620903515,0.998528163327215
2025/05/07 10:27:44.966130702,1746606464,965552295,hemisphere,0.0,0.0,0.05424437589034823,0.9985276899937561
2025/05/07 10:27:45.15771038,1746606465,15248853,hemisphere,0.0,0.0,0.05427051726555008,0.9985262695371262
2025/05/07 10:27:45.65515743,1746606465,64967824,hemisphere,0.0,0.0,0.05427051726555008,0.9985262695371262
2025/05/07 10:27:45.115915856,1746606465,115405454,hemisphere,0.0,0.0,0.054305372374621665,0.9985243745303636
2025/05/07 10:27:45.165655681,1746606465,165071178,hemisphere,0.0,0.0,0.054314086141552254,0.9985239005885679
2025/05/07 10:27:45.216069925,1746606465,215528803,hemisphere,0.0,0.0,0.05436636865625116,0.9985210553409141
2025/05/07 10:27:45.265659365,1746606465,265141278,hemisphere,0.0,0.0,0.05442736473500911,0.9985177324254199
2025/05/07 10:27:45.316290612,1746606465,315614536,hemisphere,0.0,0.0,0.05440993730464986,0.9985186822100547
2025/05/07 10:27:45.365947533,1746606465,365370117,hemisphere,0.0,0.0,0.05443607844397173,0.9985172574190402
2025/05/07 10:27:45.415642639,1746606465,414985662,hemisphere,0.0,0.0,0.05445350584945972,0.9985163071781566
2025/05/07 10:27:45.466601997,1746606465,466097638,hemisphere,0.0,0.0,0.0544709332383602,0.9985153566331076
2025/05/07 10:27:45.516495071,1746606465,515960452,hemisphere,0.0,0.0,0.05446221954598373,0.9985158319436529
2025/05/07 10:27:45.566960422,1746606465,566241287,hemisphere,0.0,0.0,0.05448836061066789,0.9985144057838935
2025/05/07 10:27:45.616455820,1746606465,615941143,hemisphere,0.0,0.0,0.05448836061066789,0.9985144057838935
2025/05/07 10:27:45.665396237,1746606465,664890936,hemisphere,0.0,0.0,0.05452321530548365,0.9985125031729707
2025/05/07 10:27:45.718165200,1746606465,716049545,hemisphere,0.0,0.0,0.05459292449576805,0.998508694301156
2025/05/07 10:27:45.765563910,1746606465,765053525,hemisphere,0.0,0.0,0.0546452062138854,0.998505834453581
2025/05/07 10:27:45.815946798,1746606465,815438964,hemisphere,0.0,0.0,0.05468877419788216,0.9985034491561524
2025/05/07 10:27:45.866105084,1746606465,865287233,hemisphere,0.0,0.0,0.054706201362332,0.9985024945048981
2025/05/07 10:27:45.916229263,1746606465,915599348,hemisphere,0.0,0.0,0.05481076399889149,0.9984967602099958
2025/05/07 10:27:45.965784620,1746606465,965204846,hemisphere,0.0,0.0,0.054880472089409,0.9984929312635336
2025/05/07 10:27:46.15475474,1746606466,14984534,hemisphere,0.0,0.0,0.054941466449205625,0.9984895769433003
2025/05/07 10:27:46.65855876,1746606466,65398483,hemisphere,0.0,0.0,0.05503731431457926,0.9984842983407592
2025/05/07 10:27:46.116294560,1746606466,115816609,hemisphere,0.0,0.0,0.05510702153454209,0.9984804535781316
2025/05/07 10:27:46.165916328,1746606466,165514802,hemisphere,0.0,0.0,0.05518544183594041,0.998476122403221
2025/05/07 10:27:46.215774624,1746606466,215219910,hemisphere,0.0,0.0,0.05531614158156196,0.9984688900914883
2025/05/07 10:27:46.265481996,1746606466,264932651,hemisphere,0.0,0.0,0.055394560974121196,0.9984645424923634
2025/05/07 10:27:46.315872048,1746606466,315321011,hemisphere,0.0,0.0,0.055490406434272506,0.9984592203959856
2025/05/07 10:27:46.365588940,1746606466,365053083,hemisphere,0.0,0.0,0.05562110396481374,0.9984519481646252
2025/05/07 10:27:46.415894179,1746606466,415466256,hemisphere,0.0,0.0,0.05575180054230239,0.9984446588250604
2025/05/07 10:27:46.465717347,1746606466,465176053,hemisphere,0.0,0.0,0.055856357116590524,0.9984388150355854
2025/05/07 10:27:46.516446941,1746606466,515560606,hemisphere,0.0,0.0,0.05596962604747304,0.9984324719078933
2025/05/07 10:27:46.565758833,1746606466,565290572,hemisphere,0.0,0.0,0.05613517165030319,0.9984231780681933
2025/05/07 10:27:46.615494592,1746606466,614977955,hemisphere,0.0,0.0,0.05626586445739082,0.9984158214375725
2025/05/07 10:27:46.666001234,1746606466,665405570,hemisphere,0.0,0.0,0.05638784354088471,0.9984089398141468
2025/05/07 10:27:46.715564049,1746606466,715056801,hemisphere,0.0,0.0,0.05655338523619722,0.9983995766316842
2025/05/07 10:27:46.765891735,1746606466,765452027,hemisphere,0.0,0.0,0.05664922445473452,0.9983941432964625
2025/05/07 10:27:46.815950405,1746606466,815188228,hemisphere,0.0,0.0,0.05684090132491308,0.9983832490264305
2025/05/07 10:27:46.865303616,1746606466,864856114,hemisphere,0.0,0.0,0.05699772629705208,0.9983743081615063
2025/05/07 10:27:46.915828790,1746606466,915330871,hemisphere,0.0,0.0,0.057119700303280556,0.9983673371245994
2025/05/07 10:27:46.965435210,1746606466,964990310,hemisphere,0.0,0.0,0.05731137201837304,0.9983563525301834
2025/05/07 10:27:47.16871673,1746606467,15744463,hemisphere,0.0,0.0,0.057459480533566726,0.9983478392308027
2025/05/07 10:27:47.65619413,1746606467,65100967,hemisphere,0.0,0.0,0.057625012083288345,0.9983382983650386
2025/05/07 10:27:47.116046630,1746606467,115524466,hemisphere,0.0,0.0,0.0577644058439626,0.9983302426639664
2025/05/07 10:27:47.165636776,1746606467,165250932,hemisphere,0.0,0.0,0.0579299344718715,0.9983206512399133
2025/05/07 10:27:47.215639660,1746606467,215018790,hemisphere,0.0,0.0,0.05811288531281125,0.9983100182611713
2025/05/07 10:27:47.265842889,1746606467,265353705,hemisphere,0.0,0.0,0.05828712239455981,0.9982998604442263
2025/05/07 10:27:47.315711072,1746606467,315143328,hemisphere,0.0,0.0,0.05845264597772075,0.998290182350905
2025/05/07 10:27:47.366337858,1746606467,365543617,hemisphere,0.0,0.0,0.05862687959227505,0.9982799652348399
2025/05/07 10:27:47.416415605,1746606467,415947608,hemisphere,0.0,0.0,0.05878368831860044,0.9982707438303807
2025/05/07 10:27:47.465358173,1746606467,464866794,hemisphere,0.0,0.0,0.05895791853545083,0.9982604689368237
2025/05/07 10:27:47.515817930,1746606467,515302021,hemisphere,0.0,0.0,0.05910601280790805,0.9982517113684061
2025/05/07 10:27:47.565572506,1746606467,565070596,hemisphere,0.0,0.0,0.059262817090215435,0.9982424147022264
2025/05/07 10:27:47.616831703,1746606467,616138034,hemisphere,0.0,0.0,0.059463175989150054,0.9982304997851366
2025/05/07 10:27:47.665580195,1746606467,665117870,hemisphere,0.0,0.0,0.05963739917174035,0.9982201062992222
2025/05/07 10:27:47.716115288,1746606467,715554504,hemisphere,0.0,0.0,0.05985517559467951,0.9982070716812871
2025/05/07 10:27:47.765957238,1746606467,765300968,hemisphere,0.0,0.0,0.060055527387883424,0.9981950378709379
2025/05/07 10:27:47.815534261,1746606467,814966743,hemisphere,0.0,0.0,0.06020361194136823,0.9981861174696897
2025/05/07 10:27:47.865832928,1746606467,865391649,hemisphere,0.0,0.0,0.06042138093562028,0.9981729593241007
2025/05/07 10:27:47.915827322,1746606467,915126536,hemisphere,0.0,0.0,0.060595594060911355,0.9981623986007514
2025/05/07 10:27:47.966059189,1746606467,965496902,hemisphere,0.0,0.0,0.06080464737427515,0.9981496855971503
2025/05/07 10:27:48.15816696,1746606468,15229656,hemisphere,0.0,0.0,0.06096143560945586,0.9981401221113367
2025/05/07 10:27:48.66062743,1746606468,65570878,hemisphere,0.0,0.0,0.06114435331579999,0.9981289335840299
2025/05/07 10:27:48.116432824,1746606468,115815970,hemisphere,0.0,0.0,0.06136210981207559,0.9981155702018734
2025/05/07 10:27:48.165650520,1746606468,165064422,hemisphere,0.0,0.0,0.06153631290674722,0.9981048452912363
2025/05/07 10:27:48.216193057,1746606468,215589755,hemisphere,0.0,0.0,0.061736644147936906,0.998092474057064
2025/05/07 10:27:48.265625158,1746606468,265141472,hemisphere,0.0,0.0,0.06195439267588224,0.9980789814579619
2025/05/07 10:27:48.316104038,1746606468,315538445,hemisphere,0.0,0.0,0.06213729916094274,0.9980676109627963
2025/05/07 10:27:48.365680722,1746606468,365239512,hemisphere,0.0,0.0,0.062363751917169565,0.9980534867665228
2025/05/07 10:27:48.415507242,1746606468,414996555,hemisphere,0.0,0.0,0.06255536328067475,0.9980414953922622
2025/05/07 10:27:48.466126813,1746606468,465464042,hemisphere,0.0,0.0,0.06277310066731674,0.9980278241775682
2025/05/07 10:27:48.515662091,1746606468,515132163,hemisphere,0.0,0.0,0.06294728842592752,0.9980168530039075
2025/05/07 10:27:48.566081210,1746606468,565466647,hemisphere,0.0,0.0,0.06319985726856842,0.9980008908018232
2025/05/07 10:27:48.615789393,1746606468,615201489,hemisphere,0.0,0.0,0.06340016761124645,0.9979881856749938
2025/05/07 10:27:48.666138291,1746606468,665647730,hemisphere,0.0,0.0,0.0636004753998073,0.997975440343558
2025/05/07 10:27:48.716033606,1746606468,715430918,hemisphere,0.0,0.0,0.0638269072055218,0.9979609841655022
2025/05/07 10:27:48.765588233,1746606468,765022746,hemisphere,0.0,0.0,0.06407946188111478,0.9979447993576733
2025/05/07 10:27:48.816052503,1746606468,815492385,hemisphere,0.0,0.0,0.06431459530398088,0.9979296732890977
2025/05/07 10:27:48.865586807,1746606468,865095132,hemisphere,0.0,0.0,0.06448876590855177,0.9979184330753651
2025/05/07 10:27:48.916246551,1746606468,915609802,hemisphere,0.0,0.0,0.06476743478762265,0.9979003855050018
2025/05/07 10:27:48.965663594,1746606468,965192578,hemisphere,0.0,0.0,0.06500255772662442,0.9978850973378633
2025/05/07 10:27:49.15929867,1746606469,14919111,hemisphere,0.0,0.0,0.06522896899807146,0.9978703230397468
2025/05/07 10:27:49.65681723,1746606469,65284479,hemisphere,0.0,0.0,0.0654466689770724,0.9978560685388477
2025/05/07 10:27:49.115555087,1746606469,115034162,hemisphere,0.0,0.0,0.06576015147167828,0.9978354586195171
2025/05/07 10:27:49.166045926,1746606469,165550890,hemisphere,0.0,0.0,0.06600396670419154,0.9978193605955499
2025/05/07 10:27:49.215584468,1746606469,215169081,hemisphere,0.0,0.0,0.0662216555464684,0.9978049370175941
2025/05/07 10:27:49.266158477,1746606469,265550000,hemisphere,0.0,0.0,0.06645675595558374,0.9977893062104144
2025/05/07 10:27:49.315939402,1746606469,315348089,hemisphere,0.0,0.0,0.06668314545528227,0.9977742019676544
2025/05/07 10:27:49.365446566,1746606469,364958529,hemisphere,0.0,0.0,0.06696177397186912,0.9977555416165527
2025/05/07 10:27:49.416546561,1746606469,416076789,hemisphere,0.0,0.0,0.0671794488682106,0.997740909078987
2025/05/07 10:27:49.466322501,1746606469,465800417,hemisphere,0.0,0.0,0.06741453416451178,0.9977250525988519
2025/05/07 10:27:49.516735252,1746606469,516234461,hemisphere,0.0,0.0,0.06763220239840662,0.9977103212850617
2025/05/07 10:27:49.566467546,1746606469,565919379,hemisphere,0.0,0.0,0.06791081303913717,0.997691395909759
2025/05/07 10:27:49.616082978,1746606469,615626797,hemisphere,0.0,0.0,0.0681110611673175,0.9976777452397453
2025/05/07 10:27:49.666476118,1746606469,665997766,hemisphere,0.0,0.0,0.06834613155512988,0.9976616692553889
2025/05/07 10:27:49.715586247,1746606469,715035957,hemisphere,0.0,0.0,0.06858119814860256,0.997645537884324
2025/05/07 10:27:49.765752097,1746606469,765404240,hemisphere,0.0,0.0,0.06880755497361941,0.9976299516246254
2025/05/07 10:27:49.815717540,1746606469,815129889,hemisphere,0.0,0.0,0.06899037905458698,0.997617325229421
2025/05/07 10:27:49.865976581,1746606469,865553749,hemisphere,0.0,0.0,0.06924284659412239,0.9975998336986344
2025/05/07 10:27:49.915816473,1746606469,915279422,hemisphere,0.0,0.0,0.06945178189451401,0.9975853096310495
2025/05/07 10:27:49.965405464,1746606469,964975288,hemisphere,0.0,0.0,0.06966071414840957,0.9975707418044766
2025/05/07 10:27:50.15971045,1746606470,15419458,hemisphere,0.0,0.0,0.06987834866345666,0.9975555204539086
2025/05/07 10:27:50.65501147,1746606470,65038562,hemisphere,0.0,0.0,0.07007856948005355,0.9975414748769242
2025/05/07 10:27:50.116727131,1746606470,116252269,hemisphere,0.0,0.0,0.07027008240215411,0.9975280023734644
2025/05/07 10:27:50.165694225,1746606470,165226788,hemisphere,0.0,0.0,0.07046159273419027,0.9975144931024116
2025/05/07 10:27:50.215489275,1746606470,214983383,hemisphere,0.0,0.0,0.07073144379229188,0.997495394906191
2025/05/07 10:27:50.265592991,1746606470,265261436,hemisphere,0.0,0.0,0.07092294785564116,0.9974817970607113
2025/05/07 10:27:50.315646567,1746606470,315100090,hemisphere,0.0,0.0,0.07113185839764859,0.9974669211161326
2025/05/07 10:27:50.366142370,1746606470,365472968,hemisphere,0.0,0.0,0.07133206140596951,0.9974526239454058
2025/05/07 10:27:50.415696940,1746606470,415189919,hemisphere,0.0,0.0,0.07154967011192236,0.9974370379662444
2025/05/07 10:27:50.466132143,1746606470,465560622,hemisphere,0.0,0.0,0.07181079606287868,0.9974182721249976
2025/05/07 10:27:50.515791375,1746606470,515259292,hemisphere,0.0,0.0,0.07200228529982522,0.9974044670601805
2025/05/07 10:27:50.565480329,1746606470,564922053,hemisphere,0.0,0.0,0.07222858733954823,0.9973881045866415
2025/05/07 10:27:50.615780457,1746606470,615333328,hemisphere,0.0,0.0,0.07246358936809477,0.997371058441086
2025/05/07 10:27:50.665399949,1746606470,665062375,hemisphere,0.0,0.0,0.07268118025228681,0.9973552256027612
2025/05/07 10:27:50.715994915,1746606470,715511839,hemisphere,0.0,0.0,0.07289006424666788,0.997339981417629
2025/05/07 10:27:50.765722099,1746606470,765182507,hemisphere,0.0,0.0,0.07310764834075585,0.9973240555376595
2025/05/07 10:27:50.816185938,1746606470,815682321,hemisphere,0.0,0.0,0.07333393210723103,0.997307442267274
2025/05/07 10:27:50.865741490,1746606470,865334005,hemisphere,0.0,0.0,0.07360372704758693,0.9972875670360603
2025/05/07 10:27:50.915492523,1746606470,915041609,hemisphere,0.0,0.0,0.07382129968964689,0.9972714854602689
2025/05/07 10:27:50.965903324,1746606470,965395375,hemisphere,0.0,0.0,0.07407367955186461,0.9972527713662408
2025/05/07 10:27:51.15704755,1746606471,15138522,hemisphere,0.0,0.0,0.07433475717544198,0.99723334474719
2025/05/07 10:27:51.65888272,1746606471,65558935,hemisphere,0.0,0.0,0.07459582970419545,0.997213849778844
2025/05/07 10:27:51.115731899,1746606471,115223957,hemisphere,0.0,0.0,0.07482208842747132,0.9971968988536576
2025/05/07 10:27:51.165675883,1746606471,164956266,hemisphere,0.0,0.0,0.07507444938180408,0.997177931489671
2025/05/07 10:27:51.215855275,1746606471,215360458,hemisphere,0.0,0.0,0.07530940181048557,0.9971602148095093
2025/05/07 10:27:51.265785302,1746606471,265097589,hemisphere,0.0,0.0,0.0755617534654816,0.997141124120965
2025/05/07 10:27:51.315993865,1746606471,315450924,hemisphere,0.0,0.0,0.0758315033309287,0.997120646212168
2025/05/07 10:27:51.365581016,1746606471,365124551,hemisphere,0.0,0.0,0.07604903950349723,0.9971040786149636
2025/05/07 10:27:51.415441253,1746606471,414896606,hemisphere,0.0,0.0,0.0763013769282674,0.9970848007460802
2025/05/07 10:27:51.465723643,1746606471,465287202,hemisphere,0.0,0.0,0.07651890526938625,0.997068130639213
2025/05/07 10:27:51.515547015,1746606471,515005760,hemisphere,0.0,0.0,0.0767625326871298,0.9970494037786981
2025/05/07 10:27:51.566544356,1746606471,566114239,hemisphere,0.0,0.0,0.07698875404302083,0.9970319612484363
2025/05/07 10:27:51.616319561,1746606471,615808497,hemisphere,0.0,0.0,0.07724107318675914,0.99701244556573
2025/05/07 10:27:51.666730349,1746606471,666242912,hemisphere,0.0,0.0,0.0774759865635971,0.9969942183914596
2025/05/07 10:27:51.715694833,1746606471,715240133,hemisphere,0.0,0.0,0.0777021953799566,0.9969766139850699
2025/05/07 10:27:51.765305174,1746606471,764890916,hemisphere,0.0,0.0,0.07791970008504881,0.9969596382696022
2025/05/07 10:27:51.815887967,1746606471,815367780,hemisphere,0.0,0.0,0.07814590104400636,0.9969419331886991
2025/05/07 10:27:51.865435417,1746606471,865025496,hemisphere,0.0,0.0,0.07836339817236317,0.9969248606724981
2025/05/07 10:27:51.916828790,1746606471,915976187,hemisphere,0.0,0.0,0.07854609287820366,0.9969104830894139
2025/05/07 10:27:51.965670128,1746606471,965173963,hemisphere,0.0,0.0,0.07878098219447426,0.996891948429956
2025/05/07 10:27:52.16157830,1746606472,15676677,hemisphere,0.0,0.0,0.0790332658473928,0.9968719791876465
2025/05/07 10:27:52.65666385,1746606472,65271419,hemisphere,0.0,0.0,0.07927684526123557,0.9968526379588039
2025/05/07 10:27:52.115475379,1746606472,114979611,hemisphere,0.0,0.0,0.07951172092778408,0.9968339311214793
2025/05/07 10:27:52.165808818,1746606472,165367887,hemisphere,0.0,0.0,0.07975529103044747,0.9968144729851431
2025/05/07 10:27:52.215603617,1746606472,215119474,hemisphere,0.0,0.0,0.07998145900519862,0.9967963514256059
2025/05/07 10:27:52.265967331,1746606472,265508666,hemisphere,0.0,0.0,0.08018152724330141,0.9967802780397151
2025/05/07 10:27:52.315719612,1746606472,315221832,hemisphere,0.0,0.0,0.08036419542246066,0.9967655672695063
2025/05/07 10:27:52.365955613,1746606472,364883992,hemisphere,0.0,0.0,0.08058165402095155,0.9967480108007478
2025/05/07 10:27:52.416520684,1746606472,415671687,hemisphere,0.0,0.0,0.08079910878404005,0.996730406890301
2025/05/07 10:27:52.466596588,1746606472,465330840,hemisphere,0.0,0.0,0.0809904657946939,0.9967148762060084
2025/05/07 10:27:52.516009867,1746606472,515468307,hemisphere,0.0,0.0,0.08118181982014386,0.9966993087840935
2025/05/07 10:27:52.565676149,1746606472,565157751,hemisphere,0.0,0.0,0.08137317085333687,0.9966837046251302
2025/05/07 10:27:52.616085369,1746606472,615580924,hemisphere,0.0,0.0,0.0815558213144835,0.9966687754764468
2025/05/07 10:27:52.665620522,1746606472,665228517,hemisphere,0.0,0.0,0.08174716647880968,0.9966530995149144
2025/05/07 10:27:52.715595256,1746606472,715004730,hemisphere,0.0,0.0,0.08195590322140854,0.9966359565694803
2025/05/07 10:27:52.765783453,1746606472,765331197,hemisphere,0.0,0.0,0.08211245341964743,0.9966230706708561
2025/05/07 10:27:52.815623821,1746606472,815051215,hemisphere,0.0,0.0,0.08229509275662761,0.9966080060425855
2025/05/07 10:27:52.865963547,1746606472,865512450,hemisphere,0.0,0.0,0.08249512314478631,0.9965914682844353
2025/05/07 10:27:52.916629982,1746606472,915654980,hemisphere,0.0,0.0,0.08265166634816938,0.9965784976858927
2025/05/07 10:27:52.966510256,1746606472,965365944,hemisphere,0.0,0.0,0.08279951083443617,0.9965662250977494
2025/05/07 10:27:53.15893124,1746606473,15341863,hemisphere,0.0,0.0,0.08298213974238394,0.9965510345605866
2025/05/07 10:27:53.66746088,1746606473,65088500,hemisphere,0.0,0.0,0.08312998015077747,0.9965387129460307
2025/05/07 10:27:53.116543058,1746606473,115848951,hemisphere,0.0,0.0,0.08329521138313992,0.9965249157751341
2025/05/07 10:27:53.166316263,1746606473,165682649,hemisphere,0.0,0.0,0.08345174412260865,0.9965118194998466
2025/05/07 10:27:53.216010478,1746606473,215527000,hemisphere,0.0,0.0,0.083625666973536,0.9964972392451629
2025/05/07 10:27:53.265887777,1746606473,265283552,hemisphere,0.0,0.0,0.08374741145380722,0.996487015005608
2025/05/07 10:27:53.315455285,1746606473,314950184,hemisphere,0.0,0.0,0.08389524235628733,0.9964745798614132
2025/05/07 10:27:53.365700092,1746606473,365313238,hemisphere,0.0,0.0,0.08400828827132689,0.9964650558357386
2025/05/07 10:27:53.415615671,1746606473,415083700,hemisphere,0.0,0.0,0.08413872452201525,0.9964540506394705
2025/05/07 10:27:53.466649384,1746606473,466184562,hemisphere,0.0,0.0,0.08426915933100929,0.9964430283692315
2025/05/07 10:27:53.516394528,1746606473,515878862,hemisphere,0.0,0.0,0.08439089718337013,0.9964327255126589
2025/05/07 10:27:53.565237910,1746606473,564839102,hemisphere,0.0,0.0,0.0845300246149746,0.9964209326075962
2025/05/07 10:27:53.616670610,1746606473,616059056,hemisphere,0.0,0.0,0.08467784570532154,0.9964083813611294
2025/05/07 10:27:53.665535300,1746606473,665038808,hemisphere,0.0,0.0,0.08477349365325586,0.9964002482806904
2025/05/07 10:27:53.715956050,1746606473,715430601,hemisphere,0.0,0.0,0.08492131167234189,0.9963876609150923
2025/05/07 10:27:53.765583265,1746606473,765079588,hemisphere,0.0,0.0,0.0850604328065712,0.9963757939506352
2025/05/07 10:27:53.816076225,1746606473,815582431,hemisphere,0.0,0.0,0.0851995522825036,0.9963639075613192
2025/05/07 10:27:53.866084954,1746606473,865276093,hemisphere,0.0,0.0,0.0852865011116523,0.9963564687039133
2025/05/07 10:27:53.915688544,1746606473,915010731,hemisphere,0.0,0.0,0.08544300736695053,0.9963430596396461
2025/05/07 10:27:53.965727952,1746606473,965305787,hemisphere,0.0,0.0,0.08558212226858163,0.9963311198331635
2025/05/07 10:27:54.15696013,1746606474,15072509,hemisphere,0.0,0.0,0.08572123550174521,0.9963191606026928
2025/05/07 10:27:54.65920763,1746606474,65447100,hemisphere,0.0,0.0,0.08582556933005457,0.9963101784329879
2025/05/07 10:27:54.115625349,1746606474,115190423,hemisphere,0.0,0.0,0.08592990221718128,0.9963011853375191
2025/05/07 10:27:54.165889826,1746606474,164945963,hemisphere,0.0,0.0,0.08603423416198115,0.9962921813163854
2025/05/07 10:27:54.215817964,1746606474,215303978,hemisphere,0.0,0.0,0.08609509402748766,0.9962869239252305
2025/05/07 10:27:54.265333843,1746606474,264952577,hemisphere,0.0,0.0,0.08621681279446569,0.9962763979898169
2025/05/07 10:27:54.315964916,1746606474,315459047,hemisphere,0.0,0.0,0.08632983621154576,0.9962666105916065
2025/05/07 10:27:54.365637900,1746606474,365174798,hemisphere,0.0,0.0,0.0864254705428519,0.9962583189321165
2025/05/07 10:27:54.416162295,1746606474,415538722,hemisphere,0.0,0.0,0.08650371622160948,0.9962515280188289
2025/05/07 10:27:54.465656176,1746606474,465225591,hemisphere,0.0,0.0,0.08661673681543461,0.9962417080726172
2025/05/07 10:27:54.515540283,1746606474,514948884,hemisphere,0.0,0.0,0.08672106252802386,0.9962326321266588
2025/05/07 10:27:54.565840932,1746606474,565342810,hemisphere,0.0,0.0,0.08678191875459593,0.9962273327796577
2025/05/07 10:27:54.615899465,1746606474,615203242,hemisphere,0.0,0.0,0.08684277465733574,0.996222029715171
2025/05/07 10:27:54.665790367,1746606474,665443254,hemisphere,0.0,0.0,0.08693840470682168,0.9962136888173305
2025/05/07 10:27:54.716680031,1746606474,715775614,hemisphere,0.0,0.0,0.08700795333059477,0.9962076169439887
2025/05/07 10:27:54.765941007,1746606474,765560383,hemisphere,0.0,0.0,0.08707750153030164,0.996201540215252
2025/05/07 10:27:54.815891845,1746606474,815432332,hemisphere,0.0,0.0,0.08712096893962169,0.9961977397941744
2025/05/07 10:27:54.866278789,1746606474,865319181,hemisphere,0.0,0.0,0.08719051644949802,0.9961916551754837
2025/05/07 10:27:54.917065856,1746606474,916237494,hemisphere,0.0,0.0,0.08722529004509887,0.9961886110453926
2025/05/07 10:27:54.965890995,1746606474,965308969,hemisphere,0.0,0.0,0.08730353024654496,0.9961817573146432
2025/05/07 10:27:55.17417781,1746606475,15939565,hemisphere,0.0,0.0,0.08734699679245797,0.9961779470312211
2025/05/07 10:27:55.66382902,1746606475,65519490,hemisphere,0.0,0.0,0.08737307664018883,0.9961756599508079
2025/05/07 10:27:55.116753828,1746606475,115520160,hemisphere,0.0,0.0,0.08739915642803513,0.9961733721876267
2025/05/07 10:27:55.168338026,1746606475,165986113,hemisphere,0.0,0.0,0.08746000903335834,0.9961680314183371
2025/05/07 10:27:55.216233591,1746606475,215433600,hemisphere,0.0,0.0,0.08750347498021716,0.9961642143072529
2025/05/07 10:27:55.267025504,1746606475,265794181,hemisphere,0.0,0.0,0.08747739543208788,0.9961665048014906
2025/05/07 10:27:55.317023403,1746606475,315751995,hemisphere,0.0,0.0,0.08749478180417031,0.9961649778811945
2025/05/07 10:27:55.367841437,1746606475,366272420,hemisphere,0.0,0.0,0.08756432702592266,0.9961588671655226
2025/05/07 10:27:55.417019985,1746606475,415752767,hemisphere,0.0,0.0,0.08757302014864084,0.9961581029846848
2025/05/07 10:27:55.465453924,1746606475,465033045,hemisphere,0.0,0.0,0.08761648566218248,0.99615428094257
2025/05/07 10:27:55.518015754,1746606475,516617247,hemisphere,0.0,0.0,0.08758171326468994,0.9961573387279852
2025/05/07 10:27:55.566910111,1746606475,566286869,hemisphere,0.0,0.0,0.08758171326468994,0.9961573387279852
2025/05/07 10:27:55.616771601,1746606475,616323933,hemisphere,0.0,0.0,0.08760779257281624,0.9961550455027162
2025/05/07 10:27:55.666782096,1746606475,666263604,hemisphere,0.0,0.0,0.08759909947677832,0.9961558099870008
2025/05/07 10:27:55.715569002,1746606475,715043990,hemisphere,0.0,0.0,0.08761648566218248,0.99615428094257
2025/05/07 10:27:55.766006974,1746606475,765541592,hemisphere,0.0,0.0,0.08758171326468994,0.9961573387279852
2025/05/07 10:27:55.815668904,1746606475,815127582,hemisphere,0.0,0.0,0.08756432702592266,0.9961588671655226
2025/05/07 10:27:55.865987997,1746606475,865537976,hemisphere,0.0,0.0,0.08754694076048175,0.9961603952996128
2025/05/07 10:27:55.915801472,1746606475,915248536,hemisphere,0.0,0.0,0.08752086131231897,0.9961626869317832
2025/05/07 10:27:55.966530547,1746606475,965877690,hemisphere,0.0,0.0,0.08750347498021716,0.9961642143072529
2025/05/07 10:27:56.16865251,1746606476,15728938,hemisphere,0.0,0.0,0.08749478180417031,0.9961649778811945
2025/05/07 10:27:56.65550071,1746606476,65094311,hemisphere,0.0,0.0,0.08746000903335834,0.9961680314183371
2025/05/07 10:27:56.116886279,1746606476,115935397,hemisphere,0.0,0.0,0.08745131582400252,0.9961687946129665
2025/05/07 10:27:56.165817516,1746606476,165291724,hemisphere,0.0,0.0,0.08743392938531219,0.9961703207746375
2025/05/07 10:27:56.217343847,1746606476,216232624,hemisphere,0.0,0.0,0.08738176990945899,0.9961748974389439
2025/05/07 10:27:56.265763114,1746606476,265330157,hemisphere,0.0,0.0,0.08733830349657644,0.9961787092396324
2025/05/07 10:27:56.315458513,1746606476,315010985,hemisphere,0.0,0.0,0.08731222356902732,0.9961809954096857
2025/05/07 10:27:56.366697492,1746606476,365625226,hemisphere,0.0,0.0,0.08726875689013677,0.9961848041758368
2025/05/07 10:27:56.415660628,1746606476,415122714,hemisphere,0.0,0.0,0.08718182303399631,0.9961924160183458
2025/05/07 10:27:56.466474953,1746606476,465658060,hemisphere,0.0,0.0,0.08715574274765817,0.9961946980917455
2025/05/07 10:27:56.515639181,1746606476,515108059,hemisphere,0.0,0.0,0.08706011452014968,0.9962030598526278
2025/05/07 10:27:56.566362717,1746606476,565577074,hemisphere,0.0,0.0,0.08699056621439445,0.9962091353675187
2025/05/07 10:27:56.616459990,1746606476,615296707,hemisphere,0.0,0.0,0.08690363023601623,0.9962167229332188
2025/05/07 10:27:56.665573650,1746606476,664986917,hemisphere,0.0,0.0,0.08681669359582903,0.9962243029122949
2025/05/07 10:27:56.715911411,1746606476,715369391,hemisphere,0.0,0.0,0.08671236875494867,0.996233388872761
2025/05/07 10:27:56.765568253,1746606476,765060971,hemisphere,0.0,0.0,0.0866515121585607,0.9962386839711831
2025/05/07 10:27:56.816028741,1746606476,815498907,hemisphere,0.0,0.0,0.08657326748811646,0.9962454864923761
2025/05/07 10:27:56.865650156,1746606476,865162514,hemisphere,0.0,0.0,0.08651241015298652,0.9962507730935628
2025/05/07 10:27:56.918161449,1746606476,916198833,hemisphere,0.0,0.0,0.08643416453349384,0.9962575646896725
2025/05/07 10:27:56.966410561,1746606476,965466906,hemisphere,0.0,0.0,0.08633853027454973,0.9962658571837292
2025/05/07 10:27:57.15605257,1746606477,15051211,hemisphere,0.0,0.0,0.08626028347089167,0.9962726351232987
2025/05/07 10:27:57.66133762,1746606477,65474579,hemisphere,0.0,0.0,0.08618203613513681,0.9962794069173577
2025/05/07 10:27:57.115747368,1746606477,115179835,hemisphere,0.0,0.0,0.08605162272775235,0.996290679583986
2025/05/07 10:27:57.165998099,1746606477,165538815,hemisphere,0.0,0.0,0.08594729094011819,0.9962996854260543
2025/05/07 10:27:57.215712851,1746606477,215274128,hemisphere,0.0,0.0,0.08582556933005457,0.9963101784329879
2025/05/07 10:27:57.265421442,1746606477,264955874,hemisphere,0.0,0.0,0.08570384643893678,0.996320656568743
2025/05/07 10:27:57.315904141,1746606477,315381478,hemisphere,0.0,0.0,0.08559081689456337,0.9963303729503188
2025/05/07 10:27:57.365606603,1746606477,365080463,hemisphere,0.0,0.0,0.08544300736695053,0.9963430596396461
2025/05/07 10:27:57.416610043,1746606477,416182453,hemisphere,0.0,0.0,0.08532997528270783,0.9963527464298236
2025/05/07 10:27:57.466344497,1746606477,465869522,hemisphere,0.0,0.0,0.0851995522825036,0.9963639075613192
2025/05/07 10:27:57.515365222,1746606477,514822841,hemisphere,0.0,0.0,0.08508651783470592,0.9963735667322595
2025/05/07 10:27:57.566450226,1746606477,565989073,hemisphere,0.0,0.0,0.08493000679176282,0.9963869197989058
2025/05/07 10:27:57.616162886,1746606477,615722117,hemisphere,0.0,0.0,0.08480827453160218,0.9963972885204839
2025/05/07 10:27:57.667169585,1746606477,666140671,hemisphere,0.0,0.0,0.08468654100557171,0.9964076423695835
2025/05/07 10:27:57.715714234,1746606477,715106596,hemisphere,0.0,0.0,0.08458219697710823,0.996416505259987
2025/05/07 10:27:57.765947451,1746606477,765550117,hemisphere,0.0,0.0,0.08446915656626361,0.9964260943938512
2025/05/07 10:27:57.815750967,1746606477,815222805,hemisphere,0.0,0.0,0.08431263727991117,0.9964393504849687
2025/05/07 10:27:57.865431387,1746606477,864935124,hemisphere,0.0,0.0,0.08418220295197855,0.9964503784464894
2025/05/07 10:27:57.915963116,1746606477,915383208,hemisphere,0.0,0.0,0.08405176718160665,0.9964613893341021
2025/05/07 10:27:57.965384295,1746606477,965047735,hemisphere,0.0,0.0,0.08389524235628733,0.9964745798614132
2025/05/07 10:27:58.16011454,1746606478,15481071,hemisphere,0.0,0.0,0.08375610744030085,0.9964862841336296
2025/05/07 10:27:58.65572903,1746606478,65144659,hemisphere,0.0,0.0,0.0836343630492576,0.9964965094356051
2025/05/07 10:27:58.116029120,1746606478,115634332,hemisphere,0.0,0.0,0.08346913652218264,0.9965103628403676
2025/05/07 10:27:58.165753040,1746606478,165286623,hemisphere,0.0,0.0,0.08326042605068376,0.9965278227193953
2025/05/07 10:27:58.215580360,1746606478,214983899,hemisphere,0.0,0.0,0.08310389079979552,0.9965408889423132
2025/05/07 10:27:58.266931219,1746606478,266118279,hemisphere,0.0,0.0,0.08291256715334909,0.9965568253782829
2025/05/07 10:27:58.315713126,1746606478,315088392,hemisphere,0.0,0.0,0.08272124045085257,0.996572725082456
2025/05/07 10:27:58.365909892,1746606478,365493595,hemisphere,0.0,0.0,0.08253860757229009,0.9965878678069624
2025/05/07 10:27:58.416028433,1746606478,415294979,hemisphere,0.0,0.0,0.08234727491696696,0.9966036957154782
2025/05/07 10:27:58.466590823,1746606478,465238266,hemisphere,0.0,0.0,0.08214724207758368,0.996620203798341
2025/05/07 10:27:58.516049727,1746606478,515301957,hemisphere,0.0,0.0,0.08194720592884505,0.9966366717317076
2025/05/07 10:27:58.565539033,1746606478,565017265,hemisphere,0.0,0.0,0.08175586391474023,0.99665238609836
2025/05/07 10:27:58.616154093,1746606478,615426143,hemisphere,0.0,0.0,0.08152972855901193,0.9966709102613028
2025/05/07 10:27:58.665622156,1746606478,665155772,hemisphere,0.0,0.0,0.08132098450507606,0.9966879639481583
2025/05/07 10:27:58.716203730,1746606478,715639892,hemisphere,0.0,0.0,0.08112963265511353,0.9967035580879836
2025/05/07 10:27:58.765929743,1746606478,765271928,hemisphere,0.0,0.0,0.08090348570494844,0.9967219401622447
2025/05/07 10:27:58.815676289,1746606478,814997192,hemisphere,0.0,0.0,0.08065993817804229,0.9967416788582257
2025/05/07 10:27:58.866954546,1746606478,866400564,hemisphere,0.0,0.0,0.08044248095910393,0.9967592524060884
2025/05/07 10:27:58.915590574,1746606478,915052263,hemisphere,0.0,0.0,0.08020762286247676,0.9967781785506497
2025/05/07 10:27:58.965995560,1746606478,965497017,hemisphere,0.0,0.0,0.07999885637132009,0.9967949553339849
2025/05/07 10:27:59.15812138,1746606479,15210127,hemisphere,0.0,0.0,0.07976398987470307,0.9968137769509751
2025/05/07 10:27:59.66098899,1746606479,65571086,hemisphere,0.0,0.0,0.07957261389907253,0.9968290721669735
2025/05/07 10:27:59.116470001,1746606479,115559191,hemisphere,0.0,0.0,0.07931164193430944,0.9968498700675463
2025/05/07 10:27:59.165372220,1746606479,164991840,hemisphere,0.0,0.0,0.07908546183380492,0.9968678396490348
2025/05/07 10:27:59.216291787,1746606479,215470752,hemisphere,0.0,0.0,0.07885057818958015,0.9968864460504863
2025/05/07 10:27:59.265534377,1746606479,265115272,hemisphere,0.0,0.0,0.07862438980211628,0.9969043110189889
2025/05/07 10:27:59.316430665,1746606479,315568876,hemisphere,0.0,0.0,0.07838079778164056,0.9969234928213466
2025/05/07 10:27:59.365837256,1746606479,365296446,hemisphere,0.0,0.0,0.0781720008960012,0.9969398869921474
2025/05/07 10:27:59.415490322,1746606479,414982952,hemisphere,0.0,0.0,0.07792840019618037,0.9969589582539815
2025/05/07 10:27:59.466462110,1746606479,466063624,hemisphere,0.0,0.0,0.0777021953799566,0.9969766139850699
2025/05/07 10:27:59.519586233,1746606479,516040620,hemisphere,0.0,0.0,0.0775455897016734,0.9969888071176225
2025/05/07 10:27:59.567262767,1746606479,566270529,hemisphere,0.0,0.0,0.07735418016354705,0.9970036764281391
2025/05/07 10:27:59.616722923,1746606479,615945927,hemisphere,0.0,0.0,0.07710186323541636,0.9970232207354186
2025/05/07 10:27:59.667182762,1746606479,665805911,hemisphere,0.0,0.0,0.07689304549086186,0.9970393470446091
2025/05/07 10:27:59.718967411,1746606479,717825860,hemisphere,0.0,0.0,0.07671032719722629,0.9970534216887752
2025/05/07 10:27:59.766692234,1746606479,765948534,hemisphere,0.0,0.0,0.07651890526938625,0.997068130639213
2025/05/07 10:27:59.817202569,1746606479,816045971,hemisphere,0.0,0.0,0.0762839745039523,0.9970861323044666
2025/05/07 10:27:59.866807976,1746606479,865882176,hemisphere,0.0,0.0,0.07612735164006837,0.9970981026620547
2025/05/07 10:27:59.925020279,1746606479,918002174,hemisphere,0.0,0.0,0.07592721969213839,0.9971133623163526
2025/05/07 10:27:59.965982328,1746606479,965339082,hemisphere,0.0,0.0,0.0757618909929244,0.9971259378198806
2025/05/07 10:28:00.16625589,1746606480,15501119,hemisphere,0.0,0.0,0.07555305176474306,0.99714178348369
2025/05/07 10:28:00.66078747,1746606480,65393968,hemisphere,0.0,0.0,0.07537901654257785,0.9971549547914175
2025/05/07 10:28:00.116684359,1746606480,115824874,hemisphere,0.0,0.0,0.07521368095460591,0.9971674393988498
2025/05/07 10:28:00.166026790,1746606480,165537898,hemisphere,0.0,0.0,0.07508315139801168,0.9971772763035384
2025/05/07 10:28:00.215958360,1746606480,215237083,hemisphere,0.0,0.0,0.07492651423207647,0.9971890580351503
2025/05/07 10:28:00.265247515,1746606480,264859699,hemisphere,0.0,0.0,0.07479598184806965,0.9971988573496178
2025/05/07 10:28:00.315763016,1746606480,315306472,hemisphere,0.0,0.0,0.07462193667616655,0.9972118965228495
2025/05/07 10:28:00.365513467,1746606480,365051743,hemisphere,0.0,0.0,0.07449140130521813,0.9972216559680125
2025/05/07 10:28:00.416001064,1746606480,415415446,hemisphere,0.0,0.0,0.07432605466997338,0.997233993402349
2025/05/07 10:28:00.465529383,1746606480,465099347,hemisphere,0.0,0.0,0.07418681381313201,0.9972443615565123
2025/05/07 10:28:00.516122232,1746606480,515573930,hemisphere,0.0,0.0,0.0740475715099805,0.9972547102688833
2025/05/07 10:28:00.565633991,1746606480,565195089,hemisphere,0.0,0.0,0.0739170305396466,0.9972643945294553
2025/05/07 10:28:00.615784218,1746606480,615018500,hemisphere,0.0,0.0,0.07381259685135731,0.9972721296346645
2025/05/07 10:28:00.665759241,1746606480,665372867,hemisphere,0.0,0.0,0.07367335067469846,0.9972824260962202
2025/05/07 10:28:00.715763730,1746606480,715053938,hemisphere,0.0,0.0,0.07356891509948409,0.9972901356832349
2025/05/07 10:28:00.765847522,1746606480,765432843,hemisphere,0.0,0.0,0.07346447871749624,0.9972978343337394
2025/05/07 10:28:00.816192206,1746606480,815194289,hemisphere,0.0,0.0,0.07333393210723103,0.997307442267274
2025/05/07 10:28:00.866129651,1746606480,865600369,hemisphere,0.0,0.0,0.0732120874705783,0.9973163942542008
2025/05/07 10:28:00.916214617,1746606480,915289282,hemisphere,0.0,0.0,0.073133758198417,0.9973221412421243
2025/05/07 10:28:00.965459213,1746606480,964938892,hemisphere,0.0,0.0,0.072985801676098,0.997332979878685
2025/05/07 10:28:01.16133313,1746606481,15414604,hemisphere,0.0,0.0,0.07288136081067378,0.9973406174654597
2025/05/07 10:28:01.67111405,1746606481,65486196,hemisphere,0.0,0.0,0.07275951212428358,0.9973495141601245
2025/05/07 10:28:01.116153052,1746606481,115535046,hemisphere,0.0,0.0,0.0726202551529719,0.99735966358256
2025/05/07 10:28:01.165727410,1746606481,165275816,hemisphere,0.0,0.0,0.07248970045650976,0.9973691610069592
2025/05/07 10:28:01.215417947,1746606481,214917762,hemisphere,0.0,0.0,0.07240266330201277,0.9973754831289846
2025/05/07 10:28:01.265718057,1746606481,265353872,hemisphere,0.0,0.0,0.07231562559613801,0.9973817976555615
2025/05/07 10:28:01.340732423,1746606481,315054645,hemisphere,0.0,0.0,0.07218506800494236,0.9973912552038552
2025/05/07 10:28:01.365887017,1746606481,365471043,hemisphere,0.0,0.0,0.07207191709200067,0.9973994379217807
2025/05/07 10:28:01.416789632,1746606481,416003930,hemisphere,0.0,0.0,0.07194135719378754,0.9974088635685548
2025/05/07 10:28:01.466760916,1746606481,466288298,hemisphere,0.0,0.0,0.07179338781907402,0.9974195253079118
2025/05/07 10:28:01.517871296,1746606481,517231822,hemisphere,0.0,0.0,0.07166282529381446,0.9974289144951174
2025/05/07 10:28:01.566201332,1746606481,565712226,hemisphere,0.0,0.0,0.07157578292799047,0.997435164458445
2025/05/07 10:28:01.618911453,1746606481,616565496,hemisphere,0.0,0.0,0.07144521835743521,0.9974445251611032
2025/05/07 10:28:01.666257522,1746606481,665823208,hemisphere,0.0,0.0,0.07134076581946354,0.9974520014177587
2025/05/07 10:28:01.716181355,1746606481,715535075,hemisphere,0.0,0.0,0.07121890353645409,0.9974607098924074
2025/05/07 10:28:01.765765899,1746606481,765210316,hemisphere,0.0,0.0,0.07110574475034523,0.9974687830020039
2025/05/07 10:28:01.817280939,1746606481,814975851,hemisphere,0.0,0.0,0.0709403571864255,0.9974805590698309
2025/05/07 10:28:01.866567518,1746606481,865355633,hemisphere,0.0,0.0,0.07080108193552542,0.9974904544890437
2025/05/07 10:28:01.916085528,1746606481,915166933,hemisphere,0.0,0.0,0.070644395628504,0.9975015635908966
2025/05/07 10:28:01.966203691,1746606481,965503468,hemisphere,0.0,0.0,0.07051382237430218,0.9975108023746737
2025/05/07 10:28:02.15973561,1746606482,15131043,hemisphere,0.0,0.0,0.07033972282294267,0.9975230941653389
2025/05/07 10:28:02.66794978,1746606482,66265326,hemisphere,0.0,0.0,0.0701917365194039,0.9975335182961977
2025/05/07 10:28:02.115903704,1746606482,115270917,hemisphere,0.0,0.0,0.07005245388129828,0.9975433091877308
2025/05/07 10:28:02.165358701,1746606482,164965605,hemisphere,0.0,0.0,0.069921875167682,0.997552470486157
2025/05/07 10:28:02.216195200,1746606482,215337063,hemisphere,0.0,0.0,0.06973906295632512,0.997565267588028
2025/05/07 10:28:02.265532072,1746606482,265085710,hemisphere,0.0,0.0,0.06958236491079176,0.9975762098674074
2025/05/07 10:28:02.316617235,1746606482,315560286,hemisphere,0.0,0.0,0.06940825395785814,0.9975883390870813
2025/05/07 10:28:02.365847142,1746606482,365215580,hemisphere,0.0,0.0,0.0692254351818616,0.9976010420623477
2025/05/07 10:28:02.415402676,1746606482,414917998,hemisphere,0.0,0.0,0.06905131990032876,0.997613108985654
2025/05/07 10:28:02.465861945,1746606482,465364120,hemisphere,0.0,0.0,0.06886849659100489,0.9976257465489224
2025/05/07 10:28:02.515582266,1746606482,515048349,hemisphere,0.0,0.0,0.06868567096879657,0.9976383506078574
2025/05/07 10:28:02.565871409,1746606482,565416764,hemisphere,0.0,0.0,0.06854637370801975,0.9976479312119484
2025/05/07 10:28:02.615979749,1746606482,615132584,hemisphere,0.0,0.0,0.06831130655159919,0.9976640543776314
2025/05/07 10:28:02.666079137,1746606482,665567243,hemisphere,0.0,0.0,0.0681110611673175,0.9976777452397453
2025/05/07 10:28:02.715848322,1746606482,715255415,hemisphere,0.0,0.0,0.06788469351620131,0.9976931734687832
2025/05/07 10:28:02.765361625,1746606482,764967453,hemisphere,0.0,0.0,0.06772797540213664,0.9977038244629153
2025/05/07 10:28:02.815990788,1746606482,815379894,hemisphere,0.0,0.0,0.06756254891329741,0.9977150404721472
2025/05/07 10:28:02.865495484,1746606482,865089720,hemisphere,0.0,0.0,0.0673448796514933,0.9977297565897922
2025/05/07 10:28:02.916305973,1746606482,915525365,hemisphere,0.0,0.0,0.0671620349940342,0.9977420814295948
2025/05/07 10:28:02.965732975,1746606482,965219776,hemisphere,0.0,0.0,0.06693565276992781,0.9977572943297702
2025/05/07 10:28:03.16536612,1746606483,15678879,hemisphere,0.0,0.0,0.0667615102521052,0.9977689616082764
2025/05/07 10:28:03.65747071,1746606483,65318795,hemisphere,0.0,0.0,0.06656124384281017,0.9977823414042253
2025/05/07 10:28:03.115656651,1746606483,115041835,hemisphere,0.0,0.0,0.0663435599220498,0.9977968390693917
2025/05/07 10:28:03.165889886,1746606483,165430863,hemisphere,0.0,0.0,0.06613458038720747,0.9978107121478542
2025/05/07 10:28:03.216358099,1746606483,215145854,hemisphere,0.0,0.0,0.0659343056106703,0.9978239661100744
2025/05/07 10:28:03.266020229,1746606483,265547681,hemisphere,0.0,0.0,0.0657514437121014,0.9978360324471022
2025/05/07 10:28:03.316190056,1746606483,315286287,hemisphere,0.0,0.0,0.06549891650890667,0.9978526403914354
2025/05/07 10:28:03.365512304,1746606483,364941578,hemisphere,0.0,0.0,0.06528121727656806,0.9978669062910592
2025/05/07 10:28:03.416160158,1746606483,415361612,hemisphere,0.0,0.0,0.06507222309018106,0.9978805568714634
2025/05/07 10:28:03.465583655,1746606483,465099124,hemisphere,0.0,0.0,0.06479355973642517,0.9978986895555492
2025/05/07 10:28:03.516740909,1746606483,516265972,hemisphere,0.0,0.0,0.06457585047450376,0.9979128015691023
2025/05/07 10:28:03.566515868,1746606483,565945479,hemisphere,0.0,0.0,0.06432330388078297,0.9979291120003767
2025/05/07 10:28:03.616195018,1746606483,615631600,hemisphere,0.0,0.0,0.0640359182638746,0.9979475944016812
2025/05/07 10:28:03.665781642,1746606483,665317983,hemisphere,0.0,0.0,0.06369627387171546,0.9979693305381981
2025/05/07 10:28:03.715580904,1746606483,714988740,hemisphere,0.0,0.0,0.06344371300022025,0.9979854183708026
2025/05/07 10:28:03.765981363,1746606483,765423262,hemisphere,0.0,0.0,0.06313018350868148,0.9980053005521364
2025/05/07 10:28:03.815786016,1746606483,815180292,hemisphere,0.0,0.0,0.0628166477864434,0.9980250842342961
2025/05/07 10:28:03.866358406,1746606483,865587401,hemisphere,0.0,0.0,0.06252923459399116,0.9980431327458196
2025/05/07 10:28:03.916155174,1746606483,915297516,hemisphere,0.0,0.0,0.06225052593964096,0.9980605552872222
2025/05/07 10:28:03.965454102,1746606483,964947793,hemisphere,0.0,0.0,0.0619979420279457,0.9980762772375164
2025/05/07 10:28:04.16339623,1746606484,15364953,hemisphere,0.0,0.0,0.06172793414563044,0.9980930127729143
2025/05/07 10:28:04.65373553,1746606484,65013885,hemisphere,0.0,0.0,0.061457921745797374,0.9981096752635391
2025/05/07 10:28:04.116152534,1746606484,115494439,hemisphere,0.0,0.0,0.06114435331579999,0.9981289335840299
2025/05/07 10:28:04.165567258,1746606484,165148023,hemisphere,0.0,0.0,0.0609004625854082,0.9981438441712113
2025/05/07 10:28:04.216320636,1746606484,215665792,hemisphere,0.0,0.0,0.060595594060911355,0.9981623986007514
2025/05/07 10:28:04.265742933,1746606484,265289005,hemisphere,0.0,0.0,0.06029071988350704,0.9981808599126355
2025/05/07 10:28:04.315730152,1746606484,315067620,hemisphere,0.0,0.0,0.05997712914779205,0.9981997515423399
2025/05/07 10:28:04.365899252,1746606484,365448880,hemisphere,0.0,0.0,0.05967224359042914,0.9982180239531264
2025/05/07 10:28:04.415682660,1746606484,415126594,hemisphere,0.0,0.0,0.0593673524662973,0.9982362032410678
2025/05/07 10:28:04.466005214,1746606484,465553867,hemisphere,0.0,0.0,0.05907116721365159,0.9982537739492984
2025/05/07 10:28:04.515911670,1746606484,515233859,hemisphere,0.0,0.0,0.05878368831860044,0.9982707438303807
2025/05/07 10:28:04.565452705,1746606484,565002146,hemisphere,0.0,0.0,0.058513627945626194,0.9982866098193649
2025/05/07 10:28:04.616147167,1746606484,615344576,hemisphere,0.0,0.0,0.05824356329037103,0.9983024027494076
2025/05/07 10:28:04.665467940,1746606484,665017843,hemisphere,0.0,0.0,0.05798220633950287,0.9983176166671623
2025/05/07 10:28:04.716170571,1746606484,715472978,hemisphere,0.0,0.0,0.05771213331553412,0.9983332658326928
2025/05/07 10:28:04.765981827,1746606484,765290306,hemisphere,0.0,0.0,0.05744205606794129,0.9983488419358674
2025/05/07 10:28:04.816730416,1746606484,815691067,hemisphere,0.0,0.0,0.05718939935273546,0.9983633469842897
2025/05/07 10:28:04.865730665,1746606484,865273347,hemisphere,0.0,0.0,0.05688446395802141,0.9983807679238461
2025/05/07 10:28:04.915597242,1746606484,915047193,hemisphere,0.0,0.0,0.05659694858200541,0.9983971080743402
2025/05/07 10:28:04.966085489,1746606484,965426766,hemisphere,0.0,0.0,0.05623101313634259,0.9984177848784849
2025/05/07 10:28:05.15499068,1746606485,15064495,hemisphere,0.0,0.0,0.05595220010495564,0.9984334486100789
2025/05/07 10:28:05.65870105,1746606485,65489685,hemisphere,0.0,0.0,0.0556559564787572,0.9984500060135383
2025/05/07 10:28:05.115834589,1746606485,115265323,hemisphere,0.0,0.0,0.055359707952918155,0.9984664755190169
2025/05/07 10:28:05.167647303,1746606485,166285197,hemisphere,0.0,0.0,0.05513316167280184,0.9984790105375079
2025/05/07 10:28:05.216131364,1746606485,215386463,hemisphere,0.0,0.0,0.0548717585927152,0.9984934101479803
2025/05/07 10:28:05.265738185,1746606485,265123648,hemisphere,0.0,0.0,0.05456678358057432,0.9985101231983934
2025/05/07 10:28:05.317457839,1746606485,315450918,hemisphere,0.0,0.0,0.05421823447796788,0.9985291097660058
2025/05/07 10:28:05.367475227,1746606485,365171272,hemisphere,0.0,0.0,0.05393067649312667,0.9985446820913894
2025/05/07 10:28:05.424582610,1746606485,422590606,hemisphere,0.0,0.0,0.05361697177316073,0.9985615756366135
2025/05/07 10:28:05.466476282,1746606485,465969423,hemisphere,0.0,0.0,0.053259690509668056,0.9985806954707338
2025/05/07 10:28:05.516141715,1746606485,515361382,hemisphere,0.0,0.0,0.05298083210091709,0.998595529446179
2025/05/07 10:28:05.566788005,1746606485,566171868,hemisphere,0.0,0.0,0.05266711145365673,0.9986121245864824
2025/05/07 10:28:05.616340492,1746606485,615925309,hemisphere,0.0,0.0,0.05236210028508929,0.9986281642602187
2025/05/07 10:28:05.666670054,1746606485,666224335,hemisphere,0.0,0.0,0.05207451385156848,0.9986432020532272
2025/05/07 10:28:05.716799398,1746606485,715283047,hemisphere,0.0,0.0,0.05176077827224217,0.9986595124629074
2025/05/07 10:28:05.766266299,1746606485,765637361,hemisphere,0.0,0.0,0.05142960739694796,0.9986766220769343
2025/05/07 10:28:05.817237637,1746606485,815390097,hemisphere,0.0,0.0,0.051037424049078316,0.9986967414317695
2025/05/07 10:28:05.865682635,1746606485,865016199,hemisphere,0.0,0.0,0.050741102518663,0.99871184058025
2025/05/07 10:28:05.917414560,1746606485,915640325,hemisphere,0.0,0.0,0.050409914346773554,0.9987286120541211
2025/05/07 10:28:05.965688606,1746606485,965145218,hemisphere,0.0,0.0,0.05007000493284858,0.9987457106821659
2025/05/07 10:28:06.16152186,1746606486,15594774,hemisphere,0.0,0.0,0.04973008971927625,0.9987626936247233
2025/05/07 10:28:06.66496918,1746606486,65958907,hemisphere,0.0,0.0,0.04938145274762917,0.9987799918523267
2025/05/07 10:28:06.115511440,1746606486,114960808,hemisphere,0.0,0.0,0.049024093607561034,0.9987975962355722
2025/05/07 10:28:06.165751812,1746606486,165326591,hemisphere,0.0,0.0,0.04860571396015343,0.998818043774953
2025/05/07 10:28:06.215758110,1746606486,215135435,hemisphere,0.0,0.0,0.048257057736160375,0.9988349495180117
2025/05/07 10:28:06.265958932,1746606486,265578132,hemisphere,0.0,0.0,0.0478560958120739,0.9988542406645855
2025/05/07 10:28:06.315979574,1746606486,315216172,hemisphere,0.0,0.0,0.04753357736098039,0.99886964065551
2025/05/07 10:28:06.366139981,1746606486,365649779,hemisphere,0.0,0.0,0.0472023370369661,0.9988853484651022
2025/05/07 10:28:06.415985559,1746606486,415302961,hemisphere,0.0,0.0,0.04679263788090191,0.998904624596436
2025/05/07 10:28:06.465543266,1746606486,465075742,hemisphere,0.0,0.0,0.04638293085314774,0.9989237326870717
2025/05/07 10:28:06.516559532,1746606486,515435111,hemisphere,0.0,0.0,0.045973216022626495,0.9989426727337946
2025/05/07 10:28:06.565562111,1746606486,565163295,hemisphere,0.0,0.0,0.0455111878968957,0.9989638290630014
2025/05/07 10:28:06.616504286,1746606486,615550295,hemisphere,0.0,0.0,0.04514504548175643,0.9989804426856665
2025/05/07 10:28:06.665598712,1746606486,665225281,hemisphere,0.0,0.0,0.04477017910754065,0.9989973128405696
2025/05/07 10:28:06.715735065,1746606486,714933936,hemisphere,0.0,0.0,0.044465050658266544,0.9990109405156471
2025/05/07 10:28:06.765954520,1746606486,765362614,hemisphere,0.0,0.0,0.04409017288774359,0.9990275555032148
2025/05/07 10:28:06.815639523,1746606486,815031294,hemisphere,0.0,0.0,0.04365426070046006,0.9990466983693487
2025/05/07 10:28:06.865841018,1746606486,865467428,hemisphere,0.0,0.0,0.04312243658524986,0.9990697950908891
2025/05/07 10:28:06.915768994,1746606486,915208685,hemisphere,0.0,0.0,0.04266906866897316,0.9990892605663032
2025/05/07 10:28:06.966044483,1746606486,965563480,hemisphere,0.0,0.0,0.04225928625918334,0.9991066773497534
2025/05/07 10:28:07.16462593,1746606487,15376359,hemisphere,0.0,0.0,0.04189309170583779,0.9991220990786494
2025/05/07 10:28:07.65298592,1746606487,64951170,hemisphere,0.0,0.0,0.04149201502528606,0.9991388355424593
2025/05/07 10:28:07.116680612,1746606487,115450255,hemisphere,0.0,0.0,0.04102989665115998,0.9991579192403948
2025/05/07 10:28:07.165638050,1746606487,165114125,hemisphere,0.0,0.0,0.04051545267008904,0.9991789119546799
2025/05/07 10:28:07.216099279,1746606487,215540310,hemisphere,0.0,0.0,0.0400533158645839,0.999197543976291
2025/05/07 10:28:07.265613672,1746606487,265219686,hemisphere,0.0,0.0,0.03960861009341918,0.9992152711035133
2025/05/07 10:28:07.316458647,1746606487,314972611,hemisphere,0.0,0.0,0.03915517652401025,0.9992331420401215
2025/05/07 10:28:07.365776611,1746606487,365318673,hemisphere,0.0,0.0,0.03865813431328845,0.9992524949438034
2025/05/07 10:28:07.415894933,1746606487,415049964,hemisphere,0.0,0.0,0.03815236224632956,0.9992719335871617
2025/05/07 10:28:07.466757617,1746606487,466222077,hemisphere,0.0,0.0,0.03765530086402326,0.9992907876673536
2025/05/07 10:28:07.515691535,1746606487,515182674,hemisphere,0.0,0.0,0.03724543621913726,0.9993061480251416
2025/05/07 10:28:07.566839722,1746606487,566317059,hemisphere,0.0,0.0,0.03683556530863894,0.9993213402746851
2025/05/07 10:28:07.616737631,1746606487,616171202,hemisphere,0.0,0.0,0.03639080475950629,0.9993376353009805
2025/05/07 10:28:07.665548308,1746606487,665019364,hemisphere,0.0,0.0,0.035902431935415334,0.9993552998714336
2025/05/07 10:28:07.716323707,1746606487,715385277,hemisphere,0.0,0.0,0.03542277170801484,0.9993724166918566
2025/05/07 10:28:07.765796419,1746606487,765194734,hemisphere,0.0,0.0,0.03496926725917918,0.9993883881391439
2025/05/07 10:28:07.816355189,1746606487,815589766,hemisphere,0.0,0.0,0.03459424852157599,0.9994014398474856
2025/05/07 10:28:07.865698542,1746606487,865213100,hemisphere,0.0,0.0,0.03418433874990958,0.9994155446981158
2025/05/07 10:28:07.915605937,1746606487,914913061,hemisphere,0.0,0.0,0.03372209317603361,0.9994312484767659
2025/05/07 10:28:07.965941999,1746606487,965362572,hemisphere,0.0,0.0,0.033233674922587456,0.9994476088575828
2025/05/07 10:28:08.17138468,1746606488,15041726,hemisphere,0.0,0.0,0.03275397069745256,0.9994634447560103
2025/05/07 10:28:08.66540425,1746606488,66131487,hemisphere,0.0,0.0,0.03238764602048033,0.9994753825809078
2025/05/07 10:28:08.115984089,1746606488,115157584,hemisphere,0.0,0.0,0.03201259482033822,0.9994874655406484
2025/05/07 10:28:08.166356464,1746606488,165653090,hemisphere,0.0,0.0,0.03162009455216684,0.9994999597901504
2025/05/07 10:28:08.216572003,1746606488,215271993,hemisphere,0.0,0.0,0.03114908779908267,0.9995147494305849
2025/05/07 10:28:08.265387097,1746606488,264961735,hemisphere,0.0,0.0,0.030669351588897293,0.999529584791324
2025/05/07 10:28:08.316428037,1746606488,315526745,hemisphere,0.0,0.0,0.030241944283499165,0.9995426077991643
2025/05/07 10:28:08.365736794,1746606488,365154691,hemisphere,0.0,0.0,0.029875590760485005,0.9995536249129969
2025/05/07 10:28:08.416089662,1746606488,415558418,hemisphere,0.0,0.0,0.029413281783678663,0.9995673358282142
2025/05/07 10:28:08.465644387,1746606488,465217831,hemisphere,0.0,0.0,0.02899458142896681,0.9995795687426585
2025/05/07 10:28:08.516313157,1746606488,515632943,hemisphere,0.0,0.0,0.028567152903261502,0.9995918756047398
2025/05/07 10:28:08.565835892,1746606488,565367451,hemisphere,0.0,0.0,0.028104826374991156,0.9996049813473479
2025/05/07 10:28:08.617206781,1746606488,615042146,hemisphere,0.0,0.0,0.027712280259785078,0.9996159410107479
2025/05/07 10:28:08.665820663,1746606488,665409554,hemisphere,0.0,0.0,0.02732845325896565,0.9996265080731266
2025/05/07 10:28:08.715679352,1746606488,715139756,hemisphere,0.0,0.0,0.026857387347924297,0.9996392753112713
2025/05/07 10:28:08.766083907,1746606488,765561967,hemisphere,0.0,0.0,0.02643865708350127,0.999650437608878
2025/05/07 10:28:08.816176236,1746606488,815325513,hemisphere,0.0,0.0,0.02603736955946012,0.9996609702226171
2025/05/07 10:28:08.865369896,1746606488,864981268,hemisphere,0.0,0.0,0.025653525392135057,0.9996708941621513
2025/05/07 10:28:08.916396847,1746606488,915399785,hemisphere,0.0,0.0,0.025287125157909707,0.9996802295240454
2025/05/07 10:28:08.965657681,1746606488,965103045,hemisphere,0.0,0.0,0.024850929977787508,0.9996911679510023
2025/05/07 10:28:09.16494019,1746606489,15523073,hemisphere,0.0,0.0,0.024406006020482707,0.9997021290715191
2025/05/07 10:28:09.65775069,1746606489,65198215,hemisphere,0.0,0.0,0.023987249642998153,0.9997122645314324
2025/05/07 10:28:09.116366576,1746606489,115674830,hemisphere,0.0,0.0,0.023533592153519328,0.9997230466686021
2025/05/07 10:28:09.165719777,1746606489,165271793,hemisphere,0.0,0.0,0.02310610277510338,0.9997330183676773
2025/05/07 10:28:09.215651744,1746606489,215038036,hemisphere,0.0,0.0,0.022626262729771664,0.9997439933477387
2025/05/07 10:28:09.266325302,1746606489,265524160,hemisphere,0.0,0.0,0.022198764477388347,0.9997535770657074
2025/05/07 10:28:09.315738426,1746606489,315137653,hemisphere,0.0,0.0,0.02171019008048524,0.999764306047515
2025/05/07 10:28:09.365941029,1746606489,365504701,hemisphere,0.0,0.0,0.021256509209763946,0.9997740548825096
2025/05/07 10:28:09.416250744,1746606489,415332017,hemisphere,0.0,0.0,0.02070685153043101,0.9997855901640594
2025/05/07 10:28:09.465799435,1746606489,465077416,hemisphere,0.0,0.0,0.020192087072860944,0.9997961190260953
2025/05/07 10:28:09.516244547,1746606489,515388938,hemisphere,0.0,0.0,0.019720942026916457,0.9998055233121945
2025/05/07 10:28:09.565623780,1746606489,565077934,hemisphere,0.0,0.0,0.019284692706928955,0.9998140330217412
2025/05/07 10:28:09.619446340,1746606489,616301387,hemisphere,0.0,0.0,0.0188309895205542,0.9998226811958593
2025/05/07 10:28:09.665707741,1746606489,665188483,hemisphere,0.0,0.0,0.018403457967778553,0.9998306420263525
2025/05/07 10:28:09.716762675,1746606489,715914509,hemisphere,0.0,0.0,0.01791484636303016,0.9998395162623795
2025/05/07 10:28:09.765723837,1746606489,765274099,hemisphere,0.0,0.0,0.017365153199445642,0.9998492143590252
2025/05/07 10:28:09.815955969,1746606489,815029284,hemisphere,0.0,0.0,0.016876532642527677,0.999857581181423
2025/05/07 10:28:09.865757860,1746606489,865374191,hemisphere,0.0,0.0,0.016353006147771028,0.9998662806545339
2025/05/07 10:28:09.916352159,1746606489,915127453,hemisphere,0.0,0.0,0.01589927955402186,0.9998735984661576
2025/05/07 10:28:09.966156918,1746606489,965578763,hemisphere,0.0,0.0,0.015445549686271232,0.9998807103824381
2025/05/07 10:28:10.16162547,1746606490,15283462,hemisphere,0.0,0.0,0.014974365304613189,0.9998878779061801
2025/05/07 10:28:10.65378208,1746606490,64936007,hemisphere,0.0,0.0,0.014555531948277096,0.9998940626334886
2025/05/07 10:28:10.116465170,1746606490,115359343,hemisphere,0.0,0.0,0.014075615592133986,0.999900933615777
2025/05/07 10:28:10.165700629,1746606490,165077887,hemisphere,0.0,0.0,0.013560792626386072,0.9999080482241076
2025/05/07 10:28:10.216487757,1746606490,215526571,hemisphere,0.0,0.0,0.013124499157870778,0.9999138700517436
2025/05/07 10:28:10.265580752,1746606490,265132012,hemisphere,0.0,0.0,0.012688203190636108,0.9999195015098932
2025/05/07 10:28:10.318361000,1746606490,315825219,hemisphere,0.0,0.0,0.012225726829769266,0.999925263008933
2025/05/07 10:28:10.365823442,1746606490,365282261,hemisphere,0.0,0.0,0.011780699936749227,0.9999306051466773
2025/05/07 10:28:10.415587877,1746606490,414974996,hemisphere,0.0,0.0,0.011292040271630244,0.9999362428807669
2025/05/07 10:28:10.466530540,1746606490,466144597,hemisphere,0.0,0.0,0.010820830182076658,0.9999414531032158
2025/05/07 10:28:10.515809878,1746606490,515107992,hemisphere,0.0,0.0,0.01035834386806128,0.9999463509170434
2025/05/07 10:28:10.566764094,1746606490,566260325,hemisphere,0.0,0.0,0.009904581556795349,0.9999509484290642
2025/05/07 10:28:10.616709476,1746606490,616278928,hemisphere,0.0,0.0,0.009485722226312374,0.9999550095248512
2025/05/07 10:28:10.666280215,1746606490,665666234,hemisphere,0.0,0.0,0.009031956075740713,0.9999592110528538
2025/05/07 10:28:10.717078858,1746606490,715435191,hemisphere,0.0,0.0,0.00865672496535643,0.9999625298544312
2025/05/07 10:28:10.765539816,1746606490,765053445,hemisphere,0.0,0.0,0.008246587242967505,0.999965996321297
2025/05/07 10:28:10.816429613,1746606490,815483864,hemisphere,0.0,0.0,0.00781026899570058,0.9999694993839636
2025/05/07 10:28:10.865847298,1746606490,865175849,hemisphere,0.0,0.0,0.007347770031943182,0.9999730047734077
2025/05/07 10:28:10.916123498,1746606490,915642789,hemisphere,0.0,0.0,0.006972533864098079,0.9999756915903076
2025/05/07 10:28:10.965785150,1746606490,965270733,hemisphere,0.0,0.0,0.0066147496261433816,0.999978122304375
2025/05/07 10:28:11.15721198,1746606491,15046032,hemisphere,0.0,0.0,0.006256964541398405,0.9999804250057737
2025/05/07 10:28:11.65982612,1746606491,65481188,hemisphere,0.0,0.0,0.005820640187828448,0.9999830599304189
2025/05/07 10:28:11.116232975,1746606491,115138075,hemisphere,0.0,0.0,0.005366861685746309,0.9999855982941185
2025/05/07 10:28:11.165899461,1746606491,165472993,hemisphere,0.0,0.0,0.004939261699633381,0.9999878017725329
2025/05/07 10:28:11.215890630,1746606491,215250450,hemisphere,0.0,0.0,0.004502934252777835,0.9999898617401655
2025/05/07 10:28:11.265375693,1746606491,264917944,hemisphere,0.0,0.0,0.004066605948627168,0.9999917313238438
2025/05/07 10:28:11.316244273,1746606491,315332447,hemisphere,0.0,0.0,0.0036302768702521316,0.9999934105232121
2025/05/07 10:28:11.365428097,1746606491,365001042,hemisphere,0.0,0.0,0.003246306706811293,0.9999947307325001
2025/05/07 10:28:11.416568382,1746606491,415444258,hemisphere,0.0,0.0,0.0028710626751540127,0.9999958784910643
2025/05/07 10:28:11.465633494,1746606491,465122356,hemisphere,0.0,0.0,0.0025481779502608713,0.9999967533892967
2025/05/07 10:28:11.516153012,1746606491,515587857,hemisphere,0.0,0.0,0.0021729332087617086,0.9999976391778485
2025/05/07 10:28:11.565801125,1746606491,565291412,hemisphere,0.0,0.0,0.0017627816315686595,0.9999984462992527
2025/05/07 10:28:11.615608178,1746606491,614951869,hemisphere,0.0,0.0,0.0013875363101077715,0.9999990373710308
2025/05/07 10:28:11.665891993,1746606491,665425317,hemisphere,0.0,0.0,0.0010122907932687269,0.9999994876335436
2025/05/07 10:28:11.715661281,1746606491,715103406,hemisphere,0.0,0.0,0.000680678355715452,0.9999997683384613
2025/05/07 10:28:11.766124840,1746606491,765490471,hemisphere,0.0,0.0,0.00033161255180118917,0.9999999450165563
2025/05/07 10:28:11.816620999,1746606491,815411334,hemisphere,-0.0,0.0,8.726646259849582e-06,-0.9999999999619229
2025/05/07 10:28:11.866780277,1746606491,865922521,hemisphere,-0.0,0.0,0.00033161255180155747,-0.9999999450165563
2025/05/07 10:28:11.916372961,1746606491,915667154,hemisphere,-0.0,0.0,0.000663225067136148,-0.999999780066231
2025/05/07 10:28:11.967796110,1746606491,966488642,hemisphere,-0.0,0.0,0.000986110867558724,-0.9999995137925602
2025/05/07 10:28:12.16283464,1746606492,15665487,hemisphere,-0.0,0.0,0.0013002699263408698,-0.999999154648702
2025/05/07 10:28:12.65848118,1746606492,65347009,hemisphere,-0.0,0.0,0.0015969755867713694,-0.9999987248336747
2025/05/07 10:28:12.116455897,1746606492,115858933,hemisphere,-0.0,0.0,0.00191113436754981,-0.999998173781047
2025/05/07 10:28:12.165891777,1746606492,165472526,hemisphere,-0.0,0.0,0.0021816598343367562,-0.9999976201773518
2025/05/07 10:28:12.215933971,1746606492,215269288,hemisphere,-0.0,0.0,0.0024696383811308713,-0.9999969504384834
2025/05/07 10:28:12.266005110,1746606492,265588607,hemisphere,-0.0,0.0,0.0028187030094842113,-0.9999960274487816
2025/05/07 10:28:12.316920464,1746606492,315364303,hemisphere,-0.0,0.0,0.0031154076752190753,-0.9999951471057333
2025/05/07 10:28:12.366273668,1746606492,365710778,hemisphere,-0.0,0.0,0.0034295652570890895,-0.9999941190237808
2025/05/07 10:28:12.416185382,1746606492,415401824,hemisphere,-0.0,0.0,0.0037088161577782616,-0.9999931223177027
2025/05/07 10:28:12.465561578,1746606492,465069110,hemisphere,-0.0,0.0,0.0039618870372952145,-0.9999921516947539
2025/05/07 10:28:12.517496440,1746606492,515566719,hemisphere,-0.0,0.0,0.004214957663069451,-0.9999911170264957
2025/05/07 10:28:12.566306282,1746606492,565870901,hemisphere,-0.0,0.0,0.004494207694819587,-0.999989900997603
2025/05/07 10:28:12.617250312,1746606492,616366215,hemisphere,-0.0,0.0,0.004764730829083015,-0.9999886486056362
2025/05/07 10:28:12.665634694,1746606492,665278128,hemisphere,-0.0,0.0,0.0050614332198119045,-0.9999871908648438
2025/05/07 10:28:12.716446802,1746606492,715773297,hemisphere,-0.0,0.0,0.005358135164960387,-0.9999856450907454
2025/05/07 10:28:12.765898892,1746606492,765476606,hemisphere,-0.0,0.0,0.0056112040993790465,-0.9999842570703577
2025/05/07 10:28:12.815575819,1746606492,815114852,hemisphere,-0.0,0.0,0.005881725665939919,-0.9999827025019936
2025/05/07 10:28:12.866029818,1746606492,865553401,hemisphere,-0.0,0.0,0.006134793838902696,-0.9999811819752181
2025/05/07 10:28:12.916042754,1746606492,915315641,hemisphere,-0.0,0.0,0.006387861618958061,-0.9999795974038356
2025/05/07 10:28:12.966190747,1746606492,965696190,hemisphere,-0.0,0.0,0.006675834801151067,-0.9999777163665737
2025/05/07 10:28:13.16226959,1746606493,15438441,hemisphere,-0.0,0.0,0.0069987131640931845,-0.9999755087071117
2025/05/07 10:28:13.66930396,1746606493,66476522,hemisphere,-0.0,0.0,0.007181968128739781,-0.9999742093343197
2025/05/07 10:28:13.116354463,1746606493,115539929,hemisphere,-0.0,0.0,0.007443760515446209,-0.9999722948309061
2025/05/07 10:28:13.165878950,1746606493,165288564,hemisphere,-0.0,0.0,0.007749184320523026,-0.9999699746204216
2025/05/07 10:28:13.216163050,1746606493,215650295,hemisphere,-0.0,0.0,0.00802842831039654,-0.9999677716500992
2025/05/07 10:28:13.265769190,1746606493,265321244,hemisphere,-0.0,0.0,0.008307671674196682,-0.999965490700231
2025/05/07 10:28:13.316518738,1746606493,315967557,hemisphere,-0.0,0.0,0.008552009086826856,-0.99996343090164
2025/05/07 10:28:13.365901712,1746606493,365461320,hemisphere,-0.0,0.0,0.008743988124996167,-0.9999617706050917
2025/05/07 10:28:13.416306774,1746606493,415118539,hemisphere,-0.0,0.0,0.008979598321528415,-0.9999596825942454
2025/05/07 10:28:13.465971554,1746606493,465545514,hemisphere,-0.0,0.0,0.009232660569576761,-0.9999573780810895
2025/05/07 10:28:13.516068389,1746606493,515278528,hemisphere,-0.0,0.0,0.009459543462132517,-0.9999552575177991
2025/05/07 10:28:13.566022884,1746606493,565647060,hemisphere,-0.0,0.0,0.009730057042740908,-0.9999526618745235
2025/05/07 10:28:13.616716195,1746606493,615625671,hemisphere,-0.0,0.0,0.009939486423571179,-0.9999506020847408
2025/05/07 10:28:13.666271217,1746606493,665780772,hemisphere,-0.0,0.0,0.010157641564844111,-0.9999484098281471
2025/05/07 10:28:13.716201609,1746606493,715546217,hemisphere,-0.0,0.0,0.010367070045749901,-0.9999462604853656
2025/05/07 10:28:13.765734325,1746606493,765211304,hemisphere,-0.0,0.0,0.010602676542742384,-0.9999437900452854
2025/05/07 10:28:13.816654236,1746606493,815682708,hemisphere,-0.0,0.0,0.010777199495080384,-0.9999419242991281
2025/05/07 10:28:13.865836647,1746606493,865332200,hemisphere,-0.0,0.0,0.011004078841527574,-0.9999394532914728
2025/05/07 10:28:13.917128721,1746606493,916679127,hemisphere,-0.0,0.0,0.011213505428016276,-0.9999371266714803
2025/05/07 10:28:13.966003537,1746606493,965595178,hemisphere,-0.0,0.0,0.011466561896239716,-0.9999342568180569
2025/05/07 10:28:14.16664078,1746606494,15941300,hemisphere,-0.0,0.0,0.011667261332399792,-0.9999319351900916
2025/05/07 10:28:14.66063068,1746606494,65606652,hemisphere,-0.0,0.0,0.01191159044558044,-0.9999290544898958
2025/05/07 10:28:14.116242470,1746606494,115239215,hemisphere,-0.0,0.0,0.012103562822037606,-0.9999267492006667
2025/05/07 10:28:14.166227098,1746606494,165729217,hemisphere,-0.0,0.0,0.012347890655016862,-0.9999237618920613
2025/05/07 10:28:14.216152150,1746606494,215364044,hemisphere,-0.0,0.0,0.012531136046741229,-0.9999214822321691
2025/05/07 10:28:14.266252967,1746606494,265773914,hemisphere,-0.0,0.0,0.012679477246374787,-0.99991961219728
2025/05/07 10:28:14.316593095,1746606494,315496904,hemisphere,-0.0,0.0,0.0128627218720603,-0.9999172717710412
2025/05/07 10:28:14.365643281,1746606494,365167393,hemisphere,-0.0,0.0,0.01302851425657079,-0.9999151253062764
2025/05/07 10:28:14.416206621,1746606494,415675722,hemisphere,-0.0,0.0,0.013203032169020001,-0.9999128361720054
2025/05/07 10:28:14.465635254,1746606494,465238215,hemisphere,-0.0,0.0,0.013342646209659735,-0.999910982934043
2025/05/07 10:28:14.517027025,1746606494,516570509,hemisphere,-0.0,0.0,0.013464808281931681,-0.9999093453598336
2025/05/07 10:28:14.566618209,1746606494,566104760,hemisphere,-0.0,0.0,0.013639325178944357,-0.9999069800779786
2025/05/07 10:28:14.615634242,1746606494,615126995,hemisphere,-0.0,0.0,0.013822567473555312,-0.9999044637506321
2025/05/07 10:28:14.666446217,1746606494,665920346,hemisphere,-0.0,0.0,0.013997083513117917,-0.9999020360280936
2025/05/07 10:28:14.715893637,1746606494,715236309,hemisphere,-0.0,0.0,0.014171599126304975,-0.9998995778467973
2025/05/07 10:28:14.766202975,1746606494,765716704,hemisphere,-0.0,0.0,0.014319937058305846,-0.9998974644445531
2025/05/07 10:28:14.816035170,1746606494,815364373,hemisphere,-0.0,0.0,0.014459548941759777,-0.9998954552573989
2025/05/07 10:28:14.866560050,1746606494,865736343,hemisphere,-0.0,0.0,0.014555531948277023,-0.9998940626334886
2025/05/07 10:28:14.916303001,1746606494,915529524,hemisphere,-0.0,0.0,0.014651514820669747,-0.9998926607958776
2025/05/07 10:28:14.965584944,1746606494,965158807,hemisphere,-0.0,0.0,0.014808577411145022,-0.9998903470056395
2025/05/07 10:28:15.16072352,1746606495,15583269,hemisphere,-0.0,0.0,0.014974365304613357,-0.9998878779061801
2025/05/07 10:28:15.65708730,1746606495,65256370,hemisphere,-0.0,0.0,0.015131427139810628,-0.9998855134027659
2025/05/07 10:28:15.116322708,1746606495,115754336,hemisphere,-0.0,0.0,0.015271037346674577,-0.9998833909103384
2025/05/07 10:28:15.165703984,1746606495,165364540,hemisphere,-0.0,0.0,0.015367019191359285,-0.999881920389189
2025/05/07 10:28:15.216418172,1746606495,215947617,hemisphere,-0.0,0.0,0.015524080085907806,-0.9998794942079202
2025/05/07 10:28:15.266369059,1746606495,265720460,hemisphere,-0.0,0.0,0.015654963872261618,-0.9998774535442622
2025/05/07 10:28:15.316093677,1746606495,315238470,hemisphere,-0.0,0.0,0.015777121830888276,-0.9998755334674078
2025/05/07 10:28:15.366618898,1746606495,366103927,hemisphere,-0.0,0.0,0.01588182846520417,-0.9998738758086451
2025/05/07 10:28:15.416319616,1746606495,415383367,hemisphere,-0.0,0.0,0.015977809393690572,-0.9998723466558014
2025/05/07 10:28:15.466697709,1746606495,465992273,hemisphere,-0.0,0.0,0.016099966725983662,-0.9998703871359639
2025/05/07 10:28:15.516385774,1746606495,515493021,hemisphere,-0.0,0.0,0.01623084931529072,-0.9998682710889992
2025/05/07 10:28:15.565959077,1746606495,565263363,hemisphere,-0.0,0.0,0.016353006147771375,-0.9998662806545339
2025/05/07 10:28:15.616643340,1746606495,615656378,hemisphere,-0.0,0.0,0.016518790029657657,-0.9998635554794245
2025/05/07 10:28:15.665660748,1746606495,665275842,hemisphere,-0.0,0.0,0.01663222084535504,-0.9998616750479795
2025/05/07 10:28:15.717381645,1746606495,715744708,hemisphere,-0.0,0.0,0.016719475173383947,-0.9998602198057119
2025/05/07 10:28:15.766013097,1746606495,765443466,hemisphere,-0.0,0.0,0.01677182770912739,-0.9998593430054526
2025/05/07 10:28:15.816612191,1746606495,815909335,hemisphere,-0.0,0.0,0.01689398344679904,-0.999857286478075
2025/05/07 10:28:15.865928961,1746606495,865524436,hemisphere,-0.0,0.0,0.0170248643144318,-0.9998550664946771
2025/05/07 10:28:15.915924212,1746606495,915265556,hemisphere,-0.0,0.0,0.017216822391978918,-0.9998517795287075
2025/05/07 10:28:15.966022518,1746606495,965615389,hemisphere,-0.0,0.0,0.01734770253598782,-0.9998495172858378
2025/05/07 10:28:16.16101404,1746606496,15346405,hemisphere,-0.0,0.0,0.017504758316233087,-0.9998467799799579
2025/05/07 10:28:16.67040802,1746606496,66203513,hemisphere,-0.0,0.0,0.017618187222465685,-0.9998447876940671
2025/05/07 10:28:16.116676330,1746606496,115467988,hemisphere,-0.0,0.0,0.017653088378833667,-0.9998441720941764
2025/05/07 10:28:16.165888735,1746606496,165308560,hemisphere,-0.0,0.0,0.017705440073040674,-0.999843246410066
2025/05/07 10:28:16.216185503,1746606496,215629170,hemisphere,-0.0,0.0,0.01779269278878103,-0.9998416975118232
2025/05/07 10:28:16.265763367,1746606496,265276847,hemisphere,-0.0,0.0,0.01786249486384612,-0.9998404529109828
2025/05/07 10:28:16.316161144,1746606496,315728547,hemisphere,-0.0,0.0,0.017967197813100407,-0.9998385768726595
2025/05/07 10:28:16.365896621,1746606496,365397481,hemisphere,-0.0,0.0,0.018019549213911724,-0.9998376347418252
2025/05/07 10:28:16.418856303,1746606496,417166573,hemisphere,-0.0,0.0,0.018115526653656257,-0.9998359003826882
2025/05/07 10:28:16.466722464,1746606496,466251660,hemisphere,-0.0,0.0,0.01814170229010675,-0.9998354257766712
2025/05/07 10:28:16.516395577,1746606496,515965520,hemisphere,-0.0,0.0,0.01820277872677285,-0.9998343156976681
2025/05/07 10:28:16.566770793,1746606496,566321887,hemisphere,-0.0,0.0,0.018281305474075367,-0.9998328829710311
2025/05/07 10:28:16.616593519,1746606496,616117597,hemisphere,-0.0,0.0,0.01835983210860916,-0.9998314440769223
2025/05/07 10:28:16.667332828,1746606496,666642413,hemisphere,-0.0,0.0,0.01843835862989072,-0.9998299990153504
2025/05/07 10:28:16.716078498,1746606496,715476930,hemisphere,-0.0,0.0,0.018525610186787056,-0.9998283861579482
2025/05/07 10:28:16.765679162,1746606496,765160969,hemisphere,-0.0,0.0,0.018621586736399676,-0.9998266032204879
2025/05/07 10:28:16.816285360,1746606496,815527196,hemisphere,-0.0,0.0,0.01866521238409724,-0.9998257897487225
2025/05/07 10:28:16.865782869,1746606496,865298017,hemisphere,-0.0,0.0,0.0187001128766735,-0.9998251376007705
2025/05/07 10:28:16.916342446,1746606496,915772418,hemisphere,-0.0,0.0,0.018761188683828825,-0.9998239934104252
2025/05/07 10:28:16.966121610,1746606496,965475443,hemisphere,-0.0,0.0,0.018761188683828825,-0.9998239934104252
2025/05/07 10:28:17.16932500,1746606497,16489853,hemisphere,-0.0,0.0,0.018787364008335136,-0.9998235019010197
2025/05/07 10:28:17.65990749,1746606497,65525207,hemisphere,-0.0,0.0,0.018804814217519054,-0.9998231738473782
2025/05/07 10:28:17.116146432,1746606497,115254305,hemisphere,-0.0,0.0,0.018830989520554307,-0.9998226811958593
2025/05/07 10:28:17.165948318,1746606497,165546190,hemisphere,-0.0,0.0,0.018848439715408463,-0.9998223523808091
2025/05/07 10:28:17.216051457,1746606497,215308262,hemisphere,-0.0,0.0,0.018822264420975583,-0.9998228454891731
2025/05/07 10:28:17.266807188,1746606497,266404981,hemisphere,-0.0,0.0,0.018804814217519054,-0.9998231738473782
2025/05/07 10:28:17.316014821,1746606497,315437628,hemisphere,-0.0,0.0,0.018778638901596072,-0.9998236658136291
2025/05/07 10:28:17.366745237,1746606497,365861924,hemisphere,-0.0,0.0,0.018761188683828825,-0.9998239934104252
2025/05/07 10:28:17.416198853,1746606497,415562509,hemisphere,-0.0,0.0,0.018743738460347038,-0.9998243207026574
2025/05/07 10:28:17.465763753,1746606497,465271330,hemisphere,-0.0,0.0,0.018691387755664025,-0.9998253007519701
2025/05/07 10:28:17.516275656,1746606497,515723846,hemisphere,-0.0,0.0,0.018691387755664025,-0.9998253007519701
2025/05/07 10:28:17.565931983,1746606497,565420680,hemisphere,-0.0,0.0,0.018639036999737964,-0.9998262780602051
2025/05/07 10:28:17.616544478,1746606497,615911125,hemisphere,-0.0,0.0,0.018577961053249232,-0.9998274147887244
2025/05/07 10:28:17.665929851,1746606497,665474641,hemisphere,-0.0,0.0,0.018525610186787056,-0.9998283861579482
2025/05/07 10:28:17.715744074,1746606497,715185902,hemisphere,-0.0,0.0,0.018447083791909912,-0.9998298380722463
2025/05/07 10:28:17.766053335,1746606497,765582937,hemisphere,-0.0,0.0,0.0183772824564762,-0.9998311234851188
2025/05/07 10:28:17.815802514,1746606497,815288970,hemisphere,-0.0,0.0,0.018333656576324568,-0.9998319243935659
2025/05/07 10:28:17.866222872,1746606497,865710350,hemisphere,-0.0,0.0,0.018281305474075367,-0.9998328829710311
2025/05/07 10:28:17.916138367,1746606497,915415342,hemisphere,-0.0,0.0,0.018298755847067364,-0.9998325637497758
2025/05/07 10:28:17.966410962,1746606497,965861285,hemisphere,-0.0,0.0,0.018281305474075367,-0.9998328829710311
2025/05/07 10:28:18.16228874,1746606498,15581028,hemisphere,-0.0,0.0,0.01826385509551457,-0.99983320188772
2025/05/07 10:28:18.65738061,1746606498,65251835,hemisphere,-0.0,0.0,0.018194053525687863,-0.9998344745088081
2025/05/07 10:28:18.116182143,1746606498,115640013,hemisphere,-0.0,0.0,0.018115526653656257,-0.9998359003826882
2025/05/07 10:28:18.166027445,1746606498,165404655,hemisphere,-0.0,0.0,0.01806317534352331,-0.9998368475388918
2025/05/07 10:28:18.216519668,1746606498,215835891,hemisphere,-0.0,0.0,0.018019549213911724,-0.9998376347418252
2025/05/07 10:28:18.266192478,1746606498,265537000,hemisphere,-0.0,0.0,0.017967197813100407,-0.9998385768726595
2025/05/07 10:28:18.315767008,1746606498,315181995,hemisphere,-0.0,0.0,0.017941022094213322,-0.9998390469101589
2025/05/07 10:28:18.365863266,1746606498,365539978,hemisphere,-0.0,0.0,0.01786249486384612,-0.9998404529109828
2025/05/07 10:28:18.416238507,1746606498,415321208,hemisphere,-0.0,0.0,0.017766516988256056,-0.9998421629807908
2025/05/07 10:28:18.466874401,1746606498,466400793,hemisphere,-0.0,0.0,0.017687989513691008,-0.999843555276006
2025/05/07 10:28:18.519135525,1746606498,518194003,hemisphere,-0.0,0.0,0.017583286044630917,-0.9998454020756773
2025/05/07 10:28:18.565788839,1746606498,565203364,hemisphere,-0.0,0.0,0.017530934237720525,-0.9998463213638148
2025/05/07 10:28:18.616820671,1746606498,615681382,hemisphere,-0.0,0.0,0.017434955800327043,-0.9998479996060605
2025/05/07 10:28:18.665583982,1746606498,665195257,hemisphere,-0.0,0.0,0.017373878529191134,-0.9998490627814045
2025/05/07 10:28:18.716197258,1746606498,715658562,hemisphere,-0.0,0.0,0.01732152653089413,-0.9998499711049851
2025/05/07 10:28:18.765902481,1746606498,765380800,hemisphere,-0.0,0.0,0.017312801193223502,-0.9998501222257484
2025/05/07 10:28:18.816495369,1746606498,815775269,hemisphere,-0.0,0.0,0.017242998444452907,-0.9998513284507076
2025/05/07 10:28:18.866420308,1746606498,865831223,hemisphere,-0.0,0.0,0.01718192097032761,-0.9998523799000378
2025/05/07 10:28:18.915736742,1746606498,915134869,hemisphere,-0.0,0.0,0.017051040453024146,-0.9998546204421268
2025/05/07 10:28:18.966230840,1746606498,965608610,hemisphere,-0.0,0.0,0.01691143424592388,-0.9998569914701531
2025/05/07 10:28:19.16520199,1746606499,16050912,hemisphere,-0.0,0.0,0.016789278544164017,-0.9998590501295503
2025/05/07 10:28:19.66084228,1746606499,65640608,hemisphere,-0.0,0.0,0.0167107497462999,-0.9998603656725856
2025/05/07 10:28:19.116703599,1746606499,115390632,hemisphere,-0.0,0.0,0.01669329888831424,-0.9998606571779017
2025/05/07 10:28:19.166540150,1746606499,165885928,hemisphere,-0.0,0.0,0.01669329888831424,-0.9998606571779017
2025/05/07 10:28:19.216420635,1746606499,215591137,hemisphere,-0.0,0.0,0.01663222084535504,-0.9998616750479795
2025/05/07 10:28:19.271349819,1746606499,265264134,hemisphere,-0.0,0.0,0.016571142740331658,-0.9998626891870102
2025/05/07 10:28:19.318427706,1746606499,317917767,hemisphere,-0.0,0.0,0.016475162736162022,-0.9998642752958108
2025/05/07 10:28:19.368295460,1746606499,367682555,hemisphere,-0.0,0.0,0.016361731626486995,-0.9998661379095618
2025/05/07 10:28:19.417024687,1746606499,416452471,hemisphere,-0.0,0.0,0.01624830030623464,-0.9998679876549497
2025/05/07 10:28:19.466510186,1746606499,465639241,hemisphere,-0.0,0.0,0.016099966725983662,-0.9998703871359639
2025/05/07 10:28:19.519252653,1746606499,518609794,hemisphere,-0.0,0.0,0.016012711513046278,-0.999871788315882
2025/05/07 10:28:19.566207349,1746606499,565641166,hemisphere,-0.0,0.0,0.01592545617816557,-0.9998731818813411
2025/05/07 10:28:19.616695640,1746606499,615339021,hemisphere,-0.0,0.0,0.015873102918980912,-0.9998740143656717
2025/05/07 10:28:19.666331556,1746606499,665861132,hemisphere,-0.0,0.0,0.015838200722006014,-0.9998745678323304
2025/05/07 10:28:19.716248620,1746606499,715441817,hemisphere,-0.0,0.0,0.0157422195809452,-0.9998760835836935
2025/05/07 10:28:19.766195612,1746606499,765750606,hemisphere,-0.0,0.0,0.015689866170078504,-0.9998769064737745
2025/05/07 10:28:19.816508791,1746606499,815496149,hemisphere,-0.0,0.0,0.015611335973170814,-0.9998781356691089
2025/05/07 10:28:19.865736509,1746606499,865244784,hemisphere,-0.0,0.0,0.015541531272839304,-0.999879223109319
2025/05/07 10:28:19.917228447,1746606499,916004268,hemisphere,-0.0,0.0,0.015410647255821787,-0.9998812489246693
2025/05/07 10:28:19.965892650,1746606499,965380061,hemisphere,-0.0,0.0,0.015297214227399412,-0.9998829907728609
2025/05/07 10:28:20.17471965,1746606500,16748818,hemisphere,-0.0,0.0,0.015148878431857145,-0.9998852491572505
2025/05/07 10:28:20.66322336,1746606500,65528726,hemisphere,-0.0,0.0,0.01500054230290914,-0.9998874855355571
2025/05/07 10:28:20.120279338,1746606500,116141779,hemisphere,-0.0,0.0,0.014895834248218172,-0.9998890509061742
2025/05/07 10:28:20.168181087,1746606500,167338810,hemisphere,-0.0,0.0,0.014782400338001916,-0.9998907343506325
2025/05/07 10:28:20.215968540,1746606500,215301377,hemisphere,-0.0,0.0,0.014695143354452895,-0.9998920205511154
2025/05/07 10:28:20.266092935,1746606500,265640126,hemisphere,-0.0,0.0,0.014581709108632119,-0.999893681227895
2025/05/07 10:28:20.316346540,1746606500,315416777,hemisphere,-0.0,0.0,0.014485726138606573,-0.999895076364634
2025/05/07 10:28:20.366298295,1746606500,365800488,hemisphere,-0.0,0.0,0.014381017291829085,-0.999896587823787
2025/05/07 10:28:20.416677706,1746606500,416254601,hemisphere,-0.0,0.0,0.014241405251004117,-0.9998985860458433
2025/05/07 10:28:20.465733318,1746606500,465226702,hemisphere,-0.0,0.0,0.014058164026505678,-0.9999011791293198
2025/05/07 10:28:20.518136499,1746606500,516319647,hemisphere,-0.0,0.0,0.013866196523127728,-0.9999038596755101
2025/05/07 10:28:20.566534143,1746606500,566032064,hemisphere,-0.0,0.0,0.013674228508660137,-0.9999065033665363
2025/05/07 10:28:20.616893133,1746606500,616420712,hemisphere,-0.0,0.0,0.013499711694317254,-0.9999088747401788
2025/05/07 10:28:20.665903230,1746606500,665413794,hemisphere,-0.0,0.0,0.013325194468749635,-0.9999112156548551
2025/05/07 10:28:20.716738110,1746606500,716279632,hemisphere,-0.0,0.0,0.013185580395786062,-0.9999130664560927
2025/05/07 10:28:20.767270405,1746606500,765803374,hemisphere,-0.0,0.0,0.013063417870980804,-0.9999146699161525
2025/05/07 10:28:20.815891981,1746606500,815267983,hemisphere,-0.0,0.0,0.012906351481401734,-0.999916709577072
2025/05/07 10:28:20.868805577,1746606500,865736621,hemisphere,-0.0,0.0,0.012792914446211659,-0.9999181673216924
2025/05/07 10:28:20.916208997,1746606500,915403267,hemisphere,-0.0,0.0,0.01262712156055399,-0.9999202747224876
2025/05/07 10:28:20.966307035,1746606500,965757431,hemisphere,-0.0,0.0,0.012443876388505092,-0.9999225719726641
2025/05/07 10:28:21.17617958,1746606501,16311986,hemisphere,-0.0,0.0,0.012356616635503418,-0.9999236540983133
2025/05/07 10:28:21.65599827,1746606501,65189806,hemisphere,-0.0,0.0,0.012190822846101028,-0.9999256891581169
2025/05/07 10:28:21.116284031,1746606501,115578028,hemisphere,-0.0,0.0,0.012086110806142523,-0.9999269602953916
2025/05/07 10:28:21.165771366,1746606501,165262624,hemisphere,-0.0,0.0,0.011946494546891152,-0.9999286380877593
2025/05/07 10:28:21.217751587,1746606501,216450266,hemisphere,-0.0,0.0,0.011780699936749503,-0.9999306051466773
2025/05/07 10:28:21.265842433,1746606501,265407192,hemisphere,-0.0,0.0,0.011684713435186962,-0.9999317314056683
2025/05/07 10:28:21.320660474,1746606501,316679792,hemisphere,-0.0,0.0,0.01154509651367521,-0.9999333531523439
2025/05/07 10:28:21.366124167,1746606501,365597693,hemisphere,-0.0,0.0,0.011388027208072258,-0.9999351543156727
2025/05/07 10:28:21.415814880,1746606501,415260654,hemisphere,-0.0,0.0,0.01127458809016256,-0.9999364398117498
2025/05/07 10:28:21.466282533,1746606501,465725028,hemisphere,-0.0,0.0,0.011161148827148833,-0.999937712438559
2025/05/07 10:28:21.516287734,1746606501,515396432,hemisphere,-0.0,0.0,0.011056435533760721,-0.9999388757485569
2025/05/07 10:28:21.566206232,1746606501,565738487,hemisphere,-0.0,0.0,0.010977900484088246,-0.9999397410349093
2025/05/07 10:28:21.616394750,1746606501,615516570,hemisphere,-0.0,0.0,0.010908091494182261,-0.9999405050001497
2025/05/07 10:28:21.665542495,1746606501,665124450,hemisphere,-0.0,0.0,0.010838282451111562,-0.9999412640918015
2025/05/07 10:28:21.717275707,1746606501,715653595,hemisphere,-0.0,0.0,0.01073356878756595,-0.9999423935912921
2025/05/07 10:28:21.765806386,1746606501,765300207,hemisphere,-0.0,0.0,0.010611402698074444,-0.9999436974814029
2025/05/07 10:28:21.816766834,1746606501,815793280,hemisphere,-0.0,0.0,0.010489236450194896,-0.9999449864461004
2025/05/07 10:28:21.865834109,1746606501,865413283,hemisphere,-0.0,0.0,0.010349617689583585,-0.9999464412725712
2025/05/07 10:28:21.916624694,1746606501,915913074,hemisphere,-0.0,0.0,0.01021872491820967,-0.9999477874674487
2025/05/07 10:28:21.965883841,1746606501,965492826,hemisphere,-0.0,0.0,0.01014018917119614,-0.9999485869601359
2025/05/07 10:28:22.16586676,1746606502,15253106,hemisphere,-0.0,0.0,0.01005292715673077,-0.9999494680510518
2025/05/07 10:28:22.66107144,1746606502,65641724,hemisphere,-0.0,0.0,0.00996566506570754,-0.9999503415269171
2025/05/07 10:28:22.116298186,1746606502,115399165,hemisphere,-0.0,0.0,0.009860950456359365,-0.9999513796460793
2025/05/07 10:28:22.166313073,1746606502,165763519,hemisphere,-0.0,0.0,0.009782414428320252,-0.9999521510392149
2025/05/07 10:28:22.216511332,1746606502,215473021,hemisphere,-0.0,0.0,0.009625342191698366,-0.9999536753208584
2025/05/07 10:28:22.274237953,1746606502,273324928,hemisphere,-0.0,0.0,0.009529353485488548,-0.9999545946802528
2025/05/07 10:28:22.316768200,1746606502,315676616,hemisphere,-0.0,0.0,0.009398459653864016,-0.9999558335027277
2025/05/07 10:28:22.367340913,1746606502,365283736,hemisphere,-0.0,0.0,0.009285018202778812,-0.9999568932893929
2025/05/07 10:28:22.418340208,1746606502,417069693,hemisphere,-0.0,0.0,0.009171576632193732,-0.9999579402065268
2025/05/07 10:28:22.466840229,1746606502,466268360,hemisphere,-0.0,0.0,0.009101766376147789,-0.9999585780665288
2025/05/07 10:28:22.516579712,1746606502,515823089,hemisphere,-0.0,0.0,0.009031956075740939,-0.9999592110528538
2025/05/07 10:28:22.566596868,1746606502,566252397,hemisphere,-0.0,0.0,0.008927240542697815,-0.9999601513941908
2025/05/07 10:28:22.615864466,1746606502,615198375,hemisphere,-0.0,0.0,0.008813798604795232,-0.9999611577227159
2025/05/07 10:28:22.666825610,1746606502,666373928,hemisphere,-0.0,0.0,0.008717809184065901,-0.999961999179484
2025/05/07 10:28:22.715852654,1746606502,715317445,hemisphere,-0.0,0.0,0.00856073541363536,-0.9999633562332061
2025/05/07 10:28:22.766207593,1746606502,765742013,hemisphere,-0.0,0.0,0.008438566779290587,-0.9999643946614857
2025/05/07 10:28:22.816813544,1746606502,815459886,hemisphere,-0.0,0.0,0.008325124363149238,-0.9999653455517037
2025/05/07 10:28:22.866184427,1746606502,865818144,hemisphere,-0.0,0.0,0.008159323716458907,-0.9999667121642051
2025/05/07 10:28:22.916903631,1746606502,915550560,hemisphere,-0.0,0.0,0.008045881039202155,-0.9999676313752875
2025/05/07 10:28:22.965832338,1746606502,965306776,hemisphere,-0.0,0.0,0.007914985513787245,-0.9999686760115621
2025/05/07 10:28:23.16468790,1746606503,15660036,hemisphere,-0.0,0.0,0.007784089852751195,-0.9999697035136437
2025/05/07 10:28:23.66083102,1746606503,65442538,hemisphere,-0.0,0.0,0.007670646838551706,-0.9999705801557756
2025/05/07 10:28:23.117530354,1746606503,115831549,hemisphere,-0.0,0.0,0.007539750930357101,-0.999971575673983
2025/05/07 10:28:23.165973997,1746606503,165520521,hemisphere,-0.0,0.0,0.007417581299437936,-0.9999724893654156
2025/05/07 10:28:23.216158965,1746606503,215354962,hemisphere,-0.0,0.0,0.007312864384745417,-0.9999732606497488
2025/05/07 10:28:23.266005856,1746606503,265610292,hemisphere,-0.0,0.0,0.007181968128739781,-0.9999742093343197
2025/05/07 10:28:23.317095863,1746606503,315355271,hemisphere,-0.0,0.0,0.007024892459290739,-0.9999753251385434
2025/05/07 10:28:23.366191298,1746606503,365718104,hemisphere,-0.0,0.0,0.0068503637345583525,-0.9999765359830721
2025/05/07 10:28:23.417462048,1746606503,415385737,hemisphere,-0.0,0.0,0.006719467053775002,-0.9999774241264217
2025/05/07 10:28:23.466442085,1746606503,465905631,hemisphere,-0.0,0.0,0.00656239088505392,-0.999978467281107
2025/05/07 10:28:23.516360223,1746606503,515555467,hemisphere,-0.0,0.0,0.006396588086928317,-0.9999795416211504
2025/05/07 10:28:23.565741696,1746606503,565229254,hemisphere,-0.0,0.0,0.006300596912607887,-0.9999801510422819
2025/05/07 10:28:23.616285926,1746606503,615743542,hemisphere,-0.0,0.0,0.006160973282923009,-0.9999810210240028
2025/05/07 10:28:23.665774615,1746606503,665362281,hemisphere,-0.0,0.0,0.006012623044838251,-0.9999819240186898
2025/05/07 10:28:23.716193501,1746606503,715784451,hemisphere,-0.0,0.0,0.005890452161026984,-0.9999826511361778
2025/05/07 10:28:23.765863174,1746606503,765496365,hemisphere,-0.0,0.0,0.005750828186260694,-0.9999834638508639
2025/05/07 10:28:23.816153587,1746606503,815258747,hemisphere,-0.0,0.0,0.005558845038449651,-0.9999845495015603
2025/05/07 10:28:23.866063371,1746606503,865604408,hemisphere,-0.0,0.0,0.005358135164960387,-0.9999856450907454
2025/05/07 10:28:23.915973142,1746606503,915313198,hemisphere,-0.0,0.0,0.00520105772168757,-0.9999864744078171
2025/05/07 10:28:23.966421874,1746606503,965745679,hemisphere,-0.0,0.0,0.004982894393969609,-0.9999875853046669
2025/05/07 10:28:24.17375570,1746606504,15463637,hemisphere,-0.0,0.0,0.004782183922757331,-0.9999885652930882
2025/05/07 10:28:24.66688705,1746606504,66149350,hemisphere,-0.0,0.0,0.004546567037412487,-0.9999896643106739
2025/05/07 10:28:24.116304555,1746606504,115603773,hemisphere,-0.0,0.0,0.004337129593688764,-0.9999905946092131
2025/05/07 10:28:24.165663943,1746606504,165215567,hemisphere,-0.0,0.0,0.00412769195971725,-0.9999914810432565
2025/05/07 10:28:24.216175303,1746606504,215673949,hemisphere,-0.0,0.0,0.003926980723805879,-0.9999922893814707
2025/05/07 10:28:24.265919808,1746606504,265352060,hemisphere,-0.0,0.0,0.0036826363977876045,-0.9999932190715903
2025/05/07 10:28:24.317049444,1746606504,315874324,hemisphere,-0.0,0.0,0.0034731982285046217,-0.9999939684288428
2025/05/07 10:28:24.365947224,1746606504,365487726,hemisphere,-0.0,0.0,0.0032375801064106436,-0.9999947590237934
2025/05/07 10:28:24.415874004,1746606504,415163530,hemisphere,-0.0,0.0,0.003019415017997176,-0.9999954415560849
2025/05/07 10:28:24.466226273,1746606504,465732277,hemisphere,-0.0,0.0,0.0027314368829329284,-0.9999962696193194
2025/05/07 10:28:24.516531517,1746606504,516093549,hemisphere,-0.0,0.0,0.0024696383811308713,-0.9999969504384834
2025/05/07 10:28:24.566916439,1746606504,566418305,hemisphere,-0.0,0.0,0.0021642065830209775,-0.9999976581021908
2025/05/07 10:28:24.616768142,1746606504,616329956,hemisphere,-0.0,0.0,0.0018936811066130276,-0.9999982069843258
2025/05/07 10:28:24.667100704,1746606504,666511985,hemisphere,-0.0,0.0,0.0016057022218428066,-0.9999987108593564
2025/05/07 10:28:24.716262643,1746606504,715547929,hemisphere,-0.0,0.0,0.0013177232039078975,-0.9999991318024021
2025/05/07 10:28:24.765627974,1746606504,765190958,hemisphere,-0.0,0.0,0.001012290793268431,-0.9999994876335436
2025/05/07 10:28:24.816551131,1746606504,815715418,hemisphere,-0.0,0.0,0.000741764864075721,-0.9999997248924054
2025/05/07 10:28:24.865684891,1746606504,865294972,hemisphere,-0.0,0.0,0.0004537855899447717,-0.9999998970393139
2025/05/07 10:28:24.916369628,1746606504,915904524,hemisphere,-0.0,0.0,0.00018325957043361537,-0.9999999832079648
2025/05/07 10:28:24.965996588,1746606504,965289660,hemisphere,0.0,0.0,0.00011344640113628726,0.9999999935649571
2025/05/07 10:28:25.15986943,1746606505,15032033,hemisphere,0.0,0.0,0.0003839724260036008,0.9999999262825854
2025/05/07 10:28:25.65953234,1746606505,65434739,hemisphere,0.0,0.0,0.0006981316440875792,0.9999997563060741
2025/05/07 10:28:25.116793865,1746606505,115626241,hemisphere,0.0,0.0,0.0009773842255041694,0.9999995223599238
2025/05/07 10:28:25.166318149,1746606505,165746021,hemisphere,0.0,0.0,0.0012304568121656067,0.9999992429877301
2025/05/07 10:28:25.215893484,1746606505,215248298,hemisphere,0.0,0.0,0.0015358891379053617,0.9999988205215824
2025/05/07 10:28:25.266097711,1746606505,265602643,hemisphere,0.0,0.0,0.0017889615290656977,0.9999983998070435
2025/05/07 10:28:25.316294188,1746606505,315365810,hemisphere,0.0,0.0,0.002111846825140097,0.9999977700490073
2025/05/07 10:28:25.366089593,1746606505,365623657,hemisphere,0.0,0.0,0.0024521851414605438,0.9999969933894962
2025/05/07 10:28:25.416256325,1746606505,415471087,hemisphere,0.0,0.0,0.0027663433360867926,0.9999961736649531
2025/05/07 10:28:25.465734309,1746606505,465198326,hemisphere,0.0,0.0,0.003097954466924169,0.9999952013275468
2025/05/07 10:28:25.516271763,1746606505,515502474,hemisphere,0.0,0.0,0.003429565257089136,0.9999941190237808
2025/05/07 10:28:25.565853497,1746606505,565281738,hemisphere,0.0,0.0,0.003796082005953973,0.999992794854745
2025/05/07 10:28:25.616287266,1746606505,615713332,hemisphere,0.0,0.0,0.00418005138554312,0.9999912635470444
2025/05/07 10:28:25.665815015,1746606505,665354928,hemisphere,0.0,0.0,0.004520387367665042,0.9999897829968296
2025/05/07 10:28:25.715576709,1746606505,715074258,hemisphere,0.0,0.0,0.004869449369170567,0.9999881441611401
2025/05/07 10:28:25.766019722,1746606505,765485617,hemisphere,0.0,0.0,0.005227237304583057,0.9999863379017544
2025/05/07 10:28:25.815855696,1746606505,815200638,hemisphere,0.0,0.0,0.005541392014745827,0.9999846463694025
2025/05/07 10:28:25.866263997,1746606505,865627682,hemisphere,0.0,0.0,0.005881725665940252,0.9999827025019936
2025/05/07 10:28:25.916646135,1746606505,915374047,hemisphere,0.0,0.0,0.006195879201710816,0.9999808053562418
2025/05/07 10:28:25.965540193,1746606505,965040891,hemisphere,0.0,0.0,0.006544937967351859,0.9999785816641292
2025/05/07 10:28:26.16235954,1746606506,15453018,hemisphere,0.0,0.0,0.006902722374130512,0.9999761759281196
2025/05/07 10:28:26.65952667,1746606506,65131084,hemisphere,0.0,0.0,0.007295411557801871,0.9999733881310053
2025/05/07 10:28:26.116217872,1746606506,115554957,hemisphere,0.0,0.0,0.007731731550865527,0.9999701097168983
2025/05/07 10:28:26.165635473,1746606506,165213207,hemisphere,0.0,0.0,0.008159323716458628,0.9999667121642051
2025/05/07 10:28:26.216961869,1746606506,215671603,hemisphere,0.0,0.0,0.008595640714343999,0.9999630567979549
2025/05/07 10:28:26.265808600,1746606506,265327195,hemisphere,0.0,0.0,0.009119218944331401,0.9999584190584353
2025/05/07 10:28:26.315746507,1746606506,315097320,hemisphere,0.0,0.0,0.009581710972545135,0.9999540943537552
2025/05/07 10:28:26.366326190,1746606506,365609368,hemisphere,0.0,0.0,0.010157641564844264,0.9999484098281471
2025/05/07 10:28:26.416546586,1746606506,415172686,hemisphere,0.0,0.0,0.010707390353242602,0.999942674252791
2025/05/07 10:28:26.466826449,1746606506,466295962,hemisphere,0.0,0.0,0.011257135905261244,0.9999366364381348
2025/05/07 10:28:26.516788327,1746606506,516108276,hemisphere,0.0,0.0,0.01182433012889916,0.9999300901648089
2025/05/07 10:28:26.565656345,1746606506,565079202,hemisphere,0.0,0.0,0.01239152054803354,0.9999232221618357
2025/05/07 10:28:26.617223259,1746606506,615440030,hemisphere,0.0,0.0,0.012984884716239894,0.9999156928306037
2025/05/07 10:28:26.665565776,1746606506,665082061,hemisphere,0.0,0.0,0.01360442183261006,0.9999074555710645
2025/05/07 10:28:26.716331897,1746606506,715508850,hemisphere,0.0,0.0,0.014206502197309468,0.9998990825554936
2025/05/07 10:28:26.765638861,1746606506,765156963,hemisphere,0.0,0.0,0.014817303099938077,0.9998902177383499
2025/05/07 10:28:26.816318380,1746606506,815696351,hemisphere,0.0,0.0,0.015419372865196086,0.9998811144033295
2025/05/07 10:28:26.865746256,1746606506,865320566,hemisphere,0.0,0.0,0.016091241210196144,0.999870527596606
2025/05/07 10:28:26.915493377,1746606506,914982382,hemisphere,0.0,0.0,0.01672820059919481,0.9998600738626946
2025/05/07 10:28:26.966031429,1746606506,965476491,hemisphere,0.0,0.0,0.017434955800327293,0.9998479996060605
2025/05/07 10:28:27.15812890,1746606507,15178857,hemisphere,0.0,0.0,0.01815915270750059,0.9998351089919506
2025/05/07 10:28:27.66031706,1746606507,65568975,hemisphere,0.0,0.0,0.018883340087886127,0.9998216938370188
2025/05/07 10:28:27.116958815,1746606507,115311445,hemisphere,0.0,0.0,0.019572617675223183,0.9998084379706642
2025/05/07 10:28:27.165327405,1746606507,164970290,hemisphere,0.0,0.0,0.020314235060740628,0.9997936446356803
2025/05/07 10:28:27.217511346,1746606507,215957863,hemisphere,0.0,0.0,0.021020942409944683,0.999779035577461
2025/05/07 10:28:27.265531565,1746606507,265087383,hemisphere,0.0,0.0,0.021779986743059906,0.9997627879539587
2025/05/07 10:28:27.316659070,1746606507,315556020,hemisphere,0.0,0.0,0.022530294091686952,0.9997461607068777
2025/05/07 10:28:27.365621655,1746606507,365189012,hemisphere,0.0,0.0,0.023315485860536073,0.9997281571102652
2025/05/07 10:28:27.416146644,1746606507,415635342,hemisphere,0.0,0.0,0.02408321502057092,0.9997099573147569
2025/05/07 10:28:27.465896150,1746606507,465349768,hemisphere,0.0,0.0,0.024868377876385465,0.9996907340681904
2025/05/07 10:28:27.515537354,1746606507,515031667,hemisphere,0.0,0.0,0.025670972936766404,0.9996704462714099
2025/05/07 10:28:27.565946112,1746606507,565454444,hemisphere,0.0,0.0,0.026473551450397384,0.9996495141166244
2025/05/07 10:28:27.615723733,1746606507,615165978,hemisphere,0.0,0.0,0.02729355969461111,0.9996274614070968
2025/05/07 10:28:27.666122638,1746606507,665561303,hemisphere,0.0,0.0,0.028096103174849188,0.9996052265701637
2025/05/07 10:28:27.715819035,1746606507,715311480,hemisphere,0.0,0.0,0.02896841248711817,0.9995803274764746
2025/05/07 10:28:27.766142909,1746606507,765683574,hemisphere,0.0,0.0,0.02980580868051678,0.9995557081868426
2025/05/07 10:28:27.818404033,1746606507,815859113,hemisphere,0.0,0.0,0.03066062904661675,0.9995298523938471
2025/05/07 10:28:27.865435303,1746606507,865088707,hemisphere,0.0,0.0,0.03155903851510699,0.9995018894869594
2025/05/07 10:28:27.916528990,1746606507,915507078,hemisphere,0.0,0.0,0.032439978384716135,0.9994736853976693
2025/05/07 10:28:27.966132844,1746606507,965484466,hemisphere,0.0,0.0,0.03329472764070784,0.9994455768631583
2025/05/07 10:28:28.16574799,1746606508,15876232,hemisphere,0.0,0.0,0.03423666797857831,0.999413753440348
2025/05/07 10:28:28.66140755,1746606508,65527125,hemisphere,0.0,0.0,0.03519602038954863,0.9993804281397243
2025/05/07 10:28:28.116409969,1746606508,115100873,hemisphere,0.0,0.0,0.03608557275550545,0.9993487036259702
2025/05/07 10:28:28.166510424,1746606508,165473972,hemisphere,0.0,0.0,0.0370710238275577,0.9993126333597393
2025/05/07 10:28:28.216378875,1746606508,215161918,hemisphere,0.0,0.0,0.038038998196195516,0.9992762554049955
2025/05/07 10:28:28.265957077,1746606508,265529833,hemisphere,0.0,0.0,0.03902437687649973,0.9992382588799334
2025/05/07 10:28:28.316185014,1746606508,315258873,hemisphere,0.0,0.0,0.03999227828532031,0.9991999888298386
2025/05/07 10:28:28.366088212,1746606508,365643578,hemisphere,0.0,0.0,0.04100373874394506,0.999158993058171
2025/05/07 10:28:28.416375194,1746606508,415353748,hemisphere,0.0,0.0,0.041997719297492145,0.9991177065660528
2025/05/07 10:28:28.466227030,1746606508,465770109,hemisphere,0.0,0.0,0.04304396969411308,0.9990731788377527
2025/05/07 10:28:28.516685437,1746606508,516248029,hemisphere,0.0,0.0,0.04407273656086747,0.9990283248697388
2025/05/07 10:28:28.566306035,1746606508,565911782,hemisphere,0.0,0.0,0.0451188922194566,0.9989816242378481
2025/05/07 10:28:28.616834998,1746606508,616481279,hemisphere,0.0,0.0,0.04619986774013572,0.9989322160290928
2025/05/07 10:28:28.668988941,1746606508,668207172,hemisphere,0.0,0.0,0.047306939807043036,0.9988803999709339
2025/05/07 10:28:28.715645513,1746606508,715074688,hemisphere,0.0,0.0,0.04845753578614117,0.9988252435864519
2025/05/07 10:28:28.765922586,1746606508,765450155,hemisphere,0.0,0.0,0.04955577198823028,0.9987713579506826
2025/05/07 10:28:28.815601489,1746606508,815094581,hemisphere,0.0,0.0,0.05072367170103879,0.9987127260274424
2025/05/07 10:28:28.866430227,1746606508,865800537,hemisphere,0.0,0.0,0.051813067891062235,0.998656800905955
2025/05/07 10:28:28.915915345,1746606508,915277958,hemisphere,0.0,0.0,0.052937260100785574,0.9985978402204873
2025/05/07 10:28:28.966067930,1746606508,965623822,hemisphere,0.0,0.0,0.054052671337347126,0.9985380857640318
2025/05/07 10:28:29.17392822,1746606509,16102638,hemisphere,0.0,0.0,0.05515058841064964,0.9984780481302327
2025/05/07 10:28:29.65649025,1746606509,65110909,hemisphere,0.0,0.0,0.056248438805433836,0.9984168033100963
2025/05/07 10:28:29.116700563,1746606509,115906525,hemisphere,0.0,0.0,0.057354933477452456,0.9983538508994679
2025/05/07 10:28:29.165712474,1746606509,165210204,hemisphere,0.0,0.0,0.05845264597772075,0.998290182350905
2025/05/07 10:28:29.216264362,1746606509,215575628,hemisphere,0.0,0.0,0.059524154309369595,0.9982268655239421
2025/05/07 10:28:29.266581995,1746606509,265993809,hemisphere,0.0,0.0,0.0606478576387999,0.9981592244546077
2025/05/07 10:28:29.315570741,1746606509,315035374,hemisphere,0.0,0.0,0.06172793414563044,0.9980930127729143
2025/05/07 10:28:29.366185176,1746606509,365451131,hemisphere,0.0,0.0,0.06283406660061236,0.9980239877249594
2025/05/07 10:28:29.415576797,1746606509,415075213,hemisphere,0.0,0.0,0.0639488306637311,0.9979531787898376
2025/05/07 10:28:29.465902779,1746606509,465501789,hemisphere,0.0,0.0,0.0650286822751031,0.9978833952329118
2025/05/07 10:28:29.516298522,1746606509,515251672,hemisphere,0.0,0.0,0.06616941051138622,0.9978084030075993
2025/05/07 10:28:29.566030364,1746606509,565605645,hemisphere,0.0,0.0,0.06728393168333871,0.9977338685928386
2025/05/07 10:28:29.616176624,1746606509,615379371,hemisphere,0.0,0.0,0.06842448750852517,0.9976562982857351
2025/05/07 10:28:29.665629323,1746606509,665095093,hemisphere,0.0,0.0,0.06960848137104589,0.99757438786349
2025/05/07 10:28:29.716449218,1746606509,715476771,hemisphere,0.0,0.0,0.07071403420260515,0.9974966292508426
2025/05/07 10:28:29.765665808,1746606509,765160034,hemisphere,0.0,0.0,0.0718804288192961,0.9974132563550346
2025/05/07 10:28:29.816389996,1746606509,815695277,hemisphere,0.0,0.0,0.07301191176743958,0.9973310687730849
2025/05/07 10:28:29.865842833,1746606509,865317500,hemisphere,0.0,0.0,0.0741607059913774,0.9972463034210057
2025/05/07 10:28:29.915879498,1746606509,914945682,hemisphere,0.0,0.0,0.07523978671134439,0.9971654699675633
2025/05/07 10:28:29.965884692,1746606509,965383181,hemisphere,0.0,0.0,0.07636228523029895,0.9970801378998614
2025/05/07 10:28:30.16173344,1746606510,15129044,hemisphere,0.0,0.0,0.0774933873835302,0.996992866028552
2025/05/07 10:28:30.66108883,1746606510,65551555,hemisphere,0.0,0.0,0.07860699052758739,0.9969056831216261
2025/05/07 10:28:30.115900992,1746606510,115254394,hemisphere,0.0,0.0,0.07968570005780469,0.9968200385256597
2025/05/07 10:28:30.166343643,1746606510,165642109,hemisphere,0.0,0.0,0.08078171254437953,0.9967318169489712
2025/05/07 10:28:30.216643736,1746606510,215449922,hemisphere,0.0,0.0,0.08186023266008444,0.9966438191795688
2025/05/07 10:28:30.265512113,1746606510,265033510,hemisphere,0.0,0.0,0.08294735349840092,0.9965539305765702
2025/05/07 10:28:30.317342621,1746606510,315444650,hemisphere,0.0,0.0,0.08402567985463624,0.9964635894627392
2025/05/07 10:28:30.367528486,1746606510,365211442,hemisphere,0.0,0.0,0.08514738267353279,0.9963683672336486
2025/05/07 10:28:30.416962885,1746606510,415734088,hemisphere,0.0,0.0,0.08628636579792338,0.9962703764929413
2025/05/07 10:28:30.472261874,1746606510,470544793,hemisphere,0.0,0.0,0.0874078496773398,0.9961726094481738
2025/05/07 10:28:30.516669417,1746606510,515836831,hemisphere,0.0,0.0,0.08852922278614427,0.9960735799693119
2025/05/07 10:28:30.566258253,1746606510,565597541,hemisphere,0.0,0.0,0.08963310067644374,0.9959748527262757
2025/05/07 10:28:30.616325869,1746606510,615218450,hemisphere,0.0,0.0,0.09068472445869442,0.9958796517400337
2025/05/07 10:28:30.666992784,1746606510,666385309,hemisphere,0.0,0.0,0.09170148767793738,0.9957865419645182
2025/05/07 10:28:30.716207326,1746606510,715355338,hemisphere,0.0,0.0,0.09271815530050014,0.995692394104561
2025/05/07 10:28:30.766331606,1746606510,765752310,hemisphere,0.0,0.0,0.09375210270156041,0.9955955721270742
2025/05/07 10:28:30.817209974,1746606510,815504367,hemisphere,0.0,0.0,0.09472513732897773,0.9955034647644408
2025/05/07 10:28:30.868265374,1746606510,865803897,hemisphere,0.0,0.0,0.09568939486920733,0.9954112415025084
2025/05/07 10:28:30.916400540,1746606510,915507554,hemisphere,0.0,0.0,0.09661881941006735,0.9953214574878836
2025/05/07 10:28:30.965837762,1746606510,965253800,hemisphere,0.0,0.0,0.09757421475796602,0.995228251515383
2025/05/07 10:28:31.16251699,1746606511,15655888,hemisphere,0.0,0.0,0.09851215181233805,0.9951358479852401
2025/05/07 10:28:31.65905999,1746606511,65374096,hemisphere,0.0,0.0,0.09943263457785487,0.9950442960898308
2025/05/07 10:28:31.115962639,1746606511,115165189,hemisphere,0.0,0.0,0.10030961920023784,0.9949562705445417
2025/05/07 10:28:31.166713711,1746606511,165700826,hemisphere,0.0,0.0,0.10118652589704055,0.994867472066952
2025/05/07 10:28:31.216568524,1746606511,215226233,hemisphere,0.0,0.0,0.102072035057998,0.9947770100173802
2025/05/07 10:28:31.266140999,1746606511,265600950,hemisphere,0.0,0.0,0.10292274220049548,0.99468935308363
2025/05/07 10:28:31.316673044,1746606511,315478338,hemisphere,0.0,0.0,0.10375601498924995,0.9946027796832012
2025/05/07 10:28:31.366440736,1746606511,365815542,hemisphere,0.0,0.0,0.10460657251218919,0.9945136826546189
2025/05/07 10:28:31.416341373,1746606511,415438006,hemisphere,0.0,0.0,0.10544837553804715,0.994424778500811
2025/05/07 10:28:31.465720901,1746606511,465137580,hemisphere,0.0,0.0,0.1062206850575845,0.9943425798314671
2025/05/07 10:28:31.516899172,1746606511,515687325,hemisphere,0.0,0.0,0.10699293050282728,0.9942597813561691
2025/05/07 10:28:31.565792205,1746606511,565283052,hemisphere,0.0,0.0,0.10774775974029892,0.9941782638294537
2025/05/07 10:28:31.616457158,1746606511,615699669,hemisphere,0.0,0.0,0.1085112019921589,0.994095226345151
2025/05/07 10:28:31.665896969,1746606511,665394618,hemisphere,0.0,0.0,0.10922253377512618,0.9940173228448996
2025/05/07 10:28:31.716661698,1746606511,715838395,hemisphere,0.0,0.0,0.10995115711920407,0.9939369914879655
2025/05/07 10:28:31.765981682,1746606511,765485399,hemisphere,0.0,0.0,0.11066237530301877,0.9938580576180353
2025/05/07 10:28:31.815655418,1746606511,815155205,hemisphere,0.0,0.0,0.11135619209502465,0.9937805585148545
2025/05/07 10:28:31.866029630,1746606511,865631278,hemisphere,0.0,0.0,0.11204128291824869,0.9937035528375819
2025/05/07 10:28:31.916000161,1746606511,915297183,hemisphere,0.0,0.0,0.11274366251993918,0.9936241072767861
2025/05/07 10:28:31.966141730,1746606511,965716227,hemisphere,0.0,0.0,0.11343731547661164,0.993545155218151
2025/05/07 10:28:32.16293590,1746606512,15375465,hemisphere,0.0,0.0,0.1140615558760376,0.9934736843375056
2025/05/07 10:28:32.72027079,1746606512,65126086,hemisphere,0.0,0.0,0.11473776548626347,0.9933958149555591
2025/05/07 10:28:32.116426038,1746606512,115547674,hemisphere,0.0,0.0,0.11538791690533151,0.993320506499412
2025/05/07 10:28:32.165687962,1746606512,165248630,hemisphere,0.0,0.0,0.11600334804207636,0.9932488224221708
2025/05/07 10:28:32.216513907,1746606512,215686948,hemisphere,0.0,0.0,0.11661873464582137,0.9931767570425758
2025/05/07 10:28:32.265886828,1746606512,265353111,hemisphere,0.0,0.0,0.11722541000584338,0.9931053334107929
2025/05/07 10:28:32.316529739,1746606512,315779219,hemisphere,0.0,0.0,0.11779737814099815,0.9930376517046605
2025/05/07 10:28:32.365907884,1746606512,365432452,hemisphere,0.0,0.0,0.11837797248971473,0.9929686075748944
2025/05/07 10:28:32.416709235,1746606512,416100289,hemisphere,0.0,0.0,0.11894986168527674,0.9929002620631407
2025/05/07 10:28:32.466798681,1746606512,466299516,hemisphere,0.0,0.0,0.11947839085774843,0.9928368013515833
2025/05/07 10:28:32.516634062,1746606512,516164945,hemisphere,0.0,0.0,0.12003287687037309,0.992769917186365
2025/05/07 10:28:32.566988103,1746606512,566388364,hemisphere,0.0,0.0,0.12061331429655124,0.9926995660391926
2025/05/07 10:28:32.616886227,1746606512,616151607,hemisphere,0.0,0.0,0.12109842440029674,0.9926405047184835
2025/05/07 10:28:32.665576746,1746606512,665123216,hemisphere,0.0,0.0,0.1216614623538838,0.9925716541277585
2025/05/07 10:28:32.716170932,1746606512,715507722,hemisphere,0.0,0.0,0.12218115495584182,0.992507816278369
2025/05/07 10:28:32.765651271,1746606512,765179860,hemisphere,0.0,0.0,0.12270081406114326,0.9924437063273326
2025/05/07 10:28:32.816434039,1746606512,815744626,hemisphere,0.0,0.0,0.12322043952732065,0.9923793242922254
2025/05/07 10:28:32.865995894,1746606512,865370755,hemisphere,0.0,0.0,0.12370539282011463,0.992318988928067
2025/05/07 10:28:32.916356519,1746606512,915809906,hemisphere,0.0,0.0,0.12420763472706399,0.9922562488971829
2025/05/07 10:28:32.965866232,1746606512,965419063,hemisphere,0.0,0.0,0.12470984481409851,0.9921932546668736
2025/05/07 10:28:33.16067656,1746606513,15236773,hemisphere,0.0,0.0,0.12521202295256031,0.9921300062532771
2025/05/07 10:28:33.65892566,1746606513,65534744,hemisphere,0.0,0.0,0.12574014121104707,0.9920632121433725
2025/05/07 10:28:33.115820321,1746606513,115245956,hemisphere,0.0,0.0,0.12629419419336607,0.9919928308778488
2025/05/07 10:28:33.166201406,1746606513,165698890,hemisphere,0.0,0.0,0.12677895824281718,0.9919309934400004
2025/05/07 10:28:33.217322088,1746606513,215646901,hemisphere,0.0,0.0,0.12728965903887524,0.9918655870135665
2025/05/07 10:28:33.265487778,1746606513,265041595,hemisphere,0.0,0.0,0.12784360140483642,0.9917943403648971
2025/05/07 10:28:33.316170294,1746606513,315513302,hemisphere,0.0,0.0,0.12838884947395351,0.9917239047894099
2025/05/07 10:28:33.365668123,1746606513,365159788,hemisphere,0.0,0.0,0.12893405873669,0.9916531694588002
2025/05/07 10:28:33.416203295,1746606513,415658285,hemisphere,0.0,0.0,0.12947057583679802,0.9915832642761212
2025/05/07 10:28:33.466602687,1746606513,465364688,hemisphere,0.0,0.0,0.12998974984860726,0.9915153377201468
2025/05/07 10:28:33.516560574,1746606513,515835476,hemisphere,0.0,0.0,0.13056080009488938,0.99144030454616
2025/05/07 10:28:33.567315818,1746606513,565509064,hemisphere,0.0,0.0,0.1310798991037168,0.9913718071697215
2025/05/07 10:28:33.615692998,1746606513,615172223,hemisphere,0.0,0.0,0.1316508665015243,0.9912961461386793
2025/05/07 10:28:33.666051158,1746606513,665582190,hemisphere,0.0,0.0,0.1321785399628061,0.9912259245869738
2025/05/07 10:28:33.715913907,1746606513,715228168,hemisphere,0.0,0.0,0.13270617596860895,0.9911554221512329
2025/05/07 10:28:33.766060264,1746606513,765633902,hemisphere,0.0,0.0,0.13319917890802516,0.9910892889837061
2025/05/07 10:28:33.816104156,1746606513,815412493,hemisphere,0.0,0.0,0.13373539029517098,0.9910170762315846
2025/05/07 10:28:33.866224427,1746606513,865759325,hemisphere,0.0,0.0,0.13425426726701523,0.9909469167016954
2025/05/07 10:28:33.916588331,1746606513,915632685,hemisphere,0.0,0.0,0.13476446039858284,0.9908776615775929
2025/05/07 10:28:33.965581444,1746606513,965164995,hemisphere,0.0,0.0,0.1353005570551803,0.9908046019577008
2025/05/07 10:28:34.16605066,1746606514,15691736,hemisphere,0.0,0.0,0.13581067677417363,0.9907348081470344
2025/05/07 10:28:34.65776161,1746606514,65345223,hemisphere,0.0,0.0,0.13637263138887853,0.9906576126028978
2025/05/07 10:28:34.116448111,1746606514,115925016,hemisphere,0.0,0.0,0.13690860875214309,0.9905836829110162
2025/05/07 10:28:34.166018689,1746606514,165492174,hemisphere,0.0,0.0,0.13742725836480785,0.9905118619473128
2025/05/07 10:28:34.215892483,1746606514,215230822,hemisphere,0.0,0.0,0.13798908625722997,0.9904337494622721
2025/05/07 10:28:34.268926829,1746606514,265960908,hemisphere,0.0,0.0,0.1384990146782622,0.9903625714520671
2025/05/07 10:28:34.325069106,1746606514,315286354,hemisphere,0.0,0.0,0.13906939956749162,0.9902826374848432
2025/05/07 10:28:34.366254196,1746606514,365676316,hemisphere,0.0,0.0,0.1396570205938929,0.9901999376887665
2025/05/07 10:28:34.416630977,1746606514,416156982,hemisphere,0.0,0.0,0.14023595203660028,0.9901181130331818
2025/05/07 10:28:34.465551232,1746606514,465067649,hemisphere,0.0,0.0,0.14077163693705202,0.9900420931627416
2025/05/07 10:28:34.516484964,1746606514,515534643,hemisphere,0.0,0.0,0.14137639293359136,0.9899559159483249
2025/05/07 10:28:34.566342131,1746606514,565878201,hemisphere,0.0,0.0,0.1419033515783425,0.9898805174417938
2025/05/07 10:28:34.616166601,1746606514,615692146,hemisphere,0.0,0.0,0.1425080086627434,0.9897936489324325
2025/05/07 10:28:34.666537856,1746606514,666062618,hemisphere,0.0,0.0,0.14309533891208143,0.9897089087108576
2025/05/07 10:28:34.716301714,1746606514,715789079,hemisphere,0.0,0.0,0.1436653465562541,0.9896263275594842
2025/05/07 10:28:34.765974785,1746606514,765458476,hemisphere,0.0,0.0,0.14423530654255678,0.9895434181209911
2025/05/07 10:28:34.815822461,1746606514,815141626,hemisphere,0.0,0.0,0.14479658400742113,0.9894614440491261
2025/05/07 10:28:34.866096590,1746606514,865533843,hemisphere,0.0,0.0,0.1453491809162667,0.9893804200644818
2025/05/07 10:28:34.915841227,1746606514,915256070,hemisphere,0.0,0.0,0.14591036574422556,0.9892978141936767
2025/05/07 10:28:34.966025881,1746606514,965625308,hemisphere,0.0,0.0,0.146419708253934,0.9892225578881796
2025/05/07 10:28:35.17271246,1746606515,15375421,hemisphere,0.0,0.0,0.1469808033651964,0.9891393448054332
2025/05/07 10:28:35.66402113,1746606515,65733297,hemisphere,0.0,0.0,0.14752458888216852,0.9890583884054304
2025/05/07 10:28:35.116146323,1746606515,115491380,hemisphere,0.0,0.0,0.1480338079042572,0.988982301013201
2025/05/07 10:28:35.165720669,1746606515,165224344,hemisphere,0.0,0.0,0.14859476647446743,0.9888981724001711
2025/05/07 10:28:35.216707269,1746606515,215590335,hemisphere,0.0,0.0,0.1490866446497632,0.9888241362280127
2025/05/07 10:28:35.265724946,1746606515,265221250,hemisphere,0.0,0.0,0.14963025655352538,0.9887420221289911
2025/05/07 10:28:35.316450952,1746606515,315742944,hemisphere,0.0,0.0,0.15019107857303887,0.9886569879978937
2025/05/07 10:28:35.365968998,1746606515,365445242,hemisphere,0.0,0.0,0.15074322534754322,0.9885729512847394
2025/05/07 10:28:35.415665636,1746606515,415108659,hemisphere,0.0,0.0,0.15127807269714064,0.9884912466587849
2025/05/07 10:28:35.466264675,1746606515,465660438,hemisphere,0.0,0.0,0.15183012673469137,0.9884066028794666
2025/05/07 10:28:35.515794507,1746606515,515215371,hemisphere,0.0,0.0,0.1524166322530459,0.988316331046209
2025/05/07 10:28:35.566086278,1746606515,565622304,hemisphere,0.0,0.0,0.15299446019772164,0.9882270463556478
2025/05/07 10:28:35.616097488,1746606515,615371168,hemisphere,0.0,0.0,0.15360672824963464,0.9881320625485457
2025/05/07 10:28:35.666172224,1746606515,665770426,hemisphere,0.0,0.0,0.15422755957372755,0.9880353535516492
2025/05/07 10:28:35.716709348,1746606515,715456479,hemisphere,0.0,0.0,0.1548138443661958,0.9879436591185549
2025/05/07 10:28:35.765707686,1746606515,765147048,hemisphere,0.0,0.0,0.15540007464286879,0.9878516167932261
2025/05/07 10:28:35.816279121,1746606515,815601734,hemisphere,0.0,0.0,0.15607244785685803,0.9877456104787145
2025/05/07 10:28:35.865693023,1746606515,865266028,hemisphere,0.0,0.0,0.15668441702421726,0.9876487196679704
2025/05/07 10:28:35.918006390,1746606515,915767088,hemisphere,0.0,0.0,0.1573135620417264,0.9875487042155157
2025/05/07 10:28:35.965729803,1746606515,965351512,hemisphere,0.0,0.0,0.15795126032311144,0.9874469096424074
2025/05/07 10:28:36.15576198,1746606516,15130848,hemisphere,0.0,0.0,0.15859750893739064,0.9873433192962083
2025/05/07 10:28:36.65936006,1746606516,65524322,hemisphere,0.0,0.0,0.1592264590128873,0.9872420851798294
2025/05/07 10:28:36.116081594,1746606516,115276088,hemisphere,0.0,0.0,0.15988118769183485,0.9871362650729879
2025/05/07 10:28:36.167141463,1746606516,165840152,hemisphere,0.0,0.0,0.16051861909628426,0.9870328124856955
2025/05/07 10:28:36.215918743,1746606516,215375024,hemisphere,0.0,0.0,0.16119904630671536,0.9869219155889718
2025/05/07 10:28:36.266196803,1746606516,265741436,hemisphere,0.0,0.0,0.16187078534981883,0.9868119622553392
2025/05/07 10:28:36.316287944,1746606516,315520447,hemisphere,0.0,0.0,0.16255967056050624,0.9866987146577519
2025/05/07 10:28:36.365568464,1746606516,365140273,hemisphere,0.0,0.0,0.1632140381294171,0.9865906840009636
2025/05/07 10:28:36.416232219,1746606516,415589358,hemisphere,0.0,0.0,0.16387694258090132,0.9864807893164145
2025/05/07 10:28:36.466577620,1746606516,465984881,hemisphere,0.0,0.0,0.16457420376252319,0.9863647050943842
2025/05/07 10:28:36.518330633,1746606516,517658453,hemisphere,0.0,0.0,0.16526277607002687,0.9862495702638497
2025/05/07 10:28:36.566246244,1746606516,565502763,hemisphere,0.0,0.0,0.1659512678304611,0.9861339547472557
2025/05/07 10:28:36.617875877,1746606516,616117518,hemisphere,0.0,0.0,0.16663107407286035,0.9860193127689361
2025/05/07 10:28:36.665925678,1746606516,665496779,hemisphere,0.0,0.0,0.16731080111895763,0.9859042021560375
2025/05/07 10:28:36.716019692,1746606516,715210923,hemisphere,0.0,0.0,0.1679990512678957,0.9857871569325131
2025/05/07 10:28:36.766022889,1746606516,765592499,hemisphere,0.0,0.0,0.16867861793951291,0.9856711032844657
2025/05/07 10:28:36.816101076,1746606516,815315731,hemisphere,0.0,0.0,0.16932370199370209,0.9855604922799757
2025/05/07 10:28:36.866174636,1746606516,865686435,hemisphere,0.0,0.0,0.16998591282678113,0.9854464924289121
2025/05/07 10:28:36.915948239,1746606516,915459031,hemisphere,0.0,0.0,0.1706394482572387,0.9853335367775042
2025/05/07 10:28:36.966798388,1746606516,965278258,hemisphere,0.0,0.0,0.17127571326741922,0.9852231371850424
2025/05/07 10:28:37.16203045,1746606517,15518246,hemisphere,0.0,0.0,0.17195489032233768,0.985104824723863
2025/05/07 10:28:37.65766960,1746606517,65296395,hemisphere,0.0,0.0,0.17257381595515173,0.984996587835043
2025/05/07 10:28:37.116101681,1746606517,115689094,hemisphere,0.0,0.0,0.17318407868311084,0.9848894734388637
2025/05/07 10:28:37.165896306,1746606517,165406764,hemisphere,0.0,0.0,0.17386302525507105,0.9847698454203168
2025/05/07 10:28:37.216317892,1746606517,215871144,hemisphere,0.0,0.0,0.17448174003754444,0.9846604096811605
2025/05/07 10:28:37.266339305,1746606517,265541463,hemisphere,0.0,0.0,0.1750746104033404,0.984555168993652
2025/05/07 10:28:37.315733994,1746606517,315197035,hemisphere,0.0,0.0,0.17571037184079455,0.9844419054609418
2025/05/07 10:28:37.366184668,1746606517,365643461,hemisphere,0.0,0.0,0.17632888020787643,0.9843313090645022
2025/05/07 10:28:37.415975959,1746606517,415317323,hemisphere,0.0,0.0,0.17698167462573955,0.9842141468433935
2025/05/07 10:28:37.467125403,1746606517,466487958,hemisphere,0.0,0.0,0.17756568786234211,0.984108950520202
2025/05/07 10:28:37.516190577,1746606517,515412367,hemisphere,0.0,0.0,0.17819257365005353,0.9839956334740364
2025/05/07 10:28:37.565690138,1746606517,565138219,hemisphere,0.0,0.0,0.17885373097134705,0.9838756745227667
2025/05/07 10:28:37.616041104,1746606517,615570416,hemisphere,0.0,0.0,0.17943754302483217,0.9837693673586363
2025/05/07 10:28:37.665757940,1746606517,665250287,hemisphere,0.0,0.0,0.1799955396002728,0.9836674263815015
2025/05/07 10:28:37.716188175,1746606517,715693819,hemisphere,0.0,0.0,0.18059639421638884,0.983557289839305
2025/05/07 10:28:37.765724854,1746606517,765351033,hemisphere,0.0,0.0,0.18121434579865753,0.9834436236392835
2025/05/07 10:28:37.816272921,1746606517,815813183,hemisphere,0.0,0.0,0.1818236446641415,0.9833311559393652
2025/05/07 10:28:37.865928499,1746606517,865427055,hemisphere,0.0,0.0,0.18243287372860267,0.9832183107444266
2025/05/07 10:28:37.916017320,1746606517,915257138,hemisphere,0.0,0.0,0.1830591911509623,0.9831018932619119
2025/05/07 10:28:37.965983248,1746606517,965557462,hemisphere,0.0,0.0,0.18367685611300472,0.9829866797309323
2025/05/07 10:28:38.16090679,1746606518,15397501,hemisphere,0.0,0.0,0.1842687169945255,0.9828759026129349
2025/05/07 10:28:38.68759525,1746606518,65683150,hemisphere,0.0,0.0,0.18492054440410882,0.9827534748131334
2025/05/07 10:28:38.116267281,1746606518,115440539,hemisphere,0.0,0.0,0.18556371539630265,0.9826322341182993
2025/05/07 10:28:38.165575525,1746606518,165101564,hemisphere,0.0,0.0,0.18620680689889593,0.9825105724950329
2025/05/07 10:28:38.216251758,1746606518,215569560,hemisphere,0.0,0.0,0.18683267269426657,0.9823917509903659
2025/05/07 10:28:38.265666064,1746606518,265231225,hemisphere,0.0,0.0,0.1874756065292414,0.9822692588880573
2025/05/07 10:28:38.316514440,1746606518,315674466,hemisphere,0.0,0.0,0.18809274745994645,0.9821512706059942
2025/05/07 10:28:38.365710253,1746606518,365311827,hemisphere,0.0,0.0,0.18873552363100096,0.9820279538382458
2025/05/07 10:28:38.415563858,1746606518,415018685,hemisphere,0.0,0.0,0.1893268063096348,0.9819141308752992
2025/05/07 10:28:38.466801068,1746606518,466245570,hemisphere,0.0,0.0,0.18996942700879382,0.9817900064687717
2025/05/07 10:28:38.515735141,1746606518,515174638,hemisphere,0.0,0.0,0.19058626632408235,0.9816704513677927
2025/05/07 10:28:38.566540094,1746606518,565681218,hemisphere,0.0,0.0,0.19120303039893125,0.9815505087188664
2025/05/07 10:28:38.616758122,1746606518,616067961,hemisphere,0.0,0.0,0.1918368481486296,0.9814268305341971
2025/05/07 10:28:38.667262049,1746606518,666577488,hemisphere,0.0,0.0,0.19248771283279864,0.9812993836788028
2025/05/07 10:28:38.716577719,1746606518,715469772,hemisphere,0.0,0.0,0.1930871185632682,0.9811816165445286
2025/05/07 10:28:38.765555716,1746606518,765133388,hemisphere,0.0,0.0,0.193754942921817,0.981049959020112
2025/05/07 10:28:38.816238095,1746606518,815483986,hemisphere,0.0,0.0,0.19439699707342326,0.9809229365902479
2025/05/07 10:28:38.865854614,1746606518,865257154,hemisphere,0.0,0.0,0.19503896795153172,0.9807954939641604
2025/05/07 10:28:38.916082147,1746606518,915624896,hemisphere,0.0,0.0,0.19573220264998026,0.9806573840265452
2025/05/07 10:28:38.965702459,1746606518,965318362,hemisphere,0.0,0.0,0.19639111286910507,0.9805256400451926
2025/05/07 10:28:39.16329882,1746606519,15836595,hemisphere,0.0,0.0,0.1970841564812756,0.9803865744001516
2025/05/07 10:28:39.65850882,1746606519,65454019,hemisphere,0.0,0.0,0.19771722136876183,0.9802590985929261
2025/05/07 10:28:39.115591092,1746606519,115143541,hemisphere,0.0,0.0,0.19844428873227957,0.9801121692283693
2025/05/07 10:28:39.166011598,1746606519,165537798,hemisphere,0.0,0.0,0.19917979870644076,0.9799629624568786
2025/05/07 10:28:39.217132262,1746606519,216016983,hemisphere,0.0,0.0,0.19988954497685715,0.979818437165246
2025/05/07 10:28:39.266889743,1746606519,266391618,hemisphere,0.0,0.0,0.20057353852143467,0.9796786491727737
2025/05/07 10:28:39.316149636,1746606519,315412380,hemisphere,0.0,0.0,0.20128307849485114,0.979533114453838
2025/05/07 10:28:39.365767321,1746606519,365118901,hemisphere,0.0,0.0,0.20198396609749744,0.9793888285249761
2025/05/07 10:28:39.416005289,1746606519,415510870,hemisphere,0.0,0.0,0.20272747766064692,0.9792351963656902
2025/05/07 10:28:39.465631786,1746606519,465217983,hemisphere,0.0,0.0,0.20347087236918776,0.9790809997632074
2025/05/07 10:28:39.516236970,1746606519,515645552,hemisphere,0.0,0.0,0.2042141497946182,0.9789262388064084
2025/05/07 10:28:39.565819879,1746606519,565328701,hemisphere,0.0,0.0,0.2049402267022232,0.9787744906153008
2025/05/07 10:28:39.616383208,1746606519,615795809,hemisphere,0.0,0.0,0.2056491106376877,0.978625793290739
2025/05/07 10:28:39.666194668,1746606519,665496379,hemisphere,0.0,0.0,0.20634934785714176,0.9784783833273643
2025/05/07 10:28:39.715987676,1746606519,715177520,hemisphere,0.0,0.0,0.20710070439286624,0.9783196298960676
2025/05/07 10:28:39.766484623,1746606519,765902380,hemisphere,0.0,0.0,0.20780925830072344,0.9781693678318205
2025/05/07 10:28:39.815838225,1746606519,815280335,hemisphere,0.0,0.0,0.2085689118340691,0.9780076732911416
2025/05/07 10:28:39.866232362,1746606519,865760817,hemisphere,0.0,0.0,0.20930283955061682,0.9778508686686579
2025/05/07 10:28:39.916604020,1746606519,915579905,hemisphere,0.0,0.0,0.21002811738650057,0.9776953461621275
2025/05/07 10:28:39.966286356,1746606519,965759969,hemisphere,0.0,0.0,0.21076181029325058,0.9775374465062256
2025/05/07 10:28:40.16304345,1746606520,15489099,hemisphere,0.0,0.0,0.21146979669626567,0.9773845328657703
2025/05/07 10:28:40.65856102,1746606520,65186243,hemisphere,0.0,0.0,0.21221178382789468,0.9772236994693605
2025/05/07 10:28:40.116151217,1746606520,115583937,hemisphere,0.0,0.0,0.2129536486380445,0.9770623027892051
2025/05/07 10:28:40.167229177,1746606520,166086557,hemisphere,0.0,0.0,0.21368686562723443,0.9769022077252197
2025/05/07 10:28:40.217197144,1746606520,216456072,hemisphere,0.0,0.0,0.21438586741691448,0.9767490465067766
2025/05/07 10:28:40.266952727,1746606520,265945513,hemisphere,0.0,0.0,0.21507623701711337,0.9765972620638246
2025/05/07 10:28:40.318002510,1746606520,316056889,hemisphere,0.0,0.0,0.21581762539906102,0.9764336908193565
2025/05/07 10:28:40.366089219,1746606520,365603774,hemisphere,0.0,0.0,0.21653333062963911,0.9762752259104168
2025/05/07 10:28:40.415957474,1746606520,415238315,hemisphere,0.0,0.0,0.21724891950709208,0.976116236404764
2025/05/07 10:28:40.466760990,1746606520,466347326,hemisphere,0.0,0.0,0.21796439164690168,0.9759567223878302
2025/05/07 10:28:40.517668550,1746606520,515870003,hemisphere,0.0,0.0,0.21869677749626967,0.9757928671151205
2025/05/07 10:28:40.565546318,1746606520,565078239,hemisphere,0.0,0.0,0.21944606806291383,0.9756246323313732
2025/05/07 10:28:40.617639825,1746606520,615466962,hemisphere,0.0,0.0,0.22018671674730156,0.9754577437121731
2025/05/07 10:28:40.666440812,1746606520,665977203,hemisphere,0.0,0.0,0.22091021645293993,0.9752941485863202
2025/05/07 10:28:40.716486712,1746606520,715821118,hemisphere,0.0,0.0,0.22165061380609305,0.9751261484543332
2025/05/07 10:28:40.765871431,1746606520,765335785,hemisphere,0.0,0.0,0.2223823752786679,0.9749595269371021
2025/05/07 10:28:40.816281318,1746606520,815757610,hemisphere,0.0,0.0,0.22307147794440468,0.9748020905433569
2025/05/07 10:28:40.865965171,1746606520,865471847,hemisphere,0.0,0.0,0.22377747986843666,0.9746402615856434
2025/05/07 10:28:40.915484332,1746606520,915094600,hemisphere,0.0,0.0,0.2245003722067104,0.9744740031827676
2025/05/07 10:28:40.966198581,1746606520,965619668,hemisphere,0.0,0.0,0.22518062863529592,0.9743170348954251
2025/05/07 10:28:41.16121011,1746606521,15285322,hemisphere,0.0,0.0,0.22587777757149285,0.9741556495752428
2025/05/07 10:28:41.67274882,1746606521,66236593,hemisphere,0.0,0.0,0.22654081191006312,0.974001673786616
2025/05/07 10:28:41.116230811,1746606521,115394089,hemisphere,0.0,0.0,0.22717824594788846,0.9738531945668406
2025/05/07 10:28:41.167037421,1746606521,166069483,hemisphere,0.0,0.0,0.2278410741106124,0.9736983336476048
2025/05/07 10:28:41.216457326,1746606521,215480688,hemisphere,0.0,0.0,0.2284188381836557,0.9735629586024876
2025/05/07 10:28:41.265576375,1746606521,265152148,hemisphere,0.0,0.0,0.22903050070304753,0.9734192466495161
2025/05/07 10:28:41.316254640,1746606521,315602681,hemisphere,0.0,0.0,0.22959111192235246,0.9732871731027065
2025/05/07 10:28:41.367130158,1746606521,365375675,hemisphere,0.0,0.0,0.2301431545935184,0.9731567851038927
2025/05/07 10:28:41.417999538,1746606521,417554103,hemisphere,0.0,0.0,0.23066964937326637,0.9730321232405508
2025/05/07 10:28:41.466444106,1746606521,465472930,hemisphere,0.0,0.0,0.23114513500986061,0.9729192805989988
2025/05/07 10:28:41.516061419,1746606521,515288282,hemisphere,0.0,0.0,0.23161207609990647,0.9728082268385128
2025/05/07 10:28:41.566919763,1746606521,565689038,hemisphere,0.0,0.0,0.23205349860808694,0.972703024454919
2025/05/07 10:28:41.616026624,1746606521,615220840,hemisphere,0.0,0.0,0.23245243553319492,0.9726077653477202
2025/05/07 10:28:41.667058245,1746606521,665660540,hemisphere,0.0,0.0,0.23279192552120392,0.9725265648876283
2025/05/07 10:28:41.716483124,1746606521,715383726,hemisphere,0.0,0.0,0.23312290094967758,0.9724472803462442
2025/05/07 10:28:41.766424380,1746606521,765844387,hemisphere,0.0,0.0,0.2333689933810174,0.9723882521546271
2025/05/07 10:28:41.816076580,1746606521,815462177,hemisphere,0.0,0.0,0.23358113003316183,0.972337315797574
2025/05/07 10:28:41.865627522,1746606521,865179028,hemisphere,0.0,0.0,0.23374234645385578,0.9722985732141366
2025/05/07 10:28:41.917805185,1746606521,915593942,hemisphere,0.0,0.0,0.23386113338901668,0.9722700089429914
2025/05/07 10:28:41.965725133,1746606521,965289776,hemisphere,0.0,0.0,0.233912041007045,0.97225776266992
2025/05/07 10:28:42.17061404,1746606522,16626303,hemisphere,0.0,0.0,0.23394597906280412,0.9722495970070372
2025/05/07 10:28:42.65924333,1746606522,65408691,hemisphere,0.0,0.0,0.2338865872781825,0.9722638861396453
2025/05/07 10:28:42.115564966,1746606522,115080582,hemisphere,0.0,0.0,0.23376780109087317,0.9722924535206153
2025/05/07 10:28:42.165916925,1746606522,165453745,hemisphere,0.0,0.0,0.23363204117575262,0.9723250841853518
2025/05/07 10:28:42.215801921,1746606522,215285472,hemisphere,0.0,0.0,0.23342839276369223,0.9723739946397988
2025/05/07 10:28:42.266243058,1746606522,265625775,hemisphere,0.0,0.0,0.23313987332101416,0.9724432114359488
2025/05/07 10:28:42.315976532,1746606522,315354540,hemisphere,0.0,0.0,0.23286830686092833,0.9725082784530549
2025/05/07 10:28:42.366350200,1746606522,365787502,hemisphere,0.0,0.0,0.2325203357980104,0.9725915347361299
2025/05/07 10:28:42.416112640,1746606522,415563476,hemisphere,0.0,0.0,0.23206198703446135,0.9727009993690854
2025/05/07 10:28:42.466487393,1746606522,465856588,hemisphere,0.0,0.0,0.23162905477117787,0.9728041842970304
2025/05/07 10:28:42.518123780,1746606522,515549067,hemisphere,0.0,0.0,0.23110268317783375,0.9729293652819848
2025/05/07 10:28:42.565820834,1746606522,565274102,hemisphere,0.0,0.0,0.23056775242299543,0.9730562735744569
2025/05/07 10:28:42.616778792,1746606522,615752854,hemisphere,0.0,0.0,0.22991385354175045,0.9732109842935306
2025/05/07 10:28:42.665875501,1746606522,665378253,hemisphere,0.0,0.0,0.22926834505553453,0.9733632548825214
2025/05/07 10:28:42.715513591,1746606522,715111341,hemisphere,0.0,0.0,0.22852078820564134,0.9735390332995757
2025/05/07 10:28:42.766248419,1746606522,765596377,hemisphere,0.0,0.0,0.2277136153451538,0.9737281496323495
2025/05/07 10:28:42.815958278,1746606522,815272868,hemisphere,0.0,0.0,0.2268807888240535,0.9739225367874876
2025/05/07 10:28:42.866015446,1746606522,865592735,hemisphere,0.0,0.0,0.22598829057055056,0.9741300182855472
2025/05/07 10:28:42.916174712,1746606522,915342370,hemisphere,0.0,0.0,0.22509560257689357,0.9743366819023829
2025/05/07 10:28:42.966212289,1746606522,965725114,hemisphere,0.0,0.0,0.22410067050861276,0.9745660005754306
2025/05/07 10:28:43.16277120,1746606523,15465563,hemisphere,0.0,0.0,0.2231055048205655,0.9747943032859603
2025/05/07 10:28:43.65632733,1746606523,65162081,hemisphere,0.0,0.0,0.2220845804685459,0.9750274042908281
2025/05/07 10:28:43.116008020,1746606523,115581374,hemisphere,0.0,0.0,0.22102936946244045,0.9752671520332447
2025/05/07 10:28:43.165715424,1746606523,165239121,hemisphere,0.0,0.0,0.21997389964216116,0.9755057577873236
2025/05/07 10:28:43.216123497,1746606523,215688045,hemisphere,0.0,0.0,0.21889262727079264,0.9757489522036341
2025/05/07 10:28:43.265902377,1746606523,265376132,hemisphere,0.0,0.0,0.21781108603504046,0.975990948113883
2025/05/07 10:28:43.316005209,1746606523,315138438,hemisphere,0.0,0.0,0.21672075802599408,0.9762336365033929
2025/05/07 10:28:43.366174631,1746606523,365516324,hemisphere,0.0,0.0,0.2156045954792697,0.9764807516834219
2025/05/07 10:28:43.416075626,1746606523,415148203,hemisphere,0.0,0.0,0.2145307686952473,0.9767172309747721
2025/05/07 10:28:43.466083952,1746606523,465559983,hemisphere,0.0,0.0,0.2134481570105938,0.9769543921129487
2025/05/07 10:28:43.516241214,1746606523,515326972,hemisphere,0.0,0.0,0.21238233830570108,0.9771866466421871
2025/05/07 10:28:43.566162889,1746606523,565706128,hemisphere,0.0,0.0,0.21129920769469676,0.977421426421374
2025/05/07 10:28:43.616184833,1746606523,615426326,hemisphere,0.0,0.0,0.21026700715446486,0.9776439974255988
2025/05/07 10:28:43.665512276,1746606523,665081825,hemisphere,0.0,0.0,0.2092175051675002,0.9778691300636743
2025/05/07 10:28:43.717203230,1746606523,715509030,hemisphere,0.0,0.0,0.20821043929872612,0.9780840520972783
2025/05/07 10:28:43.765623518,1746606523,765194725,hemisphere,0.0,0.0,0.207211689901337,0.9782961287709526
2025/05/07 10:28:43.816220347,1746606523,815661997,hemisphere,0.0,0.0,0.2062298026312872,0.9785035863534994
2025/05/07 10:28:43.866088395,1746606523,865438940,hemisphere,0.0,0.0,0.20526478934037462,0.978706476047365
2025/05/07 10:28:43.916283936,1746606523,915841326,hemisphere,0.0,0.0,0.20427394861456669,0.9789137622474278
2025/05/07 10:28:43.966281198,1746606523,965657482,hemisphere,0.0,0.0,0.20335125354132935,0.9791058511127232
2025/05/07 10:28:44.15808652,1746606524,15226579,hemisphere,0.0,0.0,0.20241128584936488,0.9793006031657526
2025/05/07 10:28:44.66820933,1746606524,66129200,hemisphere,0.0,0.0,0.2014796793358855,0.979492694620388
2025/05/07 10:28:44.116985595,1746606524,115424030,hemisphere,0.0,0.0,0.20061628487558816,0.9796698965685926
2025/05/07 10:28:44.166116549,1746606524,165675124,hemisphere,0.0,0.0,0.1997356329912492,0.9798498236533929
2025/05/07 10:28:44.216150850,1746606524,215462307,hemisphere,0.0,0.0,0.19888047676620083,0.9800237527535997
2025/05/07 10:28:44.266169117,1746606524,265112180,hemisphere,0.0,0.0,0.19804227671869887,0.9801934791825919
2025/05/07 10:28:44.316083625,1746606524,315551913,hemisphere,0.0,0.0,0.19723815281220472,0.9803556043983375
2025/05/07 10:28:44.365882267,1746606524,365283476,hemisphere,0.0,0.0,0.19645100940551138,0.9805136413653589
2025/05/07 10:28:44.416786523,1746606524,416074775,hemisphere,0.0,0.0,0.19570652903262897,0.9806625079475614
2025/05/07 10:28:44.466822499,1746606524,466107690,hemisphere,0.0,0.0,0.1949790542003645,0.9808074063867643
2025/05/07 10:28:44.516002860,1746606524,515145981,hemisphere,0.0,0.0,0.1941829882619174,0.9809653240913626
2025/05/07 10:28:44.566710813,1746606524,566204352,hemisphere,0.0,0.0,0.19345528923041486,0.9811090923382458
2025/05/07 10:28:44.615966892,1746606524,615275200,hemisphere,0.0,0.0,0.19271892070764018,0.9812540025912161
2025/05/07 10:28:44.667419752,1746606524,666291821,hemisphere,0.0,0.0,0.19200813652152002,0.9813933337401133
2025/05/07 10:28:44.715896264,1746606524,715309676,hemisphere,0.0,0.0,0.19128012060581673,0.9815354886406422
2025/05/07 10:28:44.766244473,1746606524,765717066,hemisphere,0.0,0.0,0.19056056618645353,0.9816754405681637
2025/05/07 10:28:44.816376417,1746606524,815413040,hemisphere,0.0,0.0,0.18981520545218963,0.981819834684115
2025/05/07 10:28:44.865867018,1746606524,865121870,hemisphere,0.0,0.0,0.18911258137374476,0.9819554122088023
2025/05/07 10:28:44.916855073,1746606524,915609903,hemisphere,0.0,0.0,0.18836700849724744,0.982098706907711
2025/05/07 10:28:44.966403624,1746606524,965597753,hemisphere,0.0,0.0,0.1876213270436924,0.98224143551286
2025/05/07 10:28:45.16283056,1746606525,15677908,hemisphere,0.0,0.0,0.186866964521633,0.9823852287012823
2025/05/07 10:28:45.65732759,1746606525,65295674,hemisphere,0.0,0.0,0.18614678839602203,0.9825219453884206
2025/05/07 10:28:45.116276007,1746606525,115809154,hemisphere,0.0,0.0,0.18533218298192716,0.982675929262111
2025/05/07 10:28:45.168734013,1746606525,166291605,hemisphere,0.0,0.0,0.1845860641653384,0.9828163536062826
2025/05/07 10:28:45.215789984,1746606525,215234753,hemisphere,0.0,0.0,0.183856994745366,0.9829530026828355
2025/05/07 10:28:45.266050477,1746606525,265579486,hemisphere,0.0,0.0,0.18305061196153197,0.9831034907172839
2025/05/07 10:28:45.316121255,1746606525,315324610,hemisphere,0.0,0.0,0.18226126698297845,0.9832501363120981
2025/05/07 10:28:45.366276800,1746606525,365719917,hemisphere,0.0,0.0,0.1814975497129647,0.9833913968752167
2025/05/07 10:28:45.416522074,1746606525,415423842,hemisphere,0.0,0.0,0.1807251400169586,0.983533641400156
2025/05/07 10:28:45.465496397,1746606525,465115956,hemisphere,0.0,0.0,0.17995261884060598,0.9836752792321294
2025/05/07 10:28:45.516253153,1746606525,515574851,hemisphere,0.0,0.0,0.17917140123668934,0.9838178738866667
2025/05/07 10:28:45.566090860,1746606525,565300409,hemisphere,0.0,0.0,0.17839007064116308,0.9839598481120259
2025/05/07 10:28:45.627920718,1746606525,615622659,hemisphere,0.0,0.0,0.17762580332585315,0.984098101813455
2025/05/07 10:28:45.666105525,1746606525,665350653,hemisphere,0.0,0.0,0.17685283977928745,0.9842373052582399
2025/05/07 10:28:45.717081822,1746606525,715830616,hemisphere,0.0,0.0,0.17607117683402007,0.9843774381243625
2025/05/07 10:28:45.770620538,1746606525,765714262,hemisphere,0.0,0.0,0.17534095179891243,0.9845077707272053
2025/05/07 10:28:45.816072338,1746606525,815183935,hemisphere,0.0,0.0,0.17466218555134205,0.9846284176979804
2025/05/07 10:28:45.866435891,1746606525,865899628,hemisphere,0.0,0.0,0.1739059937799945,0.9847622582772924
2025/05/07 10:28:45.916118103,1746606525,915309591,hemisphere,0.0,0.0,0.17320126822081228,0.9848864506564715
2025/05/07 10:28:45.966304649,1746606525,965705685,hemisphere,0.0,0.0,0.17250504980034115,0.9850086333598208
2025/05/07 10:28:46.16261036,1746606526,15480499,hemisphere,0.0,0.0,0.17183453578063496,0.9851258256248557
2025/05/07 10:28:46.66323912,1746606526,65792002,hemisphere,0.0,0.0,0.17118973567730522,0.9852380800591979
2025/05/07 10:28:46.116103030,1746606526,115469380,hemisphere,0.0,0.0,0.17052766461550023,0.9853528888681372
2025/05/07 10:28:46.165558507,1746606526,165145256,hemisphere,0.0,0.0,0.16990851551605338,0.9854598400519075
2025/05/07 10:28:46.216123699,1746606526,215560057,hemisphere,0.0,0.0,0.16925489647885494,0.9855723109026208
2025/05/07 10:28:46.265776459,1746606526,265352558,hemisphere,0.0,0.0,0.16863560976372124,0.985678462339326
2025/05/07 10:28:46.316933246,1746606526,315895148,hemisphere,0.0,0.0,0.16805066673241967,0.9857783591714667
2025/05/07 10:28:46.366608325,1746606526,365816234,hemisphere,0.0,0.0,0.1674828713141635,0.9858749858964693
2025/05/07 10:28:46.415836341,1746606526,415172773,hemisphere,0.0,0.0,0.16693222875692895,0.9859683722119308
2025/05/07 10:28:46.467567154,1746606526,466517139,hemisphere,0.0,0.0,0.16639013913195752,0.9860599989856844
2025/05/07 10:28:46.516437351,1746606526,516030808,hemisphere,0.0,0.0,0.16590823946156075,0.9861411947985772
2025/05/07 10:28:46.566831501,1746606526,566392011,hemisphere,0.0,0.0,0.16538326795208244,0.9862293722463805
2025/05/07 10:28:46.616535362,1746606526,616119205,hemisphere,0.0,0.0,0.16490989280338642,0.9863086369162423
2025/05/07 10:28:46.665682758,1746606526,665156513,hemisphere,0.0,0.0,0.16447091098995675,0.98638193385632
2025/05/07 10:28:46.716385642,1746606526,715507943,hemisphere,0.0,0.0,0.16396302864570111,0.9864664845991115
2025/05/07 10:28:46.765633448,1746606526,765168364,hemisphere,0.0,0.0,0.1635153674882809,0.9865407870915285
2025/05/07 10:28:46.816124957,1746606526,815619397,hemisphere,0.0,0.0,0.1630935021209927,0.9866106169943185
2025/05/07 10:28:46.865937640,1746606526,865350076,hemisphere,0.0,0.0,0.1626371651948836,0.9866859442078681
2025/05/07 10:28:46.916889006,1746606526,915728757,hemisphere,0.0,0.0,0.16221523783787992,0.9867553985731217
2025/05/07 10:28:46.966158910,1746606526,965475354,hemisphere,0.0,0.0,0.16175022231718064,0.9868317311377572
2025/05/07 10:28:47.15746004,1746606527,15172580,hemisphere,0.0,0.0,0.16136268194057346,0.986895174208966
2025/05/07 10:28:47.66023186,1746606527,65538918,hemisphere,0.0,0.0,0.16096650383628544,0.9869598698238562
2025/05/07 10:28:47.116108037,1746606527,115313113,hemisphere,0.0,0.0,0.16053584604423804,0.987030010756948
2025/05/07 10:28:47.166175471,1746606527,165697846,hemisphere,0.0,0.0,0.16011377175454225,0.9870985665547967
2025/05/07 10:28:47.216179906,1746606527,215419790,hemisphere,0.0,0.0,0.1597433559098688,0.9871585790756484
2025/05/07 10:28:47.265616058,1746606527,265104337,hemisphere,0.0,0.0,0.1593384570498721,0.9872240151581434
2025/05/07 10:28:47.316221420,1746606527,315437613,hemisphere,0.0,0.0,0.1589421471034647,0.9872878981706099
2025/05/07 10:28:47.365564484,1746606527,365189684,hemisphere,0.0,0.0,0.15855442780700743,0.987350238478116
2025/05/07 10:28:47.416323853,1746606527,415593903,hemisphere,0.0,0.0,0.15814945043745773,0.9874151869028196
2025/05/07 10:28:47.466180255,1746606527,465452595,hemisphere,0.0,0.0,0.1577961505772466,0.9874717083861203
2025/05/07 10:28:47.517012672,1746606527,515760809,hemisphere,0.0,0.0,0.15739974132467313,0.987534972257148
2025/05/07 10:28:47.566254632,1746606527,565536405,hemisphere,0.0,0.0,0.15704639865414918,0.987591225492492
2025/05/07 10:28:47.616713258,1746606527,615103594,hemisphere,0.0,0.0,0.15671889237277534,0.9876432497483343
2025/05/07 10:28:47.670179328,1746606527,666192624,hemisphere,0.0,0.0,0.15640860736633416,0.9876924357013797
2025/05/07 10:28:47.715918151,1746606527,715229061,hemisphere,0.0,0.0,0.15603796893563035,0.9877510578331178
2025/05/07 10:28:47.766536112,1746606527,765698075,hemisphere,0.0,0.0,0.15571040970729308,0.9878027476722198
2025/05/07 10:28:47.816988761,1746606527,815404796,hemisphere,0.0,0.0,0.15529662621157644,0.987867884834456
2025/05/07 10:28:47.866468420,1746606527,865764412,hemisphere,0.0,0.0,0.15497764949931592,0.9879179764310736
2025/05/07 10:28:47.916240562,1746606527,915522203,hemisphere,0.0,0.0,0.15467589990014968,0.9879652655787444
2025/05/07 10:28:47.965579517,1746606527,965159393,hemisphere,0.0,0.0,0.1542706706020141,0.9880286231643317
2025/05/07 10:28:48.16065393,1746606528,15623828,hemisphere,0.0,0.0,0.1539257741587481,0.9880824135919181
2025/05/07 10:28:48.65751035,1746606528,65261795,hemisphere,0.0,0.0,0.1535808589600934,0.9881360836246594
2025/05/07 10:28:48.116434560,1746606528,115816494,hemisphere,0.0,0.0,0.1531841833498449,0.988197655315697
2025/05/07 10:28:48.165867034,1746606528,165370612,hemisphere,0.0,0.0,0.15286510026946043,0.9882470648170971
2025/05/07 10:28:48.215537646,1746606528,215098838,hemisphere,0.0,0.0,0.152520127661307,0.9883003645947819
2025/05/07 10:28:48.266080773,1746606528,265555031,hemisphere,0.0,0.0,0.15213201126540302,0.9883601829031475
2025/05/07 10:28:48.315679899,1746606528,315215216,hemisphere,0.0,0.0,0.1518042502583099,0.9884105774441674
2025/05/07 10:28:48.366088297,1746606528,365596039,hemisphere,0.0,0.0,0.15141609063712094,0.9884701146196435
2025/05/07 10:28:48.416770994,1746606528,416131174,hemisphere,0.0,0.0,0.1510882932146546,0.9885202717463525
2025/05/07 10:28:48.467035262,1746606528,466511580,hemisphere,0.0,0.0,0.1507518522682513,0.9885716357642937
2025/05/07 10:28:48.516684049,1746606528,516226189,hemisphere,0.0,0.0,0.1503722569059517,0.9886294474437884
2025/05/07 10:28:48.565562012,1746606528,565134373,hemisphere,0.0,0.0,0.1499926393735441,0.9886871133648694
2025/05/07 10:28:48.616690051,1746606528,616307470,hemisphere,0.0,0.0,0.1496043712966424,0.9887459391011102
2025/05/07 10:28:48.666463085,1746606528,665980392,hemisphere,0.0,0.0,0.14923333802228342,0.988802007897803
2025/05/07 10:28:48.716310100,1746606528,715718832,hemisphere,0.0,0.0,0.14886228373446753,0.9888579374618778
2025/05/07 10:28:48.765849212,1746606528,765377656,hemisphere,0.0,0.0,0.14844805884268322,0.9889202059953267
2025/05/07 10:28:48.815565749,1746606528,815089374,hemisphere,0.0,0.0,0.1480769602568173,0.9889758408783811
2025/05/07 10:28:48.865965298,1746606528,865544500,hemisphere,0.0,0.0,0.14769720988808557,0.989032625443304
2025/05/07 10:28:48.916119310,1746606528,915214393,hemisphere,0.0,0.0,0.14727428044277818,0.9890956911846608
2025/05/07 10:28:48.966125242,1746606528,965654176,hemisphere,0.0,0.0,0.1468599561002655,0.9891572945160078
2025/05/07 10:28:49.15777096,1746606529,15332456,hemisphere,0.0,0.0,0.14645423854606332,0.9892174462735142
2025/05/07 10:28:49.66754965,1746606529,66025622,hemisphere,0.0,0.0,0.14606576248075365,0.9892748824421431
2025/05/07 10:28:49.116611484,1746606529,115503345,hemisphere,0.0,0.0,0.14565136318480784,0.9893359795349643
2025/05/07 10:28:49.165714145,1746606529,165182919,hemisphere,0.0,0.0,0.14523693833292747,0.9893969030392593
2025/05/07 10:28:49.216424317,1746606529,215556194,hemisphere,0.0,0.0,0.14483975726962178,0.9894551251643892
2025/05/07 10:28:49.265762622,1746606529,265289382,hemisphere,0.0,0.0,0.14445982310757827,0.989510666697296
2025/05/07 10:28:49.316347290,1746606529,315654378,hemisphere,0.0,0.0,0.14406259643922778,0.9895685768592232
2025/05/07 10:28:49.365838752,1746606529,365391025,hemisphere,0.0,0.0,0.14369989094428182,0.9896213120899334
2025/05/07 10:28:49.416723037,1746606529,415935593,hemisphere,0.0,0.0,0.14331125649361853,0.9896776665976759
2025/05/07 10:28:49.466002682,1746606529,465521561,hemisphere,0.0,0.0,0.14291396287975477,0.9897351156819708
2025/05/07 10:28:49.516123927,1746606529,515300201,hemisphere,0.0,0.0,0.14255983394164043,0.9897861858737633
2025/05/07 10:28:49.567093597,1746606529,566237633,hemisphere,0.0,0.0,0.14215385880785592,0.9898445738731088
2025/05/07 10:28:49.616927876,1746606529,615513945,hemisphere,0.0,0.0,0.14184288295381195,0.9898891839773537
2025/05/07 10:28:49.668782307,1746606529,668047463,hemisphere,0.0,0.0,0.1414973378094608,0.9899386361754123
2025/05/07 10:28:49.718519173,1746606529,715498652,hemisphere,0.0,0.0,0.14113449685299811,0.9899904311648932
2025/05/07 10:28:49.766438754,1746606529,765783985,hemisphere,0.0,0.0,0.14080619583980009,0.9900371787024586
2025/05/07 10:28:49.816661218,1746606529,815569758,hemisphere,0.0,0.0,0.14049515954366987,0.9900813654163979
2025/05/07 10:28:49.865744035,1746606529,865275104,hemisphere,0.0,0.0,0.14017546890129198,0.9901266777126566
2025/05/07 10:28:49.916202450,1746606529,915723140,hemisphere,0.0,0.0,0.13981255911279525,0.9901779881992586
2025/05/07 10:28:49.965851460,1746606529,965358711,hemisphere,0.0,0.0,0.13954468507585782,0.9902157749031671
2025/05/07 10:28:50.16528642,1746606530,15978280,hemisphere,0.0,0.0,0.13922495108409702,0.9902607802976098
2025/05/07 10:28:50.65952225,1746606530,65480395,hemisphere,0.0,0.0,0.1388792763876565,0.9903093186424335
2025/05/07 10:28:50.115638465,1746606530,115183857,hemisphere,0.0,0.0,0.13853358476919744,0.9903577363210708
2025/05/07 10:28:50.166099731,1746606530,165648660,hemisphere,0.0,0.0,0.13820516209600642,0.9904036213433475
2025/05/07 10:28:50.215964878,1746606530,215283089,hemisphere,0.0,0.0,0.13785943760076497,0.9904518037059657
2025/05/07 10:28:50.266149650,1746606530,265705705,hemisphere,0.0,0.0,0.13753098377071526,0.9904974651674073
2025/05/07 10:28:50.316283117,1746606530,315421685,hemisphere,0.0,0.0,0.1372025148168114,0.9905430177069257
2025/05/07 10:28:50.365530496,1746606530,365140221,hemisphere,0.0,0.0,0.136839452631428,0.9905932385210042
2025/05/07 10:28:50.416597861,1746606530,416220926,hemisphere,0.0,0.0,0.13650230699840313,0.9906397529799185
2025/05/07 10:28:50.466502960,1746606530,465963462,hemisphere,0.0,0.0,0.1361910816103721,0.9906825875575875
2025/05/07 10:28:50.517102010,1746606530,516525766,hemisphere,0.0,0.0,0.13586255134123246,0.9907276957585526
2025/05/07 10:28:50.566540956,1746606530,566063191,hemisphere,0.0,0.0,0.13555994445376138,0.9907691464007613
2025/05/07 10:28:50.615482342,1746606530,615065538,hemisphere,0.0,0.0,0.1352054460179365,0.9908175853138108
2025/05/07 10:28:50.666714903,1746606530,666207811,hemisphere,0.0,0.0,0.1348595772047657,0.9908647205527866
2025/05/07 10:28:50.716080346,1746606530,715187677,hemisphere,0.0,0.0,0.13453098661124946,0.9909093872001636
2025/05/07 10:28:50.766077322,1746606530,765657162,hemisphere,0.0,0.0,0.13421967661241205,0.9909516024559725
2025/05/07 10:28:50.816081116,1746606530,815307961,hemisphere,0.0,0.0,0.13387376107849103,0.9909983935883545
2025/05/07 10:28:50.866278911,1746606530,865797616,hemisphere,0.0,0.0,0.13354512621152193,0.9910427333193805
2025/05/07 10:28:50.916163223,1746606530,915430098,hemisphere,0.0,0.0,0.13320782778859022,0.9910881265638517
2025/05/07 10:28:50.965597987,1746606530,965109228,hemisphere,0.0,0.0,0.1329224093776649,0.9911264465673573
2025/05/07 10:28:51.19459422,1746606531,15579905,hemisphere,0.0,0.0,0.13259373209902925,0.9911704708111773
2025/05/07 10:28:51.65688688,1746606531,65221086,hemisphere,0.0,0.0,0.1322823401739574,0.9912120774476577
2025/05/07 10:28:51.116256620,1746606531,115651416,hemisphere,0.0,0.0,0.131970935193142,0.9912535862554281
2025/05/07 10:28:51.165695174,1746606531,165317947,hemisphere,0.0,0.0,0.13170277046587378,0.9912892515565844
2025/05/07 10:28:51.216496539,1746606531,215923557,hemisphere,0.0,0.0,0.1314086432312519,0.9913282849208539
2025/05/07 10:28:51.266292018,1746606531,265525255,hemisphere,0.0,0.0,0.13111450442814446,0.9913672310140991
2025/05/07 10:28:51.315960779,1746606531,315215534,hemisphere,0.0,0.0,0.13082035408244594,0.9914060898328916
2025/05/07 10:28:51.366074499,1746606531,365596085,hemisphere,0.0,0.0,0.13055214814109242,0.9914414438663265
2025/05/07 10:28:51.416270886,1746606531,415357256,hemisphere,0.0,0.0,0.13028393264536686,0.9914767253417791
2025/05/07 10:28:51.466275533,1746606531,465721378,hemisphere,0.0,0.0,0.12997244462158228,0.9915176063182588
2025/05/07 10:28:51.516284178,1746606531,515379546,hemisphere,0.0,0.0,0.1297042085431435,0.9915527309660322
2025/05/07 10:28:51.566458859,1746606531,565927577,hemisphere,0.0,0.0,0.1294273097316417,0.9915889125517842
2025/05/07 10:28:51.616649869,1746606531,615705901,hemisphere,0.0,0.0,0.12913309368597345,0.9916272707600823
2025/05/07 10:28:51.666573551,1746606531,665253601,hemisphere,0.0,0.0,0.12881290448482588,0.9916689143248281
2025/05/07 10:28:51.717727240,1746606531,717179318,hemisphere,0.0,0.0,0.12844077584016506,0.9917171810055407
2025/05/07 10:28:51.766137181,1746606531,765395969,hemisphere,0.0,0.0,0.12811190291299054,0.9917597190509466
2025/05/07 10:28:51.819809028,1746606531,818552137,hemisphere,0.0,0.0,0.12777436078637752,0.9918032631150356
2025/05/07 10:28:51.866414987,1746606531,865740999,hemisphere,0.0,0.0,0.12737621515523534,0.9918544751185666
2025/05/07 10:28:51.916111627,1746606531,915192197,hemisphere,0.0,0.0,0.1270126729556305,0.9919010943177077
2025/05/07 10:28:51.966465072,1746606531,965592274,hemisphere,0.0,0.0,0.12658851882786362,0.991955314971883
2025/05/07 10:28:52.16656041,1746606532,15489552,hemisphere,0.0,0.0,0.12620762600730837,0.9920038483481803
2025/05/07 10:28:52.66190256,1746606532,65697853,hemisphere,0.0,0.0,0.12574014121104707,0.9920632121433725
2025/05/07 10:28:52.116266470,1746606532,115384238,hemisphere,0.0,0.0,0.12529860215176317,0.9921190756652218
2025/05/07 10:28:52.166500915,1746606532,165921149,hemisphere,0.0,0.0,0.12484837991088717,0.9921758322160578
2025/05/07 10:28:52.217256483,1746606532,215546675,hemisphere,0.0,0.0,0.12437215533535335,0.9922356408521309
2025/05/07 10:28:52.266483000,1746606532,265414527,hemisphere,0.0,0.0,0.12396517708163292,0.9922865689260938
2025/05/07 10:28:52.316325162,1746606532,315643791,hemisphere,0.0,0.0,0.12354085840135626,0.9923394864185624
2025/05/07 10:28:52.365846446,1746606532,365389862,hemisphere,0.0,0.0,0.12307321573548571,0.9923975934919061
2025/05/07 10:28:52.417004432,1746606532,416528784,hemisphere,0.0,0.0,0.12266617116576449,0.9924479887891009
2025/05/07 10:28:52.466824976,1746606532,466285289,hemisphere,0.0,0.0,0.12223312237607228,0.9925014175275501
2025/05/07 10:28:52.516123466,1746606532,515136437,hemisphere,0.0,0.0,0.12181737364314295,0.9925525313446573
2025/05/07 10:28:52.566696221,1746606532,566269410,hemisphere,0.0,0.0,0.12143625185968468,0.992599232688738
2025/05/07 10:28:52.616510926,1746606532,616040884,hemisphere,0.0,0.0,0.12108109953675729,0.9926426181335204
2025/05/07 10:28:52.666947461,1746606532,666429424,hemisphere,0.0,0.0,0.12070860605820631,0.9926879834184984
2025/05/07 10:28:52.716496063,1746606532,715381868,hemisphere,0.0,0.0,0.12039673797900388,0.9927258561576883
2025/05/07 10:28:52.766208575,1746606532,765799618,hemisphere,0.0,0.0,0.12007619451552064,0.9927646788190396
2025/05/07 10:28:52.816067532,1746606532,815511487,hemisphere,0.0,0.0,0.1197556385334564,0.9928033979794006
2025/05/07 10:28:52.865607819,1746606532,865212223,hemisphere,0.0,0.0,0.11946106256843317,0.9928388864916708
2025/05/07 10:28:52.917229634,1746606532,916399807,hemisphere,0.0,0.0,0.11915781161949703,0.992875327485809
2025/05/07 10:28:52.965867363,1746606532,965333504,hemisphere,0.0,0.0,0.11889787338609584,0.9929064889022853
2025/05/07 10:28:53.16247678,1746606533,15811469,hemisphere,0.0,0.0,0.11859460181544838,0.9929427578769258
2025/05/07 10:28:53.66096927,1746606533,65474787,hemisphere,0.0,0.0,0.11829131918121917,0.9929789342208458
2025/05/07 10:28:53.116034851,1746606533,115159263,hemisphere,0.0,0.0,0.11801402254364125,0.9930119286710855
2025/05/07 10:28:53.167058697,1746606533,165577877,hemisphere,0.0,0.0,0.11775404858733081,0.9930427906396041
2025/05/07 10:28:53.216096438,1746606533,215266627,hemisphere,0.0,0.0,0.11745940168118091,0.9930776852576535
2025/05/07 10:28:53.266910220,1746606533,266368723,hemisphere,0.0,0.0,0.11722541000584338,0.9931053334107929
2025/05/07 10:28:53.316067161,1746606533,315378844,hemisphere,0.0,0.0,0.11695674487233793,0.9931370095957893
2025/05/07 10:28:53.367510831,1746606533,366603163,hemisphere,0.0,0.0,0.11670540522398348,0.9931665763564065
2025/05/07 10:28:53.418711944,1746606533,417908102,hemisphere,0.0,0.0,0.11647139262510406,0.9931940468508502
2025/05/07 10:28:53.465986856,1746606533,465245535,hemisphere,0.0,0.0,0.11620270351989494,0.9932255190512713
2025/05/07 10:28:53.518166017,1746606533,516417848,hemisphere,0.0,0.0,0.11591667028926426,0.9932589418419802
2025/05/07 10:28:53.565764793,1746606533,565293348,hemisphere,0.0,0.0,0.11567396788723586,0.9932872359761917
2025/05/07 10:28:53.616504655,1746606533,615824248,hemisphere,0.0,0.0,0.11538791690533151,0.993320506499412
2025/05/07 10:28:53.666513798,1746606533,665466836,hemisphere,0.0,0.0,0.11515386807408813,0.9933476665637141
2025/05/07 10:28:53.717794582,1746606533,716483542,hemisphere,0.0,0.0,0.11488513745895892,0.9933787823338267
2025/05/07 10:28:53.767226750,1746606533,766607655,hemisphere,0.0,0.0,0.11463373669085437,0.9934078248193398
2025/05/07 10:28:53.817432206,1746606533,815283668,hemisphere,0.0,0.0,0.11438232858093902,0.9934368036812418
2025/05/07 10:28:53.866166021,1746606533,865617521,hemisphere,0.0,0.0,0.11409623458018749,0.9934697022328476
2025/05/07 10:28:53.915961521,1746606533,915337331,hemisphere,0.0,0.0,0.11381013111719653,0.9935025183939327
2025/05/07 10:28:53.966261574,1746606533,965755384,hemisphere,0.0,0.0,0.11347199667594624,0.9935411949035501
2025/05/07 10:28:54.16166923,1746606534,15469912,hemisphere,0.0,0.0,0.11317720207876052,0.9935748189893017
2025/05/07 10:28:54.65609706,1746606534,65175150,hemisphere,0.0,0.0,0.11291708092386626,0.9936044146619081
2025/05/07 10:28:54.116097178,1746606534,115586387,hemisphere,0.0,0.0,0.11257891185504326,0.993642787225638
2025/05/07 10:28:54.165699976,1746606534,165291547,hemisphere,0.0,0.0,0.11222338672307894,0.9936830035138985
2025/05/07 10:28:54.216578703,1746606534,215789716,hemisphere,0.0,0.0,0.11189386279617393,0.9937201635614279
2025/05/07 10:28:54.265910703,1746606534,265441841,hemisphere,0.0,0.0,0.11150362118278778,0.9937640275553978
2025/05/07 10:28:54.315795415,1746606534,315100157,hemisphere,0.0,0.0,0.11114805274077101,0.9938038591049719
2025/05/07 10:28:54.365927935,1746606534,365503637,hemisphere,0.0,0.0,0.11079247007008411,0.9938435634322785
2025/05/07 10:28:54.417256343,1746606534,416645203,hemisphere,0.0,0.0,0.11041085337863049,0.9938860314222162
2025/05/07 10:28:54.466858166,1746606534,466352191,hemisphere,0.0,0.0,0.11002922040877156,0.9939283528787364
2025/05/07 10:28:54.515884660,1746606534,515361002,hemisphere,0.0,0.0,0.1096388971834094,0.9939714846133192
2025/05/07 10:28:54.567049859,1746606534,566472357,hemisphere,0.0,0.0,0.1092485570503515,0.994014463065008
2025/05/07 10:28:54.616626935,1746606534,616197072,hemisphere,0.0,0.0,0.10887554962584527,0.9940553881417625
2025/05/07 10:28:54.665707926,1746606534,665185062,hemisphere,0.0,0.0,0.10848517660280854,0.9940980668211047
2025/05/07 10:28:54.716105297,1746606534,715581844,hemisphere,0.0,0.0,0.10806876027311135,0.9941434217722475
2025/05/07 10:28:54.765803598,1746606534,765289130,hemisphere,0.0,0.0,0.10768702864510835,0.9941848439106219
2025/05/07 10:28:54.816332001,1746606534,815643343,hemisphere,0.0,0.0,0.1072966048765538,0.9942270558488965
2025/05/07 10:28:54.866391742,1746606534,865541255,hemisphere,0.0,0.0,0.10690616456151439,0.9942691144648648
2025/05/07 10:28:54.917293730,1746606534,916811704,hemisphere,0.0,0.0,0.10652438475668682,0.9943100901892776
2025/05/07 10:28:54.971308468,1746606534,965499999,hemisphere,0.0,0.0,0.10615994392774976,0.9943490666286449
2025/05/07 10:28:55.16684938,1746606535,15506351,hemisphere,0.0,0.0,0.10579548883768065,0.9943879094908568
2025/05/07 10:28:55.66130161,1746606535,65570332,hemisphere,0.0,0.0,0.10539630743387982,0.9944302984017045
2025/05/07 10:28:55.116190081,1746606535,115331663,hemisphere,0.0,0.0,0.10504050099607391,0.9944679447576447
2025/05/07 10:28:55.166205706,1746606535,165743856,hemisphere,0.0,0.0,0.10460657251218919,0.9945136826546189
2025/05/07 10:28:55.216156767,1746606535,215487823,hemisphere,0.0,0.0,0.10424205719153377,0.9945519561654268
2025/05/07 10:28:55.265749685,1746606535,265167263,hemisphere,0.0,0.0,0.10384281006034098,0.9945937214756445
2025/05/07 10:28:55.325838746,1746606535,315580111,hemisphere,0.0,0.0,0.10340014694392843,0.9946398391437847
2025/05/07 10:28:55.365734233,1746606535,365251534,hemisphere,0.0,0.0,0.10299218436660597,0.9946821652967319
2025/05/07 10:28:55.416819861,1746606535,416419905,hemisphere,0.0,0.0,0.10259288506682315,0.9947234288653635
2025/05/07 10:28:55.465765320,1746606535,465349646,hemisphere,0.0,0.0,0.10217620730302272,0.9947663156044085
2025/05/07 10:28:55.516396700,1746606535,515909776,hemisphere,0.0,0.0,0.10171610478215931,0.9948134669514406
2025/05/07 10:28:55.565928579,1746606535,565485215,hemisphere,0.0,0.0,0.10130807113263023,0.9948551023759118
2025/05/07 10:28:55.615970181,1746606535,615218556,hemisphere,0.0,0.0,0.1008913383262768,0.9948974509218188
2025/05/07 10:28:55.667148034,1746606535,666552585,hemisphere,0.0,0.0,0.10049195277457544,0.994937871139476
2025/05/07 10:28:55.716543243,1746606535,715320821,hemisphere,0.0,0.0,0.10007518536972233,0.9949798778232732
2025/05/07 10:28:55.766972391,1746606535,766288734,hemisphere,0.0,0.0,0.09968444997900934,0.9950191005364583
2025/05/07 10:28:55.816627936,1746606535,815814871,hemisphere,0.0,0.0,0.09932843323782516,0.9950547031950148
2025/05/07 10:28:55.865663478,1746606535,865160160,hemisphere,0.0,0.0,0.09899845514709757,0.9950875870386929
2025/05/07 10:28:55.916009409,1746606535,915550078,hemisphere,0.0,0.0,0.09862504575900374,0.9951246657324069
2025/05/07 10:28:55.965694211,1746606535,965290171,hemisphere,0.0,0.0,0.09829504450649526,0.9951573163201214
2025/05/07 10:28:56.16390479,1746606536,15711692,hemisphere,0.0,0.0,0.09795634777120886,0.9951907123417733
2025/05/07 10:28:56.65844128,1746606536,65387883,hemisphere,0.0,0.0,0.0976784342815519,0.9952180281105767
2025/05/07 10:28:56.116323998,1746606536,115875658,hemisphere,0.0,0.0,0.09737445768121192,0.9952478158686358
2025/05/07 10:28:56.165901877,1746606536,165475717,hemisphere,0.0,0.0,0.09714864061033168,0.9952698838142169
2025/05/07 10:28:56.216823151,1746606536,215672683,hemisphere,0.0,0.0,0.09684464819628054,0.995299509753591
2025/05/07 10:28:56.266004805,1746606536,265613293,hemisphere,0.0,0.0,0.09663619103189948,0.9953197710197694
2025/05/07 10:28:56.317243698,1746606536,315928540,hemisphere,0.0,0.0,0.09642772962858077,0.9953399886263373
2025/05/07 10:28:56.366286252,1746606536,365730815,hemisphere,0.0,0.0,0.09621057783576487,0.9953610022059878
2025/05/07 10:28:56.416848159,1746606536,416163138,hemisphere,0.0,0.0,0.0960455394100466,0.9953769408417261
2025/05/07 10:28:56.465697350,1746606536,465111181,hemisphere,0.0,0.0,0.09583706604606292,0.9953970347412547
2025/05/07 10:28:56.516121541,1746606536,515497125,hemisphere,0.0,0.0,0.09568939486920733,0.9954112415025084
2025/05/07 10:28:56.566534767,1746606536,565964028,hemisphere,0.0,0.0,0.09554172158636133,0.9954254263561456
2025/05/07 10:28:56.616887523,1746606536,616406858,hemisphere,0.0,0.0,0.09536798562057992,0.9954420863710118
2025/05/07 10:28:56.665887360,1746606536,665365852,hemisphere,0.0,0.0,0.09524636871569842,0.9954537303393228
2025/05/07 10:28:56.716258553,1746606536,715862779,hemisphere,0.0,0.0,0.09510737622654611,0.9954670195377154
2025/05/07 10:28:56.766195633,1746606536,765513379,hemisphere,0.0,0.0,0.09495969467526673,0.9954811180465354
2025/05/07 10:28:56.815615614,1746606536,815203512,hemisphere,0.0,0.0,0.09480332369602941,0.9954960219991771
2025/05/07 10:28:56.866028972,1746606536,865560859,hemisphere,0.0,0.0,0.0946469503776138,0.9955109013889388
2025/05/07 10:28:56.917036295,1746606536,916289634,hemisphere,0.0,0.0,0.09452532507077305,0.9955224572656635
2025/05/07 10:28:56.966418902,1746606536,965731912,hemisphere,0.0,0.0,0.09436025989795749,0.9955381164736938
2025/05/07 10:28:57.16148720,1746606537,15485665,hemisphere,0.0,0.0,0.0941778164258814,0.9955553921772776
2025/05/07 10:28:57.65575362,1746606537,65101142,hemisphere,0.0,0.0,0.09398668177714499,0.9955734546724926
2025/05/07 10:28:57.116235442,1746606537,115610217,hemisphere,0.0,0.0,0.09379554366418098,0.9955914804721567
2025/05/07 10:28:57.165676748,1746606537,165205257,hemisphere,0.0,0.0,0.0936217787430849,0.9956078357189546
2025/05/07 10:28:57.216095122,1746606537,215629358,hemisphere,0.0,0.0,0.09339588008288707,0.9956290521994339
2025/05/07 10:28:57.265919808,1746606537,265322476,hemisphere,0.0,0.0,0.0932394858855002,0.9956437105068296
2025/05/07 10:28:57.316413705,1746606537,315770524,hemisphere,0.0,0.0,0.09298751261897632,0.9956672749954856
2025/05/07 10:28:57.367143445,1746606537,365472690,hemisphere,0.0,0.0,0.09276160048876067,0.9956883475640175
2025/05/07 10:28:57.416457075,1746606537,415915552,hemisphere,0.0,0.0,0.09254437278306225,0.9957085613100802
2025/05/07 10:28:57.466334051,1746606537,465593333,hemisphere,0.0,0.0,0.0923618981058311,0.9957255042321091
2025/05/07 10:28:57.517885495,1746606537,515334385,hemisphere,0.0,0.0,0.09213597277992432,0.9957464348517132
2025/05/07 10:28:57.566346992,1746606537,565728086,hemisphere,0.0,0.0,0.09193611180665097,0.9957649076694133
2025/05/07 10:28:57.616514827,1746606537,615440262,hemisphere,0.0,0.0,0.0917449369751411,0.9957825397843786
2025/05/07 10:28:57.667842162,1746606537,666505531,hemisphere,0.0,0.0,0.09152768874408296,0.9958025317266302
2025/05/07 10:28:57.717092670,1746606537,715565740,hemisphere,0.0,0.0,0.09131043615662976,0.9958224762721949
2025/05/07 10:28:57.766156211,1746606537,765279812,hemisphere,0.0,0.0,0.09111055993749385,0.9958407833925443
2025/05/07 10:28:57.816346026,1746606537,815727709,hemisphere,0.0,0.0,0.09091068004790952,0.9958590503947969
2025/05/07 10:28:57.865705938,1746606537,865313862,hemisphere,0.0,0.0,0.09069341514467952,0.9958788603286018
2025/05/07 10:28:57.916399964,1746606537,915818389,hemisphere,0.0,0.0,0.09051090928960473,0.9958954640420695
2025/05/07 10:28:57.965822634,1746606537,965428404,hemisphere,0.0,0.0,0.09031101843698935,0.9959136106856226
2025/05/07 10:28:58.15674244,1746606538,15165816,hemisphere,0.0,0.0,0.09013719734663747,0.9959293577631364
2025/05/07 10:28:58.67225112,1746606538,66120038,hemisphere,0.0,0.0,0.08997206476748346,0.9959442893864475
2025/05/07 10:28:58.115952957,1746606538,115287163,hemisphere,0.0,0.0,0.0898069297148424,0.9959591936295349
2025/05/07 10:28:58.166168598,1746606538,165694116,hemisphere,0.0,0.0,0.08966786670272334,0.9959717233340426
2025/05/07 10:28:58.216395654,1746606538,215398636,hemisphere,0.0,0.0,0.0895722598676808,0.9959803262425402
2025/05/07 10:28:58.266391502,1746606538,265810971,hemisphere,0.0,0.0,0.08943319390717984,0.9959928231807501
2025/05/07 10:28:58.316114697,1746606538,315491331,hemisphere,0.0,0.0,0.0893462767963001,0.9960006239067518
2025/05/07 10:28:58.365631209,1746606538,365167765,hemisphere,0.0,0.0,0.0891985161466162,0.9960138677333975
2025/05/07 10:28:58.416841551,1746606538,416338015,hemisphere,0.0,0.0,0.08913767295537293,0.996019314702331
2025/05/07 10:28:58.465741934,1746606538,465295633,hemisphere,0.0,0.0,0.08908552138384374,0.996023980574649
2025/05/07 10:28:58.515813992,1746606538,515143614,hemisphere,0.0,0.0,0.08904206155432977,0.9960278667156632
2025/05/07 10:28:58.566683753,1746606538,566234178,hemisphere,0.0,0.0,0.08898121750822927,0.9960333041273034
2025/05/07 10:28:58.615540796,1746606538,615136212,hemisphere,0.0,0.0,0.08891168104897774,0.9960395137608974
2025/05/07 10:28:58.666727677,1746606538,666270636,hemisphere,0.0,0.0,0.08887691265682654,0.9960426167572304
2025/05/07 10:28:58.715734982,1746606538,715288956,hemisphere,0.0,0.0,0.08884214415638152,0.9960457185399156
2025/05/07 10:28:58.766121558,1746606538,765664910,hemisphere,0.0,0.0,0.08875522243176144,0.9960534676868952
2025/05/07 10:28:58.815983588,1746606538,815413657,hemisphere,0.0,0.0,0.08868568456537866,0.9960596615430073
2025/05/07 10:28:58.866238507,1746606538,865808910,hemisphere,0.0,0.0,0.08859876162459782,0.9960673970362587
2025/05/07 10:28:58.917080399,1746606538,916381378,hemisphere,0.0,0.0,0.08851183800909879,0.9960751249440231
2025/05/07 10:28:58.965610475,1746606538,965166853,hemisphere,0.0,0.0,0.08843360617881277,0.9960820735753709
2025/05/07 10:28:59.15974064,1746606539,15584944,hemisphere,0.0,0.0,0.088329296223288,0.9960913288593063
2025/05/07 10:28:59.65729668,1746606539,65313927,hemisphere,0.0,0.0,0.08823367791310652,0.9960998032737112
2025/05/07 10:28:59.116178023,1746606539,115708361,hemisphere,0.0,0.0,0.08813805878988017,0.9961082685093783
2025/05/07 10:28:59.166051501,1746606539,165547460,hemisphere,0.0,0.0,0.08805982435765745,0.9961151877840728
2025/05/07 10:28:59.215752504,1746606539,215204583,hemisphere,0.0,0.0,0.0879902821840937,0.9961213330920906
2025/05/07 10:28:59.265975766,1746606539,265538660,hemisphere,0.0,0.0,0.08792943243041952,0.9961267062540108
2025/05/07 10:28:59.315844574,1746606539,315268753,hemisphere,0.0,0.0,0.08786858234863111,0.9961320756988211
2025/05/07 10:28:59.366180932,1746606539,365672692,hemisphere,0.0,0.0,0.08780773193895552,0.9961374414265015
2025/05/07 10:28:59.415863183,1746606539,415321225,hemisphere,0.0,0.0,0.08779034604742723,0.996138973808812
2025/05/07 10:28:59.466598984,1746606539,465859609,hemisphere,0.0,0.0,0.0877468812016198,0.9961428034370318
2025/05/07 10:28:59.516293931,1746606539,515556258,hemisphere,0.0,0.0,0.08772949521651607,0.9961443347572958
2025/05/07 10:28:59.565641538,1746606539,565214038,hemisphere,0.0,0.0,0.08770341618875471,0.9961466311687361
2025/05/07 10:28:59.617927565,1746606539,617245930,hemisphere,0.0,0.0,0.08768603013685104,0.996148161730392
2025/05/07 10:28:59.670140862,1746606539,666229120,hemisphere,0.0,0.0,0.08765995100891467,0.996150457003918
2025/05/07 10:28:59.722427988,1746606539,717191663,hemisphere,0.0,0.0,0.0876338718208971,0.9961527515946932
2025/05/07 10:28:59.769333019,1746606539,767227074,hemisphere,0.0,0.0,0.08757302014864084,0.9961581029846848
2025/05/07 10:28:59.818483265,1746606539,817961866,hemisphere,0.0,0.0,0.08758171326468994,0.9961573387279852
2025/05/07 10:28:59.866516496,1746606539,865749724,hemisphere,0.0,0.0,0.08750347498021716,0.9961642143072529
2025/05/07 10:28:59.915840132,1746606539,915256965,hemisphere,0.0,0.0,0.08752086131231897,0.9961626869317832
2025/05/07 10:28:59.966738924,1746606539,966193407,hemisphere,0.0,0.0,0.08747739543208788,0.9961665048014906
2025/05/07 10:29:00.16110863,1746606540,15416409,hemisphere,0.0,0.0,0.08742523615597898,0.9961710837416791
2025/05/07 10:29:00.66405778,1746606540,65843249,hemisphere,0.0,0.0,0.08736438336426483,0.9961764223868088
2025/05/07 10:29:00.116032478,1746606540,115544650,hemisphere,0.0,0.0,0.0873296101940437,0.9961794713721802
2025/05/07 10:29:00.165689499,1746606540,165218573,hemisphere,0.0,0.0,0.08724267680304643,0.9961870885251621
2025/05/07 10:29:00.217095637,1746606540,216319699,hemisphere,0.0,0.0,0.08719051644949802,0.9961916551754837
2025/05/07 10:29:00.265688613,1746606540,265182430,hemisphere,0.0,0.0,0.08710358199579296,0.9961992601902002
2025/05/07 10:29:00.316254438,1746606540,315696982,hemisphere,0.0,0.0,0.08701664687875621,0.9962068576184255
2025/05/07 10:29:00.365789735,1746606540,365327230,hemisphere,0.0,0.0,0.08693840470682168,0.9962136888173305
2025/05/07 10:29:00.416221494,1746606540,415689560,hemisphere,0.0,0.0,0.08684277465733574,0.996222029715171
2025/05/07 10:29:00.466693392,1746606540,466171167,hemisphere,0.0,0.0,0.08676453129432381,0.996228847258137
2025/05/07 10:29:00.516280378,1746606540,515882102,hemisphere,0.0,0.0,0.08670367497526996,0.9962341455429957
2025/05/07 10:29:00.567170781,1746606540,566244961,hemisphere,0.0,0.0,0.08664281833267587,0.9962394401103436
2025/05/07 10:29:00.616416076,1746606540,616034205,hemisphere,0.0,0.0,0.08655587971103407,0.9962469973292011
2025/05/07 10:29:00.675082307,1746606540,674080802,hemisphere,0.0,0.0,0.08650371622160948,0.9962515280188289
2025/05/07 10:29:00.716086484,1746606540,715371941,hemisphere,0.0,0.0,0.08640808254182368,0.9962598271893961
2025/05/07 10:29:00.767263770,1746606540,765255936,hemisphere,0.0,0.0,0.08632114214196744,0.9962673639236138
2025/05/07 10:29:00.817212655,1746606540,815766125,hemisphere,0.0,0.0,0.08623420108473807,0.9962748930708216
2025/05/07 10:29:00.865798926,1746606540,865198166,hemisphere,0.0,0.0,0.08612117672865595,0.9962846696195178
2025/05/07 10:29:00.916709855,1746606540,916325534,hemisphere,0.0,0.0,0.08600815126418689,0.9962944333459446
2025/05/07 10:29:00.965720668,1746606540,965299602,hemisphere,0.0,0.0,0.08591251346806861,0.9963026849454933
2025/05/07 10:29:01.15517147,1746606541,15052112,hemisphere,0.0,0.0,0.08579079149180414,0.9963131737035348
2025/05/07 10:29:01.65819832,1746606541,65415092,hemisphere,0.0,0.0,0.08569515189774214,0.9963214044379569
2025/05/07 10:29:01.115534046,1746606541,115117058,hemisphere,0.0,0.0,0.08556473299706642,0.9963326133712279
2025/05/07 10:29:01.166065497,1746606541,165552854,hemisphere,0.0,0.0,0.08546039682080601,0.9963415682260931
2025/05/07 10:29:01.215944967,1746606541,215267573,hemisphere,0.0,0.0,0.08533867009742686,0.9963520017473757
2025/05/07 10:29:01.266168018,1746606541,265680337,hemisphere,0.0,0.0,0.08521694210026107,0.9963624203968559
2025/05/07 10:29:01.315760180,1746606541,315341187,hemisphere,0.0,0.0,0.0850952128311256,0.9963728241743778
2025/05/07 10:29:01.365704480,1746606541,365078392,hemisphere,0.0,0.0,0.0849734822918374,0.9963832130797863
2025/05/07 10:29:01.415988665,1746606541,415528332,hemisphere,0.0,0.0,0.08490392141409932,0.9963891429198275
2025/05/07 10:29:01.465694806,1746606541,465209438,hemisphere,0.0,0.0,0.08480827453160218,0.9963972885204839
2025/05/07 10:29:01.518078921,1746606541,517190379,hemisphere,0.0,0.0,0.08473871267161555,0.9964032068268134
2025/05/07 10:29:01.566392417,1746606541,565539441,hemisphere,0.0,0.0,0.08464306443984146,0.9964113365685041
2025/05/07 10:29:01.618600181,1746606541,617741208,hemisphere,0.0,0.0,0.08457350159951867,0.9964172433409592
2025/05/07 10:29:01.665993565,1746606541,665396162,hemisphere,0.0,0.0,0.08453872002476073,0.9964201949060322
2025/05/07 10:29:01.715535549,1746606541,715116510,hemisphere,0.0,0.0,0.08443437468260918,0.99642904231659
2025/05/07 10:29:01.765945485,1746606541,765537827,hemisphere,0.0,0.0,0.08440828820235059,0.996431252461879
2025/05/07 10:29:01.815797579,1746606541,815281558,hemisphere,0.0,0.0,0.08439089718337013,0.9964327255126589
2025/05/07 10:29:01.866841755,1746606541,865672608,hemisphere,0.0,0.0,0.08434741952346271,0.9964364068116606
2025/05/07 10:29:01.918963286,1746606541,915410164,hemisphere,0.0,0.0,0.0843039417029697,0.9964400862135878
2025/05/07 10:29:01.965695406,1746606541,965149689,hemisphere,0.0,0.0,0.0842952461196081,0.9964408218663238
2025/05/07 10:29:02.16043652,1746606542,15496321,hemisphere,0.0,0.0,0.08423437685636946,0.9964459693107395
2025/05/07 10:29:02.65657290,1746606542,65158372,hemisphere,0.0,0.0,0.08421698558055804,0.9964474393261915
2025/05/07 10:29:02.116345502,1746606542,115611415,hemisphere,0.0,0.0,0.08419089861874135,0.9964496437802408
2025/05/07 10:29:02.165819527,1746606542,165283612,hemisphere,0.0,0.0,0.0840952459318637,0.9964577209353438
2025/05/07 10:29:02.216220685,1746606542,215682465,hemisphere,0.0,0.0,0.08403437563669283,0.9964628561624117
2025/05/07 10:29:02.265744360,1746606542,265361305,hemisphere,0.0,0.0,0.08399089666242718,0.9964665219051976
2025/05/07 10:29:02.315550791,1746606542,315091348,hemisphere,0.0,0.0,0.08389524235628733,0.9964745798614132
2025/05/07 10:29:02.366051552,1746606542,365533704,hemisphere,0.0,0.0,0.08379089132248484,0.9964833598868491
2025/05/07 10:29:02.416426862,1746606542,415950694,hemisphere,0.0,0.0,0.08365175518159274,0.9964950495888271
2025/05/07 10:29:02.466062340,1746606542,465630390,hemisphere,0.0,0.0,0.08353000972042593,0.9965052621417038
2025/05/07 10:29:02.516501816,1746606542,516021403,hemisphere,0.0,0.0,0.08341695924720338,0.9965147319081392
2025/05/07 10:29:02.565419026,1746606542,565025506,hemisphere,0.0,0.0,0.08323433698476257,0.9965300021307472
2025/05/07 10:29:02.615881844,1746606542,615439752,hemisphere,0.0,0.0,0.08310389079979552,0.9965408889423132
2025/05/07 10:29:02.666390463,1746606542,665871370,hemisphere,0.0,0.0,0.08294735349840092,0.9965539305765702
2025/05/07 10:29:02.716205043,1746606542,715582657,hemisphere,0.0,0.0,0.082773420763301,0.996568392442356
2025/05/07 10:29:02.765711647,1746606542,765303966,hemisphere,0.0,0.0,0.08260818232940663,0.9965821030964943
2025/05/07 10:29:02.816298384,1746606542,815666297,hemisphere,0.0,0.0,0.08237336591248569,0.9966015395273318
2025/05/07 10:29:02.865800250,1746606542,865406729,hemisphere,0.0,0.0,0.08216463636901923,0.9966187699067015
2025/05/07 10:29:02.916239966,1746606542,915741555,hemisphere,0.0,0.0,0.08195590322140854,0.9966359565694803
2025/05/07 10:29:02.965906505,1746606542,965511166,hemisphere,0.0,0.0,0.08172107413366822,0.9966552393091803
2025/05/07 10:29:03.15831210,1746606543,15211452,hemisphere,0.0,0.0,0.0814949381314624,0.9966737555784988
2025/05/07 10:29:03.66143815,1746606543,65627267,hemisphere,0.0,0.0,0.08126010015033606,0.99669292970481
2025/05/07 10:29:03.115809720,1746606543,115282504,hemisphere,0.0,0.0,0.08103395560831639,0.9967113413814801
2025/05/07 10:29:03.165506559,1746606543,165020601,hemisphere,0.0,0.0,0.08081650499908774,0.9967289965280094
2025/05/07 10:29:03.216411553,1746606543,215628317,hemisphere,0.0,0.0,0.08058165402095155,0.9967480108007478
2025/05/07 10:29:03.266463079,1746606543,265878278,hemisphere,0.0,0.0,0.08035549699889104,0.9967662685414577
2025/05/07 10:29:03.316191449,1746606543,315626244,hemisphere,0.0,0.0,0.08008584283628586,0.9967879703212723
2025/05/07 10:29:03.365810093,1746606543,365285983,hemisphere,0.0,0.0,0.07985097798305908,0.9968068124341593
2025/05/07 10:29:03.416230744,1746606543,415634789,hemisphere,0.0,0.0,0.07957261389907253,0.9968290721669735
2025/05/07 10:29:03.466028057,1746606543,465415098,hemisphere,0.0,0.0,0.07931164193430944,0.9968498700675463
2025/05/07 10:29:03.515572852,1746606543,515109003,hemisphere,0.0,0.0,0.07899846840273463,0.996874737361732
2025/05/07 10:29:03.565961979,1746606543,565463168,hemisphere,0.0,0.0,0.07872878494614666,0.9968960720260178
2025/05/07 10:29:03.615804978,1746606543,615220212,hemisphere,0.0,0.0,0.07845909572784494,0.996917333733128
2025/05/07 10:29:03.665991433,1746606543,665556694,hemisphere,0.0,0.0,0.07818070083476075,0.9969392047747875
2025/05/07 10:29:03.715861908,1746606543,715370208,hemisphere,0.0,0.0,0.0778761994403953,0.9969630372088625
2025/05/07 10:29:03.766328412,1746606543,765720310,hemisphere,0.0,0.0,0.0775455897016734,0.9969888071176225
2025/05/07 10:29:03.816015099,1746606543,815452710,hemisphere,0.0,0.0,0.0772323726088889,0.9970131195832891
2025/05/07 10:29:03.865560022,1746606543,865089789,hemisphere,0.0,0.0,0.07689304549086186,0.9970393470446091
2025/05/07 10:29:03.916631634,1746606543,915565570,hemisphere,0.0,0.0,0.07651020420559958,0.997068798354666
2025/05/07 10:29:03.981253090,1746606543,965882571,hemisphere,0.0,0.0,0.07616215688339556,0.9970954447087145
2025/05/07 10:29:04.17651406,1746606544,17103780,hemisphere,0.0,0.0,0.07578799566296622,0.997123954036503
2025/05/07 10:29:04.66097186,1746606544,65507168,hemisphere,0.0,0.0,0.0754312273505671,0.997151006588464
2025/05/07 10:29:04.115625260,1746606544,115067576,hemisphere,0.0,0.0,0.07507444938180408,0.997177931489671
2025/05/07 10:29:04.166000426,1746606544,165517495,hemisphere,0.0,0.0,0.07465674589256598,0.9972092911183353
2025/05/07 10:29:04.215654811,1746606544,215165260,hemisphere,0.0,0.0,0.07429994711960872,0.9972359389121631
2025/05/07 10:29:04.266063471,1746606544,265623252,hemisphere,0.0,0.0,0.0739170305396466,0.9972643945294553
2025/05/07 10:29:04.315960636,1746606544,315332431,hemisphere,0.0,0.0,0.07354280607957737,0.9972920613711621
2025/05/07 10:29:04.366136487,1746606544,365675002,hemisphere,0.0,0.0,0.0731859777633461,0.9973183106003936
2025/05/07 10:29:04.416598160,1746606544,416154834,hemisphere,0.0,0.0,0.07288136081067378,0.9973406174654597
2025/05/07 10:29:04.465564017,1746606544,465182303,hemisphere,0.0,0.0,0.07254192248427085,0.9973653640879485
2025/05/07 10:29:04.517177680,1746606544,516572875,hemisphere,0.0,0.0,0.07227210653664105,0.9973849520705416
2025/05/07 10:29:04.566412701,1746606544,565986044,hemisphere,0.0,0.0,0.07195876525148721,0.9974076078030895
2025/05/07 10:29:04.616854763,1746606544,616386696,hemisphere,0.0,0.0,0.07169764208737296,0.9974264123829442
2025/05/07 10:29:04.666705656,1746606544,666115822,hemisphere,0.0,0.0,0.07143651400917983,0.9974451486002708
2025/05/07 10:29:04.716046643,1746606544,715000160,hemisphere,0.0,0.0,0.07117538103480527,0.9974638164537851
2025/05/07 10:29:04.765960724,1746606544,765507400,hemisphere,0.0,0.0,0.07087942443417276,0.9974848907085663
2025/05/07 10:29:04.815720522,1746606544,815157760,hemisphere,0.0,0.0,0.07065310046910318,0.9975009470642636
2025/05/07 10:29:04.866456595,1746606544,865734157,hemisphere,0.0,0.0,0.07042677286678771,0.9975169520682694
2025/05/07 10:29:04.916439044,1746606544,915985986,hemisphere,0.0,0.0,0.07018303139458468,0.9975341307966694
2025/05/07 10:29:04.966167792,1746606544,965704052,hemisphere,0.0,0.0,0.06996540153878596,0.9975494186192063
2025/05/07 10:29:05.15861865,1746606545,15394996,hemisphere,0.0,0.0,0.069747768352881,0.9975646589619106
2025/05/07 10:29:05.65558354,1746606545,65085306,hemisphere,0.0,0.0,0.06953883737106367,0.9975792450212067
2025/05/07 10:29:05.116097181,1746606545,115548284,hemisphere,0.0,0.0,0.06933860898438474,0.9975931822662536
2025/05/07 10:29:05.165767715,1746606545,165200708,hemisphere,0.0,0.0,0.06913837780435461,0.9976070793226071
2025/05/07 10:29:05.216155218,1746606545,215613198,hemisphere,0.0,0.0,0.06892073205851741,0.997622139235351
2025/05/07 10:29:05.265715021,1746606545,265304844,hemisphere,0.0,0.0,0.06872920108830452,0.9976353526804087
2025/05/07 10:29:05.315504111,1746606545,315048657,hemisphere,0.0,0.0,0.06857249204628935,0.9976461363301928
2025/05/07 10:29:05.365904248,1746606545,365457053,hemisphere,0.0,0.0,0.06840707511089607,0.9976574923663794
2025/05/07 10:29:05.416821240,1746606545,416187106,hemisphere,0.0,0.0,0.06824165629487451,0.9976688209752433
2025/05/07 10:29:05.467718529,1746606545,465923066,hemisphere,0.0,0.0,0.06808494200168672,0.9976795280412578
2025/05/07 10:29:05.515802620,1746606545,515335949,hemisphere,0.0,0.0,0.06794563899731133,0.9976890247673605
2025/05/07 10:29:05.566178193,1746606545,565672569,hemisphere,0.0,0.0,0.06777150837939212,0.9977008683227564
2025/05/07 10:29:05.615786358,1746606545,615392234,hemisphere,0.0,0.0,0.06763220239840662,0.9977103212850617
2025/05/07 10:29:05.665499630,1746606545,665102090,hemisphere,0.0,0.0,0.06749289509889653,0.9977197547964907
2025/05/07 10:29:05.716497524,1746606545,715667488,hemisphere,0.0,0.0,0.06736229331053281,0.997728581047945
2025/05/07 10:29:05.765668305,1746606545,765191235,hemisphere,0.0,0.0,0.0671794488682106,0.997740909078987
2025/05/07 10:29:05.816173823,1746606545,815623479,hemisphere,0.0,0.0,0.0670488443134432,0.9977496943002446
2025/05/07 10:29:05.865809107,1746606545,865270237,hemisphere,0.0,0.0,0.0668834102284322,0.9977607977046479
2025/05/07 10:29:05.916204508,1746606545,915735626,hemisphere,0.0,0.0,0.06671797430468107,0.9977718736788885
2025/05/07 10:29:05.965851977,1746606545,965398931,hemisphere,0.0,0.0,0.06656124384281017,0.9977823414042253
2025/05/07 10:29:06.15635659,1746606546,15166001,hemisphere,0.0,0.0,0.06638709695915099,0.9977939433356651
2025/05/07 10:29:06.66672890,1746606546,65851627,hemisphere,0.0,0.0,0.06620424055493952,0.9978060926515451
2025/05/07 10:29:06.115782364,1746606546,115287676,hemisphere,0.0,0.0,0.06604750472430294,0.9978164796793513
2025/05/07 10:29:06.167069159,1746606546,165933879,hemisphere,0.0,0.0,0.06585593649635522,0.9978291415007823
2025/05/07 10:29:06.217772656,1746606546,217389601,hemisphere,0.0,0.0,0.06568178145528077,0.9978406203321555
2025/05/07 10:29:06.267804962,1746606546,265109605,hemisphere,0.0,0.0,0.06549891650890667,0.9978526403914354
2025/05/07 10:29:06.318541485,1746606546,317497473,hemisphere,0.0,0.0,0.06533346537609251,0.9978634868066628
2025/05/07 10:29:06.367399487,1746606546,366218004,hemisphere,0.0,0.0,0.06511576378137067,0.9978777166101911
2025/05/07 10:29:06.416751774,1746606546,416311290,hemisphere,0.0,0.0,0.06490676733450453,0.9978913325378593
2025/05/07 10:29:06.465685410,1746606546,465295761,hemisphere,0.0,0.0,0.06470647640114971,0.9979043400605829
2025/05/07 10:29:06.516804996,1746606546,516018066,hemisphere,0.0,0.0,0.06447134893640695,0.9979195584646691
2025/05/07 10:29:06.565855220,1746606546,565428478,hemisphere,0.0,0.0,0.06426234374033697,0.9979330394254912
2025/05/07 10:29:06.616305059,1746606546,615850097,hemisphere,0.0,0.0,0.06404462699707851,0.9979470355448755
2025/05/07 10:29:06.666669614,1746606546,666268865,hemisphere,0.0,0.0,0.0638269072055218,0.9979609841655022
2025/05/07 10:29:06.716049680,1746606546,715331027,hemisphere,0.0,0.0,0.0636004753998073,0.997975440343558
2025/05/07 10:29:06.766264922,1746606546,765793673,hemisphere,0.0,0.0,0.06340016761124645,0.9979881856749938
2025/05/07 10:29:06.816079359,1746606546,815408106,hemisphere,0.0,0.0,0.063208566466903,0.998000339241024
2025/05/07 10:29:06.865646978,1746606546,865076762,hemisphere,0.0,0.0,0.06306050944110567,0.9980097054382929
2025/05/07 10:29:06.916107501,1746606546,915552686,hemisphere,0.0,0.0,0.06287761355228416,0.9980212451215503
2025/05/07 10:29:06.965718303,1746606546,965205405,hemisphere,0.0,0.0,0.06272955342867896,0.998030562220736
2025/05/07 10:29:07.16448078,1746606547,15671621,hemisphere,0.0,0.0,0.06261633004950364,0.9980376722404479
2025/05/07 10:29:07.65786298,1746606547,65274075,hemisphere,0.0,0.0,0.06249439627841659,0.9980453148198213
2025/05/07 10:29:07.117316805,1746606547,115784000,hemisphere,0.0,0.0,0.06238117122712522,0.9980523981617058
2025/05/07 10:29:07.165857841,1746606547,165358480,hemisphere,0.0,0.0,0.062259235658682556,0.9980600120108994
2025/05/07 10:29:07.215891968,1746606547,215179082,hemisphere,0.0,0.0,0.062180848016700624,0.9980648987615606
2025/05/07 10:29:07.266233132,1746606547,265562691,hemisphere,0.0,0.0,0.06210245999115597,0.9980697793556556
2025/05/07 10:29:07.315895593,1746606547,315317811,hemisphere,0.0,0.0,0.0619979420279457,0.9980762772375164
2025/05/07 10:29:07.366332148,1746606547,365740110,hemisphere,0.0,0.0,0.061902133297716204,0.9980822240142302
2025/05/07 10:29:07.415993890,1746606547,415404212,hemisphere,0.0,0.0,0.06178890406302079,0.9980892401657734
2025/05/07 10:29:07.465766726,1746606547,465072767,hemisphere,0.0,0.0,0.06174535414554188,0.9980919352652047
2025/05/07 10:29:07.516341449,1746606547,515614438,hemisphere,0.0,0.0,0.061684384063598524,0.9980957052120275
2025/05/07 10:29:07.565584184,1746606547,565162029,hemisphere,0.0,0.0,0.06164083386412824,0.9980983957509074
2025/05/07 10:29:07.616116972,1746606547,615589413,hemisphere,0.0,0.0,0.061605993620052125,0.9981005468138399
2025/05/07 10:29:07.665839850,1746606547,665273708,hemisphere,0.0,0.0,0.061510182561916385,0.9981064559660957
2025/05/07 10:29:07.716057315,1746606547,715658998,hemisphere,0.0,0.0,0.061457921745797374,0.9981096752635391
2025/05/07 10:29:07.766240062,1746606547,765590905,hemisphere,0.0,0.0,0.06137082001124671,0.9981150346784419
2025/05/07 10:29:07.815716223,1746606547,815142594,hemisphere,0.0,0.0,0.06134468939971506,0.9981166410207039
2025/05/07 10:29:07.866000568,1746606547,865554212,hemisphere,0.0,0.0,0.06130113828707117,0.998119316737588
2025/05/07 10:29:07.915734603,1746606547,915268111,hemisphere,0.0,0.0,0.06124887679785029,0.9981225250894811
2025/05/07 10:29:07.966215934,1746606547,965715325,hemisphere,0.0,0.0,0.06117048424921886,0.9981273324865501
2025/05/07 10:29:08.16071245,1746606548,15370240,hemisphere,0.0,0.0,0.0611269326702376,0.9981300006022904
2025/05/07 10:29:08.65530432,1746606548,65102529,hemisphere,0.0,0.0,0.06110080166698255,0.9981316005595916
2025/05/07 10:29:08.116082397,1746606548,115469921,hemisphere,0.0,0.0,0.0610572499018378,0.9981342656348516
2025/05/07 10:29:08.166309082,1746606548,165192979,hemisphere,0.0,0.0,0.06100498763022881,0.9981374612167583
2025/05/07 10:29:08.216140798,1746606548,215560395,hemisphere,0.0,0.0,0.06088304167964411,0.9981449069327734
2025/05/07 10:29:08.265803665,1746606548,265281956,hemisphere,0.0,0.0,0.06076109482030369,0.9981523377502244
2025/05/07 10:29:08.316267750,1746606548,315705057,hemisphere,0.0,0.0,0.060700121050418915,0.9981560475719539
2025/05/07 10:29:08.365959440,1746606548,365440134,hemisphere,0.0,0.0,0.06067398936540206,0.998157636355344
2025/05/07 10:29:08.416294591,1746606548,415802786,hemisphere,0.0,0.0,0.060734963232388854,0.9981539281299054
2025/05/07 10:29:08.466645397,1746606548,466217094,hemisphere,0.0,0.0,0.06069141049336832,0.9981565772424312
2025/05/07 10:29:08.516620407,1746606548,516006564,hemisphere,0.0,0.0,0.0606478576387999,0.9981592244546077
2025/05/07 10:29:08.567131619,1746606548,566414143,hemisphere,0.0,0.0,0.060578172831357815,0.9981634560413511
2025/05/07 10:29:08.617325827,1746606548,616093520,hemisphere,0.0,0.0,0.06052590903199943,0.998166626538801
2025/05/07 10:29:08.665766124,1746606548,665133530,hemisphere,0.0,0.0,0.06054333031689654,0.9981655700103762
2025/05/07 10:29:08.716481263,1746606548,715456990,hemisphere,0.0,0.0,0.06049106640689876,0.9981687386834734
2025/05/07 10:29:08.765674056,1746606548,765145296,hemisphere,0.0,0.0,0.06047364506670582,0.9981697942997204
2025/05/07 10:29:08.816177358,1746606548,815583039,hemisphere,0.0,0.0,0.06047364506670582,0.9981697942997204
2025/05/07 10:29:08.865864849,1746606548,865254644,hemisphere,0.0,0.0,0.060464934389701026,0.9981703219938215
2025/05/07 10:29:08.916342017,1746606548,915751530,hemisphere,0.0,0.0,0.06049106640689876,0.9981687386834734
2025/05/07 10:29:08.965884241,1746606548,965397962,hemisphere,0.0,0.0,0.06051719838263656,0.9981671546889913
2025/05/07 10:29:09.15456479,1746606549,15085212,hemisphere,0.0,0.0,0.06051719838263656,0.9981671546889913
2025/05/07 10:29:09.66000749,1746606549,65488786,hemisphere,0.0,0.0,0.060560751583351106,0.9981645131778928
2025/05/07 10:29:09.115855619,1746606549,115245003,hemisphere,0.0,0.0,0.06051719838263656,0.9981671546889913
2025/05/07 10:29:09.165972590,1746606549,165606753,hemisphere,0.0,0.0,0.060560751583351106,0.9981645131778928
2025/05/07 10:29:09.215741332,1746606549,215402727,hemisphere,0.0,0.0,0.060604304668766526,0.99816186976643
2025/05/07 10:29:09.265471295,1746606549,265008704,hemisphere,0.0,0.0,0.060630436464637706,0.9981602828073795
2025/05/07 10:29:09.316263563,1746606549,315545828,hemisphere,0.0,0.0,0.06067398936540206,0.998157636355344
2025/05/07 10:29:09.365658908,1746606549,365215574,hemisphere,0.0,0.0,0.060700121050418915,0.9981560475719539
2025/05/07 10:29:09.416162777,1746606549,415613791,hemisphere,0.0,0.0,0.060700121050418915,0.9981560475719539
2025/05/07 10:29:09.465819647,1746606549,465253141,hemisphere,0.0,0.0,0.060700121050418915,0.9981560475719539
2025/05/07 10:29:09.516133026,1746606549,515667591,hemisphere,0.0,0.0,0.06076980534035509,0.9981518074716368
2025/05/07 10:29:09.565909643,1746606549,565431356,hemisphere,0.0,0.0,0.06076980534035509,0.9981518074716368
