time,data
2025/05/21 10:41:23.661214843,direct_actuator_control
2025/05/21 10:41:23.759967489,direct_actuator_control
2025/05/21 10:41:23.861881328,direct_actuator_control
2025/05/21 10:41:23.962155671,direct_actuator_control
2025/05/21 10:41:24.63100931,direct_actuator_control
2025/05/21 10:41:24.167011564,direct_actuator_control
2025/05/21 10:41:24.274911602,direct_actuator_control
2025/05/21 10:41:24.369719004,direct_actuator_control
2025/05/21 10:41:24.470014533,direct_actuator_control
2025/05/21 10:41:24.574752285,direct_actuator_control
2025/05/21 10:41:24.676287819,direct_actuator_control
2025/05/21 10:41:24.785612364,direct_actuator_control
2025/05/21 10:41:24.929513784,direct_actuator_control
2025/05/21 10:41:25.46832746,direct_actuator_control
2025/05/21 10:41:25.98470998,direct_actuator_control
2025/05/21 10:41:25.190056749,direct_actuator_control
2025/05/21 10:41:25.290819612,direct_actuator_control
2025/05/21 10:41:25.394357935,direct_actuator_control
2025/05/21 10:41:25.493723628,direct_actuator_control
2025/05/21 10:41:25.595061171,direct_actuator_control
2025/05/21 10:41:25.696522313,direct_actuator_control
2025/05/21 10:41:25.813107194,direct_actuator_control
2025/05/21 10:41:25.904207042,direct_actuator_control
2025/05/21 10:41:26.671046,direct_actuator_control
2025/05/21 10:41:26.134014257,direct_actuator_control
2025/05/21 10:41:26.203008502,direct_actuator_control
2025/05/21 10:41:26.305652132,direct_actuator_control
2025/05/21 10:41:26.412682698,direct_actuator_control
2025/05/21 10:41:26.506764964,direct_actuator_control
2025/05/21 10:41:26.610327265,direct_actuator_control
2025/05/21 10:41:26.706375963,direct_actuator_control
2025/05/21 10:41:26.809456626,direct_actuator_control
2025/05/21 10:41:26.908962966,direct_actuator_control
2025/05/21 10:41:27.10026315,direct_actuator_control
2025/05/21 10:41:27.110760500,direct_actuator_control
2025/05/21 10:41:27.212556771,direct_actuator_control
2025/05/21 10:41:27.314103706,direct_actuator_control
2025/05/21 10:41:27.415443513,direct_actuator_control
2025/05/21 10:41:27.517210376,direct_actuator_control
2025/05/21 10:41:27.617804558,direct_actuator_control
2025/05/21 10:41:27.718652113,direct_actuator_control
2025/05/21 10:41:27.818554641,direct_actuator_control
2025/05/21 10:41:27.919778398,direct_actuator_control
2025/05/21 10:41:28.21088813,direct_actuator_control
2025/05/21 10:41:28.122023200,direct_actuator_control
2025/05/21 10:41:28.225537185,direct_actuator_control
2025/05/21 10:41:28.324093076,direct_actuator_control
2025/05/21 10:41:28.424317248,direct_actuator_control
2025/05/21 10:41:28.529573607,direct_actuator_control
2025/05/21 10:41:28.629023571,direct_actuator_control
2025/05/21 10:41:28.728269759,direct_actuator_control
2025/05/21 10:41:28.828950047,direct_actuator_control
2025/05/21 10:41:28.929588395,direct_actuator_control
2025/05/21 10:41:29.31263102,direct_actuator_control
2025/05/21 10:41:29.130321322,direct_actuator_control
2025/05/21 10:41:29.236752950,direct_actuator_control
2025/05/21 10:41:29.331182343,direct_actuator_control
2025/05/21 10:41:29.431990038,direct_actuator_control
2025/05/21 10:41:29.533987604,direct_actuator_control
2025/05/21 10:41:29.634820158,direct_actuator_control
2025/05/21 10:41:29.735137629,direct_actuator_control
2025/05/21 10:41:29.835699974,direct_actuator_control
2025/05/21 10:41:29.936154742,direct_actuator_control
2025/05/21 10:41:30.38151045,direct_actuator_control
2025/05/21 10:41:30.139411251,direct_actuator_control
2025/05/21 10:41:30.239195486,direct_actuator_control
2025/05/21 10:41:30.339674266,direct_actuator_control
2025/05/21 10:41:30.440213682,direct_actuator_control
2025/05/21 10:41:30.541933892,direct_actuator_control
2025/05/21 10:41:30.643708843,direct_actuator_control
2025/05/21 10:41:30.743752214,direct_actuator_control
2025/05/21 10:41:30.848868177,direct_actuator_control
2025/05/21 10:41:30.948145864,direct_actuator_control
2025/05/21 10:41:31.49612921,direct_actuator_control
2025/05/21 10:41:31.150134768,direct_actuator_control
2025/05/21 10:41:31.251396168,direct_actuator_control
2025/05/21 10:41:31.353910426,direct_actuator_control
2025/05/21 10:41:31.452282983,direct_actuator_control
2025/05/21 10:41:31.553469385,direct_actuator_control
2025/05/21 10:41:31.653972209,direct_actuator_control
2025/05/21 10:41:31.754376157,direct_actuator_control
2025/05/21 10:41:31.856784874,direct_actuator_control
2025/05/21 10:41:31.955564165,direct_actuator_control
2025/05/21 10:41:32.59456811,direct_actuator_control
2025/05/21 10:41:32.157523276,direct_actuator_control
2025/05/21 10:41:32.258275536,direct_actuator_control
2025/05/21 10:41:32.359552851,direct_actuator_control
2025/05/21 10:41:32.459380962,direct_actuator_control
2025/05/21 10:41:32.561538843,direct_actuator_control
2025/05/21 10:41:32.661029627,direct_actuator_control
2025/05/21 10:41:32.761374213,direct_actuator_control
2025/05/21 10:41:32.862623782,direct_actuator_control
2025/05/21 10:41:32.964137903,direct_actuator_control
2025/05/21 10:41:33.64646570,direct_actuator_control
2025/05/21 10:41:33.164214927,direct_actuator_control
2025/05/21 10:41:33.264565058,direct_actuator_control
2025/05/21 10:41:33.372455072,direct_actuator_control
2025/05/21 10:41:33.465369594,direct_actuator_control
2025/05/21 10:41:33.566437564,direct_actuator_control
2025/05/21 10:41:33.668961818,direct_actuator_control
2025/05/21 10:41:33.767229209,direct_actuator_control
2025/05/21 10:41:33.868872589,direct_actuator_control
2025/05/21 10:41:33.969755700,direct_actuator_control
2025/05/21 10:41:34.70088679,direct_actuator_control
2025/05/21 10:41:34.172885366,direct_actuator_control
2025/05/21 10:41:34.273705283,direct_actuator_control
2025/05/21 10:41:34.372169271,direct_actuator_control
2025/05/21 10:41:34.472917498,direct_actuator_control
2025/05/21 10:41:34.573792180,direct_actuator_control
2025/05/21 10:41:34.678738398,direct_actuator_control
2025/05/21 10:41:34.777827729,direct_actuator_control
2025/05/21 10:41:34.878405413,direct_actuator_control
2025/05/21 10:41:34.982178978,direct_actuator_control
2025/05/21 10:41:35.82297645,direct_actuator_control
2025/05/21 10:41:35.183066252,direct_actuator_control
2025/05/21 10:41:35.286080226,direct_actuator_control
2025/05/21 10:41:35.386597248,direct_actuator_control
2025/05/21 10:41:35.489308596,direct_actuator_control
2025/05/21 10:41:35.589698525,direct_actuator_control
2025/05/21 10:41:35.688816539,direct_actuator_control
2025/05/21 10:41:35.790004208,direct_actuator_control
2025/05/21 10:41:35.889842532,direct_actuator_control
2025/05/21 10:41:35.989731492,direct_actuator_control
2025/05/21 10:41:36.89990550,direct_actuator_control
2025/05/21 10:41:36.190850280,direct_actuator_control
2025/05/21 10:41:36.291537950,direct_actuator_control
2025/05/21 10:41:36.390759917,direct_actuator_control
2025/05/21 10:41:36.491778332,direct_actuator_control
2025/05/21 10:41:36.592512864,direct_actuator_control
2025/05/21 10:41:36.692910392,direct_actuator_control
2025/05/21 10:41:36.793362458,direct_actuator_control
2025/05/21 10:41:36.893831183,direct_actuator_control
2025/05/21 10:41:36.995966978,direct_actuator_control
2025/05/21 10:41:37.96564173,direct_actuator_control
2025/05/21 10:41:37.197615874,direct_actuator_control
2025/05/21 10:41:37.298489819,direct_actuator_control
2025/05/21 10:41:37.399666321,direct_actuator_control
2025/05/21 10:41:37.498855151,direct_actuator_control
2025/05/21 10:41:37.600116658,direct_actuator_control
2025/05/21 10:41:37.700123568,direct_actuator_control
2025/05/21 10:41:37.801544889,direct_actuator_control
2025/05/21 10:41:37.901763032,direct_actuator_control
2025/05/21 10:41:38.1574277,direct_actuator_control
2025/05/21 10:41:38.104255271,direct_actuator_control
2025/05/21 10:41:38.205122406,direct_actuator_control
2025/05/21 10:41:38.306606135,direct_actuator_control
2025/05/21 10:41:38.407775990,direct_actuator_control
2025/05/21 10:41:38.507578389,direct_actuator_control
2025/05/21 10:41:38.608579782,direct_actuator_control
2025/05/21 10:41:38.709577839,direct_actuator_control
2025/05/21 10:41:38.810100511,direct_actuator_control
2025/05/21 10:41:38.910902675,direct_actuator_control
2025/05/21 10:41:39.11021137,direct_actuator_control
2025/05/21 10:41:39.112228755,direct_actuator_control
2025/05/21 10:41:39.212348234,direct_actuator_control
2025/05/21 10:41:39.312747314,direct_actuator_control
2025/05/21 10:41:39.415868241,direct_actuator_control
2025/05/21 10:41:39.514590467,direct_actuator_control
2025/05/21 10:41:39.614835568,direct_actuator_control
2025/05/21 10:41:39.715821577,direct_actuator_control
2025/05/21 10:41:39.817155716,direct_actuator_control
2025/05/21 10:41:39.917359328,direct_actuator_control
2025/05/21 10:41:40.18026926,direct_actuator_control
2025/05/21 10:41:40.118259219,direct_actuator_control
2025/05/21 10:41:40.219359930,direct_actuator_control
2025/05/21 10:41:40.320573648,direct_actuator_control
2025/05/21 10:41:40.420989454,direct_actuator_control
2025/05/21 10:41:40.521248791,direct_actuator_control
2025/05/21 10:41:40.622186839,direct_actuator_control
2025/05/21 10:41:40.721786398,direct_actuator_control
2025/05/21 10:41:40.822725302,direct_actuator_control
2025/05/21 10:41:40.924045713,direct_actuator_control
2025/05/21 10:41:41.24581822,direct_actuator_control
2025/05/21 10:41:41.125742862,direct_actuator_control
2025/05/21 10:41:41.226374500,direct_actuator_control
2025/05/21 10:41:41.327446241,direct_actuator_control
2025/05/21 10:41:41.428718565,direct_actuator_control
2025/05/21 10:41:41.529173886,direct_actuator_control
2025/05/21 10:41:41.629434278,direct_actuator_control
2025/05/21 10:41:41.730015549,direct_actuator_control
2025/05/21 10:41:41.831211305,direct_actuator_control
2025/05/21 10:41:41.930964410,direct_actuator_control
2025/05/21 10:41:42.32683218,direct_actuator_control
2025/05/21 10:41:42.132866924,direct_actuator_control
2025/05/21 10:41:42.233681109,direct_actuator_control
2025/05/21 10:41:42.334291913,direct_actuator_control
2025/05/21 10:41:42.434825921,direct_actuator_control
2025/05/21 10:41:42.538872119,direct_actuator_control
2025/05/21 10:41:42.637085880,direct_actuator_control
2025/05/21 10:41:42.737327678,direct_actuator_control
2025/05/21 10:41:42.837969120,direct_actuator_control
2025/05/21 10:41:42.940337634,direct_actuator_control
2025/05/21 10:41:43.40310616,direct_actuator_control
2025/05/21 10:41:43.140952546,direct_actuator_control
2025/05/21 10:41:43.243387142,direct_actuator_control
2025/05/21 10:41:43.341581153,direct_actuator_control
2025/05/21 10:41:43.442536084,direct_actuator_control
2025/05/21 10:41:43.544276662,direct_actuator_control
2025/05/21 10:41:43.645491969,direct_actuator_control
2025/05/21 10:41:43.746670213,direct_actuator_control
2025/05/21 10:41:43.846997311,direct_actuator_control
2025/05/21 10:41:43.947897373,direct_actuator_control
2025/05/21 10:41:44.48678636,direct_actuator_control
2025/05/21 10:41:44.149423903,direct_actuator_control
2025/05/21 10:41:44.252442555,direct_actuator_control
2025/05/21 10:41:44.350588028,direct_actuator_control
2025/05/21 10:41:44.452249044,direct_actuator_control
2025/05/21 10:41:44.553237226,direct_actuator_control
2025/05/21 10:41:44.653419454,direct_actuator_control
2025/05/21 10:41:44.753936665,direct_actuator_control
2025/05/21 10:41:44.854191709,direct_actuator_control
2025/05/21 10:41:44.955169345,direct_actuator_control
2025/05/21 10:41:45.58029412,direct_actuator_control
2025/05/21 10:41:45.157517316,direct_actuator_control
2025/05/21 10:41:45.257854194,direct_actuator_control
2025/05/21 10:41:45.359943837,direct_actuator_control
2025/05/21 10:41:45.460739313,direct_actuator_control
2025/05/21 10:41:45.562364718,direct_actuator_control
2025/05/21 10:41:45.661103358,direct_actuator_control
2025/05/21 10:41:45.762076787,direct_actuator_control
2025/05/21 10:41:45.862533579,direct_actuator_control
2025/05/21 10:41:45.962970986,direct_actuator_control
2025/05/21 10:41:46.64045366,direct_actuator_control
2025/05/21 10:41:46.164006443,direct_actuator_control
2025/05/21 10:41:46.264315800,direct_actuator_control
2025/05/21 10:41:46.365440120,direct_actuator_control
2025/05/21 10:41:46.465876755,direct_actuator_control
2025/05/21 10:41:46.567528326,direct_actuator_control
2025/05/21 10:41:46.667686207,direct_actuator_control
2025/05/21 10:41:46.767496752,direct_actuator_control
2025/05/21 10:41:46.869079664,direct_actuator_control
2025/05/21 10:41:46.969477101,direct_actuator_control
2025/05/21 10:41:47.69800892,direct_actuator_control
2025/05/21 10:41:47.170128799,direct_actuator_control
2025/05/21 10:41:47.270872023,direct_actuator_control
2025/05/21 10:41:47.372739062,direct_actuator_control
2025/05/21 10:41:47.472364341,direct_actuator_control
2025/05/21 10:41:47.574931213,direct_actuator_control
2025/05/21 10:41:47.676377206,direct_actuator_control
2025/05/21 10:41:47.778141027,direct_actuator_control
2025/05/21 10:41:47.880396857,direct_actuator_control
2025/05/21 10:41:47.978921809,direct_actuator_control
2025/05/21 10:41:48.80378799,direct_actuator_control
2025/05/21 10:41:48.181238455,direct_actuator_control
2025/05/21 10:41:48.282102230,direct_actuator_control
2025/05/21 10:41:48.382410289,direct_actuator_control
2025/05/21 10:41:48.483494490,direct_actuator_control
2025/05/21 10:41:48.584368440,direct_actuator_control
2025/05/21 10:41:48.685324298,direct_actuator_control
2025/05/21 10:41:48.785293321,direct_actuator_control
2025/05/21 10:41:48.887115893,direct_actuator_control
2025/05/21 10:41:48.988491225,direct_actuator_control
2025/05/21 10:41:49.87476625,direct_actuator_control
2025/05/21 10:41:49.188354975,direct_actuator_control
2025/05/21 10:41:49.289456764,direct_actuator_control
2025/05/21 10:41:49.390490270,direct_actuator_control
2025/05/21 10:41:49.490578602,direct_actuator_control
2025/05/21 10:41:49.591123291,direct_actuator_control
2025/05/21 10:41:49.696882706,direct_actuator_control
2025/05/21 10:41:49.800990154,direct_actuator_control
2025/05/21 10:41:49.896545274,direct_actuator_control
2025/05/21 10:41:49.995538444,direct_actuator_control
2025/05/21 10:41:50.96258236,direct_actuator_control
2025/05/21 10:41:50.196057984,direct_actuator_control
2025/05/21 10:41:50.297012360,direct_actuator_control
2025/05/21 10:41:50.396536477,direct_actuator_control
2025/05/21 10:41:50.497929119,direct_actuator_control
2025/05/21 10:41:50.599377169,direct_actuator_control
2025/05/21 10:41:50.701393758,direct_actuator_control
2025/05/21 10:41:50.801678008,direct_actuator_control
2025/05/21 10:41:50.902671760,direct_actuator_control
2025/05/21 10:41:51.4079700,direct_actuator_control
2025/05/21 10:41:51.105436774,direct_actuator_control
2025/05/21 10:41:51.205100362,direct_actuator_control
2025/05/21 10:41:51.305918028,direct_actuator_control
2025/05/21 10:41:51.408269840,direct_actuator_control
2025/05/21 10:41:51.507726761,direct_actuator_control
2025/05/21 10:41:51.607639616,direct_actuator_control
2025/05/21 10:41:51.710900098,direct_actuator_control
2025/05/21 10:41:51.809887596,direct_actuator_control
2025/05/21 10:41:51.910587979,direct_actuator_control
2025/05/21 10:41:52.12098179,direct_actuator_control
2025/05/21 10:41:52.113068648,direct_actuator_control
2025/05/21 10:41:52.213309315,direct_actuator_control
2025/05/21 10:41:52.314332893,direct_actuator_control
2025/05/21 10:41:52.415486693,direct_actuator_control
2025/05/21 10:41:52.516699676,direct_actuator_control
2025/05/21 10:41:52.616751594,direct_actuator_control
2025/05/21 10:41:52.717379529,direct_actuator_control
2025/05/21 10:41:52.819215209,direct_actuator_control
2025/05/21 10:41:52.920120063,direct_actuator_control
2025/05/21 10:41:53.20499321,direct_actuator_control
2025/05/21 10:41:53.121293619,direct_actuator_control
2025/05/21 10:41:53.221493713,direct_actuator_control
2025/05/21 10:41:53.321792077,direct_actuator_control
2025/05/21 10:41:53.422103714,direct_actuator_control
2025/05/21 10:41:53.523511716,direct_actuator_control
2025/05/21 10:41:53.623536311,direct_actuator_control
2025/05/21 10:41:53.727892049,direct_actuator_control
2025/05/21 10:41:53.826230652,direct_actuator_control
2025/05/21 10:41:53.924748108,direct_actuator_control
2025/05/21 10:41:54.28055245,direct_actuator_control
2025/05/21 10:41:54.127659949,direct_actuator_control
2025/05/21 10:41:54.227823501,direct_actuator_control
2025/05/21 10:41:54.329389705,direct_actuator_control
2025/05/21 10:41:54.428732171,direct_actuator_control
2025/05/21 10:41:54.530690638,direct_actuator_control
2025/05/21 10:41:54.630587041,direct_actuator_control
2025/05/21 10:41:54.731371805,direct_actuator_control
2025/05/21 10:41:54.834276599,direct_actuator_control
2025/05/21 10:41:54.932213314,direct_actuator_control
2025/05/21 10:41:55.32624297,direct_actuator_control
2025/05/21 10:41:55.132764066,direct_actuator_control
2025/05/21 10:41:55.233636063,direct_actuator_control
2025/05/21 10:41:55.334579958,direct_actuator_control
2025/05/21 10:41:55.435114706,direct_actuator_control
2025/05/21 10:41:55.534959703,direct_actuator_control
2025/05/21 10:41:55.635873444,direct_actuator_control
2025/05/21 10:41:55.735410256,direct_actuator_control
2025/05/21 10:41:55.838333603,direct_actuator_control
2025/05/21 10:41:55.939733608,direct_actuator_control
2025/05/21 10:41:56.38899097,direct_actuator_control
2025/05/21 10:41:56.139651317,direct_actuator_control
2025/05/21 10:41:56.239834526,direct_actuator_control
2025/05/21 10:41:56.341153098,direct_actuator_control
2025/05/21 10:41:56.442272789,direct_actuator_control
2025/05/21 10:41:56.542147986,direct_actuator_control
2025/05/21 10:41:56.643997210,direct_actuator_control
2025/05/21 10:41:56.746251446,direct_actuator_control
2025/05/21 10:41:56.847021540,direct_actuator_control
2025/05/21 10:41:56.947569949,direct_actuator_control
2025/05/21 10:41:57.47652278,direct_actuator_control
2025/05/21 10:41:57.148331152,direct_actuator_control
2025/05/21 10:41:57.248576715,direct_actuator_control
2025/05/21 10:41:57.349477372,direct_actuator_control
2025/05/21 10:41:57.449687949,direct_actuator_control
2025/05/21 10:41:57.550795608,direct_actuator_control
2025/05/21 10:41:57.652184472,direct_actuator_control
2025/05/21 10:41:57.752355832,direct_actuator_control
2025/05/21 10:41:57.852958245,direct_actuator_control
2025/05/21 10:41:57.954887244,direct_actuator_control
2025/05/21 10:41:58.53532578,direct_actuator_control
2025/05/21 10:41:58.154872328,direct_actuator_control
2025/05/21 10:41:58.255695281,direct_actuator_control
2025/05/21 10:41:58.356124516,direct_actuator_control
2025/05/21 10:41:58.457950806,direct_actuator_control
2025/05/21 10:41:58.558721496,direct_actuator_control
2025/05/21 10:41:58.658213686,direct_actuator_control
2025/05/21 10:41:58.757967598,direct_actuator_control
2025/05/21 10:41:58.858802435,direct_actuator_control
2025/05/21 10:41:58.958571467,direct_actuator_control
2025/05/21 10:41:59.59504719,direct_actuator_control
2025/05/21 10:41:59.159635473,direct_actuator_control
2025/05/21 10:41:59.259259908,direct_actuator_control
2025/05/21 10:41:59.361654375,direct_actuator_control
2025/05/21 10:41:59.463238438,direct_actuator_control
2025/05/21 10:41:59.562956718,direct_actuator_control
2025/05/21 10:41:59.667214635,direct_actuator_control
2025/05/21 10:41:59.765050994,direct_actuator_control
2025/05/21 10:41:59.865945362,direct_actuator_control
2025/05/21 10:41:59.967697932,direct_actuator_control
2025/05/21 10:42:00.67259702,direct_actuator_control
2025/05/21 10:42:00.168012154,direct_actuator_control
2025/05/21 10:42:00.268699760,direct_actuator_control
2025/05/21 10:42:00.371079563,direct_actuator_control
2025/05/21 10:42:00.471888702,direct_actuator_control
2025/05/21 10:42:00.572336686,direct_actuator_control
2025/05/21 10:42:00.674366787,direct_actuator_control
2025/05/21 10:42:00.775254781,direct_actuator_control
2025/05/21 10:42:00.875887465,direct_actuator_control
2025/05/21 10:42:00.977511361,direct_actuator_control
2025/05/21 10:42:01.76434986,direct_actuator_control
2025/05/21 10:42:01.178043952,direct_actuator_control
2025/05/21 10:42:01.278431925,direct_actuator_control
2025/05/21 10:42:01.378879225,direct_actuator_control
2025/05/21 10:42:01.483878922,direct_actuator_control
2025/05/21 10:42:01.581590179,direct_actuator_control
2025/05/21 10:42:01.682456228,direct_actuator_control
2025/05/21 10:42:01.783352098,direct_actuator_control
2025/05/21 10:42:01.883490428,direct_actuator_control
2025/05/21 10:42:01.985244490,direct_actuator_control
2025/05/21 10:42:02.84946047,direct_actuator_control
2025/05/21 10:42:02.186635181,direct_actuator_control
2025/05/21 10:42:02.285744934,direct_actuator_control
2025/05/21 10:42:02.386478160,direct_actuator_control
2025/05/21 10:42:02.486286132,direct_actuator_control
2025/05/21 10:42:02.586978315,direct_actuator_control
2025/05/21 10:42:02.687204843,direct_actuator_control
2025/05/21 10:42:02.788779995,direct_actuator_control
2025/05/21 10:42:02.889114871,direct_actuator_control
2025/05/21 10:42:02.989278555,direct_actuator_control
2025/05/21 10:42:03.89545060,direct_actuator_control
2025/05/21 10:42:03.190877614,direct_actuator_control
2025/05/21 10:42:03.290148742,direct_actuator_control
2025/05/21 10:42:03.390338080,direct_actuator_control
2025/05/21 10:42:03.504432565,direct_actuator_control
2025/05/21 10:42:03.591583085,direct_actuator_control
2025/05/21 10:42:03.691827704,direct_actuator_control
2025/05/21 10:42:03.792062358,direct_actuator_control
2025/05/21 10:42:03.893518834,direct_actuator_control
2025/05/21 10:42:03.997934123,direct_actuator_control
2025/05/21 10:42:04.95981159,direct_actuator_control
2025/05/21 10:42:04.197093585,direct_actuator_control
2025/05/21 10:42:04.298110906,direct_actuator_control
2025/05/21 10:42:04.398187949,direct_actuator_control
2025/05/21 10:42:04.499908514,direct_actuator_control
2025/05/21 10:42:04.599948634,direct_actuator_control
2025/05/21 10:42:04.700836503,direct_actuator_control
2025/05/21 10:42:04.802138042,direct_actuator_control
2025/05/21 10:42:04.901706544,direct_actuator_control
2025/05/21 10:42:05.2589604,direct_actuator_control
2025/05/21 10:42:05.102781923,direct_actuator_control
2025/05/21 10:42:05.205059634,direct_actuator_control
2025/05/21 10:42:05.307627153,direct_actuator_control
2025/05/21 10:42:05.406250292,direct_actuator_control
2025/05/21 10:42:05.507692640,direct_actuator_control
2025/05/21 10:42:05.608262813,direct_actuator_control
2025/05/21 10:42:05.709184793,direct_actuator_control
2025/05/21 10:42:05.811849492,direct_actuator_control
2025/05/21 10:42:05.912134601,direct_actuator_control
2025/05/21 10:42:06.12413313,direct_actuator_control
2025/05/21 10:42:06.114254445,direct_actuator_control
2025/05/21 10:42:06.214521263,direct_actuator_control
2025/05/21 10:42:06.315520521,direct_actuator_control
2025/05/21 10:42:06.415112616,direct_actuator_control
2025/05/21 10:42:06.515985390,direct_actuator_control
2025/05/21 10:42:06.615707907,direct_actuator_control
2025/05/21 10:42:06.716359046,direct_actuator_control
2025/05/21 10:42:06.818083030,direct_actuator_control
2025/05/21 10:42:06.917631273,direct_actuator_control
2025/05/21 10:42:07.18626648,direct_actuator_control
2025/05/21 10:42:07.118817131,direct_actuator_control
2025/05/21 10:42:07.219155421,direct_actuator_control
2025/05/21 10:42:07.320122811,direct_actuator_control
2025/05/21 10:42:07.420560016,direct_actuator_control
2025/05/21 10:42:07.522175608,direct_actuator_control
2025/05/21 10:42:07.623060501,direct_actuator_control
2025/05/21 10:42:07.723208526,direct_actuator_control
2025/05/21 10:42:07.825422148,direct_actuator_control
2025/05/21 10:42:07.925513902,direct_actuator_control
2025/05/21 10:42:08.26900057,direct_actuator_control
2025/05/21 10:42:08.126608435,direct_actuator_control
2025/05/21 10:42:08.229789181,direct_actuator_control
2025/05/21 10:42:08.330615217,direct_actuator_control
2025/05/21 10:42:08.430785358,direct_actuator_control
2025/05/21 10:42:08.531176760,direct_actuator_control
2025/05/21 10:42:08.631706799,direct_actuator_control
2025/05/21 10:42:08.732165499,direct_actuator_control
2025/05/21 10:42:08.834917481,direct_actuator_control
2025/05/21 10:42:08.935713434,direct_actuator_control
2025/05/21 10:42:09.35981081,direct_actuator_control
2025/05/21 10:42:09.136332075,direct_actuator_control
2025/05/21 10:42:09.237452048,direct_actuator_control
2025/05/21 10:42:09.339401146,direct_actuator_control
2025/05/21 10:42:09.440872390,direct_actuator_control
2025/05/21 10:42:09.541250539,direct_actuator_control
2025/05/21 10:42:09.641666022,direct_actuator_control
2025/05/21 10:42:09.742699733,direct_actuator_control
2025/05/21 10:42:09.843049435,direct_actuator_control
2025/05/21 10:42:09.946020034,direct_actuator_control
2025/05/21 10:42:10.45795384,direct_actuator_control
2025/05/21 10:42:10.146267896,direct_actuator_control
2025/05/21 10:42:10.247961188,direct_actuator_control
2025/05/21 10:42:10.348250593,direct_actuator_control
2025/05/21 10:42:10.450122354,direct_actuator_control
2025/05/21 10:42:10.549454481,direct_actuator_control
2025/05/21 10:42:10.652187216,direct_actuator_control
2025/05/21 10:42:10.752011607,direct_actuator_control
2025/05/21 10:42:10.853613319,direct_actuator_control
2025/05/21 10:42:10.954758705,direct_actuator_control
2025/05/21 10:42:11.53905390,direct_actuator_control
2025/05/21 10:42:11.155097090,direct_actuator_control
2025/05/21 10:42:11.256011612,direct_actuator_control
2025/05/21 10:42:11.356410020,direct_actuator_control
2025/05/21 10:42:11.456834407,direct_actuator_control
2025/05/21 10:42:11.556964267,direct_actuator_control
2025/05/21 10:42:11.659207333,direct_actuator_control
2025/05/21 10:42:11.761838110,direct_actuator_control
2025/05/21 10:42:11.863232505,direct_actuator_control
2025/05/21 10:42:11.963395205,direct_actuator_control
2025/05/21 10:42:12.63540825,direct_actuator_control
2025/05/21 10:42:12.164394070,direct_actuator_control
2025/05/21 10:42:12.264853762,direct_actuator_control
2025/05/21 10:42:12.365645876,direct_actuator_control
2025/05/21 10:42:12.467125510,direct_actuator_control
2025/05/21 10:42:12.568360659,direct_actuator_control
2025/05/21 10:42:12.668831268,direct_actuator_control
2025/05/21 10:42:12.769618010,direct_actuator_control
2025/05/21 10:42:12.873158103,direct_actuator_control
2025/05/21 10:42:12.970903798,direct_actuator_control
2025/05/21 10:42:13.71373116,direct_actuator_control
2025/05/21 10:42:13.171443770,direct_actuator_control
2025/05/21 10:42:13.272159509,direct_actuator_control
2025/05/21 10:42:13.373256450,direct_actuator_control
2025/05/21 10:42:13.475023683,direct_actuator_control
2025/05/21 10:42:13.576130548,direct_actuator_control
2025/05/21 10:42:13.678025909,direct_actuator_control
2025/05/21 10:42:13.776149748,direct_actuator_control
2025/05/21 10:42:13.878377063,direct_actuator_control
2025/05/21 10:42:13.979072129,direct_actuator_control
2025/05/21 10:42:14.82065445,direct_actuator_control
2025/05/21 10:42:14.179984100,direct_actuator_control
2025/05/21 10:42:14.280741379,direct_actuator_control
2025/05/21 10:42:14.382878657,direct_actuator_control
2025/05/21 10:42:14.483561650,direct_actuator_control
2025/05/21 10:42:14.584711543,direct_actuator_control
2025/05/21 10:42:14.685431013,direct_actuator_control
2025/05/21 10:42:14.786548740,direct_actuator_control
2025/05/21 10:42:14.886714270,direct_actuator_control
2025/05/21 10:42:14.990687433,direct_actuator_control
2025/05/21 10:42:15.89574843,direct_actuator_control
2025/05/21 10:42:15.189702609,direct_actuator_control
2025/05/21 10:42:15.290856856,direct_actuator_control
2025/05/21 10:42:15.390920652,direct_actuator_control
2025/05/21 10:42:15.491836183,direct_actuator_control
2025/05/21 10:42:15.592011185,direct_actuator_control
2025/05/21 10:42:15.693385495,direct_actuator_control
2025/05/21 10:42:15.794384444,direct_actuator_control
2025/05/21 10:42:15.897453785,direct_actuator_control
2025/05/21 10:42:15.998335187,direct_actuator_control
2025/05/21 10:42:16.98413582,direct_actuator_control
2025/05/21 10:42:16.198730720,direct_actuator_control
2025/05/21 10:42:16.299259779,direct_actuator_control
2025/05/21 10:42:16.400455240,direct_actuator_control
2025/05/21 10:42:16.501321626,direct_actuator_control
2025/05/21 10:42:16.601539704,direct_actuator_control
2025/05/21 10:42:16.701459995,direct_actuator_control
2025/05/21 10:42:16.801742313,direct_actuator_control
2025/05/21 10:42:16.902190732,direct_actuator_control
2025/05/21 10:42:17.2431830,direct_actuator_control
2025/05/21 10:42:17.104858053,direct_actuator_control
2025/05/21 10:42:17.205955358,direct_actuator_control
2025/05/21 10:42:17.308060320,direct_actuator_control
2025/05/21 10:42:17.406917174,direct_actuator_control
2025/05/21 10:42:17.507474054,direct_actuator_control
2025/05/21 10:42:17.608055238,direct_actuator_control
2025/05/21 10:42:17.708827403,direct_actuator_control
2025/05/21 10:42:17.808813914,direct_actuator_control
2025/05/21 10:42:17.909510267,direct_actuator_control
2025/05/21 10:42:18.9310372,direct_actuator_control
2025/05/21 10:42:18.110161964,direct_actuator_control
2025/05/21 10:42:18.211602963,direct_actuator_control
2025/05/21 10:42:18.312230475,direct_actuator_control
2025/05/21 10:42:18.413245575,direct_actuator_control
2025/05/21 10:42:18.513427152,direct_actuator_control
2025/05/21 10:42:18.614218233,direct_actuator_control
2025/05/21 10:42:18.714698213,direct_actuator_control
2025/05/21 10:42:18.814919579,direct_actuator_control
2025/05/21 10:42:18.915613727,direct_actuator_control
2025/05/21 10:42:19.16388656,direct_actuator_control
2025/05/21 10:42:19.116375885,direct_actuator_control
2025/05/21 10:42:19.216963365,direct_actuator_control
2025/05/21 10:42:19.317727506,direct_actuator_control
2025/05/21 10:42:19.418356345,direct_actuator_control
2025/05/21 10:42:19.518140526,direct_actuator_control
2025/05/21 10:42:19.619517501,direct_actuator_control
2025/05/21 10:42:19.720596356,direct_actuator_control
2025/05/21 10:42:19.822970738,direct_actuator_control
2025/05/21 10:42:19.921727320,direct_actuator_control
2025/05/21 10:42:20.21507000,direct_actuator_control
2025/05/21 10:42:20.121784845,direct_actuator_control
2025/05/21 10:42:20.223405180,direct_actuator_control
2025/05/21 10:42:20.323227704,direct_actuator_control
2025/05/21 10:42:20.423570709,direct_actuator_control
2025/05/21 10:42:20.526556042,direct_actuator_control
2025/05/21 10:42:20.625251909,direct_actuator_control
2025/05/21 10:42:20.725840023,direct_actuator_control
2025/05/21 10:42:20.827388270,direct_actuator_control
2025/05/21 10:42:20.927983963,direct_actuator_control
2025/05/21 10:42:21.30448798,direct_actuator_control
2025/05/21 10:42:21.131112395,direct_actuator_control
2025/05/21 10:42:21.232148952,direct_actuator_control
2025/05/21 10:42:21.333240189,direct_actuator_control
2025/05/21 10:42:21.432710318,direct_actuator_control
2025/05/21 10:42:21.533877610,direct_actuator_control
2025/05/21 10:42:21.633316843,direct_actuator_control
2025/05/21 10:42:21.735061102,direct_actuator_control
2025/05/21 10:42:21.834805497,direct_actuator_control
2025/05/21 10:42:21.938146179,direct_actuator_control
2025/05/21 10:42:22.38458324,direct_actuator_control
2025/05/21 10:42:22.139412990,direct_actuator_control
2025/05/21 10:42:22.239621778,direct_actuator_control
2025/05/21 10:42:22.340444453,direct_actuator_control
2025/05/21 10:42:22.440708184,direct_actuator_control
2025/05/21 10:42:22.543017589,direct_actuator_control
2025/05/21 10:42:22.641866597,direct_actuator_control
2025/05/21 10:42:22.743271833,direct_actuator_control
2025/05/21 10:42:22.844021930,direct_actuator_control
2025/05/21 10:42:22.946685503,direct_actuator_control
2025/05/21 10:42:23.46887580,direct_actuator_control
2025/05/21 10:42:23.147581172,direct_actuator_control
2025/05/21 10:42:23.247752388,direct_actuator_control
2025/05/21 10:42:23.349218512,direct_actuator_control
2025/05/21 10:42:23.449384487,direct_actuator_control
2025/05/21 10:42:23.550677413,direct_actuator_control
2025/05/21 10:42:23.651986648,direct_actuator_control
2025/05/21 10:42:23.755036955,direct_actuator_control
2025/05/21 10:42:23.855396475,direct_actuator_control
2025/05/21 10:42:23.956053928,direct_actuator_control
2025/05/21 10:42:24.56167305,direct_actuator_control
2025/05/21 10:42:24.156172061,direct_actuator_control
2025/05/21 10:42:24.257373912,direct_actuator_control
2025/05/21 10:42:24.357616436,direct_actuator_control
2025/05/21 10:42:24.458534245,direct_actuator_control
2025/05/21 10:42:24.563692106,direct_actuator_control
2025/05/21 10:42:24.659160611,direct_actuator_control
2025/05/21 10:42:24.759814186,direct_actuator_control
2025/05/21 10:42:24.860402484,direct_actuator_control
2025/05/21 10:42:24.963193355,direct_actuator_control
2025/05/21 10:42:25.66378261,direct_actuator_control
2025/05/21 10:42:25.165400659,direct_actuator_control
2025/05/21 10:42:25.266112518,direct_actuator_control
2025/05/21 10:42:25.366605623,direct_actuator_control
2025/05/21 10:42:25.469025746,direct_actuator_control
2025/05/21 10:42:25.569184391,direct_actuator_control
2025/05/21 10:42:25.670817484,direct_actuator_control
2025/05/21 10:42:25.770336453,direct_actuator_control
2025/05/21 10:42:25.871296899,direct_actuator_control
2025/05/21 10:42:25.972308455,direct_actuator_control
2025/05/21 10:42:26.72624764,direct_actuator_control
2025/05/21 10:42:26.173380398,direct_actuator_control
2025/05/21 10:42:26.274627714,direct_actuator_control
2025/05/21 10:42:26.375553557,direct_actuator_control
2025/05/21 10:42:26.476358220,direct_actuator_control
2025/05/21 10:42:26.581037101,direct_actuator_control
2025/05/21 10:42:26.678989174,direct_actuator_control
2025/05/21 10:42:26.779633717,direct_actuator_control
2025/05/21 10:42:26.879510313,direct_actuator_control
2025/05/21 10:42:26.980446099,direct_actuator_control
2025/05/21 10:42:27.79895685,direct_actuator_control
2025/05/21 10:42:27.183135747,direct_actuator_control
2025/05/21 10:42:27.281028858,direct_actuator_control
2025/05/21 10:42:27.381258562,direct_actuator_control
2025/05/21 10:42:27.483537163,direct_actuator_control
2025/05/21 10:42:27.584270724,direct_actuator_control
2025/05/21 10:42:27.685119818,direct_actuator_control
2025/05/21 10:42:27.785136161,direct_actuator_control
2025/05/21 10:42:27.885862863,direct_actuator_control
2025/05/21 10:42:27.986999953,direct_actuator_control
2025/05/21 10:42:28.88301089,direct_actuator_control
2025/05/21 10:42:28.187352084,direct_actuator_control
2025/05/21 10:42:28.290120996,direct_actuator_control
2025/05/21 10:42:28.389595172,direct_actuator_control
2025/05/21 10:42:28.492699965,direct_actuator_control
2025/05/21 10:42:28.592890924,direct_actuator_control
2025/05/21 10:42:28.693012351,direct_actuator_control
2025/05/21 10:42:28.793992654,direct_actuator_control
2025/05/21 10:42:28.893477049,direct_actuator_control
2025/05/21 10:42:28.995403144,direct_actuator_control
2025/05/21 10:42:29.96384442,direct_actuator_control
2025/05/21 10:42:29.196521197,direct_actuator_control
2025/05/21 10:42:29.299887324,direct_actuator_control
2025/05/21 10:42:29.399254248,direct_actuator_control
2025/05/21 10:42:29.500890677,direct_actuator_control
2025/05/21 10:42:29.600437170,direct_actuator_control
2025/05/21 10:42:29.700895336,direct_actuator_control
2025/05/21 10:42:29.801721601,direct_actuator_control
2025/05/21 10:42:29.901331432,direct_actuator_control
2025/05/21 10:42:30.2257371,direct_actuator_control
2025/05/21 10:42:30.102440517,direct_actuator_control
2025/05/21 10:42:30.203611694,direct_actuator_control
2025/05/21 10:42:30.304452109,direct_actuator_control
2025/05/21 10:42:30.405396947,direct_actuator_control
2025/05/21 10:42:30.505559873,direct_actuator_control
2025/05/21 10:42:30.607532313,direct_actuator_control
2025/05/21 10:42:30.706924588,direct_actuator_control
2025/05/21 10:42:30.807249234,direct_actuator_control
2025/05/21 10:42:30.907881398,direct_actuator_control
2025/05/21 10:42:31.7775484,direct_actuator_control
2025/05/21 10:42:31.109020435,direct_actuator_control
2025/05/21 10:42:31.208769017,direct_actuator_control
2025/05/21 10:42:31.309381907,direct_actuator_control
2025/05/21 10:42:31.412122203,direct_actuator_control
2025/05/21 10:42:31.511917013,direct_actuator_control
2025/05/21 10:42:31.612665228,direct_actuator_control
2025/05/21 10:42:31.712897672,direct_actuator_control
2025/05/21 10:42:31.813287747,direct_actuator_control
2025/05/21 10:42:31.915052694,direct_actuator_control
2025/05/21 10:42:32.14640470,direct_actuator_control
2025/05/21 10:42:32.115185763,direct_actuator_control
2025/05/21 10:42:32.215653952,direct_actuator_control
2025/05/21 10:42:32.316242750,direct_actuator_control
2025/05/21 10:42:32.416115578,direct_actuator_control
2025/05/21 10:42:32.517020120,direct_actuator_control
2025/05/21 10:42:32.618677099,direct_actuator_control
2025/05/21 10:42:32.720706042,direct_actuator_control
2025/05/21 10:42:32.821045048,direct_actuator_control
2025/05/21 10:42:32.921373124,direct_actuator_control
2025/05/21 10:42:33.22028758,direct_actuator_control
2025/05/21 10:42:33.122514753,direct_actuator_control
2025/05/21 10:42:33.223295639,direct_actuator_control
2025/05/21 10:42:33.323603436,direct_actuator_control
2025/05/21 10:42:33.424529589,direct_actuator_control
2025/05/21 10:42:33.525167675,direct_actuator_control
2025/05/21 10:42:33.628029733,direct_actuator_control
2025/05/21 10:42:33.725995651,direct_actuator_control
2025/05/21 10:42:33.826669202,direct_actuator_control
2025/05/21 10:42:33.928025299,direct_actuator_control
2025/05/21 10:42:34.30206593,direct_actuator_control
2025/05/21 10:42:34.130768811,direct_actuator_control
2025/05/21 10:42:34.230325995,direct_actuator_control
2025/05/21 10:42:34.331113203,direct_actuator_control
2025/05/21 10:42:34.432774837,direct_actuator_control
2025/05/21 10:42:34.533283042,direct_actuator_control
2025/05/21 10:42:34.633766096,direct_actuator_control
2025/05/21 10:42:34.733953025,direct_actuator_control
2025/05/21 10:42:34.834468107,direct_actuator_control
2025/05/21 10:42:34.939691621,direct_actuator_control
2025/05/21 10:42:35.37000716,direct_actuator_control
2025/05/21 10:42:35.138664521,direct_actuator_control
2025/05/21 10:42:35.239479538,direct_actuator_control
2025/05/21 10:42:35.340196006,direct_actuator_control
2025/05/21 10:42:35.440180817,direct_actuator_control
2025/05/21 10:42:35.541312817,direct_actuator_control
2025/05/21 10:42:35.642139957,direct_actuator_control
2025/05/21 10:42:35.743034178,direct_actuator_control
2025/05/21 10:42:35.842715468,direct_actuator_control
2025/05/21 10:42:35.943872566,direct_actuator_control
2025/05/21 10:42:36.45778020,direct_actuator_control
2025/05/21 10:42:36.146439229,direct_actuator_control
2025/05/21 10:42:36.247034092,direct_actuator_control
2025/05/21 10:42:36.347195032,direct_actuator_control
2025/05/21 10:42:36.448043748,direct_actuator_control
2025/05/21 10:42:36.548765118,direct_actuator_control
2025/05/21 10:42:36.649374394,direct_actuator_control
2025/05/21 10:42:36.752003489,direct_actuator_control
2025/05/21 10:42:36.853688627,direct_actuator_control
2025/05/21 10:42:36.954956777,direct_actuator_control
2025/05/21 10:42:37.55889605,direct_actuator_control
2025/05/21 10:42:37.156108770,direct_actuator_control
2025/05/21 10:42:37.257180464,direct_actuator_control
2025/05/21 10:42:37.357580563,direct_actuator_control
2025/05/21 10:42:37.457377653,direct_actuator_control
2025/05/21 10:42:37.561692213,direct_actuator_control
2025/05/21 10:42:37.659111734,direct_actuator_control
2025/05/21 10:42:37.760097935,direct_actuator_control
2025/05/21 10:42:37.860934151,direct_actuator_control
2025/05/21 10:42:37.963897379,direct_actuator_control
2025/05/21 10:42:38.62171953,direct_actuator_control
2025/05/21 10:42:38.166330379,direct_actuator_control
2025/05/21 10:42:38.266333032,direct_actuator_control
2025/05/21 10:42:38.368125132,direct_actuator_control
2025/05/21 10:42:38.467658878,direct_actuator_control
2025/05/21 10:42:38.568073384,direct_actuator_control
2025/05/21 10:42:38.669852270,direct_actuator_control
2025/05/21 10:42:38.770695197,direct_actuator_control
2025/05/21 10:42:38.872742274,direct_actuator_control
2025/05/21 10:42:38.972276977,direct_actuator_control
2025/05/21 10:42:39.72579400,direct_actuator_control
2025/05/21 10:42:39.175475741,direct_actuator_control
2025/05/21 10:42:39.273836576,direct_actuator_control
2025/05/21 10:42:39.374257540,direct_actuator_control
2025/05/21 10:42:39.477639394,direct_actuator_control
2025/05/21 10:42:39.577964308,direct_actuator_control
2025/05/21 10:42:39.679619733,direct_actuator_control
2025/05/21 10:42:39.780562381,direct_actuator_control
2025/05/21 10:42:39.879307829,direct_actuator_control
2025/05/21 10:42:39.978939078,direct_actuator_control
2025/05/21 10:42:40.80250026,direct_actuator_control
2025/05/21 10:42:40.182947789,direct_actuator_control
2025/05/21 10:42:40.282884165,direct_actuator_control
2025/05/21 10:42:40.384676468,direct_actuator_control
2025/05/21 10:42:40.484524681,direct_actuator_control
2025/05/21 10:42:40.587335630,direct_actuator_control
2025/05/21 10:42:40.687442137,direct_actuator_control
2025/05/21 10:42:40.787140097,direct_actuator_control
2025/05/21 10:42:40.888162503,direct_actuator_control
2025/05/21 10:42:40.988750700,direct_actuator_control
2025/05/21 10:42:41.89095995,direct_actuator_control
2025/05/21 10:42:41.191533117,direct_actuator_control
2025/05/21 10:42:41.291499303,direct_actuator_control
2025/05/21 10:42:41.390940709,direct_actuator_control
2025/05/21 10:42:41.493437261,direct_actuator_control
2025/05/21 10:42:41.592881226,direct_actuator_control
2025/05/21 10:42:41.694057287,direct_actuator_control
2025/05/21 10:42:41.793836826,direct_actuator_control
2025/05/21 10:42:41.896318041,direct_actuator_control
2025/05/21 10:42:41.995687515,direct_actuator_control
2025/05/21 10:42:42.96148005,direct_actuator_control
2025/05/21 10:42:42.197291276,direct_actuator_control
2025/05/21 10:42:42.298778308,direct_actuator_control
2025/05/21 10:42:42.401331704,direct_actuator_control
2025/05/21 10:42:42.500865887,direct_actuator_control
2025/05/21 10:42:42.601692516,direct_actuator_control
2025/05/21 10:42:42.703235210,direct_actuator_control
2025/05/21 10:42:42.802839745,direct_actuator_control
2025/05/21 10:42:42.903793914,direct_actuator_control
2025/05/21 10:42:43.4016249,direct_actuator_control
2025/05/21 10:42:43.104382612,direct_actuator_control
2025/05/21 10:42:43.206076905,direct_actuator_control
2025/05/21 10:42:43.307046860,direct_actuator_control
2025/05/21 10:42:43.408150545,direct_actuator_control
2025/05/21 10:42:43.509622279,direct_actuator_control
2025/05/21 10:42:43.610489338,direct_actuator_control
2025/05/21 10:42:43.712280608,direct_actuator_control
2025/05/21 10:42:43.810926479,direct_actuator_control
2025/05/21 10:42:43.911732058,direct_actuator_control
2025/05/21 10:42:44.13148289,direct_actuator_control
2025/05/21 10:42:44.114219004,direct_actuator_control
2025/05/21 10:42:44.215063536,direct_actuator_control
2025/05/21 10:42:44.316228577,direct_actuator_control
2025/05/21 10:42:44.416843328,direct_actuator_control
2025/05/21 10:42:44.516723591,direct_actuator_control
2025/05/21 10:42:44.618279935,direct_actuator_control
2025/05/21 10:42:44.718394362,direct_actuator_control
2025/05/21 10:42:44.818793784,direct_actuator_control
2025/05/21 10:42:44.919159229,direct_actuator_control
2025/05/21 10:42:45.20096706,direct_actuator_control
2025/05/21 10:42:45.121028901,direct_actuator_control
2025/05/21 10:42:45.220855964,direct_actuator_control
2025/05/21 10:42:45.321824858,direct_actuator_control
2025/05/21 10:42:45.424688781,direct_actuator_control
2025/05/21 10:42:45.523303740,direct_actuator_control
2025/05/21 10:42:45.623924567,direct_actuator_control
2025/05/21 10:42:45.724300039,direct_actuator_control
2025/05/21 10:42:45.824552335,direct_actuator_control
2025/05/21 10:42:45.924925431,direct_actuator_control
2025/05/21 10:42:46.25173826,direct_actuator_control
2025/05/21 10:42:46.126024747,direct_actuator_control
2025/05/21 10:42:46.226867206,direct_actuator_control
2025/05/21 10:42:46.326142622,direct_actuator_control
2025/05/21 10:42:46.426968896,direct_actuator_control
2025/05/21 10:42:46.529913758,direct_actuator_control
2025/05/21 10:42:46.629131279,direct_actuator_control
2025/05/21 10:42:46.730796654,direct_actuator_control
2025/05/21 10:42:46.830456016,direct_actuator_control
2025/05/21 10:42:46.931303638,direct_actuator_control
2025/05/21 10:42:47.33298205,direct_actuator_control
2025/05/21 10:42:47.134137493,direct_actuator_control
2025/05/21 10:42:47.235152222,direct_actuator_control
2025/05/21 10:42:47.335439262,direct_actuator_control
2025/05/21 10:42:47.435742198,direct_actuator_control
2025/05/21 10:42:47.536000430,direct_actuator_control
2025/05/21 10:42:47.638647342,direct_actuator_control
2025/05/21 10:42:47.739706223,direct_actuator_control
2025/05/21 10:42:47.839925440,direct_actuator_control
2025/05/21 10:42:47.939748530,direct_actuator_control
2025/05/21 10:42:48.42558524,direct_actuator_control
2025/05/21 10:42:48.140951554,direct_actuator_control
2025/05/21 10:42:48.241331268,direct_actuator_control
2025/05/21 10:42:48.342685893,direct_actuator_control
2025/05/21 10:42:48.444242025,direct_actuator_control
2025/05/21 10:42:48.544539373,direct_actuator_control
2025/05/21 10:42:48.644758030,direct_actuator_control
2025/05/21 10:42:48.746689284,direct_actuator_control
2025/05/21 10:42:48.844852538,direct_actuator_control
2025/05/21 10:42:48.948469340,direct_actuator_control
2025/05/21 10:42:49.45884953,direct_actuator_control
2025/05/21 10:42:49.148250156,direct_actuator_control
2025/05/21 10:42:49.249278863,direct_actuator_control
2025/05/21 10:42:49.349383411,direct_actuator_control
2025/05/21 10:42:49.450397550,direct_actuator_control
2025/05/21 10:42:49.550742132,direct_actuator_control
2025/05/21 10:42:49.654365281,direct_actuator_control
2025/05/21 10:42:49.757891717,direct_actuator_control
2025/05/21 10:42:49.856146211,direct_actuator_control
2025/05/21 10:42:49.956886076,direct_actuator_control
2025/05/21 10:42:50.57476074,direct_actuator_control
2025/05/21 10:42:50.157800584,direct_actuator_control
2025/05/21 10:42:50.258610747,direct_actuator_control
2025/05/21 10:42:50.360366570,direct_actuator_control
2025/05/21 10:42:50.460540261,direct_actuator_control
2025/05/21 10:42:50.560891483,direct_actuator_control
2025/05/21 10:42:50.662944117,direct_actuator_control
2025/05/21 10:42:50.764462572,direct_actuator_control
2025/05/21 10:42:50.864615822,direct_actuator_control
2025/05/21 10:42:50.966870565,direct_actuator_control
2025/05/21 10:42:51.65763798,direct_actuator_control
2025/05/21 10:42:51.166341584,direct_actuator_control
2025/05/21 10:42:51.266018847,direct_actuator_control
2025/05/21 10:42:51.366885502,direct_actuator_control
2025/05/21 10:42:51.467212160,direct_actuator_control
2025/05/21 10:42:51.568633163,direct_actuator_control
2025/05/21 10:42:51.669960140,direct_actuator_control
2025/05/21 10:42:51.769581504,direct_actuator_control
2025/05/21 10:42:51.869876176,direct_actuator_control
2025/05/21 10:42:51.971765611,direct_actuator_control
2025/05/21 10:42:52.72484357,direct_actuator_control
2025/05/21 10:42:52.175483804,direct_actuator_control
2025/05/21 10:42:52.275363350,direct_actuator_control
2025/05/21 10:42:52.377870243,direct_actuator_control
2025/05/21 10:42:52.476731469,direct_actuator_control
2025/05/21 10:42:52.579639020,direct_actuator_control
2025/05/21 10:42:52.681160640,direct_actuator_control
2025/05/21 10:42:52.782427671,direct_actuator_control
2025/05/21 10:42:52.883947742,direct_actuator_control
2025/05/21 10:42:52.985326120,direct_actuator_control
2025/05/21 10:42:53.84891343,direct_actuator_control
2025/05/21 10:42:53.185288055,direct_actuator_control
2025/05/21 10:42:53.286172040,direct_actuator_control
2025/05/21 10:42:53.390568570,direct_actuator_control
2025/05/21 10:42:53.489298987,direct_actuator_control
2025/05/21 10:42:53.589956872,direct_actuator_control
2025/05/21 10:42:53.692028664,direct_actuator_control
2025/05/21 10:42:53.795659278,direct_actuator_control
2025/05/21 10:42:53.894662679,direct_actuator_control
2025/05/21 10:42:53.993789791,direct_actuator_control
2025/05/21 10:42:54.98894068,direct_actuator_control
2025/05/21 10:42:54.196110304,direct_actuator_control
2025/05/21 10:42:54.297287031,direct_actuator_control
2025/05/21 10:42:54.401910112,direct_actuator_control
2025/05/21 10:42:54.502289893,direct_actuator_control
2025/05/21 10:42:54.604461113,direct_actuator_control
2025/05/21 10:42:54.703135506,direct_actuator_control
2025/05/21 10:42:54.804015932,direct_actuator_control
2025/05/21 10:42:54.905404134,direct_actuator_control
2025/05/21 10:42:55.6995947,direct_actuator_control
2025/05/21 10:42:55.107778654,direct_actuator_control
2025/05/21 10:42:55.207450390,direct_actuator_control
2025/05/21 10:42:55.308374304,direct_actuator_control
2025/05/21 10:42:55.408999564,direct_actuator_control
2025/05/21 10:42:55.508855165,direct_actuator_control
2025/05/21 10:42:55.609816854,direct_actuator_control
2025/05/21 10:42:55.709350305,direct_actuator_control
2025/05/21 10:42:55.809974858,direct_actuator_control
2025/05/21 10:42:55.910829008,direct_actuator_control
2025/05/21 10:42:56.13906548,direct_actuator_control
2025/05/21 10:42:56.112538166,direct_actuator_control
2025/05/21 10:42:56.214716594,direct_actuator_control
2025/05/21 10:42:56.312238221,direct_actuator_control
2025/05/21 10:42:56.413257874,direct_actuator_control
2025/05/21 10:42:56.513668311,direct_actuator_control
2025/05/21 10:42:56.618589361,direct_actuator_control
2025/05/21 10:42:56.716386750,direct_actuator_control
2025/05/21 10:42:56.816603527,direct_actuator_control
2025/05/21 10:42:56.916910010,direct_actuator_control
2025/05/21 10:42:57.18289799,direct_actuator_control
2025/05/21 10:42:57.120406556,direct_actuator_control
2025/05/21 10:42:57.219837356,direct_actuator_control
2025/05/21 10:42:57.320666985,direct_actuator_control
2025/05/21 10:42:57.421018349,direct_actuator_control
2025/05/21 10:42:57.520842187,direct_actuator_control
2025/05/21 10:42:57.622147703,direct_actuator_control
2025/05/21 10:42:57.722761855,direct_actuator_control
2025/05/21 10:42:57.823782976,direct_actuator_control
2025/05/21 10:42:57.923897972,direct_actuator_control
2025/05/21 10:42:58.24444838,direct_actuator_control
2025/05/21 10:42:58.124017451,direct_actuator_control
2025/05/21 10:42:58.225028137,direct_actuator_control
2025/05/21 10:42:58.325399648,direct_actuator_control
2025/05/21 10:42:58.426965220,direct_actuator_control
2025/05/21 10:42:58.529445854,direct_actuator_control
2025/05/21 10:42:58.631499062,direct_actuator_control
2025/05/21 10:42:58.733167082,direct_actuator_control
2025/05/21 10:42:58.835270297,direct_actuator_control
2025/05/21 10:42:58.934881032,direct_actuator_control
2025/05/21 10:42:59.40132947,direct_actuator_control
2025/05/21 10:42:59.137693158,direct_actuator_control
2025/05/21 10:42:59.237546277,direct_actuator_control
2025/05/21 10:42:59.339055822,direct_actuator_control
2025/05/21 10:42:59.439556327,direct_actuator_control
2025/05/21 10:42:59.540396820,direct_actuator_control
2025/05/21 10:42:59.641021656,direct_actuator_control
2025/05/21 10:42:59.741714291,direct_actuator_control
2025/05/21 10:42:59.843120974,direct_actuator_control
2025/05/21 10:42:59.944069319,direct_actuator_control
2025/05/21 10:43:00.44775607,direct_actuator_control
2025/05/21 10:43:00.145633257,direct_actuator_control
2025/05/21 10:43:00.249604194,direct_actuator_control
2025/05/21 10:43:00.350607400,direct_actuator_control
2025/05/21 10:43:00.450791443,direct_actuator_control
2025/05/21 10:43:00.556493749,direct_actuator_control
2025/05/21 10:43:00.653246850,direct_actuator_control
2025/05/21 10:43:00.753742397,direct_actuator_control
2025/05/21 10:43:00.855027143,direct_actuator_control
2025/05/21 10:43:00.955152636,direct_actuator_control
2025/05/21 10:43:01.60896785,direct_actuator_control
2025/05/21 10:43:01.159503565,direct_actuator_control
2025/05/21 10:43:01.260513541,direct_actuator_control
2025/05/21 10:43:01.363980468,direct_actuator_control
2025/05/21 10:43:01.464715631,direct_actuator_control
2025/05/21 10:43:01.565215662,direct_actuator_control
2025/05/21 10:43:01.666039659,direct_actuator_control
2025/05/21 10:43:01.766258624,direct_actuator_control
2025/05/21 10:43:01.866736648,direct_actuator_control
2025/05/21 10:43:01.968244112,direct_actuator_control
2025/05/21 10:43:02.68694639,direct_actuator_control
2025/05/21 10:43:02.168668673,direct_actuator_control
2025/05/21 10:43:02.271644565,direct_actuator_control
2025/05/21 10:43:02.369687523,direct_actuator_control
2025/05/21 10:43:02.470478156,direct_actuator_control
2025/05/21 10:43:02.571854045,direct_actuator_control
2025/05/21 10:43:02.670492446,direct_actuator_control
2025/05/21 10:43:02.770864038,direct_actuator_control
2025/05/21 10:43:02.872998705,direct_actuator_control
2025/05/21 10:43:02.974267285,direct_actuator_control
2025/05/21 10:43:03.75446834,direct_actuator_control
2025/05/21 10:43:03.176289801,direct_actuator_control
2025/05/21 10:43:03.276525895,direct_actuator_control
2025/05/21 10:43:03.376455555,direct_actuator_control
2025/05/21 10:43:03.477212868,direct_actuator_control
2025/05/21 10:43:03.577142979,direct_actuator_control
2025/05/21 10:43:03.678085886,direct_actuator_control
2025/05/21 10:43:03.781558655,direct_actuator_control
2025/05/21 10:43:03.881724566,direct_actuator_control
2025/05/21 10:43:03.983135618,direct_actuator_control
2025/05/21 10:43:04.83989332,direct_actuator_control
2025/05/21 10:43:04.185648411,direct_actuator_control
2025/05/21 10:43:04.286396927,direct_actuator_control
2025/05/21 10:43:04.388490329,direct_actuator_control
2025/05/21 10:43:04.491130983,direct_actuator_control
2025/05/21 10:43:04.593903528,direct_actuator_control
2025/05/21 10:43:04.692501642,direct_actuator_control
2025/05/21 10:43:04.792878155,direct_actuator_control
2025/05/21 10:43:04.893511546,direct_actuator_control
2025/05/21 10:43:04.994141386,direct_actuator_control
2025/05/21 10:43:05.94882790,direct_actuator_control
2025/05/21 10:43:05.194625928,direct_actuator_control
2025/05/21 10:43:05.309769380,direct_actuator_control
2025/05/21 10:43:05.398713227,direct_actuator_control
2025/05/21 10:43:05.499354845,direct_actuator_control
2025/05/21 10:43:05.599520652,direct_actuator_control
2025/05/21 10:43:05.699486968,direct_actuator_control
2025/05/21 10:43:05.800332637,direct_actuator_control
2025/05/21 10:43:05.902208956,direct_actuator_control
2025/05/21 10:43:06.3038353,direct_actuator_control
2025/05/21 10:43:06.105313590,direct_actuator_control
2025/05/21 10:43:06.205167930,direct_actuator_control
2025/05/21 10:43:06.306220647,direct_actuator_control
2025/05/21 10:43:06.407030182,direct_actuator_control
2025/05/21 10:43:06.508681515,direct_actuator_control
2025/05/21 10:43:06.609423324,direct_actuator_control
2025/05/21 10:43:06.708002817,direct_actuator_control
2025/05/21 10:43:06.808302741,direct_actuator_control
2025/05/21 10:43:06.909211092,direct_actuator_control
2025/05/21 10:43:07.9323620,direct_actuator_control
2025/05/21 10:43:07.110212904,direct_actuator_control
2025/05/21 10:43:07.210709052,direct_actuator_control
2025/05/21 10:43:07.311016962,direct_actuator_control
2025/05/21 10:43:07.414367851,direct_actuator_control
2025/05/21 10:43:07.511875570,direct_actuator_control
2025/05/21 10:43:07.613651594,direct_actuator_control
2025/05/21 10:43:07.713074152,direct_actuator_control
2025/05/21 10:43:07.815552416,direct_actuator_control
2025/05/21 10:43:07.915225998,direct_actuator_control
2025/05/21 10:43:08.15369863,direct_actuator_control
2025/05/21 10:43:08.115621769,direct_actuator_control
2025/05/21 10:43:08.216743245,direct_actuator_control
2025/05/21 10:43:08.318409908,direct_actuator_control
2025/05/21 10:43:08.419197454,direct_actuator_control
2025/05/21 10:43:08.520256828,direct_actuator_control
2025/05/21 10:43:08.621745484,direct_actuator_control
2025/05/21 10:43:08.722474939,direct_actuator_control
2025/05/21 10:43:08.823585309,direct_actuator_control
2025/05/21 10:43:08.924097800,direct_actuator_control
2025/05/21 10:43:09.24472929,direct_actuator_control
2025/05/21 10:43:09.124581225,direct_actuator_control
2025/05/21 10:43:09.225628599,direct_actuator_control
2025/05/21 10:43:09.326717723,direct_actuator_control
2025/05/21 10:43:09.426986969,direct_actuator_control
2025/05/21 10:43:09.531765982,direct_actuator_control
2025/05/21 10:43:09.632186337,direct_actuator_control
2025/05/21 10:43:09.730792982,direct_actuator_control
2025/05/21 10:43:09.832293685,direct_actuator_control
2025/05/21 10:43:09.935184284,direct_actuator_control
2025/05/21 10:43:10.36510701,direct_actuator_control
2025/05/21 10:43:10.138797818,direct_actuator_control
2025/05/21 10:43:10.239937356,direct_actuator_control
2025/05/21 10:43:10.340407368,direct_actuator_control
2025/05/21 10:43:10.440743646,direct_actuator_control
2025/05/21 10:43:10.540787175,direct_actuator_control
2025/05/21 10:43:10.640978097,direct_actuator_control
2025/05/21 10:43:10.741785240,direct_actuator_control
2025/05/21 10:43:10.842097576,direct_actuator_control
2025/05/21 10:43:10.942476011,direct_actuator_control
2025/05/21 10:43:11.43160417,direct_actuator_control
2025/05/21 10:43:11.143890196,direct_actuator_control
2025/05/21 10:43:11.244184315,direct_actuator_control
2025/05/21 10:43:11.344994500,direct_actuator_control
2025/05/21 10:43:11.445503916,direct_actuator_control
2025/05/21 10:43:11.546165083,direct_actuator_control
2025/05/21 10:43:11.648248602,direct_actuator_control
2025/05/21 10:43:11.750525701,direct_actuator_control
2025/05/21 10:43:11.849181797,direct_actuator_control
2025/05/21 10:43:11.950050620,direct_actuator_control
2025/05/21 10:43:12.50929481,direct_actuator_control
2025/05/21 10:43:12.152893518,direct_actuator_control
2025/05/21 10:43:12.253995940,direct_actuator_control
2025/05/21 10:43:12.355629716,direct_actuator_control
2025/05/21 10:43:12.456216900,direct_actuator_control
2025/05/21 10:43:12.556407705,direct_actuator_control
2025/05/21 10:43:12.656666022,direct_actuator_control
2025/05/21 10:43:12.757553116,direct_actuator_control
2025/05/21 10:43:12.858024122,direct_actuator_control
2025/05/21 10:43:12.960298563,direct_actuator_control
2025/05/21 10:43:13.61712482,direct_actuator_control
2025/05/21 10:43:13.162402432,direct_actuator_control
2025/05/21 10:43:13.262277463,direct_actuator_control
2025/05/21 10:43:13.363148040,direct_actuator_control
2025/05/21 10:43:13.464756754,direct_actuator_control
2025/05/21 10:43:13.565399196,direct_actuator_control
2025/05/21 10:43:13.665537253,direct_actuator_control
2025/05/21 10:43:13.766804144,direct_actuator_control
2025/05/21 10:43:13.867408056,direct_actuator_control
2025/05/21 10:43:13.967830937,direct_actuator_control
2025/05/21 10:43:14.69477469,direct_actuator_control
2025/05/21 10:43:14.168366311,direct_actuator_control
2025/05/21 10:43:14.268404646,direct_actuator_control
2025/05/21 10:43:14.370916266,direct_actuator_control
2025/05/21 10:43:14.470008829,direct_actuator_control
2025/05/21 10:43:14.570764511,direct_actuator_control
2025/05/21 10:43:14.671194969,direct_actuator_control
2025/05/21 10:43:14.770699251,direct_actuator_control
2025/05/21 10:43:14.875920300,direct_actuator_control
2025/05/21 10:43:14.975474372,direct_actuator_control
2025/05/21 10:43:15.74644739,direct_actuator_control
2025/05/21 10:43:15.175111099,direct_actuator_control
2025/05/21 10:43:15.275381934,direct_actuator_control
2025/05/21 10:43:15.376355202,direct_actuator_control
2025/05/21 10:43:15.477781764,direct_actuator_control
2025/05/21 10:43:15.578054010,direct_actuator_control
2025/05/21 10:43:15.681300234,direct_actuator_control
2025/05/21 10:43:15.778877685,direct_actuator_control
2025/05/21 10:43:15.882351385,direct_actuator_control
2025/05/21 10:43:15.982415973,direct_actuator_control
2025/05/21 10:43:16.84932589,direct_actuator_control
2025/05/21 10:43:16.185791325,direct_actuator_control
2025/05/21 10:43:16.286012826,direct_actuator_control
2025/05/21 10:43:16.387962295,direct_actuator_control
2025/05/21 10:43:16.488289428,direct_actuator_control
2025/05/21 10:43:16.589998557,direct_actuator_control
2025/05/21 10:43:16.690829016,direct_actuator_control
2025/05/21 10:43:16.791342464,direct_actuator_control
2025/05/21 10:43:16.890717319,direct_actuator_control
2025/05/21 10:43:16.993096526,direct_actuator_control
2025/05/21 10:43:17.94563319,direct_actuator_control
2025/05/21 10:43:17.192994979,direct_actuator_control
2025/05/21 10:43:17.294676547,direct_actuator_control
2025/05/21 10:43:17.398333955,direct_actuator_control
2025/05/21 10:43:17.498148684,direct_actuator_control
2025/05/21 10:43:17.599194486,direct_actuator_control
2025/05/21 10:43:17.698482473,direct_actuator_control
2025/05/21 10:43:17.800887828,direct_actuator_control
2025/05/21 10:43:17.902447410,direct_actuator_control
2025/05/21 10:43:18.1965952,direct_actuator_control
2025/05/21 10:43:18.102791324,direct_actuator_control
2025/05/21 10:43:18.204610101,direct_actuator_control
2025/05/21 10:43:18.308005078,direct_actuator_control
2025/05/21 10:43:18.405134559,direct_actuator_control
2025/05/21 10:43:18.505168031,direct_actuator_control
2025/05/21 10:43:18.606887304,direct_actuator_control
2025/05/21 10:43:18.705894328,direct_actuator_control
2025/05/21 10:43:18.806785225,direct_actuator_control
2025/05/21 10:43:18.907817445,direct_actuator_control
2025/05/21 10:43:19.9340988,direct_actuator_control
2025/05/21 10:43:19.112287893,direct_actuator_control
2025/05/21 10:43:19.215333422,direct_actuator_control
2025/05/21 10:43:19.313205449,direct_actuator_control
2025/05/21 10:43:19.415954615,direct_actuator_control
2025/05/21 10:43:19.515065295,direct_actuator_control
2025/05/21 10:43:19.618649967,direct_actuator_control
2025/05/21 10:43:19.717101009,direct_actuator_control
2025/05/21 10:43:19.821255164,direct_actuator_control
2025/05/21 10:43:19.918418920,direct_actuator_control
2025/05/21 10:43:20.18735871,direct_actuator_control
2025/05/21 10:43:20.119225683,direct_actuator_control
2025/05/21 10:43:20.220255109,direct_actuator_control
2025/05/21 10:43:20.320477952,direct_actuator_control
2025/05/21 10:43:20.421300084,direct_actuator_control
2025/05/21 10:43:20.522317016,direct_actuator_control
2025/05/21 10:43:20.623224267,direct_actuator_control
2025/05/21 10:43:20.727887601,direct_actuator_control
2025/05/21 10:43:20.825479179,direct_actuator_control
2025/05/21 10:43:20.926911165,direct_actuator_control
2025/05/21 10:43:21.27248917,direct_actuator_control
2025/05/21 10:43:21.128484916,direct_actuator_control
2025/05/21 10:43:21.230355592,direct_actuator_control
2025/05/21 10:43:21.332135036,direct_actuator_control
2025/05/21 10:43:21.431654432,direct_actuator_control
2025/05/21 10:43:21.531739284,direct_actuator_control
2025/05/21 10:43:21.633759349,direct_actuator_control
2025/05/21 10:43:21.734569348,direct_actuator_control
2025/05/21 10:43:21.837676797,direct_actuator_control
2025/05/21 10:43:21.936037736,direct_actuator_control
2025/05/21 10:43:22.36679125,direct_actuator_control
2025/05/21 10:43:22.137641952,direct_actuator_control
2025/05/21 10:43:22.238427833,direct_actuator_control
2025/05/21 10:43:22.342420128,direct_actuator_control
2025/05/21 10:43:22.442221255,direct_actuator_control
2025/05/21 10:43:22.540541640,direct_actuator_control
2025/05/21 10:43:22.641531883,direct_actuator_control
2025/05/21 10:43:22.741764297,direct_actuator_control
2025/05/21 10:43:22.845878942,direct_actuator_control
2025/05/21 10:43:22.943801320,direct_actuator_control
2025/05/21 10:43:23.44476428,direct_actuator_control
2025/05/21 10:43:23.143679330,direct_actuator_control
2025/05/21 10:43:23.244065617,direct_actuator_control
2025/05/21 10:43:23.345073032,direct_actuator_control
2025/05/21 10:43:23.444773739,direct_actuator_control
2025/05/21 10:43:23.545791151,direct_actuator_control
2025/05/21 10:43:23.645640827,direct_actuator_control
2025/05/21 10:43:23.747142433,direct_actuator_control
2025/05/21 10:43:23.850449589,direct_actuator_control
2025/05/21 10:43:23.952167332,direct_actuator_control
2025/05/21 10:43:24.51615509,direct_actuator_control
2025/05/21 10:43:24.154075101,direct_actuator_control
2025/05/21 10:43:24.253742209,direct_actuator_control
2025/05/21 10:43:24.353848162,direct_actuator_control
2025/05/21 10:43:24.456378076,direct_actuator_control
2025/05/21 10:43:24.555965208,direct_actuator_control
2025/05/21 10:43:24.656141007,direct_actuator_control
2025/05/21 10:43:24.755970287,direct_actuator_control
2025/05/21 10:43:24.857143060,direct_actuator_control
2025/05/21 10:43:24.957985347,direct_actuator_control
2025/05/21 10:43:25.59538191,direct_actuator_control
2025/05/21 10:43:25.160986372,direct_actuator_control
2025/05/21 10:43:25.264721845,direct_actuator_control
2025/05/21 10:43:25.363241759,direct_actuator_control
2025/05/21 10:43:25.467043544,direct_actuator_control
2025/05/21 10:43:25.569418292,direct_actuator_control
2025/05/21 10:43:25.668232221,direct_actuator_control
2025/05/21 10:43:25.769935785,direct_actuator_control
2025/05/21 10:43:25.870883697,direct_actuator_control
2025/05/21 10:43:25.971149980,direct_actuator_control
2025/05/21 10:43:26.71614593,direct_actuator_control
2025/05/21 10:43:26.171896384,direct_actuator_control
2025/05/21 10:43:26.273743615,direct_actuator_control
2025/05/21 10:43:26.375889507,direct_actuator_control
2025/05/21 10:43:26.475967779,direct_actuator_control
2025/05/21 10:43:26.576983985,direct_actuator_control
2025/05/21 10:43:26.677949102,direct_actuator_control
2025/05/21 10:43:26.778794690,direct_actuator_control
2025/05/21 10:43:26.884527216,direct_actuator_control
2025/05/21 10:43:26.984195006,direct_actuator_control
2025/05/21 10:43:27.85028114,direct_actuator_control
2025/05/21 10:43:27.185438302,direct_actuator_control
2025/05/21 10:43:27.289240103,direct_actuator_control
2025/05/21 10:43:27.387287397,direct_actuator_control
2025/05/21 10:43:27.488986617,direct_actuator_control
2025/05/21 10:43:27.589551397,direct_actuator_control
2025/05/21 10:43:27.689510736,direct_actuator_control
2025/05/21 10:43:27.792582758,direct_actuator_control
2025/05/21 10:43:27.893942098,direct_actuator_control
2025/05/21 10:43:27.993110740,direct_actuator_control
2025/05/21 10:43:28.94114430,direct_actuator_control
2025/05/21 10:43:28.194861478,direct_actuator_control
2025/05/21 10:43:28.296513964,direct_actuator_control
2025/05/21 10:43:28.398808751,direct_actuator_control
2025/05/21 10:43:28.496551077,direct_actuator_control
2025/05/21 10:43:28.595947541,direct_actuator_control
2025/05/21 10:43:28.696967822,direct_actuator_control
2025/05/21 10:43:28.799717581,direct_actuator_control
2025/05/21 10:43:28.898801845,direct_actuator_control
2025/05/21 10:43:29.1766972,direct_actuator_control
2025/05/21 10:43:29.103610212,direct_actuator_control
2025/05/21 10:43:29.200651701,direct_actuator_control
2025/05/21 10:43:29.303590021,direct_actuator_control
2025/05/21 10:43:29.402705886,direct_actuator_control
2025/05/21 10:43:29.503312708,direct_actuator_control
2025/05/21 10:43:29.604033609,direct_actuator_control
2025/05/21 10:43:29.704583267,direct_actuator_control
2025/05/21 10:43:29.805644732,direct_actuator_control
2025/05/21 10:43:29.905961802,direct_actuator_control
2025/05/21 10:43:30.7417310,direct_actuator_control
2025/05/21 10:43:30.108120584,direct_actuator_control
2025/05/21 10:43:30.207946337,direct_actuator_control
2025/05/21 10:43:30.309548970,direct_actuator_control
2025/05/21 10:43:30.410215683,direct_actuator_control
2025/05/21 10:43:30.511139641,direct_actuator_control
2025/05/21 10:43:30.610867875,direct_actuator_control
2025/05/21 10:43:30.711658617,direct_actuator_control
2025/05/21 10:43:30.812283052,direct_actuator_control
2025/05/21 10:43:30.914814140,direct_actuator_control
2025/05/21 10:43:31.18221119,direct_actuator_control
2025/05/21 10:43:31.118154031,direct_actuator_control
2025/05/21 10:43:31.220127868,direct_actuator_control
2025/05/21 10:43:31.319748584,direct_actuator_control
2025/05/21 10:43:31.420585055,direct_actuator_control
2025/05/21 10:43:31.521738719,direct_actuator_control
2025/05/21 10:43:31.622438962,direct_actuator_control
2025/05/21 10:43:31.723262280,direct_actuator_control
2025/05/21 10:43:31.823574163,direct_actuator_control
2025/05/21 10:43:31.925217017,direct_actuator_control
2025/05/21 10:43:32.26235179,direct_actuator_control
2025/05/21 10:43:32.126598647,direct_actuator_control
2025/05/21 10:43:32.227555674,direct_actuator_control
2025/05/21 10:43:32.333320042,direct_actuator_control
2025/05/21 10:43:32.428378725,direct_actuator_control
2025/05/21 10:43:32.531257368,direct_actuator_control
2025/05/21 10:43:32.631928937,direct_actuator_control
2025/05/21 10:43:32.733184835,direct_actuator_control
2025/05/21 10:43:32.834125749,direct_actuator_control
2025/05/21 10:43:32.935689197,direct_actuator_control
2025/05/21 10:43:33.35041866,direct_actuator_control
2025/05/21 10:43:33.135411094,direct_actuator_control
2025/05/21 10:43:33.235857834,direct_actuator_control
2025/05/21 10:43:33.338277667,direct_actuator_control
2025/05/21 10:43:33.438293947,direct_actuator_control
2025/05/21 10:43:33.539428749,direct_actuator_control
2025/05/21 10:43:33.640564816,direct_actuator_control
2025/05/21 10:43:33.741327083,direct_actuator_control
2025/05/21 10:43:33.841722263,direct_actuator_control
2025/05/21 10:43:33.941435184,direct_actuator_control
2025/05/21 10:43:34.41699034,direct_actuator_control
2025/05/21 10:43:34.147295434,direct_actuator_control
2025/05/21 10:43:34.243644700,direct_actuator_control
2025/05/21 10:43:34.344399317,direct_actuator_control
2025/05/21 10:43:34.445121471,direct_actuator_control
2025/05/21 10:43:34.546075786,direct_actuator_control
2025/05/21 10:43:34.648193972,direct_actuator_control
2025/05/21 10:43:34.749050416,direct_actuator_control
2025/05/21 10:43:34.849650675,direct_actuator_control
2025/05/21 10:43:34.950911552,direct_actuator_control
2025/05/21 10:43:35.51516557,direct_actuator_control
2025/05/21 10:43:35.152583027,direct_actuator_control
2025/05/21 10:43:35.254915902,direct_actuator_control
2025/05/21 10:43:35.356859232,direct_actuator_control
2025/05/21 10:43:35.458790048,direct_actuator_control
2025/05/21 10:43:35.558182231,direct_actuator_control
2025/05/21 10:43:35.658079199,direct_actuator_control
2025/05/21 10:43:35.759470730,direct_actuator_control
2025/05/21 10:43:35.860074420,direct_actuator_control
2025/05/21 10:43:35.960503681,direct_actuator_control
2025/05/21 10:43:36.62420034,direct_actuator_control
2025/05/21 10:43:36.164134442,direct_actuator_control
2025/05/21 10:43:36.265104127,direct_actuator_control
2025/05/21 10:43:36.365486842,direct_actuator_control
2025/05/21 10:43:36.466698442,direct_actuator_control
2025/05/21 10:43:36.573031575,direct_actuator_control
2025/05/21 10:43:36.669805271,direct_actuator_control
2025/05/21 10:43:36.770779589,direct_actuator_control
2025/05/21 10:43:36.871611384,direct_actuator_control
2025/05/21 10:43:36.971931661,direct_actuator_control
2025/05/21 10:43:37.73969616,direct_actuator_control
2025/05/21 10:43:37.175417922,direct_actuator_control
2025/05/21 10:43:37.274966480,direct_actuator_control
2025/05/21 10:43:37.376603038,direct_actuator_control
2025/05/21 10:43:37.477238805,direct_actuator_control
2025/05/21 10:43:37.579377975,direct_actuator_control
2025/05/21 10:43:37.681485493,direct_actuator_control
2025/05/21 10:43:37.779787452,direct_actuator_control
2025/05/21 10:43:37.881070040,direct_actuator_control
2025/05/21 10:43:37.983530936,direct_actuator_control
2025/05/21 10:43:38.83378117,direct_actuator_control
2025/05/21 10:43:38.184663220,direct_actuator_control
2025/05/21 10:43:38.285429045,direct_actuator_control
2025/05/21 10:43:38.385960205,direct_actuator_control
2025/05/21 10:43:38.486320883,direct_actuator_control
2025/05/21 10:43:38.585770633,direct_actuator_control
2025/05/21 10:43:38.686738145,direct_actuator_control
2025/05/21 10:43:38.786567274,direct_actuator_control
2025/05/21 10:43:38.888329623,direct_actuator_control
2025/05/21 10:43:38.990075069,direct_actuator_control
2025/05/21 10:43:39.89958104,direct_actuator_control
2025/05/21 10:43:39.192371291,direct_actuator_control
2025/05/21 10:43:39.295098971,direct_actuator_control
2025/05/21 10:43:39.395349506,direct_actuator_control
2025/05/21 10:43:39.495926308,direct_actuator_control
2025/05/21 10:43:39.597251542,direct_actuator_control
2025/05/21 10:43:39.699289593,direct_actuator_control
2025/05/21 10:43:39.799026141,direct_actuator_control
2025/05/21 10:43:39.900449353,direct_actuator_control
2025/05/21 10:43:40.2976798,direct_actuator_control
2025/05/21 10:43:40.101432506,direct_actuator_control
2025/05/21 10:43:40.201946530,direct_actuator_control
2025/05/21 10:43:40.302940056,direct_actuator_control
2025/05/21 10:43:40.404530666,direct_actuator_control
2025/05/21 10:43:40.505180582,direct_actuator_control
2025/05/21 10:43:40.607295486,direct_actuator_control
2025/05/21 10:43:40.707623616,direct_actuator_control
2025/05/21 10:43:40.807382014,direct_actuator_control
2025/05/21 10:43:40.908713713,direct_actuator_control
2025/05/21 10:43:41.10425809,direct_actuator_control
2025/05/21 10:43:41.111236488,direct_actuator_control
2025/05/21 10:43:41.212137370,direct_actuator_control
2025/05/21 10:43:41.314600350,direct_actuator_control
2025/05/21 10:43:41.414666474,direct_actuator_control
2025/05/21 10:43:41.514542004,direct_actuator_control
2025/05/21 10:43:41.619569230,direct_actuator_control
2025/05/21 10:43:41.718820494,direct_actuator_control
2025/05/21 10:43:41.821657209,direct_actuator_control
2025/05/21 10:43:41.921332661,direct_actuator_control
2025/05/21 10:43:42.21163631,direct_actuator_control
2025/05/21 10:43:42.122273887,direct_actuator_control
2025/05/21 10:43:42.224257096,direct_actuator_control
2025/05/21 10:43:42.329165019,direct_actuator_control
2025/05/21 10:43:42.429649529,direct_actuator_control
2025/05/21 10:43:42.528509361,direct_actuator_control
2025/05/21 10:43:42.628882767,direct_actuator_control
2025/05/21 10:43:42.733982688,direct_actuator_control
2025/05/21 10:43:42.833376394,direct_actuator_control
2025/05/21 10:43:42.934924748,direct_actuator_control
2025/05/21 10:43:43.35291011,direct_actuator_control
2025/05/21 10:43:43.135319851,direct_actuator_control
2025/05/21 10:43:43.237019113,direct_actuator_control
2025/05/21 10:43:43.337497783,direct_actuator_control
2025/05/21 10:43:43.440579412,direct_actuator_control
2025/05/21 10:43:43.543010595,direct_actuator_control
2025/05/21 10:43:43.639245485,direct_actuator_control
2025/05/21 10:43:43.740967430,direct_actuator_control
2025/05/21 10:43:43.842422127,direct_actuator_control
2025/05/21 10:43:43.943964443,direct_actuator_control
2025/05/21 10:43:44.44773246,direct_actuator_control
2025/05/21 10:43:44.146020197,direct_actuator_control
2025/05/21 10:43:44.249912593,direct_actuator_control
2025/05/21 10:43:44.350425625,direct_actuator_control
2025/05/21 10:43:44.454414326,direct_actuator_control
2025/05/21 10:43:44.555346307,direct_actuator_control
2025/05/21 10:43:44.659291893,direct_actuator_control
2025/05/21 10:43:44.766205249,direct_actuator_control
2025/05/21 10:43:44.860291431,direct_actuator_control
2025/05/21 10:43:44.960788362,direct_actuator_control
2025/05/21 10:43:45.62080326,direct_actuator_control
2025/05/21 10:43:45.166678813,direct_actuator_control
2025/05/21 10:43:45.266574168,direct_actuator_control
2025/05/21 10:43:45.367114224,direct_actuator_control
2025/05/21 10:43:45.467632371,direct_actuator_control
2025/05/21 10:43:45.570320174,direct_actuator_control
2025/05/21 10:43:45.671582090,direct_actuator_control
2025/05/21 10:43:45.771602564,direct_actuator_control
2025/05/21 10:43:45.875903292,direct_actuator_control
2025/05/21 10:43:46.16849076,direct_actuator_control
2025/05/21 10:43:46.74793822,direct_actuator_control
2025/05/21 10:43:46.182462212,direct_actuator_control
2025/05/21 10:43:46.286919988,direct_actuator_control
2025/05/21 10:43:46.383708133,direct_actuator_control
2025/05/21 10:43:46.486647445,direct_actuator_control
2025/05/21 10:43:46.588442299,direct_actuator_control
2025/05/21 10:43:46.688732696,direct_actuator_control
2025/05/21 10:43:46.795061735,direct_actuator_control
2025/05/21 10:43:46.895404898,direct_actuator_control
2025/05/21 10:43:46.995285758,direct_actuator_control
2025/05/21 10:43:47.98872278,direct_actuator_control
2025/05/21 10:43:47.197382660,direct_actuator_control
2025/05/21 10:43:47.298980463,direct_actuator_control
2025/05/21 10:43:47.399385787,direct_actuator_control
2025/05/21 10:43:47.501357792,direct_actuator_control
2025/05/21 10:43:47.603092832,direct_actuator_control
2025/05/21 10:43:47.703545986,direct_actuator_control
2025/05/21 10:43:47.806050204,direct_actuator_control
2025/05/21 10:43:47.905801609,direct_actuator_control
2025/05/21 10:43:48.9271411,direct_actuator_control
2025/05/21 10:43:48.112057498,direct_actuator_control
2025/05/21 10:43:48.211960401,direct_actuator_control
2025/05/21 10:43:48.313324687,direct_actuator_control
2025/05/21 10:43:48.419889099,direct_actuator_control
2025/05/21 10:43:48.518689052,direct_actuator_control
2025/05/21 10:43:48.617453917,direct_actuator_control
2025/05/21 10:43:48.720512482,direct_actuator_control
2025/05/21 10:43:48.820121290,direct_actuator_control
2025/05/21 10:43:48.920837330,direct_actuator_control
2025/05/21 10:43:49.23026285,direct_actuator_control
2025/05/21 10:43:49.130535298,direct_actuator_control
2025/05/21 10:43:49.223978300,direct_actuator_control
2025/05/21 10:43:49.326435068,direct_actuator_control
2025/05/21 10:43:49.428421663,direct_actuator_control
2025/05/21 10:43:49.528721369,direct_actuator_control
2025/05/21 10:43:49.631124469,direct_actuator_control
2025/05/21 10:43:49.729706337,direct_actuator_control
2025/05/21 10:43:49.830686575,direct_actuator_control
2025/05/21 10:43:49.931823561,direct_actuator_control
2025/05/21 10:43:50.32586293,direct_actuator_control
2025/05/21 10:43:50.133877482,direct_actuator_control
2025/05/21 10:43:50.237210194,direct_actuator_control
2025/05/21 10:43:50.335833294,direct_actuator_control
2025/05/21 10:43:50.439453574,direct_actuator_control
2025/05/21 10:43:50.541775179,direct_actuator_control
2025/05/21 10:43:50.641655191,direct_actuator_control
2025/05/21 10:43:50.742183188,direct_actuator_control
2025/05/21 10:43:50.842855844,direct_actuator_control
2025/05/21 10:43:50.958549993,direct_actuator_control
2025/05/21 10:43:51.44256669,direct_actuator_control
2025/05/21 10:43:51.147993468,direct_actuator_control
2025/05/21 10:43:51.247890424,direct_actuator_control
2025/05/21 10:43:51.346658093,direct_actuator_control
2025/05/21 10:43:51.449324977,direct_actuator_control
2025/05/21 10:43:51.548168048,direct_actuator_control
2025/05/21 10:43:51.651339505,direct_actuator_control
2025/05/21 10:43:51.752103680,direct_actuator_control
2025/05/21 10:43:51.854998718,direct_actuator_control
2025/05/21 10:43:51.953680397,direct_actuator_control
2025/05/21 10:43:52.57208924,direct_actuator_control
2025/05/21 10:43:52.156986967,direct_actuator_control
2025/05/21 10:43:52.259087890,direct_actuator_control
2025/05/21 10:43:52.358188214,direct_actuator_control
2025/05/21 10:43:52.459000395,direct_actuator_control
2025/05/21 10:43:52.560467408,direct_actuator_control
2025/05/21 10:43:52.661225514,direct_actuator_control
2025/05/21 10:43:52.762531157,direct_actuator_control
2025/05/21 10:43:52.862199418,direct_actuator_control
2025/05/21 10:43:52.962022318,direct_actuator_control
2025/05/21 10:43:53.63001441,direct_actuator_control
2025/05/21 10:43:53.164193293,direct_actuator_control
2025/05/21 10:43:53.265860719,direct_actuator_control
2025/05/21 10:43:53.366164067,direct_actuator_control
2025/05/21 10:43:53.475379229,direct_actuator_control
2025/05/21 10:43:53.569731787,direct_actuator_control
2025/05/21 10:43:53.671583644,direct_actuator_control
2025/05/21 10:43:53.771566802,direct_actuator_control
2025/05/21 10:43:53.871659149,direct_actuator_control
2025/05/21 10:43:53.972806035,direct_actuator_control
2025/05/21 10:43:54.75233332,direct_actuator_control
2025/05/21 10:43:54.174395094,direct_actuator_control
2025/05/21 10:43:54.276123820,direct_actuator_control
2025/05/21 10:43:54.376601318,direct_actuator_control
2025/05/21 10:43:54.476573668,direct_actuator_control
2025/05/21 10:43:54.576608785,direct_actuator_control
2025/05/21 10:43:54.677331699,direct_actuator_control
2025/05/21 10:43:54.778608465,direct_actuator_control
2025/05/21 10:43:54.881999532,direct_actuator_control
2025/05/21 10:43:54.979937774,direct_actuator_control
2025/05/21 10:43:55.80986814,direct_actuator_control
2025/05/21 10:43:55.181486995,direct_actuator_control
2025/05/21 10:43:55.282187717,direct_actuator_control
2025/05/21 10:43:55.382712835,direct_actuator_control
2025/05/21 10:43:55.483460014,direct_actuator_control
2025/05/21 10:43:55.582704229,direct_actuator_control
2025/05/21 10:43:55.684099391,direct_actuator_control
2025/05/21 10:43:55.784356212,direct_actuator_control
2025/05/21 10:43:55.884063783,direct_actuator_control
2025/05/21 10:43:55.986126153,direct_actuator_control
2025/05/21 10:43:56.86177539,direct_actuator_control
2025/05/21 10:43:56.187041598,direct_actuator_control
2025/05/21 10:43:56.287278802,direct_actuator_control
2025/05/21 10:43:56.388580471,direct_actuator_control
2025/05/21 10:43:56.490359345,direct_actuator_control
2025/05/21 10:43:56.591571125,direct_actuator_control
2025/05/21 10:43:56.693962267,direct_actuator_control
2025/05/21 10:43:56.795753129,direct_actuator_control
2025/05/21 10:43:56.894708909,direct_actuator_control
2025/05/21 10:43:56.995335721,direct_actuator_control
2025/05/21 10:43:57.95060753,direct_actuator_control
2025/05/21 10:43:57.196421722,direct_actuator_control
2025/05/21 10:43:57.296110394,direct_actuator_control
2025/05/21 10:43:57.396118647,direct_actuator_control
2025/05/21 10:43:57.496973232,direct_actuator_control
2025/05/21 10:43:57.600505327,direct_actuator_control
2025/05/21 10:43:57.700577294,direct_actuator_control
2025/05/21 10:43:57.801233826,direct_actuator_control
2025/05/21 10:43:57.902105216,direct_actuator_control
2025/05/21 10:43:58.3113309,direct_actuator_control
2025/05/21 10:43:58.103934863,direct_actuator_control
2025/05/21 10:43:58.204704434,direct_actuator_control
2025/05/21 10:43:58.303946133,direct_actuator_control
2025/05/21 10:43:58.406347811,direct_actuator_control
2025/05/21 10:43:58.505761186,direct_actuator_control
2025/05/21 10:43:58.606547918,direct_actuator_control
2025/05/21 10:43:58.706932306,direct_actuator_control
2025/05/21 10:43:58.807967443,direct_actuator_control
2025/05/21 10:43:58.908078366,direct_actuator_control
2025/05/21 10:43:59.8939767,direct_actuator_control
2025/05/21 10:43:59.108707198,direct_actuator_control
2025/05/21 10:43:59.210623235,direct_actuator_control
2025/05/21 10:43:59.310084181,direct_actuator_control
2025/05/21 10:43:59.412498419,direct_actuator_control
2025/05/21 10:43:59.512928899,direct_actuator_control
2025/05/21 10:43:59.613684129,direct_actuator_control
2025/05/21 10:43:59.714142056,direct_actuator_control
2025/05/21 10:43:59.815118946,direct_actuator_control
2025/05/21 10:43:59.915470126,direct_actuator_control
2025/05/21 10:44:00.17331579,direct_actuator_control
2025/05/21 10:44:00.118214524,direct_actuator_control
2025/05/21 10:44:00.219252450,direct_actuator_control
2025/05/21 10:44:00.319601778,direct_actuator_control
2025/05/21 10:44:00.419995123,direct_actuator_control
2025/05/21 10:44:00.520036842,direct_actuator_control
2025/05/21 10:44:00.620399686,direct_actuator_control
2025/05/21 10:44:00.720987127,direct_actuator_control
2025/05/21 10:44:00.821170880,direct_actuator_control
2025/05/21 10:44:00.921949818,direct_actuator_control
2025/05/21 10:44:01.22784976,direct_actuator_control
2025/05/21 10:44:01.122701640,direct_actuator_control
2025/05/21 10:44:01.223344991,direct_actuator_control
2025/05/21 10:44:01.324251757,direct_actuator_control
2025/05/21 10:44:01.425006854,direct_actuator_control
2025/05/21 10:44:01.525164004,direct_actuator_control
2025/05/21 10:44:01.625095322,direct_actuator_control
2025/05/21 10:44:01.725087419,direct_actuator_control
2025/05/21 10:44:01.826515911,direct_actuator_control
2025/05/21 10:44:01.926758799,direct_actuator_control
2025/05/21 10:44:02.26772260,direct_actuator_control
2025/05/21 10:44:02.130575946,direct_actuator_control
2025/05/21 10:44:02.228428190,direct_actuator_control
2025/05/21 10:44:02.329272272,direct_actuator_control
2025/05/21 10:44:02.430245673,direct_actuator_control
2025/05/21 10:44:02.533302344,direct_actuator_control
2025/05/21 10:44:02.633293024,direct_actuator_control
2025/05/21 10:44:02.733962621,direct_actuator_control
2025/05/21 10:44:02.834012025,direct_actuator_control
2025/05/21 10:44:02.934582915,direct_actuator_control
2025/05/21 10:44:03.35585767,direct_actuator_control
2025/05/21 10:44:03.137362558,direct_actuator_control
2025/05/21 10:44:03.237104435,direct_actuator_control
2025/05/21 10:44:03.338776938,direct_actuator_control
2025/05/21 10:44:03.439518023,direct_actuator_control
2025/05/21 10:44:03.539641729,direct_actuator_control
2025/05/21 10:44:03.649928978,direct_actuator_control
2025/05/21 10:44:03.741055168,direct_actuator_control
2025/05/21 10:44:03.841730171,direct_actuator_control
2025/05/21 10:44:03.942584558,direct_actuator_control
2025/05/21 10:44:04.43598259,direct_actuator_control
2025/05/21 10:44:04.144583387,direct_actuator_control
2025/05/21 10:44:04.245839731,direct_actuator_control
2025/05/21 10:44:04.345826645,direct_actuator_control
2025/05/21 10:44:04.448369929,direct_actuator_control
2025/05/21 10:44:04.548322302,direct_actuator_control
2025/05/21 10:44:04.648769142,direct_actuator_control
2025/05/21 10:44:04.748871856,direct_actuator_control
2025/05/21 10:44:04.853894300,direct_actuator_control
2025/05/21 10:44:04.957366823,direct_actuator_control
2025/05/21 10:44:05.56442650,direct_actuator_control
2025/05/21 10:44:05.158585947,direct_actuator_control
2025/05/21 10:44:05.263233057,direct_actuator_control
2025/05/21 10:44:05.363716384,direct_actuator_control
2025/05/21 10:44:05.465106257,direct_actuator_control
2025/05/21 10:44:05.566697970,direct_actuator_control
2025/05/21 10:44:05.667411437,direct_actuator_control
2025/05/21 10:44:05.767826288,direct_actuator_control
2025/05/21 10:44:05.868476023,direct_actuator_control
2025/05/21 10:44:05.968645342,direct_actuator_control
2025/05/21 10:44:06.69333775,direct_actuator_control
2025/05/21 10:44:06.170341504,direct_actuator_control
2025/05/21 10:44:06.270505250,direct_actuator_control
2025/05/21 10:44:06.372359888,direct_actuator_control
2025/05/21 10:44:06.472786040,direct_actuator_control
2025/05/21 10:44:06.576534303,direct_actuator_control
2025/05/21 10:44:06.677315335,direct_actuator_control
2025/05/21 10:44:06.778434898,direct_actuator_control
2025/05/21 10:44:06.880966538,direct_actuator_control
2025/05/21 10:44:06.980823104,direct_actuator_control
2025/05/21 10:44:07.81062613,direct_actuator_control
2025/05/21 10:44:07.181292802,direct_actuator_control
2025/05/21 10:44:07.282311669,direct_actuator_control
2025/05/21 10:44:07.382449754,direct_actuator_control
2025/05/21 10:44:07.496983125,direct_actuator_control
2025/05/21 10:44:07.582967743,direct_actuator_control
2025/05/21 10:44:07.683341860,direct_actuator_control
2025/05/21 10:44:07.784423431,direct_actuator_control
2025/05/21 10:44:07.884576385,direct_actuator_control
2025/05/21 10:44:07.985486528,direct_actuator_control
2025/05/21 10:44:08.85737164,direct_actuator_control
2025/05/21 10:44:08.189555550,direct_actuator_control
2025/05/21 10:44:08.289339678,direct_actuator_control
2025/05/21 10:44:08.390829126,direct_actuator_control
2025/05/21 10:44:08.490786521,direct_actuator_control
2025/05/21 10:44:08.595467271,direct_actuator_control
2025/05/21 10:44:08.693647564,direct_actuator_control
2025/05/21 10:44:08.794404036,direct_actuator_control
2025/05/21 10:44:08.895364705,direct_actuator_control
2025/05/21 10:44:08.996365454,direct_actuator_control
2025/05/21 10:44:09.98494494,direct_actuator_control
2025/05/21 10:44:09.200568044,direct_actuator_control
2025/05/21 10:44:09.303994839,direct_actuator_control
2025/05/21 10:44:09.403750616,direct_actuator_control
2025/05/21 10:44:09.504488951,direct_actuator_control
2025/05/21 10:44:09.604037169,direct_actuator_control
2025/05/21 10:44:09.705424471,direct_actuator_control
2025/05/21 10:44:09.805832740,direct_actuator_control
2025/05/21 10:44:09.906879896,direct_actuator_control
2025/05/21 10:44:10.7905186,direct_actuator_control
2025/05/21 10:44:10.108190339,direct_actuator_control
2025/05/21 10:44:10.209724905,direct_actuator_control
2025/05/21 10:44:10.310384952,direct_actuator_control
2025/05/21 10:44:10.411332521,direct_actuator_control
2025/05/21 10:44:10.511402709,direct_actuator_control
2025/05/21 10:44:10.612882522,direct_actuator_control
2025/05/21 10:44:10.714742297,direct_actuator_control
2025/05/21 10:44:10.813647082,direct_actuator_control
2025/05/21 10:44:10.914818136,direct_actuator_control
2025/05/21 10:44:11.16909119,direct_actuator_control
2025/05/21 10:44:11.116243723,direct_actuator_control
2025/05/21 10:44:11.216911665,direct_actuator_control
2025/05/21 10:44:11.317870228,direct_actuator_control
2025/05/21 10:44:11.418049664,direct_actuator_control
2025/05/21 10:44:11.520837247,direct_actuator_control
2025/05/21 10:44:11.619779151,direct_actuator_control
2025/05/21 10:44:11.720646246,direct_actuator_control
2025/05/21 10:44:11.821068352,direct_actuator_control
2025/05/21 10:44:11.922217093,direct_actuator_control
2025/05/21 10:44:12.26043980,direct_actuator_control
2025/05/21 10:44:12.124580545,direct_actuator_control
2025/05/21 10:44:12.224882742,direct_actuator_control
2025/05/21 10:44:12.326446446,direct_actuator_control
2025/05/21 10:44:12.428101286,direct_actuator_control
2025/05/21 10:44:12.528611230,direct_actuator_control
2025/05/21 10:44:12.629010265,direct_actuator_control
2025/05/21 10:44:12.730012586,direct_actuator_control
2025/05/21 10:44:12.829537913,direct_actuator_control
2025/05/21 10:44:12.931251352,direct_actuator_control
2025/05/21 10:44:13.30182720,direct_actuator_control
2025/05/21 10:44:13.133902297,direct_actuator_control
2025/05/21 10:44:13.233625190,direct_actuator_control
2025/05/21 10:44:13.332980380,direct_actuator_control
2025/05/21 10:44:13.434348946,direct_actuator_control
2025/05/21 10:44:13.537156763,direct_actuator_control
2025/05/21 10:44:13.636275150,direct_actuator_control
2025/05/21 10:44:13.736710284,direct_actuator_control
2025/05/21 10:44:13.838436363,direct_actuator_control
2025/05/21 10:44:13.938427573,direct_actuator_control
2025/05/21 10:44:14.40211784,direct_actuator_control
2025/05/21 10:44:14.142819723,direct_actuator_control
2025/05/21 10:44:14.242481230,direct_actuator_control
2025/05/21 10:44:14.343270007,direct_actuator_control
2025/05/21 10:44:14.443833425,direct_actuator_control
2025/05/21 10:44:14.544876358,direct_actuator_control
2025/05/21 10:44:14.645296758,direct_actuator_control
2025/05/21 10:44:14.746488524,direct_actuator_control
2025/05/21 10:44:14.847365859,direct_actuator_control
2025/05/21 10:44:14.951228527,direct_actuator_control
2025/05/21 10:44:15.47669267,direct_actuator_control
2025/05/21 10:44:15.148260259,direct_actuator_control
2025/05/21 10:44:15.248478284,direct_actuator_control
2025/05/21 10:44:15.349798712,direct_actuator_control
2025/05/21 10:44:15.450312675,direct_actuator_control
2025/05/21 10:44:15.550605146,direct_actuator_control
2025/05/21 10:44:15.651856922,direct_actuator_control
2025/05/21 10:44:15.751290565,direct_actuator_control
2025/05/21 10:44:15.851543869,direct_actuator_control
2025/05/21 10:44:15.951752525,direct_actuator_control
2025/05/21 10:44:16.53654792,direct_actuator_control
2025/05/21 10:44:16.152894830,direct_actuator_control
2025/05/21 10:44:16.252700185,direct_actuator_control
2025/05/21 10:44:16.352966487,direct_actuator_control
2025/05/21 10:44:16.453570004,direct_actuator_control
2025/05/21 10:44:16.555902474,direct_actuator_control
2025/05/21 10:44:16.656365757,direct_actuator_control
2025/05/21 10:44:16.757591266,direct_actuator_control
2025/05/21 10:44:16.858448062,direct_actuator_control
2025/05/21 10:44:16.958455665,direct_actuator_control
2025/05/21 10:44:17.58900026,direct_actuator_control
2025/05/21 10:44:17.159501645,direct_actuator_control
2025/05/21 10:44:17.260342643,direct_actuator_control
2025/05/21 10:44:17.362846200,direct_actuator_control
2025/05/21 10:44:17.461497455,direct_actuator_control
2025/05/21 10:44:17.562369765,direct_actuator_control
2025/05/21 10:44:17.663124041,direct_actuator_control
2025/05/21 10:44:17.764572713,direct_actuator_control
2025/05/21 10:44:17.865629651,direct_actuator_control
2025/05/21 10:44:17.966062702,direct_actuator_control
2025/05/21 10:44:18.67563651,direct_actuator_control
2025/05/21 10:44:18.167807028,direct_actuator_control
2025/05/21 10:44:18.268744978,direct_actuator_control
2025/05/21 10:44:18.370481988,direct_actuator_control
2025/05/21 10:44:18.472239754,direct_actuator_control
2025/05/21 10:44:18.573193235,direct_actuator_control
2025/05/21 10:44:18.674215129,direct_actuator_control
2025/05/21 10:44:18.775373886,direct_actuator_control
2025/05/21 10:44:18.875557293,direct_actuator_control
2025/05/21 10:44:18.975787564,direct_actuator_control
2025/05/21 10:44:19.76423170,direct_actuator_control
2025/05/21 10:44:19.176863593,direct_actuator_control
2025/05/21 10:44:19.276753236,direct_actuator_control
2025/05/21 10:44:19.378154059,direct_actuator_control
2025/05/21 10:44:19.480581185,direct_actuator_control
2025/05/21 10:44:19.580732560,direct_actuator_control
2025/05/21 10:44:19.681543042,direct_actuator_control
2025/05/21 10:44:19.783030503,direct_actuator_control
2025/05/21 10:44:19.882853416,direct_actuator_control
2025/05/21 10:44:19.984922741,direct_actuator_control
2025/05/21 10:44:20.85654484,direct_actuator_control
2025/05/21 10:44:20.187626320,direct_actuator_control
2025/05/21 10:44:20.288196329,direct_actuator_control
2025/05/21 10:44:20.389954385,direct_actuator_control
2025/05/21 10:44:20.490179411,direct_actuator_control
2025/05/21 10:44:20.592073880,direct_actuator_control
2025/05/21 10:44:20.691679133,direct_actuator_control
2025/05/21 10:44:20.792817807,direct_actuator_control
2025/05/21 10:44:20.894188120,direct_actuator_control
2025/05/21 10:44:20.993916137,direct_actuator_control
2025/05/21 10:44:21.96584444,direct_actuator_control
2025/05/21 10:44:21.196880008,direct_actuator_control
2025/05/21 10:44:21.300545723,direct_actuator_control
2025/05/21 10:44:21.400627311,direct_actuator_control
2025/05/21 10:44:21.500953109,direct_actuator_control
2025/05/21 10:44:21.602863763,direct_actuator_control
2025/05/21 10:44:21.703294149,direct_actuator_control
2025/05/21 10:44:21.806782782,direct_actuator_control
2025/05/21 10:44:21.905090183,direct_actuator_control
2025/05/21 10:44:22.5977116,direct_actuator_control
2025/05/21 10:44:22.105742730,direct_actuator_control
2025/05/21 10:44:22.208086065,direct_actuator_control
2025/05/21 10:44:22.308679750,direct_actuator_control
2025/05/21 10:44:22.408459319,direct_actuator_control
2025/05/21 10:44:22.508008269,direct_actuator_control
2025/05/21 10:44:22.608996814,direct_actuator_control
2025/05/21 10:44:22.710250797,direct_actuator_control
2025/05/21 10:44:22.811896924,direct_actuator_control
2025/05/21 10:44:22.911629829,direct_actuator_control
2025/05/21 10:44:23.12293238,direct_actuator_control
2025/05/21 10:44:23.112634916,direct_actuator_control
2025/05/21 10:44:23.212764892,direct_actuator_control
2025/05/21 10:44:23.313343796,direct_actuator_control
2025/05/21 10:44:23.416109027,direct_actuator_control
2025/05/21 10:44:23.516647891,direct_actuator_control
2025/05/21 10:44:23.616516580,direct_actuator_control
2025/05/21 10:44:23.717207143,direct_actuator_control
2025/05/21 10:44:23.817635781,direct_actuator_control
2025/05/21 10:44:23.918594228,direct_actuator_control
2025/05/21 10:44:24.18630185,direct_actuator_control
2025/05/21 10:44:24.118838656,direct_actuator_control
2025/05/21 10:44:24.219743930,direct_actuator_control
2025/05/21 10:44:24.320506971,direct_actuator_control
2025/05/21 10:44:24.422084749,direct_actuator_control
2025/05/21 10:44:24.522985051,direct_actuator_control
2025/05/21 10:44:24.623857355,direct_actuator_control
2025/05/21 10:44:24.727444514,direct_actuator_control
2025/05/21 10:44:24.825891078,direct_actuator_control
2025/05/21 10:44:24.926704672,direct_actuator_control
2025/05/21 10:44:25.27351653,direct_actuator_control
2025/05/21 10:44:25.127708208,direct_actuator_control
2025/05/21 10:44:25.228255129,direct_actuator_control
2025/05/21 10:44:25.328995180,direct_actuator_control
2025/05/21 10:44:25.429972486,direct_actuator_control
2025/05/21 10:44:25.530636914,direct_actuator_control
2025/05/21 10:44:25.630667582,direct_actuator_control
2025/05/21 10:44:25.730863795,direct_actuator_control
2025/05/21 10:44:25.831523753,direct_actuator_control
2025/05/21 10:44:25.933888994,direct_actuator_control
2025/05/21 10:44:26.33426768,direct_actuator_control
2025/05/21 10:44:26.135715601,direct_actuator_control
2025/05/21 10:44:26.236722764,direct_actuator_control
2025/05/21 10:44:26.341110333,direct_actuator_control
2025/05/21 10:44:26.438838061,direct_actuator_control
2025/05/21 10:44:26.540045331,direct_actuator_control
2025/05/21 10:44:26.641967992,direct_actuator_control
2025/05/21 10:44:26.741499866,direct_actuator_control
2025/05/21 10:44:26.842026968,direct_actuator_control
2025/05/21 10:44:26.943138716,direct_actuator_control
2025/05/21 10:44:27.44079351,direct_actuator_control
2025/05/21 10:44:27.144010634,direct_actuator_control
2025/05/21 10:44:27.246000269,direct_actuator_control
2025/05/21 10:44:27.347658423,direct_actuator_control
2025/05/21 10:44:27.447688880,direct_actuator_control
2025/05/21 10:44:27.547723448,direct_actuator_control
2025/05/21 10:44:27.648032319,direct_actuator_control
2025/05/21 10:44:27.753163417,direct_actuator_control
2025/05/21 10:44:27.852485029,direct_actuator_control
2025/05/21 10:44:27.953918846,direct_actuator_control
2025/05/21 10:44:28.53767376,direct_actuator_control
2025/05/21 10:44:28.157001503,direct_actuator_control
2025/05/21 10:44:28.256005527,direct_actuator_control
2025/05/21 10:44:28.357114666,direct_actuator_control
2025/05/21 10:44:28.460757617,direct_actuator_control
2025/05/21 10:44:28.560309143,direct_actuator_control
2025/05/21 10:44:28.660960262,direct_actuator_control
2025/05/21 10:44:28.762536058,direct_actuator_control
2025/05/21 10:44:28.864086194,direct_actuator_control
2025/05/21 10:44:28.964375850,direct_actuator_control
2025/05/21 10:44:29.65995427,direct_actuator_control
2025/05/21 10:44:29.167629951,direct_actuator_control
2025/05/21 10:44:29.268209938,direct_actuator_control
2025/05/21 10:44:29.368833547,direct_actuator_control
2025/05/21 10:44:29.469340323,direct_actuator_control
2025/05/21 10:44:29.570663657,direct_actuator_control
2025/05/21 10:44:29.670223798,direct_actuator_control
2025/05/21 10:44:29.771483135,direct_actuator_control
2025/05/21 10:44:29.871026778,direct_actuator_control
2025/05/21 10:44:29.971318116,direct_actuator_control
2025/05/21 10:44:30.72056687,direct_actuator_control
2025/05/21 10:44:30.173475062,direct_actuator_control
2025/05/21 10:44:30.273183408,direct_actuator_control
2025/05/21 10:44:30.372941667,direct_actuator_control
2025/05/21 10:44:30.473903308,direct_actuator_control
2025/05/21 10:44:30.573446183,direct_actuator_control
2025/05/21 10:44:30.674894811,direct_actuator_control
2025/05/21 10:44:30.774712513,direct_actuator_control
2025/05/21 10:44:30.875513083,direct_actuator_control
2025/05/21 10:44:30.977254810,direct_actuator_control
2025/05/21 10:44:31.76577361,direct_actuator_control
2025/05/21 10:44:31.178515112,direct_actuator_control
2025/05/21 10:44:31.281398181,direct_actuator_control
2025/05/21 10:44:31.381018839,direct_actuator_control
2025/05/21 10:44:31.480989680,direct_actuator_control
2025/05/21 10:44:31.581934538,direct_actuator_control
2025/05/21 10:44:31.683265441,direct_actuator_control
2025/05/21 10:44:31.786768206,direct_actuator_control
2025/05/21 10:44:31.886867743,direct_actuator_control
2025/05/21 10:44:31.986679864,direct_actuator_control
2025/05/21 10:44:32.87686273,direct_actuator_control
2025/05/21 10:44:32.188233506,direct_actuator_control
2025/05/21 10:44:32.288743324,direct_actuator_control
2025/05/21 10:44:32.389293094,direct_actuator_control
2025/05/21 10:44:32.489743143,direct_actuator_control
2025/05/21 10:44:32.590668253,direct_actuator_control
2025/05/21 10:44:32.694970751,direct_actuator_control
2025/05/21 10:44:32.792955039,direct_actuator_control
2025/05/21 10:44:32.893387201,direct_actuator_control
2025/05/21 10:44:32.994528809,direct_actuator_control
2025/05/21 10:44:33.95005723,direct_actuator_control
2025/05/21 10:44:33.195460806,direct_actuator_control
2025/05/21 10:44:33.295548431,direct_actuator_control
2025/05/21 10:44:33.399979737,direct_actuator_control
2025/05/21 10:44:33.498226369,direct_actuator_control
2025/05/21 10:44:33.598496303,direct_actuator_control
2025/05/21 10:44:33.698228023,direct_actuator_control
2025/05/21 10:44:33.799146647,direct_actuator_control
2025/05/21 10:44:33.899603503,direct_actuator_control
2025/05/21 10:44:34.1186941,direct_actuator_control
2025/05/21 10:44:34.101009675,direct_actuator_control
2025/05/21 10:44:34.201260777,direct_actuator_control
2025/05/21 10:44:34.302210606,direct_actuator_control
2025/05/21 10:44:34.404788828,direct_actuator_control
2025/05/21 10:44:34.504117233,direct_actuator_control
2025/05/21 10:44:34.604460282,direct_actuator_control
2025/05/21 10:44:34.704880256,direct_actuator_control
2025/05/21 10:44:34.805578814,direct_actuator_control
2025/05/21 10:44:34.905989694,direct_actuator_control
2025/05/21 10:44:35.7677087,direct_actuator_control
2025/05/21 10:44:35.108044252,direct_actuator_control
2025/05/21 10:44:35.208862270,direct_actuator_control
2025/05/21 10:44:35.310353291,direct_actuator_control
2025/05/21 10:44:35.411708804,direct_actuator_control
2025/05/21 10:44:35.513393826,direct_actuator_control
2025/05/21 10:44:35.614401153,direct_actuator_control
2025/05/21 10:44:35.715945692,direct_actuator_control
2025/05/21 10:44:35.814716332,direct_actuator_control
2025/05/21 10:44:35.916406953,direct_actuator_control
2025/05/21 10:44:36.17642338,direct_actuator_control
2025/05/21 10:44:36.117776288,direct_actuator_control
2025/05/21 10:44:36.218969001,direct_actuator_control
2025/05/21 10:44:36.319459335,direct_actuator_control
2025/05/21 10:44:36.421264405,direct_actuator_control
2025/05/21 10:44:36.521808106,direct_actuator_control
2025/05/21 10:44:36.621946540,direct_actuator_control
2025/05/21 10:44:36.722443299,direct_actuator_control
2025/05/21 10:44:36.828392433,direct_actuator_control
2025/05/21 10:44:36.923482461,direct_actuator_control
2025/05/21 10:44:37.23132924,direct_actuator_control
2025/05/21 10:44:37.124531136,direct_actuator_control
2025/05/21 10:44:37.226604689,direct_actuator_control
2025/05/21 10:44:37.325982925,direct_actuator_control
2025/05/21 10:44:37.425784215,direct_actuator_control
2025/05/21 10:44:37.530271217,direct_actuator_control
2025/05/21 10:44:37.629847288,direct_actuator_control
2025/05/21 10:44:37.731314233,direct_actuator_control
2025/05/21 10:44:37.837131410,direct_actuator_control
2025/05/21 10:44:37.934677910,direct_actuator_control
2025/05/21 10:44:38.36314560,direct_actuator_control
2025/05/21 10:44:38.137281242,direct_actuator_control
2025/05/21 10:44:38.237062777,direct_actuator_control
2025/05/21 10:44:38.337037051,direct_actuator_control
2025/05/21 10:44:38.436791422,direct_actuator_control
2025/05/21 10:44:38.537504257,direct_actuator_control
2025/05/21 10:44:38.638087879,direct_actuator_control
2025/05/21 10:44:38.738500062,direct_actuator_control
2025/05/21 10:44:38.840430573,direct_actuator_control
2025/05/21 10:44:38.939911534,direct_actuator_control
2025/05/21 10:44:39.41013785,direct_actuator_control
2025/05/21 10:44:39.142043115,direct_actuator_control
2025/05/21 10:44:39.241915962,direct_actuator_control
2025/05/21 10:44:39.341340154,direct_actuator_control
2025/05/21 10:44:39.446138580,direct_actuator_control
2025/05/21 10:44:39.544420589,direct_actuator_control
2025/05/21 10:44:39.645867627,direct_actuator_control
2025/05/21 10:44:39.745568763,direct_actuator_control
2025/05/21 10:44:39.847327134,direct_actuator_control
2025/05/21 10:44:39.947977405,direct_actuator_control
2025/05/21 10:44:40.47659634,direct_actuator_control
2025/05/21 10:44:40.147865900,direct_actuator_control
2025/05/21 10:44:40.248602858,direct_actuator_control
2025/05/21 10:44:40.349582731,direct_actuator_control
2025/05/21 10:44:40.449242158,direct_actuator_control
2025/05/21 10:44:40.552136916,direct_actuator_control
2025/05/21 10:44:40.652939056,direct_actuator_control
2025/05/21 10:44:40.753096542,direct_actuator_control
2025/05/21 10:44:40.855077458,direct_actuator_control
2025/05/21 10:44:40.956728909,direct_actuator_control
2025/05/21 10:44:41.58134827,direct_actuator_control
2025/05/21 10:44:41.157340076,direct_actuator_control
2025/05/21 10:44:41.258279783,direct_actuator_control
2025/05/21 10:44:41.358608845,direct_actuator_control
2025/05/21 10:44:41.459496595,direct_actuator_control
2025/05/21 10:44:41.561352744,direct_actuator_control
2025/05/21 10:44:41.661481512,direct_actuator_control
2025/05/21 10:44:41.761903406,direct_actuator_control
2025/05/21 10:44:41.862551147,direct_actuator_control
2025/05/21 10:44:41.963549485,direct_actuator_control
2025/05/21 10:44:42.62844411,direct_actuator_control
2025/05/21 10:44:42.163137023,direct_actuator_control
2025/05/21 10:44:42.263457488,direct_actuator_control
2025/05/21 10:44:42.363774835,direct_actuator_control
2025/05/21 10:44:42.464719531,direct_actuator_control
2025/05/21 10:44:42.569156148,direct_actuator_control
2025/05/21 10:44:42.669946221,direct_actuator_control
2025/05/21 10:44:42.770237565,direct_actuator_control
2025/05/21 10:44:42.872169628,direct_actuator_control
2025/05/21 10:44:42.972528434,direct_actuator_control
2025/05/21 10:44:43.72608295,direct_actuator_control
2025/05/21 10:44:43.172984919,direct_actuator_control
2025/05/21 10:44:43.273297282,direct_actuator_control
2025/05/21 10:44:43.374997910,direct_actuator_control
2025/05/21 10:44:43.477134256,direct_actuator_control
2025/05/21 10:44:43.577631192,direct_actuator_control
2025/05/21 10:44:43.677930770,direct_actuator_control
2025/05/21 10:44:43.778577648,direct_actuator_control
2025/05/21 10:44:43.880644517,direct_actuator_control
2025/05/21 10:44:43.980276084,direct_actuator_control
2025/05/21 10:44:44.81243065,direct_actuator_control
2025/05/21 10:44:44.182041359,direct_actuator_control
2025/05/21 10:44:44.284324240,direct_actuator_control
2025/05/21 10:44:44.384789994,direct_actuator_control
2025/05/21 10:44:44.483066578,direct_actuator_control
2025/05/21 10:44:44.584938523,direct_actuator_control
2025/05/21 10:44:44.686221272,direct_actuator_control
2025/05/21 10:44:44.788066090,direct_actuator_control
2025/05/21 10:44:44.887229827,direct_actuator_control
2025/05/21 10:44:44.989276980,direct_actuator_control
2025/05/21 10:44:45.88881918,direct_actuator_control
2025/05/21 10:44:45.189420392,direct_actuator_control
2025/05/21 10:44:45.291012939,direct_actuator_control
2025/05/21 10:44:45.393427629,direct_actuator_control
2025/05/21 10:44:45.492208644,direct_actuator_control
2025/05/21 10:44:45.593132879,direct_actuator_control
2025/05/21 10:44:45.693652623,direct_actuator_control
2025/05/21 10:44:45.795765426,direct_actuator_control
2025/05/21 10:44:45.896664946,direct_actuator_control
2025/05/21 10:44:45.998101483,direct_actuator_control
2025/05/21 10:44:46.98195875,direct_actuator_control
2025/05/21 10:44:46.198656652,direct_actuator_control
2025/05/21 10:44:46.299905168,direct_actuator_control
2025/05/21 10:44:46.400446942,direct_actuator_control
2025/05/21 10:44:46.501481754,direct_actuator_control
2025/05/21 10:44:46.602368945,direct_actuator_control
2025/05/21 10:44:46.703068589,direct_actuator_control
2025/05/21 10:44:46.804412225,direct_actuator_control
2025/05/21 10:44:46.905119498,direct_actuator_control
2025/05/21 10:44:47.6091813,direct_actuator_control
2025/05/21 10:44:47.107839024,direct_actuator_control
2025/05/21 10:44:47.212657553,direct_actuator_control
2025/05/21 10:44:47.308455061,direct_actuator_control
2025/05/21 10:44:47.409474550,direct_actuator_control
2025/05/21 10:44:47.509101732,direct_actuator_control
2025/05/21 10:44:47.611069619,direct_actuator_control
2025/05/21 10:44:47.711760447,direct_actuator_control
2025/05/21 10:44:47.811889165,direct_actuator_control
2025/05/21 10:44:47.914635104,direct_actuator_control
2025/05/21 10:44:48.15017075,direct_actuator_control
2025/05/21 10:44:48.115230011,direct_actuator_control
2025/05/21 10:44:48.216287053,direct_actuator_control
2025/05/21 10:44:48.319480705,direct_actuator_control
2025/05/21 10:44:48.417062276,direct_actuator_control
2025/05/21 10:44:48.517492582,direct_actuator_control
2025/05/21 10:44:48.618674116,direct_actuator_control
2025/05/21 10:44:48.719890423,direct_actuator_control
2025/05/21 10:44:48.822196353,direct_actuator_control
2025/05/21 10:44:48.921363180,direct_actuator_control
2025/05/21 10:44:49.22868034,direct_actuator_control
2025/05/21 10:44:49.123461538,direct_actuator_control
2025/05/21 10:44:49.224224169,direct_actuator_control
2025/05/21 10:44:49.325457566,direct_actuator_control
2025/05/21 10:44:49.425883433,direct_actuator_control
2025/05/21 10:44:49.526857078,direct_actuator_control
2025/05/21 10:44:49.628368421,direct_actuator_control
2025/05/21 10:44:49.729152661,direct_actuator_control
2025/05/21 10:44:49.831590335,direct_actuator_control
2025/05/21 10:44:49.931643704,direct_actuator_control
2025/05/21 10:44:50.34871185,direct_actuator_control
2025/05/21 10:44:50.134709641,direct_actuator_control
2025/05/21 10:44:50.234344550,direct_actuator_control
2025/05/21 10:44:50.338971096,direct_actuator_control
2025/05/21 10:44:50.435502312,direct_actuator_control
2025/05/21 10:44:50.536292419,direct_actuator_control
2025/05/21 10:44:50.637271479,direct_actuator_control
2025/05/21 10:44:50.737208762,direct_actuator_control
2025/05/21 10:44:50.838492766,direct_actuator_control
2025/05/21 10:44:50.938530261,direct_actuator_control
2025/05/21 10:44:51.39607207,direct_actuator_control
2025/05/21 10:44:51.140264857,direct_actuator_control
2025/05/21 10:44:51.242083940,direct_actuator_control
2025/05/21 10:44:51.341926085,direct_actuator_control
2025/05/21 10:44:51.442021972,direct_actuator_control
2025/05/21 10:44:51.542568989,direct_actuator_control
2025/05/21 10:44:51.642940360,direct_actuator_control
2025/05/21 10:44:51.743734604,direct_actuator_control
2025/05/21 10:44:51.843588872,direct_actuator_control
2025/05/21 10:44:51.944371777,direct_actuator_control
2025/05/21 10:44:52.44096263,direct_actuator_control
2025/05/21 10:44:52.144272328,direct_actuator_control
2025/05/21 10:44:52.245307012,direct_actuator_control
2025/05/21 10:44:52.352750474,direct_actuator_control
2025/05/21 10:44:52.447143107,direct_actuator_control
2025/05/21 10:44:52.548732130,direct_actuator_control
2025/05/21 10:44:52.648479609,direct_actuator_control
2025/05/21 10:44:52.748574304,direct_actuator_control
2025/05/21 10:44:52.849575865,direct_actuator_control
2025/05/21 10:44:52.949705748,direct_actuator_control
2025/05/21 10:44:53.51382800,direct_actuator_control
2025/05/21 10:44:53.150762930,direct_actuator_control
2025/05/21 10:44:53.251649862,direct_actuator_control
2025/05/21 10:44:53.352512634,direct_actuator_control
2025/05/21 10:44:53.453549469,direct_actuator_control
2025/05/21 10:44:53.553114513,direct_actuator_control
2025/05/21 10:44:53.655547975,direct_actuator_control
2025/05/21 10:44:53.757179135,direct_actuator_control
2025/05/21 10:44:53.856252899,direct_actuator_control
2025/05/21 10:44:53.956954824,direct_actuator_control
2025/05/21 10:44:54.58438931,direct_actuator_control
2025/05/21 10:44:54.158328038,direct_actuator_control
2025/05/21 10:44:54.259279514,direct_actuator_control
2025/05/21 10:44:54.360186811,direct_actuator_control
2025/05/21 10:44:54.461258911,direct_actuator_control
2025/05/21 10:44:54.561569687,direct_actuator_control
2025/05/21 10:44:54.662676896,direct_actuator_control
2025/05/21 10:44:54.764215035,direct_actuator_control
2025/05/21 10:44:54.863376038,direct_actuator_control
2025/05/21 10:44:54.964627364,direct_actuator_control
2025/05/21 10:44:55.65942142,direct_actuator_control
2025/05/21 10:44:55.168899942,direct_actuator_control
2025/05/21 10:44:55.267033205,direct_actuator_control
2025/05/21 10:44:55.369298291,direct_actuator_control
2025/05/21 10:44:55.470351786,direct_actuator_control
2025/05/21 10:44:55.568560288,direct_actuator_control
2025/05/21 10:44:55.669384178,direct_actuator_control
2025/05/21 10:44:55.769793221,direct_actuator_control
2025/05/21 10:44:55.870630899,direct_actuator_control
2025/05/21 10:44:55.970294283,direct_actuator_control
2025/05/21 10:44:56.70778484,direct_actuator_control
2025/05/21 10:44:56.172125050,direct_actuator_control
2025/05/21 10:44:56.272629702,direct_actuator_control
2025/05/21 10:44:56.374131613,direct_actuator_control
2025/05/21 10:44:56.474802805,direct_actuator_control
2025/05/21 10:44:56.576942342,direct_actuator_control
2025/05/21 10:44:56.678588051,direct_actuator_control
2025/05/21 10:44:56.779530708,direct_actuator_control
2025/05/21 10:44:56.881089726,direct_actuator_control
2025/05/21 10:44:56.982712596,direct_actuator_control
2025/05/21 10:44:57.86860753,direct_actuator_control
2025/05/21 10:44:57.185344843,direct_actuator_control
2025/05/21 10:44:57.285367106,direct_actuator_control
2025/05/21 10:44:57.387081576,direct_actuator_control
2025/05/21 10:44:57.488454139,direct_actuator_control
2025/05/21 10:44:57.591865193,direct_actuator_control
2025/05/21 10:44:57.689565627,direct_actuator_control
2025/05/21 10:44:57.792052521,direct_actuator_control
2025/05/21 10:44:57.894354994,direct_actuator_control
2025/05/21 10:44:57.992394745,direct_actuator_control
2025/05/21 10:44:58.93574122,direct_actuator_control
2025/05/21 10:44:58.195098717,direct_actuator_control
2025/05/21 10:44:58.296087937,direct_actuator_control
2025/05/21 10:44:58.397317549,direct_actuator_control
2025/05/21 10:44:58.497518964,direct_actuator_control
2025/05/21 10:44:58.599839558,direct_actuator_control
2025/05/21 10:44:58.701902572,direct_actuator_control
2025/05/21 10:44:58.801021561,direct_actuator_control
2025/05/21 10:44:58.908690958,direct_actuator_control
2025/05/21 10:44:59.4253193,direct_actuator_control
2025/05/21 10:44:59.102912415,direct_actuator_control
2025/05/21 10:44:59.203238815,direct_actuator_control
2025/05/21 10:44:59.304310237,direct_actuator_control
2025/05/21 10:44:59.404486704,direct_actuator_control
2025/05/21 10:44:59.505066001,direct_actuator_control
2025/05/21 10:44:59.605770002,direct_actuator_control
2025/05/21 10:44:59.707135251,direct_actuator_control
2025/05/21 10:44:59.807769791,direct_actuator_control
2025/05/21 10:44:59.907846538,direct_actuator_control
2025/05/21 10:45:00.8355027,direct_actuator_control
2025/05/21 10:45:00.109191509,direct_actuator_control
2025/05/21 10:45:00.210538854,direct_actuator_control
2025/05/21 10:45:00.310555059,direct_actuator_control
2025/05/21 10:45:00.411934397,direct_actuator_control
2025/05/21 10:45:00.513332739,direct_actuator_control
2025/05/21 10:45:00.614496089,direct_actuator_control
2025/05/21 10:45:00.715649505,direct_actuator_control
2025/05/21 10:45:00.816781310,direct_actuator_control
2025/05/21 10:45:00.917155143,direct_actuator_control
2025/05/21 10:45:01.21823866,direct_actuator_control
2025/05/21 10:45:01.121117043,direct_actuator_control
2025/05/21 10:45:01.222698983,direct_actuator_control
2025/05/21 10:45:01.323022254,direct_actuator_control
2025/05/21 10:45:01.423773201,direct_actuator_control
2025/05/21 10:45:01.524069996,direct_actuator_control
2025/05/21 10:45:01.624349908,direct_actuator_control
2025/05/21 10:45:01.727209423,direct_actuator_control
2025/05/21 10:45:01.825926752,direct_actuator_control
2025/05/21 10:45:01.927004078,direct_actuator_control
2025/05/21 10:45:02.28328278,direct_actuator_control
2025/05/21 10:45:02.128881108,direct_actuator_control
2025/05/21 10:45:02.229217629,direct_actuator_control
2025/05/21 10:45:02.330957216,direct_actuator_control
2025/05/21 10:45:02.430531595,direct_actuator_control
2025/05/21 10:45:02.530696137,direct_actuator_control
2025/05/21 10:45:02.632339814,direct_actuator_control
2025/05/21 10:45:02.733335047,direct_actuator_control
2025/05/21 10:45:02.834246074,direct_actuator_control
2025/05/21 10:45:02.937195944,direct_actuator_control
2025/05/21 10:45:03.35632511,direct_actuator_control
2025/05/21 10:45:03.139880506,direct_actuator_control
2025/05/21 10:45:03.236927010,direct_actuator_control
2025/05/21 10:45:03.336543366,direct_actuator_control
2025/05/21 10:45:03.437239301,direct_actuator_control
2025/05/21 10:45:03.539562406,direct_actuator_control
2025/05/21 10:45:03.637716417,direct_actuator_control
2025/05/21 10:45:03.738436908,direct_actuator_control
2025/05/21 10:45:03.838074673,direct_actuator_control
2025/05/21 10:45:03.940201805,direct_actuator_control
2025/05/21 10:45:04.39872193,direct_actuator_control
2025/05/21 10:45:04.140336864,direct_actuator_control
2025/05/21 10:45:04.241311897,direct_actuator_control
2025/05/21 10:45:04.342048852,direct_actuator_control
2025/05/21 10:45:04.443382042,direct_actuator_control
2025/05/21 10:45:04.544107125,direct_actuator_control
2025/05/21 10:45:04.644861841,direct_actuator_control
2025/05/21 10:45:04.746774480,direct_actuator_control
2025/05/21 10:45:04.847586497,direct_actuator_control
2025/05/21 10:45:04.948762207,direct_actuator_control
2025/05/21 10:45:05.49081870,direct_actuator_control
2025/05/21 10:45:05.150271888,direct_actuator_control
2025/05/21 10:45:05.251753338,direct_actuator_control
2025/05/21 10:45:05.353229208,direct_actuator_control
2025/05/21 10:45:05.455001757,direct_actuator_control
2025/05/21 10:45:05.554905073,direct_actuator_control
2025/05/21 10:45:05.655716354,direct_actuator_control
2025/05/21 10:45:05.755353224,direct_actuator_control
2025/05/21 10:45:05.856412966,direct_actuator_control
2025/05/21 10:45:05.959099793,direct_actuator_control
2025/05/21 10:45:06.58432183,direct_actuator_control
2025/05/21 10:45:06.157576799,direct_actuator_control
2025/05/21 10:45:06.258534637,direct_actuator_control
2025/05/21 10:45:06.359674492,direct_actuator_control
2025/05/21 10:45:06.461958212,direct_actuator_control
2025/05/21 10:45:06.561631850,direct_actuator_control
2025/05/21 10:45:06.662050673,direct_actuator_control
2025/05/21 10:45:06.763016564,direct_actuator_control
2025/05/21 10:45:06.863900832,direct_actuator_control
2025/05/21 10:45:06.964535088,direct_actuator_control
2025/05/21 10:45:07.65824336,direct_actuator_control
2025/05/21 10:45:07.166815147,direct_actuator_control
2025/05/21 10:45:07.267937222,direct_actuator_control
2025/05/21 10:45:07.369676465,direct_actuator_control
2025/05/21 10:45:07.471929588,direct_actuator_control
2025/05/21 10:45:07.572547078,direct_actuator_control
2025/05/21 10:45:07.672402615,direct_actuator_control
2025/05/21 10:45:07.773434087,direct_actuator_control
2025/05/21 10:45:07.875065826,direct_actuator_control
2025/05/21 10:45:07.976928536,direct_actuator_control
2025/05/21 10:45:08.74084713,direct_actuator_control
2025/05/21 10:45:08.174321969,direct_actuator_control
2025/05/21 10:45:08.275314765,direct_actuator_control
2025/05/21 10:45:08.377658919,direct_actuator_control
2025/05/21 10:45:08.476611700,direct_actuator_control
2025/05/21 10:45:08.577524290,direct_actuator_control
2025/05/21 10:45:08.677365026,direct_actuator_control
2025/05/21 10:45:08.778913848,direct_actuator_control
2025/05/21 10:45:08.879074850,direct_actuator_control
2025/05/21 10:45:08.978978414,direct_actuator_control
2025/05/21 10:45:09.81422774,direct_actuator_control
2025/05/21 10:45:09.180690183,direct_actuator_control
2025/05/21 10:45:09.281246556,direct_actuator_control
2025/05/21 10:45:09.382038049,direct_actuator_control
2025/05/21 10:45:09.482220303,direct_actuator_control
2025/05/21 10:45:09.583208018,direct_actuator_control
2025/05/21 10:45:09.684038445,direct_actuator_control
2025/05/21 10:45:09.787989063,direct_actuator_control
2025/05/21 10:45:09.885846156,direct_actuator_control
2025/05/21 10:45:09.987567270,direct_actuator_control
2025/05/21 10:45:10.88893230,direct_actuator_control
2025/05/21 10:45:10.193904735,direct_actuator_control
2025/05/21 10:45:10.290250547,direct_actuator_control
2025/05/21 10:45:10.391854816,direct_actuator_control
2025/05/21 10:45:10.492561365,direct_actuator_control
2025/05/21 10:45:10.593269748,direct_actuator_control
2025/05/21 10:45:10.693636129,direct_actuator_control
2025/05/21 10:45:10.794917497,direct_actuator_control
2025/05/21 10:45:10.896057617,direct_actuator_control
2025/05/21 10:45:10.997346583,direct_actuator_control
2025/05/21 10:45:11.100093117,direct_actuator_control
2025/05/21 10:45:11.199806685,direct_actuator_control
2025/05/21 10:45:11.302570070,direct_actuator_control
2025/05/21 10:45:11.403081553,direct_actuator_control
2025/05/21 10:45:11.502586871,direct_actuator_control
2025/05/21 10:45:11.603131580,direct_actuator_control
2025/05/21 10:45:11.703599228,direct_actuator_control
2025/05/21 10:45:11.804036534,direct_actuator_control
2025/05/21 10:45:11.905402563,direct_actuator_control
2025/05/21 10:45:12.5440393,direct_actuator_control
2025/05/21 10:45:12.106310653,direct_actuator_control
2025/05/21 10:45:12.206943838,direct_actuator_control
2025/05/21 10:45:12.308660716,direct_actuator_control
2025/05/21 10:45:12.409740663,direct_actuator_control
2025/05/21 10:45:12.510657676,direct_actuator_control
2025/05/21 10:45:12.614328274,direct_actuator_control
2025/05/21 10:45:12.713507873,direct_actuator_control
2025/05/21 10:45:12.817031035,direct_actuator_control
2025/05/21 10:45:12.916613721,direct_actuator_control
2025/05/21 10:45:13.18150734,direct_actuator_control
2025/05/21 10:45:13.118249233,direct_actuator_control
2025/05/21 10:45:13.219743893,direct_actuator_control
2025/05/21 10:45:13.322761053,direct_actuator_control
2025/05/21 10:45:13.424613130,direct_actuator_control
2025/05/21 10:45:13.525952652,direct_actuator_control
2025/05/21 10:45:13.626588064,direct_actuator_control
2025/05/21 10:45:13.728439091,direct_actuator_control
2025/05/21 10:45:13.828870260,direct_actuator_control
2025/05/21 10:45:13.930386756,direct_actuator_control
2025/05/21 10:45:14.30560748,direct_actuator_control
2025/05/21 10:45:14.131752615,direct_actuator_control
2025/05/21 10:45:14.233188294,direct_actuator_control
2025/05/21 10:45:14.335530036,direct_actuator_control
2025/05/21 10:45:14.439315286,direct_actuator_control
2025/05/21 10:45:14.539291290,direct_actuator_control
2025/05/21 10:45:14.640528714,direct_actuator_control
2025/05/21 10:45:14.740756092,direct_actuator_control
2025/05/21 10:45:14.842219730,direct_actuator_control
2025/05/21 10:45:14.945121580,direct_actuator_control
2025/05/21 10:45:15.48040644,direct_actuator_control
2025/05/21 10:45:15.147148556,direct_actuator_control
2025/05/21 10:45:15.248169246,direct_actuator_control
2025/05/21 10:45:15.349577029,direct_actuator_control
2025/05/21 10:45:15.451932235,direct_actuator_control
2025/05/21 10:45:15.552855127,direct_actuator_control
2025/05/21 10:45:15.663765664,direct_actuator_control
2025/05/21 10:45:15.762665949,direct_actuator_control
2025/05/21 10:45:15.859774237,direct_actuator_control
2025/05/21 10:45:15.961377944,direct_actuator_control
2025/05/21 10:45:16.63975547,direct_actuator_control
2025/05/21 10:45:16.173772135,direct_actuator_control
2025/05/21 10:45:16.268188595,direct_actuator_control
2025/05/21 10:45:16.369479606,direct_actuator_control
2025/05/21 10:45:16.470970036,direct_actuator_control
2025/05/21 10:45:16.569294040,direct_actuator_control
2025/05/21 10:45:16.672327840,direct_actuator_control
2025/05/21 10:45:16.774976312,direct_actuator_control
2025/05/21 10:45:16.876942198,direct_actuator_control
2025/05/21 10:45:16.977416944,direct_actuator_control
2025/05/21 10:45:17.77951820,direct_actuator_control
2025/05/21 10:45:17.179530017,direct_actuator_control
2025/05/21 10:45:17.278527122,direct_actuator_control
2025/05/21 10:45:17.379786883,direct_actuator_control
2025/05/21 10:45:17.479882699,direct_actuator_control
2025/05/21 10:45:17.581402107,direct_actuator_control
2025/05/21 10:45:17.682852158,direct_actuator_control
2025/05/21 10:45:17.783445008,direct_actuator_control
2025/05/21 10:45:17.887200160,direct_actuator_control
2025/05/21 10:45:17.988980557,direct_actuator_control
2025/05/21 10:45:18.89461127,direct_actuator_control
2025/05/21 10:45:18.193738477,direct_actuator_control
2025/05/21 10:45:18.296323918,direct_actuator_control
2025/05/21 10:45:18.394005049,direct_actuator_control
2025/05/21 10:45:18.494224377,direct_actuator_control
2025/05/21 10:45:18.595045831,direct_actuator_control
2025/05/21 10:45:18.695741661,direct_actuator_control
2025/05/21 10:45:18.797661645,direct_actuator_control
2025/05/21 10:45:18.898978603,direct_actuator_control
2025/05/21 10:45:18.997639160,direct_actuator_control
2025/05/21 10:45:19.101157472,direct_actuator_control
2025/05/21 10:45:19.199517604,direct_actuator_control
2025/05/21 10:45:19.304430965,direct_actuator_control
2025/05/21 10:45:19.403012370,direct_actuator_control
2025/05/21 10:45:19.505934126,direct_actuator_control
2025/05/21 10:45:19.604591783,direct_actuator_control
2025/05/21 10:45:19.706213508,direct_actuator_control
2025/05/21 10:45:19.810472795,direct_actuator_control
2025/05/21 10:45:19.911825375,direct_actuator_control
2025/05/21 10:45:20.12159489,direct_actuator_control
2025/05/21 10:45:20.115714624,direct_actuator_control
2025/05/21 10:45:20.215326240,direct_actuator_control
2025/05/21 10:45:20.318293588,direct_actuator_control
2025/05/21 10:45:20.416954662,direct_actuator_control
2025/05/21 10:45:20.516965835,direct_actuator_control
2025/05/21 10:45:20.617901909,direct_actuator_control
2025/05/21 10:45:20.719224006,direct_actuator_control
2025/05/21 10:45:20.824269952,direct_actuator_control
2025/05/21 10:45:20.925920482,direct_actuator_control
2025/05/21 10:45:21.26232574,direct_actuator_control
2025/05/21 10:45:21.126866553,direct_actuator_control
2025/05/21 10:45:21.227113930,direct_actuator_control
2025/05/21 10:45:21.327961429,direct_actuator_control
2025/05/21 10:45:21.428803662,direct_actuator_control
2025/05/21 10:45:21.529151342,direct_actuator_control
2025/05/21 10:45:21.629862350,direct_actuator_control
2025/05/21 10:45:21.732130919,direct_actuator_control
2025/05/21 10:45:21.830986914,direct_actuator_control
2025/05/21 10:45:21.932084725,direct_actuator_control
2025/05/21 10:45:22.32024790,direct_actuator_control
2025/05/21 10:45:22.132540530,direct_actuator_control
2025/05/21 10:45:22.232579118,direct_actuator_control
2025/05/21 10:45:22.333936707,direct_actuator_control
2025/05/21 10:45:22.436475067,direct_actuator_control
2025/05/21 10:45:22.537718108,direct_actuator_control
2025/05/21 10:45:22.638047802,direct_actuator_control
2025/05/21 10:45:22.738425521,direct_actuator_control
2025/05/21 10:45:22.838667321,direct_actuator_control
2025/05/21 10:45:22.940831519,direct_actuator_control
2025/05/21 10:45:23.42161765,direct_actuator_control
2025/05/21 10:45:23.142777530,direct_actuator_control
2025/05/21 10:45:23.244331203,direct_actuator_control
2025/05/21 10:45:23.347005587,direct_actuator_control
2025/05/21 10:45:23.444439219,direct_actuator_control
2025/05/21 10:45:23.547111691,direct_actuator_control
2025/05/21 10:45:23.651550649,direct_actuator_control
2025/05/21 10:45:23.747637209,direct_actuator_control
2025/05/21 10:45:23.848080325,direct_actuator_control
2025/05/21 10:45:23.949502151,direct_actuator_control
2025/05/21 10:45:24.49689013,direct_actuator_control
2025/05/21 10:45:24.152360017,direct_actuator_control
2025/05/21 10:45:24.253004391,direct_actuator_control
2025/05/21 10:45:24.353373468,direct_actuator_control
2025/05/21 10:45:24.453785332,direct_actuator_control
2025/05/21 10:45:24.554171359,direct_actuator_control
2025/05/21 10:45:24.655225608,direct_actuator_control
2025/05/21 10:45:24.756375635,direct_actuator_control
2025/05/21 10:45:24.858672865,direct_actuator_control
2025/05/21 10:45:24.959800672,direct_actuator_control
2025/05/21 10:45:25.62251423,direct_actuator_control
2025/05/21 10:45:25.162537359,direct_actuator_control
2025/05/21 10:45:25.263714120,direct_actuator_control
2025/05/21 10:45:25.364940329,direct_actuator_control
2025/05/21 10:45:25.464387824,direct_actuator_control
2025/05/21 10:45:25.565164454,direct_actuator_control
2025/05/21 10:45:25.667988169,direct_actuator_control
2025/05/21 10:45:25.769326177,direct_actuator_control
2025/05/21 10:45:25.869116450,direct_actuator_control
2025/05/21 10:45:25.970254530,direct_actuator_control
2025/05/21 10:45:26.71092025,direct_actuator_control
2025/05/21 10:45:26.171531454,direct_actuator_control
2025/05/21 10:45:26.272618962,direct_actuator_control
2025/05/21 10:45:26.372528967,direct_actuator_control
2025/05/21 10:45:26.476031289,direct_actuator_control
2025/05/21 10:45:26.575806686,direct_actuator_control
2025/05/21 10:45:26.677055769,direct_actuator_control
2025/05/21 10:45:26.778282266,direct_actuator_control
2025/05/21 10:45:26.879228273,direct_actuator_control
2025/05/21 10:45:26.979451731,direct_actuator_control
2025/05/21 10:45:27.80291539,direct_actuator_control
2025/05/21 10:45:27.181227051,direct_actuator_control
2025/05/21 10:45:27.281452430,direct_actuator_control
2025/05/21 10:45:27.383705837,direct_actuator_control
2025/05/21 10:45:27.483371530,direct_actuator_control
2025/05/21 10:45:27.583157835,direct_actuator_control
2025/05/21 10:45:27.683391217,direct_actuator_control
2025/05/21 10:45:27.784209326,direct_actuator_control
2025/05/21 10:45:27.884371495,direct_actuator_control
2025/05/21 10:45:27.986583163,direct_actuator_control
2025/05/21 10:45:28.86958936,direct_actuator_control
2025/05/21 10:45:28.187760661,direct_actuator_control
2025/05/21 10:45:28.289109132,direct_actuator_control
2025/05/21 10:45:28.390475249,direct_actuator_control
2025/05/21 10:45:28.490295698,direct_actuator_control
2025/05/21 10:45:28.593846702,direct_actuator_control
2025/05/21 10:45:28.694650374,direct_actuator_control
2025/05/21 10:45:28.797701422,direct_actuator_control
2025/05/21 10:45:28.898693598,direct_actuator_control
2025/05/21 10:45:28.999146718,direct_actuator_control
2025/05/21 10:45:29.98662748,direct_actuator_control
2025/05/21 10:45:29.199556799,direct_actuator_control
2025/05/21 10:45:29.300387286,direct_actuator_control
2025/05/21 10:45:29.403238028,direct_actuator_control
2025/05/21 10:45:29.500205521,direct_actuator_control
2025/05/21 10:45:29.602922380,direct_actuator_control
2025/05/21 10:45:29.704187395,direct_actuator_control
2025/05/21 10:45:29.804974256,direct_actuator_control
2025/05/21 10:45:29.904509667,direct_actuator_control
2025/05/21 10:45:30.4960377,direct_actuator_control
2025/05/21 10:45:30.105029684,direct_actuator_control
2025/05/21 10:45:30.205182057,direct_actuator_control
2025/05/21 10:45:30.306226947,direct_actuator_control
2025/05/21 10:45:30.406150850,direct_actuator_control
2025/05/21 10:45:30.507249137,direct_actuator_control
2025/05/21 10:45:30.606806659,direct_actuator_control
2025/05/21 10:45:30.708084717,direct_actuator_control
2025/05/21 10:45:30.808036512,direct_actuator_control
2025/05/21 10:45:30.908402248,direct_actuator_control
2025/05/21 10:45:31.8752067,direct_actuator_control
2025/05/21 10:45:31.109007359,direct_actuator_control
2025/05/21 10:45:31.210206260,direct_actuator_control
2025/05/21 10:45:31.310267929,direct_actuator_control
2025/05/21 10:45:31.411958529,direct_actuator_control
2025/05/21 10:45:31.512693006,direct_actuator_control
2025/05/21 10:45:31.615891145,direct_actuator_control
2025/05/21 10:45:31.713407647,direct_actuator_control
2025/05/21 10:45:31.813844645,direct_actuator_control
2025/05/21 10:45:31.914768897,direct_actuator_control
2025/05/21 10:45:32.17271105,direct_actuator_control
2025/05/21 10:45:32.116276111,direct_actuator_control
2025/05/21 10:45:32.217326317,direct_actuator_control
2025/05/21 10:45:32.318331248,direct_actuator_control
2025/05/21 10:45:32.421487649,direct_actuator_control
2025/05/21 10:45:32.522305349,direct_actuator_control
2025/05/21 10:45:32.621793792,direct_actuator_control
2025/05/21 10:45:32.723052759,direct_actuator_control
2025/05/21 10:45:32.823993125,direct_actuator_control
2025/05/21 10:45:32.924999729,direct_actuator_control
2025/05/21 10:45:33.26523571,direct_actuator_control
2025/05/21 10:45:33.128743831,direct_actuator_control
2025/05/21 10:45:33.228126044,direct_actuator_control
2025/05/21 10:45:33.328624206,direct_actuator_control
2025/05/21 10:45:33.428569550,direct_actuator_control
2025/05/21 10:45:33.529320491,direct_actuator_control
2025/05/21 10:45:33.632496003,direct_actuator_control
2025/05/21 10:45:33.733531345,direct_actuator_control
2025/05/21 10:45:33.835327538,direct_actuator_control
2025/05/21 10:45:33.934740807,direct_actuator_control
2025/05/21 10:45:34.37223717,direct_actuator_control
2025/05/21 10:45:34.136003638,direct_actuator_control
2025/05/21 10:45:34.238551675,direct_actuator_control
2025/05/21 10:45:34.338077048,direct_actuator_control
2025/05/21 10:45:34.439485658,direct_actuator_control
2025/05/21 10:45:34.542665235,direct_actuator_control
2025/05/21 10:45:34.644334577,direct_actuator_control
2025/05/21 10:45:34.743426098,direct_actuator_control
2025/05/21 10:45:34.844199044,direct_actuator_control
2025/05/21 10:45:34.945005353,direct_actuator_control
2025/05/21 10:45:35.45198954,direct_actuator_control
2025/05/21 10:45:35.146213748,direct_actuator_control
2025/05/21 10:45:35.248714689,direct_actuator_control
2025/05/21 10:45:35.349824193,direct_actuator_control
2025/05/21 10:45:35.451128857,direct_actuator_control
2025/05/21 10:45:35.552558770,direct_actuator_control
2025/05/21 10:45:35.653510703,direct_actuator_control
2025/05/21 10:45:35.754976877,direct_actuator_control
2025/05/21 10:45:35.857946726,direct_actuator_control
2025/05/21 10:45:35.959523233,direct_actuator_control
2025/05/21 10:45:36.59188007,direct_actuator_control
2025/05/21 10:45:36.159709427,direct_actuator_control
2025/05/21 10:45:36.260823274,direct_actuator_control
2025/05/21 10:45:36.362231521,direct_actuator_control
2025/05/21 10:45:36.463379757,direct_actuator_control
2025/05/21 10:45:36.562888029,direct_actuator_control
2025/05/21 10:45:36.663796841,direct_actuator_control
2025/05/21 10:45:36.764215620,direct_actuator_control
2025/05/21 10:45:36.865668608,direct_actuator_control
2025/05/21 10:45:36.967302719,direct_actuator_control
2025/05/21 10:45:37.69299722,direct_actuator_control
2025/05/21 10:45:37.170214161,direct_actuator_control
2025/05/21 10:45:37.270189568,direct_actuator_control
2025/05/21 10:45:37.372017726,direct_actuator_control
2025/05/21 10:45:37.473946263,direct_actuator_control
2025/05/21 10:45:37.572782288,direct_actuator_control
2025/05/21 10:45:37.674421579,direct_actuator_control
2025/05/21 10:45:37.775218878,direct_actuator_control
2025/05/21 10:45:37.875921770,direct_actuator_control
2025/05/21 10:45:37.976879413,direct_actuator_control
2025/05/21 10:45:38.76419631,direct_actuator_control
2025/05/21 10:45:38.179587608,direct_actuator_control
2025/05/21 10:45:38.279528935,direct_actuator_control
2025/05/21 10:45:38.379140285,direct_actuator_control
2025/05/21 10:45:38.480658478,direct_actuator_control
2025/05/21 10:45:38.580544797,direct_actuator_control
2025/05/21 10:45:38.683144873,direct_actuator_control
2025/05/21 10:45:38.784151858,direct_actuator_control
2025/05/21 10:45:38.883998927,direct_actuator_control
2025/05/21 10:45:38.984306984,direct_actuator_control
2025/05/21 10:45:39.84928863,direct_actuator_control
2025/05/21 10:45:39.185195655,direct_actuator_control
2025/05/21 10:45:39.286230096,direct_actuator_control
2025/05/21 10:45:39.386679034,direct_actuator_control
2025/05/21 10:45:39.487131577,direct_actuator_control
2025/05/21 10:45:39.587542875,direct_actuator_control
2025/05/21 10:45:39.689013468,direct_actuator_control
2025/05/21 10:45:39.789175288,direct_actuator_control
2025/05/21 10:45:39.889822941,direct_actuator_control
2025/05/21 10:45:39.991857743,direct_actuator_control
2025/05/21 10:45:40.91275700,direct_actuator_control
2025/05/21 10:45:40.191968064,direct_actuator_control
2025/05/21 10:45:40.292402095,direct_actuator_control
2025/05/21 10:45:40.392161094,direct_actuator_control
2025/05/21 10:45:40.496192958,direct_actuator_control
2025/05/21 10:45:40.595012119,direct_actuator_control
2025/05/21 10:45:40.695538974,direct_actuator_control
2025/05/21 10:45:40.797854372,direct_actuator_control
2025/05/21 10:45:40.896662787,direct_actuator_control
2025/05/21 10:45:40.997451382,direct_actuator_control
2025/05/21 10:45:41.97528932,direct_actuator_control
2025/05/21 10:45:41.199734609,direct_actuator_control
2025/05/21 10:45:41.298727476,direct_actuator_control
2025/05/21 10:45:41.400203815,direct_actuator_control
2025/05/21 10:45:41.502927184,direct_actuator_control
2025/05/21 10:45:41.602793801,direct_actuator_control
2025/05/21 10:45:41.703531739,direct_actuator_control
2025/05/21 10:45:41.803691127,direct_actuator_control
2025/05/21 10:45:41.906189052,direct_actuator_control
2025/05/21 10:45:42.6205495,direct_actuator_control
2025/05/21 10:45:42.106965978,direct_actuator_control
2025/05/21 10:45:42.207657497,direct_actuator_control
2025/05/21 10:45:42.308966166,direct_actuator_control
2025/05/21 10:45:42.409974561,direct_actuator_control
2025/05/21 10:45:42.511051708,direct_actuator_control
2025/05/21 10:45:42.611284115,direct_actuator_control
2025/05/21 10:45:42.712858764,direct_actuator_control
2025/05/21 10:45:42.811858322,direct_actuator_control
2025/05/21 10:45:42.915637155,direct_actuator_control
2025/05/21 10:45:43.15893316,direct_actuator_control
2025/05/21 10:45:43.116710737,direct_actuator_control
2025/05/21 10:45:43.217306457,direct_actuator_control
2025/05/21 10:45:43.319860564,direct_actuator_control
2025/05/21 10:45:43.419743766,direct_actuator_control
2025/05/21 10:45:43.521882309,direct_actuator_control
2025/05/21 10:45:43.622248912,direct_actuator_control
2025/05/21 10:45:43.724526435,direct_actuator_control
2025/05/21 10:45:43.824694567,direct_actuator_control
2025/05/21 10:45:43.924448172,direct_actuator_control
2025/05/21 10:45:44.24796820,direct_actuator_control
2025/05/21 10:45:44.125525256,direct_actuator_control
2025/05/21 10:45:44.225295587,direct_actuator_control
2025/05/21 10:45:44.325878426,direct_actuator_control
2025/05/21 10:45:44.425904176,direct_actuator_control
2025/05/21 10:45:44.527471925,direct_actuator_control
2025/05/21 10:45:44.629867161,direct_actuator_control
2025/05/21 10:45:44.728017428,direct_actuator_control
2025/05/21 10:45:44.829788232,direct_actuator_control
2025/05/21 10:45:44.930133272,direct_actuator_control
2025/05/21 10:45:45.30729362,direct_actuator_control
2025/05/21 10:45:45.131409816,direct_actuator_control
2025/05/21 10:45:45.231196860,direct_actuator_control
2025/05/21 10:45:45.334240229,direct_actuator_control
2025/05/21 10:45:45.434619187,direct_actuator_control
2025/05/21 10:45:45.537291567,direct_actuator_control
2025/05/21 10:45:45.636395795,direct_actuator_control
2025/05/21 10:45:45.739032115,direct_actuator_control
2025/05/21 10:45:45.837872430,direct_actuator_control
2025/05/21 10:45:45.938053822,direct_actuator_control
2025/05/21 10:45:46.38967189,direct_actuator_control
2025/05/21 10:45:46.140062406,direct_actuator_control
2025/05/21 10:45:46.244236253,direct_actuator_control
2025/05/21 10:45:46.343225927,direct_actuator_control
2025/05/21 10:45:46.443562304,direct_actuator_control
2025/05/21 10:45:46.544353123,direct_actuator_control
2025/05/21 10:45:46.648532925,direct_actuator_control
2025/05/21 10:45:46.746257526,direct_actuator_control
2025/05/21 10:45:46.846778704,direct_actuator_control
2025/05/21 10:45:46.951207416,direct_actuator_control
2025/05/21 10:45:47.47193537,direct_actuator_control
2025/05/21 10:45:47.148418734,direct_actuator_control
2025/05/21 10:45:47.249450885,direct_actuator_control
2025/05/21 10:45:47.350198893,direct_actuator_control
2025/05/21 10:45:47.451054023,direct_actuator_control
2025/05/21 10:45:47.550848837,direct_actuator_control
2025/05/21 10:45:47.651117782,direct_actuator_control
2025/05/21 10:45:47.753380482,direct_actuator_control
2025/05/21 10:45:47.854974496,direct_actuator_control
2025/05/21 10:45:47.956169792,direct_actuator_control
2025/05/21 10:45:48.57014335,direct_actuator_control
2025/05/21 10:45:48.158373315,direct_actuator_control
2025/05/21 10:45:48.259827298,direct_actuator_control
2025/05/21 10:45:48.360233694,direct_actuator_control
2025/05/21 10:45:48.460305777,direct_actuator_control
2025/05/21 10:45:48.562261711,direct_actuator_control
2025/05/21 10:45:48.662129924,direct_actuator_control
2025/05/21 10:45:48.765552005,direct_actuator_control
2025/05/21 10:45:48.864511346,direct_actuator_control
2025/05/21 10:45:48.966831888,direct_actuator_control
2025/05/21 10:45:49.67126588,direct_actuator_control
2025/05/21 10:45:49.167413479,direct_actuator_control
2025/05/21 10:45:49.268823630,direct_actuator_control
2025/05/21 10:45:49.371028139,direct_actuator_control
2025/05/21 10:45:49.472541842,direct_actuator_control
2025/05/21 10:45:49.573265785,direct_actuator_control
2025/05/21 10:45:49.673391142,direct_actuator_control
2025/05/21 10:45:49.775377323,direct_actuator_control
2025/05/21 10:45:49.875331828,direct_actuator_control
2025/05/21 10:45:49.975304339,direct_actuator_control
2025/05/21 10:45:50.76792147,direct_actuator_control
2025/05/21 10:45:50.177771922,direct_actuator_control
2025/05/21 10:45:50.278706501,direct_actuator_control
2025/05/21 10:45:50.378570774,direct_actuator_control
2025/05/21 10:45:50.479085153,direct_actuator_control
2025/05/21 10:45:50.579484018,direct_actuator_control
2025/05/21 10:45:50.679632537,direct_actuator_control
2025/05/21 10:45:50.780014205,direct_actuator_control
2025/05/21 10:45:50.881022980,direct_actuator_control
2025/05/21 10:45:50.981834303,direct_actuator_control
2025/05/21 10:45:51.82179993,direct_actuator_control
2025/05/21 10:45:51.182426376,direct_actuator_control
2025/05/21 10:45:51.284620551,direct_actuator_control
2025/05/21 10:45:51.384267241,direct_actuator_control
2025/05/21 10:45:51.488533778,direct_actuator_control
2025/05/21 10:45:51.590394935,direct_actuator_control
2025/05/21 10:45:51.689835563,direct_actuator_control
2025/05/21 10:45:51.790850361,direct_actuator_control
2025/05/21 10:45:51.891755000,direct_actuator_control
2025/05/21 10:45:51.992771870,direct_actuator_control
2025/05/21 10:45:52.93573614,direct_actuator_control
2025/05/21 10:45:52.194035424,direct_actuator_control
2025/05/21 10:45:52.294094369,direct_actuator_control
2025/05/21 10:45:52.396926163,direct_actuator_control
2025/05/21 10:45:52.495663363,direct_actuator_control
2025/05/21 10:45:52.595411275,direct_actuator_control
2025/05/21 10:45:52.696162486,direct_actuator_control
2025/05/21 10:45:52.797244158,direct_actuator_control
2025/05/21 10:45:52.900727818,direct_actuator_control
2025/05/21 10:45:52.998388920,direct_actuator_control
2025/05/21 10:45:53.99148039,direct_actuator_control
2025/05/21 10:45:53.198837688,direct_actuator_control
2025/05/21 10:45:53.298928233,direct_actuator_control
2025/05/21 10:45:53.399221520,direct_actuator_control
2025/05/21 10:45:53.500032618,direct_actuator_control
2025/05/21 10:45:53.600376144,direct_actuator_control
2025/05/21 10:45:53.701294550,direct_actuator_control
2025/05/21 10:45:53.804228756,direct_actuator_control
2025/05/21 10:45:53.904129574,direct_actuator_control
2025/05/21 10:45:54.5960896,direct_actuator_control
2025/05/21 10:45:54.106060203,direct_actuator_control
2025/05/21 10:45:54.206343410,direct_actuator_control
2025/05/21 10:45:54.307335736,direct_actuator_control
2025/05/21 10:45:54.410085913,direct_actuator_control
2025/05/21 10:45:54.507979369,direct_actuator_control
2025/05/21 10:45:54.607760990,direct_actuator_control
2025/05/21 10:45:54.708713017,direct_actuator_control
2025/05/21 10:45:54.809826516,direct_actuator_control
2025/05/21 10:45:54.910601920,direct_actuator_control
2025/05/21 10:45:55.10951154,direct_actuator_control
2025/05/21 10:45:55.112327170,direct_actuator_control
2025/05/21 10:45:55.211979607,direct_actuator_control
2025/05/21 10:45:55.313542291,direct_actuator_control
2025/05/21 10:45:55.415196001,direct_actuator_control
2025/05/21 10:45:55.517218605,direct_actuator_control
2025/05/21 10:45:55.615842044,direct_actuator_control
2025/05/21 10:45:55.716896395,direct_actuator_control
2025/05/21 10:45:55.817861416,direct_actuator_control
2025/05/21 10:45:55.918840413,direct_actuator_control
2025/05/21 10:45:56.19143571,direct_actuator_control
2025/05/21 10:45:56.119171549,direct_actuator_control
2025/05/21 10:45:56.220815237,direct_actuator_control
2025/05/21 10:45:56.322011110,direct_actuator_control
2025/05/21 10:45:56.422955529,direct_actuator_control
2025/05/21 10:45:56.523522643,direct_actuator_control
2025/05/21 10:45:56.624832164,direct_actuator_control
2025/05/21 10:45:56.726169090,direct_actuator_control
2025/05/21 10:45:56.828532797,direct_actuator_control
2025/05/21 10:45:56.929845904,direct_actuator_control
2025/05/21 10:45:57.29553787,direct_actuator_control
2025/05/21 10:45:57.131343343,direct_actuator_control
2025/05/21 10:45:57.231790808,direct_actuator_control
2025/05/21 10:45:57.332540921,direct_actuator_control
2025/05/21 10:45:57.432974746,direct_actuator_control
2025/05/21 10:45:57.537907468,direct_actuator_control
2025/05/21 10:45:57.636342493,direct_actuator_control
2025/05/21 10:45:57.735991057,direct_actuator_control
2025/05/21 10:45:57.836339307,direct_actuator_control
2025/05/21 10:45:57.937356338,direct_actuator_control
2025/05/21 10:45:58.39981058,direct_actuator_control
2025/05/21 10:45:58.140094736,direct_actuator_control
2025/05/21 10:45:58.240203718,direct_actuator_control
2025/05/21 10:45:58.341496639,direct_actuator_control
2025/05/21 10:45:58.444141962,direct_actuator_control
2025/05/21 10:45:58.545207008,direct_actuator_control
2025/05/21 10:45:58.645143233,direct_actuator_control
2025/05/21 10:45:58.745673363,direct_actuator_control
2025/05/21 10:45:58.845994999,direct_actuator_control
2025/05/21 10:45:58.946248220,direct_actuator_control
2025/05/21 10:45:59.46728728,direct_actuator_control
2025/05/21 10:45:59.150563331,direct_actuator_control
2025/05/21 10:45:59.249057828,direct_actuator_control
2025/05/21 10:45:59.350941461,direct_actuator_control
2025/05/21 10:45:59.452608926,direct_actuator_control
2025/05/21 10:45:59.556292275,direct_actuator_control
2025/05/21 10:45:59.656159692,direct_actuator_control
2025/05/21 10:45:59.757401137,direct_actuator_control
2025/05/21 10:45:59.859187502,direct_actuator_control
2025/05/21 10:45:59.960116744,direct_actuator_control
2025/05/21 10:46:00.60543767,direct_actuator_control
2025/05/21 10:46:00.161150813,direct_actuator_control
2025/05/21 10:46:00.262429832,direct_actuator_control
2025/05/21 10:46:00.363388688,direct_actuator_control
2025/05/21 10:46:00.463652311,direct_actuator_control
2025/05/21 10:46:00.563753515,direct_actuator_control
2025/05/21 10:46:00.665021430,direct_actuator_control
2025/05/21 10:46:00.766133273,direct_actuator_control
2025/05/21 10:46:00.866523479,direct_actuator_control
2025/05/21 10:46:00.968513563,direct_actuator_control
2025/05/21 10:46:01.68003785,direct_actuator_control
2025/05/21 10:46:01.169268052,direct_actuator_control
2025/05/21 10:46:01.270933871,direct_actuator_control
2025/05/21 10:46:01.373363292,direct_actuator_control
2025/05/21 10:46:01.472606316,direct_actuator_control
2025/05/21 10:46:01.573133685,direct_actuator_control
2025/05/21 10:46:01.674316113,direct_actuator_control
2025/05/21 10:46:01.775484714,direct_actuator_control
2025/05/21 10:46:01.878711046,direct_actuator_control
2025/05/21 10:46:01.978393961,direct_actuator_control
2025/05/21 10:46:02.80258600,direct_actuator_control
2025/05/21 10:46:02.180010868,direct_actuator_control
2025/05/21 10:46:02.280803288,direct_actuator_control
2025/05/21 10:46:02.380825686,direct_actuator_control
2025/05/21 10:46:02.482277495,direct_actuator_control
2025/05/21 10:46:02.582630541,direct_actuator_control
2025/05/21 10:46:02.684153992,direct_actuator_control
2025/05/21 10:46:02.783512367,direct_actuator_control
2025/05/21 10:46:02.884461128,direct_actuator_control
2025/05/21 10:46:02.984767092,direct_actuator_control
2025/05/21 10:46:03.88422186,direct_actuator_control
2025/05/21 10:46:03.188668460,direct_actuator_control
2025/05/21 10:46:03.288596406,direct_actuator_control
2025/05/21 10:46:03.388722439,direct_actuator_control
2025/05/21 10:46:03.489735311,direct_actuator_control
2025/05/21 10:46:03.591393694,direct_actuator_control
2025/05/21 10:46:03.692036194,direct_actuator_control
2025/05/21 10:46:03.792502083,direct_actuator_control
2025/05/21 10:46:03.894402546,direct_actuator_control
2025/05/21 10:46:03.997228722,direct_actuator_control
2025/05/21 10:46:04.97181388,direct_actuator_control
2025/05/21 10:46:04.197928145,direct_actuator_control
2025/05/21 10:46:04.297435365,direct_actuator_control
2025/05/21 10:46:04.397307612,direct_actuator_control
2025/05/21 10:46:04.498489528,direct_actuator_control
2025/05/21 10:46:04.598298178,direct_actuator_control
2025/05/21 10:46:04.698701412,direct_actuator_control
2025/05/21 10:46:04.798525244,direct_actuator_control
2025/05/21 10:46:04.899517241,direct_actuator_control
2025/05/21 10:46:04.999167501,direct_actuator_control
2025/05/21 10:46:05.100602793,direct_actuator_control
2025/05/21 10:46:05.201285616,direct_actuator_control
2025/05/21 10:46:05.302124947,direct_actuator_control
2025/05/21 10:46:05.402715220,direct_actuator_control
2025/05/21 10:46:05.510445374,direct_actuator_control
2025/05/21 10:46:05.605153576,direct_actuator_control
2025/05/21 10:46:05.706745543,direct_actuator_control
2025/05/21 10:46:05.810150295,direct_actuator_control
2025/05/21 10:46:05.907615175,direct_actuator_control
2025/05/21 10:46:06.8535053,direct_actuator_control
2025/05/21 10:46:06.109641962,direct_actuator_control
2025/05/21 10:46:06.212308678,direct_actuator_control
2025/05/21 10:46:06.310877576,direct_actuator_control
2025/05/21 10:46:06.413141709,direct_actuator_control
2025/05/21 10:46:06.513594120,direct_actuator_control
2025/05/21 10:46:06.613193898,direct_actuator_control
2025/05/21 10:46:06.715271107,direct_actuator_control
2025/05/21 10:46:06.814837064,direct_actuator_control
2025/05/21 10:46:06.916398452,direct_actuator_control
2025/05/21 10:46:07.20976832,direct_actuator_control
2025/05/21 10:46:07.121544234,direct_actuator_control
2025/05/21 10:46:07.220176001,direct_actuator_control
2025/05/21 10:46:07.321266068,direct_actuator_control
2025/05/21 10:46:07.421360807,direct_actuator_control
2025/05/21 10:46:07.522236605,direct_actuator_control
2025/05/21 10:46:07.622914771,direct_actuator_control
2025/05/21 10:46:07.723258343,direct_actuator_control
2025/05/21 10:46:07.826903852,direct_actuator_control
2025/05/21 10:46:07.925484213,direct_actuator_control
2025/05/21 10:46:08.27468397,direct_actuator_control
2025/05/21 10:46:08.126448875,direct_actuator_control
2025/05/21 10:46:08.228713076,direct_actuator_control
2025/05/21 10:46:08.328801872,direct_actuator_control
2025/05/21 10:46:08.431466948,direct_actuator_control
2025/05/21 10:46:08.533004903,direct_actuator_control
2025/05/21 10:46:08.633909807,direct_actuator_control
2025/05/21 10:46:08.735595804,direct_actuator_control
2025/05/21 10:46:08.835439381,direct_actuator_control
2025/05/21 10:46:08.937916260,direct_actuator_control
2025/05/21 10:46:09.38394513,direct_actuator_control
2025/05/21 10:46:09.138987280,direct_actuator_control
2025/05/21 10:46:09.238390343,direct_actuator_control
2025/05/21 10:46:09.339819401,direct_actuator_control
2025/05/21 10:46:09.440801692,direct_actuator_control
2025/05/21 10:46:09.542321892,direct_actuator_control
2025/05/21 10:46:09.640874368,direct_actuator_control
2025/05/21 10:46:09.741158458,direct_actuator_control
2025/05/21 10:46:09.843356961,direct_actuator_control
2025/05/21 10:46:09.944319689,direct_actuator_control
2025/05/21 10:46:10.44097115,direct_actuator_control
2025/05/21 10:46:10.147924068,direct_actuator_control
2025/05/21 10:46:10.247341988,direct_actuator_control
2025/05/21 10:46:10.348503802,direct_actuator_control
2025/05/21 10:46:10.449425615,direct_actuator_control
2025/05/21 10:46:10.555799994,direct_actuator_control
2025/05/21 10:46:10.651242178,direct_actuator_control
2025/05/21 10:46:10.752200744,direct_actuator_control
2025/05/21 10:46:10.857457720,direct_actuator_control
2025/05/21 10:46:10.956597849,direct_actuator_control
2025/05/21 10:46:11.56604847,direct_actuator_control
2025/05/21 10:46:11.157699212,direct_actuator_control
2025/05/21 10:46:11.257877974,direct_actuator_control
2025/05/21 10:46:11.358151768,direct_actuator_control
2025/05/21 10:46:11.460233188,direct_actuator_control
2025/05/21 10:46:11.560220223,direct_actuator_control
2025/05/21 10:46:11.661343308,direct_actuator_control
2025/05/21 10:46:11.760573427,direct_actuator_control
2025/05/21 10:46:11.860762556,direct_actuator_control
2025/05/21 10:46:11.961004033,direct_actuator_control
2025/05/21 10:46:12.62436692,direct_actuator_control
2025/05/21 10:46:12.162389844,direct_actuator_control
2025/05/21 10:46:12.262670566,direct_actuator_control
2025/05/21 10:46:12.363327626,direct_actuator_control
2025/05/21 10:46:12.463985074,direct_actuator_control
2025/05/21 10:46:12.563902608,direct_actuator_control
2025/05/21 10:46:12.663988606,direct_actuator_control
2025/05/21 10:46:12.765746419,direct_actuator_control
2025/05/21 10:46:12.865424451,direct_actuator_control
2025/05/21 10:46:12.966677118,direct_actuator_control
2025/05/21 10:46:13.67931723,direct_actuator_control
2025/05/21 10:46:13.171790828,direct_actuator_control
2025/05/21 10:46:13.271091161,direct_actuator_control
2025/05/21 10:46:13.371590373,direct_actuator_control
2025/05/21 10:46:13.472568843,direct_actuator_control
2025/05/21 10:46:13.573522111,direct_actuator_control
2025/05/21 10:46:13.674507287,direct_actuator_control
2025/05/21 10:46:13.774093069,direct_actuator_control
2025/05/21 10:46:13.874092743,direct_actuator_control
2025/05/21 10:46:13.976003176,direct_actuator_control
2025/05/21 10:46:14.75966010,direct_actuator_control
2025/05/21 10:46:14.176284306,direct_actuator_control
2025/05/21 10:46:14.277254384,direct_actuator_control
2025/05/21 10:46:14.377912256,direct_actuator_control
2025/05/21 10:46:14.480436567,direct_actuator_control
2025/05/21 10:46:14.581546158,direct_actuator_control
2025/05/21 10:46:14.684453100,direct_actuator_control
2025/05/21 10:46:14.783366034,direct_actuator_control
2025/05/21 10:46:14.884983748,direct_actuator_control
2025/05/21 10:46:14.985697361,direct_actuator_control
2025/05/21 10:46:15.86874359,direct_actuator_control
2025/05/21 10:46:15.186651418,direct_actuator_control
2025/05/21 10:46:15.287703850,direct_actuator_control
2025/05/21 10:46:15.390850693,direct_actuator_control
2025/05/21 10:46:15.494526493,direct_actuator_control
2025/05/21 10:46:15.594035293,direct_actuator_control
2025/05/21 10:46:15.692441489,direct_actuator_control
2025/05/21 10:46:15.793511841,direct_actuator_control
2025/05/21 10:46:15.892954506,direct_actuator_control
2025/05/21 10:46:15.995006648,direct_actuator_control
2025/05/21 10:46:16.93591057,direct_actuator_control
2025/05/21 10:46:16.193881287,direct_actuator_control
2025/05/21 10:46:16.294967760,direct_actuator_control
2025/05/21 10:46:16.395124980,direct_actuator_control
2025/05/21 10:46:16.498083450,direct_actuator_control
2025/05/21 10:46:16.599745688,direct_actuator_control
2025/05/21 10:46:16.699331422,direct_actuator_control
2025/05/21 10:46:16.799418256,direct_actuator_control
2025/05/21 10:46:16.901107524,direct_actuator_control
2025/05/21 10:46:17.3025227,direct_actuator_control
2025/05/21 10:46:17.102191650,direct_actuator_control
2025/05/21 10:46:17.204795026,direct_actuator_control
2025/05/21 10:46:17.304401252,direct_actuator_control
2025/05/21 10:46:17.405360004,direct_actuator_control
2025/05/21 10:46:17.504791730,direct_actuator_control
2025/05/21 10:46:17.620479005,direct_actuator_control
2025/05/21 10:46:17.708083190,direct_actuator_control
2025/05/21 10:46:17.808636042,direct_actuator_control
2025/05/21 10:46:17.910092951,direct_actuator_control
2025/05/21 10:46:18.9594626,direct_actuator_control
2025/05/21 10:46:18.110018201,direct_actuator_control
2025/05/21 10:46:18.210269652,direct_actuator_control
2025/05/21 10:46:18.310860425,direct_actuator_control
2025/05/21 10:46:18.411583224,direct_actuator_control
2025/05/21 10:46:18.511459620,direct_actuator_control
2025/05/21 10:46:18.617105421,direct_actuator_control
2025/05/21 10:46:18.714984423,direct_actuator_control
2025/05/21 10:46:18.816196669,direct_actuator_control
2025/05/21 10:46:18.916973358,direct_actuator_control
2025/05/21 10:46:19.18802626,direct_actuator_control
2025/05/21 10:46:19.117478692,direct_actuator_control
2025/05/21 10:46:19.218203480,direct_actuator_control
2025/05/21 10:46:19.318676321,direct_actuator_control
2025/05/21 10:46:19.419523205,direct_actuator_control
2025/05/21 10:46:19.519747909,direct_actuator_control
2025/05/21 10:46:19.619147319,direct_actuator_control
2025/05/21 10:46:19.722173356,direct_actuator_control
2025/05/21 10:46:19.821595204,direct_actuator_control
2025/05/21 10:46:19.921014767,direct_actuator_control
2025/05/21 10:46:20.22965272,direct_actuator_control
2025/05/21 10:46:20.123978099,direct_actuator_control
2025/05/21 10:46:20.223892514,direct_actuator_control
2025/05/21 10:46:20.327524204,direct_actuator_control
2025/05/21 10:46:20.424662967,direct_actuator_control
2025/05/21 10:46:20.525491770,direct_actuator_control
2025/05/21 10:46:20.626635357,direct_actuator_control
2025/05/21 10:46:20.726949585,direct_actuator_control
2025/05/21 10:46:20.828402520,direct_actuator_control
2025/05/21 10:46:20.928662087,direct_actuator_control
2025/05/21 10:46:21.30104817,direct_actuator_control
2025/05/21 10:46:21.130221004,direct_actuator_control
2025/05/21 10:46:21.230891432,direct_actuator_control
2025/05/21 10:46:21.332243844,direct_actuator_control
2025/05/21 10:46:21.435897144,direct_actuator_control
2025/05/21 10:46:21.549900705,direct_actuator_control
2025/05/21 10:46:21.635451848,direct_actuator_control
2025/05/21 10:46:21.735355720,direct_actuator_control
2025/05/21 10:46:21.835456250,direct_actuator_control
2025/05/21 10:46:21.935457492,direct_actuator_control
2025/05/21 10:46:22.37660784,direct_actuator_control
2025/05/21 10:46:22.138824821,direct_actuator_control
2025/05/21 10:46:22.240911462,direct_actuator_control
2025/05/21 10:46:22.339561888,direct_actuator_control
2025/05/21 10:46:22.439706608,direct_actuator_control
2025/05/21 10:46:22.541183613,direct_actuator_control
2025/05/21 10:46:22.643648115,direct_actuator_control
2025/05/21 10:46:22.744719180,direct_actuator_control
2025/05/21 10:46:22.846748377,direct_actuator_control
2025/05/21 10:46:22.949693204,direct_actuator_control
2025/05/21 10:46:23.48115926,direct_actuator_control
2025/05/21 10:46:23.149121588,direct_actuator_control
2025/05/21 10:46:23.250013728,direct_actuator_control
2025/05/21 10:46:23.349801250,direct_actuator_control
2025/05/21 10:46:23.450887231,direct_actuator_control
2025/05/21 10:46:23.551423795,direct_actuator_control
2025/05/21 10:46:23.651828907,direct_actuator_control
2025/05/21 10:46:23.754594219,direct_actuator_control
2025/05/21 10:46:23.858788180,direct_actuator_control
2025/05/21 10:46:23.956680008,direct_actuator_control
2025/05/21 10:46:24.58935433,direct_actuator_control
2025/05/21 10:46:24.159593451,direct_actuator_control
2025/05/21 10:46:24.260192504,direct_actuator_control
2025/05/21 10:46:24.363212398,direct_actuator_control
2025/05/21 10:46:24.463024514,direct_actuator_control
2025/05/21 10:46:24.563388660,direct_actuator_control
2025/05/21 10:46:24.664060444,direct_actuator_control
2025/05/21 10:46:24.764918763,direct_actuator_control
2025/05/21 10:46:24.864919777,direct_actuator_control
2025/05/21 10:46:24.968408129,direct_actuator_control
2025/05/21 10:46:25.71411933,direct_actuator_control
2025/05/21 10:46:25.169040532,direct_actuator_control
2025/05/21 10:46:25.272400436,direct_actuator_control
2025/05/21 10:46:25.371572539,direct_actuator_control
2025/05/21 10:46:25.473061090,direct_actuator_control
2025/05/21 10:46:25.574710046,direct_actuator_control
2025/05/21 10:46:25.675025697,direct_actuator_control
2025/05/21 10:46:25.773698895,direct_actuator_control
2025/05/21 10:46:25.875757649,direct_actuator_control
2025/05/21 10:46:25.976360980,direct_actuator_control
2025/05/21 10:46:26.76653010,direct_actuator_control
2025/05/21 10:46:26.179303206,direct_actuator_control
2025/05/21 10:46:26.281305219,direct_actuator_control
2025/05/21 10:46:26.381746448,direct_actuator_control
2025/05/21 10:46:26.484967238,direct_actuator_control
2025/05/21 10:46:26.585357059,direct_actuator_control
2025/05/21 10:46:26.684960759,direct_actuator_control
2025/05/21 10:46:26.785887875,direct_actuator_control
2025/05/21 10:46:26.887925564,direct_actuator_control
2025/05/21 10:46:26.987514592,direct_actuator_control
2025/05/21 10:46:27.89488578,direct_actuator_control
2025/05/21 10:46:27.190393156,direct_actuator_control
2025/05/21 10:46:27.291787451,direct_actuator_control
2025/05/21 10:46:27.391035580,direct_actuator_control
2025/05/21 10:46:27.494671404,direct_actuator_control
2025/05/21 10:46:27.594037664,direct_actuator_control
2025/05/21 10:46:27.696385828,direct_actuator_control
2025/05/21 10:46:27.793744256,direct_actuator_control
2025/05/21 10:46:27.894274685,direct_actuator_control
2025/05/21 10:46:27.995212785,direct_actuator_control
2025/05/21 10:46:28.98500665,direct_actuator_control
2025/05/21 10:46:28.200179661,direct_actuator_control
2025/05/21 10:46:28.300409924,direct_actuator_control
2025/05/21 10:46:28.407888960,direct_actuator_control
2025/05/21 10:46:28.502045300,direct_actuator_control
2025/05/21 10:46:28.605312425,direct_actuator_control
2025/05/21 10:46:28.707587939,direct_actuator_control
2025/05/21 10:46:28.808730111,direct_actuator_control
2025/05/21 10:46:28.909285159,direct_actuator_control
2025/05/21 10:46:29.10690249,direct_actuator_control
2025/05/21 10:46:29.111519410,direct_actuator_control
2025/05/21 10:46:29.212289757,direct_actuator_control
2025/05/21 10:46:29.314220200,direct_actuator_control
2025/05/21 10:46:29.414675968,direct_actuator_control
2025/05/21 10:46:29.516899707,direct_actuator_control
2025/05/21 10:46:29.619127815,direct_actuator_control
2025/05/21 10:46:29.720379613,direct_actuator_control
2025/05/21 10:46:29.820260100,direct_actuator_control
2025/05/21 10:46:29.921693616,direct_actuator_control
2025/05/21 10:46:30.23314494,direct_actuator_control
2025/05/21 10:46:30.124276898,direct_actuator_control
2025/05/21 10:46:30.226254740,direct_actuator_control
2025/05/21 10:46:30.328120663,direct_actuator_control
2025/05/21 10:46:30.429007434,direct_actuator_control
2025/05/21 10:46:30.529387589,direct_actuator_control
2025/05/21 10:46:30.631246723,direct_actuator_control
2025/05/21 10:46:30.732053047,direct_actuator_control
2025/05/21 10:46:30.833267233,direct_actuator_control
2025/05/21 10:46:30.933248609,direct_actuator_control
2025/05/21 10:46:31.34073452,direct_actuator_control
2025/05/21 10:46:31.139435547,direct_actuator_control
2025/05/21 10:46:31.237768393,direct_actuator_control
2025/05/21 10:46:31.339757436,direct_actuator_control
2025/05/21 10:46:31.438132976,direct_actuator_control
2025/05/21 10:46:31.540553578,direct_actuator_control
2025/05/21 10:46:31.643312619,direct_actuator_control
2025/05/21 10:46:31.743135444,direct_actuator_control
2025/05/21 10:46:31.843772843,direct_actuator_control
2025/05/21 10:46:31.945547623,direct_actuator_control
2025/05/21 10:46:32.45465978,direct_actuator_control
2025/05/21 10:46:32.145529657,direct_actuator_control
2025/05/21 10:46:32.247098265,direct_actuator_control
2025/05/21 10:46:32.347298399,direct_actuator_control
2025/05/21 10:46:32.447501471,direct_actuator_control
2025/05/21 10:46:32.548502756,direct_actuator_control
2025/05/21 10:46:32.651088348,direct_actuator_control
2025/05/21 10:46:32.751309659,direct_actuator_control
2025/05/21 10:46:32.851074221,direct_actuator_control
2025/05/21 10:46:32.951961679,direct_actuator_control
2025/05/21 10:46:33.52562245,direct_actuator_control
2025/05/21 10:46:33.153500314,direct_actuator_control
2025/05/21 10:46:33.253406708,direct_actuator_control
2025/05/21 10:46:33.356936124,direct_actuator_control
2025/05/21 10:46:33.455448665,direct_actuator_control
2025/05/21 10:46:33.556226947,direct_actuator_control
2025/05/21 10:46:33.656495420,direct_actuator_control
2025/05/21 10:46:33.757380454,direct_actuator_control
2025/05/21 10:46:33.857940195,direct_actuator_control
2025/05/21 10:46:33.958029842,direct_actuator_control
2025/05/21 10:46:34.59205471,direct_actuator_control
2025/05/21 10:46:34.159004763,direct_actuator_control
2025/05/21 10:46:34.260949591,direct_actuator_control
2025/05/21 10:46:34.362453072,direct_actuator_control
2025/05/21 10:46:34.463575360,direct_actuator_control
2025/05/21 10:46:34.563921218,direct_actuator_control
2025/05/21 10:46:34.665050504,direct_actuator_control
2025/05/21 10:46:34.765606053,direct_actuator_control
2025/05/21 10:46:34.868293219,direct_actuator_control
2025/05/21 10:46:34.968090550,direct_actuator_control
2025/05/21 10:46:35.68346661,direct_actuator_control
2025/05/21 10:46:35.171394995,direct_actuator_control
2025/05/21 10:46:35.272007684,direct_actuator_control
2025/05/21 10:46:35.373178702,direct_actuator_control
2025/05/21 10:46:35.473564603,direct_actuator_control
2025/05/21 10:46:35.576496200,direct_actuator_control
2025/05/21 10:46:35.677084153,direct_actuator_control
2025/05/21 10:46:35.780655325,direct_actuator_control
2025/05/21 10:46:35.881837931,direct_actuator_control
2025/05/21 10:46:35.982730624,direct_actuator_control
2025/05/21 10:46:36.84819548,direct_actuator_control
2025/05/21 10:46:36.186639746,direct_actuator_control
2025/05/21 10:46:36.287765103,direct_actuator_control
2025/05/21 10:46:36.388842020,direct_actuator_control
2025/05/21 10:46:36.490421960,direct_actuator_control
2025/05/21 10:46:36.591034267,direct_actuator_control
2025/05/21 10:46:36.693106744,direct_actuator_control
2025/05/21 10:46:36.793087211,direct_actuator_control
2025/05/21 10:46:36.893519142,direct_actuator_control
2025/05/21 10:46:36.995823162,direct_actuator_control
2025/05/21 10:46:37.97542083,direct_actuator_control
2025/05/21 10:46:37.196601426,direct_actuator_control
2025/05/21 10:46:37.297784897,direct_actuator_control
2025/05/21 10:46:37.396660202,direct_actuator_control
2025/05/21 10:46:37.498231089,direct_actuator_control
2025/05/21 10:46:37.600954071,direct_actuator_control
2025/05/21 10:46:37.701349897,direct_actuator_control
2025/05/21 10:46:37.805441107,direct_actuator_control
2025/05/21 10:46:37.905812229,direct_actuator_control
2025/05/21 10:46:38.10228798,direct_actuator_control
2025/05/21 10:46:38.110431472,direct_actuator_control
2025/05/21 10:46:38.211436260,direct_actuator_control
2025/05/21 10:46:38.312221792,direct_actuator_control
2025/05/21 10:46:38.414860314,direct_actuator_control
2025/05/21 10:46:38.518267214,direct_actuator_control
2025/05/21 10:46:38.617910736,direct_actuator_control
2025/05/21 10:46:38.725448985,direct_actuator_control
2025/05/21 10:46:38.825738824,direct_actuator_control
2025/05/21 10:46:38.926609963,direct_actuator_control
2025/05/21 10:46:39.29974268,direct_actuator_control
2025/05/21 10:46:39.129020594,direct_actuator_control
2025/05/21 10:46:39.230323457,direct_actuator_control
2025/05/21 10:46:39.336138289,direct_actuator_control
2025/05/21 10:46:39.436479349,direct_actuator_control
2025/05/21 10:46:39.539076169,direct_actuator_control
2025/05/21 10:46:39.639353303,direct_actuator_control
2025/05/21 10:46:39.740454823,direct_actuator_control
2025/05/21 10:46:39.842831468,direct_actuator_control
2025/05/21 10:46:39.944564059,direct_actuator_control
2025/05/21 10:46:40.44067098,direct_actuator_control
2025/05/21 10:46:40.144730213,direct_actuator_control
2025/05/21 10:46:40.247247054,direct_actuator_control
2025/05/21 10:46:40.346851915,direct_actuator_control
2025/05/21 10:46:40.452554148,direct_actuator_control
2025/05/21 10:46:40.552382849,direct_actuator_control
2025/05/21 10:46:40.652589949,direct_actuator_control
2025/05/21 10:46:40.755807282,direct_actuator_control
2025/05/21 10:46:40.856943503,direct_actuator_control
2025/05/21 10:46:40.958769739,direct_actuator_control
2025/05/21 10:46:41.61090618,direct_actuator_control
2025/05/21 10:46:41.161609183,direct_actuator_control
2025/05/21 10:46:41.260437388,direct_actuator_control
2025/05/21 10:46:41.361003617,direct_actuator_control
2025/05/21 10:46:41.461261669,direct_actuator_control
2025/05/21 10:46:41.561436391,direct_actuator_control
2025/05/21 10:46:41.663584229,direct_actuator_control
2025/05/21 10:46:41.766891692,direct_actuator_control
2025/05/21 10:46:41.867539765,direct_actuator_control
2025/05/21 10:46:41.968148031,direct_actuator_control
2025/05/21 10:46:42.68443822,direct_actuator_control
2025/05/21 10:46:42.168633901,direct_actuator_control
2025/05/21 10:46:42.271416250,direct_actuator_control
2025/05/21 10:46:42.372162307,direct_actuator_control
2025/05/21 10:46:42.473646226,direct_actuator_control
2025/05/21 10:46:42.574667969,direct_actuator_control
2025/05/21 10:46:42.676536872,direct_actuator_control
2025/05/21 10:46:42.776208551,direct_actuator_control
2025/05/21 10:46:42.877834258,direct_actuator_control
2025/05/21 10:46:42.978413084,direct_actuator_control
2025/05/21 10:46:43.78365428,direct_actuator_control
2025/05/21 10:46:43.179500079,direct_actuator_control
2025/05/21 10:46:43.279862359,direct_actuator_control
2025/05/21 10:46:43.381533245,direct_actuator_control
2025/05/21 10:46:43.484112319,direct_actuator_control
2025/05/21 10:46:43.583843955,direct_actuator_control
2025/05/21 10:46:43.685788744,direct_actuator_control
2025/05/21 10:46:43.787333433,direct_actuator_control
2025/05/21 10:46:43.890448110,direct_actuator_control
2025/05/21 10:46:43.987677281,direct_actuator_control
2025/05/21 10:46:44.88779852,direct_actuator_control
2025/05/21 10:46:44.189120128,direct_actuator_control
2025/05/21 10:46:44.290191907,direct_actuator_control
2025/05/21 10:46:44.390376165,direct_actuator_control
2025/05/21 10:46:44.495117482,direct_actuator_control
2025/05/21 10:46:44.594742893,direct_actuator_control
2025/05/21 10:46:44.696329108,direct_actuator_control
2025/05/21 10:46:44.796506232,direct_actuator_control
2025/05/21 10:46:44.896944564,direct_actuator_control
2025/05/21 10:46:44.997370594,direct_actuator_control
2025/05/21 10:46:45.97740697,direct_actuator_control
2025/05/21 10:46:45.198236410,direct_actuator_control
2025/05/21 10:46:45.298970049,direct_actuator_control
2025/05/21 10:46:45.400163065,direct_actuator_control
2025/05/21 10:46:45.500571809,direct_actuator_control
2025/05/21 10:46:45.603792976,direct_actuator_control
2025/05/21 10:46:45.703375276,direct_actuator_control
2025/05/21 10:46:45.804206769,direct_actuator_control
2025/05/21 10:46:45.905904418,direct_actuator_control
2025/05/21 10:46:46.6876730,direct_actuator_control
2025/05/21 10:46:46.110161628,direct_actuator_control
2025/05/21 10:46:46.208284133,direct_actuator_control
2025/05/21 10:46:46.309138613,direct_actuator_control
2025/05/21 10:46:46.412926059,direct_actuator_control
2025/05/21 10:46:46.512652877,direct_actuator_control
2025/05/21 10:46:46.613702872,direct_actuator_control
2025/05/21 10:46:46.716866418,direct_actuator_control
2025/05/21 10:46:46.817175855,direct_actuator_control
2025/05/21 10:46:46.920114117,direct_actuator_control
2025/05/21 10:46:47.18505111,direct_actuator_control
2025/05/21 10:46:47.118893511,direct_actuator_control
2025/05/21 10:46:47.220271764,direct_actuator_control
2025/05/21 10:46:47.320345249,direct_actuator_control
2025/05/21 10:46:47.420822730,direct_actuator_control
2025/05/21 10:46:47.523256006,direct_actuator_control
2025/05/21 10:46:47.624238540,direct_actuator_control
2025/05/21 10:46:47.725561123,direct_actuator_control
2025/05/21 10:46:47.825854450,direct_actuator_control
2025/05/21 10:46:47.926894031,direct_actuator_control
2025/05/21 10:46:48.28051184,direct_actuator_control
2025/05/21 10:46:48.129396550,direct_actuator_control
