time,data
2025/05/19 01:45:03.688955898,135.0
2025/05/19 01:45:03.787990979,135.0
2025/05/19 01:45:03.892586840,135.0
2025/05/19 01:45:04.4464194,135.0
2025/05/19 01:45:04.92045650,135.0
2025/05/19 01:45:04.193920561,135.0
2025/05/19 01:45:04.284927357,135.0
2025/05/19 01:45:04.389740342,132.70816881947675
2025/05/19 01:45:04.485092838,129.5569009462573
2025/05/19 01:45:04.595011723,126.69211197060324
2025/05/19 01:45:04.696508711,123.54084409738378
2025/05/19 01:45:04.791917282,120.96253401929513
2025/05/19 01:45:04.892499681,118.38422394120649
2025/05/19 01:45:04.993026658,115.23295606798702
2025/05/19 01:45:05.87560676,112.65464598989837
2025/05/19 01:45:05.192962127,109.5033781166789
2025/05/19 01:45:05.293622050,111.0
2025/05/19 01:45:05.386207705,111.0
2025/05/19 01:45:05.488362764,111.0
2025/05/19 01:45:05.595858627,112.0
2025/05/19 01:45:05.686823776,112.0
2025/05/19 01:45:05.800231678,112.0
2025/05/19 01:45:05.897738600,112.0
2025/05/19 01:45:05.985676512,112.0
2025/05/19 01:45:06.90213820,112.0
2025/05/19 01:45:06.189176211,109.13521102434595
2025/05/19 01:45:06.294568226,107.0
2025/05/19 01:45:06.391839327,107.0
2025/05/19 01:45:06.494525558,107.0
2025/05/19 01:45:06.589223444,105.00000000000001
2025/05/19 01:45:06.693467254,105.00000000000001
2025/05/19 01:45:06.786222033,105.00000000000001
2025/05/19 01:45:06.897185688,105.00000000000001
2025/05/19 01:45:06.993557771,105.00000000000001
2025/05/19 01:45:07.87380648,105.00000000000001
2025/05/19 01:45:07.190069576,105.00000000000001
2025/05/19 01:45:07.294100536,105.00000000000001
2025/05/19 01:45:07.384902114,105.00000000000001
2025/05/19 01:45:07.486956878,106.0
2025/05/19 01:45:07.592252600,105.28647889756542
2025/05/19 01:45:07.692036699,106.0
2025/05/19 01:45:07.786371220,106.0
2025/05/19 01:45:07.891985346,106.0
2025/05/19 01:45:07.993380145,106.0
2025/05/19 01:45:08.88714989,106.0
2025/05/19 01:45:08.191101173,106.0
2025/05/19 01:45:08.291195865,106.0
2025/05/19 01:45:08.385359876,106.0
2025/05/19 01:45:08.488142844,106.0
2025/05/19 01:45:08.591051720,105.00000000000001
2025/05/19 01:45:08.693964542,105.00000000000001
2025/05/19 01:45:08.789186179,105.00000000000001
2025/05/19 01:45:08.885988772,105.00000000000001
2025/05/19 01:45:08.987572995,105.00000000000001
2025/05/19 01:45:09.91930477,105.28647889756542
2025/05/19 01:45:09.191511637,106.0
2025/05/19 01:45:09.289590054,106.0
2025/05/19 01:45:09.396181408,106.0
2025/05/19 01:45:09.486054504,106.0
2025/05/19 01:45:09.593379829,103.70816881947675
2025/05/19 01:45:09.694141497,100.55690094625729
2025/05/19 01:45:09.783591925,99.0
2025/05/19 01:45:09.889438075,99.0
2025/05/19 01:45:09.988912162,99.0
2025/05/19 01:45:10.96113177,99.0
2025/05/19 01:45:10.184346644,98.7135211024346
2025/05/19 01:45:10.285854873,97.0
2025/05/19 01:45:10.393354014,97.0
2025/05/19 01:45:10.485582743,98.0
2025/05/19 01:45:10.592316952,98.5729577951308
2025/05/19 01:45:10.685626638,101.0
2025/05/19 01:45:10.787465366,101.0
2025/05/19 01:45:10.890370459,100.7135211024346
2025/05/19 01:45:10.983431777,100.0
2025/05/19 01:45:11.85591517,100.0
2025/05/19 01:45:11.192445588,100.0
2025/05/19 01:45:11.293055035,100.0
2025/05/19 01:45:11.386942919,100.0
2025/05/19 01:45:11.487864189,98.0
2025/05/19 01:45:11.591044015,98.0
2025/05/19 01:45:11.687718182,97.0
2025/05/19 01:45:11.790848642,97.0
2025/05/19 01:45:11.903088264,97.0
2025/05/19 01:45:11.988281673,97.0
2025/05/19 01:45:12.90126325,96.00000000000001
2025/05/19 01:45:12.191647293,96.00000000000001
2025/05/19 01:45:12.292346750,96.00000000000001
2025/05/19 01:45:12.387897109,96.00000000000001
2025/05/19 01:45:12.490936097,96.00000000000001
2025/05/19 01:45:12.600422274,94.7135211024346
2025/05/19 01:45:12.686566148,94.0
2025/05/19 01:45:12.792335242,94.0
2025/05/19 01:45:12.895217011,94.0
2025/05/19 01:45:12.993040755,94.0
2025/05/19 01:45:13.87149212,94.0
2025/05/19 01:45:13.188479338,94.0
2025/05/19 01:45:13.293130065,94.0
2025/05/19 01:45:13.392698884,94.0
2025/05/19 01:45:13.488057718,94.0
2025/05/19 01:45:13.591254400,94.0
2025/05/19 01:45:13.692898872,94.0
2025/05/19 01:45:13.788817608,94.0
2025/05/19 01:45:13.891937642,94.0
2025/05/19 01:45:13.989483563,94.0
2025/05/19 01:45:14.86527627,94.0
2025/05/19 01:45:14.189194738,94.0
2025/05/19 01:45:14.287976879,94.0
2025/05/19 01:45:14.388845736,94.0
2025/05/19 01:45:14.494544066,95.0
2025/05/19 01:45:14.592152883,95.0
2025/05/19 01:45:14.698130947,95.0
2025/05/19 01:45:14.794380027,95.0
2025/05/19 01:45:14.890620507,95.0
2025/05/19 01:45:14.994335869,95.0
2025/05/19 01:45:15.90980819,95.0
2025/05/19 01:45:15.190501184,95.0
2025/05/19 01:45:15.289261359,95.0
2025/05/19 01:45:15.386868963,95.0
2025/05/19 01:45:15.488549727,95.0
2025/05/19 01:45:15.591115684,95.0
2025/05/19 01:45:15.691300260,97.0
2025/05/19 01:45:15.791784099,97.0
2025/05/19 01:45:15.886131121,96.00000000000001
2025/05/19 01:45:15.988598025,96.00000000000001
2025/05/19 01:45:16.91600713,96.00000000000001
2025/05/19 01:45:16.189017343,96.00000000000001
2025/05/19 01:45:16.291332996,96.00000000000001
2025/05/19 01:45:16.391406721,96.00000000000001
2025/05/19 01:45:16.489553089,96.00000000000001
2025/05/19 01:45:16.594469447,97.5729577951308
2025/05/19 01:45:16.684118412,98.0
2025/05/19 01:45:16.790065830,99.0
2025/05/19 01:45:16.884558181,100.0
2025/05/19 01:45:16.991506921,101.2864788975654
2025/05/19 01:45:17.88959798,103.0
2025/05/19 01:45:17.193085267,103.0
2025/05/19 01:45:17.284270104,103.0
2025/05/19 01:45:17.387058847,103.0
2025/05/19 01:45:17.485938954,99.84873212678055
2025/05/19 01:45:17.595902931,97.0
2025/05/19 01:45:17.700611835,97.0
2025/05/19 01:45:17.789300403,97.0
2025/05/19 01:45:17.895542670,97.0
2025/05/19 01:45:17.987910264,96.00000000000001
2025/05/19 01:45:18.94437156,96.00000000000001
2025/05/19 01:45:18.194512149,96.00000000000001
2025/05/19 01:45:18.291542345,96.00000000000001
2025/05/19 01:45:18.388798113,96.00000000000001
2025/05/19 01:45:18.487894547,96.00000000000001
2025/05/19 01:45:18.594053848,95.7135211024346
2025/05/19 01:45:18.684252515,95.0
2025/05/19 01:45:18.788742571,95.0
2025/05/19 01:45:18.896548892,95.0
2025/05/19 01:45:18.991668743,95.0
2025/05/19 01:45:19.87157130,95.0
2025/05/19 01:45:19.199255497,95.0
2025/05/19 01:45:19.291462123,95.0
2025/05/19 01:45:19.389108887,95.0
2025/05/19 01:45:19.486699853,95.0
2025/05/19 01:45:19.593525217,95.0
2025/05/19 01:45:19.688874670,95.0
2025/05/19 01:45:19.791278850,96.00000000000001
2025/05/19 01:45:19.892381567,96.00000000000001
2025/05/19 01:45:19.993546573,96.00000000000001
2025/05/19 01:45:20.88846154,96.00000000000001
2025/05/19 01:45:20.191147432,97.0
2025/05/19 01:45:20.291446732,97.0
2025/05/19 01:45:20.388637860,96.00000000000001
2025/05/19 01:45:20.492984912,96.00000000000001
2025/05/19 01:45:20.590626399,98.2864788975654
2025/05/19 01:45:20.692773528,100.0
2025/05/19 01:45:20.785097367,102.0
2025/05/19 01:45:20.891843425,102.0
2025/05/19 01:45:20.986293813,102.0
2025/05/19 01:45:21.86334161,102.0
2025/05/19 01:45:21.194442168,102.0
2025/05/19 01:45:21.293021595,102.0
2025/05/19 01:45:21.387108634,102.0
2025/05/19 01:45:21.490678265,101.0
2025/05/19 01:45:21.593775386,101.0
2025/05/19 01:45:21.692272130,100.0
2025/05/19 01:45:21.796047726,100.0
2025/05/19 01:45:21.888752804,100.0
2025/05/19 01:45:21.992296474,99.0
2025/05/19 01:45:22.91693709,99.0
2025/05/19 01:45:22.188587100,99.0
2025/05/19 01:45:22.291859369,99.0
2025/05/19 01:45:22.385436506,99.0
2025/05/19 01:45:22.489574953,98.0
2025/05/19 01:45:22.594052849,97.0
2025/05/19 01:45:22.684280069,97.0
2025/05/19 01:45:22.789266648,97.0
2025/05/19 01:45:22.884783825,97.0
2025/05/19 01:45:22.993307782,97.0
2025/05/19 01:45:23.92958635,96.00000000000001
2025/05/19 01:45:23.187010330,96.00000000000001
2025/05/19 01:45:23.288176873,96.00000000000001
2025/05/19 01:45:23.390218879,96.00000000000001
2025/05/19 01:45:23.491549938,96.28647889756542
2025/05/19 01:45:23.590618115,97.0
2025/05/19 01:45:23.695552568,97.0
2025/05/19 01:45:23.792513493,97.0
2025/05/19 01:45:23.893095366,97.0
2025/05/19 01:45:23.989968667,97.0
2025/05/19 01:45:24.90092848,97.0
2025/05/19 01:45:24.183663889,97.0
2025/05/19 01:45:24.287778038,97.0
2025/05/19 01:45:24.393247463,97.0
2025/05/19 01:45:24.491302458,97.0
2025/05/19 01:45:24.596415492,97.0
2025/05/19 01:45:24.683763681,97.0
2025/05/19 01:45:24.791545349,96.00000000000001
2025/05/19 01:45:24.885115187,96.00000000000001
2025/05/19 01:45:24.989232792,96.00000000000001
2025/05/19 01:45:25.92987962,96.00000000000001
2025/05/19 01:45:25.187310388,96.00000000000001
2025/05/19 01:45:25.294518251,96.00000000000001
2025/05/19 01:45:25.391482531,96.00000000000001
2025/05/19 01:45:25.487387608,96.00000000000001
2025/05/19 01:45:25.589317470,96.00000000000001
2025/05/19 01:45:25.688052397,96.00000000000001
2025/05/19 01:45:25.787818387,96.00000000000001
2025/05/19 01:45:25.895900607,96.00000000000001
2025/05/19 01:45:25.987216185,95.0
2025/05/19 01:45:26.93919921,95.0
2025/05/19 01:45:26.199067110,95.0
2025/05/19 01:45:26.288745874,95.0
2025/05/19 01:45:26.396473438,95.0
2025/05/19 01:45:26.492018723,95.0
2025/05/19 01:45:26.590663771,95.0
2025/05/19 01:45:26.695151506,94.0
2025/05/19 01:45:26.794741279,94.0
2025/05/19 01:45:26.892046345,94.0
2025/05/19 01:45:26.993572781,94.0
2025/05/19 01:45:27.86348557,94.0
2025/05/19 01:45:27.191169829,94.0
2025/05/19 01:45:27.293625936,94.0
2025/05/19 01:45:27.386545746,94.0
2025/05/19 01:45:27.490116444,94.0
2025/05/19 01:45:27.600249323,94.0
2025/05/19 01:45:27.687677205,94.0
2025/05/19 01:45:27.789913573,94.0
2025/05/19 01:45:27.888153373,93.0
2025/05/19 01:45:27.990670130,93.0
2025/05/19 01:45:28.93673581,93.0
2025/05/19 01:45:28.187944387,93.0
2025/05/19 01:45:28.288763475,93.0
2025/05/19 01:45:28.391200742,93.0
2025/05/19 01:45:28.486876041,93.0
2025/05/19 01:45:28.591315611,93.0
2025/05/19 01:45:28.694007841,93.0
2025/05/19 01:45:28.791874033,93.0
2025/05/19 01:45:28.896484751,93.0
2025/05/19 01:45:28.989166053,93.0
2025/05/19 01:45:29.95252382,92.0
2025/05/19 01:45:29.188958011,92.0
2025/05/19 01:45:29.291968509,92.0
2025/05/19 01:45:29.387348183,92.0
2025/05/19 01:45:29.488789571,92.0
2025/05/19 01:45:29.597646827,93.0
2025/05/19 01:45:29.685405319,94.0
2025/05/19 01:45:29.791309426,94.0
2025/05/19 01:45:29.890298866,95.0
2025/05/19 01:45:29.992301445,95.0
2025/05/19 01:45:30.95894631,95.0
2025/05/19 01:45:30.191524753,95.0
2025/05/19 01:45:30.284253740,94.0
2025/05/19 01:45:30.391067724,94.0
2025/05/19 01:45:30.491370425,95.0
2025/05/19 01:45:30.590620589,95.0
2025/05/19 01:45:30.693885769,95.0
2025/05/19 01:45:30.786198972,96.00000000000001
2025/05/19 01:45:30.892902562,96.00000000000001
2025/05/19 01:45:30.991957528,96.00000000000001
2025/05/19 01:45:31.88456951,96.00000000000001
2025/05/19 01:45:31.191452351,96.00000000000001
2025/05/19 01:45:31.290579388,96.00000000000001
2025/05/19 01:45:31.392010859,96.00000000000001
2025/05/19 01:45:31.493739111,96.28647889756542
2025/05/19 01:45:31.588876530,97.0
2025/05/19 01:45:31.689863221,97.0
2025/05/19 01:45:31.792066587,97.0
2025/05/19 01:45:31.894005203,97.0
2025/05/19 01:45:31.986206624,97.0
2025/05/19 01:45:32.92397863,97.0
2025/05/19 01:45:32.194309583,97.0
2025/05/19 01:45:32.290026683,97.0
2025/05/19 01:45:32.387411317,97.0
2025/05/19 01:45:32.493560877,97.0
2025/05/19 01:45:32.591933042,97.0
2025/05/19 01:45:32.698769599,97.0
2025/05/19 01:45:32.791587568,97.0
2025/05/19 01:45:32.886406268,97.0
2025/05/19 01:45:32.987173035,97.0
2025/05/19 01:45:33.91272602,97.0
2025/05/19 01:45:33.186705597,97.0
2025/05/19 01:45:33.289404228,97.0
2025/05/19 01:45:33.388448893,97.0
2025/05/19 01:45:33.489691586,99.0
2025/05/19 01:45:33.595524267,99.0
2025/05/19 01:45:33.691757574,99.0
2025/05/19 01:45:33.792323906,99.0
2025/05/19 01:45:33.892347403,99.0
2025/05/19 01:45:33.989408270,99.0
2025/05/19 01:45:34.88324374,98.7135211024346
2025/05/19 01:45:34.193178674,98.0
2025/05/19 01:45:34.298495097,98.0
2025/05/19 01:45:34.388596933,98.0
2025/05/19 01:45:34.492886624,99.0
2025/05/19 01:45:34.591938412,101.0
2025/05/19 01:45:34.691270023,102.2864788975654
2025/05/19 01:45:34.787673822,103.0
2025/05/19 01:45:34.891272084,103.0
2025/05/19 01:45:34.994099346,103.0
2025/05/19 01:45:35.86898460,103.0
2025/05/19 01:45:35.189725111,103.0
2025/05/19 01:45:35.289067522,102.4270422048692
2025/05/19 01:45:35.396111115,102.0
2025/05/19 01:45:35.490961375,104.28647889756542
2025/05/19 01:45:35.596342187,105.00000000000001
2025/05/19 01:45:35.694205052,106.0
2025/05/19 01:45:35.784570169,106.0
2025/05/19 01:45:35.888834840,106.0
2025/05/19 01:45:35.990787360,106.0
2025/05/19 01:45:36.87076473,106.0
2025/05/19 01:45:36.192754341,106.0
2025/05/19 01:45:36.286555489,106.0
2025/05/19 01:45:36.388347257,106.0
2025/05/19 01:45:36.495417238,106.0
2025/05/19 01:45:36.595110352,106.0
2025/05/19 01:45:36.692232993,106.0
2025/05/19 01:45:36.794586032,106.0
2025/05/19 01:45:36.890908418,106.0
2025/05/19 01:45:36.993374123,106.0
2025/05/19 01:45:37.92380876,106.0
2025/05/19 01:45:37.187011217,106.0
2025/05/19 01:45:37.291062712,106.0
2025/05/19 01:45:37.385029999,106.0
2025/05/19 01:45:37.487207049,106.0
2025/05/19 01:45:37.593168994,106.0
2025/05/19 01:45:37.685242185,106.0
2025/05/19 01:45:37.797921073,106.0
2025/05/19 01:45:37.886476784,106.0
2025/05/19 01:45:37.991168577,106.0
2025/05/19 01:45:38.92763192,106.0
2025/05/19 01:45:38.192957804,106.0
2025/05/19 01:45:38.294354143,106.0
2025/05/19 01:45:38.386140164,106.0
2025/05/19 01:45:38.495533249,106.0
2025/05/19 01:45:38.590681757,106.0
2025/05/19 01:45:38.684546276,106.0
2025/05/19 01:45:38.789527742,106.0
2025/05/19 01:45:38.896920455,106.0
2025/05/19 01:45:38.993947661,106.0
2025/05/19 01:45:39.88766045,106.0
2025/05/19 01:45:39.191310245,106.0
2025/05/19 01:45:39.292069377,106.0
2025/05/19 01:45:39.392788974,106.0
2025/05/19 01:45:39.490190774,107.0
2025/05/19 01:45:39.591098500,108.2864788975654
2025/05/19 01:45:39.687680230,109.0
2025/05/19 01:45:39.794142273,109.0
2025/05/19 01:45:39.890449248,109.0
2025/05/19 01:45:39.992892967,109.0
2025/05/19 01:45:40.89406689,109.0
2025/05/19 01:45:40.190720016,109.0
2025/05/19 01:45:40.288327852,109.0
2025/05/19 01:45:40.388535443,109.0
2025/05/19 01:45:40.492277970,110.2864788975654
2025/05/19 01:45:40.589661754,111.2864788975654
2025/05/19 01:45:40.692969749,113.0
2025/05/19 01:45:40.784198444,114.28647889756542
2025/05/19 01:45:40.890736671,115.0
2025/05/19 01:45:40.989511314,115.0
2025/05/19 01:45:41.88468055,115.0
2025/05/19 01:45:41.190523897,115.0
2025/05/19 01:45:41.292703101,115.0
2025/05/19 01:45:41.393812264,115.0
2025/05/19 01:45:41.491445888,115.0
2025/05/19 01:45:41.585175247,115.0
2025/05/19 01:45:41.694348560,115.0
2025/05/19 01:45:41.790405957,115.0
2025/05/19 01:45:41.893297671,115.0
2025/05/19 01:45:41.992410642,115.0
2025/05/19 01:45:42.84149779,115.0
2025/05/19 01:45:42.196196361,115.0
2025/05/19 01:45:42.292863784,115.0
2025/05/19 01:45:42.387295283,115.0
2025/05/19 01:45:42.491494910,114.00000000000001
2025/05/19 01:45:42.586697126,114.00000000000001
2025/05/19 01:45:42.688201804,113.0
2025/05/19 01:45:42.792036680,113.0
2025/05/19 01:45:42.893419054,112.0
2025/05/19 01:45:42.986194178,112.0
2025/05/19 01:45:43.92105986,112.0
2025/05/19 01:45:43.197991817,112.0
2025/05/19 01:45:43.287246678,112.0
2025/05/19 01:45:43.395134074,112.0
2025/05/19 01:45:43.485608285,112.0
2025/05/19 01:45:43.592888142,112.0
2025/05/19 01:45:43.700223650,112.0
2025/05/19 01:45:43.798266068,112.0
2025/05/19 01:45:43.887718671,112.0
2025/05/19 01:45:43.992364763,113.0
2025/05/19 01:45:44.90825513,113.0
2025/05/19 01:45:44.185181521,113.0
2025/05/19 01:45:44.287764181,113.0
2025/05/19 01:45:44.389162272,113.0
2025/05/19 01:45:44.484470671,113.0
2025/05/19 01:45:44.590676059,113.0
2025/05/19 01:45:44.690749773,113.0
2025/05/19 01:45:44.786011026,113.0
2025/05/19 01:45:44.885850353,113.0
2025/05/19 01:45:44.990996357,114.00000000000001
2025/05/19 01:45:45.90008748,114.00000000000001
2025/05/19 01:45:45.193701315,113.0
2025/05/19 01:45:45.293595634,113.0
2025/05/19 01:45:45.390481360,113.0
2025/05/19 01:45:45.485106746,113.0
2025/05/19 01:45:45.593609844,113.0
2025/05/19 01:45:45.688118560,113.0
2025/05/19 01:45:45.797562502,113.0
2025/05/19 01:45:45.895655878,113.0
2025/05/19 01:45:45.987852732,114.00000000000001
2025/05/19 01:45:46.93678200,114.00000000000001
2025/05/19 01:45:46.186317611,114.00000000000001
2025/05/19 01:45:46.293953446,114.00000000000001
2025/05/19 01:45:46.391907879,114.00000000000001
2025/05/19 01:45:46.495905848,113.0
2025/05/19 01:45:46.589007993,113.0
2025/05/19 01:45:46.691711586,113.0
2025/05/19 01:45:46.792076483,113.0
2025/05/19 01:45:46.892367265,113.0
2025/05/19 01:45:46.995749887,113.0
2025/05/19 01:45:47.87371816,113.0
2025/05/19 01:45:47.193076672,113.0
2025/05/19 01:45:47.289823866,113.0
2025/05/19 01:45:47.392441093,113.0
2025/05/19 01:45:47.488572839,113.0
2025/05/19 01:45:47.585555340,113.0
2025/05/19 01:45:47.689503464,113.0
2025/05/19 01:45:47.793979202,113.0
2025/05/19 01:45:47.886116584,113.0
2025/05/19 01:45:47.985365624,113.0
2025/05/19 01:45:48.95931279,114.00000000000001
2025/05/19 01:45:48.198915458,114.00000000000001
2025/05/19 01:45:48.290233550,114.00000000000001
2025/05/19 01:45:48.388770632,114.00000000000001
2025/05/19 01:45:48.490312689,114.00000000000001
2025/05/19 01:45:48.586617344,114.00000000000001
2025/05/19 01:45:48.689136216,114.00000000000001
2025/05/19 01:45:48.805173760,113.0
2025/05/19 01:45:48.889421115,113.0
2025/05/19 01:45:48.994027053,113.0
2025/05/19 01:45:49.87361098,114.00000000000001
2025/05/19 01:45:49.193976364,114.00000000000001
2025/05/19 01:45:49.285613881,114.00000000000001
2025/05/19 01:45:49.389422118,114.00000000000001
2025/05/19 01:45:49.485081641,114.00000000000001
2025/05/19 01:45:49.588661420,114.00000000000001
2025/05/19 01:45:49.694477386,114.00000000000001
2025/05/19 01:45:49.790926112,114.00000000000001
2025/05/19 01:45:49.892724154,114.00000000000001
2025/05/19 01:45:49.989358202,114.00000000000001
2025/05/19 01:45:50.85023173,115.0
2025/05/19 01:45:50.194725506,115.0
2025/05/19 01:45:50.296700615,115.0
2025/05/19 01:45:50.389311292,115.0
2025/05/19 01:45:50.493707305,115.0
2025/05/19 01:45:50.585637351,115.0
2025/05/19 01:45:50.695439248,115.0
2025/05/19 01:45:50.786397399,115.0
2025/05/19 01:45:50.893003770,115.0
2025/05/19 01:45:50.985111799,115.0
2025/05/19 01:45:51.89405551,115.0
2025/05/19 01:45:51.187170124,115.0
2025/05/19 01:45:51.291417737,115.0
2025/05/19 01:45:51.387722349,115.0
2025/05/19 01:45:51.491672548,115.0
2025/05/19 01:45:51.587725991,115.0
2025/05/19 01:45:51.685259251,115.0
2025/05/19 01:45:51.788781853,115.0
2025/05/19 01:45:51.892429073,115.0
2025/05/19 01:45:51.991500518,115.0
2025/05/19 01:45:52.88760745,115.0
2025/05/19 01:45:52.193873617,115.0
2025/05/19 01:45:52.287855115,115.0
2025/05/19 01:45:52.398032728,115.0
2025/05/19 01:45:52.490683392,115.0
2025/05/19 01:45:52.584487462,115.0
2025/05/19 01:45:52.692452226,115.0
2025/05/19 01:45:52.792279882,115.0
2025/05/19 01:45:52.886326847,115.0
2025/05/19 01:45:52.993381952,115.0
2025/05/19 01:45:53.86611434,115.0
2025/05/19 01:45:53.184879801,115.0
2025/05/19 01:45:53.288042339,115.0
2025/05/19 01:45:53.395074144,115.0
2025/05/19 01:45:53.484887154,115.0
2025/05/19 01:45:53.586954168,115.0
2025/05/19 01:45:53.693362162,115.0
2025/05/19 01:45:53.804466779,115.0
2025/05/19 01:45:53.885968775,115.0
2025/05/19 01:45:53.989435935,115.0
2025/05/19 01:45:54.84772932,115.0
2025/05/19 01:45:54.193803771,115.0
2025/05/19 01:45:54.287165104,115.0
2025/05/19 01:45:54.391522962,115.0
2025/05/19 01:45:54.489137046,114.00000000000001
2025/05/19 01:45:54.592676209,114.00000000000001
2025/05/19 01:45:54.687060639,114.00000000000001
2025/05/19 01:45:54.791471593,114.00000000000001
2025/05/19 01:45:54.895453447,114.00000000000001
2025/05/19 01:45:54.987539607,115.0
2025/05/19 01:45:55.93164219,115.0
2025/05/19 01:45:55.190951063,115.0
2025/05/19 01:45:55.291947175,115.0
2025/05/19 01:45:55.387885790,114.00000000000001
2025/05/19 01:45:55.495322710,114.00000000000001
2025/05/19 01:45:55.595304242,114.00000000000001
2025/05/19 01:45:55.695188834,114.00000000000001
2025/05/19 01:45:55.789886848,114.00000000000001
2025/05/19 01:45:55.888045896,114.00000000000001
2025/05/19 01:45:55.989409856,114.00000000000001
2025/05/19 01:45:56.93030307,115.0
2025/05/19 01:45:56.199897928,115.0
2025/05/19 01:45:56.288935800,115.0
2025/05/19 01:45:56.386139995,115.0
2025/05/19 01:45:56.491742511,115.0
2025/05/19 01:45:56.593173986,115.0
2025/05/19 01:45:56.687674368,115.0
2025/05/19 01:45:56.792643064,115.0
2025/05/19 01:45:56.890834324,115.0
2025/05/19 01:45:56.992976722,115.0
2025/05/19 01:45:57.91590809,115.0
2025/05/19 01:45:57.191262356,115.0
2025/05/19 01:45:57.292348521,115.0
2025/05/19 01:45:57.386151275,115.0
2025/05/19 01:45:57.500726388,115.0
2025/05/19 01:45:57.589992027,115.0
2025/05/19 01:45:57.687344705,115.0
2025/05/19 01:45:57.793133281,115.0
2025/05/19 01:45:57.885983488,115.0
2025/05/19 01:45:57.993132091,115.0
2025/05/19 01:45:58.89960330,115.0
2025/05/19 01:45:58.190302779,115.0
2025/05/19 01:45:58.284562529,115.0
2025/05/19 01:45:58.390158335,115.0
2025/05/19 01:45:58.494160839,115.0
2025/05/19 01:45:58.587394623,115.0
2025/05/19 01:45:58.691921960,115.0
2025/05/19 01:45:58.785719007,115.0
2025/05/19 01:45:58.892731467,115.0
2025/05/19 01:45:58.990247295,115.0
2025/05/19 01:45:59.94511983,116.00000000000001
2025/05/19 01:45:59.192950492,116.00000000000001
2025/05/19 01:45:59.298167168,116.00000000000001
2025/05/19 01:45:59.390082134,116.00000000000001
2025/05/19 01:45:59.483232790,116.00000000000001
2025/05/19 01:45:59.588147045,116.00000000000001
2025/05/19 01:45:59.698179423,115.0
2025/05/19 01:45:59.791448543,115.0
2025/05/19 01:45:59.889383755,115.0
2025/05/19 01:45:59.983984733,115.0
2025/05/19 01:46:00.90568605,116.00000000000001
2025/05/19 01:46:00.193602671,116.00000000000001
2025/05/19 01:46:00.290849131,116.00000000000001
2025/05/19 01:46:00.388654798,116.00000000000001
2025/05/19 01:46:00.484751368,116.00000000000001
2025/05/19 01:46:00.594202326,116.00000000000001
2025/05/19 01:46:00.691815937,116.00000000000001
2025/05/19 01:46:00.788705823,115.0
2025/05/19 01:46:00.892130741,115.0
2025/05/19 01:46:00.985240925,115.0
2025/05/19 01:46:01.95315140,116.00000000000001
2025/05/19 01:46:01.191652761,116.00000000000001
2025/05/19 01:46:01.291450587,116.00000000000001
2025/05/19 01:46:01.386732275,116.00000000000001
2025/05/19 01:46:01.491927473,116.00000000000001
2025/05/19 01:46:01.594894194,116.00000000000001
2025/05/19 01:46:01.686824458,116.00000000000001
2025/05/19 01:46:01.792797593,116.00000000000001
2025/05/19 01:46:01.886674081,116.00000000000001
2025/05/19 01:46:01.990001696,116.28647889756542
2025/05/19 01:46:02.93472433,117.0
2025/05/19 01:46:02.194055464,117.0
2025/05/19 01:46:02.288033641,117.0
2025/05/19 01:46:02.391054217,117.0
2025/05/19 01:46:02.488456632,117.0
2025/05/19 01:46:02.590218325,117.0
2025/05/19 01:46:02.687970009,117.0
2025/05/19 01:46:02.799661347,117.0
2025/05/19 01:46:02.889274639,117.0
2025/05/19 01:46:02.991816807,117.0
2025/05/19 01:46:03.93540844,116.00000000000001
2025/05/19 01:46:03.195772434,116.00000000000001
2025/05/19 01:46:03.292928624,115.0
2025/05/19 01:46:03.386062809,115.0
2025/05/19 01:46:03.492864472,114.00000000000001
2025/05/19 01:46:03.588369629,114.00000000000001
2025/05/19 01:46:03.697502714,114.00000000000001
2025/05/19 01:46:03.794465164,114.00000000000001
2025/05/19 01:46:03.885753433,114.00000000000001
2025/05/19 01:46:03.988890942,114.00000000000001
2025/05/19 01:46:04.96078618,114.00000000000001
2025/05/19 01:46:04.186493468,114.00000000000001
2025/05/19 01:46:04.281942579,114.00000000000001
2025/05/19 01:46:04.390068703,114.00000000000001
2025/05/19 01:46:04.485582599,114.00000000000001
2025/05/19 01:46:04.591614244,114.00000000000001
2025/05/19 01:46:04.686025536,114.00000000000001
2025/05/19 01:46:04.787608359,114.00000000000001
2025/05/19 01:46:04.895308197,114.00000000000001
2025/05/19 01:46:04.986152899,114.00000000000001
2025/05/19 01:46:05.97292835,114.00000000000001
2025/05/19 01:46:05.193348041,114.00000000000001
2025/05/19 01:46:05.286626168,114.00000000000001
2025/05/19 01:46:05.394420361,114.00000000000001
2025/05/19 01:46:05.485114765,114.00000000000001
2025/05/19 01:46:05.588256585,114.00000000000001
2025/05/19 01:46:05.684389732,114.00000000000001
2025/05/19 01:46:05.794230971,114.00000000000001
2025/05/19 01:46:05.892916835,114.00000000000001
2025/05/19 01:46:05.995930540,114.00000000000001
2025/05/19 01:46:06.89020264,115.0
2025/05/19 01:46:06.195016396,116.00000000000001
2025/05/19 01:46:06.287308761,116.00000000000001
2025/05/19 01:46:06.387331949,116.00000000000001
2025/05/19 01:46:06.484503486,116.00000000000001
2025/05/19 01:46:06.594633323,116.00000000000001
2025/05/19 01:46:06.685272521,116.00000000000001
2025/05/19 01:46:06.799125175,116.00000000000001
2025/05/19 01:46:06.893124882,116.00000000000001
2025/05/19 01:46:06.988053538,116.00000000000001
2025/05/19 01:46:07.89223731,116.00000000000001
2025/05/19 01:46:07.196802657,116.00000000000001
2025/05/19 01:46:07.286589408,116.00000000000001
2025/05/19 01:46:07.388562492,116.00000000000001
2025/05/19 01:46:07.491644273,116.00000000000001
2025/05/19 01:46:07.589671949,116.00000000000001
2025/05/19 01:46:07.690925591,116.00000000000001
2025/05/19 01:46:07.789608156,116.00000000000001
2025/05/19 01:46:07.886579696,116.00000000000001
2025/05/19 01:46:07.990223202,116.00000000000001
2025/05/19 01:46:08.87019125,116.00000000000001
2025/05/19 01:46:08.191326931,116.00000000000001
2025/05/19 01:46:08.293064286,116.00000000000001
2025/05/19 01:46:08.389964031,116.00000000000001
2025/05/19 01:46:08.489894001,116.00000000000001
2025/05/19 01:46:08.592789495,116.00000000000001
2025/05/19 01:46:08.684818962,116.00000000000001
2025/05/19 01:46:08.792967143,116.00000000000001
2025/05/19 01:46:08.886879998,116.00000000000001
2025/05/19 01:46:08.991471956,116.00000000000001
2025/05/19 01:46:09.87656651,116.00000000000001
2025/05/19 01:46:09.192354696,116.00000000000001
2025/05/19 01:46:09.295931610,116.00000000000001
2025/05/19 01:46:09.386991416,116.00000000000001
2025/05/19 01:46:09.489113518,116.00000000000001
2025/05/19 01:46:09.595982575,116.00000000000001
2025/05/19 01:46:09.691202029,116.00000000000001
2025/05/19 01:46:09.787996502,116.00000000000001
2025/05/19 01:46:09.895511841,117.0
2025/05/19 01:46:09.987032221,117.0
2025/05/19 01:46:10.86425461,117.0
2025/05/19 01:46:10.191659462,117.0
2025/05/19 01:46:10.291847980,117.0
2025/05/19 01:46:10.389639149,117.0
2025/05/19 01:46:10.485293977,117.0
2025/05/19 01:46:10.591951547,117.0
2025/05/19 01:46:10.687041258,117.0
2025/05/19 01:46:10.787454012,117.0
2025/05/19 01:46:10.892165888,117.0
2025/05/19 01:46:10.985184824,117.0
2025/05/19 01:46:11.88401850,117.0
2025/05/19 01:46:11.191951280,117.0
2025/05/19 01:46:11.288753467,117.0
2025/05/19 01:46:11.389839828,117.0
2025/05/19 01:46:11.488700649,117.0
2025/05/19 01:46:11.583502952,117.0
2025/05/19 01:46:11.688905998,117.0
2025/05/19 01:46:11.784526447,117.0
2025/05/19 01:46:11.893161685,117.0
2025/05/19 01:46:11.995565052,117.0
2025/05/19 01:46:12.89079712,117.0
2025/05/19 01:46:12.196483076,117.0
2025/05/19 01:46:12.287719356,117.0
2025/05/19 01:46:12.389216539,117.0
2025/05/19 01:46:12.489003190,117.0
2025/05/19 01:46:12.592887129,117.0
2025/05/19 01:46:12.691342833,117.0
2025/05/19 01:46:12.786161638,117.0
2025/05/19 01:46:12.889206911,118.00000000000001
2025/05/19 01:46:12.993045162,119.0
2025/05/19 01:46:13.87379734,119.0
2025/05/19 01:46:13.192903862,119.0
2025/05/19 01:46:13.288817005,119.0
2025/05/19 01:46:13.386145404,119.0
2025/05/19 01:46:13.485840533,119.0
2025/05/19 01:46:13.592213894,119.0
2025/05/19 01:46:13.685368625,119.0
2025/05/19 01:46:13.791063144,119.0
2025/05/19 01:46:13.890670446,119.0
2025/05/19 01:46:13.993160233,119.0
2025/05/19 01:46:14.87727036,119.0
2025/05/19 01:46:14.183300942,119.0
2025/05/19 01:46:14.288195521,119.0
2025/05/19 01:46:14.390215774,119.0
2025/05/19 01:46:14.492599630,119.0
2025/05/19 01:46:14.588480221,119.0
2025/05/19 01:46:14.686750629,119.0
2025/05/19 01:46:14.790512236,119.0
2025/05/19 01:46:14.889790899,118.00000000000001
2025/05/19 01:46:14.985484046,117.0
2025/05/19 01:46:15.93012374,115.0
2025/05/19 01:46:15.194352939,114.00000000000001
2025/05/19 01:46:15.292320693,114.00000000000001
2025/05/19 01:46:15.387663595,113.0
2025/05/19 01:46:15.489223208,113.0
2025/05/19 01:46:15.592294693,113.0
2025/05/19 01:46:15.695913442,113.0
2025/05/19 01:46:15.788964595,113.0
2025/05/19 01:46:15.891500847,114.00000000000001
2025/05/19 01:46:15.988651152,114.00000000000001
2025/05/19 01:46:16.91423793,114.00000000000001
2025/05/19 01:46:16.193808126,114.00000000000001
2025/05/19 01:46:16.285576743,114.00000000000001
2025/05/19 01:46:16.392613243,114.00000000000001
2025/05/19 01:46:16.490961592,114.00000000000001
2025/05/19 01:46:16.590426107,114.00000000000001
2025/05/19 01:46:16.695201455,114.00000000000001
2025/05/19 01:46:16.787645019,114.00000000000001
2025/05/19 01:46:16.892359927,114.00000000000001
2025/05/19 01:46:16.990058769,114.00000000000001
2025/05/19 01:46:17.85088655,114.00000000000001
2025/05/19 01:46:17.196368346,114.00000000000001
2025/05/19 01:46:17.290417002,114.00000000000001
2025/05/19 01:46:17.390414508,114.00000000000001
2025/05/19 01:46:17.497046634,114.00000000000001
2025/05/19 01:46:17.590980833,114.00000000000001
2025/05/19 01:46:17.692418270,114.00000000000001
2025/05/19 01:46:17.787151171,114.00000000000001
2025/05/19 01:46:17.893016933,115.0
2025/05/19 01:46:17.986879573,115.0
2025/05/19 01:46:18.88489770,115.0
2025/05/19 01:46:18.189883239,115.0
2025/05/19 01:46:18.291885231,115.0
2025/05/19 01:46:18.394018477,115.0
2025/05/19 01:46:18.488810500,115.0
2025/05/19 01:46:18.592483026,115.0
2025/05/19 01:46:18.688877543,115.0
2025/05/19 01:46:18.793859260,115.0
2025/05/19 01:46:18.899320126,115.0
2025/05/19 01:46:18.987302897,115.0
2025/05/19 01:46:19.92632219,115.0
2025/05/19 01:46:19.192941761,115.0
2025/05/19 01:46:19.289007182,115.0
2025/05/19 01:46:19.393181237,115.0
2025/05/19 01:46:19.482225916,115.0
2025/05/19 01:46:19.589390662,115.0
2025/05/19 01:46:19.693499844,115.0
2025/05/19 01:46:19.788640159,115.0
2025/05/19 01:46:19.890943734,115.0
2025/05/19 01:46:19.994128570,115.0
2025/05/19 01:46:20.93827177,115.0
2025/05/19 01:46:20.190586163,115.0
2025/05/19 01:46:20.294279420,115.0
2025/05/19 01:46:20.394219329,115.0
2025/05/19 01:46:20.490072087,115.0
2025/05/19 01:46:20.592132381,115.0
2025/05/19 01:46:20.686579764,115.0
2025/05/19 01:46:20.797549326,115.0
2025/05/19 01:46:20.888894632,115.0
2025/05/19 01:46:20.991730374,115.0
2025/05/19 01:46:21.95438308,115.0
2025/05/19 01:46:21.189988939,115.0
2025/05/19 01:46:21.295202094,115.0
2025/05/19 01:46:21.397607180,115.0
2025/05/19 01:46:21.485275563,115.0
2025/05/19 01:46:21.599620817,115.0
2025/05/19 01:46:21.689250464,115.0
2025/05/19 01:46:21.792424426,115.0
2025/05/19 01:46:21.892619621,115.0
2025/05/19 01:46:21.991097682,115.0
2025/05/19 01:46:22.83414469,115.0
2025/05/19 01:46:22.191980121,115.0
2025/05/19 01:46:22.291461930,115.0
2025/05/19 01:46:22.383869964,115.0
2025/05/19 01:46:22.491214764,115.0
2025/05/19 01:46:22.591309786,115.0
2025/05/19 01:46:22.687459696,115.0
2025/05/19 01:46:22.791160854,115.0
2025/05/19 01:46:22.891603940,115.0
2025/05/19 01:46:22.994128413,115.0
2025/05/19 01:46:23.85897306,115.0
2025/05/19 01:46:23.193528893,115.0
2025/05/19 01:46:23.286883964,115.0
2025/05/19 01:46:23.384016942,115.0
2025/05/19 01:46:23.490150234,115.0
2025/05/19 01:46:23.595460991,115.0
2025/05/19 01:46:23.684516619,115.0
2025/05/19 01:46:23.795805984,115.0
2025/05/19 01:46:23.891006644,115.0
2025/05/19 01:46:23.990370078,115.0
2025/05/19 01:46:24.84971745,115.0
2025/05/19 01:46:24.198085111,115.0
2025/05/19 01:46:24.289390066,115.0
2025/05/19 01:46:24.392627029,115.0
2025/05/19 01:46:24.492750008,115.0
2025/05/19 01:46:24.588966773,115.0
2025/05/19 01:46:24.694207903,115.0
2025/05/19 01:46:24.788494010,115.0
2025/05/19 01:46:24.891481601,114.00000000000001
2025/05/19 01:46:24.986000294,114.00000000000001
2025/05/19 01:46:25.93853231,114.00000000000001
2025/05/19 01:46:25.193242322,114.00000000000001
2025/05/19 01:46:25.293471377,114.00000000000001
2025/05/19 01:46:25.387419044,114.00000000000001
2025/05/19 01:46:25.492707243,114.00000000000001
2025/05/19 01:46:25.589055939,114.00000000000001
2025/05/19 01:46:25.686329658,114.00000000000001
2025/05/19 01:46:25.789467149,114.00000000000001
2025/05/19 01:46:25.883662299,114.00000000000001
2025/05/19 01:46:25.990278382,114.00000000000001
2025/05/19 01:46:26.94768126,114.00000000000001
2025/05/19 01:46:26.186997646,114.00000000000001
2025/05/19 01:46:26.289210001,114.00000000000001
2025/05/19 01:46:26.396699820,114.00000000000001
2025/05/19 01:46:26.487195120,114.00000000000001
2025/05/19 01:46:26.598523269,114.00000000000001
2025/05/19 01:46:26.686669538,114.00000000000001
2025/05/19 01:46:26.794753247,114.00000000000001
2025/05/19 01:46:26.889533091,114.00000000000001
2025/05/19 01:46:26.997507095,115.0
2025/05/19 01:46:27.88454454,115.0
2025/05/19 01:46:27.191799969,115.0
2025/05/19 01:46:27.289462949,115.0
2025/05/19 01:46:27.397905930,115.0
2025/05/19 01:46:27.490486931,115.0
2025/05/19 01:46:27.587070838,115.0
2025/05/19 01:46:27.693911819,115.0
2025/05/19 01:46:27.788895089,115.0
2025/05/19 01:46:27.886198211,115.0
2025/05/19 01:46:27.994399664,115.0
2025/05/19 01:46:28.87642139,115.0
2025/05/19 01:46:28.188289731,115.0
2025/05/19 01:46:28.297626216,115.0
2025/05/19 01:46:28.388176961,115.0
2025/05/19 01:46:28.489304331,115.0
2025/05/19 01:46:28.594099205,115.0
2025/05/19 01:46:28.688532840,115.0
2025/05/19 01:46:28.793406356,115.0
2025/05/19 01:46:28.889766794,115.0
2025/05/19 01:46:28.996868147,115.0
2025/05/19 01:46:29.89570800,115.0
2025/05/19 01:46:29.193236692,115.0
2025/05/19 01:46:29.289275280,115.0
2025/05/19 01:46:29.391273595,115.0
2025/05/19 01:46:29.487702532,115.0
2025/05/19 01:46:29.590959194,115.0
2025/05/19 01:46:29.688771131,115.0
2025/05/19 01:46:29.798291912,115.0
2025/05/19 01:46:29.888299351,115.0
2025/05/19 01:46:29.989274637,114.00000000000001
2025/05/19 01:46:30.90621007,114.00000000000001
2025/05/19 01:46:30.193919555,114.00000000000001
2025/05/19 01:46:30.286539039,114.00000000000001
2025/05/19 01:46:30.392333097,114.00000000000001
2025/05/19 01:46:30.490921615,114.00000000000001
2025/05/19 01:46:30.596365494,114.00000000000001
2025/05/19 01:46:30.691891741,114.00000000000001
2025/05/19 01:46:30.790986678,114.00000000000001
2025/05/19 01:46:30.886009316,114.00000000000001
2025/05/19 01:46:30.993917644,114.00000000000001
2025/05/19 01:46:31.91354432,114.00000000000001
2025/05/19 01:46:31.189254172,114.00000000000001
2025/05/19 01:46:31.285788321,114.00000000000001
2025/05/19 01:46:31.392341290,114.00000000000001
2025/05/19 01:46:31.488271867,114.00000000000001
2025/05/19 01:46:31.588937748,114.00000000000001
2025/05/19 01:46:31.688893146,114.00000000000001
2025/05/19 01:46:31.787536451,114.00000000000001
2025/05/19 01:46:31.895652794,114.00000000000001
2025/05/19 01:46:31.986617415,114.00000000000001
2025/05/19 01:46:32.90951197,114.00000000000001
2025/05/19 01:46:32.190072438,114.00000000000001
2025/05/19 01:46:32.285176853,114.00000000000001
2025/05/19 01:46:32.387362315,114.00000000000001
2025/05/19 01:46:32.491090639,114.00000000000001
2025/05/19 01:46:32.588204526,114.00000000000001
2025/05/19 01:46:32.684209081,114.00000000000001
2025/05/19 01:46:32.788825463,114.00000000000001
2025/05/19 01:46:32.903032663,114.00000000000001
2025/05/19 01:46:32.990270196,114.00000000000001
2025/05/19 01:46:33.87111588,114.00000000000001
2025/05/19 01:46:33.194226103,114.00000000000001
2025/05/19 01:46:33.289547929,114.00000000000001
2025/05/19 01:46:33.392425968,114.00000000000001
2025/05/19 01:46:33.485124005,114.00000000000001
2025/05/19 01:46:33.591286294,114.00000000000001
2025/05/19 01:46:33.691311979,114.00000000000001
2025/05/19 01:46:33.788763232,114.00000000000001
2025/05/19 01:46:33.893157158,114.00000000000001
2025/05/19 01:46:33.987950775,114.00000000000001
2025/05/19 01:46:34.91206820,114.00000000000001
2025/05/19 01:46:34.185192996,114.00000000000001
2025/05/19 01:46:34.288502067,114.00000000000001
2025/05/19 01:46:34.385129148,114.00000000000001
2025/05/19 01:46:34.488540454,114.00000000000001
2025/05/19 01:46:34.593414866,114.00000000000001
2025/05/19 01:46:34.688088473,114.00000000000001
2025/05/19 01:46:34.791186891,114.00000000000001
2025/05/19 01:46:34.887818479,114.00000000000001
2025/05/19 01:46:34.993437015,114.00000000000001
2025/05/19 01:46:35.86940453,114.00000000000001
2025/05/19 01:46:35.195634705,114.00000000000001
2025/05/19 01:46:35.292898905,114.00000000000001
2025/05/19 01:46:35.387401323,114.00000000000001
2025/05/19 01:46:35.492701678,114.00000000000001
2025/05/19 01:46:35.584931863,114.00000000000001
2025/05/19 01:46:35.697175257,114.00000000000001
2025/05/19 01:46:35.787009068,114.00000000000001
2025/05/19 01:46:35.896259234,114.00000000000001
2025/05/19 01:46:35.988677233,114.00000000000001
2025/05/19 01:46:36.94289930,114.00000000000001
2025/05/19 01:46:36.187712015,114.00000000000001
2025/05/19 01:46:36.291528890,114.00000000000001
2025/05/19 01:46:36.389515824,114.00000000000001
2025/05/19 01:46:36.493978206,114.00000000000001
2025/05/19 01:46:36.592970704,114.00000000000001
2025/05/19 01:46:36.689681755,114.00000000000001
2025/05/19 01:46:36.796178518,114.00000000000001
2025/05/19 01:46:36.891260540,114.00000000000001
2025/05/19 01:46:36.988912452,114.00000000000001
2025/05/19 01:46:37.88564149,114.00000000000001
2025/05/19 01:46:37.194808303,114.00000000000001
2025/05/19 01:46:37.291989519,114.00000000000001
2025/05/19 01:46:37.388697054,114.00000000000001
2025/05/19 01:46:37.490066080,114.00000000000001
2025/05/19 01:46:37.592320785,114.00000000000001
2025/05/19 01:46:37.689517615,114.28647889756542
2025/05/19 01:46:37.792884654,115.0
2025/05/19 01:46:37.888457444,116.28647889756542
2025/05/19 01:46:37.992272137,117.2864788975654
2025/05/19 01:46:38.91325364,118.00000000000001
2025/05/19 01:46:38.185083457,119.0
2025/05/19 01:46:38.293996623,119.99999999999999
2025/05/19 01:46:38.389393292,120.2864788975654
2025/05/19 01:46:38.498571486,121.0
2025/05/19 01:46:38.590701067,122.2864788975654
2025/05/19 01:46:38.689297279,123.00000000000001
2025/05/19 01:46:38.784298530,123.00000000000001
2025/05/19 01:46:38.891190024,124.0
2025/05/19 01:46:38.990432421,124.0
2025/05/19 01:46:39.86307381,125.00000000000001
2025/05/19 01:46:39.194122872,126.0
2025/05/19 01:46:39.287584214,126.0
2025/05/19 01:46:39.391247578,126.2864788975654
2025/05/19 01:46:39.492124433,127.00000000000001
2025/05/19 01:46:39.592454117,127.00000000000001
2025/05/19 01:46:39.691917843,127.00000000000001
2025/05/19 01:46:39.787868483,127.00000000000001
2025/05/19 01:46:39.892840607,127.00000000000001
2025/05/19 01:46:39.988239263,127.00000000000001
2025/05/19 01:46:40.90447259,127.00000000000001
2025/05/19 01:46:40.196739316,127.00000000000001
2025/05/19 01:46:40.289709215,127.00000000000001
2025/05/19 01:46:40.396512001,127.00000000000001
2025/05/19 01:46:40.487788263,127.00000000000001
2025/05/19 01:46:40.596516537,127.00000000000001
2025/05/19 01:46:40.690888920,127.00000000000001
2025/05/19 01:46:40.792432408,127.00000000000001
2025/05/19 01:46:40.893050668,127.00000000000001
2025/05/19 01:46:40.993351597,128.0
2025/05/19 01:46:41.85250847,128.0
2025/05/19 01:46:41.192211754,128.0
2025/05/19 01:46:41.286730296,128.0
2025/05/19 01:46:41.390015006,128.0
2025/05/19 01:46:41.486889168,128.0
2025/05/19 01:46:41.591191458,128.0
2025/05/19 01:46:41.694569487,128.0
2025/05/19 01:46:41.793653497,128.0
2025/05/19 01:46:41.887586363,128.0
2025/05/19 01:46:41.994786506,128.0
2025/05/19 01:46:42.84615373,128.0
2025/05/19 01:46:42.189510369,128.0
2025/05/19 01:46:42.291189457,129.0
2025/05/19 01:46:42.388160050,129.0
2025/05/19 01:46:42.490883402,129.0
2025/05/19 01:46:42.585803496,129.0
2025/05/19 01:46:42.693454291,129.0
2025/05/19 01:46:42.785010083,129.0
2025/05/19 01:46:42.889547774,129.0
2025/05/19 01:46:42.995012584,129.0
2025/05/19 01:46:43.84968833,129.0
2025/05/19 01:46:43.194631493,129.0
2025/05/19 01:46:43.285604398,129.0
2025/05/19 01:46:43.389795405,129.0
2025/05/19 01:46:43.491015922,128.71352110243458
2025/05/19 01:46:43.584503017,128.0
2025/05/19 01:46:43.700330223,128.0
2025/05/19 01:46:43.795546678,128.0
2025/05/19 01:46:43.891559023,128.0
2025/05/19 01:46:43.998255100,128.0
2025/05/19 01:46:44.86879188,128.0
2025/05/19 01:46:44.191970016,128.0
2025/05/19 01:46:44.294038038,128.0
2025/05/19 01:46:44.391104084,128.0
2025/05/19 01:46:44.488246128,128.0
2025/05/19 01:46:44.595164751,128.0
2025/05/19 01:46:44.696055875,128.0
2025/05/19 01:46:44.792305285,128.0
2025/05/19 01:46:44.890343895,128.0
2025/05/19 01:46:44.995381834,128.0
2025/05/19 01:46:45.96159703,128.0
2025/05/19 01:46:45.195141766,128.0
2025/05/19 01:46:45.291843632,128.0
2025/05/19 01:46:45.385971511,128.0
2025/05/19 01:46:45.491939275,128.0
2025/05/19 01:46:45.588094967,128.0
2025/05/19 01:46:45.692256020,128.0
2025/05/19 01:46:45.783443512,128.0
2025/05/19 01:46:45.891738492,128.0
2025/05/19 01:46:45.996307509,128.0
2025/05/19 01:46:46.91258755,128.0
2025/05/19 01:46:46.194753002,128.0
2025/05/19 01:46:46.296630883,128.0
2025/05/19 01:46:46.385355372,128.0
2025/05/19 01:46:46.494897344,128.0
2025/05/19 01:46:46.593222062,128.0
2025/05/19 01:46:46.687105380,128.0
2025/05/19 01:46:46.793497879,128.0
2025/05/19 01:46:46.889888998,128.0
2025/05/19 01:46:46.990700331,128.0
2025/05/19 01:46:47.87035039,128.0
2025/05/19 01:46:47.195588794,128.0
2025/05/19 01:46:47.287331684,129.0
2025/05/19 01:46:47.399332238,129.0
2025/05/19 01:46:47.487736101,129.0
2025/05/19 01:46:47.594194829,128.0
2025/05/19 01:46:47.692510204,128.0
2025/05/19 01:46:47.792324014,129.0
2025/05/19 01:46:47.887288102,129.0
2025/05/19 01:46:47.986617478,129.0
2025/05/19 01:46:48.87260530,129.0
2025/05/19 01:46:48.185571255,129.0
2025/05/19 01:46:48.295759937,129.0
2025/05/19 01:46:48.387424365,129.0
2025/05/19 01:46:48.500019036,129.0
2025/05/19 01:46:48.585580440,128.0
2025/05/19 01:46:48.688361585,129.0
2025/05/19 01:46:48.800064077,129.0
2025/05/19 01:46:48.887667936,129.0
2025/05/19 01:46:48.993813104,129.0
2025/05/19 01:46:49.86551917,129.0
2025/05/19 01:46:49.192478410,129.0
2025/05/19 01:46:49.289658165,129.0
2025/05/19 01:46:49.390651712,129.0
2025/05/19 01:46:49.485129801,129.0
2025/05/19 01:46:49.593958433,129.0
2025/05/19 01:46:49.684568073,129.0
2025/05/19 01:46:49.789375596,129.0
2025/05/19 01:46:49.886257300,129.0
2025/05/19 01:46:49.990180555,129.0
2025/05/19 01:46:50.91617878,129.0
2025/05/19 01:46:50.186413266,129.0
2025/05/19 01:46:50.290808957,129.0
2025/05/19 01:46:50.384637851,129.0
2025/05/19 01:46:50.492072326,129.0
2025/05/19 01:46:50.586122926,129.0
2025/05/19 01:46:50.693243058,129.0
2025/05/19 01:46:50.791282201,129.0
2025/05/19 01:46:50.885740505,129.0
2025/05/19 01:46:50.994338599,130.0
2025/05/19 01:46:51.92536314,130.0
2025/05/19 01:46:51.188027811,130.0
2025/05/19 01:46:51.291544950,131.0
2025/05/19 01:46:51.394244032,132.0
2025/05/19 01:46:51.486851699,133.0
2025/05/19 01:46:51.590885058,134.0
2025/05/19 01:46:51.697216863,135.28647889756542
2025/05/19 01:46:51.787362520,136.0
2025/05/19 01:46:51.886761538,137.0
2025/05/19 01:46:51.990311938,138.2864788975654
2025/05/19 01:46:52.95883334,140.5729577951308
2025/05/19 01:46:52.191232953,141.0
2025/05/19 01:46:52.295834745,142.0
2025/05/19 01:46:52.383990145,144.28647889756542
2025/05/19 01:46:52.488135858,145.28647889756542
2025/05/19 01:46:52.596669035,146.0
2025/05/19 01:46:52.698672742,148.28647889756542
2025/05/19 01:46:52.789096525,149.0
2025/05/19 01:46:52.894687084,151.2864788975654
2025/05/19 01:46:52.996527576,152.0
2025/05/19 01:46:53.88870499,154.0
2025/05/19 01:46:53.188209284,155.0
2025/05/19 01:46:53.289464374,156.2864788975654
2025/05/19 01:46:53.392155533,157.0
2025/05/19 01:46:53.487959996,157.71352110243458
2025/05/19 01:46:53.584767651,156.4270422048692
2025/05/19 01:46:53.691411319,156.0
2025/05/19 01:46:53.788693063,153.4270422048692
2025/05/19 01:46:53.887291485,152.71352110243458
2025/05/19 01:46:53.985684269,150.4270422048692
2025/05/19 01:46:54.94929987,149.7135211024346
2025/05/19 01:46:54.182937366,147.7135211024346
2025/05/19 01:46:54.291741828,147.0
2025/05/19 01:46:54.389078748,147.0
2025/05/19 01:46:54.493720688,146.71352110243458
2025/05/19 01:46:54.595499770,145.71352110243458
2025/05/19 01:46:54.717031889,145.0
2025/05/19 01:46:54.788250409,145.0
2025/05/19 01:46:54.896188104,145.0
2025/05/19 01:46:54.992057342,145.0
2025/05/19 01:46:55.88454729,145.0
2025/05/19 01:46:55.195591351,145.57295779513083
2025/05/19 01:46:55.294361392,146.0
2025/05/19 01:46:55.388012143,146.0
2025/05/19 01:46:55.488645549,146.0
2025/05/19 01:46:55.597367007,145.0
2025/05/19 01:46:55.684489935,145.0
2025/05/19 01:46:55.797703626,145.0
2025/05/19 01:46:55.891559753,146.0
2025/05/19 01:46:55.990574090,146.0
2025/05/19 01:46:56.91324410,146.0
2025/05/19 01:46:56.184814405,146.0
2025/05/19 01:46:56.289442762,146.0
2025/05/19 01:46:56.394280143,146.0
2025/05/19 01:46:56.487088003,146.0
2025/05/19 01:46:56.593843537,145.0
2025/05/19 01:46:56.689257287,145.0
2025/05/19 01:46:56.793605810,146.0
2025/05/19 01:46:56.888888010,146.0
2025/05/19 01:46:56.994713114,146.0
2025/05/19 01:46:57.86931351,146.0
2025/05/19 01:46:57.193833409,146.0
2025/05/19 01:46:57.293469533,146.0
2025/05/19 01:46:57.384782827,146.0
2025/05/19 01:46:57.489545890,146.0
2025/05/19 01:46:57.589881690,145.0
2025/05/19 01:46:57.686638780,143.0
2025/05/19 01:46:57.792454413,141.71352110243458
2025/05/19 01:46:57.897560295,141.0
2025/05/19 01:46:57.991223855,139.0
2025/05/19 01:46:58.90711265,138.0
2025/05/19 01:46:58.187500829,137.0
2025/05/19 01:46:58.292827127,137.0
2025/05/19 01:46:58.387710488,137.0
2025/05/19 01:46:58.488105538,137.0
2025/05/19 01:46:58.591530267,137.0
2025/05/19 01:46:58.686096609,137.0
2025/05/19 01:46:58.789557822,137.0
2025/05/19 01:46:58.895712212,137.0
2025/05/19 01:46:58.986382616,137.0
2025/05/19 01:46:59.89600598,137.0
2025/05/19 01:46:59.192515417,137.0
2025/05/19 01:46:59.286582711,137.0
2025/05/19 01:46:59.390587203,137.0
2025/05/19 01:46:59.493320204,137.0
2025/05/19 01:46:59.587917670,137.0
2025/05/19 01:46:59.689098761,138.0
2025/05/19 01:46:59.790645804,138.0
2025/05/19 01:46:59.893716004,138.0
2025/05/19 01:46:59.994719250,138.0
2025/05/19 01:47:00.92920656,138.0
2025/05/19 01:47:00.188968809,138.0
2025/05/19 01:47:00.293740030,138.0
2025/05/19 01:47:00.386417216,138.0
2025/05/19 01:47:00.488484766,138.0
2025/05/19 01:47:00.585444748,139.0
2025/05/19 01:47:00.691199001,139.0
2025/05/19 01:47:00.793404109,139.0
2025/05/19 01:47:00.888750544,140.0
2025/05/19 01:47:00.989398805,140.0
2025/05/19 01:47:01.93340815,140.0
2025/05/19 01:47:01.193166736,140.0
2025/05/19 01:47:01.295820827,140.0
2025/05/19 01:47:01.387841792,140.0
2025/05/19 01:47:01.490405149,140.0
2025/05/19 01:47:01.593317146,140.0
2025/05/19 01:47:01.689529055,140.0
2025/05/19 01:47:01.790868728,140.0
2025/05/19 01:47:01.887937636,140.0
2025/05/19 01:47:01.994368536,140.0
2025/05/19 01:47:02.93923184,140.0
2025/05/19 01:47:02.193692348,140.0
2025/05/19 01:47:02.295074976,140.0
2025/05/19 01:47:02.389304269,140.0
2025/05/19 01:47:02.495621307,140.0
2025/05/19 01:47:02.588000622,140.0
2025/05/19 01:47:02.691767766,140.0
2025/05/19 01:47:02.788360952,140.0
2025/05/19 01:47:02.890594108,140.0
2025/05/19 01:47:02.990773301,140.0
2025/05/19 01:47:03.87859929,140.0
2025/05/19 01:47:03.192646641,140.0
2025/05/19 01:47:03.285872326,140.0
2025/05/19 01:47:03.390470205,140.0
2025/05/19 01:47:03.493117292,140.0
2025/05/19 01:47:03.594949154,141.28647889756542
2025/05/19 01:47:03.696755719,142.0
2025/05/19 01:47:03.799484736,142.0
2025/05/19 01:47:03.889581345,142.0
2025/05/19 01:47:03.984918380,142.0
2025/05/19 01:47:04.89688982,142.0
2025/05/19 01:47:04.194142927,142.0
2025/05/19 01:47:04.294990941,142.0
2025/05/19 01:47:04.391920269,142.0
2025/05/19 01:47:04.504604453,142.0
2025/05/19 01:47:04.590377250,144.57831007808863
2025/05/19 01:47:04.686950298,145.0
2025/05/19 01:47:04.789250231,145.0
2025/05/19 01:47:04.895282827,145.0
2025/05/19 01:47:04.994304524,145.0
2025/05/19 01:47:05.92905082,145.0
2025/05/19 01:47:05.188657395,145.0
2025/05/19 01:47:05.293717582,145.0
2025/05/19 01:47:05.387504926,145.0
2025/05/19 01:47:05.493803207,145.0
2025/05/19 01:47:05.585427734,145.0
2025/05/19 01:47:05.686528225,145.0
2025/05/19 01:47:05.795538970,145.0
2025/05/19 01:47:05.896654791,145.0
2025/05/19 01:47:05.994726174,145.0
2025/05/19 01:47:06.95827477,145.0
2025/05/19 01:47:06.188204555,145.0
2025/05/19 01:47:06.292881196,145.0
2025/05/19 01:47:06.387434524,145.0
2025/05/19 01:47:06.486170017,145.0
2025/05/19 01:47:06.594754122,142.13521102434595
2025/05/19 01:47:06.685459942,141.0
2025/05/19 01:47:06.806427216,141.0
2025/05/19 01:47:06.895990503,141.0
2025/05/19 01:47:06.997456503,141.0
2025/05/19 01:47:07.93734149,141.0
2025/05/19 01:47:07.187550146,141.0
2025/05/19 01:47:07.286942165,141.0
2025/05/19 01:47:07.395121777,141.0
2025/05/19 01:47:07.494082089,141.0
2025/05/19 01:47:07.589694478,141.0
2025/05/19 01:47:07.697385561,142.0
2025/05/19 01:47:07.787480639,142.0
2025/05/19 01:47:07.898456872,142.0
2025/05/19 01:47:07.985317551,142.0
2025/05/19 01:47:08.98366412,142.0
2025/05/19 01:47:08.192418093,142.0
2025/05/19 01:47:08.292096517,142.0
2025/05/19 01:47:08.393925640,142.0
2025/05/19 01:47:08.487559249,142.0
2025/05/19 01:47:08.589714333,142.0
2025/05/19 01:47:08.686722270,144.0
2025/05/19 01:47:08.792841836,143.71352110243458
2025/05/19 01:47:08.884904023,143.0
2025/05/19 01:47:08.992490965,143.0
2025/05/19 01:47:09.97574746,143.0
2025/05/19 01:47:09.186519819,143.0
2025/05/19 01:47:09.284800812,143.0
2025/05/19 01:47:09.390289663,143.0
2025/05/19 01:47:09.488609848,143.0
2025/05/19 01:47:09.588806505,143.0
2025/05/19 01:47:09.683835437,143.0
2025/05/19 01:47:09.797211032,143.0
2025/05/19 01:47:09.890761405,141.0
2025/05/19 01:47:09.992852132,141.0
2025/05/19 01:47:10.88883774,141.0
2025/05/19 01:47:10.191317927,141.0
2025/05/19 01:47:10.285921613,141.0
2025/05/19 01:47:10.392743536,141.0
2025/05/19 01:47:10.486663460,141.0
2025/05/19 01:47:10.586567301,141.0
2025/05/19 01:47:10.688081140,141.0
2025/05/19 01:47:10.797600176,141.0
2025/05/19 01:47:10.891428837,140.7135211024346
2025/05/19 01:47:10.987523975,140.0
2025/05/19 01:47:11.95774547,140.0
2025/05/19 01:47:11.187915297,140.0
2025/05/19 01:47:11.287804990,140.0
2025/05/19 01:47:11.396075523,140.0
2025/05/19 01:47:11.488877311,140.0
2025/05/19 01:47:11.588391222,140.0
2025/05/19 01:47:11.696481705,140.0
2025/05/19 01:47:11.786191712,140.2864788975654
2025/05/19 01:47:11.892178431,141.0
2025/05/19 01:47:11.989834474,140.0
2025/05/19 01:47:12.86443207,140.0
2025/05/19 01:47:12.190780068,140.0
2025/05/19 01:47:12.284871823,140.0
2025/05/19 01:47:12.388304797,140.0
2025/05/19 01:47:12.485367907,140.0
2025/05/19 01:47:12.591170082,140.0
2025/05/19 01:47:12.688427565,140.0
2025/05/19 01:47:12.791328654,140.0
2025/05/19 01:47:12.890362958,140.4270422048692
2025/05/19 01:47:12.988579284,140.0
2025/05/19 01:47:13.93191535,140.0
2025/05/19 01:47:13.186716140,140.0
2025/05/19 01:47:13.297677299,140.0
2025/05/19 01:47:13.385104970,140.0
2025/05/19 01:47:13.493643530,140.0
2025/05/19 01:47:13.589620117,140.14056330730378
2025/05/19 01:47:13.690294870,140.0
2025/05/19 01:47:13.788361311,140.0
2025/05/19 01:47:13.900456034,140.0
2025/05/19 01:47:13.993932607,141.0
2025/05/19 01:47:14.87080745,141.0
2025/05/19 01:47:14.192350347,141.0
2025/05/19 01:47:14.292060105,141.0
2025/05/19 01:47:14.383600385,141.0
2025/05/19 01:47:14.490126593,141.0
2025/05/19 01:47:14.596456568,141.0
2025/05/19 01:47:14.687043646,141.0
2025/05/19 01:47:14.794068478,141.0
2025/05/19 01:47:14.886449316,141.0
2025/05/19 01:47:14.990718796,143.0
2025/05/19 01:47:15.86872902,141.0
2025/05/19 01:47:15.195103145,141.0
2025/05/19 01:47:15.287454543,141.0
2025/05/19 01:47:15.385893425,141.0
2025/05/19 01:47:15.491964033,141.0
2025/05/19 01:47:15.596509307,141.0
2025/05/19 01:47:15.691957561,141.0
2025/05/19 01:47:15.799532452,141.28647889756542
2025/05/19 01:47:15.889401902,142.0
2025/05/19 01:47:16.3555446,141.0
2025/05/19 01:47:16.95861994,141.0
2025/05/19 01:47:16.191578462,141.0
2025/05/19 01:47:16.290334108,141.0
2025/05/19 01:47:16.385170387,141.0
2025/05/19 01:47:16.489602861,142.0
2025/05/19 01:47:16.593415378,142.0
2025/05/19 01:47:16.689685622,142.0
2025/05/19 01:47:16.792484126,142.0
2025/05/19 01:47:16.893249335,142.0
2025/05/19 01:47:16.988469281,141.0
2025/05/19 01:47:17.93879107,141.0
2025/05/19 01:47:17.190675810,141.0
2025/05/19 01:47:17.292009754,141.0
2025/05/19 01:47:17.385648351,141.0
2025/05/19 01:47:17.490477067,141.0
2025/05/19 01:47:17.594681241,141.0
2025/05/19 01:47:17.693820166,141.0
2025/05/19 01:47:17.792033162,141.0
2025/05/19 01:47:17.890716232,141.0
2025/05/19 01:47:17.993193712,141.0
2025/05/19 01:47:18.92803352,141.0
2025/05/19 01:47:18.192148107,141.0
2025/05/19 01:47:18.289416841,141.0
2025/05/19 01:47:18.398976388,141.0
2025/05/19 01:47:18.495086140,141.0
2025/05/19 01:47:18.590075688,141.0
2025/05/19 01:47:18.695341581,141.0
2025/05/19 01:47:18.800001744,141.0
2025/05/19 01:47:18.893336144,141.0
2025/05/19 01:47:18.989444112,141.0
2025/05/19 01:47:19.102652490,141.0
2025/05/19 01:47:19.188481521,141.0
2025/05/19 01:47:19.290136934,141.0
2025/05/19 01:47:19.396355066,141.0
2025/05/19 01:47:19.495093696,141.0
2025/05/19 01:47:19.593078521,141.0
2025/05/19 01:47:19.692189360,141.0
2025/05/19 01:47:19.790425625,141.0
2025/05/19 01:47:19.891467214,141.0
2025/05/19 01:47:19.996245279,140.0
2025/05/19 01:47:20.88863928,140.0
2025/05/19 01:47:20.192279534,140.0
2025/05/19 01:47:20.285773039,140.0
2025/05/19 01:47:20.395363566,140.0
2025/05/19 01:47:20.491853430,140.0
2025/05/19 01:47:20.589811079,140.0
2025/05/19 01:47:20.707390850,140.0
2025/05/19 01:47:20.785234838,140.5729577951308
2025/05/19 01:47:20.889489081,140.7135211024346
2025/05/19 01:47:20.993249133,139.0
2025/05/19 01:47:21.89899883,138.0
2025/05/19 01:47:21.193428465,138.0
2025/05/19 01:47:21.289296029,138.0
2025/05/19 01:47:21.393612671,138.0
2025/05/19 01:47:21.494271672,138.0
2025/05/19 01:47:21.589733081,138.0
2025/05/19 01:47:21.696425819,138.0
2025/05/19 01:47:21.783361354,138.0
2025/05/19 01:47:21.890572138,138.0
2025/05/19 01:47:21.988944217,138.0
2025/05/19 01:47:22.88579752,138.0
2025/05/19 01:47:22.188843502,138.0
2025/05/19 01:47:22.296975784,138.0
2025/05/19 01:47:22.386521497,138.0
2025/05/19 01:47:22.489919179,138.0
2025/05/19 01:47:22.594964346,138.0
2025/05/19 01:47:22.686799372,138.0
2025/05/19 01:47:22.790570623,138.0
2025/05/19 01:47:22.885224012,138.2864788975654
2025/05/19 01:47:22.996781950,139.0
2025/05/19 01:47:23.93295445,139.0
2025/05/19 01:47:23.187175527,139.0
2025/05/19 01:47:23.284390573,139.0
2025/05/19 01:47:23.383904335,139.0
2025/05/19 01:47:23.488834126,139.0
2025/05/19 01:47:23.592882791,139.0
2025/05/19 01:47:23.690120123,139.0
2025/05/19 01:47:23.789304651,139.0
2025/05/19 01:47:23.886866312,139.0
2025/05/19 01:47:23.994373842,139.0
2025/05/19 01:47:24.84439599,139.0
2025/05/19 01:47:24.192773075,139.0
2025/05/19 01:47:24.286466587,139.0
2025/05/19 01:47:24.394588282,139.0
2025/05/19 01:47:24.485520942,139.0
2025/05/19 01:47:24.594597436,139.0
2025/05/19 01:47:24.689136456,139.0
2025/05/19 01:47:24.785511955,139.0
2025/05/19 01:47:24.894328501,139.0
2025/05/19 01:47:24.994302367,139.0
2025/05/19 01:47:25.88223838,139.0
2025/05/19 01:47:25.188241116,139.0
2025/05/19 01:47:25.294942030,139.0
2025/05/19 01:47:25.394361060,139.0
2025/05/19 01:47:25.492713046,139.0
2025/05/19 01:47:25.607035591,139.0
2025/05/19 01:47:25.695689515,139.0
2025/05/19 01:47:25.794208402,139.0
2025/05/19 01:47:25.885835977,138.0
2025/05/19 01:47:25.993315386,137.0
2025/05/19 01:47:26.84226833,136.0
2025/05/19 01:47:26.193582211,135.0
2025/05/19 01:47:26.292761684,135.0
2025/05/19 01:47:26.385311769,135.0
2025/05/19 01:47:26.499544996,135.0
2025/05/19 01:47:26.589654479,135.0
2025/05/19 01:47:26.693021209,135.0
2025/05/19 01:47:26.792755304,135.0
2025/05/19 01:47:26.893475949,135.0
2025/05/19 01:47:26.993353940,135.0
2025/05/19 01:47:27.89238256,135.0
2025/05/19 01:47:27.194037822,135.0
2025/05/19 01:47:27.288382560,135.0
2025/05/19 01:47:27.383967937,135.0
2025/05/19 01:47:27.491574766,135.0
2025/05/19 01:47:27.595870694,135.0
2025/05/19 01:47:27.695107139,135.0
2025/05/19 01:47:27.789714476,135.0
2025/05/19 01:47:27.898373303,136.57295779513083
2025/05/19 01:47:27.989143006,137.0
2025/05/19 01:47:28.91881654,138.0
2025/05/19 01:47:28.191093365,138.0
2025/05/19 01:47:28.295745697,138.0
2025/05/19 01:47:28.388561711,138.0
2025/05/19 01:47:28.487154789,138.0
2025/05/19 01:47:28.588835550,138.0
2025/05/19 01:47:28.683700808,138.0
2025/05/19 01:47:28.786562807,138.2864788975654
2025/05/19 01:47:28.892039330,139.0
2025/05/19 01:47:28.983236070,140.0
2025/05/19 01:47:29.93042674,141.0
2025/05/19 01:47:29.193076595,141.0
2025/05/19 01:47:29.296629909,141.0
2025/05/19 01:47:29.393054862,141.0
2025/05/19 01:47:29.489587464,141.0
2025/05/19 01:47:29.593267734,141.0
2025/05/19 01:47:29.696843754,141.0
2025/05/19 01:47:29.792604738,141.0
2025/05/19 01:47:29.893802536,140.7135211024346
2025/05/19 01:47:29.985141389,140.0
2025/05/19 01:47:30.92962933,139.0
2025/05/19 01:47:30.185745978,138.0
2025/05/19 01:47:30.291181913,137.0
2025/05/19 01:47:30.384935461,136.0
2025/05/19 01:47:30.488676259,136.0
2025/05/19 01:47:30.585199718,136.0
2025/05/19 01:47:30.692022496,136.0
2025/05/19 01:47:30.783974145,136.0
2025/05/19 01:47:30.883583954,135.0
2025/05/19 01:47:30.989004387,135.0
2025/05/19 01:47:31.96894833,135.0
2025/05/19 01:47:31.187780185,135.0
2025/05/19 01:47:31.289634682,135.0
2025/05/19 01:47:31.386633381,135.0
2025/05/19 01:47:31.488982861,135.0
2025/05/19 01:47:31.589945583,135.0
2025/05/19 01:47:31.689092711,135.0
2025/05/19 01:47:31.785088679,135.0
2025/05/19 01:47:31.885847801,135.0
2025/05/19 01:47:31.991646272,136.0
2025/05/19 01:47:32.89800703,136.0
2025/05/19 01:47:32.195422169,136.0
2025/05/19 01:47:32.286807340,136.0
2025/05/19 01:47:32.395394630,136.0
2025/05/19 01:47:32.486961045,136.0
2025/05/19 01:47:32.592895174,136.0
2025/05/19 01:47:32.696415523,136.0
2025/05/19 01:47:32.790277355,136.0
2025/05/19 01:47:32.884656384,135.0
2025/05/19 01:47:32.994318556,134.0
2025/05/19 01:47:33.88152052,134.0
2025/05/19 01:47:33.189221933,134.0
2025/05/19 01:47:33.288314494,134.0
2025/05/19 01:47:33.389797393,134.0
2025/05/19 01:47:33.487509019,134.0
2025/05/19 01:47:33.596165301,134.0
2025/05/19 01:47:33.687840703,134.0
2025/05/19 01:47:33.786155205,134.0
2025/05/19 01:47:33.895121541,134.0
2025/05/19 01:47:33.985639355,134.0
2025/05/19 01:47:34.91689201,134.0
2025/05/19 01:47:34.190584449,134.0
2025/05/19 01:47:34.290866575,134.0
2025/05/19 01:47:34.385543994,134.0
2025/05/19 01:47:34.488380937,134.0
2025/05/19 01:47:34.594179417,134.0
2025/05/19 01:47:34.685678965,134.0
2025/05/19 01:47:34.789647264,134.0
2025/05/19 01:47:34.892571824,134.0
2025/05/19 01:47:34.995107664,134.0
2025/05/19 01:47:35.88076486,134.0
2025/05/19 01:47:35.191499659,134.0
2025/05/19 01:47:35.297694698,134.0
2025/05/19 01:47:35.393591662,134.0
2025/05/19 01:47:35.494154352,134.0
2025/05/19 01:47:35.594263265,134.0
2025/05/19 01:47:35.691394440,134.0
2025/05/19 01:47:35.786549541,134.0
2025/05/19 01:47:35.889040386,135.0
2025/05/19 01:47:35.992244760,136.0
2025/05/19 01:47:36.93226948,136.0
2025/05/19 01:47:36.187453775,136.0
2025/05/19 01:47:36.285624267,136.0
2025/05/19 01:47:36.393255900,136.0
2025/05/19 01:47:36.489793347,136.0
2025/05/19 01:47:36.597401655,136.0
2025/05/19 01:47:36.687649182,136.0
2025/05/19 01:47:36.786603526,136.0
2025/05/19 01:47:36.894178154,136.0
2025/05/19 01:47:36.989801023,136.0
2025/05/19 01:47:37.86238197,136.0
2025/05/19 01:47:37.196010165,136.0
2025/05/19 01:47:37.286219775,136.0
2025/05/19 01:47:37.387242556,136.0
2025/05/19 01:47:37.494671515,136.0
2025/05/19 01:47:37.594152878,136.0
2025/05/19 01:47:37.691608365,136.0
2025/05/19 01:47:37.795756470,136.0
2025/05/19 01:47:37.888242920,135.0
2025/05/19 01:47:37.991129989,134.0
2025/05/19 01:47:38.86469508,133.0
2025/05/19 01:47:38.194924337,132.0
2025/05/19 01:47:38.292577284,131.0
2025/05/19 01:47:38.388195717,130.0
2025/05/19 01:47:38.493005061,129.0
2025/05/19 01:47:38.590847770,129.0
2025/05/19 01:47:38.692803489,129.0
2025/05/19 01:47:38.788919609,129.0
2025/05/19 01:47:38.889036299,128.0
2025/05/19 01:47:38.990399748,128.0
2025/05/19 01:47:39.91548832,128.0
2025/05/19 01:47:39.193897377,128.0
2025/05/19 01:47:39.287627556,128.0
2025/05/19 01:47:39.388697813,128.0
2025/05/19 01:47:39.489627247,128.0
2025/05/19 01:47:39.587711439,128.0
2025/05/19 01:47:39.687558332,128.0
2025/05/19 01:47:39.789817972,128.0
2025/05/19 01:47:39.889776651,128.0
2025/05/19 01:47:39.994287667,128.0
2025/05/19 01:47:40.89098685,128.0
2025/05/19 01:47:40.186028022,128.0
2025/05/19 01:47:40.290159745,128.0
2025/05/19 01:47:40.391904151,128.0
2025/05/19 01:47:40.489387520,128.0
2025/05/19 01:47:40.595734516,128.0
2025/05/19 01:47:40.690797277,128.0
2025/05/19 01:47:40.793204948,128.0
2025/05/19 01:47:40.887841821,128.28647889756542
2025/05/19 01:47:40.992948645,129.0
2025/05/19 01:47:41.88800350,129.0
2025/05/19 01:47:41.195488097,129.0
2025/05/19 01:47:41.284868426,129.0
2025/05/19 01:47:41.390779099,129.0
2025/05/19 01:47:41.490625414,129.0
2025/05/19 01:47:41.585902908,129.0
2025/05/19 01:47:41.690518791,129.0
2025/05/19 01:47:41.789671372,129.0
2025/05/19 01:47:41.892446211,129.0
2025/05/19 01:47:41.983861129,129.0
2025/05/19 01:47:42.89739387,129.0
2025/05/19 01:47:42.187704391,129.0
2025/05/19 01:47:42.288892782,129.0
2025/05/19 01:47:42.384687428,129.0
2025/05/19 01:47:42.490519972,129.0
2025/05/19 01:47:42.592000608,129.0
2025/05/19 01:47:42.689191608,129.0
2025/05/19 01:47:42.794567408,128.71352110243458
2025/05/19 01:47:42.888260887,128.0
2025/05/19 01:47:42.984629157,128.0
2025/05/19 01:47:43.90005628,128.0
2025/05/19 01:47:43.197011602,128.0
2025/05/19 01:47:43.290813246,128.0
2025/05/19 01:47:43.386371434,128.0
2025/05/19 01:47:43.493850339,128.0
2025/05/19 01:47:43.590847504,129.0
2025/05/19 01:47:43.688141499,129.0
2025/05/19 01:47:43.791113938,129.0
2025/05/19 01:47:43.885302417,129.0
2025/05/19 01:47:43.992297785,129.0
2025/05/19 01:47:44.89340016,129.0
2025/05/19 01:47:44.198498113,129.0
2025/05/19 01:47:44.302906641,129.0
2025/05/19 01:47:44.399525479,129.0
2025/05/19 01:47:44.497661426,129.5729577951308
2025/05/19 01:47:44.589608147,130.0
2025/05/19 01:47:44.695269551,130.0
2025/05/19 01:47:44.789492649,130.0
2025/05/19 01:47:44.896347363,130.0
2025/05/19 01:47:44.992985126,130.0
2025/05/19 01:47:45.96545689,130.0
2025/05/19 01:47:45.195761753,130.0
2025/05/19 01:47:45.285779935,130.0
2025/05/19 01:47:45.391220198,130.0
2025/05/19 01:47:45.483142286,130.0
2025/05/19 01:47:45.594507335,130.0
2025/05/19 01:47:45.693320902,130.0
2025/05/19 01:47:45.792064462,130.0
2025/05/19 01:47:45.887186069,130.0
2025/05/19 01:47:45.993502481,129.4270422048692
2025/05/19 01:47:46.93509372,128.71352110243458
2025/05/19 01:47:46.185860126,127.7135211024346
2025/05/19 01:47:46.295116068,127.00000000000001
2025/05/19 01:47:46.398108199,125.14056330730378
2025/05/19 01:47:46.484508822,125.00000000000001
2025/05/19 01:47:46.593662491,125.00000000000001
2025/05/19 01:47:46.697936666,125.00000000000001
2025/05/19 01:47:46.793773688,125.00000000000001
2025/05/19 01:47:46.889620894,125.00000000000001
2025/05/19 01:47:46.991158056,125.00000000000001
2025/05/19 01:47:47.85965449,125.00000000000001
2025/05/19 01:47:47.195462387,125.00000000000001
2025/05/19 01:47:47.285409926,125.00000000000001
2025/05/19 01:47:47.386742849,124.0
2025/05/19 01:47:47.495694369,125.00000000000001
2025/05/19 01:47:47.584503649,125.00000000000001
2025/05/19 01:47:47.693986529,125.00000000000001
2025/05/19 01:47:47.788074428,125.00000000000001
2025/05/19 01:47:47.891664070,125.00000000000001
2025/05/19 01:47:47.996416708,125.00000000000001
2025/05/19 01:47:48.91793503,125.00000000000001
2025/05/19 01:47:48.183899784,125.00000000000001
2025/05/19 01:47:48.289333292,125.00000000000001
2025/05/19 01:47:48.385173965,125.00000000000001
2025/05/19 01:47:48.499936541,125.00000000000001
2025/05/19 01:47:48.595794443,125.00000000000001
2025/05/19 01:47:48.685166431,125.00000000000001
2025/05/19 01:47:48.789438031,125.00000000000001
2025/05/19 01:47:48.904996920,125.00000000000001
2025/05/19 01:47:48.988925403,125.00000000000001
2025/05/19 01:47:49.88987880,125.00000000000001
2025/05/19 01:47:49.201001487,125.00000000000001
2025/05/19 01:47:49.291147452,125.00000000000001
2025/05/19 01:47:49.383707880,125.00000000000001
2025/05/19 01:47:49.488914079,125.00000000000001
2025/05/19 01:47:49.597054050,125.00000000000001
2025/05/19 01:47:49.692709126,125.00000000000001
2025/05/19 01:47:49.798957036,125.00000000000001
2025/05/19 01:47:49.888713544,125.00000000000001
2025/05/19 01:47:49.988605447,125.00000000000001
2025/05/19 01:47:50.88977788,127.57831007808866
2025/05/19 01:47:50.188534588,130.4430990537427
2025/05/19 01:47:50.295601552,133.02140913183138
2025/05/19 01:47:50.389174085,136.17267700505082
2025/05/19 01:47:50.486969639,139.0374659807049
2025/05/19 01:47:50.593513452,141.61577605879353
2025/05/19 01:47:50.687468188,144.48056503444758
2025/05/19 01:47:50.789133512,147.34535401010163
2025/05/19 01:47:50.888627234,150.4966218833211
2025/05/19 01:47:50.988483237,153.07493196140976
2025/05/19 01:47:51.89307148,153.0
2025/05/19 01:47:51.192891134,153.0
2025/05/19 01:47:51.286019783,152.0
2025/05/19 01:47:51.390653326,152.0
2025/05/19 01:47:51.486851427,151.0
2025/05/19 01:47:51.595795786,150.0
2025/05/19 01:47:51.688382245,150.0
2025/05/19 01:47:51.791160874,150.0
2025/05/19 01:47:51.887143629,149.0
2025/05/19 01:47:51.983628527,149.0
2025/05/19 01:47:52.89054926,146.13521102434595
2025/05/19 01:47:52.188268333,143.27042204869187
2025/05/19 01:47:52.293397982,141.0
2025/05/19 01:47:52.388450500,141.0
2025/05/19 01:47:52.487980020,140.0
2025/05/19 01:47:52.593863672,140.0
2025/05/19 01:47:52.690414949,139.0
2025/05/19 01:47:52.795254334,138.0
2025/05/19 01:47:52.889492283,138.0
2025/05/19 01:47:52.992424497,138.0
2025/05/19 01:47:53.90899823,140.57831007808863
2025/05/19 01:47:53.187916136,143.0
2025/05/19 01:47:53.293164573,144.0
2025/05/19 01:47:53.387640193,144.0
2025/05/19 01:47:53.488278285,145.0
2025/05/19 01:47:53.593326984,146.0
2025/05/19 01:47:53.687157673,147.0
2025/05/19 01:47:53.789516763,148.0
2025/05/19 01:47:53.889807467,148.0
2025/05/19 01:47:53.989290290,149.0
2025/05/19 01:47:54.90301563,146.70816881947675
2025/05/19 01:47:54.192913300,145.0
2025/05/19 01:47:54.296271964,145.0
2025/05/19 01:47:54.387534035,145.0
2025/05/19 01:47:54.492128090,146.0
2025/05/19 01:47:54.590042359,146.0
2025/05/19 01:47:54.691260450,146.0
2025/05/19 01:47:54.789055150,147.0
2025/05/19 01:47:54.900379036,147.0
2025/05/19 01:47:54.990973750,147.5729577951308
2025/05/19 01:47:55.87811274,148.0
2025/05/19 01:47:55.191468155,148.0
2025/05/19 01:47:55.292541687,148.0
2025/05/19 01:47:55.385978284,148.0
2025/05/19 01:47:55.505347323,148.0
2025/05/19 01:47:55.589303102,148.0
2025/05/19 01:47:55.693884015,148.85943669269622
2025/05/19 01:47:55.787861266,150.0
2025/05/19 01:47:55.902322968,150.85943669269622
2025/05/19 01:47:55.989114111,151.5729577951308
2025/05/19 01:47:56.102495993,153.0
2025/05/19 01:47:56.191434980,153.0
2025/05/19 01:47:56.293729321,153.0
2025/05/19 01:47:56.390586193,153.28647889756542
2025/05/19 01:47:56.493181232,154.0
2025/05/19 01:47:56.590273851,154.0
2025/05/19 01:47:56.686884723,154.0
2025/05/19 01:47:56.790884568,153.0
2025/05/19 01:47:56.889376347,154.0
2025/05/19 01:47:56.985453536,154.0
2025/05/19 01:47:57.86687451,154.0
2025/05/19 01:47:57.189966004,154.28647889756542
2025/05/19 01:47:57.290701948,155.0
2025/05/19 01:47:57.402188363,155.0
2025/05/19 01:47:57.491477558,155.0
2025/05/19 01:47:57.590614970,155.0
2025/05/19 01:47:57.692939639,155.14056330730378
2025/05/19 01:47:57.784651118,155.0
2025/05/19 01:47:57.889843901,155.28647889756542
2025/05/19 01:47:57.994152449,156.0
2025/05/19 01:47:58.86853076,156.0
2025/05/19 01:47:58.185944226,156.0
2025/05/19 01:47:58.291220230,156.2864788975654
2025/05/19 01:47:58.391979748,157.0
2025/05/19 01:47:58.488065676,157.0
2025/05/19 01:47:58.593361974,156.4270422048692
2025/05/19 01:47:58.686606872,156.0
2025/05/19 01:47:58.788969801,157.0
2025/05/19 01:47:58.894429981,157.0
2025/05/19 01:47:58.984685990,157.0
2025/05/19 01:47:59.89836243,157.0
2025/05/19 01:47:59.193627027,158.0
2025/05/19 01:47:59.293574996,158.0
2025/05/19 01:47:59.392163347,158.0
2025/05/19 01:47:59.496501339,158.0
2025/05/19 01:47:59.589648684,159.0
2025/05/19 01:47:59.693155191,158.0
2025/05/19 01:47:59.789174508,158.0
2025/05/19 01:47:59.892153488,159.0
2025/05/19 01:47:59.989790041,159.0
2025/05/19 01:48:00.91078241,159.0
2025/05/19 01:48:00.192167091,159.0
2025/05/19 01:48:00.289008359,159.0
2025/05/19 01:48:00.389992662,160.0
2025/05/19 01:48:00.485568398,160.0
2025/05/19 01:48:00.593512797,160.0
2025/05/19 01:48:00.694562250,160.0
2025/05/19 01:48:00.787475459,160.0
2025/05/19 01:48:00.897386784,160.0
2025/05/19 01:48:00.991628793,160.0
2025/05/19 01:48:01.84746010,161.0
2025/05/19 01:48:01.197678698,161.0
2025/05/19 01:48:01.287028790,161.0
2025/05/19 01:48:01.394178918,161.0
2025/05/19 01:48:01.491394658,161.0
2025/05/19 01:48:01.590227016,161.0
2025/05/19 01:48:01.689139728,158.13521102434595
2025/05/19 01:48:01.795396677,156.2864788975654
2025/05/19 01:48:01.890706794,157.0
2025/05/19 01:48:01.986586344,157.0
2025/05/19 01:48:02.91582583,157.0
2025/05/19 01:48:02.185556886,157.5729577951308
2025/05/19 01:48:02.291616831,158.0
2025/05/19 01:48:02.390880576,158.0
2025/05/19 01:48:02.492239968,158.0
2025/05/19 01:48:02.588720866,158.0
2025/05/19 01:48:02.698952892,159.0
2025/05/19 01:48:02.789422967,156.42168992191137
2025/05/19 01:48:02.893593149,156.0
2025/05/19 01:48:02.994093905,156.0
2025/05/19 01:48:03.96162640,157.0
2025/05/19 01:48:03.193972216,157.0
2025/05/19 01:48:03.289948912,157.0
2025/05/19 01:48:03.388898228,157.0
2025/05/19 01:48:03.493884569,158.0
2025/05/19 01:48:03.595977068,158.2864788975654
2025/05/19 01:48:03.686583753,159.0
2025/05/19 01:48:03.784077279,160.0
2025/05/19 01:48:03.896146963,160.0
2025/05/19 01:48:03.990547976,160.0
2025/05/19 01:48:04.86922769,161.0
2025/05/19 01:48:04.194817970,161.0
2025/05/19 01:48:04.288551491,161.0
2025/05/19 01:48:04.388043579,161.0
2025/05/19 01:48:04.495080366,161.0
2025/05/19 01:48:04.590271357,161.0
2025/05/19 01:48:04.694715657,162.85943669269622
2025/05/19 01:48:04.790932611,163.0
2025/05/19 01:48:04.889489960,163.0
2025/05/19 01:48:04.984567535,163.0
2025/05/19 01:48:05.91758984,163.0
2025/05/19 01:48:05.195879194,163.0
2025/05/19 01:48:05.291999789,163.0
2025/05/19 01:48:05.402811575,164.0
2025/05/19 01:48:05.492301504,164.0
2025/05/19 01:48:05.586885869,164.0
2025/05/19 01:48:05.692304128,163.0
2025/05/19 01:48:05.796073590,162.0
2025/05/19 01:48:05.887697337,162.0
2025/05/19 01:48:05.986721495,163.0
2025/05/19 01:48:06.89752293,163.0
2025/05/19 01:48:06.184154380,163.0
2025/05/19 01:48:06.291390959,163.0
2025/05/19 01:48:06.398980894,163.0
2025/05/19 01:48:06.491637193,163.0
2025/05/19 01:48:06.593693518,163.0
2025/05/19 01:48:06.700568216,163.0
2025/05/19 01:48:06.793075225,164.0
2025/05/19 01:48:06.895912979,164.0
2025/05/19 01:48:06.996697867,165.0
2025/05/19 01:48:07.90934830,165.0
2025/05/19 01:48:07.188026160,165.0
2025/05/19 01:48:07.297298001,165.0
2025/05/19 01:48:07.400299093,165.0
2025/05/19 01:48:07.487483080,165.0
2025/05/19 01:48:07.595338260,165.0
2025/05/19 01:48:07.686493915,165.0
2025/05/19 01:48:07.795451660,165.0
2025/05/19 01:48:07.897383086,165.0
2025/05/19 01:48:07.983938845,165.0
2025/05/19 01:48:08.91910354,165.0
2025/05/19 01:48:08.188791241,165.0
2025/05/19 01:48:08.284833639,165.0
2025/05/19 01:48:08.388899677,166.0
2025/05/19 01:48:08.485978789,166.0
2025/05/19 01:48:08.593859324,165.7135211024346
2025/05/19 01:48:08.685156770,165.0
2025/05/19 01:48:08.789946911,165.0
2025/05/19 01:48:08.887442164,165.0
2025/05/19 01:48:08.990200590,165.0
2025/05/19 01:48:09.86520062,165.0
2025/05/19 01:48:09.187726843,165.0
2025/05/19 01:48:09.292058648,165.0
2025/05/19 01:48:09.385074547,165.0
2025/05/19 01:48:09.493304902,165.0
2025/05/19 01:48:09.592223164,166.0
2025/05/19 01:48:09.689180660,163.13521102434595
2025/05/19 01:48:09.792509794,163.0
2025/05/19 01:48:09.889419336,163.0
2025/05/19 01:48:09.983417946,163.0
2025/05/19 01:48:10.85524359,163.0
2025/05/19 01:48:10.192434595,163.0
2025/05/19 01:48:10.285753519,163.0
2025/05/19 01:48:10.391638160,163.0
2025/05/19 01:48:10.499976388,164.0
2025/05/19 01:48:10.594084804,164.0
2025/05/19 01:48:10.691753152,165.0
2025/05/19 01:48:10.786197433,165.0
2025/05/19 01:48:10.891698888,165.0
2025/05/19 01:48:10.989426210,165.0
2025/05/19 01:48:11.86362293,165.0
2025/05/19 01:48:11.196657394,165.0
2025/05/19 01:48:11.287574648,165.0
2025/05/19 01:48:11.397087604,165.0
2025/05/19 01:48:11.494091987,165.0
2025/05/19 01:48:11.594210141,165.0
2025/05/19 01:48:11.688720839,164.0
2025/05/19 01:48:11.791989884,164.0
2025/05/19 01:48:11.894081494,164.0
2025/05/19 01:48:11.987197891,164.0
2025/05/19 01:48:12.95911048,165.0
2025/05/19 01:48:12.198455136,165.0
2025/05/19 01:48:12.289668339,165.0
2025/05/19 01:48:12.391506450,165.0
2025/05/19 01:48:12.489837193,165.0
2025/05/19 01:48:12.588309817,165.0
2025/05/19 01:48:12.689059154,164.71352110243458
2025/05/19 01:48:12.790614722,164.0
2025/05/19 01:48:12.887612706,164.0
2025/05/19 01:48:12.992226917,165.0
2025/05/19 01:48:13.88263344,165.0
2025/05/19 01:48:13.185614779,165.0
2025/05/19 01:48:13.289098137,165.0
2025/05/19 01:48:13.392911524,165.0
2025/05/19 01:48:13.491322057,165.0
2025/05/19 01:48:13.595017591,165.0
2025/05/19 01:48:13.687477023,165.0
2025/05/19 01:48:13.788385733,164.0
2025/05/19 01:48:13.889146616,164.0
2025/05/19 01:48:13.983782473,165.0
2025/05/19 01:48:14.88603051,165.0
2025/05/19 01:48:14.183563788,165.0
2025/05/19 01:48:14.289705112,165.0
2025/05/19 01:48:14.388073196,165.0
2025/05/19 01:48:14.492174131,165.0
2025/05/19 01:48:14.592257364,165.0
2025/05/19 01:48:14.686241068,165.0
2025/05/19 01:48:14.791822153,163.0
2025/05/19 01:48:14.890122634,163.0
2025/05/19 01:48:14.987596912,163.0
2025/05/19 01:48:15.91192179,163.0
2025/05/19 01:48:15.188922528,163.0
2025/05/19 01:48:15.296786607,163.0
2025/05/19 01:48:15.383349338,163.0
2025/05/19 01:48:15.491203192,163.0
2025/05/19 01:48:15.592930977,163.0
2025/05/19 01:48:15.690016855,163.0
2025/05/19 01:48:15.788953848,160.13521102434595
2025/05/19 01:48:15.890501986,158.0
2025/05/19 01:48:15.988735233,158.0
2025/05/19 01:48:16.85495320,159.0
2025/05/19 01:48:16.204226392,159.0
2025/05/19 01:48:16.290858479,159.0
2025/05/19 01:48:16.388369533,159.0
2025/05/19 01:48:16.493725263,159.0
2025/05/19 01:48:16.592165608,159.0
2025/05/19 01:48:16.689175300,159.0
2025/05/19 01:48:16.799288177,160.0
2025/05/19 01:48:16.884453659,160.0
2025/05/19 01:48:16.992675745,160.0
2025/05/19 01:48:17.91478699,160.0
2025/05/19 01:48:17.195372320,161.0
2025/05/19 01:48:17.289320855,161.0
2025/05/19 01:48:17.394417299,161.0
2025/05/19 01:48:17.488903081,161.0
2025/05/19 01:48:17.593041609,161.0
2025/05/19 01:48:17.687537587,161.0
2025/05/19 01:48:17.792329898,162.0
2025/05/19 01:48:17.884775070,162.0
2025/05/19 01:48:17.992817861,162.0
2025/05/19 01:48:18.93271365,162.0
2025/05/19 01:48:18.185303026,163.0
2025/05/19 01:48:18.297288182,163.0
2025/05/19 01:48:18.389099693,163.0
2025/05/19 01:48:18.488100237,163.0
2025/05/19 01:48:18.594517324,163.0
2025/05/19 01:48:18.686533103,163.0
2025/05/19 01:48:18.792643523,162.0
2025/05/19 01:48:18.887506492,162.0
2025/05/19 01:48:18.988134275,163.0
2025/05/19 01:48:19.89994615,163.0
2025/05/19 01:48:19.197409630,163.0
2025/05/19 01:48:19.290127074,163.0
2025/05/19 01:48:19.391487871,163.0
2025/05/19 01:48:19.496111202,163.0
2025/05/19 01:48:19.589642033,163.0
2025/05/19 01:48:19.692238318,162.7135211024346
2025/05/19 01:48:19.788936939,162.0
2025/05/19 01:48:19.892283367,162.0
2025/05/19 01:48:19.985834161,162.0
2025/05/19 01:48:20.87498824,163.0
2025/05/19 01:48:20.191303165,163.0
2025/05/19 01:48:20.286890711,163.0
2025/05/19 01:48:20.394522234,163.0
2025/05/19 01:48:20.486934824,163.0
2025/05/19 01:48:20.589843090,163.0
2025/05/19 01:48:20.688580220,162.4270422048692
2025/05/19 01:48:20.792280265,161.0
2025/05/19 01:48:20.889685339,161.0
2025/05/19 01:48:20.993771740,161.0
2025/05/19 01:48:21.89255075,161.0
2025/05/19 01:48:21.193699000,161.0
2025/05/19 01:48:21.289642989,161.0
2025/05/19 01:48:21.395589255,161.0
2025/05/19 01:48:21.489669166,161.0
2025/05/19 01:48:21.587165093,161.0
2025/05/19 01:48:21.690212517,160.4270422048692
2025/05/19 01:48:21.794772432,159.0
2025/05/19 01:48:21.894173413,159.0
2025/05/19 01:48:21.990792631,158.4270422048692
2025/05/19 01:48:22.86203128,157.0
2025/05/19 01:48:22.188719185,157.0
2025/05/19 01:48:22.292041279,157.5729577951308
2025/05/19 01:48:22.394172516,158.0
2025/05/19 01:48:22.493136954,158.0
2025/05/19 01:48:22.591297422,158.0
2025/05/19 01:48:22.691990501,158.0
2025/05/19 01:48:22.789010519,158.0
2025/05/19 01:48:22.891203059,158.0
2025/05/19 01:48:22.991622079,157.4270422048692
2025/05/19 01:48:23.92643390,156.0
2025/05/19 01:48:23.191612614,156.0
2025/05/19 01:48:23.287375393,156.0
2025/05/19 01:48:23.390498219,156.0
2025/05/19 01:48:23.487193020,156.0
2025/05/19 01:48:23.599586960,156.0
2025/05/19 01:48:23.697183204,156.0
2025/05/19 01:48:23.787307906,156.0
2025/05/19 01:48:23.896477478,156.0
2025/05/19 01:48:23.987134803,156.0
2025/05/19 01:48:24.91556681,156.5729577951308
2025/05/19 01:48:24.187390681,159.0
2025/05/19 01:48:24.290051910,159.0
2025/05/19 01:48:24.391249624,159.0
2025/05/19 01:48:24.493955132,159.0
2025/05/19 01:48:24.590950890,159.28647889756542
2025/05/19 01:48:24.686825039,160.0
2025/05/19 01:48:24.790271491,160.0
2025/05/19 01:48:24.898310048,160.0
2025/05/19 01:48:24.991451904,159.4270422048692
2025/05/19 01:48:25.86454329,158.0
2025/05/19 01:48:25.190440307,158.0
2025/05/19 01:48:25.290900067,158.5729577951308
2025/05/19 01:48:25.396000067,159.0
2025/05/19 01:48:25.489874876,159.0
2025/05/19 01:48:25.592627746,159.0
2025/05/19 01:48:25.693731665,159.0
2025/05/19 01:48:25.787808428,159.0
2025/05/19 01:48:25.892393105,159.0
2025/05/19 01:48:25.993936446,159.0
2025/05/19 01:48:26.91337749,158.7135211024346
2025/05/19 01:48:26.197678164,156.13521102434595
2025/05/19 01:48:26.287994488,155.0
2025/05/19 01:48:26.390299296,155.0
2025/05/19 01:48:26.490450661,155.5729577951308
2025/05/19 01:48:26.592334129,156.0
2025/05/19 01:48:26.690169547,156.0
2025/05/19 01:48:26.790497543,156.0
2025/05/19 01:48:26.891092323,156.0
2025/05/19 01:48:26.996135254,155.14056330730378
2025/05/19 01:48:27.83714645,153.0
2025/05/19 01:48:27.188916804,153.0
2025/05/19 01:48:27.293983407,153.0
2025/05/19 01:48:27.388527433,153.0
2025/05/19 01:48:27.493002270,153.0
2025/05/19 01:48:27.590751828,153.0
2025/05/19 01:48:27.685049991,153.0
2025/05/19 01:48:27.793398116,153.0
2025/05/19 01:48:27.886530236,153.0
2025/05/19 01:48:27.993985980,153.0
2025/05/19 01:48:28.87283217,154.0
2025/05/19 01:48:28.187082929,154.0
2025/05/19 01:48:28.286233756,155.0
2025/05/19 01:48:28.391487552,155.0
2025/05/19 01:48:28.495608292,156.0
2025/05/19 01:48:28.587231678,156.0
2025/05/19 01:48:28.697094106,157.0
2025/05/19 01:48:28.792846499,157.0
2025/05/19 01:48:28.891404387,157.0
2025/05/19 01:48:28.994367617,158.0
2025/05/19 01:48:29.86178381,157.0
2025/05/19 01:48:29.196561008,158.0
2025/05/19 01:48:29.289892000,158.0
2025/05/19 01:48:29.392406128,158.0
2025/05/19 01:48:29.488957036,158.0
2025/05/19 01:48:29.584848060,158.0
2025/05/19 01:48:29.690709847,158.0
2025/05/19 01:48:29.796970027,158.0
2025/05/19 01:48:29.888983432,158.0
2025/05/19 01:48:29.995909986,157.4270422048692
2025/05/19 01:48:30.84604625,154.56225322921512
2025/05/19 01:48:30.195913086,153.0
2025/05/19 01:48:30.290658356,153.0
2025/05/19 01:48:30.389976997,153.0
2025/05/19 01:48:30.495064163,153.0
2025/05/19 01:48:30.585865037,153.0
2025/05/19 01:48:30.693214550,153.0
2025/05/19 01:48:30.794589530,153.0
2025/05/19 01:48:30.891371740,153.0
2025/05/19 01:48:30.985833996,152.71352110243458
2025/05/19 01:48:31.91542329,149.84873212678053
2025/05/19 01:48:31.187503065,146.98394315112648
2025/05/19 01:48:31.289864131,146.0
2025/05/19 01:48:31.394475344,145.0
2025/05/19 01:48:31.488050094,144.0
2025/05/19 01:48:31.600583215,144.0
2025/05/19 01:48:31.696865248,144.0
2025/05/19 01:48:31.793672623,144.0
2025/05/19 01:48:31.890552897,144.0
2025/05/19 01:48:31.995060426,144.0
2025/05/19 01:48:32.95593340,145.0
2025/05/19 01:48:32.190761895,145.0
2025/05/19 01:48:32.286793592,145.0
2025/05/19 01:48:32.388940985,145.0
2025/05/19 01:48:32.494888050,145.0
2025/05/19 01:48:32.589495546,145.0
2025/05/19 01:48:32.689534854,145.0
2025/05/19 01:48:32.794054954,145.0
2025/05/19 01:48:32.884595305,145.0
2025/05/19 01:48:32.996332636,145.0
2025/05/19 01:48:33.95225717,145.28647889756542
2025/05/19 01:48:33.189285669,147.57831007808866
2025/05/19 01:48:33.289027353,149.0
2025/05/19 01:48:33.398839005,149.2864788975654
2025/05/19 01:48:33.489794225,150.0
2025/05/19 01:48:33.587344221,150.0
2025/05/19 01:48:33.688082598,151.0
2025/05/19 01:48:33.793180774,152.0
2025/05/19 01:48:33.892877524,152.0
2025/05/19 01:48:33.988519242,152.0
2025/05/19 01:48:34.97646907,152.57295779513083
2025/05/19 01:48:34.188714928,154.86478897565408
2025/05/19 01:48:34.284755185,155.0
2025/05/19 01:48:34.392389208,156.0
2025/05/19 01:48:34.491109636,156.0
2025/05/19 01:48:34.587396068,156.0
2025/05/19 01:48:34.695202756,156.0
2025/05/19 01:48:34.783796939,156.0
2025/05/19 01:48:34.889881948,156.0
2025/05/19 01:48:34.987229647,156.0
2025/05/19 01:48:35.82314755,156.0
2025/05/19 01:48:35.193263609,153.70816881947675
2025/05/19 01:48:35.290122481,151.0
2025/05/19 01:48:35.386348567,151.0
2025/05/19 01:48:35.492897447,151.0
2025/05/19 01:48:35.593234593,150.0
2025/05/19 01:48:35.684897768,150.0
2025/05/19 01:48:35.792157650,150.0
2025/05/19 01:48:35.884929516,151.0
2025/05/19 01:48:35.984942734,151.0
2025/05/19 01:48:36.88123626,151.0
2025/05/19 01:48:36.191226495,151.0
2025/05/19 01:48:36.293027053,148.42168992191134
2025/05/19 01:48:36.393849944,147.0
2025/05/19 01:48:36.487011304,146.0
2025/05/19 01:48:36.594873485,146.0
2025/05/19 01:48:36.693758221,146.0
2025/05/19 01:48:36.783633027,146.0
2025/05/19 01:48:36.895130480,146.0
2025/05/19 01:48:36.982155609,146.0
2025/05/19 01:48:37.89278266,146.0
2025/05/19 01:48:37.191775091,147.0
2025/05/19 01:48:37.290510149,147.0
2025/05/19 01:48:37.389926036,147.0
2025/05/19 01:48:37.493244166,147.0
2025/05/19 01:48:37.589198905,147.0
2025/05/19 01:48:37.687633732,147.0
2025/05/19 01:48:37.785297721,147.0
2025/05/19 01:48:37.891667368,147.0
2025/05/19 01:48:37.997369565,147.0
2025/05/19 01:48:38.91725125,147.0
2025/05/19 01:48:38.189755404,147.0
2025/05/19 01:48:38.290234376,148.0
2025/05/19 01:48:38.391396336,148.0
2025/05/19 01:48:38.496172994,148.0
2025/05/19 01:48:38.587838320,148.0
2025/05/19 01:48:38.693390964,148.0
2025/05/19 01:48:38.786837311,148.0
2025/05/19 01:48:38.896472262,148.0
2025/05/19 01:48:38.989607117,148.0
2025/05/19 01:48:39.92496709,148.28647889756542
2025/05/19 01:48:39.187817106,149.0
2025/05/19 01:48:39.288693381,149.0
2025/05/19 01:48:39.396896039,149.0
2025/05/19 01:48:39.495313479,149.0
2025/05/19 01:48:39.596609746,149.0
2025/05/19 01:48:39.694286314,149.0
2025/05/19 01:48:39.784815591,149.0
2025/05/19 01:48:39.886490525,149.0
2025/05/19 01:48:39.987524411,149.0
2025/05/19 01:48:40.92160309,149.0
2025/05/19 01:48:40.196176080,147.0
2025/05/19 01:48:40.288795908,147.0
2025/05/19 01:48:40.394908199,147.0
2025/05/19 01:48:40.490039830,147.0
2025/05/19 01:48:40.589647189,147.0
2025/05/19 01:48:40.689342955,147.0
2025/05/19 01:48:40.794832308,147.0
2025/05/19 01:48:40.892980861,147.0
2025/05/19 01:48:40.989582954,147.0
2025/05/19 01:48:41.89595442,146.14056330730378
2025/05/19 01:48:41.189845836,145.0
2025/05/19 01:48:41.289932245,144.1405633073038
2025/05/19 01:48:41.392197562,143.0
2025/05/19 01:48:41.490895193,143.0
2025/05/19 01:48:41.595268926,143.0
2025/05/19 01:48:41.684804815,143.0
2025/05/19 01:48:41.789589722,143.0
2025/05/19 01:48:41.892571785,143.0
2025/05/19 01:48:41.991379781,143.28647889756542
2025/05/19 01:48:42.98598595,144.0
2025/05/19 01:48:42.190816846,144.0
2025/05/19 01:48:42.288897170,143.71352110243458
2025/05/19 01:48:42.392360038,143.0
2025/05/19 01:48:42.488783770,143.0
2025/05/19 01:48:42.590588650,143.0
2025/05/19 01:48:42.690247131,143.0
2025/05/19 01:48:42.788177379,143.0
2025/05/19 01:48:42.890979551,143.0
2025/05/19 01:48:42.991904339,143.0
2025/05/19 01:48:43.88453027,143.0
2025/05/19 01:48:43.195202009,143.0
2025/05/19 01:48:43.296483980,143.57295779513083
2025/05/19 01:48:43.386346148,144.0
2025/05/19 01:48:43.490879886,143.0
2025/05/19 01:48:43.591935059,143.0
2025/05/19 01:48:43.693105245,143.0
2025/05/19 01:48:43.789530409,143.0
2025/05/19 01:48:43.897006243,143.0
2025/05/19 01:48:43.995007276,143.0
2025/05/19 01:48:44.86943696,143.0
2025/05/19 01:48:44.192921786,143.0
2025/05/19 01:48:44.285366764,143.0
2025/05/19 01:48:44.393817611,144.0
2025/05/19 01:48:44.496608750,144.0
2025/05/19 01:48:44.590528655,144.0
2025/05/19 01:48:44.688089258,144.0
2025/05/19 01:48:44.795938700,144.0
2025/05/19 01:48:44.884499357,144.0
2025/05/19 01:48:44.992231862,144.0
2025/05/19 01:48:45.92153965,144.0
2025/05/19 01:48:45.192491132,144.0
2025/05/19 01:48:45.298071327,144.0
2025/05/19 01:48:45.388047238,144.0
2025/05/19 01:48:45.495840291,144.0
2025/05/19 01:48:45.586192677,144.0
2025/05/19 01:48:45.690821449,143.71352110243458
2025/05/19 01:48:45.792145482,142.0
2025/05/19 01:48:45.892222245,142.0
2025/05/19 01:48:45.992145637,142.0
2025/05/19 01:48:46.89881673,142.0
2025/05/19 01:48:46.192097113,142.0
2025/05/19 01:48:46.287035820,142.0
2025/05/19 01:48:46.388549496,142.0
2025/05/19 01:48:46.493679845,142.0
2025/05/19 01:48:46.594841202,142.0
2025/05/19 01:48:46.688534302,142.0
2025/05/19 01:48:46.797956594,144.0
2025/05/19 01:48:46.892627579,144.0
2025/05/19 01:48:46.983405901,144.0
2025/05/19 01:48:47.88810094,144.0
2025/05/19 01:48:47.194015165,144.0
2025/05/19 01:48:47.290348449,144.0
2025/05/19 01:48:47.391292750,144.0
2025/05/19 01:48:47.494168312,144.0
2025/05/19 01:48:47.592013768,144.0
2025/05/19 01:48:47.691269794,144.0
2025/05/19 01:48:47.783316413,144.0
2025/05/19 01:48:47.896368065,144.0
2025/05/19 01:48:47.984504276,144.0
2025/05/19 01:48:48.88599038,144.0
2025/05/19 01:48:48.190066268,144.0
2025/05/19 01:48:48.290506499,144.0
2025/05/19 01:48:48.393037522,144.0
2025/05/19 01:48:48.491077973,144.0
2025/05/19 01:48:48.589116082,144.0
2025/05/19 01:48:48.693537877,143.4270422048692
2025/05/19 01:48:48.798401122,142.0
2025/05/19 01:48:48.889203804,142.0
2025/05/19 01:48:48.993954740,142.0
2025/05/19 01:48:49.84165323,142.0
2025/05/19 01:48:49.188691162,142.0
2025/05/19 01:48:49.286817972,142.0
2025/05/19 01:48:49.391847470,142.0
2025/05/19 01:48:49.485765211,142.0
2025/05/19 01:48:49.594219281,142.0
2025/05/19 01:48:49.692404330,142.0
2025/05/19 01:48:49.792605570,141.4270422048692
2025/05/19 01:48:49.895437640,141.0
2025/05/19 01:48:49.991170656,141.0
2025/05/19 01:48:50.94695362,141.0
2025/05/19 01:48:50.187191009,141.0
2025/05/19 01:48:50.290176154,141.0
2025/05/19 01:48:50.396263659,141.0
2025/05/19 01:48:50.494092431,141.0
2025/05/19 01:48:50.598126101,141.0
2025/05/19 01:48:50.690420029,141.0
2025/05/19 01:48:50.787117217,141.0
2025/05/19 01:48:50.892647397,143.57831007808866
2025/05/19 01:48:50.989194796,144.0
2025/05/19 01:48:51.87212856,144.0
2025/05/19 01:48:51.199311577,144.0
2025/05/19 01:48:51.294487287,144.0
2025/05/19 01:48:51.384773816,144.0
2025/05/19 01:48:51.497395090,144.0
2025/05/19 01:48:51.590540848,144.0
2025/05/19 01:48:51.689804780,144.0
2025/05/19 01:48:51.792393254,144.0
2025/05/19 01:48:51.887328272,146.0
2025/05/19 01:48:51.990048127,146.0
2025/05/19 01:48:52.89557967,146.0
2025/05/19 01:48:52.199107988,146.0
2025/05/19 01:48:52.290981778,146.0
2025/05/19 01:48:52.389975362,146.0
2025/05/19 01:48:52.492113005,146.0
2025/05/19 01:48:52.587391791,146.0
2025/05/19 01:48:52.682600898,146.0
2025/05/19 01:48:52.792584675,143.70816881947675
2025/05/19 01:48:52.885542533,141.0
2025/05/19 01:48:52.994800091,141.0
2025/05/19 01:48:53.94870765,142.0
2025/05/19 01:48:53.191890251,142.0
2025/05/19 01:48:53.293911595,142.0
2025/05/19 01:48:53.384424013,142.0
2025/05/19 01:48:53.492631748,142.0
2025/05/19 01:48:53.598686014,142.0
2025/05/19 01:48:53.688107485,142.0
2025/05/19 01:48:53.790641473,140.0
2025/05/19 01:48:53.890571518,140.0
2025/05/19 01:48:53.992108057,140.0
2025/05/19 01:48:54.90819771,140.0
2025/05/19 01:48:54.195578980,140.0
2025/05/19 01:48:54.290448561,140.0
2025/05/19 01:48:54.391347944,140.0
2025/05/19 01:48:54.483531955,140.0
2025/05/19 01:48:54.589399387,140.0
2025/05/19 01:48:54.687214552,140.0
2025/05/19 01:48:54.788938013,138.0
2025/05/19 01:48:54.888757479,138.0
2025/05/19 01:48:54.992807396,138.0
2025/05/19 01:48:55.87791298,138.0
2025/05/19 01:48:55.207036568,138.0
2025/05/19 01:48:55.286602668,138.0
2025/05/19 01:48:55.384230205,138.0
2025/05/19 01:48:55.485451411,138.0
2025/05/19 01:48:55.596452859,138.0
2025/05/19 01:48:55.691916892,138.0
2025/05/19 01:48:55.788065787,137.0
2025/05/19 01:48:55.889312660,136.0
2025/05/19 01:48:55.993544435,134.0
2025/05/19 01:48:56.87954252,134.0
2025/05/19 01:48:56.189880794,134.0
2025/05/19 01:48:56.287066519,134.0
2025/05/19 01:48:56.387587084,134.0
2025/05/19 01:48:56.486792598,134.0
2025/05/19 01:48:56.594077321,134.0
2025/05/19 01:48:56.696207164,134.0
2025/05/19 01:48:56.790549464,134.0
2025/05/19 01:48:56.890044191,134.0
2025/05/19 01:48:56.991231775,134.0
2025/05/19 01:48:57.86367067,134.0
2025/05/19 01:48:57.183202301,134.0
2025/05/19 01:48:57.291622007,134.0
2025/05/19 01:48:57.389585229,134.0
2025/05/19 01:48:57.495405619,134.0
2025/05/19 01:48:57.589545828,134.0
2025/05/19 01:48:57.693020011,134.0
2025/05/19 01:48:57.789545529,134.0
2025/05/19 01:48:57.885446671,134.0
2025/05/19 01:48:57.997825944,134.0
2025/05/19 01:48:58.94255081,134.0
2025/05/19 01:48:58.187467609,134.0
2025/05/19 01:48:58.296640373,134.0
2025/05/19 01:48:58.385043109,134.0
2025/05/19 01:48:58.488104100,134.0
2025/05/19 01:48:58.587150195,134.0
2025/05/19 01:48:58.690787834,134.0
2025/05/19 01:48:58.790504232,136.0
2025/05/19 01:48:58.894122336,137.0
2025/05/19 01:48:58.988620142,137.0
2025/05/19 01:48:59.90331278,137.0
2025/05/19 01:48:59.190512531,137.0
2025/05/19 01:48:59.290568102,137.0
2025/05/19 01:48:59.392174340,137.0
2025/05/19 01:48:59.488584354,137.0
2025/05/19 01:48:59.601123292,137.0
2025/05/19 01:48:59.690782653,137.0
2025/05/19 01:48:59.795868104,138.0
2025/05/19 01:48:59.890970887,138.5729577951308
2025/05/19 01:48:59.986003539,139.0
2025/05/19 01:49:00.89188031,139.0
2025/05/19 01:49:00.190410212,139.0
2025/05/19 01:49:00.287843482,139.0
2025/05/19 01:49:00.391200410,139.0
2025/05/19 01:49:00.489944728,139.0
2025/05/19 01:49:00.589450792,139.0
2025/05/19 01:49:00.687678328,139.0
2025/05/19 01:49:00.787562362,137.0
2025/05/19 01:49:00.894254057,137.0
2025/05/19 01:49:00.987349814,137.0
2025/05/19 01:49:01.87881879,137.0
2025/05/19 01:49:01.192367192,137.0
2025/05/19 01:49:01.289932373,137.0
2025/05/19 01:49:01.384936900,137.0
2025/05/19 01:49:01.492635993,137.0
2025/05/19 01:49:01.594133863,137.0
2025/05/19 01:49:01.686074135,137.0
2025/05/19 01:49:01.794800751,135.0
2025/05/19 01:49:01.892356653,134.0
2025/05/19 01:49:01.992879246,134.0
2025/05/19 01:49:02.90573064,134.0
2025/05/19 01:49:02.188594171,134.0
2025/05/19 01:49:02.289971202,134.0
2025/05/19 01:49:02.387792309,134.0
2025/05/19 01:49:02.490546888,134.0
2025/05/19 01:49:02.589905486,134.0
2025/05/19 01:49:02.698255117,135.0
2025/05/19 01:49:02.787332570,135.0
2025/05/19 01:49:02.891435023,135.0
2025/05/19 01:49:02.995636748,135.0
2025/05/19 01:49:03.90778019,135.0
2025/05/19 01:49:03.197141555,135.0
2025/05/19 01:49:03.286246145,135.0
2025/05/19 01:49:03.394211464,135.0
2025/05/19 01:49:03.489938359,135.0
2025/05/19 01:49:03.589958096,135.0
2025/05/19 01:49:03.696269110,135.0
2025/05/19 01:49:03.787063534,135.0
2025/05/19 01:49:03.891732381,135.0
2025/05/19 01:49:03.989180289,135.0
2025/05/19 01:49:04.88537534,135.0
2025/05/19 01:49:04.193348871,135.0
2025/05/19 01:49:04.289210906,135.0
2025/05/19 01:49:04.391025541,135.0
2025/05/19 01:49:04.496155833,135.0
2025/05/19 01:49:04.597458741,135.0
2025/05/19 01:49:04.695437402,135.0
2025/05/19 01:49:04.786304977,137.0
2025/05/19 01:49:04.893403483,137.0
2025/05/19 01:49:04.994536048,137.0
2025/05/19 01:49:05.89544788,137.0
2025/05/19 01:49:05.196712663,137.0
2025/05/19 01:49:05.290916839,137.0
2025/05/19 01:49:05.383638248,137.0
2025/05/19 01:49:05.493720138,137.0
2025/05/19 01:49:05.591247539,137.0
2025/05/19 01:49:05.695525510,137.0
2025/05/19 01:49:05.795942411,138.0
2025/05/19 01:49:05.893556211,138.0
2025/05/19 01:49:05.994426260,138.0
2025/05/19 01:49:06.84388286,138.0
2025/05/19 01:49:06.197013387,138.0
2025/05/19 01:49:06.288922338,138.0
2025/05/19 01:49:06.393030085,138.0
2025/05/19 01:49:06.487588718,138.0
2025/05/19 01:49:06.596046690,138.0
2025/05/19 01:49:06.695968782,138.0
2025/05/19 01:49:06.791681381,137.0
2025/05/19 01:49:06.887259647,136.0
2025/05/19 01:49:06.997998433,134.57295779513083
2025/05/19 01:49:07.91129764,135.0
2025/05/19 01:49:07.187049432,135.0
2025/05/19 01:49:07.290463352,135.0
2025/05/19 01:49:07.391938525,135.0
2025/05/19 01:49:07.489205452,135.0
2025/05/19 01:49:07.599985436,135.0
2025/05/19 01:49:07.693550456,135.0
2025/05/19 01:49:07.787222679,134.71352110243458
2025/05/19 01:49:07.891544830,133.0
2025/05/19 01:49:07.992779249,133.0
2025/05/19 01:49:08.92826186,133.0
2025/05/19 01:49:08.188892903,133.0
2025/05/19 01:49:08.292984861,133.0
2025/05/19 01:49:08.402921367,133.0
2025/05/19 01:49:08.484239578,133.0
2025/05/19 01:49:08.585112917,133.0
2025/05/19 01:49:08.697338113,133.0
2025/05/19 01:49:08.786801259,135.57831007808863
2025/05/19 01:49:08.895854847,137.0
2025/05/19 01:49:08.986695615,137.0
2025/05/19 01:49:09.91345754,137.0
2025/05/19 01:49:09.195800780,137.0
2025/05/19 01:49:09.285387298,137.0
2025/05/19 01:49:09.391517716,137.0
2025/05/19 01:49:09.485738902,137.0
2025/05/19 01:49:09.593976933,137.0
2025/05/19 01:49:09.685070005,137.0
2025/05/19 01:49:09.784076137,139.57831007808866
2025/05/19 01:49:09.892968026,141.0
2025/05/19 01:49:09.992109277,141.28647889756542
2025/05/19 01:49:10.90656828,142.0
2025/05/19 01:49:10.199198741,142.0
2025/05/19 01:49:10.284580713,142.0
2025/05/19 01:49:10.390811099,142.0
2025/05/19 01:49:10.485669400,142.0
2025/05/19 01:49:10.590762751,142.0
2025/05/19 01:49:10.691480254,142.0
2025/05/19 01:49:10.788860964,139.13521102434595
2025/05/19 01:49:10.894860390,138.0
2025/05/19 01:49:10.984616270,138.0
2025/05/19 01:49:11.86595206,138.0
2025/05/19 01:49:11.188081660,138.0
2025/05/19 01:49:11.292435367,138.0
2025/05/19 01:49:11.384708003,138.0
2025/05/19 01:49:11.493056796,138.0
2025/05/19 01:49:11.595264992,138.0
2025/05/19 01:49:11.693780226,138.0
2025/05/19 01:49:11.793837849,135.13521102434595
2025/05/19 01:49:11.887979415,133.0
2025/05/19 01:49:11.991935940,131.0
2025/05/19 01:49:12.94314024,130.0
2025/05/19 01:49:12.196202569,130.0
2025/05/19 01:49:12.294013508,130.0
2025/05/19 01:49:12.392934167,130.0
2025/05/19 01:49:12.487074257,130.0
2025/05/19 01:49:12.598064261,130.0
2025/05/19 01:49:12.693451184,130.0
2025/05/19 01:49:12.790561937,129.0
2025/05/19 01:49:12.896015000,126.42168992191134
2025/05/19 01:49:12.994100388,125.00000000000001
2025/05/19 01:49:13.95621982,125.00000000000001
2025/05/19 01:49:13.185529888,125.00000000000001
2025/05/19 01:49:13.288536446,125.00000000000001
2025/05/19 01:49:13.385730347,125.00000000000001
2025/05/19 01:49:13.491767911,125.00000000000001
2025/05/19 01:49:13.586351862,125.00000000000001
2025/05/19 01:49:13.688467390,125.00000000000001
2025/05/19 01:49:13.788875344,127.86478897565406
2025/05/19 01:49:13.896243378,129.0
2025/05/19 01:49:13.990302390,129.0
2025/05/19 01:49:14.95824307,129.0
2025/05/19 01:49:14.185527303,129.0
2025/05/19 01:49:14.288453508,129.0
2025/05/19 01:49:14.392685225,129.0
2025/05/19 01:49:14.492865610,129.0
2025/05/19 01:49:14.595921071,126.70816881947675
2025/05/19 01:49:14.692929703,123.55690094625729
2025/05/19 01:49:14.790865151,126.13521102434594
2025/05/19 01:49:14.890702787,129.0
2025/05/19 01:49:14.996955167,129.0
2025/05/19 01:49:15.90944254,129.0
2025/05/19 01:49:15.189420449,128.0
2025/05/19 01:49:15.299128861,127.00000000000001
2025/05/19 01:49:15.385750163,127.00000000000001
2025/05/19 01:49:15.497530679,125.00000000000001
2025/05/19 01:49:15.584519989,124.0
2025/05/19 01:49:15.691305154,123.00000000000001
2025/05/19 01:49:15.789284894,124.0
2025/05/19 01:49:15.888105689,123.00000000000001
2025/05/19 01:49:15.988087112,122.0
2025/05/19 01:49:16.87906060,119.99999999999999
2025/05/19 01:49:16.187695587,119.0
2025/05/19 01:49:16.288986690,118.00000000000001
2025/05/19 01:49:16.390243657,117.0
2025/05/19 01:49:16.490325790,116.00000000000001
2025/05/19 01:49:16.589755745,115.0
2025/05/19 01:49:16.692936777,115.0
2025/05/19 01:49:16.789015744,115.0
2025/05/19 01:49:16.891060843,112.42168992191135
2025/05/19 01:49:16.987398782,110.0
2025/05/19 01:49:17.89958384,109.0
2025/05/19 01:49:17.191171623,109.0
2025/05/19 01:49:17.294530935,108.0
2025/05/19 01:49:17.392285691,108.0
2025/05/19 01:49:17.487102585,108.0
2025/05/19 01:49:17.591248373,108.0
2025/05/19 01:49:17.691669825,107.0
2025/05/19 01:49:17.786914148,105.00000000000001
2025/05/19 01:49:17.885671540,105.00000000000001
2025/05/19 01:49:17.990955161,104.0
2025/05/19 01:49:18.93106098,104.0
2025/05/19 01:49:18.193292501,104.0
2025/05/19 01:49:18.288319945,104.0
2025/05/19 01:49:18.385944497,104.0
2025/05/19 01:49:18.489654303,103.0
2025/05/19 01:49:18.586258406,103.0
2025/05/19 01:49:18.693378444,103.0
2025/05/19 01:49:18.791796164,101.4270422048692
2025/05/19 01:49:18.883529287,101.0
2025/05/19 01:49:18.991058335,101.0
2025/05/19 01:49:19.92880380,101.0
2025/05/19 01:49:19.184095916,101.0
2025/05/19 01:49:19.307941478,101.0
2025/05/19 01:49:19.391352427,101.0
2025/05/19 01:49:19.489608526,101.0
2025/05/19 01:49:19.589937769,100.0
2025/05/19 01:49:19.689442605,100.0
2025/05/19 01:49:19.790085306,101.0
2025/05/19 01:49:19.888967915,100.0
2025/05/19 01:49:19.985363297,101.0
2025/05/19 01:49:20.96058948,101.0
2025/05/19 01:49:20.187322448,101.0
2025/05/19 01:49:20.290123250,101.0
2025/05/19 01:49:20.390651503,101.0
2025/05/19 01:49:20.484855185,101.0
2025/05/19 01:49:20.591963910,101.0
2025/05/19 01:49:20.685146719,101.0
2025/05/19 01:49:20.792775955,102.0
2025/05/19 01:49:20.896845552,102.0
2025/05/19 01:49:20.990182957,102.0
2025/05/19 01:49:21.87543330,103.0
2025/05/19 01:49:21.190791316,103.0
2025/05/19 01:49:21.289286567,103.0
2025/05/19 01:49:21.391787663,103.0
2025/05/19 01:49:21.491109592,103.0
2025/05/19 01:49:21.590333611,103.0
2025/05/19 01:49:21.694567454,103.0
2025/05/19 01:49:21.787929438,103.0
2025/05/19 01:49:21.890481313,103.0
2025/05/19 01:49:21.996293993,103.0
2025/05/19 01:49:22.87338245,103.0
2025/05/19 01:49:22.192566806,103.0
2025/05/19 01:49:22.288013493,103.0
2025/05/19 01:49:22.386267073,103.0
2025/05/19 01:49:22.490078735,103.0
2025/05/19 01:49:22.593641819,103.0
2025/05/19 01:49:22.688495449,103.28647889756542
2025/05/19 01:49:22.788404161,105.00000000000001
2025/05/19 01:49:22.898199578,105.00000000000001
2025/05/19 01:49:22.993558568,105.00000000000001
2025/05/19 01:49:23.95612791,105.00000000000001
2025/05/19 01:49:23.191773749,105.00000000000001
2025/05/19 01:49:23.295694650,104.0
2025/05/19 01:49:23.394714525,104.0
2025/05/19 01:49:23.493388920,104.0
2025/05/19 01:49:23.588954085,104.0
2025/05/19 01:49:23.695437528,104.0
2025/05/19 01:49:23.791966801,106.0
2025/05/19 01:49:23.892373290,106.0
2025/05/19 01:49:23.989467896,106.0
2025/05/19 01:49:24.92596043,105.00000000000001
2025/05/19 01:49:24.196971541,105.00000000000001
2025/05/19 01:49:24.288438517,105.00000000000001
2025/05/19 01:49:24.398929925,105.00000000000001
2025/05/19 01:49:24.487443899,105.00000000000001
2025/05/19 01:49:24.590388548,105.00000000000001
2025/05/19 01:49:24.685539496,105.28647889756542
2025/05/19 01:49:24.788959125,106.0
2025/05/19 01:49:24.885634191,106.0
2025/05/19 01:49:24.995546062,106.0
2025/05/19 01:49:25.88278107,106.0
2025/05/19 01:49:25.191162866,106.0
2025/05/19 01:49:25.290230441,105.00000000000001
2025/05/19 01:49:25.385823962,105.00000000000001
2025/05/19 01:49:25.495523276,105.00000000000001
2025/05/19 01:49:25.595639219,105.00000000000001
2025/05/19 01:49:25.682798380,105.28647889756542
2025/05/19 01:49:25.794384660,106.0
2025/05/19 01:49:25.890964118,106.0
2025/05/19 01:49:25.989078004,106.0
2025/05/19 01:49:26.93027867,106.0
2025/05/19 01:49:26.191024649,105.00000000000001
2025/05/19 01:49:26.296012516,105.00000000000001
2025/05/19 01:49:26.390646258,105.00000000000001
2025/05/19 01:49:26.490931491,105.00000000000001
2025/05/19 01:49:26.583702113,105.00000000000001
2025/05/19 01:49:26.693627827,105.57295779513082
2025/05/19 01:49:26.786492064,106.0
2025/05/19 01:49:26.891967447,106.0
2025/05/19 01:49:26.994012501,106.0
2025/05/19 01:49:27.93471605,106.0
2025/05/19 01:49:27.190318242,106.0
2025/05/19 01:49:27.292111017,105.00000000000001
2025/05/19 01:49:27.394877572,105.00000000000001
2025/05/19 01:49:27.496015758,105.00000000000001
2025/05/19 01:49:27.589290061,105.00000000000001
2025/05/19 01:49:27.685027101,105.57295779513082
2025/05/19 01:49:27.796910497,107.0
2025/05/19 01:49:27.893450061,107.0
2025/05/19 01:49:27.995336696,107.0
2025/05/19 01:49:28.96526399,107.0
2025/05/19 01:49:28.186625736,107.0
2025/05/19 01:49:28.284837514,106.0
2025/05/19 01:49:28.388438028,106.0
2025/05/19 01:49:28.493967433,106.0
2025/05/19 01:49:28.593427264,106.0
2025/05/19 01:49:28.683359316,106.0
2025/05/19 01:49:28.793417189,107.0
2025/05/19 01:49:28.885624893,107.0
2025/05/19 01:49:28.991603696,107.0
2025/05/19 01:49:29.87176105,107.0
2025/05/19 01:49:29.192687678,106.0
2025/05/19 01:49:29.295823032,106.0
2025/05/19 01:49:29.392821282,106.0
2025/05/19 01:49:29.484612062,106.0
2025/05/19 01:49:29.590797704,106.0
2025/05/19 01:49:29.684739364,106.0
2025/05/19 01:49:29.790404286,106.0
2025/05/19 01:49:29.885903912,106.0
2025/05/19 01:49:29.991466839,105.00000000000001
2025/05/19 01:49:30.92081574,105.00000000000001
2025/05/19 01:49:30.195857776,105.00000000000001
2025/05/19 01:49:30.284974939,105.00000000000001
2025/05/19 01:49:30.391732046,105.00000000000001
2025/05/19 01:49:30.494101411,105.00000000000001
2025/05/19 01:49:30.596033575,105.00000000000001
2025/05/19 01:49:30.694644666,105.00000000000001
2025/05/19 01:49:30.789433731,104.0
2025/05/19 01:49:30.889382703,104.0
2025/05/19 01:49:30.994433118,104.0
2025/05/19 01:49:31.83593902,104.0
2025/05/19 01:49:31.192788040,104.0
2025/05/19 01:49:31.283801338,104.0
2025/05/19 01:49:31.388023988,104.0
2025/05/19 01:49:31.500204123,104.0
2025/05/19 01:49:31.595116520,104.0
2025/05/19 01:49:31.686971258,104.0
2025/05/19 01:49:31.792737849,103.0
2025/05/19 01:49:31.896067759,103.0
2025/05/19 01:49:31.993317468,103.0
2025/05/19 01:49:32.89602295,103.0
2025/05/19 01:49:32.195257619,103.0
2025/05/19 01:49:32.285780725,103.0
2025/05/19 01:49:32.397899483,102.0
2025/05/19 01:49:32.490524443,102.0
2025/05/19 01:49:32.589243121,102.0
2025/05/19 01:49:32.692166917,102.0
2025/05/19 01:49:32.793386768,102.0
2025/05/19 01:49:32.893099026,102.0
2025/05/19 01:49:32.994929789,102.0
2025/05/19 01:49:33.88128640,102.0
2025/05/19 01:49:33.195904393,102.0
2025/05/19 01:49:33.290898317,102.0
2025/05/19 01:49:33.387124485,102.0
2025/05/19 01:49:33.494940316,102.0
2025/05/19 01:49:33.589360513,102.0
2025/05/19 01:49:33.696987773,102.0
2025/05/19 01:49:33.789555118,102.0
2025/05/19 01:49:33.888853398,101.0
2025/05/19 01:49:33.996747563,101.0
2025/05/19 01:49:34.92943281,101.0
2025/05/19 01:49:34.189107282,101.0
2025/05/19 01:49:34.298040770,101.0
2025/05/19 01:49:34.387771185,101.0
2025/05/19 01:49:34.492418525,101.0
2025/05/19 01:49:34.588723995,101.0
2025/05/19 01:49:34.695839669,101.0
2025/05/19 01:49:34.789191049,100.0
2025/05/19 01:49:34.887867595,100.0
2025/05/19 01:49:34.991033258,100.0
2025/05/19 01:49:35.94609310,100.0
2025/05/19 01:49:35.199854398,100.0
2025/05/19 01:49:35.287228480,100.0
2025/05/19 01:49:35.385089984,100.0
2025/05/19 01:49:35.490930541,100.0
2025/05/19 01:49:35.587076416,100.0
2025/05/19 01:49:35.698034640,100.0
2025/05/19 01:49:35.788759606,99.0
2025/05/19 01:49:35.893492780,99.0
2025/05/19 01:49:35.989727020,99.0
2025/05/19 01:49:36.94090321,99.0
2025/05/19 01:49:36.188021908,99.0
2025/05/19 01:49:36.288833457,99.0
2025/05/19 01:49:36.399773395,99.0
2025/05/19 01:49:36.489956518,99.0
2025/05/19 01:49:36.586599894,99.0
2025/05/19 01:49:36.696122337,99.0
2025/05/19 01:49:36.786020108,99.0
2025/05/19 01:49:36.890808432,99.0
2025/05/19 01:49:36.993531598,99.0
2025/05/19 01:49:37.84271056,98.0
2025/05/19 01:49:37.190195355,98.0
2025/05/19 01:49:37.292912375,98.0
2025/05/19 01:49:37.389210800,98.0
2025/05/19 01:49:37.492481675,98.0
2025/05/19 01:49:37.593404230,98.0
2025/05/19 01:49:37.685902445,98.0
2025/05/19 01:49:37.784610844,98.0
2025/05/19 01:49:37.893046012,98.0
2025/05/19 01:49:37.989201696,98.0
2025/05/19 01:49:38.86675521,98.0
2025/05/19 01:49:38.198136697,98.0
2025/05/19 01:49:38.291304826,98.0
2025/05/19 01:49:38.389420449,98.0
2025/05/19 01:49:38.498686652,98.0
2025/05/19 01:49:38.584111211,98.0
2025/05/19 01:49:38.691961671,98.0
2025/05/19 01:49:38.791179267,98.0
2025/05/19 01:49:38.894367685,98.0
2025/05/19 01:49:38.986027529,98.0
2025/05/19 01:49:39.87439023,98.0
2025/05/19 01:49:39.196208446,98.0
2025/05/19 01:49:39.284812169,98.0
2025/05/19 01:49:39.395556242,98.0
2025/05/19 01:49:39.489248472,98.0
2025/05/19 01:49:39.594773595,98.0
2025/05/19 01:49:39.690012959,98.0
2025/05/19 01:49:39.791708884,99.0
2025/05/19 01:49:39.888066415,99.0
2025/05/19 01:49:39.991898851,99.0
2025/05/19 01:49:40.86592206,98.0
2025/05/19 01:49:40.192759961,98.0
2025/05/19 01:49:40.285729502,98.0
2025/05/19 01:49:40.387167194,98.0
2025/05/19 01:49:40.492510967,98.0
2025/05/19 01:49:40.590759899,98.0
2025/05/19 01:49:40.694517617,98.0
2025/05/19 01:49:40.793657115,100.0
2025/05/19 01:49:40.892903307,100.0
2025/05/19 01:49:40.986689824,100.0
2025/05/19 01:49:41.89570575,100.0
2025/05/19 01:49:41.197323271,100.0
2025/05/19 01:49:41.291457095,100.0
2025/05/19 01:49:41.389278778,100.0
2025/05/19 01:49:41.488172414,100.0
2025/05/19 01:49:41.594801440,100.0
2025/05/19 01:49:41.684781563,100.0
2025/05/19 01:49:41.790201540,102.0
2025/05/19 01:49:41.899973431,102.0
2025/05/19 01:49:41.988680407,102.0
2025/05/19 01:49:42.91014975,102.0
2025/05/19 01:49:42.190374601,102.0
2025/05/19 01:49:42.286403992,102.0
2025/05/19 01:49:42.393584994,102.0
2025/05/19 01:49:42.485573693,102.0
2025/05/19 01:49:42.597561104,102.0
2025/05/19 01:49:42.689614562,102.0
2025/05/19 01:49:42.785308045,102.0
2025/05/19 01:49:42.894821093,102.0
2025/05/19 01:49:42.983591386,102.0
2025/05/19 01:49:43.90680134,102.0
2025/05/19 01:49:43.196931954,102.0
2025/05/19 01:49:43.291762164,102.0
2025/05/19 01:49:43.392952262,102.0
2025/05/19 01:49:43.493037081,102.0
2025/05/19 01:49:43.589934461,102.0
2025/05/19 01:49:43.691153844,102.0
2025/05/19 01:49:43.787377085,102.0
2025/05/19 01:49:43.901105795,102.0
2025/05/19 01:49:44.4282543,102.0
2025/05/19 01:49:44.89933177,102.0
2025/05/19 01:49:44.195650798,102.0
2025/05/19 01:49:44.291259095,102.0
2025/05/19 01:49:44.395728521,102.0
2025/05/19 01:49:44.492205619,102.0
2025/05/19 01:49:44.592293961,102.0
2025/05/19 01:49:44.690976704,102.0
2025/05/19 01:49:44.793706564,102.0
2025/05/19 01:49:44.889600287,102.0
2025/05/19 01:49:44.993156161,102.0
2025/05/19 01:49:45.89378774,102.0
2025/05/19 01:49:45.184131876,102.0
2025/05/19 01:49:45.290893969,102.0
2025/05/19 01:49:45.387094611,102.0
2025/05/19 01:49:45.491066513,102.0
2025/05/19 01:49:45.593686835,102.0
2025/05/19 01:49:45.695133422,102.0
2025/05/19 01:49:45.787272975,101.4270422048692
2025/05/19 01:49:45.892320341,101.0
2025/05/19 01:49:45.985198146,101.0
2025/05/19 01:49:46.96630816,101.0
2025/05/19 01:49:46.192138321,101.0
2025/05/19 01:49:46.291690116,101.0
2025/05/19 01:49:46.398382585,101.0
2025/05/19 01:49:46.498361637,101.0
2025/05/19 01:49:46.591018697,101.0
2025/05/19 01:49:46.693524912,101.0
2025/05/19 01:49:46.788924023,101.0
2025/05/19 01:49:46.890007381,101.0
2025/05/19 01:49:46.987690806,101.0
2025/05/19 01:49:47.84851152,101.0
2025/05/19 01:49:47.196569159,101.0
2025/05/19 01:49:47.287034483,101.0
2025/05/19 01:49:47.385058376,101.0
2025/05/19 01:49:47.489572380,101.0
2025/05/19 01:49:47.593669692,101.0
2025/05/19 01:49:47.686329609,101.0
2025/05/19 01:49:47.793021662,101.0
2025/05/19 01:49:47.892629720,101.0
2025/05/19 01:49:47.992783735,101.0
2025/05/19 01:49:48.89529649,101.0
2025/05/19 01:49:48.194987291,101.0
2025/05/19 01:49:48.292942446,101.0
2025/05/19 01:49:48.393436548,101.0
2025/05/19 01:49:48.490688068,101.0
2025/05/19 01:49:48.587466654,101.0
2025/05/19 01:49:48.691100102,101.0
2025/05/19 01:49:48.796641115,101.0
2025/05/19 01:49:48.883510763,101.0
2025/05/19 01:49:48.992920632,101.0
2025/05/19 01:49:49.90962319,101.0
2025/05/19 01:49:49.183026716,101.0
2025/05/19 01:49:49.291902168,101.0
2025/05/19 01:49:49.386705712,101.0
2025/05/19 01:49:49.499317638,101.0
2025/05/19 01:49:49.584245595,101.0
2025/05/19 01:49:49.695381549,101.0
2025/05/19 01:49:49.788796049,101.0
2025/05/19 01:49:49.891961635,101.0
2025/05/19 01:49:49.990717924,101.0
2025/05/19 01:49:50.90825141,101.0
2025/05/19 01:49:50.195343129,101.0
2025/05/19 01:49:50.288657685,101.0
2025/05/19 01:49:50.392258641,101.0
2025/05/19 01:49:50.494563026,101.0
2025/05/19 01:49:50.596311143,101.0
2025/05/19 01:49:50.693051342,101.0
2025/05/19 01:49:50.791368691,101.0
2025/05/19 01:49:50.899741715,101.0
2025/05/19 01:49:50.989472850,101.0
2025/05/19 01:49:51.88652687,101.0
2025/05/19 01:49:51.192033336,101.0
2025/05/19 01:49:51.288387915,101.0
2025/05/19 01:49:51.392575065,101.0
2025/05/19 01:49:51.490199456,101.0
2025/05/19 01:49:51.593195479,101.0
2025/05/19 01:49:51.684209917,101.0
2025/05/19 01:49:51.790293894,101.0
2025/05/19 01:49:51.896919088,102.0
2025/05/19 01:49:51.988423850,102.0
2025/05/19 01:49:52.102307325,102.0
2025/05/19 01:49:52.199661228,102.0
2025/05/19 01:49:52.290163849,102.0
2025/05/19 01:49:52.396579143,102.0
2025/05/19 01:49:52.485343859,102.0
2025/05/19 01:49:52.597435988,102.0
2025/05/19 01:49:52.691436521,102.0
2025/05/19 01:49:52.789780245,102.0
2025/05/19 01:49:52.899655488,101.0
2025/05/19 01:49:52.989591148,101.0
2025/05/19 01:49:53.104781955,101.0
2025/05/19 01:49:53.193197674,101.0
2025/05/19 01:49:53.287224270,101.0
2025/05/19 01:49:53.390461015,101.0
2025/05/19 01:49:53.487744114,101.0
2025/05/19 01:49:53.596960886,101.0
2025/05/19 01:49:53.688733635,101.0
2025/05/19 01:49:53.796097038,101.57295779513082
2025/05/19 01:49:53.890391748,102.0
2025/05/19 01:49:53.988449531,102.0
2025/05/19 01:49:54.92301989,102.0
2025/05/19 01:49:54.188527796,102.0
2025/05/19 01:49:54.292709921,102.0
2025/05/19 01:49:54.392486243,102.0
2025/05/19 01:49:54.497707007,102.0
2025/05/19 01:49:54.588581909,102.0
2025/05/19 01:49:54.686069761,102.0
2025/05/19 01:49:54.789640431,102.0
2025/05/19 01:49:54.896011321,103.0
2025/05/19 01:49:54.986642972,103.0
2025/05/19 01:49:55.93342011,103.0
2025/05/19 01:49:55.185235527,103.0
2025/05/19 01:49:55.288260748,103.0
2025/05/19 01:49:55.386269894,103.0
2025/05/19 01:49:55.490571208,103.0
2025/05/19 01:49:55.592493393,103.0
2025/05/19 01:49:55.688197339,103.0
2025/05/19 01:49:55.794901866,103.0
2025/05/19 01:49:55.887781824,104.0
2025/05/19 01:49:55.987669305,104.0
2025/05/19 01:49:56.89642463,104.0
2025/05/19 01:49:56.192419500,104.0
2025/05/19 01:49:56.291178782,104.0
2025/05/19 01:49:56.384537145,104.0
2025/05/19 01:49:56.488838839,104.0
2025/05/19 01:49:56.592227664,104.0
2025/05/19 01:49:56.691983058,104.0
2025/05/19 01:49:56.784893339,104.0
2025/05/19 01:49:56.890085510,105.00000000000001
2025/05/19 01:49:56.982327486,105.00000000000001
2025/05/19 01:49:57.87187144,105.00000000000001
2025/05/19 01:49:57.199526500,105.00000000000001
2025/05/19 01:49:57.291565221,105.00000000000001
2025/05/19 01:49:57.397477052,105.00000000000001
2025/05/19 01:49:57.488202366,105.00000000000001
2025/05/19 01:49:57.587692560,105.00000000000001
2025/05/19 01:49:57.699194865,105.00000000000001
2025/05/19 01:49:57.793010341,105.00000000000001
2025/05/19 01:49:57.896443771,106.0
2025/05/19 01:49:57.994333015,106.0
2025/05/19 01:49:58.92275239,106.0
2025/05/19 01:49:58.192892497,105.00000000000001
2025/05/19 01:49:58.284909729,105.00000000000001
2025/05/19 01:49:58.388327336,105.00000000000001
2025/05/19 01:49:58.488430123,105.00000000000001
2025/05/19 01:49:58.593341992,105.00000000000001
2025/05/19 01:49:58.687460840,105.00000000000001
2025/05/19 01:49:58.791258434,105.00000000000001
2025/05/19 01:49:58.886580245,105.00000000000001
2025/05/19 01:49:58.985291128,105.00000000000001
2025/05/19 01:49:59.86279200,105.00000000000001
2025/05/19 01:49:59.202249092,107.0
2025/05/19 01:49:59.295528779,107.0
2025/05/19 01:49:59.385452627,107.0
2025/05/19 01:49:59.492701145,107.0
2025/05/19 01:49:59.591786277,107.0
2025/05/19 01:49:59.683801207,107.0
2025/05/19 01:49:59.794095773,106.0
2025/05/19 01:49:59.892062576,106.0
2025/05/19 01:49:59.990089005,106.0
2025/05/19 01:50:00.91983496,106.0
2025/05/19 01:50:00.187641225,108.0
2025/05/19 01:50:00.291635135,108.0
2025/05/19 01:50:00.388031451,108.0
2025/05/19 01:50:00.493980277,108.0
2025/05/19 01:50:00.590772738,108.0
2025/05/19 01:50:00.688339237,108.0
2025/05/19 01:50:00.787743919,108.0
2025/05/19 01:50:00.890995170,108.0
2025/05/19 01:50:00.996195052,108.0
2025/05/19 01:50:01.94189727,108.0
2025/05/19 01:50:01.192342408,109.0
2025/05/19 01:50:01.291854205,110.0
2025/05/19 01:50:01.390637110,110.0
2025/05/19 01:50:01.496770640,110.0
2025/05/19 01:50:01.589426549,110.0
2025/05/19 01:50:01.687450317,110.0
2025/05/19 01:50:01.792721956,110.0
2025/05/19 01:50:01.891949530,110.0
2025/05/19 01:50:01.997617168,110.0
2025/05/19 01:50:02.91593063,110.0
2025/05/19 01:50:02.186195584,112.0
2025/05/19 01:50:02.296643503,112.0
2025/05/19 01:50:02.392756588,112.0
2025/05/19 01:50:02.490464889,111.0
2025/05/19 01:50:02.587030128,111.0
2025/05/19 01:50:02.696313373,111.0
2025/05/19 01:50:02.789898688,111.0
2025/05/19 01:50:02.889930538,111.0
2025/05/19 01:50:02.994937543,111.0
2025/05/19 01:50:03.86371295,111.0
2025/05/19 01:50:03.189673086,112.0
2025/05/19 01:50:03.291003344,112.0
2025/05/19 01:50:03.394001525,112.0
2025/05/19 01:50:03.503333407,112.0
2025/05/19 01:50:03.592437672,112.0
2025/05/19 01:50:03.687102530,112.0
2025/05/19 01:50:03.788965886,112.0
2025/05/19 01:50:03.892925832,112.0
2025/05/19 01:50:03.988075439,112.0
2025/05/19 01:50:04.91598852,113.0
2025/05/19 01:50:04.187940702,113.0
2025/05/19 01:50:04.292950677,113.0
2025/05/19 01:50:04.387000907,113.0
2025/05/19 01:50:04.495040380,113.0
2025/05/19 01:50:04.590587393,113.0
2025/05/19 01:50:04.690782385,113.0
2025/05/19 01:50:04.789708060,113.0
2025/05/19 01:50:04.899794726,113.0
2025/05/19 01:50:04.990573747,113.0
2025/05/19 01:50:05.89793705,112.0
2025/05/19 01:50:05.193710271,112.0
2025/05/19 01:50:05.295857200,112.0
2025/05/19 01:50:05.389355410,111.0
2025/05/19 01:50:05.492934887,111.0
2025/05/19 01:50:05.587268301,111.0
2025/05/19 01:50:05.697408570,111.0
2025/05/19 01:50:05.785990052,111.0
2025/05/19 01:50:05.890610117,111.0
2025/05/19 01:50:05.989068073,111.85943669269622
2025/05/19 01:50:06.93015645,114.57295779513082
2025/05/19 01:50:06.193935883,115.5729577951308
2025/05/19 01:50:06.291251573,116.00000000000001
2025/05/19 01:50:06.392762421,116.00000000000001
2025/05/19 01:50:06.493165180,116.00000000000001
2025/05/19 01:50:06.596146785,116.00000000000001
2025/05/19 01:50:06.687954460,116.00000000000001
2025/05/19 01:50:06.792638284,116.00000000000001
2025/05/19 01:50:06.886583863,116.00000000000001
2025/05/19 01:50:06.995875566,116.00000000000001
2025/05/19 01:50:07.93573575,116.28647889756542
2025/05/19 01:50:07.196806716,117.0
2025/05/19 01:50:07.290578276,117.0
2025/05/19 01:50:07.392377602,117.0
2025/05/19 01:50:07.494138776,117.0
2025/05/19 01:50:07.589629934,117.0
2025/05/19 01:50:07.689867433,117.0
2025/05/19 01:50:07.788690735,117.0
2025/05/19 01:50:07.891908736,117.0
2025/05/19 01:50:07.993873069,117.0
2025/05/19 01:50:08.85333742,117.5729577951308
2025/05/19 01:50:08.191224665,119.99999999999999
2025/05/19 01:50:08.287073833,120.5729577951308
2025/05/19 01:50:08.394304584,121.0
2025/05/19 01:50:08.483196212,121.0
2025/05/19 01:50:08.589699749,121.0
2025/05/19 01:50:08.694970402,121.0
2025/05/19 01:50:08.791197466,121.0
2025/05/19 01:50:08.893022624,119.99999999999999
2025/05/19 01:50:08.985024691,119.99999999999999
2025/05/19 01:50:09.89725123,119.42704220486918
2025/05/19 01:50:09.194902879,116.84873212678053
2025/05/19 01:50:09.294237094,114.00000000000001
2025/05/19 01:50:09.390640510,114.00000000000001
2025/05/19 01:50:09.491969423,114.00000000000001
2025/05/19 01:50:09.589622748,114.00000000000001
2025/05/19 01:50:09.689169570,114.00000000000001
2025/05/19 01:50:09.786539700,114.00000000000001
2025/05/19 01:50:09.892006847,114.00000000000001
2025/05/19 01:50:09.988724203,114.00000000000001
2025/05/19 01:50:10.95905481,113.1405633073038
2025/05/19 01:50:10.192895490,113.0
2025/05/19 01:50:10.292764732,113.0
2025/05/19 01:50:10.392209254,113.0
2025/05/19 01:50:10.491037545,113.0
2025/05/19 01:50:10.600091262,113.0
2025/05/19 01:50:10.689277199,113.0
2025/05/19 01:50:10.791782402,113.0
2025/05/19 01:50:10.894347985,113.0
2025/05/19 01:50:10.996024693,113.0
2025/05/19 01:50:11.83823413,113.0
2025/05/19 01:50:11.188019478,115.0
2025/05/19 01:50:11.293776126,115.0
2025/05/19 01:50:11.389728667,115.0
2025/05/19 01:50:11.486983728,115.0
2025/05/19 01:50:11.594023870,115.0
2025/05/19 01:50:11.690135545,115.0
2025/05/19 01:50:11.796557516,115.0
2025/05/19 01:50:11.885180104,115.0
2025/05/19 01:50:11.989174107,115.0
2025/05/19 01:50:12.84749161,115.5729577951308
2025/05/19 01:50:12.195142226,118.00000000000001
2025/05/19 01:50:12.289244289,118.00000000000001
2025/05/19 01:50:12.391534005,118.00000000000001
2025/05/19 01:50:12.486266687,118.00000000000001
2025/05/19 01:50:12.589822486,118.00000000000001
2025/05/19 01:50:12.691302224,118.00000000000001
2025/05/19 01:50:12.803135032,118.00000000000001
2025/05/19 01:50:12.888932020,118.00000000000001
2025/05/19 01:50:12.987725861,118.00000000000001
2025/05/19 01:50:13.86115999,118.57295779513082
2025/05/19 01:50:13.191955015,119.99999999999999
2025/05/19 01:50:13.291376127,119.99999999999999
2025/05/19 01:50:13.385918651,119.99999999999999
2025/05/19 01:50:13.489861081,119.99999999999999
2025/05/19 01:50:13.595144660,119.99999999999999
2025/05/19 01:50:13.694759962,119.99999999999999
2025/05/19 01:50:13.791636244,119.99999999999999
2025/05/19 01:50:13.893643551,119.99999999999999
2025/05/19 01:50:13.999619463,119.99999999999999
2025/05/19 01:50:14.94724382,119.99999999999999
2025/05/19 01:50:14.194604194,118.00000000000001
2025/05/19 01:50:14.289710732,118.00000000000001
2025/05/19 01:50:14.389532241,118.00000000000001
2025/05/19 01:50:14.497232512,118.00000000000001
2025/05/19 01:50:14.589654708,118.00000000000001
2025/05/19 01:50:14.691805283,118.00000000000001
2025/05/19 01:50:14.797595896,118.00000000000001
2025/05/19 01:50:14.887215337,118.00000000000001
2025/05/19 01:50:14.992505488,118.00000000000001
2025/05/19 01:50:15.87019631,118.00000000000001
2025/05/19 01:50:15.188372227,118.00000000000001
2025/05/19 01:50:15.287919869,118.00000000000001
2025/05/19 01:50:15.392533525,118.00000000000001
2025/05/19 01:50:15.492195274,118.00000000000001
2025/05/19 01:50:15.594144386,118.00000000000001
2025/05/19 01:50:15.690110605,118.00000000000001
2025/05/19 01:50:15.788119576,118.00000000000001
2025/05/19 01:50:15.890774607,118.00000000000001
2025/05/19 01:50:15.992520316,118.00000000000001
2025/05/19 01:50:16.99910747,118.00000000000001
2025/05/19 01:50:16.189838647,118.00000000000001
2025/05/19 01:50:16.285693400,118.00000000000001
2025/05/19 01:50:16.393947290,118.00000000000001
2025/05/19 01:50:16.489770332,118.00000000000001
2025/05/19 01:50:16.597414075,118.00000000000001
2025/05/19 01:50:16.686253028,118.00000000000001
2025/05/19 01:50:16.792663800,118.00000000000001
2025/05/19 01:50:16.886898386,118.00000000000001
2025/05/19 01:50:16.989026398,118.00000000000001
2025/05/19 01:50:17.94288297,118.00000000000001
2025/05/19 01:50:17.184666315,119.99999999999999
2025/05/19 01:50:17.293356729,119.99999999999999
2025/05/19 01:50:17.396278162,119.99999999999999
2025/05/19 01:50:17.488604052,119.99999999999999
2025/05/19 01:50:17.595224225,119.99999999999999
2025/05/19 01:50:17.684544293,119.99999999999999
2025/05/19 01:50:17.789391493,119.99999999999999
2025/05/19 01:50:17.888784548,119.99999999999999
2025/05/19 01:50:17.992500468,119.99999999999999
2025/05/19 01:50:18.88019720,119.99999999999999
2025/05/19 01:50:18.193216215,119.99999999999999
2025/05/19 01:50:18.284420946,119.99999999999999
2025/05/19 01:50:18.390418474,119.99999999999999
2025/05/19 01:50:18.494448299,119.99999999999999
2025/05/19 01:50:18.595169414,119.99999999999999
2025/05/19 01:50:18.688158772,119.99999999999999
2025/05/19 01:50:18.791577622,119.99999999999999
2025/05/19 01:50:18.889643195,119.99999999999999
2025/05/19 01:50:18.993688435,119.99999999999999
2025/05/19 01:50:19.86260690,119.99999999999999
2025/05/19 01:50:19.188083706,119.99999999999999
2025/05/19 01:50:19.292304488,119.99999999999999
2025/05/19 01:50:19.396065630,119.99999999999999
2025/05/19 01:50:19.493433797,119.99999999999999
2025/05/19 01:50:19.588369924,119.99999999999999
2025/05/19 01:50:19.693728046,119.99999999999999
2025/05/19 01:50:19.790106229,119.99999999999999
2025/05/19 01:50:19.898352831,119.99999999999999
2025/05/19 01:50:19.986177583,119.99999999999999
2025/05/19 01:50:20.89173350,119.99999999999999
2025/05/19 01:50:20.189740220,119.99999999999999
2025/05/19 01:50:20.289570157,119.99999999999999
2025/05/19 01:50:20.388181080,119.99999999999999
2025/05/19 01:50:20.484287042,119.99999999999999
2025/05/19 01:50:20.595883752,119.99999999999999
2025/05/19 01:50:20.694163845,119.99999999999999
2025/05/19 01:50:20.794818608,119.99999999999999
2025/05/19 01:50:20.891603578,119.99999999999999
2025/05/19 01:50:20.992180716,119.99999999999999
2025/05/19 01:50:21.90161208,119.99999999999999
2025/05/19 01:50:21.189461469,119.99999999999999
2025/05/19 01:50:21.283681321,119.99999999999999
2025/05/19 01:50:21.387861227,119.99999999999999
2025/05/19 01:50:21.487649296,119.99999999999999
2025/05/19 01:50:21.595259000,119.99999999999999
2025/05/19 01:50:21.691358667,119.99999999999999
2025/05/19 01:50:21.790083939,119.99999999999999
2025/05/19 01:50:21.894248073,119.99999999999999
2025/05/19 01:50:21.989295044,119.99999999999999
2025/05/19 01:50:22.91002226,119.99999999999999
2025/05/19 01:50:22.196531752,119.99999999999999
2025/05/19 01:50:22.287876496,119.99999999999999
2025/05/19 01:50:22.389299931,119.99999999999999
2025/05/19 01:50:22.492208454,119.99999999999999
2025/05/19 01:50:22.585850253,119.99999999999999
2025/05/19 01:50:22.688766658,119.99999999999999
2025/05/19 01:50:22.793393978,119.99999999999999
2025/05/19 01:50:22.888984628,119.99999999999999
2025/05/19 01:50:22.987035087,119.99999999999999
2025/05/19 01:50:23.91345263,119.99999999999999
2025/05/19 01:50:23.194145364,119.99999999999999
2025/05/19 01:50:23.285488486,119.99999999999999
2025/05/19 01:50:23.393194744,119.99999999999999
2025/05/19 01:50:23.494875204,119.99999999999999
2025/05/19 01:50:23.590338996,119.99999999999999
2025/05/19 01:50:23.697059162,119.99999999999999
2025/05/19 01:50:23.790726027,119.99999999999999
2025/05/19 01:50:23.897997979,119.99999999999999
2025/05/19 01:50:23.991106865,119.99999999999999
2025/05/19 01:50:24.89586124,119.99999999999999
2025/05/19 01:50:24.185956182,119.99999999999999
2025/05/19 01:50:24.295953735,119.99999999999999
2025/05/19 01:50:24.388935429,119.99999999999999
2025/05/19 01:50:24.487271684,119.99999999999999
2025/05/19 01:50:24.595516099,119.99999999999999
2025/05/19 01:50:24.689922300,119.99999999999999
2025/05/19 01:50:24.789802152,119.99999999999999
2025/05/19 01:50:24.894250368,119.99999999999999
2025/05/19 01:50:24.989982930,119.99999999999999
2025/05/19 01:50:25.89724839,119.99999999999999
2025/05/19 01:50:25.187624037,121.0
2025/05/19 01:50:25.291334845,121.0
2025/05/19 01:50:25.389168505,121.0
2025/05/19 01:50:25.488951448,121.0
2025/05/19 01:50:25.589242803,121.0
2025/05/19 01:50:25.696181783,121.0
2025/05/19 01:50:25.791856533,121.0
2025/05/19 01:50:25.890171153,119.99999999999999
2025/05/19 01:50:25.986164807,119.99999999999999
2025/05/19 01:50:26.96618710,119.99999999999999
2025/05/19 01:50:26.188301270,119.99999999999999
2025/05/19 01:50:26.294755609,119.99999999999999
2025/05/19 01:50:26.387386071,119.99999999999999
2025/05/19 01:50:26.489085363,119.99999999999999
2025/05/19 01:50:26.584303996,119.99999999999999
2025/05/19 01:50:26.690340272,119.99999999999999
2025/05/19 01:50:26.791072858,119.99999999999999
2025/05/19 01:50:26.895424357,119.99999999999999
2025/05/19 01:50:26.988337259,119.99999999999999
2025/05/19 01:50:27.84916120,119.99999999999999
2025/05/19 01:50:27.193070985,119.99999999999999
