time,data
2025/05/25 19:00:06.534098518,135.0
2025/05/25 19:00:06.667262003,135.0
2025/05/25 19:00:06.736300389,135.0
2025/05/25 19:00:06.845019298,135.0
2025/05/25 19:00:06.931194396,135.0
2025/05/25 19:00:07.30986139,135.0
2025/05/25 19:00:07.131432727,135.0
2025/05/25 19:00:07.232978687,135.0
2025/05/25 19:00:07.333235510,135.0
2025/05/25 19:00:07.434416819,135.0
2025/05/25 19:00:07.535976608,132.13521102434595
2025/05/25 19:00:07.637203839,129.2704220486919
2025/05/25 19:00:07.730153556,126.69211197060324
2025/05/25 19:00:07.833315757,123.82732299494918
2025/05/25 19:00:07.932117097,120.67605512172972
2025/05/25 19:00:08.32816994,117.81126614607567
2025/05/25 19:00:08.136143865,114.94647717042162
2025/05/25 19:00:08.235266132,112.36816709233297
2025/05/25 19:00:08.327425470,109.2168992191135
2025/05/25 19:00:08.427723709,106.35211024345945
2025/05/25 19:00:08.529650108,103.7738001653708
2025/05/25 19:00:08.629573446,102.0
2025/05/25 19:00:08.730602422,102.0
2025/05/25 19:00:08.834996954,103.0
2025/05/25 19:00:08.937270453,103.0
2025/05/25 19:00:09.29627395,103.0
2025/05/25 19:00:09.130835861,101.0
2025/05/25 19:00:09.229715107,102.0
2025/05/25 19:00:09.333658570,102.0
2025/05/25 19:00:09.433911124,101.0
2025/05/25 19:00:09.533902354,99.0
2025/05/25 19:00:09.634538755,100.0
2025/05/25 19:00:09.727375898,100.0
2025/05/25 19:00:09.829274428,100.0
2025/05/25 19:00:09.932564396,101.0
2025/05/25 19:00:10.31158252,101.0
2025/05/25 19:00:10.131299291,102.0
2025/05/25 19:00:10.231938848,102.0
2025/05/25 19:00:10.334562005,104.00535228295784
2025/05/25 19:00:10.434454258,106.8701412586119
2025/05/25 19:00:10.536237751,110.02140913183136
2025/05/25 19:00:10.626737729,112.59971920992001
2025/05/25 19:00:10.727813543,115.75098708313948
2025/05/25 19:00:10.830250886,118.61577605879354
2025/05/25 19:00:10.938976357,121.4805650344476
2025/05/25 19:00:11.34606402,124.05887511253624
2025/05/25 19:00:11.137389544,127.2101429857557
2025/05/25 19:00:11.226230488,129.78845306384434
2025/05/25 19:00:11.328809706,132.9397209370638
2025/05/25 19:00:11.429695030,135.51803101515247
2025/05/25 19:00:11.530697851,138.38281999080652
2025/05/25 19:00:11.631406175,141.24760896646058
2025/05/25 19:00:11.732331051,144.11239794211463
2025/05/25 19:00:11.835291471,146.0
2025/05/25 19:00:11.926484022,146.0
2025/05/25 19:00:12.28439661,145.0
2025/05/25 19:00:12.132755015,145.0
2025/05/25 19:00:12.231382623,145.0
2025/05/25 19:00:12.331552977,144.0
2025/05/25 19:00:12.432047478,141.70816881947675
2025/05/25 19:00:12.532920175,139.12985874138812
2025/05/25 19:00:12.634810199,135.97859086816865
2025/05/25 19:00:12.735783213,133.40028079008
2025/05/25 19:00:12.826948589,130.53549181442594
2025/05/25 19:00:12.928072696,127.38422394120649
2025/05/25 19:00:13.30313069,124.80591386311784
2025/05/25 19:00:13.130239293,121.94112488746377
2025/05/25 19:00:13.231365327,119.07633591180972
2025/05/25 19:00:13.333577691,115.92506803859025
2025/05/25 19:00:13.432826680,113.3467579605016
2025/05/25 19:00:13.535106250,110.19549008728215
2025/05/25 19:00:13.635500694,107.6171800091935
2025/05/25 19:00:13.726394209,104.75239103353944
2025/05/25 19:00:13.826715227,101.88760205788539
2025/05/25 19:00:13.929092705,98.73633418466594
2025/05/25 19:00:14.34738911,98.0
2025/05/25 19:00:14.133379797,98.0
2025/05/25 19:00:14.235113212,99.0
2025/05/25 19:00:14.331541715,100.0
2025/05/25 19:00:14.433957117,100.0
2025/05/25 19:00:14.532841361,101.0
2025/05/25 19:00:14.635406194,102.0
2025/05/25 19:00:14.734729787,102.0
2025/05/25 19:00:14.828076958,103.0
2025/05/25 19:00:14.928572037,104.0
2025/05/25 19:00:15.30991780,105.00000000000001
2025/05/25 19:00:15.131002261,106.0
2025/05/25 19:00:15.232330332,107.0
2025/05/25 19:00:15.337013120,108.0
2025/05/25 19:00:15.426569562,105.70816881947675
2025/05/25 19:00:15.527360995,102.8433798438227
2025/05/25 19:00:15.628728226,102.0
2025/05/25 19:00:15.730823059,102.0
2025/05/25 19:00:15.830625133,102.0
2025/05/25 19:00:15.935622442,102.0
2025/05/25 19:00:16.36659694,103.0
2025/05/25 19:00:16.127060383,103.0
2025/05/25 19:00:16.229594815,103.0
2025/05/25 19:00:16.331084683,100.13521102434595
2025/05/25 19:00:16.431821892,99.0
2025/05/25 19:00:16.531146110,99.0
2025/05/25 19:00:16.634707017,99.0
2025/05/25 19:00:16.733395339,100.0
2025/05/25 19:00:16.834942985,100.0
2025/05/25 19:00:16.935849398,101.0
2025/05/25 19:00:17.27492434,101.0
2025/05/25 19:00:17.127370308,102.0
2025/05/25 19:00:17.231000035,102.0
2025/05/25 19:00:17.330155054,103.0
2025/05/25 19:00:17.430781443,103.0
2025/05/25 19:00:17.533801431,104.0
2025/05/25 19:00:17.635968386,105.00000000000001
2025/05/25 19:00:17.735261113,106.0
2025/05/25 19:00:17.833627717,106.0
2025/05/25 19:00:17.937799145,107.0
2025/05/25 19:00:18.34552287,108.0
2025/05/25 19:00:18.135979464,109.0
2025/05/25 19:00:18.236335692,110.0
2025/05/25 19:00:18.336992553,111.0
2025/05/25 19:00:18.427716996,108.70816881947675
2025/05/25 19:00:18.528776175,106.1298587413881
2025/05/25 19:00:18.632129957,104.0
2025/05/25 19:00:18.731363161,105.00000000000001
2025/05/25 19:00:18.832781860,105.00000000000001
2025/05/25 19:00:18.937095589,103.0
2025/05/25 19:00:19.35499591,102.0
2025/05/25 19:00:19.136067605,101.0
2025/05/25 19:00:19.227780964,100.0
2025/05/25 19:00:19.328263337,100.0
2025/05/25 19:00:19.428763566,100.0
2025/05/25 19:00:19.535642081,100.0
2025/05/25 19:00:19.635573244,100.0
2025/05/25 19:00:19.736304935,100.0
2025/05/25 19:00:19.828602708,100.0
2025/05/25 19:00:19.928303203,100.0
2025/05/25 19:00:20.29279054,100.0
2025/05/25 19:00:20.130890862,100.0
2025/05/25 19:00:20.233251967,100.0
2025/05/25 19:00:20.333112584,100.0
2025/05/25 19:00:20.433979718,99.0
2025/05/25 19:00:20.535653402,99.0
2025/05/25 19:00:20.627342474,98.0
2025/05/25 19:00:20.728189360,98.0
2025/05/25 19:00:20.828685627,97.0
2025/05/25 19:00:20.930831905,96.00000000000001
2025/05/25 19:00:21.32143617,96.00000000000001
2025/05/25 19:00:21.132541066,95.0
2025/05/25 19:00:21.238231759,95.0
2025/05/25 19:00:21.329600712,95.0
2025/05/25 19:00:21.428128544,96.00000000000001
2025/05/25 19:00:21.530881487,97.0
2025/05/25 19:00:21.632756248,96.00000000000001
2025/05/25 19:00:21.732619255,96.00000000000001
2025/05/25 19:00:21.832505970,95.0
2025/05/25 19:00:21.934647736,95.0
2025/05/25 19:00:22.34649288,94.0
2025/05/25 19:00:22.136592841,94.0
2025/05/25 19:00:22.228646559,94.0
2025/05/25 19:00:22.331677863,94.0
2025/05/25 19:00:22.431093008,94.0
2025/05/25 19:00:22.533946925,94.0
2025/05/25 19:00:22.634159913,94.0
2025/05/25 19:00:22.738337163,94.0
2025/05/25 19:00:22.827823601,94.0
2025/05/25 19:00:22.929180757,94.0
2025/05/25 19:00:23.30961634,94.0
2025/05/25 19:00:23.129971470,94.0
2025/05/25 19:00:23.232140759,94.0
2025/05/25 19:00:23.335487445,94.0
2025/05/25 19:00:23.435108461,94.0
2025/05/25 19:00:23.528856384,94.0
2025/05/25 19:00:23.628996959,94.0
2025/05/25 19:00:23.729119855,94.0
2025/05/25 19:00:23.831371960,94.0
2025/05/25 19:00:23.934364392,94.0
2025/05/25 19:00:24.34356934,94.0
2025/05/25 19:00:24.135635123,94.0
2025/05/25 19:00:24.228644869,94.0
2025/05/25 19:00:24.331057190,94.0
2025/05/25 19:00:24.429000433,93.0
2025/05/25 19:00:24.529508022,92.0
2025/05/25 19:00:24.629807073,91.0
2025/05/25 19:00:24.731174611,91.0
2025/05/25 19:00:24.831873033,91.0
2025/05/25 19:00:24.935662527,91.0
2025/05/25 19:00:25.35384110,91.0
2025/05/25 19:00:25.138269693,91.0
2025/05/25 19:00:25.227115269,91.0
2025/05/25 19:00:25.327956032,92.0
2025/05/25 19:00:25.429277547,93.0
2025/05/25 19:00:25.531182344,92.0
2025/05/25 19:00:25.636233817,92.0
2025/05/25 19:00:25.741487958,92.0
2025/05/25 19:00:25.830634875,92.0
2025/05/25 19:00:25.931402075,92.0
2025/05/25 19:00:26.30788965,92.0
2025/05/25 19:00:26.134560502,92.0
2025/05/25 19:00:26.226772266,92.0
2025/05/25 19:00:26.327395049,92.0
2025/05/25 19:00:26.429698360,92.0
2025/05/25 19:00:26.528732325,92.0
2025/05/25 19:00:26.629549834,92.0
2025/05/25 19:00:26.730940994,92.0
2025/05/25 19:00:26.832569708,92.0
2025/05/25 19:00:26.933748320,92.0
2025/05/25 19:00:27.33999534,93.0
2025/05/25 19:00:27.135681999,93.0
2025/05/25 19:00:27.231212497,93.0
2025/05/25 19:00:27.331263404,93.0
2025/05/25 19:00:27.431359977,93.0
2025/05/25 19:00:27.532300674,93.0
2025/05/25 19:00:27.634277851,93.0
2025/05/25 19:00:27.735846409,94.0
2025/05/25 19:00:27.828568464,94.0
2025/05/25 19:00:27.928824696,94.0
2025/05/25 19:00:28.29770300,94.0
2025/05/25 19:00:28.132625762,95.0
2025/05/25 19:00:28.232349675,95.0
2025/05/25 19:00:28.333787425,95.0
2025/05/25 19:00:28.435987982,96.00000000000001
2025/05/25 19:00:28.526764918,96.00000000000001
2025/05/25 19:00:28.630070528,97.0
2025/05/25 19:00:28.730900148,97.0
2025/05/25 19:00:28.831771206,98.0
2025/05/25 19:00:28.932319884,98.0
2025/05/25 19:00:29.36509518,99.0
2025/05/25 19:00:29.133698894,100.0
2025/05/25 19:00:29.235187979,100.0
2025/05/25 19:00:29.328305842,101.0
2025/05/25 19:00:29.427491036,99.0
2025/05/25 19:00:29.528428826,98.0
2025/05/25 19:00:29.628961901,99.0
2025/05/25 19:00:29.730888333,99.0
2025/05/25 19:00:29.832600303,100.0
2025/05/25 19:00:29.933999190,101.0
2025/05/25 19:00:30.35782028,102.0
2025/05/25 19:00:30.135038807,103.0
2025/05/25 19:00:30.227194836,104.0
2025/05/25 19:00:30.335320161,104.0
2025/05/25 19:00:30.431823510,106.0
2025/05/25 19:00:30.532289478,107.0
2025/05/25 19:00:30.633660441,108.0
2025/05/25 19:00:30.735713488,109.0
2025/05/25 19:00:30.837641534,110.0
2025/05/25 19:00:30.928596034,111.0
2025/05/25 19:00:31.28058038,112.0
2025/05/25 19:00:31.129034613,113.0
2025/05/25 19:00:31.232458663,115.0
2025/05/25 19:00:31.332476971,116.00000000000001
2025/05/25 19:00:31.435272468,117.0
2025/05/25 19:00:31.535383323,118.00000000000001
2025/05/25 19:00:31.626937709,119.0
2025/05/25 19:00:31.728169781,119.99999999999999
2025/05/25 19:00:31.829606983,121.0
2025/05/25 19:00:31.934056772,122.0
2025/05/25 19:00:32.32258322,123.00000000000001
2025/05/25 19:00:32.133610187,124.0
2025/05/25 19:00:32.235739040,125.00000000000001
2025/05/25 19:00:32.336813801,122.13521102434595
2025/05/25 19:00:32.426074612,119.5569009462573
2025/05/25 19:00:32.527179124,116.69211197060325
2025/05/25 19:00:32.631181322,113.5408440973838
2025/05/25 19:00:32.729552472,110.96253401929513
2025/05/25 19:00:32.831302035,107.81126614607568
2025/05/25 19:00:32.932260283,105.23295606798703
2025/05/25 19:00:33.32331496,102.08168819476757
2025/05/25 19:00:33.133110400,99.50337811667892
2025/05/25 19:00:33.238657629,96.35211024345946
2025/05/25 19:00:33.336678281,93.4873212678054
2025/05/25 19:00:33.426993826,92.0
2025/05/25 19:00:33.531634218,92.0
2025/05/25 19:00:33.633562194,92.0
2025/05/25 19:00:33.734171560,92.0
2025/05/25 19:00:33.836525903,92.0
2025/05/25 19:00:33.926887412,92.0
2025/05/25 19:00:34.28267788,93.0
2025/05/25 19:00:34.127996547,93.0
2025/05/25 19:00:34.230135659,93.0
2025/05/25 19:00:34.331233122,94.0
2025/05/25 19:00:34.440369715,96.57831007808865
2025/05/25 19:00:34.527631826,98.0
2025/05/25 19:00:34.627760464,99.0
2025/05/25 19:00:34.728566077,99.0
2025/05/25 19:00:34.829490531,98.0
2025/05/25 19:00:34.931618812,98.0
2025/05/25 19:00:35.36142165,97.0
2025/05/25 19:00:35.126879391,97.0
2025/05/25 19:00:35.227209382,97.0
2025/05/25 19:00:35.329195270,98.0
2025/05/25 19:00:35.431216881,100.29183118052325
2025/05/25 19:00:35.531923267,102.8701412586119
2025/05/25 19:00:35.634954470,105.73493023426595
2025/05/25 19:00:35.734414999,106.0
2025/05/25 19:00:35.834947754,105.00000000000001
2025/05/25 19:00:35.927052934,104.0
2025/05/25 19:00:36.31066213,104.0
2025/05/25 19:00:36.132562003,103.0
2025/05/25 19:00:36.234982275,102.0
2025/05/25 19:00:36.336041554,103.0
2025/05/25 19:00:36.435735688,105.29183118052325
2025/05/25 19:00:36.526415985,107.8701412586119
2025/05/25 19:00:36.627853152,111.02140913183136
2025/05/25 19:00:36.729131818,112.0
2025/05/25 19:00:36.829647054,112.0
2025/05/25 19:00:36.932265955,112.0
2025/05/25 19:00:37.34280417,112.0
2025/05/25 19:00:37.135349792,112.0
2025/05/25 19:00:37.226113002,112.0
2025/05/25 19:00:37.327677447,113.0
2025/05/25 19:00:37.428542220,115.00535228295786
2025/05/25 19:00:37.529506546,117.87014125861191
2025/05/25 19:00:37.631111418,120.73493023426597
2025/05/25 19:00:37.732134945,122.0
2025/05/25 19:00:37.836595323,122.0
2025/05/25 19:00:37.937433509,122.0
2025/05/25 19:00:38.27628960,122.0
2025/05/25 19:00:38.128375949,123.00000000000001
2025/05/25 19:00:38.232013333,123.00000000000001
2025/05/25 19:00:38.333528064,124.0
2025/05/25 19:00:38.433508499,125.00000000000001
2025/05/25 19:00:38.535582489,126.0
2025/05/25 19:00:38.636994726,127.00000000000001
2025/05/25 19:00:38.727727863,127.00000000000001
2025/05/25 19:00:38.827325430,127.00000000000001
2025/05/25 19:00:38.929724402,127.00000000000001
2025/05/25 19:00:39.30819859,127.00000000000001
2025/05/25 19:00:39.132664470,127.00000000000001
2025/05/25 19:00:39.235610580,127.00000000000001
2025/05/25 19:00:39.339857352,128.0
2025/05/25 19:00:39.426159304,128.0
2025/05/25 19:00:39.527000884,128.0
2025/05/25 19:00:39.629597251,128.0
2025/05/25 19:00:39.729185505,129.0
2025/05/25 19:00:39.830899753,129.0
2025/05/25 19:00:39.931024231,129.0
2025/05/25 19:00:40.28015405,129.0
2025/05/25 19:00:40.127417100,129.0
2025/05/25 19:00:40.233212504,130.0
2025/05/25 19:00:40.336313655,127.42168992191135
2025/05/25 19:00:40.425999341,124.5569009462573
2025/05/25 19:00:40.529054785,121.40563307303783
2025/05/25 19:00:40.630688770,118.54084409738378
2025/05/25 19:00:40.729410024,115.67605512172973
2025/05/25 19:00:40.830600045,112.81126614607568
2025/05/25 19:00:40.933297903,110.23295606798702
2025/05/25 19:00:41.34818752,107.36816709233297
2025/05/25 19:00:41.136483889,108.0
2025/05/25 19:00:41.227712857,109.0
2025/05/25 19:00:41.331603995,111.29183118052325
2025/05/25 19:00:41.433005728,113.8701412586119
2025/05/25 19:00:41.534886340,116.73493023426596
2025/05/25 19:00:41.635560972,119.59971920992001
2025/05/25 19:00:41.737480270,122.75098708313948
2025/05/25 19:00:41.827103536,125.32929716122813
2025/05/25 19:00:41.929882257,128.1940861368822
2025/05/25 19:00:42.31346608,131.34535401010163
2025/05/25 19:00:42.132542092,134.0
2025/05/25 19:00:42.233617424,134.0
2025/05/25 19:00:42.328188792,136.00535228295786
2025/05/25 19:00:42.429571965,138.0
2025/05/25 19:00:42.531346275,140.86478897565405
2025/05/25 19:00:42.631867915,143.7295779513081
2025/05/25 19:00:42.732813343,144.0
2025/05/25 19:00:42.833439006,144.0
2025/05/25 19:00:42.935919176,143.0
2025/05/25 19:00:43.26703578,143.0
2025/05/25 19:00:43.127178812,143.0
2025/05/25 19:00:43.227707195,142.0
2025/05/25 19:00:43.328717303,142.0
2025/05/25 19:00:43.429922516,144.00535228295783
2025/05/25 19:00:43.531600360,144.0
2025/05/25 19:00:43.632939390,144.0
2025/05/25 19:00:43.735010803,143.0
2025/05/25 19:00:43.826295062,142.0
2025/05/25 19:00:43.929947452,142.0
2025/05/25 19:00:44.31003059,141.0
2025/05/25 19:00:44.133607931,141.0
2025/05/25 19:00:44.233175861,140.0
2025/05/25 19:00:44.331905843,137.99464771704214
2025/05/25 19:00:44.433500284,134.8433798438227
2025/05/25 19:00:44.534949437,131.97859086816865
2025/05/25 19:00:44.635585060,129.11380189251457
2025/05/25 19:00:44.726597689,126.53549181442594
2025/05/25 19:00:44.830632854,123.38422394120647
2025/05/25 19:00:44.930988626,120.80591386311782
2025/05/25 19:00:45.32371396,117.94112488746377
2025/05/25 19:00:45.127115569,114.7898570142443
2025/05/25 19:00:45.234979358,112.21154693615566
2025/05/25 19:00:45.335909129,109.0602790629362
2025/05/25 19:00:45.426064265,106.48196898484755
2025/05/25 19:00:45.527941008,103.61718000919349
2025/05/25 19:00:45.628975971,100.46591213597404
2025/05/25 19:00:45.733560391,97.60112316031997
2025/05/25 19:00:45.830940678,94.73633418466592
2025/05/25 19:00:45.933720779,91.87154520901187
2025/05/25 19:00:46.34227900,91.0
2025/05/25 19:00:46.134637627,91.0
2025/05/25 19:00:46.235374695,91.0
2025/05/25 19:00:46.326697764,92.0
2025/05/25 19:00:46.430304963,92.0
2025/05/25 19:00:46.532399150,92.0
2025/05/25 19:00:46.629186760,92.0
2025/05/25 19:00:46.727054389,92.0
2025/05/25 19:00:46.828437631,93.0
2025/05/25 19:00:46.928879582,93.0
2025/05/25 19:00:47.29885002,93.0
2025/05/25 19:00:47.133099008,94.0
2025/05/25 19:00:47.234916919,94.0
2025/05/25 19:00:47.326475862,95.0
2025/05/25 19:00:47.428614780,95.0
2025/05/25 19:00:47.530593174,96.00000000000001
2025/05/25 19:00:47.634138836,96.00000000000001
2025/05/25 19:00:47.732242246,97.0
2025/05/25 19:00:47.834940430,99.57831007808865
2025/05/25 19:00:47.937414705,102.1566201561773
2025/05/25 19:00:48.29134607,105.02140913183135
2025/05/25 19:00:48.133132607,107.88619810748541
2025/05/25 19:00:48.232557631,111.03746598070487
2025/05/25 19:00:48.335057772,113.90225495635892
2025/05/25 19:00:48.435938643,116.76704393201298
2025/05/25 19:00:48.529144400,119.63183290766703
2025/05/25 19:00:48.635921813,122.49662188332108
2025/05/25 19:00:48.736183611,125.07493196140973
2025/05/25 19:00:48.836007945,128.0
2025/05/25 19:00:48.929029809,128.0
2025/05/25 19:00:49.29238628,128.0
2025/05/25 19:00:49.130256265,129.0
2025/05/25 19:00:49.230472399,129.0
2025/05/25 19:00:49.332953887,129.0
2025/05/25 19:00:49.433426040,129.0
2025/05/25 19:00:49.534467376,130.0
2025/05/25 19:00:49.636334050,130.0
2025/05/25 19:00:49.731986200,130.0
2025/05/25 19:00:49.831605299,130.0
2025/05/25 19:00:49.932661373,131.0
2025/05/25 19:00:50.34781589,131.0
2025/05/25 19:00:50.126552638,131.0
2025/05/25 19:00:50.232551345,131.0
2025/05/25 19:00:50.336639996,132.0
2025/05/25 19:00:50.434981323,132.0
2025/05/25 19:00:50.536077662,132.0
2025/05/25 19:00:50.632626445,132.0
2025/05/25 19:00:50.730935353,132.0
2025/05/25 19:00:50.832043306,132.0
2025/05/25 19:00:50.934874959,133.0
2025/05/25 19:00:51.34018837,135.29183118052325
2025/05/25 19:00:51.135006792,138.1566201561773
2025/05/25 19:00:51.228288417,140.73493023426593
2025/05/25 19:00:51.329767841,141.0
2025/05/25 19:00:51.431085164,140.0
2025/05/25 19:00:51.534149959,140.0
2025/05/25 19:00:51.638220299,140.0
2025/05/25 19:00:51.728084622,139.0
2025/05/25 19:00:51.829086854,139.0
2025/05/25 19:00:51.938601979,141.0
2025/05/25 19:00:52.25956152,143.00535228295786
2025/05/25 19:00:52.129371252,146.1566201561773
2025/05/25 19:00:52.230368275,149.02140913183138
2025/05/25 19:00:52.331300405,151.59971920992
2025/05/25 19:00:52.435906890,154.75098708313948
2025/05/25 19:00:52.526704831,157.61577605879353
2025/05/25 19:00:52.629286547,157.0
2025/05/25 19:00:52.731030441,155.0
2025/05/25 19:00:52.833157462,154.0
2025/05/25 19:00:52.931627942,153.0
2025/05/25 19:00:53.31209903,152.0
2025/05/25 19:00:53.130444513,151.0
2025/05/25 19:00:53.231291467,150.0
2025/05/25 19:00:53.332945048,149.0
2025/05/25 19:00:53.433973376,148.0
2025/05/25 19:00:53.535967172,147.0
2025/05/25 19:00:53.627577690,146.0
2025/05/25 19:00:53.729460080,145.0
2025/05/25 19:00:53.831349008,144.0
2025/05/25 19:00:53.932296420,144.0
2025/05/25 19:00:54.32619524,143.0
2025/05/25 19:00:54.134031398,142.0
2025/05/25 19:00:54.234856388,142.0
2025/05/25 19:00:54.329657932,141.0
2025/05/25 19:00:54.432287135,140.0
2025/05/25 19:00:54.533847534,140.0
2025/05/25 19:00:54.634558249,139.0
2025/05/25 19:00:54.734522219,139.0
2025/05/25 19:00:54.835954753,139.0
2025/05/25 19:00:54.927150201,138.0
2025/05/25 19:00:55.30824293,138.0
2025/05/25 19:00:55.131329468,138.0
2025/05/25 19:00:55.233323265,137.0
2025/05/25 19:00:55.335946388,137.0
2025/05/25 19:00:55.435508352,137.0
2025/05/25 19:00:55.536841356,137.0
2025/05/25 19:00:55.626389754,136.0
2025/05/25 19:00:55.727238425,136.0
2025/05/25 19:00:55.831286995,136.0
2025/05/25 19:00:55.933591746,133.70816881947678
2025/05/25 19:00:56.32746060,130.8433798438227
2025/05/25 19:00:56.135091002,127.97859086816867
2025/05/25 19:00:56.234305910,125.1138018925146
2025/05/25 19:00:56.341636616,122.24901291686055
2025/05/25 19:00:56.427677438,119.6707028387719
2025/05/25 19:00:56.532879500,116.51943496555243
2025/05/25 19:00:56.634699102,113.65464598989838
2025/05/25 19:00:56.733734999,110.78985701424433
2025/05/25 19:00:56.835326220,107.92506803859027
2025/05/25 19:00:56.935730233,105.06027906293622
2025/05/25 19:00:57.26571294,102.19549008728217
2025/05/25 19:00:57.128245476,99.3307011116281
2025/05/25 19:00:57.233426671,96.46591213597405
2025/05/25 19:00:57.336470747,97.0
2025/05/25 19:00:57.434930802,98.0
2025/05/25 19:00:57.538610673,98.2864788975654
2025/05/25 19:00:57.627500137,99.0
2025/05/25 19:00:57.729077526,100.0
2025/05/25 19:00:57.830164426,102.29183118052325
2025/05/25 19:00:57.937440203,105.4430990537427
2025/05/25 19:00:58.35333882,108.02140913183136
2025/05/25 19:00:58.135846511,110.88619810748541
2025/05/25 19:00:58.226823624,114.03746598070487
2025/05/25 19:00:58.329044224,116.90225495635895
2025/05/25 19:00:58.433123533,119.4805650344476
2025/05/25 19:00:58.534257341,122.63183290766705
2025/05/25 19:00:58.637159533,125.4966218833211
2025/05/25 19:00:58.735426270,127.00000000000001
2025/05/25 19:00:58.835761208,127.00000000000001
2025/05/25 19:00:58.930203392,129.0
2025/05/25 19:00:59.30735990,131.00535228295783
2025/05/25 19:00:59.132418600,133.87014125861188
2025/05/25 19:00:59.233835186,137.02140913183135
2025/05/25 19:00:59.334871944,139.59971920991998
2025/05/25 19:00:59.434917787,142.46450818557406
2025/05/25 19:00:59.536267062,145.6157760587935
2025/05/25 19:00:59.627194440,148.48056503444758
2025/05/25 19:00:59.729761744,151.34535401010163
2025/05/25 19:00:59.829147874,151.0
2025/05/25 19:00:59.932022589,151.0
2025/05/25 19:01:00.33080178,150.0
2025/05/25 19:01:00.134167204,149.0
2025/05/25 19:01:00.236552386,148.0
2025/05/25 19:01:00.336564783,148.0
2025/05/25 19:01:00.427157110,147.0
2025/05/25 19:01:00.536081305,146.0
2025/05/25 19:01:00.635830043,146.0
2025/05/25 19:01:00.736699693,144.7135211024346
2025/05/25 19:01:00.828637602,144.0
2025/05/25 19:01:00.930552416,144.0
2025/05/25 19:01:01.30124207,143.0
2025/05/25 19:01:01.129966294,142.0
2025/05/25 19:01:01.230056648,142.0
2025/05/25 19:01:01.331972014,141.0
2025/05/25 19:01:01.433026985,141.0
2025/05/25 19:01:01.533670716,140.0
2025/05/25 19:01:01.636414630,140.0
2025/05/25 19:01:01.726815354,139.0
2025/05/25 19:01:01.827838412,139.0
2025/05/25 19:01:01.932942181,139.0
2025/05/25 19:01:02.32469301,138.0
2025/05/25 19:01:02.133265478,138.0
2025/05/25 19:01:02.237191180,138.0
2025/05/25 19:01:02.327257965,137.0
2025/05/25 19:01:02.427763357,137.0
2025/05/25 19:01:02.530294462,137.0
2025/05/25 19:01:02.631513570,137.0
2025/05/25 19:01:02.732654402,136.0
2025/05/25 19:01:02.837571083,136.0
2025/05/25 19:01:02.928978247,136.0
2025/05/25 19:01:03.29380142,136.0
2025/05/25 19:01:03.130065808,136.0
2025/05/25 19:01:03.232709991,136.0
2025/05/25 19:01:03.332964295,136.0
2025/05/25 19:01:03.433510395,135.0
2025/05/25 19:01:03.536518057,135.0
2025/05/25 19:01:03.636911462,135.0
2025/05/25 19:01:03.727589051,135.0
2025/05/25 19:01:03.829280376,135.0
2025/05/25 19:01:03.931092653,135.0
2025/05/25 19:01:04.32470611,135.0
2025/05/25 19:01:04.134142562,135.0
2025/05/25 19:01:04.237955577,135.0
2025/05/25 19:01:04.328796920,135.0
2025/05/25 19:01:04.428771911,135.0
2025/05/25 19:01:04.530335280,135.0
2025/05/25 19:01:04.633929808,135.0
2025/05/25 19:01:04.729489296,135.0
2025/05/25 19:01:04.832875757,135.0
2025/05/25 19:01:04.932463793,135.0
2025/05/25 19:01:05.35659944,135.0
2025/05/25 19:01:05.135163008,135.0
2025/05/25 19:01:05.227236483,135.0
2025/05/25 19:01:05.329076863,135.0
2025/05/25 19:01:05.427984142,135.0
2025/05/25 19:01:05.529222338,135.0
2025/05/25 19:01:05.631449168,135.0
2025/05/25 19:01:05.734637728,135.0
2025/05/25 19:01:05.839232708,135.0
2025/05/25 19:01:05.936377755,132.42168992191134
2025/05/25 19:01:06.31456696,129.8433798438227
2025/05/25 19:01:06.133485332,126.97859086816865
2025/05/25 19:01:06.234398087,124.11380189251459
2025/05/25 19:01:06.335495995,121.24901291686054
2025/05/25 19:01:06.426728110,118.38422394120649
2025/05/25 19:01:06.529184501,115.23295606798702
2025/05/25 19:01:06.631151110,112.65464598989837
2025/05/25 19:01:06.732879891,109.5033781166789
2025/05/25 19:01:06.834154210,106.63858914102485
2025/05/25 19:01:06.935806929,104.0602790629362
2025/05/25 19:01:07.27770000,100.90901118971675
2025/05/25 19:01:07.129439538,98.04422221406269
2025/05/25 19:01:07.230230364,95.46591213597404
2025/05/25 19:01:07.333401661,95.0
2025/05/25 19:01:07.434191391,95.0
2025/05/25 19:01:07.537346691,96.00000000000001
2025/05/25 19:01:07.626840775,96.00000000000001
2025/05/25 19:01:07.730729169,97.0
2025/05/25 19:01:07.830140732,98.0
2025/05/25 19:01:07.932194167,98.0
2025/05/25 19:01:08.32960020,99.0
2025/05/25 19:01:08.134726015,100.0
2025/05/25 19:01:08.228956001,101.0
2025/05/25 19:01:08.327725059,102.0
2025/05/25 19:01:08.430837622,103.0
2025/05/25 19:01:08.532401185,104.0
2025/05/25 19:01:08.635143962,105.00000000000001
2025/05/25 19:01:08.736240021,106.0
2025/05/25 19:01:08.829010259,107.0
2025/05/25 19:01:08.931944090,109.00535228295783
2025/05/25 19:01:09.30661911,112.1566201561773
2025/05/25 19:01:09.131113969,114.73493023426596
2025/05/25 19:01:09.233815325,117.88619810748543
2025/05/25 19:01:09.340657399,121.03746598070488
2025/05/25 19:01:09.427581139,123.32929716122813
2025/05/25 19:01:09.532701001,126.19408613688218
2025/05/25 19:01:09.631535659,129.05887511253624
2025/05/25 19:01:09.733671011,127.3400017271438
2025/05/25 19:01:09.835871167,124.18873385392435
2025/05/25 19:01:09.936928815,123.00000000000001
2025/05/25 19:01:10.26494838,123.00000000000001
2025/05/25 19:01:10.128918739,123.00000000000001
2025/05/25 19:01:10.229672762,124.0
2025/05/25 19:01:10.331178164,124.0
2025/05/25 19:01:10.432976850,125.00000000000001
2025/05/25 19:01:10.526615674,125.00000000000001
2025/05/25 19:01:10.628226019,126.0
2025/05/25 19:01:10.729776260,126.0
2025/05/25 19:01:10.831170520,127.00000000000001
2025/05/25 19:01:10.934132286,127.00000000000001
2025/05/25 19:01:11.38821793,128.0
2025/05/25 19:01:11.127556995,128.0
2025/05/25 19:01:11.227847599,129.0
2025/05/25 19:01:11.333591030,129.0
2025/05/25 19:01:11.431932252,129.0
2025/05/25 19:01:11.532726637,130.0
2025/05/25 19:01:11.633883735,130.0
2025/05/25 19:01:11.727646803,127.70816881947677
2025/05/25 19:01:11.830945759,124.8433798438227
2025/05/25 19:01:11.929768153,122.26506976573405
2025/05/25 19:01:12.31294859,119.1138018925146
2025/05/25 19:01:12.134375164,116.53549181442595
2025/05/25 19:01:12.235233650,114.00000000000001
2025/05/25 19:01:12.336814693,115.0
2025/05/25 19:01:12.428212802,116.00000000000001
2025/05/25 19:01:12.532404374,117.0
2025/05/25 19:01:12.632904055,118.00000000000001
2025/05/25 19:01:12.729791095,119.0
2025/05/25 19:01:12.828225058,121.0
2025/05/25 19:01:12.931501073,123.57831007808865
2025/05/25 19:01:13.31573490,126.0
2025/05/25 19:01:13.131321328,126.0
2025/05/25 19:01:13.232734664,127.00000000000001
2025/05/25 19:01:13.333368085,127.00000000000001
2025/05/25 19:01:13.435069154,128.0
2025/05/25 19:01:13.535847897,128.0
2025/05/25 19:01:13.629576754,129.0
2025/05/25 19:01:13.730840038,129.0
2025/05/25 19:01:13.831449708,130.0
2025/05/25 19:01:13.932728561,130.0
2025/05/25 19:01:14.33863760,130.0
2025/05/25 19:01:14.134613385,131.0
2025/05/25 19:01:14.235691633,131.0
2025/05/25 19:01:14.327660317,131.0
2025/05/25 19:01:14.428446589,132.0
2025/05/25 19:01:14.530371710,132.0
2025/05/25 19:01:14.634086320,132.0
2025/05/25 19:01:14.734698918,132.0
2025/05/25 19:01:14.835605148,133.0
2025/05/25 19:01:14.930285926,133.0
2025/05/25 19:01:15.31522480,133.0
2025/05/25 19:01:15.131206196,133.0
2025/05/25 19:01:15.233187935,133.0
2025/05/25 19:01:15.335305020,133.0
2025/05/25 19:01:15.435876696,133.0
2025/05/25 19:01:15.525987347,133.5729577951308
2025/05/25 19:01:15.631376920,134.0
2025/05/25 19:01:15.731327691,134.0
2025/05/25 19:01:15.833614548,134.0
2025/05/25 19:01:15.933915542,134.0
2025/05/25 19:01:16.35438113,134.0
2025/05/25 19:01:16.136605427,136.00535228295786
2025/05/25 19:01:16.226757750,139.1566201561773
2025/05/25 19:01:16.338684851,139.0
2025/05/25 19:01:16.435612348,139.0
2025/05/25 19:01:16.526811722,139.0
2025/05/25 19:01:16.636319636,138.0
2025/05/25 19:01:16.733521397,135.99464771704214
2025/05/25 19:01:16.834752249,132.8433798438227
2025/05/25 19:01:16.937858946,129.97859086816862
2025/05/25 19:01:17.27618291,127.11380189251459
2025/05/25 19:01:17.128002876,124.24901291686052
2025/05/25 19:01:17.228850526,121.38422394120647
2025/05/25 19:01:17.333996459,118.51943496555242
2025/05/25 19:01:17.434114065,115.94112488746377
2025/05/25 19:01:17.535798386,113.07633591180971
2025/05/25 19:01:17.627954534,109.92506803859025
2025/05/25 19:01:17.728097746,107.3467579605016
2025/05/25 19:01:17.829319308,104.48196898484754
2025/05/25 19:01:17.929788344,101.61718000919349
2025/05/25 19:01:18.31572290,98.46591213597404
2025/05/25 19:01:18.134396179,95.88760205788539
2025/05/25 19:01:18.227393859,92.73633418466592
2025/05/25 19:01:18.328808429,92.0
2025/05/25 19:01:18.429985846,92.0
2025/05/25 19:01:18.529093220,92.0
2025/05/25 19:01:18.634001980,92.0
2025/05/25 19:01:18.734962126,93.0
2025/05/25 19:01:18.833965088,93.0
2025/05/25 19:01:18.935737101,93.0
2025/05/25 19:01:19.36793553,94.0
2025/05/25 19:01:19.126551677,95.0
2025/05/25 19:01:19.229018761,95.0
2025/05/25 19:01:19.332961863,95.0
2025/05/25 19:01:19.429805145,96.00000000000001
2025/05/25 19:01:19.531335602,97.0
2025/05/25 19:01:19.635625041,97.0
2025/05/25 19:01:19.738444145,98.0
2025/05/25 19:01:19.827848057,98.0
2025/05/25 19:01:19.930295740,99.0
2025/05/25 19:01:20.30114868,100.0
2025/05/25 19:01:20.131081687,101.0
2025/05/25 19:01:20.233367920,102.0
2025/05/25 19:01:20.338072011,103.0
2025/05/25 19:01:20.435702013,104.0
2025/05/25 19:01:20.527771047,105.00000000000001
2025/05/25 19:01:20.628789710,106.0
2025/05/25 19:01:20.730191423,107.0
2025/05/25 19:01:20.831227011,109.29183118052325
2025/05/25 19:01:20.934089372,112.1566201561773
2025/05/25 19:01:21.38645853,114.00000000000001
2025/05/25 19:01:21.136209087,115.0
2025/05/25 19:01:21.226198808,116.00000000000001
2025/05/25 19:01:21.329948884,117.0
2025/05/25 19:01:21.430402576,118.00000000000001
2025/05/25 19:01:21.531708595,119.0
2025/05/25 19:01:21.633633958,119.99999999999999
2025/05/25 19:01:21.736299304,117.70816881947675
2025/05/25 19:01:21.826544488,114.84337984382269
2025/05/25 19:01:21.928527115,112.26506976573404
2025/05/25 19:01:22.28412498,111.0
2025/05/25 19:01:22.132627408,112.0
2025/05/25 19:01:22.236101731,113.0
2025/05/25 19:01:22.328943448,114.00000000000001
2025/05/25 19:01:22.430560254,115.0
2025/05/25 19:01:22.531059863,117.0
2025/05/25 19:01:22.632664195,118.00000000000001
2025/05/25 19:01:22.735570048,119.0
2025/05/25 19:01:22.835748050,119.99999999999999
2025/05/25 19:01:22.927621412,121.0
2025/05/25 19:01:23.29723887,122.0
2025/05/25 19:01:23.130150299,123.00000000000001
2025/05/25 19:01:23.231082372,123.00000000000001
2025/05/25 19:01:23.332486850,124.0
2025/05/25 19:01:23.433572745,125.00000000000001
2025/05/25 19:01:23.538110658,126.0
2025/05/25 19:01:23.638923803,126.0
2025/05/25 19:01:23.737745504,127.00000000000001
2025/05/25 19:01:23.826777350,128.0
2025/05/25 19:01:23.930310910,128.0
2025/05/25 19:01:24.30364743,129.0
2025/05/25 19:01:24.131094434,129.0
2025/05/25 19:01:24.233642409,130.0
2025/05/25 19:01:24.334740252,130.0
2025/05/25 19:01:24.436748550,131.0
2025/05/25 19:01:24.527075430,131.0
2025/05/25 19:01:24.627351965,131.0
2025/05/25 19:01:24.729153154,132.0
2025/05/25 19:01:24.831577277,132.0
2025/05/25 19:01:24.935362770,132.0
2025/05/25 19:01:25.34277731,132.0
2025/05/25 19:01:25.133819419,132.0
2025/05/25 19:01:25.234710366,133.0
2025/05/25 19:01:25.337006122,133.0
2025/05/25 19:01:25.427951272,133.0
2025/05/25 19:01:25.528132864,133.0
2025/05/25 19:01:25.628662313,133.0
2025/05/25 19:01:25.731313948,133.0
2025/05/25 19:01:25.831418613,133.0
2025/05/25 19:01:25.933693358,134.0
2025/05/25 19:01:26.36696548,134.0
2025/05/25 19:01:26.126224854,134.0
2025/05/25 19:01:26.227681824,134.0
2025/05/25 19:01:26.330306329,134.0
2025/05/25 19:01:26.431200661,134.0
2025/05/25 19:01:26.530354958,134.0
2025/05/25 19:01:26.632053945,134.0
2025/05/25 19:01:26.735620271,134.0
2025/05/25 19:01:26.826958997,134.0
2025/05/25 19:01:26.927891600,134.0
2025/05/25 19:01:27.29283081,134.0
2025/05/25 19:01:27.130974037,134.0
2025/05/25 19:01:27.231898037,134.0
2025/05/25 19:01:27.332917254,134.0
2025/05/25 19:01:27.435656148,134.0
2025/05/25 19:01:27.535631452,134.0
2025/05/25 19:01:27.628098422,134.0
2025/05/25 19:01:27.732570383,134.0
2025/05/25 19:01:27.831798392,134.0
2025/05/25 19:01:27.933138908,134.0
2025/05/25 19:01:28.32781091,134.0
2025/05/25 19:01:28.134509944,134.0
2025/05/25 19:01:28.227543074,134.0
2025/05/25 19:01:28.327753136,134.0
2025/05/25 19:01:28.431051138,134.0
2025/05/25 19:01:28.531943516,134.0
2025/05/25 19:01:28.633409516,134.0
2025/05/25 19:01:28.734082885,134.0
2025/05/25 19:01:28.826829615,134.0
2025/05/25 19:01:28.930279745,134.0
2025/05/25 19:01:29.29816563,134.0
2025/05/25 19:01:29.131527273,134.0
2025/05/25 19:01:29.238654683,134.0
2025/05/25 19:01:29.329098248,134.0
2025/05/25 19:01:29.429178721,134.0
2025/05/25 19:01:29.531184820,134.0
2025/05/25 19:01:29.633079295,134.0
2025/05/25 19:01:29.732761706,134.0
2025/05/25 19:01:29.835150502,134.0
2025/05/25 19:01:29.929453107,134.0
2025/05/25 19:01:30.31571092,134.0
2025/05/25 19:01:30.131739546,134.0
2025/05/25 19:01:30.233839429,134.0
2025/05/25 19:01:30.335183121,134.0
2025/05/25 19:01:30.427049853,134.0
2025/05/25 19:01:30.529779065,134.0
2025/05/25 19:01:30.630147793,134.0
2025/05/25 19:01:30.730445491,134.0
2025/05/25 19:01:30.831839498,134.0
2025/05/25 19:01:30.933613508,134.0
2025/05/25 19:01:31.34948558,134.0
2025/05/25 19:01:31.136485864,134.0
2025/05/25 19:01:31.231252226,134.0
2025/05/25 19:01:31.331670046,134.0
2025/05/25 19:01:31.432783450,134.0
2025/05/25 19:01:31.534735895,134.0
2025/05/25 19:01:31.644630070,134.0
2025/05/25 19:01:31.728126032,134.0
2025/05/25 19:01:31.829385689,134.0
2025/05/25 19:01:31.932917176,134.0
2025/05/25 19:01:32.31770220,134.0
2025/05/25 19:01:32.132402911,134.0
2025/05/25 19:01:32.235552269,134.0
2025/05/25 19:01:32.336798947,134.0
2025/05/25 19:01:32.428507806,134.0
2025/05/25 19:01:32.528683668,134.0
2025/05/25 19:01:32.631123874,134.0
2025/05/25 19:01:32.731039607,134.0
2025/05/25 19:01:32.831489861,134.0
2025/05/25 19:01:32.933824822,134.0
2025/05/25 19:01:33.35217414,134.0
2025/05/25 19:01:33.136595522,134.0
2025/05/25 19:01:33.229298819,134.0
2025/05/25 19:01:33.329589343,134.0
2025/05/25 19:01:33.429607048,134.0
2025/05/25 19:01:33.531383652,134.0
2025/05/25 19:01:33.632165283,134.0
2025/05/25 19:01:33.733590318,134.0
2025/05/25 19:01:33.834226816,134.0
2025/05/25 19:01:33.935011868,134.0
2025/05/25 19:01:34.32297062,134.0
2025/05/25 19:01:34.133571669,134.0
2025/05/25 19:01:34.234462397,134.0
2025/05/25 19:01:34.338235822,134.0
2025/05/25 19:01:34.431772915,134.0
2025/05/25 19:01:34.533195214,134.0
2025/05/25 19:01:34.634786417,134.0
2025/05/25 19:01:34.734133012,134.0
2025/05/25 19:01:34.835707253,134.0
2025/05/25 19:01:34.926252739,134.0
2025/05/25 19:01:35.33667231,134.0
2025/05/25 19:01:35.132637428,134.0
2025/05/25 19:01:35.232722944,134.0
2025/05/25 19:01:35.334319903,134.0
2025/05/25 19:01:35.435000482,131.70816881947675
2025/05/25 19:01:35.536527826,128.55690094625731
2025/05/25 19:01:35.630196643,125.97859086816865
2025/05/25 19:01:35.729834854,123.1138018925146
2025/05/25 19:01:35.831579072,119.96253401929513
2025/05/25 19:01:35.934974594,117.09774504364108
2025/05/25 19:01:36.37622470,114.23295606798703
2025/05/25 19:01:36.135288197,111.65464598989838
2025/05/25 19:01:36.226832514,110.0
2025/05/25 19:01:36.331021778,111.0
2025/05/25 19:01:36.431642572,112.0
2025/05/25 19:01:36.535083164,113.0
2025/05/25 19:01:36.634852690,115.0
2025/05/25 19:01:36.735107238,116.00000000000001
2025/05/25 19:01:36.826455634,117.0
2025/05/25 19:01:36.927755808,118.00000000000001
2025/05/25 19:01:37.30364761,119.0
2025/05/25 19:01:37.132442169,119.99999999999999
2025/05/25 19:01:37.235543946,121.0
2025/05/25 19:01:37.336241700,122.0
2025/05/25 19:01:37.426702143,123.00000000000001
2025/05/25 19:01:37.528166526,124.0
2025/05/25 19:01:37.629460109,125.00000000000001
2025/05/25 19:01:37.733600807,126.0
2025/05/25 19:01:37.833072613,126.0
2025/05/25 19:01:37.936732413,127.00000000000001
2025/05/25 19:01:38.37278740,128.0
2025/05/25 19:01:38.126761272,128.0
2025/05/25 19:01:38.229644164,129.0
2025/05/25 19:01:38.329340411,129.0
2025/05/25 19:01:38.432165722,130.0
2025/05/25 19:01:38.532395834,130.0
2025/05/25 19:01:38.634836976,130.0
2025/05/25 19:01:38.735076416,131.0
2025/05/25 19:01:38.835688287,131.0
2025/05/25 19:01:38.933266917,131.0
2025/05/25 19:01:39.32099701,132.0
2025/05/25 19:01:39.131706669,132.0
2025/05/25 19:01:39.234184901,132.0
2025/05/25 19:01:39.329190958,132.0
2025/05/25 19:01:39.427429215,133.0
2025/05/25 19:01:39.528245621,133.0
2025/05/25 19:01:39.646118425,133.0
2025/05/25 19:01:39.726879939,133.0
2025/05/25 19:01:39.827802602,133.0
2025/05/25 19:01:39.934259992,133.0
2025/05/25 19:01:40.34059848,133.0
2025/05/25 19:01:40.134175847,134.0
2025/05/25 19:01:40.237695238,134.0
2025/05/25 19:01:40.338284551,134.0
2025/05/25 19:01:40.428887689,134.0
2025/05/25 19:01:40.530897578,134.0
2025/05/25 19:01:40.638256261,136.86478897565408
2025/05/25 19:01:40.734839994,139.4430990537427
2025/05/25 19:01:40.836652737,142.30788802939676
2025/05/25 19:01:40.929476664,145.17267700505082
2025/05/25 19:01:41.29973257,148.32394487827028
2025/05/25 19:01:41.130550045,150.90225495635895
2025/05/25 19:01:41.231695920,153.767043932013
2025/05/25 19:01:41.333718649,156.63183290766705
2025/05/25 19:01:41.434875811,159.7831007808865
2025/05/25 19:01:41.537952838,162.64788975654056
2025/05/25 19:01:41.626688438,165.51267873219462
2025/05/25 19:01:41.729227456,167.0
2025/05/25 19:01:41.835802991,168.0
2025/05/25 19:01:41.935984391,170.0
2025/05/25 19:01:42.37468013,170.0
2025/05/25 19:01:42.126172179,171.0
2025/05/25 19:01:42.230638593,171.0
2025/05/25 19:01:42.330972530,171.0
2025/05/25 19:01:42.432127605,172.0
2025/05/25 19:01:42.532578808,172.0
2025/05/25 19:01:42.637035438,172.0
2025/05/25 19:01:42.738779081,172.0
2025/05/25 19:01:42.827053704,172.0
2025/05/25 19:01:42.929129927,172.0
2025/05/25 19:01:43.29814872,172.0
2025/05/25 19:01:43.130766355,172.0
2025/05/25 19:01:43.234965844,172.0
2025/05/25 19:01:43.337960771,172.0
2025/05/25 19:01:43.429471929,173.0
2025/05/25 19:01:43.528939303,173.0
2025/05/25 19:01:43.632140234,173.0
2025/05/25 19:01:43.736342701,172.0
2025/05/25 19:01:43.837213500,172.0
2025/05/25 19:01:43.930679192,172.0
2025/05/25 19:01:44.31903124,172.0
2025/05/25 19:01:44.134062501,172.0
2025/05/25 19:01:44.236474644,172.0
2025/05/25 19:01:44.328804994,172.0
2025/05/25 19:01:44.428784422,174.0
2025/05/25 19:01:44.529192775,174.0
2025/05/25 19:01:44.629901122,174.0
2025/05/25 19:01:44.731282236,173.0
2025/05/25 19:01:44.834254923,173.0
2025/05/25 19:01:44.938931857,173.0
2025/05/25 19:01:45.27355040,173.0
2025/05/25 19:01:45.130745552,173.0
2025/05/25 19:01:45.235760637,172.0
2025/05/25 19:01:45.337166372,172.0
2025/05/25 19:01:45.427537402,172.0
2025/05/25 19:01:45.527751884,171.0
2025/05/25 19:01:45.628494929,171.0
2025/05/25 19:01:45.731963843,170.0
2025/05/25 19:01:45.833971989,170.0
2025/05/25 19:01:45.938247332,170.0
2025/05/25 19:01:46.27424151,169.0
2025/05/25 19:01:46.130110498,168.0
2025/05/25 19:01:46.231546536,168.0
2025/05/25 19:01:46.332580535,167.0
2025/05/25 19:01:46.433846691,164.70816881947675
2025/05/25 19:01:46.534917008,161.8433798438227
2025/05/25 19:01:46.627772064,158.97859086816865
2025/05/25 19:01:46.728821386,156.11380189251457
2025/05/25 19:01:46.831029968,153.53549181442594
2025/05/25 19:01:46.935268056,150.6707028387719
2025/05/25 19:01:47.27102499,147.80591386311784
2025/05/25 19:01:47.127620189,144.94112488746376
2025/05/25 19:01:47.229632983,141.78985701424432
2025/05/25 19:01:47.338940517,138.92506803859024
2025/05/25 19:01:47.438445629,136.0602790629362
2025/05/25 19:01:47.528655585,133.19549008728214
2025/05/25 19:01:47.629711143,130.3307011116281
2025/05/25 19:01:47.732049209,127.75239103353944
2025/05/25 19:01:47.828507728,124.60112316031997
2025/05/25 19:01:47.930321071,122.02281308223132
2025/05/25 19:01:48.28932767,119.15802410657727
2025/05/25 19:01:48.129853591,116.00675623335782
2025/05/25 19:01:48.231409469,113.14196725770375
2025/05/25 19:01:48.336196723,110.5636571796151
2025/05/25 19:01:48.430401920,107.41238930639565
2025/05/25 19:01:48.530794292,104.834079228307
2025/05/25 19:01:48.634294586,104.0
2025/05/25 19:01:48.737451752,105.00000000000001
2025/05/25 19:01:48.830770821,106.0
2025/05/25 19:01:48.932763818,106.0
2025/05/25 19:01:49.36763688,107.0
2025/05/25 19:01:49.128126406,108.0
2025/05/25 19:01:49.229091876,109.0
2025/05/25 19:01:49.331960083,110.0
2025/05/25 19:01:49.435932019,111.0
2025/05/25 19:01:49.527168094,112.0
2025/05/25 19:01:49.626911163,113.0
2025/05/25 19:01:49.731420024,114.00000000000001
2025/05/25 19:01:49.832887503,115.0
2025/05/25 19:01:49.932673151,116.00000000000001
2025/05/25 19:01:50.30359085,117.0
2025/05/25 19:01:50.131481601,118.00000000000001
2025/05/25 19:01:50.226803102,119.0
2025/05/25 19:01:50.328669894,119.99999999999999
2025/05/25 19:01:50.427852013,121.0
2025/05/25 19:01:50.530547048,122.0
2025/05/25 19:01:50.632025253,123.00000000000001
2025/05/25 19:01:50.734926620,124.0
2025/05/25 19:01:50.828337130,125.00000000000001
2025/05/25 19:01:50.929059882,125.00000000000001
2025/05/25 19:01:51.31925826,126.0
2025/05/25 19:01:51.132516635,127.00000000000001
2025/05/25 19:01:51.228718725,127.00000000000001
2025/05/25 19:01:51.333490871,128.0
2025/05/25 19:01:51.434290080,125.99464771704217
2025/05/25 19:01:51.535076624,123.1298587413881
2025/05/25 19:01:51.637809523,119.69211197060324
2025/05/25 19:01:51.728756762,117.40028079008
2025/05/25 19:01:51.829520154,114.24901291686054
2025/05/25 19:01:51.935959812,111.67070283877189
2025/05/25 19:01:52.34689527,108.80591386311784
2025/05/25 19:01:52.128728597,105.65464598989837
2025/05/25 19:01:52.229974172,103.07633591180972
2025/05/25 19:01:52.336100747,100.21154693615567
2025/05/25 19:01:52.430076477,97.0602790629362
2025/05/25 19:01:52.530512324,95.0
2025/05/25 19:01:52.630156169,96.00000000000001
2025/05/25 19:01:52.730667061,96.00000000000001
2025/05/25 19:01:52.831599601,97.0
2025/05/25 19:01:52.933571145,98.0
2025/05/25 19:01:53.33651665,98.0
2025/05/25 19:01:53.134339398,99.0
2025/05/25 19:01:53.228477769,100.0
2025/05/25 19:01:53.328578207,100.0
2025/05/25 19:01:53.429716174,101.0
2025/05/25 19:01:53.528664312,102.0
2025/05/25 19:01:53.633251640,103.0
2025/05/25 19:01:53.734698694,104.0
2025/05/25 19:01:53.835674284,105.00000000000001
2025/05/25 19:01:53.933129232,106.0
2025/05/25 19:01:54.31392670,107.0
2025/05/25 19:01:54.130517482,108.0
2025/05/25 19:01:54.231828720,109.0
2025/05/25 19:01:54.332132327,110.0
2025/05/25 19:01:54.432454015,112.0
2025/05/25 19:01:54.532834590,113.0
2025/05/25 19:01:54.633726322,114.00000000000001
2025/05/25 19:01:54.728940083,115.0
2025/05/25 19:01:54.829746469,116.00000000000001
2025/05/25 19:01:54.932437433,117.0
2025/05/25 19:01:55.31639595,118.00000000000001
2025/05/25 19:01:55.131596043,119.0
2025/05/25 19:01:55.235964008,119.99999999999999
2025/05/25 19:01:55.336086027,121.0
2025/05/25 19:01:55.437092535,122.0
2025/05/25 19:01:55.527576234,123.00000000000001
2025/05/25 19:01:55.637752823,124.0
2025/05/25 19:01:55.733716616,125.00000000000001
2025/05/25 19:01:55.834560500,126.0
2025/05/25 19:01:55.929171391,126.0
2025/05/25 19:01:56.31205269,127.00000000000001
2025/05/25 19:01:56.131484526,128.0
2025/05/25 19:01:56.234254449,128.0
2025/05/25 19:01:56.333420425,129.0
2025/05/25 19:01:56.439612101,126.13521102434594
2025/05/25 19:01:56.532274706,123.55690094625729
2025/05/25 19:01:56.632916634,122.0
2025/05/25 19:01:56.734042445,123.00000000000001
2025/05/25 19:01:56.833935832,124.0
2025/05/25 19:01:56.939426817,124.0
2025/05/25 19:01:57.29959214,123.00000000000001
2025/05/25 19:01:57.132534973,124.0
2025/05/25 19:01:57.233218206,122.0
2025/05/25 19:01:57.334607524,123.00000000000001
2025/05/25 19:01:57.426569323,120.99464771704217
2025/05/25 19:01:57.529669544,117.8433798438227
2025/05/25 19:01:57.632741992,114.97859086816865
2025/05/25 19:01:57.735726080,112.1138018925146
2025/05/25 19:01:57.835150960,109.24901291686055
2025/05/25 19:01:57.938181081,106.38422394120649
2025/05/25 19:01:58.26042451,103.51943496555243
2025/05/25 19:01:58.126776745,100.94112488746379
2025/05/25 19:01:58.227734105,97.78985701424432
2025/05/25 19:01:58.328767985,98.0
2025/05/25 19:01:58.431901674,100.29183118052325
2025/05/25 19:01:58.533165569,101.0
2025/05/25 19:01:58.636848737,102.0
2025/05/25 19:01:58.728945597,103.0
2025/05/25 19:01:58.830876531,104.0
2025/05/25 19:01:58.933016596,105.00000000000001
2025/05/25 19:01:59.34178148,106.0
2025/05/25 19:01:59.134727375,107.0
2025/05/25 19:01:59.235539635,108.0
2025/05/25 19:01:59.328096158,109.0
2025/05/25 19:01:59.429164010,108.0
2025/05/25 19:01:59.531111133,105.70816881947675
2025/05/25 19:01:59.630719985,104.0
2025/05/25 19:01:59.733928472,105.00000000000001
2025/05/25 19:01:59.835741226,106.0
2025/05/25 19:01:59.927140809,107.0
2025/05/25 19:02:00.28363578,108.0
2025/05/25 19:02:00.128628113,109.0
2025/05/25 19:02:00.231835134,110.0
2025/05/25 19:02:00.335084272,111.0
2025/05/25 19:02:00.433663844,108.70816881947675
2025/05/25 19:02:00.534653530,106.1298587413881
2025/05/25 19:02:00.637807921,103.26506976573405
2025/05/25 19:02:00.726600706,100.40028079008
2025/05/25 19:02:00.829445408,97.24901291686054
2025/05/25 19:02:00.938941890,94.38422394120649
2025/05/25 19:02:01.35649292,92.0
2025/05/25 19:02:01.135686269,92.0
2025/05/25 19:02:01.227896538,92.0
2025/05/25 19:02:01.328695889,92.0
2025/05/25 19:02:01.430340788,94.29183118052325
2025/05/25 19:02:01.531709198,96.8701412586119
2025/05/25 19:02:01.635609721,99.0
2025/05/25 19:02:01.736760785,97.0
2025/05/25 19:02:01.827718521,97.0
2025/05/25 19:02:01.939691448,98.0
2025/05/25 19:02:02.34529303,98.0
2025/05/25 19:02:02.135222291,98.0
2025/05/25 19:02:02.227919486,98.0
2025/05/25 19:02:02.330936601,99.0
2025/05/25 19:02:02.430215217,101.29183118052325
2025/05/25 19:02:02.531237609,104.1566201561773
2025/05/25 19:02:02.636590029,107.02140913183135
2025/05/25 19:02:02.727691857,109.88619810748541
2025/05/25 19:02:02.829561930,112.46450818557406
2025/05/25 19:02:02.929438936,115.32929716122811
2025/05/25 19:02:03.31351674,118.19408613688216
2025/05/25 19:02:03.134356615,121.05887511253623
2025/05/25 19:02:03.237029875,124.21014298575568
2025/05/25 19:02:03.336675856,127.07493196140975
2025/05/25 19:02:03.426819496,129.93972093706378
2025/05/25 19:02:03.531193161,132.80450991271786
2025/05/25 19:02:03.637973172,135.6692988883719
2025/05/25 19:02:03.727298066,138.24760896646055
2025/05/25 19:02:03.827102500,141.1123979421146
2025/05/25 19:02:03.931303078,144.26366581533406
2025/05/25 19:02:04.32512761,147.12845479098812
2025/05/25 19:02:04.133519033,149.99324376664217
2025/05/25 19:02:04.236493294,152.85803274229625
2025/05/25 19:02:04.336698553,155.7228217179503
2025/05/25 19:02:04.428199042,158.30113179603893
2025/05/25 19:02:04.528234262,161.4523996692584
2025/05/25 19:02:04.633779581,164.03070974734706
2025/05/25 19:02:04.733957863,167.0
2025/05/25 19:02:04.836648380,167.0
2025/05/25 19:02:04.926741275,167.0
2025/05/25 19:02:05.28443709,167.0
2025/05/25 19:02:05.129515162,167.0
2025/05/25 19:02:05.231364790,166.0
2025/05/25 19:02:05.332094802,166.0
2025/05/25 19:02:05.433358752,168.00535228295783
2025/05/25 19:02:05.537139977,170.8701412586119
2025/05/25 19:02:05.627983586,173.73493023426596
2025/05/25 19:02:05.729675866,175.0
2025/05/25 19:02:05.841147635,175.0
2025/05/25 19:02:05.940628609,175.0
2025/05/25 19:02:06.27372912,175.0
2025/05/25 19:02:06.128184170,175.0
2025/05/25 19:02:06.233312389,174.0
2025/05/25 19:02:06.332397864,174.0
2025/05/25 19:02:06.434376283,175.0
2025/05/25 19:02:06.535538173,176.0
2025/05/25 19:02:06.627205728,177.0
2025/05/25 19:02:06.729660902,177.0
2025/05/25 19:02:06.835894779,177.0
2025/05/25 19:02:06.936544183,176.0
2025/05/25 19:02:07.31036457,176.0
2025/05/25 19:02:07.132406015,176.0
2025/05/25 19:02:07.234604278,176.0
2025/05/25 19:02:07.333090083,176.0
2025/05/25 19:02:07.434225964,177.0
2025/05/25 19:02:07.535438307,177.0
2025/05/25 19:02:07.629371514,177.0
2025/05/25 19:02:07.729659811,177.0
2025/05/25 19:02:07.833174408,176.0
2025/05/25 19:02:07.934911271,176.0
2025/05/25 19:02:08.35143111,176.0
2025/05/25 19:02:08.135561380,176.0
2025/05/25 19:02:08.226977410,175.0
2025/05/25 19:02:08.328773592,175.0
2025/05/25 19:02:08.428616523,172.70816881947675
2025/05/25 19:02:08.529616613,169.5569009462573
2025/05/25 19:02:08.634961193,166.69211197060324
2025/05/25 19:02:08.736041861,164.1138018925146
2025/05/25 19:02:08.827981275,160.96253401929513
2025/05/25 19:02:08.933019463,158.38422394120647
2025/05/25 19:02:09.33933426,155.23295606798703
2025/05/25 19:02:09.135290037,152.65464598989837
2025/05/25 19:02:09.228111682,149.5033781166789
2025/05/25 19:02:09.328552982,146.63858914102485
2025/05/25 19:02:09.428711929,144.06027906293622
2025/05/25 19:02:09.532148262,141.19549008728217
2025/05/25 19:02:09.633343043,138.3307011116281
2025/05/25 19:02:09.735319718,135.17943323840865
2025/05/25 19:02:09.836577653,132.3146442627546
2025/05/25 19:02:09.931305765,129.73633418466594
2025/05/25 19:02:10.34736084,126.58506631144647
2025/05/25 19:02:10.134442603,124.00675623335782
2025/05/25 19:02:10.236066054,121.14196725770377
2025/05/25 19:02:10.329453279,117.99069938448432
2025/05/25 19:02:10.430825568,115.12591040883025
2025/05/25 19:02:10.530641249,112.5476003307416
2025/05/25 19:02:10.631885197,109.68281135508755
2025/05/25 19:02:10.733020385,106.53154348186808
2025/05/25 19:02:10.834912802,103.95323340377944
2025/05/25 19:02:10.928323847,103.0
2025/05/25 19:02:11.31764358,104.0
2025/05/25 19:02:11.132844762,104.0
2025/05/25 19:02:11.236990569,104.0
2025/05/25 19:02:11.329605829,104.0
2025/05/25 19:02:11.428795434,104.0
2025/05/25 19:02:11.530450727,106.29183118052325
2025/05/25 19:02:11.632877924,108.8701412586119
2025/05/25 19:02:11.738780004,112.30788802939676
2025/05/25 19:02:11.830463903,114.59971920992002
2025/05/25 19:02:11.931762155,117.46450818557408
2025/05/25 19:02:12.35302022,120.32929716122813
2025/05/25 19:02:12.127842125,123.19408613688219
2025/05/25 19:02:12.229139255,126.34535401010164
2025/05/25 19:02:12.332513120,129.2101429857557
2025/05/25 19:02:12.433419157,132.07493196140976
2025/05/25 19:02:12.533575532,134.65324203949842
2025/05/25 19:02:12.627289020,137.80450991271786
2025/05/25 19:02:12.728267359,140.38281999080652
2025/05/25 19:02:12.831718780,143.24760896646058
2025/05/25 19:02:12.930476636,146.39887683968004
2025/05/25 19:02:13.32186674,148.97718691776868
2025/05/25 19:02:13.133121985,152.12845479098814
2025/05/25 19:02:13.237315252,154.9932437666422
2025/05/25 19:02:13.337298426,155.0
2025/05/25 19:02:13.431870457,154.0
2025/05/25 19:02:13.533232012,154.0
2025/05/25 19:02:13.634891556,154.0
2025/05/25 19:02:13.731674741,153.0
2025/05/25 19:02:13.831959998,153.0
2025/05/25 19:02:13.933162793,153.0
2025/05/25 19:02:14.33536344,152.0
2025/05/25 19:02:14.133937875,152.0
2025/05/25 19:02:14.227079972,151.0
2025/05/25 19:02:14.329611155,151.0
2025/05/25 19:02:14.429769719,150.0
2025/05/25 19:02:14.530199637,150.0
2025/05/25 19:02:14.632448219,149.0
2025/05/25 19:02:14.733325663,151.0
2025/05/25 19:02:14.834446685,150.0
2025/05/25 19:02:14.936188937,149.0
2025/05/25 19:02:15.28480819,149.0
2025/05/25 19:02:15.131583619,150.7188733853924
2025/05/25 19:02:15.232315776,152.0
2025/05/25 19:02:15.334307815,151.0
2025/05/25 19:02:15.433454742,150.0
2025/05/25 19:02:15.529044422,149.0
2025/05/25 19:02:15.632071250,148.0
2025/05/25 19:02:15.734186129,148.0
2025/05/25 19:02:15.835976860,150.0
2025/05/25 19:02:15.932369023,149.0
2025/05/25 19:02:16.31883251,151.29183118052325
2025/05/25 19:02:16.133478607,154.1566201561773
2025/05/25 19:02:16.236029511,156.73493023426593
2025/05/25 19:02:16.328277522,159.8861981074854
2025/05/25 19:02:16.430353507,160.0
2025/05/25 19:02:16.536969383,159.0
2025/05/25 19:02:16.632192815,158.0
2025/05/25 19:02:16.729832909,156.0
2025/05/25 19:02:16.831260791,158.00535228295783
2025/05/25 19:02:16.934912535,161.1566201561773
2025/05/25 19:02:17.33777652,163.73493023426593
2025/05/25 19:02:17.134344452,166.8861981074854
2025/05/25 19:02:17.235416977,169.0
2025/05/25 19:02:17.326700034,169.0
2025/05/25 19:02:17.430067984,169.0
2025/05/25 19:02:17.531870345,168.0
2025/05/25 19:02:17.635100297,168.0
2025/05/25 19:02:17.734970133,167.0
2025/05/25 19:02:17.834896195,169.57831007808863
2025/05/25 19:02:17.938810670,172.0
2025/05/25 19:02:18.31094272,172.0
2025/05/25 19:02:18.132938781,171.0
2025/05/25 19:02:18.233721952,171.0
2025/05/25 19:02:18.334376365,171.0
2025/05/25 19:02:18.436370828,171.0
2025/05/25 19:02:18.527274777,170.0
2025/05/25 19:02:18.633543060,170.0
2025/05/25 19:02:18.731875699,170.0
2025/05/25 19:02:18.836113289,169.0
2025/05/25 19:02:18.927304799,169.0
2025/05/25 19:02:19.29301604,168.0
2025/05/25 19:02:19.134697194,168.0
2025/05/25 19:02:19.233904508,167.0
2025/05/25 19:02:19.334169458,167.0
2025/05/25 19:02:19.434772632,166.0
2025/05/25 19:02:19.533646835,165.0
2025/05/25 19:02:19.635443448,165.0
2025/05/25 19:02:19.735447493,164.0
2025/05/25 19:02:19.828104396,163.0
2025/05/25 19:02:19.929692117,162.0
2025/05/25 19:02:20.34565995,162.0
2025/05/25 19:02:20.131708900,161.0
2025/05/25 19:02:20.233866919,160.0
2025/05/25 19:02:20.335077225,159.0
2025/05/25 19:02:20.436164964,158.0
2025/05/25 19:02:20.526594591,157.0
2025/05/25 19:02:20.630558485,156.0
2025/05/25 19:02:20.732035095,155.0
2025/05/25 19:02:20.832030656,154.0
2025/05/25 19:02:20.933376784,153.0
2025/05/25 19:02:21.34100327,152.0
2025/05/25 19:02:21.135725889,151.0
2025/05/25 19:02:21.231193919,150.0
2025/05/25 19:02:21.333616536,149.0
2025/05/25 19:02:21.432210527,148.0
2025/05/25 19:02:21.534379421,147.0
2025/05/25 19:02:21.634978923,146.0
2025/05/25 19:02:21.735895473,145.0
2025/05/25 19:02:21.828254205,144.0
2025/05/25 19:02:21.929122945,144.0
2025/05/25 19:02:22.29795209,143.0
2025/05/25 19:02:22.134054324,142.0
2025/05/25 19:02:22.226772753,142.0
2025/05/25 19:02:22.329424539,141.0
2025/05/25 19:02:22.430978324,141.0
2025/05/25 19:02:22.534449364,140.0
2025/05/25 19:02:22.633487014,140.0
2025/05/25 19:02:22.734739461,139.0
2025/05/25 19:02:22.835120448,136.42168992191137
2025/05/25 19:02:22.936216430,133.8433798438227
2025/05/25 19:02:23.28435780,130.69211197060324
2025/05/25 19:02:23.128124043,127.82732299494918
2025/05/25 19:02:23.230964336,124.96253401929513
2025/05/25 19:02:23.334986648,124.0
2025/05/25 19:02:23.435825452,125.00000000000001
2025/05/25 19:02:23.535160411,126.0
2025/05/25 19:02:23.629528375,127.00000000000001
2025/05/25 19:02:23.729580748,127.00000000000001
2025/05/25 19:02:23.830387470,124.70816881947677
2025/05/25 19:02:23.931622429,121.84337984382272
2025/05/25 19:02:24.34337237,119.26506976573407
2025/05/25 19:02:24.135947534,116.1138018925146
2025/05/25 19:02:24.236740983,113.24901291686055
2025/05/25 19:02:24.330280056,110.3842239412065
2025/05/25 19:02:24.432473822,107.51943496555243
2025/05/25 19:02:24.532443890,104.94112488746379
2025/05/25 19:02:24.635175014,102.07633591180974
2025/05/25 19:02:24.737095582,98.92506803859027
2025/05/25 19:02:24.827333761,99.0
2025/05/25 19:02:24.931374911,99.0
2025/05/25 19:02:25.32697765,99.0
2025/05/25 19:02:25.134402496,100.0
2025/05/25 19:02:25.237428908,101.0
2025/05/25 19:02:25.327085839,102.0
2025/05/25 19:02:25.428174164,103.0
2025/05/25 19:02:25.531083966,104.0
2025/05/25 19:02:25.637722305,105.00000000000001
2025/05/25 19:02:25.733739638,106.0
2025/05/25 19:02:25.837489298,107.0
2025/05/25 19:02:25.930675808,109.0
2025/05/25 19:02:26.29928664,110.0
2025/05/25 19:02:26.132433097,111.0
2025/05/25 19:02:26.233127851,112.0
2025/05/25 19:02:26.335391323,113.0
2025/05/25 19:02:26.436958994,114.00000000000001
2025/05/25 19:02:26.528846198,116.00000000000001
2025/05/25 19:02:26.630469627,117.0
2025/05/25 19:02:26.731208757,118.00000000000001
2025/05/25 19:02:26.831896031,119.0
2025/05/25 19:02:26.932765575,119.99999999999999
2025/05/25 19:02:27.33831082,121.0
2025/05/25 19:02:27.136049914,122.0
2025/05/25 19:02:27.227789746,123.00000000000001
2025/05/25 19:02:27.330663821,124.0
2025/05/25 19:02:27.431199169,125.00000000000001
2025/05/25 19:02:27.531973854,125.00000000000001
2025/05/25 19:02:27.633499443,126.0
2025/05/25 19:02:27.733359304,127.00000000000001
2025/05/25 19:02:27.834453913,127.00000000000001
2025/05/25 19:02:27.938777928,128.0
2025/05/25 19:02:28.28897847,129.0
2025/05/25 19:02:28.128570793,129.0
2025/05/25 19:02:28.231681866,130.0
2025/05/25 19:02:28.333843455,130.0
2025/05/25 19:02:28.434717669,130.0
2025/05/25 19:02:28.529650265,131.0
2025/05/25 19:02:28.630476180,131.0
2025/05/25 19:02:28.730374642,128.99464771704214
2025/05/25 19:02:28.831734664,126.1298587413881
2025/05/25 19:02:28.935333735,122.97859086816864
2025/05/25 19:02:29.35648474,120.40028079007999
2025/05/25 19:02:29.128023264,117.53549181442594
2025/05/25 19:02:29.230966048,114.38422394120647
2025/05/25 19:02:29.331743765,111.51943496555242
2025/05/25 19:02:29.435490127,108.65464598989837
2025/05/25 19:02:29.537240339,106.07633591180972
2025/05/25 19:02:29.627799736,102.92506803859025
2025/05/25 19:02:29.732442192,100.3467579605016
2025/05/25 19:02:29.834126766,97.19549008728214
2025/05/25 19:02:29.930224031,96.00000000000001
2025/05/25 19:02:30.30958682,96.00000000000001
2025/05/25 19:02:30.130910510,97.0
2025/05/25 19:02:30.234591330,97.0
2025/05/25 19:02:30.327987485,98.0
2025/05/25 19:02:30.428296333,98.0
2025/05/25 19:02:30.529365923,99.0
2025/05/25 19:02:30.630440368,99.0
2025/05/25 19:02:30.730397118,100.0
2025/05/25 19:02:30.831597517,101.0
2025/05/25 19:02:30.932830400,102.0
2025/05/25 19:02:31.34398932,103.0
2025/05/25 19:02:31.136004526,103.0
2025/05/25 19:02:31.228283467,104.0
2025/05/25 19:02:31.329551386,105.00000000000001
2025/05/25 19:02:31.432399434,106.0
2025/05/25 19:02:31.536599254,107.2864788975654
2025/05/25 19:02:31.628852990,108.0
2025/05/25 19:02:31.729147044,110.0
2025/05/25 19:02:31.831566493,111.0
2025/05/25 19:02:31.943942754,112.0
2025/05/25 19:02:32.27814156,113.0
2025/05/25 19:02:32.129283095,114.00000000000001
2025/05/25 19:02:32.234350683,115.0
2025/05/25 19:02:32.341325771,116.00000000000001
2025/05/25 19:02:32.427326680,117.0
2025/05/25 19:02:32.529065344,118.00000000000001
2025/05/25 19:02:32.631180666,119.0
2025/05/25 19:02:32.731566008,119.99999999999999
2025/05/25 19:02:32.835763799,117.42168992191134
2025/05/25 19:02:32.937903902,114.55690094625729
2025/05/25 19:02:33.27483013,111.69211197060324
2025/05/25 19:02:33.127656401,108.82732299494917
2025/05/25 19:02:33.227966485,106.24901291686052
2025/05/25 19:02:33.336721531,103.09774504364107
2025/05/25 19:02:33.433362914,100.232956067987
2025/05/25 19:02:33.535440130,97.36816709233295
2025/05/25 19:02:33.634466953,94.5033781166789
2025/05/25 19:02:33.734476559,91.63858914102485
2025/05/25 19:02:33.836782672,91.0
2025/05/25 19:02:33.928886528,91.0
2025/05/25 19:02:34.28602495,90.0
2025/05/25 19:02:34.130185288,91.0
2025/05/25 19:02:34.231326197,91.0
2025/05/25 19:02:34.334279299,91.0
2025/05/25 19:02:34.435903644,91.0
2025/05/25 19:02:34.535351921,91.0
2025/05/25 19:02:34.631678723,91.0
2025/05/25 19:02:34.729187170,91.0
2025/05/25 19:02:34.833299894,92.0
2025/05/25 19:02:34.933826481,92.0
2025/05/25 19:02:35.34843021,92.0
2025/05/25 19:02:35.128280682,92.0
2025/05/25 19:02:35.228874158,94.0
2025/05/25 19:02:35.332240505,95.0
2025/05/25 19:02:35.434340909,96.00000000000001
2025/05/25 19:02:35.535980334,97.0
2025/05/25 19:02:35.627833503,97.0
2025/05/25 19:02:35.729418129,95.0
2025/05/25 19:02:35.833809755,93.0
2025/05/25 19:02:35.933786651,92.0
2025/05/25 19:02:36.34708050,92.0
2025/05/25 19:02:36.130671382,92.0
2025/05/25 19:02:36.233572757,92.0
2025/05/25 19:02:36.335278325,92.0
2025/05/25 19:02:36.434344601,92.0
2025/05/25 19:02:36.534508046,92.0
2025/05/25 19:02:36.635489173,93.0
2025/05/25 19:02:36.730774623,93.0
2025/05/25 19:02:36.831794175,93.0
2025/05/25 19:02:36.934779275,94.0
2025/05/25 19:02:37.35543275,95.0
2025/05/25 19:02:37.128066277,96.00000000000001
2025/05/25 19:02:37.229352137,96.00000000000001
2025/05/25 19:02:37.335720900,96.00000000000001
2025/05/25 19:02:37.432229664,97.0
2025/05/25 19:02:37.534236735,98.0
2025/05/25 19:02:37.635878322,98.0
2025/05/25 19:02:37.729664215,99.0
2025/05/25 19:02:37.829740584,99.0
2025/05/25 19:02:37.934084792,100.0
2025/05/25 19:02:38.34951582,101.0
2025/05/25 19:02:38.138007159,101.0
2025/05/25 19:02:38.226981475,102.0
2025/05/25 19:02:38.330302473,103.0
2025/05/25 19:02:38.430713428,104.0
2025/05/25 19:02:38.549952911,105.28647889756542
2025/05/25 19:02:38.629896913,106.0
2025/05/25 19:02:38.732044135,107.0
2025/05/25 19:02:38.833876587,109.57831007808865
2025/05/25 19:02:38.934684140,112.4430990537427
2025/05/25 19:02:39.36256014,115.30788802939676
2025/05/25 19:02:39.126312765,117.88619810748543
2025/05/25 19:02:39.228672087,120.75098708313948
2025/05/25 19:02:39.334142604,123.90225495635893
2025/05/25 19:02:39.432052496,126.0
2025/05/25 19:02:39.535980144,127.00000000000001
2025/05/25 19:02:39.638566978,127.00000000000001
2025/05/25 19:02:39.730764896,124.70816881947677
2025/05/25 19:02:39.834213645,121.84337984382272
2025/05/25 19:02:39.934709114,119.26506976573407
2025/05/25 19:02:40.28099241,116.1138018925146
2025/05/25 19:02:40.129292356,113.24901291686055
2025/05/25 19:02:40.231796529,110.6707028387719
2025/05/25 19:02:40.332544611,109.0
2025/05/25 19:02:40.432890781,110.0
2025/05/25 19:02:40.534680320,111.0
2025/05/25 19:02:40.626474911,112.0
2025/05/25 19:02:40.729387961,110.28112661460757
2025/05/25 19:02:40.833429713,107.1298587413881
2025/05/25 19:02:40.936631771,104.26506976573405
2025/05/25 19:02:41.36838526,101.40028079008
2025/05/25 19:02:41.126797311,98.82197071199136
2025/05/25 19:02:41.228202107,95.95718173633729
2025/05/25 19:02:41.328814040,93.09239276068324
2025/05/25 19:02:41.432694860,91.0
2025/05/25 19:02:41.534976559,91.0
2025/05/25 19:02:41.639258834,91.0
2025/05/25 19:02:41.727376043,91.0
2025/05/25 19:02:41.828583562,91.0
2025/05/25 19:02:41.930409217,91.0
2025/05/25 19:02:42.33451703,91.0
2025/05/25 19:02:42.133824442,91.0
2025/05/25 19:02:42.237718856,92.0
2025/05/25 19:02:42.333106895,92.0
2025/05/25 19:02:42.430119356,92.0
2025/05/25 19:02:42.532211617,94.29183118052325
2025/05/25 19:02:42.636182692,96.00000000000001
2025/05/25 19:02:42.736328781,97.0
2025/05/25 19:02:42.836708931,97.0
2025/05/25 19:02:42.929698819,98.0
2025/05/25 19:02:43.30308656,98.0
2025/05/25 19:02:43.131524130,99.0
2025/05/25 19:02:43.232527840,99.0
2025/05/25 19:02:43.334870596,100.0
2025/05/25 19:02:43.437566795,100.0
2025/05/25 19:02:43.534277178,101.0
2025/05/25 19:02:43.626646456,101.0
2025/05/25 19:02:43.728383385,102.0
2025/05/25 19:02:43.828912273,103.0
2025/05/25 19:02:43.931771523,105.29183118052325
2025/05/25 19:02:44.32249739,108.15662015617731
2025/05/25 19:02:44.132364799,110.73493023426596
2025/05/25 19:02:44.238747360,113.88619810748541
2025/05/25 19:02:44.337647914,116.75098708313946
2025/05/25 19:02:44.436147690,119.61577605879353
2025/05/25 19:02:44.527322650,122.48056503444758
2025/05/25 19:02:44.627841067,125.05887511253623
2025/05/25 19:02:44.728382770,123.9129595222746
2025/05/25 19:02:44.829650859,121.04817054662055
2025/05/25 19:02:44.931770118,118.1833815709665
2025/05/25 19:02:45.34130498,115.31859259531244
2025/05/25 19:02:45.134934433,112.45380361965839
2025/05/25 19:02:45.233632158,109.30253574643892
2025/05/25 19:02:45.330765228,106.72422566835027
2025/05/25 19:02:45.432061053,103.57295779513082
2025/05/25 19:02:45.527663069,100.99464771704217
2025/05/25 19:02:45.628218281,98.0
2025/05/25 19:02:45.731683856,99.0
2025/05/25 19:02:45.831644346,99.0
2025/05/25 19:02:45.937773938,100.0
2025/05/25 19:02:46.31682635,100.0
2025/05/25 19:02:46.130036730,101.0
2025/05/25 19:02:46.240089920,101.0
2025/05/25 19:02:46.328608023,102.0
2025/05/25 19:02:46.432108083,103.0
2025/05/25 19:02:46.536275190,105.29183118052325
2025/05/25 19:02:46.628670163,107.8701412586119
2025/05/25 19:02:46.732408144,111.02140913183136
2025/05/25 19:02:46.834629874,113.88619810748541
2025/05/25 19:02:46.936892595,116.75098708313946
2025/05/25 19:02:47.26945493,119.61577605879353
2025/05/25 19:02:47.127987111,122.48056503444758
2025/05/25 19:02:47.228852608,123.00000000000001
2025/05/25 19:02:47.333995632,124.0
2025/05/25 19:02:47.429104715,124.0
2025/05/25 19:02:47.530985130,126.29183118052325
2025/05/25 19:02:47.635607560,129.1566201561773
2025/05/25 19:02:47.741087511,132.59436692696215
2025/05/25 19:02:47.828526847,134.8861981074854
2025/05/25 19:02:47.930081013,138.03746598070487
2025/05/25 19:02:48.29097862,140.0
2025/05/25 19:02:48.131200558,140.0
2025/05/25 19:02:48.233038726,140.0
2025/05/25 19:02:48.337452636,139.0
2025/05/25 19:02:48.428829900,139.0
2025/05/25 19:02:48.529592162,139.0
2025/05/25 19:02:48.631330256,139.0
2025/05/25 19:02:48.733722711,138.0
2025/05/25 19:02:48.835990242,138.0
2025/05/25 19:02:48.928444734,135.13521102434595
2025/05/25 19:02:49.28998658,132.27042204869187
2025/05/25 19:02:49.133595016,129.69211197060324
2025/05/25 19:02:49.232721118,126.82732299494917
2025/05/25 19:02:49.330653943,123.67605512172972
2025/05/25 19:02:49.430166315,120.81126614607567
2025/05/25 19:02:49.530606876,118.232956067987
2025/05/25 19:02:49.633632601,115.08168819476755
2025/05/25 19:02:49.733229330,112.2168992191135
2025/05/25 19:02:49.829404086,109.35211024345944
2025/05/25 19:02:49.930508535,106.77380016537079
2025/05/25 19:02:50.31534365,103.90901118971674
2025/05/25 19:02:50.131774116,100.75774331649727
2025/05/25 19:02:50.232792832,98.17943323840862
2025/05/25 19:02:50.336562366,94.74168646762377
2025/05/25 19:02:50.428946668,92.16337638953512
2025/05/25 19:02:50.530677348,92.0
2025/05/25 19:02:50.632388247,92.0
2025/05/25 19:02:50.733472286,92.0
2025/05/25 19:02:50.834799662,93.0
2025/05/25 19:02:50.928589469,94.0
2025/05/25 19:02:51.30059964,95.0
2025/05/25 19:02:51.132910846,96.00000000000001
2025/05/25 19:02:51.235431386,98.57831007808866
2025/05/25 19:02:51.335623436,99.0
2025/05/25 19:02:51.429497413,99.0
2025/05/25 19:02:51.529156065,100.0
2025/05/25 19:02:51.632225445,100.0
2025/05/25 19:02:51.736164014,101.0
2025/05/25 19:02:51.827168069,101.0
2025/05/25 19:02:51.928526042,103.0
2025/05/25 19:02:52.32865356,105.29183118052325
2025/05/25 19:02:52.133953822,108.15662015617731
2025/05/25 19:02:52.237467585,111.02140913183136
2025/05/25 19:02:52.329225716,113.88619810748541
2025/05/25 19:02:52.432026183,116.75098708313946
2025/05/25 19:02:52.532746842,119.32929716122811
2025/05/25 19:02:52.635766277,122.48056503444758
2025/05/25 19:02:52.729873606,125.34535401010163
2025/05/25 19:02:52.829708906,127.92366408819028
2025/05/25 19:02:52.931690727,131.07493196140973
2025/05/25 19:02:53.32426281,133.6532420394984
2025/05/25 19:02:53.134232195,136.51803101515245
2025/05/25 19:02:53.235299414,139.3828199908065
2025/05/25 19:02:53.331624257,142.53408786402596
2025/05/25 19:02:53.431046042,145.11239794211463
2025/05/25 19:02:53.533151083,147.97718691776868
2025/05/25 19:02:53.636036623,150.84197589342273
2025/05/25 19:02:53.729840236,153.70676486907678
2025/05/25 19:02:53.831973546,156.57155384473083
2025/05/25 19:02:53.934794726,159.43634282038488
2025/05/25 19:02:54.35149068,162.30113179603896
2025/05/25 19:02:54.137619104,165.165920771693
2025/05/25 19:02:54.231830277,166.0
2025/05/25 19:02:54.334098547,164.0
2025/05/25 19:02:54.434960435,163.0
2025/05/25 19:02:54.535279243,163.0
2025/05/25 19:02:54.626352771,162.0
2025/05/25 19:02:54.730639712,161.0
2025/05/25 19:02:54.834666415,161.0
2025/05/25 19:02:54.935897128,158.70816881947675
2025/05/25 19:02:55.36037483,155.55690094625731
2025/05/25 19:02:55.129845256,152.69211197060326
2025/05/25 19:02:55.229888841,151.0
2025/05/25 19:02:55.331861856,150.0
2025/05/25 19:02:55.434783426,149.0
2025/05/25 19:02:55.536044131,148.0
2025/05/25 19:02:55.636569221,147.0
2025/05/25 19:02:55.731668778,146.0
2025/05/25 19:02:55.831881672,146.0
2025/05/25 19:02:55.934230948,147.0
2025/05/25 19:02:56.34795158,148.0
2025/05/25 19:02:56.137714646,150.0
2025/05/25 19:02:56.230106396,152.0
2025/05/25 19:02:56.330536541,153.0
2025/05/25 19:02:56.433987921,155.0
2025/05/25 19:02:56.536423325,157.0
2025/05/25 19:02:56.634516469,159.0
2025/05/25 19:02:56.726588020,161.0
2025/05/25 19:02:56.830606409,162.0
2025/05/25 19:02:56.932710010,159.70816881947675
2025/05/25 19:02:57.31896241,156.5569009462573
2025/05/25 19:02:57.133254795,155.0
2025/05/25 19:02:57.235819551,154.0
2025/05/25 19:02:57.335000175,153.0
2025/05/25 19:02:57.438094380,153.0
2025/05/25 19:02:57.534686691,153.0
2025/05/25 19:02:57.635809827,153.0
2025/05/25 19:02:57.732747326,154.0
2025/05/25 19:02:57.833625716,154.0
2025/05/25 19:02:57.929169254,154.0
2025/05/25 19:02:58.29366564,154.0
2025/05/25 19:02:58.131430465,155.0
2025/05/25 19:02:58.232723478,155.0
2025/05/25 19:02:58.334170691,155.0
2025/05/25 19:02:58.432709291,156.0
2025/05/25 19:02:58.538290913,156.0
2025/05/25 19:02:58.628300103,157.0
2025/05/25 19:02:58.731794369,158.0
2025/05/25 19:02:58.834331154,160.0
2025/05/25 19:02:58.933401457,162.0
2025/05/25 19:02:59.32741593,163.0
2025/05/25 19:02:59.136505679,163.0
2025/05/25 19:02:59.237585953,163.0
2025/05/25 19:02:59.337696739,164.0
2025/05/25 19:02:59.427970213,164.0
2025/05/25 19:02:59.530009414,165.0
2025/05/25 19:02:59.633071696,165.0
2025/05/25 19:02:59.733947497,165.0
2025/05/25 19:02:59.835014730,165.0
2025/05/25 19:02:59.938257258,166.0
2025/05/25 19:03:00.31986052,166.0
2025/05/25 19:03:00.132681111,166.0
2025/05/25 19:03:00.236284763,167.0
2025/05/25 19:03:00.326760498,167.0
2025/05/25 19:03:00.429368617,167.0
2025/05/25 19:03:00.532774689,168.0
2025/05/25 19:03:00.634211789,168.0
2025/05/25 19:03:00.734984991,168.0
2025/05/25 19:03:00.836549145,168.0
2025/05/25 19:03:00.928310874,169.0
2025/05/25 19:03:01.28839823,169.0
2025/05/25 19:03:01.133745834,169.0
2025/05/25 19:03:01.233700276,169.0
2025/05/25 19:03:01.327954745,170.0
2025/05/25 19:03:01.432614229,170.0
2025/05/25 19:03:01.533446906,169.0
2025/05/25 19:03:01.636417830,168.0
2025/05/25 19:03:01.734112357,168.0
2025/05/25 19:03:01.833973830,168.0
2025/05/25 19:03:01.935118171,169.0
2025/05/25 19:03:02.34726916,169.0
2025/05/25 19:03:02.135542323,169.0
2025/05/25 19:03:02.226524706,169.0
2025/05/25 19:03:02.330290047,169.0
2025/05/25 19:03:02.432632883,170.0
2025/05/25 19:03:02.535172744,170.0
2025/05/25 19:03:02.639187620,169.0
2025/05/25 19:03:02.736612372,169.0
2025/05/25 19:03:02.826100431,170.0
2025/05/25 19:03:02.929827791,170.0
2025/05/25 19:03:03.29158159,170.0
2025/05/25 19:03:03.132986494,170.0
2025/05/25 19:03:03.233899010,170.0
2025/05/25 19:03:03.339244498,170.0
2025/05/25 19:03:03.428472089,171.0
2025/05/25 19:03:03.533248198,170.0
2025/05/25 19:03:03.638713810,171.0
2025/05/25 19:03:03.738061387,171.0
2025/05/25 19:03:03.826362272,171.0
2025/05/25 19:03:03.931084858,171.0
2025/05/25 19:03:04.35851768,171.0
2025/05/25 19:03:04.135569459,171.0
2025/05/25 19:03:04.237293565,171.0
2025/05/25 19:03:04.328828972,171.0
2025/05/25 19:03:04.429588456,172.0
2025/05/25 19:03:04.530931716,169.70816881947678
2025/05/25 19:03:04.636581816,167.0
2025/05/25 19:03:04.730135700,167.0
2025/05/25 19:03:04.831087289,166.0
2025/05/25 19:03:04.934272730,165.0
2025/05/25 19:03:05.39719737,165.0
2025/05/25 19:03:05.128369412,166.0
2025/05/25 19:03:05.230117695,166.0
2025/05/25 19:03:05.328778007,166.0
2025/05/25 19:03:05.431093317,166.0
2025/05/25 19:03:05.532148265,166.0
2025/05/25 19:03:05.635853496,165.0
2025/05/25 19:03:05.727229618,164.0
2025/05/25 19:03:05.828342786,165.0
2025/05/25 19:03:05.929660650,165.0
2025/05/25 19:03:06.32061988,165.0
2025/05/25 19:03:06.135498206,165.0
2025/05/25 19:03:06.238087773,165.0
2025/05/25 19:03:06.327166653,166.0
2025/05/25 19:03:06.431557864,166.0
2025/05/25 19:03:06.531132022,166.0
2025/05/25 19:03:06.635775112,167.0
2025/05/25 19:03:06.733570698,168.0
2025/05/25 19:03:06.837072834,168.0
2025/05/25 19:03:06.926900684,169.0
2025/05/25 19:03:07.30088914,169.0
2025/05/25 19:03:07.129256664,169.0
2025/05/25 19:03:07.230307303,169.0
2025/05/25 19:03:07.334312260,169.0
2025/05/25 19:03:07.433216178,169.0
2025/05/25 19:03:07.541642959,170.0
2025/05/25 19:03:07.629330267,170.0
2025/05/25 19:03:07.730202674,170.0
2025/05/25 19:03:07.832633910,171.0
2025/05/25 19:03:07.934787017,172.0
2025/05/25 19:03:08.29601723,172.0
2025/05/25 19:03:08.130583867,172.0
2025/05/25 19:03:08.233315098,172.0
2025/05/25 19:03:08.337695040,172.0
2025/05/25 19:03:08.428659130,172.0
2025/05/25 19:03:08.530559152,170.0
2025/05/25 19:03:08.638432925,170.0
2025/05/25 19:03:08.732936812,169.0
2025/05/25 19:03:08.834892659,169.0
2025/05/25 19:03:08.937196751,169.0
2025/05/25 19:03:09.29670279,169.0
2025/05/25 19:03:09.128206652,170.0
2025/05/25 19:03:09.230579007,170.0
2025/05/25 19:03:09.332526201,170.0
2025/05/25 19:03:09.433370721,170.0
2025/05/25 19:03:09.534733413,170.0
2025/05/25 19:03:09.636391531,170.0
2025/05/25 19:03:09.729761496,171.0
2025/05/25 19:03:09.832931918,172.0
2025/05/25 19:03:09.934991066,172.0
2025/05/25 19:03:10.35365690,173.0
2025/05/25 19:03:10.126907890,173.0
2025/05/25 19:03:10.228210831,173.0
2025/05/25 19:03:10.330305815,173.0
2025/05/25 19:03:10.430984451,173.0
2025/05/25 19:03:10.532704266,173.0
2025/05/25 19:03:10.635649035,174.0
2025/05/25 19:03:10.729735764,174.0
2025/05/25 19:03:10.827725886,174.0
2025/05/25 19:03:10.931017005,174.0
2025/05/25 19:03:11.31277540,174.0
2025/05/25 19:03:11.142627988,175.0
2025/05/25 19:03:11.230265174,175.0
2025/05/25 19:03:11.336126924,175.0
2025/05/25 19:03:11.435451253,175.0
2025/05/25 19:03:11.536590923,174.0
2025/05/25 19:03:11.627347586,173.0
2025/05/25 19:03:11.728835291,173.0
2025/05/25 19:03:11.829849836,172.0
2025/05/25 19:03:11.933892448,172.0
2025/05/25 19:03:12.33597230,171.0
2025/05/25 19:03:12.136081593,171.0
2025/05/25 19:03:12.226818744,171.0
2025/05/25 19:03:12.330912280,172.0
2025/05/25 19:03:12.429602096,172.0
2025/05/25 19:03:12.528604110,170.0
2025/05/25 19:03:12.633295898,170.0
2025/05/25 19:03:12.734256732,169.0
2025/05/25 19:03:12.834259378,169.0
2025/05/25 19:03:12.928691944,169.0
2025/05/25 19:03:13.32226098,169.0
2025/05/25 19:03:13.133915314,169.0
2025/05/25 19:03:13.235863451,169.0
2025/05/25 19:03:13.328446214,170.0
2025/05/25 19:03:13.430252907,170.0
2025/05/25 19:03:13.530433208,170.0
2025/05/25 19:03:13.634678849,170.0
2025/05/25 19:03:13.735737902,171.0
2025/05/25 19:03:13.828546994,171.0
2025/05/25 19:03:13.931610513,171.0
2025/05/25 19:03:14.30121720,171.0
2025/05/25 19:03:14.130888328,171.0
2025/05/25 19:03:14.233030151,171.0
2025/05/25 19:03:14.328944968,172.0
2025/05/25 19:03:14.428755582,172.0
2025/05/25 19:03:14.531325139,172.0
2025/05/25 19:03:14.631512690,172.0
2025/05/25 19:03:14.733252998,172.0
2025/05/25 19:03:14.833904589,172.0
2025/05/25 19:03:14.936699566,172.0
2025/05/25 19:03:15.27054193,172.0
2025/05/25 19:03:15.130621436,172.0
2025/05/25 19:03:15.232205067,172.0
2025/05/25 19:03:15.334721520,172.0
2025/05/25 19:03:15.435666354,173.0
2025/05/25 19:03:15.528520699,173.0
2025/05/25 19:03:15.628572371,172.0
2025/05/25 19:03:15.734002795,172.0
2025/05/25 19:03:15.832232284,172.0
2025/05/25 19:03:15.936483882,172.0
2025/05/25 19:03:16.30392318,172.0
2025/05/25 19:03:16.131188819,172.0
2025/05/25 19:03:16.231868167,173.0
2025/05/25 19:03:16.333923099,173.0
2025/05/25 19:03:16.435796370,173.0
2025/05/25 19:03:16.527634984,173.0
2025/05/25 19:03:16.630606676,172.0
2025/05/25 19:03:16.732936376,172.0
2025/05/25 19:03:16.835791117,172.0
2025/05/25 19:03:16.929386089,173.0
2025/05/25 19:03:17.31551411,173.0
2025/05/25 19:03:17.132031714,173.0
2025/05/25 19:03:17.232572500,173.0
2025/05/25 19:03:17.333614048,173.0
2025/05/25 19:03:17.433660920,173.0
2025/05/25 19:03:17.534672946,173.0
2025/05/25 19:03:17.626832437,173.0
2025/05/25 19:03:17.736762516,173.0
2025/05/25 19:03:17.831284497,172.0
2025/05/25 19:03:17.933836150,172.0
2025/05/25 19:03:18.34680818,171.0
2025/05/25 19:03:18.127693471,171.0
2025/05/25 19:03:18.230573706,171.0
2025/05/25 19:03:18.331111659,171.0
2025/05/25 19:03:18.435625613,171.0
2025/05/25 19:03:18.527693405,172.0
2025/05/25 19:03:18.631108205,169.70816881947678
2025/05/25 19:03:18.734071307,169.0
2025/05/25 19:03:18.834515932,168.0
2025/05/25 19:03:18.929804974,167.0
2025/05/25 19:03:19.32534285,167.0
2025/05/25 19:03:19.131902153,167.0
2025/05/25 19:03:19.230354049,167.0
2025/05/25 19:03:19.332614915,167.0
2025/05/25 19:03:19.434199501,167.0
2025/05/25 19:03:19.534909856,168.0
2025/05/25 19:03:19.626826805,168.0
2025/05/25 19:03:19.731053274,169.0
2025/05/25 19:03:19.831859271,169.0
2025/05/25 19:03:19.935755890,169.0
2025/05/25 19:03:20.35803430,169.0
2025/05/25 19:03:20.133373619,170.0
2025/05/25 19:03:20.234566796,170.0
2025/05/25 19:03:20.331625519,170.0
2025/05/25 19:03:20.432700562,170.0
2025/05/25 19:03:20.532341443,170.0
2025/05/25 19:03:20.637449207,170.0
2025/05/25 19:03:20.735639532,171.0
2025/05/25 19:03:20.827754005,172.0
2025/05/25 19:03:20.932593959,172.0
2025/05/25 19:03:21.34360143,173.0
2025/05/25 19:03:21.136173988,173.0
2025/05/25 19:03:21.226952088,173.0
2025/05/25 19:03:21.332492413,174.0
2025/05/25 19:03:21.433112296,174.0
2025/05/25 19:03:21.534615268,174.0
2025/05/25 19:03:21.635879473,174.0
2025/05/25 19:03:21.735984649,174.0
2025/05/25 19:03:21.826597566,174.0
2025/05/25 19:03:21.928645631,174.0
2025/05/25 19:03:22.32312391,174.0
2025/05/25 19:03:22.133947890,174.0
2025/05/25 19:03:22.235625402,174.0
2025/05/25 19:03:22.327082084,174.0
2025/05/25 19:03:22.427964813,175.0
2025/05/25 19:03:22.530865006,175.0
2025/05/25 19:03:22.633792651,174.0
2025/05/25 19:03:22.729418488,174.0
2025/05/25 19:03:22.829269009,174.0
2025/05/25 19:03:22.930781122,174.0
2025/05/25 19:03:23.32578386,174.0
2025/05/25 19:03:23.132891929,175.0
2025/05/25 19:03:23.235310285,175.0
2025/05/25 19:03:23.332510318,175.0
2025/05/25 19:03:23.427910710,175.0
2025/05/25 19:03:23.528521926,175.0
2025/05/25 19:03:23.630904749,173.0
2025/05/25 19:03:23.733715494,172.0
2025/05/25 19:03:23.833404828,172.0
2025/05/25 19:03:23.937655026,171.0
2025/05/25 19:03:24.27574238,171.0
2025/05/25 19:03:24.129863597,171.0
2025/05/25 19:03:24.232912539,171.0
2025/05/25 19:03:24.337940510,172.0
2025/05/25 19:03:24.436071022,172.0
2025/05/25 19:03:24.530193884,172.0
2025/05/25 19:03:24.630901669,170.0
2025/05/25 19:03:24.735941058,169.0
2025/05/25 19:03:24.826708735,169.0
2025/05/25 19:03:24.928841653,168.0
2025/05/25 19:03:25.36710776,168.0
2025/05/25 19:03:25.134253575,168.0
2025/05/25 19:03:25.236486813,168.0
2025/05/25 19:03:25.332283584,168.0
2025/05/25 19:03:25.433406798,168.0
2025/05/25 19:03:25.535215043,169.0
2025/05/25 19:03:25.637135417,169.0
2025/05/25 19:03:25.729375132,169.0
2025/05/25 19:03:25.830090692,169.0
2025/05/25 19:03:25.935208376,167.0
2025/05/25 19:03:26.35759468,167.0
2025/05/25 19:03:26.127410284,167.0
2025/05/25 19:03:26.231000846,167.0
2025/05/25 19:03:26.337619150,167.0
2025/05/25 19:03:26.427330909,168.0
2025/05/25 19:03:26.529291208,168.0
2025/05/25 19:03:26.628925743,168.0
2025/05/25 19:03:26.731202310,168.0
2025/05/25 19:03:26.832354187,168.0
2025/05/25 19:03:26.937334461,168.0
2025/05/25 19:03:27.26354706,169.0
2025/05/25 19:03:27.128039052,170.0
2025/05/25 19:03:27.230873360,171.0
2025/05/25 19:03:27.333052746,171.0
2025/05/25 19:03:27.430732531,171.0
2025/05/25 19:03:27.532541025,171.0
2025/05/25 19:03:27.640979178,171.0
2025/05/25 19:03:27.727537258,172.0
2025/05/25 19:03:27.832429923,172.0
2025/05/25 19:03:27.934285531,171.0
2025/05/25 19:03:28.30378421,171.0
2025/05/25 19:03:28.129097530,171.0
2025/05/25 19:03:28.229688909,171.0
2025/05/25 19:03:28.338819957,171.0
2025/05/25 19:03:28.436802202,171.0
2025/05/25 19:03:28.526681177,171.0
2025/05/25 19:03:28.630533109,171.0
2025/05/25 19:03:28.743464705,171.0
2025/05/25 19:03:28.833209143,171.0
2025/05/25 19:03:28.933445409,171.0
2025/05/25 19:03:29.26938644,170.0
2025/05/25 19:03:29.129462484,169.0
2025/05/25 19:03:29.229766312,168.0
2025/05/25 19:03:29.338229775,168.0
2025/05/25 19:03:29.428406344,168.0
2025/05/25 19:03:29.530170691,168.0
2025/05/25 19:03:29.632616186,168.0
2025/05/25 19:03:29.733936851,169.0
2025/05/25 19:03:29.835572718,169.0
2025/05/25 19:03:29.936223323,168.0
2025/05/25 19:03:30.26626979,167.0
2025/05/25 19:03:30.128613692,166.0
2025/05/25 19:03:30.229432503,166.0
2025/05/25 19:03:30.330498281,166.0
2025/05/25 19:03:30.432880270,166.0
2025/05/25 19:03:30.534195246,166.0
2025/05/25 19:03:30.636131630,167.0
2025/05/25 19:03:30.726440222,167.0
2025/05/25 19:03:30.828201582,167.0
2025/05/25 19:03:30.931881112,167.0
2025/05/25 19:03:31.33470926,168.0
2025/05/25 19:03:31.135797418,169.0
2025/05/25 19:03:31.229821153,170.0
2025/05/25 19:03:31.332188410,171.0
2025/05/25 19:03:31.432175414,172.0
2025/05/25 19:03:31.534085573,172.0
2025/05/25 19:03:31.636305999,173.0
2025/05/25 19:03:31.728257015,174.0
2025/05/25 19:03:31.829070592,174.0
2025/05/25 19:03:31.933739093,174.0
2025/05/25 19:03:32.35247921,174.0
2025/05/25 19:03:32.138747461,175.0
2025/05/25 19:03:32.229953576,175.0
2025/05/25 19:03:32.330599411,175.0
2025/05/25 19:03:32.431977960,175.0
2025/05/25 19:03:32.528599034,175.0
2025/05/25 19:03:32.629063495,175.0
2025/05/25 19:03:32.730244688,175.0
2025/05/25 19:03:32.833391180,175.0
2025/05/25 19:03:32.935261995,172.99464771704217
2025/05/25 19:03:33.28747625,170.12985874138812
2025/05/25 19:03:33.132020549,170.0
2025/05/25 19:03:33.233045370,169.0
2025/05/25 19:03:33.334427694,169.0
2025/05/25 19:03:33.435073608,168.0
2025/05/25 19:03:33.528636411,167.0
2025/05/25 19:03:33.627997683,166.0
2025/05/25 19:03:33.729926657,166.0
2025/05/25 19:03:33.832306366,166.0
2025/05/25 19:03:33.936447998,163.42168992191137
2025/05/25 19:03:34.27653128,163.0
2025/05/25 19:03:34.129660837,162.0
2025/05/25 19:03:34.230776654,160.0
2025/05/25 19:03:34.332415410,159.0
2025/05/25 19:03:34.438030604,158.0
2025/05/25 19:03:34.536314899,157.0
2025/05/25 19:03:34.627742745,157.0
2025/05/25 19:03:34.728862962,157.0
2025/05/25 19:03:34.830641752,157.0
2025/05/25 19:03:34.932916464,158.0
2025/05/25 19:03:35.33597655,158.0
2025/05/25 19:03:35.136650794,158.0
2025/05/25 19:03:35.237778022,159.0
2025/05/25 19:03:35.331589449,159.0
2025/05/25 19:03:35.431190777,159.0
2025/05/25 19:03:35.532365531,159.0
2025/05/25 19:03:35.634539612,159.0
2025/05/25 19:03:35.733286734,159.0
2025/05/25 19:03:35.835752576,159.0
2025/05/25 19:03:35.930091892,160.0
2025/05/25 19:03:36.28872184,161.0
2025/05/25 19:03:36.131057736,162.0
2025/05/25 19:03:36.230941431,164.0
2025/05/25 19:03:36.334152333,165.0
2025/05/25 19:03:36.434548829,167.0
2025/05/25 19:03:36.537937009,168.0
2025/05/25 19:03:36.632302709,168.0
2025/05/25 19:03:36.730833526,168.0
2025/05/25 19:03:36.833022633,169.0
2025/05/25 19:03:36.933875394,169.0
2025/05/25 19:03:37.35608671,169.0
2025/05/25 19:03:37.128159032,170.0
2025/05/25 19:03:37.230446941,171.0
2025/05/25 19:03:37.332591491,172.0
2025/05/25 19:03:37.435148964,173.0
2025/05/25 19:03:37.537078045,173.0
2025/05/25 19:03:37.628614519,174.0
2025/05/25 19:03:37.729547240,174.0
2025/05/25 19:03:37.833568233,174.0
2025/05/25 19:03:37.935803774,175.0
2025/05/25 19:03:38.34698936,172.42168992191137
2025/05/25 19:03:38.136137532,169.8433798438227
2025/05/25 19:03:38.236417313,168.0
2025/05/25 19:03:38.334630042,167.0
2025/05/25 19:03:38.433958895,166.0
2025/05/25 19:03:38.535079426,165.0
2025/05/25 19:03:38.630610769,165.0
2025/05/25 19:03:38.733574123,165.0
2025/05/25 19:03:38.832194187,165.0
2025/05/25 19:03:38.934193018,165.0
2025/05/25 19:03:39.28457319,165.0
2025/05/25 19:03:39.130478680,162.42168992191134
2025/05/25 19:03:39.230875877,161.0
2025/05/25 19:03:39.332099128,159.0
2025/05/25 19:03:39.433779782,159.0
2025/05/25 19:03:39.536621283,159.0
2025/05/25 19:03:39.629333667,160.0
2025/05/25 19:03:39.728980371,160.0
2025/05/25 19:03:39.830695188,160.0
2025/05/25 19:03:39.935378376,160.0
2025/05/25 19:03:40.36304671,161.0
2025/05/25 19:03:40.126934024,162.0
2025/05/25 19:03:40.233838847,162.0
2025/05/25 19:03:40.334798187,162.0
2025/05/25 19:03:40.433588230,163.0
2025/05/25 19:03:40.535279791,163.0
2025/05/25 19:03:40.639168184,163.0
2025/05/25 19:03:40.726308912,163.0
2025/05/25 19:03:40.832072526,163.0
2025/05/25 19:03:40.933248921,164.0
2025/05/25 19:03:41.33839299,164.0
2025/05/25 19:03:41.136039046,165.0
2025/05/25 19:03:41.237050970,165.0
2025/05/25 19:03:41.329068482,165.0
2025/05/25 19:03:41.436199661,165.0
2025/05/25 19:03:41.534380702,165.0
2025/05/25 19:03:41.627980669,166.0
2025/05/25 19:03:41.730659743,166.0
2025/05/25 19:03:41.831950147,166.0
2025/05/25 19:03:41.933322387,166.0
2025/05/25 19:03:42.34488498,167.0
2025/05/25 19:03:42.136935113,168.0
2025/05/25 19:03:42.229933187,168.0
2025/05/25 19:03:42.332407449,169.0
2025/05/25 19:03:42.431284804,169.0
2025/05/25 19:03:42.535002175,169.0
2025/05/25 19:03:42.636522420,169.0
2025/05/25 19:03:42.728365185,169.0
2025/05/25 19:03:42.833206887,169.0
2025/05/25 19:03:42.931402925,169.0
2025/05/25 19:03:43.34263945,167.0
2025/05/25 19:03:43.135938762,167.0
2025/05/25 19:03:43.230313171,167.0
2025/05/25 19:03:43.336459083,167.0
2025/05/25 19:03:43.426794701,167.0
2025/05/25 19:03:43.527419909,167.0
2025/05/25 19:03:43.629515434,167.0
2025/05/25 19:03:43.740589218,167.0
2025/05/25 19:03:43.836473407,167.0
2025/05/25 19:03:43.927671222,167.0
2025/05/25 19:03:44.29462994,166.0
2025/05/25 19:03:44.131231633,166.0
2025/05/25 19:03:44.235735443,164.0
2025/05/25 19:03:44.335802228,163.0
2025/05/25 19:03:44.428335640,163.0
2025/05/25 19:03:44.531805460,163.0
2025/05/25 19:03:44.634903779,163.0
2025/05/25 19:03:44.737913763,163.0
2025/05/25 19:03:44.830803370,163.0
2025/05/25 19:03:44.934255443,163.0
2025/05/25 19:03:45.37188586,163.0
2025/05/25 19:03:45.126681729,163.0
2025/05/25 19:03:45.229612986,163.0
2025/05/25 19:03:45.337038415,164.0
2025/05/25 19:03:45.436818489,164.0
2025/05/25 19:03:45.526856180,164.0
2025/05/25 19:03:45.627241393,164.0
2025/05/25 19:03:45.731170142,164.0
2025/05/25 19:03:45.831563886,164.0
2025/05/25 19:03:45.935567102,164.0
2025/05/25 19:03:46.37470257,164.0
2025/05/25 19:03:46.136950311,164.0
2025/05/25 19:03:46.229655957,164.0
2025/05/25 19:03:46.330770934,164.0
2025/05/25 19:03:46.431108960,164.0
2025/05/25 19:03:46.533004535,164.0
2025/05/25 19:03:46.631708657,164.0
2025/05/25 19:03:46.726887879,164.0
2025/05/25 19:03:46.829884956,164.0
2025/05/25 19:03:46.933239634,164.0
2025/05/25 19:03:47.34120459,164.0
2025/05/25 19:03:47.132243572,164.0
2025/05/25 19:03:47.236819072,165.0
2025/05/25 19:03:47.336758106,165.0
2025/05/25 19:03:47.438939301,165.0
2025/05/25 19:03:47.527181252,165.0
2025/05/25 19:03:47.629212052,165.0
2025/05/25 19:03:47.733995163,165.0
2025/05/25 19:03:47.836050632,165.0
2025/05/25 19:03:47.927782181,165.0
2025/05/25 19:03:48.35404867,165.0
2025/05/25 19:03:48.135977300,165.0
2025/05/25 19:03:48.237882419,165.0
2025/05/25 19:03:48.328801100,165.0
2025/05/25 19:03:48.429537232,165.0
2025/05/25 19:03:48.532395544,165.0
2025/05/25 19:03:48.632770289,163.0
2025/05/25 19:03:48.736797388,162.0
2025/05/25 19:03:48.827175537,162.0
2025/05/25 19:03:48.931118502,162.0
2025/05/25 19:03:49.32732121,162.0
2025/05/25 19:03:49.136762546,162.0
2025/05/25 19:03:49.229368635,162.0
2025/05/25 19:03:49.329542188,162.0
2025/05/25 19:03:49.430615496,162.0
2025/05/25 19:03:49.532103431,162.0
2025/05/25 19:03:49.633090144,163.0
2025/05/25 19:03:49.733722601,164.0
2025/05/25 19:03:49.836191677,164.0
2025/05/25 19:03:49.927276398,164.0
2025/05/25 19:03:50.33111353,164.0
2025/05/25 19:03:50.132497250,164.0
2025/05/25 19:03:50.234286692,164.0
2025/05/25 19:03:50.336667170,164.0
2025/05/25 19:03:50.448096385,164.0
2025/05/25 19:03:50.534818874,164.0
2025/05/25 19:03:50.628131764,164.0
2025/05/25 19:03:50.727200595,164.0
2025/05/25 19:03:50.835403185,164.0
2025/05/25 19:03:50.925994006,164.0
2025/05/25 19:03:51.27268098,164.0
2025/05/25 19:03:51.128554851,164.0
2025/05/25 19:03:51.230900065,164.0
2025/05/25 19:03:51.333909707,164.0
2025/05/25 19:03:51.434834748,164.0
2025/05/25 19:03:51.527018249,164.0
2025/05/25 19:03:51.631911382,162.0
2025/05/25 19:03:51.734765038,161.0
2025/05/25 19:03:51.830313357,161.0
2025/05/25 19:03:51.931463196,161.0
2025/05/25 19:03:52.33146396,161.0
2025/05/25 19:03:52.138563575,161.0
2025/05/25 19:03:52.227765135,161.0
2025/05/25 19:03:52.329700834,161.0
2025/05/25 19:03:52.430464434,161.0
2025/05/25 19:03:52.535570273,161.0
2025/05/25 19:03:52.636067099,161.0
2025/05/25 19:03:52.726857237,159.0
2025/05/25 19:03:52.834327937,159.0
2025/05/25 19:03:52.927714717,159.0
2025/05/25 19:03:53.29737384,159.0
2025/05/25 19:03:53.132527988,159.0
2025/05/25 19:03:53.230823462,159.0
2025/05/25 19:03:53.331345897,159.0
2025/05/25 19:03:53.432672988,159.0
2025/05/25 19:03:53.531893424,159.0
2025/05/25 19:03:53.632942763,159.0
2025/05/25 19:03:53.734864811,160.0
2025/05/25 19:03:53.837352132,161.0
2025/05/25 19:03:53.929938270,162.0
2025/05/25 19:03:54.32740228,162.0
2025/05/25 19:03:54.133980526,162.0
2025/05/25 19:03:54.234829609,163.0
2025/05/25 19:03:54.334976060,163.0
2025/05/25 19:03:54.428902263,163.0
2025/05/25 19:03:54.532361499,163.0
2025/05/25 19:03:54.631264865,163.0
2025/05/25 19:03:54.734519502,164.0
2025/05/25 19:03:54.826085535,165.0
2025/05/25 19:03:54.931032524,165.0
2025/05/25 19:03:55.33065230,166.0
2025/05/25 19:03:55.133932748,166.0
2025/05/25 19:03:55.234838383,166.0
2025/05/25 19:03:55.328797187,166.0
2025/05/25 19:03:55.428098471,166.0
2025/05/25 19:03:55.534806094,166.0
2025/05/25 19:03:55.629136411,164.0
2025/05/25 19:03:55.730209049,162.0
2025/05/25 19:03:55.831263625,161.0
2025/05/25 19:03:55.932103423,161.0
2025/05/25 19:03:56.33140907,161.0
2025/05/25 19:03:56.135439172,161.0
2025/05/25 19:03:56.230963865,161.0
2025/05/25 19:03:56.334666123,161.0
2025/05/25 19:03:56.434025916,161.0
2025/05/25 19:03:56.535267525,161.0
2025/05/25 19:03:56.633715639,160.0
2025/05/25 19:03:56.736553906,160.0
2025/05/25 19:03:56.827688843,160.0
2025/05/25 19:03:56.929293428,160.0
2025/05/25 19:03:57.32198110,160.0
2025/05/25 19:03:57.130810025,160.0
2025/05/25 19:03:57.231945782,160.0
2025/05/25 19:03:57.333792550,160.0
2025/05/25 19:03:57.436808852,160.0
2025/05/25 19:03:57.531165818,160.0
2025/05/25 19:03:57.634946156,158.0
2025/05/25 19:03:57.727963266,158.0
2025/05/25 19:03:57.827551272,157.0
2025/05/25 19:03:57.929915297,157.0
2025/05/25 19:03:58.33906954,157.0
2025/05/25 19:03:58.133610960,157.0
2025/05/25 19:03:58.231695307,157.0
2025/05/25 19:03:58.332630207,157.0
2025/05/25 19:03:58.432705228,157.0
2025/05/25 19:03:58.534722597,157.0
2025/05/25 19:03:58.629351507,155.0
2025/05/25 19:03:58.730514597,154.0
2025/05/25 19:03:58.831447834,152.0
2025/05/25 19:03:58.935259318,151.0
2025/05/25 19:03:59.35833962,150.0
2025/05/25 19:03:59.129919786,149.0
2025/05/25 19:03:59.232707369,149.0
2025/05/25 19:03:59.333578737,149.0
2025/05/25 19:03:59.436576519,149.0
2025/05/25 19:03:59.529594937,149.0
2025/05/25 19:03:59.632272836,150.0
2025/05/25 19:03:59.735724331,150.0
2025/05/25 19:03:59.835460788,150.0
2025/05/25 19:03:59.935033035,150.0
2025/05/25 19:04:00.34255239,150.0
2025/05/25 19:04:00.134645110,150.0
2025/05/25 19:04:00.228165392,150.0
2025/05/25 19:04:00.328913003,150.0
2025/05/25 19:04:00.429557497,150.0
2025/05/25 19:04:00.532078772,150.0
2025/05/25 19:04:00.634756865,150.0
2025/05/25 19:04:00.734711437,151.0
2025/05/25 19:04:00.835691577,151.0
2025/05/25 19:04:00.928985756,151.0
2025/05/25 19:04:01.29541203,151.0
2025/05/25 19:04:01.130406513,151.0
2025/05/25 19:04:01.231017833,151.0
2025/05/25 19:04:01.335046579,151.0
2025/05/25 19:04:01.436008938,151.0
2025/05/25 19:04:01.532311634,151.0
2025/05/25 19:04:01.632436298,152.0
2025/05/25 19:04:01.732813151,153.0
2025/05/25 19:04:01.832740291,154.0
2025/05/25 19:04:01.935377420,155.0
2025/05/25 19:04:02.29949494,155.0
2025/05/25 19:04:02.135172215,155.0
2025/05/25 19:04:02.230251646,155.0
2025/05/25 19:04:02.335200031,155.0
2025/05/25 19:04:02.431090334,156.0
2025/05/25 19:04:02.535030265,156.0
2025/05/25 19:04:02.630320430,156.0
2025/05/25 19:04:02.733826675,157.0
2025/05/25 19:04:02.833577747,158.0
2025/05/25 19:04:02.935181468,158.0
2025/05/25 19:04:03.27870445,159.0
2025/05/25 19:04:03.131580284,159.0
2025/05/25 19:04:03.231721142,159.0
2025/05/25 19:04:03.332527081,159.0
2025/05/25 19:04:03.435468420,159.0
2025/05/25 19:04:03.537890229,160.0
2025/05/25 19:04:03.628090349,159.0
2025/05/25 19:04:03.736870211,159.0
2025/05/25 19:04:03.826946621,159.0
2025/05/25 19:04:03.929376239,159.0
2025/05/25 19:04:04.32419337,159.0
2025/05/25 19:04:04.133600668,159.0
2025/05/25 19:04:04.235402047,159.0
2025/05/25 19:04:04.337005813,159.0
2025/05/25 19:04:04.426885257,159.0
2025/05/25 19:04:04.529386534,159.0
2025/05/25 19:04:04.635438356,157.0
2025/05/25 19:04:04.735349881,156.0
2025/05/25 19:04:04.835229292,156.0
2025/05/25 19:04:04.939433966,155.0
2025/05/25 19:04:05.29405967,155.0
2025/05/25 19:04:05.133837525,155.0
2025/05/25 19:04:05.226763425,155.0
2025/05/25 19:04:05.327597810,155.0
2025/05/25 19:04:05.430140054,155.0
2025/05/25 19:04:05.534210882,155.0
2025/05/25 19:04:05.632812138,155.0
2025/05/25 19:04:05.735357274,155.0
2025/05/25 19:04:05.835915248,155.0
2025/05/25 19:04:05.929615511,155.0
2025/05/25 19:04:06.34692252,155.0
2025/05/25 19:04:06.137310623,155.0
2025/05/25 19:04:06.228709356,155.0
2025/05/25 19:04:06.333792460,155.0
2025/05/25 19:04:06.435016025,155.0
2025/05/25 19:04:06.527634791,155.0
2025/05/25 19:04:06.628747982,156.0
2025/05/25 19:04:06.731865803,156.0
2025/05/25 19:04:06.834774495,156.0
2025/05/25 19:04:06.936902493,156.0
2025/05/25 19:04:07.37541841,156.0
2025/05/25 19:04:07.127484672,156.0
2025/05/25 19:04:07.228668829,156.0
2025/05/25 19:04:07.331578008,156.0
2025/05/25 19:04:07.434896229,156.0
2025/05/25 19:04:07.536551910,156.0
2025/05/25 19:04:07.629574020,158.0
2025/05/25 19:04:07.731898112,158.0
2025/05/25 19:04:07.836623753,158.0
2025/05/25 19:04:07.927595968,158.0
2025/05/25 19:04:08.29186150,158.0
2025/05/25 19:04:08.139720579,158.0
2025/05/25 19:04:08.229689596,158.0
2025/05/25 19:04:08.330687107,158.0
2025/05/25 19:04:08.432485519,158.0
2025/05/25 19:04:08.533331254,158.0
2025/05/25 19:04:08.628310236,159.0
2025/05/25 19:04:08.731415089,159.0
2025/05/25 19:04:08.838039194,159.0
2025/05/25 19:04:08.937470670,159.0
2025/05/25 19:04:09.30762154,159.0
2025/05/25 19:04:09.131127906,159.0
2025/05/25 19:04:09.232989900,159.0
2025/05/25 19:04:09.335404007,159.0
2025/05/25 19:04:09.437044343,159.0
2025/05/25 19:04:09.526596672,159.0
2025/05/25 19:04:09.627990254,157.0
2025/05/25 19:04:09.732061879,156.0
2025/05/25 19:04:09.832617156,154.0
2025/05/25 19:04:09.935536351,154.0
2025/05/25 19:04:10.39760298,153.7135211024346
2025/05/25 19:04:10.129034001,153.0
2025/05/25 19:04:10.228677438,153.0
2025/05/25 19:04:10.333699826,153.0
2025/05/25 19:04:10.435877456,153.0
2025/05/25 19:04:10.526730744,153.0
2025/05/25 19:04:10.628464143,152.0
2025/05/25 19:04:10.731626975,151.0
2025/05/25 19:04:10.832499311,150.0
2025/05/25 19:04:10.936415064,150.0
2025/05/25 19:04:11.29178224,150.0
2025/05/25 19:04:11.130672163,150.0
2025/05/25 19:04:11.234660425,150.0
2025/05/25 19:04:11.336236150,150.0
2025/05/25 19:04:11.428091841,150.0
2025/05/25 19:04:11.530259223,150.0
2025/05/25 19:04:11.635633286,151.0
2025/05/25 19:04:11.727268964,153.0
2025/05/25 19:04:11.830144990,154.0
2025/05/25 19:04:11.933429494,154.0
2025/05/25 19:04:12.31625712,154.0
2025/05/25 19:04:12.132103551,155.0
2025/05/25 19:04:12.233891251,155.0
2025/05/25 19:04:12.336295395,155.0
2025/05/25 19:04:12.434527944,155.0
2025/05/25 19:04:12.529759834,155.0
2025/05/25 19:04:12.632214420,156.0
2025/05/25 19:04:12.732460267,157.0
2025/05/25 19:04:12.834318244,159.0
2025/05/25 19:04:12.937348025,160.0
2025/05/25 19:04:13.28046840,160.0
2025/05/25 19:04:13.131118920,161.0
2025/05/25 19:04:13.228252005,161.0
2025/05/25 19:04:13.328239070,161.0
2025/05/25 19:04:13.428873994,161.0
2025/05/25 19:04:13.531419298,162.0
2025/05/25 19:04:13.634006455,159.42168992191134
2025/05/25 19:04:13.735462721,158.0
2025/05/25 19:04:13.835126085,158.0
2025/05/25 19:04:13.933210058,158.0
2025/05/25 19:04:14.34341499,158.0
2025/05/25 19:04:14.135681076,158.0
2025/05/25 19:04:14.228716418,158.0
2025/05/25 19:04:14.330149983,158.0
2025/05/25 19:04:14.432111552,159.0
2025/05/25 19:04:14.532498057,159.0
2025/05/25 19:04:14.635463869,156.42168992191137
2025/05/25 19:04:14.729100496,155.0
2025/05/25 19:04:14.831524123,154.0
2025/05/25 19:04:14.932490911,152.0
2025/05/25 19:04:15.35602071,151.0
2025/05/25 19:04:15.131699986,149.0
2025/05/25 19:04:15.233940129,149.0
2025/05/25 19:04:15.326352892,149.0
2025/05/25 19:04:15.429381263,148.0
2025/05/25 19:04:15.532508225,148.0
2025/05/25 19:04:15.637139453,146.0
2025/05/25 19:04:15.735848252,145.0
2025/05/25 19:04:15.827014634,143.0
2025/05/25 19:04:15.930850638,142.0
2025/05/25 19:04:16.31818772,140.0
2025/05/25 19:04:16.135873684,140.0
2025/05/25 19:04:16.228850022,140.0
2025/05/25 19:04:16.332277684,140.0
2025/05/25 19:04:16.430995228,140.0
2025/05/25 19:04:16.529373972,140.0
2025/05/25 19:04:16.631130738,141.0
2025/05/25 19:04:16.733735031,142.0
2025/05/25 19:04:16.835349486,144.0
2025/05/25 19:04:16.927018835,145.0
2025/05/25 19:04:17.28199868,145.0
2025/05/25 19:04:17.130044666,146.0
2025/05/25 19:04:17.230991229,146.0
2025/05/25 19:04:17.334195909,146.0
2025/05/25 19:04:17.435202610,143.99464771704217
2025/05/25 19:04:17.526687243,142.0
2025/05/25 19:04:17.629113838,143.0
2025/05/25 19:04:17.731971007,144.0
2025/05/25 19:04:17.832677197,143.0
2025/05/25 19:04:17.935032284,143.0
2025/05/25 19:04:18.35867718,141.0
2025/05/25 19:04:18.136798067,140.0
2025/05/25 19:04:18.233984986,139.0
2025/05/25 19:04:18.335619943,137.28112661460756
2025/05/25 19:04:18.429203103,135.0
2025/05/25 19:04:18.531287553,133.0
2025/05/25 19:04:18.638357730,132.0
2025/05/25 19:04:18.730676832,131.0
2025/05/25 19:04:18.831607786,129.0
2025/05/25 19:04:18.934805002,126.42168992191134
2025/05/25 19:04:19.33604373,124.0
2025/05/25 19:04:19.129443256,123.00000000000001
2025/05/25 19:04:19.231785293,121.0
2025/05/25 19:04:19.334578171,119.99999999999999
2025/05/25 19:04:19.435007339,119.0
2025/05/25 19:04:19.527538693,117.0
2025/05/25 19:04:19.634664430,117.0
2025/05/25 19:04:19.730907251,115.28112661460757
2025/05/25 19:04:19.832918044,112.41633763895351
2025/05/25 19:04:19.933608155,110.0
2025/05/25 19:04:20.35826701,109.0
2025/05/25 19:04:20.136030711,108.0
2025/05/25 19:04:20.229994915,107.0
2025/05/25 19:04:20.330550979,107.0
2025/05/25 19:04:20.433046672,106.0
2025/05/25 19:04:20.533055680,105.00000000000001
2025/05/25 19:04:20.627914535,104.0
2025/05/25 19:04:20.729684003,103.0
2025/05/25 19:04:20.829737025,102.0
2025/05/25 19:04:20.932887121,102.0
2025/05/25 19:04:21.33879337,102.0
2025/05/25 19:04:21.130148541,101.0
2025/05/25 19:04:21.232115738,101.0
2025/05/25 19:04:21.336141086,101.0
2025/05/25 19:04:21.430054136,101.0
2025/05/25 19:04:21.531697031,101.0
2025/05/25 19:04:21.632848037,100.0
2025/05/25 19:04:21.735744427,99.0
2025/05/25 19:04:21.836617482,99.0
2025/05/25 19:04:21.930466992,99.0
2025/05/25 19:04:22.34671362,99.0
2025/05/25 19:04:22.134130071,99.0
2025/05/25 19:04:22.237788284,99.0
2025/05/25 19:04:22.333522068,99.0
2025/05/25 19:04:22.436797468,99.0
2025/05/25 19:04:22.526381691,99.0
2025/05/25 19:04:22.632854011,100.0
2025/05/25 19:04:22.731700019,100.0
2025/05/25 19:04:22.835389742,100.0
2025/05/25 19:04:22.936762579,100.0
2025/05/25 19:04:23.26527591,100.0
2025/05/25 19:04:23.128353207,100.0
2025/05/25 19:04:23.238699909,100.0
2025/05/25 19:04:23.336652276,100.0
2025/05/25 19:04:23.429671893,100.0
2025/05/25 19:04:23.530443638,101.0
2025/05/25 19:04:23.638378330,100.0
2025/05/25 19:04:23.729160636,101.0
2025/05/25 19:04:23.830439625,101.0
2025/05/25 19:04:23.935261366,101.0
2025/05/25 19:04:24.33281053,101.0
2025/05/25 19:04:24.135947734,101.0
2025/05/25 19:04:24.226382888,101.0
2025/05/25 19:04:24.334075153,102.0
2025/05/25 19:04:24.433852970,102.0
2025/05/25 19:04:24.532347651,102.0
2025/05/25 19:04:24.636405962,101.0
2025/05/25 19:04:24.727918885,101.0
2025/05/25 19:04:24.829672464,102.0
2025/05/25 19:04:24.934162433,102.0
2025/05/25 19:04:25.35982903,102.0
2025/05/25 19:04:25.138318854,102.0
2025/05/25 19:04:25.227485083,102.0
2025/05/25 19:04:25.329106100,102.0
2025/05/25 19:04:25.438002793,102.0
2025/05/25 19:04:25.527566908,102.0
2025/05/25 19:04:25.633017591,102.0
2025/05/25 19:04:25.731119345,102.0
2025/05/25 19:04:25.838062095,103.0
2025/05/25 19:04:25.929643997,103.0
2025/05/25 19:04:26.29340648,103.0
2025/05/25 19:04:26.131844740,103.0
2025/05/25 19:04:26.236588544,103.0
2025/05/25 19:04:26.328189491,103.0
2025/05/25 19:04:26.433381775,103.0
2025/05/25 19:04:26.534672696,103.0
2025/05/25 19:04:26.636165638,103.0
2025/05/25 19:04:26.728602222,104.0
2025/05/25 19:04:26.830672731,104.0
2025/05/25 19:04:26.936022337,105.00000000000001
2025/05/25 19:04:27.37588445,105.00000000000001
2025/05/25 19:04:27.127139908,105.00000000000001
2025/05/25 19:04:27.228249037,104.0
2025/05/25 19:04:27.331782700,104.0
2025/05/25 19:04:27.437956993,104.0
2025/05/25 19:04:27.537300182,104.0
2025/05/25 19:04:27.628088800,106.0
2025/05/25 19:04:27.735013602,106.0
2025/05/25 19:04:27.836013294,106.0
2025/05/25 19:04:27.929263943,106.0
2025/05/25 19:04:28.31833349,106.0
2025/05/25 19:04:28.131585896,106.0
2025/05/25 19:04:28.236488765,105.00000000000001
2025/05/25 19:04:28.327507452,105.00000000000001
2025/05/25 19:04:28.437282807,105.00000000000001
2025/05/25 19:04:28.528044651,105.00000000000001
2025/05/25 19:04:28.629260023,106.71887338539244
2025/05/25 19:04:28.735510928,106.0
2025/05/25 19:04:28.836199060,106.0
2025/05/25 19:04:28.927792758,106.0
2025/05/25 19:04:29.28649119,106.0
2025/05/25 19:04:29.130348653,106.0
2025/05/25 19:04:29.233855785,106.0
2025/05/25 19:04:29.339056774,106.0
2025/05/25 19:04:29.432720923,106.0
2025/05/25 19:04:29.528003542,105.00000000000001
2025/05/25 19:04:29.630246535,107.0
2025/05/25 19:04:29.732475809,107.0
2025/05/25 19:04:29.836742180,107.0
2025/05/25 19:04:29.928543652,107.0
2025/05/25 19:04:30.31169972,106.0
2025/05/25 19:04:30.130791909,106.0
2025/05/25 19:04:30.234233030,106.0
2025/05/25 19:04:30.335162399,106.0
2025/05/25 19:04:30.437004175,106.0
2025/05/25 19:04:30.526473470,106.0
2025/05/25 19:04:30.630576116,107.0
2025/05/25 19:04:30.732437859,107.0
2025/05/25 19:04:30.837135046,107.0
2025/05/25 19:04:30.932283182,107.0
2025/05/25 19:04:31.31512267,107.0
2025/05/25 19:04:31.131112765,107.0
2025/05/25 19:04:31.228466554,107.0
2025/05/25 19:04:31.331704844,106.0
2025/05/25 19:04:31.439632295,106.0
2025/05/25 19:04:31.527810616,106.0
2025/05/25 19:04:31.628847660,106.0
2025/05/25 19:04:31.736539958,106.0
2025/05/25 19:04:31.837149635,106.0
2025/05/25 19:04:31.928889016,106.0
2025/05/25 19:04:32.32507631,106.0
2025/05/25 19:04:32.133260814,106.0
2025/05/25 19:04:32.228971872,106.0
2025/05/25 19:04:32.329259687,106.0
2025/05/25 19:04:32.431529508,106.0
2025/05/25 19:04:32.535685071,106.0
2025/05/25 19:04:32.638174952,105.00000000000001
2025/05/25 19:04:32.728874177,105.00000000000001
2025/05/25 19:04:32.828565885,105.00000000000001
2025/05/25 19:04:32.932594775,105.00000000000001
2025/05/25 19:04:33.32307989,105.00000000000001
2025/05/25 19:04:33.134887355,105.00000000000001
2025/05/25 19:04:33.235223709,105.00000000000001
2025/05/25 19:04:33.336842133,105.00000000000001
2025/05/25 19:04:33.432589448,105.00000000000001
2025/05/25 19:04:33.535951002,105.00000000000001
2025/05/25 19:04:33.638845613,104.0
2025/05/25 19:04:33.728276846,104.0
2025/05/25 19:04:33.830663023,103.0
2025/05/25 19:04:33.932499894,103.0
2025/05/25 19:04:34.34627120,103.0
2025/05/25 19:04:34.135756868,103.0
2025/05/25 19:04:34.230746655,103.0
2025/05/25 19:04:34.333103265,103.0
2025/05/25 19:04:34.429188067,103.0
2025/05/25 19:04:34.528443384,103.0
2025/05/25 19:04:34.630135180,103.0
2025/05/25 19:04:34.731236654,102.0
2025/05/25 19:04:34.833848096,102.0
2025/05/25 19:04:34.933265906,102.0
2025/05/25 19:04:35.35109214,102.0
2025/05/25 19:04:35.129379643,102.0
2025/05/25 19:04:35.229318448,102.0
2025/05/25 19:04:35.331686201,102.0
2025/05/25 19:04:35.432132641,102.0
2025/05/25 19:04:35.534799169,102.0
2025/05/25 19:04:35.636939082,102.0
2025/05/25 19:04:35.727575786,102.0
2025/05/25 19:04:35.829163478,101.0
2025/05/25 19:04:35.931826943,101.0
2025/05/25 19:04:36.33617498,101.0
2025/05/25 19:04:36.136449434,101.0
2025/05/25 19:04:36.228028492,101.0
2025/05/25 19:04:36.330206991,101.0
2025/05/25 19:04:36.432134295,101.0
2025/05/25 19:04:36.532260122,101.0
2025/05/25 19:04:36.635252334,101.0
2025/05/25 19:04:36.736713047,101.0
2025/05/25 19:04:36.827996271,101.0
2025/05/25 19:04:36.929918185,100.0
2025/05/25 19:04:37.32322605,100.0
2025/05/25 19:04:37.134198508,100.0
2025/05/25 19:04:37.227077885,100.0
2025/05/25 19:04:37.329984130,100.0
2025/05/25 19:04:37.430584154,100.0
2025/05/25 19:04:37.528424034,100.0
2025/05/25 19:04:37.631357265,100.0
2025/05/25 19:04:37.733598351,99.0
2025/05/25 19:04:37.827171731,99.0
2025/05/25 19:04:37.930319236,99.0
2025/05/25 19:04:38.30809708,99.0
2025/05/25 19:04:38.133227063,98.0
2025/05/25 19:04:38.238135169,99.0
2025/05/25 19:04:38.327795802,99.0
2025/05/25 19:04:38.430000543,98.0
2025/05/25 19:04:38.530549536,99.0
2025/05/25 19:04:38.634098760,98.0
2025/05/25 19:04:38.735951913,98.0
2025/05/25 19:04:38.836774026,97.0
2025/05/25 19:04:38.929621966,97.0
2025/05/25 19:04:39.29027538,97.0
2025/05/25 19:04:39.132846560,96.00000000000001
2025/05/25 19:04:39.236320876,96.00000000000001
2025/05/25 19:04:39.339780637,96.00000000000001
2025/05/25 19:04:39.428070342,96.00000000000001
2025/05/25 19:04:39.532048933,96.00000000000001
2025/05/25 19:04:39.630457140,96.00000000000001
2025/05/25 19:04:39.737710607,95.0
2025/05/25 19:04:39.828401756,95.0
2025/05/25 19:04:39.929728381,95.0
2025/05/25 19:04:40.33374593,95.0
2025/05/25 19:04:40.128565467,95.0
2025/05/25 19:04:40.231561675,95.0
2025/05/25 19:04:40.336936211,95.0
2025/05/25 19:04:40.434829857,95.0
2025/05/25 19:04:40.529292487,95.0
2025/05/25 19:04:40.632886663,94.0
2025/05/25 19:04:40.732139675,94.0
2025/05/25 19:04:40.834891849,94.0
2025/05/25 19:04:40.947397272,94.0
2025/05/25 19:04:41.30637196,94.0
2025/05/25 19:04:41.132720372,94.0
2025/05/25 19:04:41.226392169,94.0
2025/05/25 19:04:41.331670266,94.0
2025/05/25 19:04:41.436375547,94.0
2025/05/25 19:04:41.537234786,94.0
2025/05/25 19:04:41.629809925,94.0
2025/05/25 19:04:41.732574541,94.0
2025/05/25 19:04:41.832497753,94.0
2025/05/25 19:04:41.933251348,94.0
2025/05/25 19:04:42.35092719,94.0
2025/05/25 19:04:42.136870000,94.0
2025/05/25 19:04:42.227675693,94.0
2025/05/25 19:04:42.339510702,93.0
2025/05/25 19:04:42.438410091,93.0
2025/05/25 19:04:42.528495840,93.0
2025/05/25 19:04:42.633681924,93.0
2025/05/25 19:04:42.734631806,93.0
2025/05/25 19:04:42.834486223,94.0
2025/05/25 19:04:42.936338393,94.0
2025/05/25 19:04:43.36199687,94.0
2025/05/25 19:04:43.130025214,93.0
2025/05/25 19:04:43.231519594,93.0
2025/05/25 19:04:43.333397784,93.0
2025/05/25 19:04:43.433076407,93.0
2025/05/25 19:04:43.526387957,93.0
2025/05/25 19:04:43.630109445,94.0
2025/05/25 19:04:43.735621578,94.0
2025/05/25 19:04:43.833578841,94.0
2025/05/25 19:04:43.937259604,94.0
2025/05/25 19:04:44.31207822,95.0
2025/05/25 19:04:44.132846158,95.0
2025/05/25 19:04:44.233414197,95.0
2025/05/25 19:04:44.335766737,95.0
2025/05/25 19:04:44.437588741,95.0
2025/05/25 19:04:44.528568968,95.0
2025/05/25 19:04:44.632938944,96.00000000000001
2025/05/25 19:04:44.735245014,97.0
2025/05/25 19:04:44.835837565,97.0
2025/05/25 19:04:44.928991114,97.0
2025/05/25 19:04:45.29310543,97.0
2025/05/25 19:04:45.132585264,97.0
2025/05/25 19:04:45.238993589,97.0
2025/05/25 19:04:45.334780643,97.0
2025/05/25 19:04:45.432165828,97.0
2025/05/25 19:04:45.536246302,97.0
2025/05/25 19:04:45.637161971,97.0
2025/05/25 19:04:45.726528710,97.0
2025/05/25 19:04:45.829268101,97.0
2025/05/25 19:04:45.932671006,97.0
2025/05/25 19:04:46.38265636,97.0
2025/05/25 19:04:46.128265855,97.0
2025/05/25 19:04:46.230295503,97.0
2025/05/25 19:04:46.333010661,97.0
2025/05/25 19:04:46.435492055,97.0
2025/05/25 19:04:46.535591179,97.0
2025/05/25 19:04:46.637194603,97.0
2025/05/25 19:04:46.727181944,97.0
2025/05/25 19:04:46.830511851,97.0
2025/05/25 19:04:46.935620407,97.0
2025/05/25 19:04:47.36705924,97.0
2025/05/25 19:04:47.127105802,97.0
2025/05/25 19:04:47.229321642,97.0
2025/05/25 19:04:47.332759683,97.0
2025/05/25 19:04:47.433975962,97.0
2025/05/25 19:04:47.538643216,97.0
2025/05/25 19:04:47.636772136,97.0
2025/05/25 19:04:47.728310612,96.00000000000001
2025/05/25 19:04:47.833590444,96.00000000000001
2025/05/25 19:04:47.935804838,96.00000000000001
2025/05/25 19:04:48.39905429,96.00000000000001
2025/05/25 19:04:48.128636179,96.00000000000001
2025/05/25 19:04:48.228558413,96.00000000000001
2025/05/25 19:04:48.332055422,96.00000000000001
2025/05/25 19:04:48.432895067,96.00000000000001
2025/05/25 19:04:48.534764668,96.00000000000001
2025/05/25 19:04:48.637745008,96.00000000000001
2025/05/25 19:04:48.728729360,95.0
2025/05/25 19:04:48.831635484,95.0
2025/05/25 19:04:48.938114922,95.0
2025/05/25 19:04:49.36280726,95.0
2025/05/25 19:04:49.134647595,95.0
2025/05/25 19:04:49.227927863,95.0
2025/05/25 19:04:49.329566055,95.0
2025/05/25 19:04:49.430180390,95.0
2025/05/25 19:04:49.532394096,95.0
2025/05/25 19:04:49.636900880,95.0
2025/05/25 19:04:49.738774645,95.0
2025/05/25 19:04:49.828851939,95.0
2025/05/25 19:04:49.929554088,95.0
2025/05/25 19:04:50.40870362,95.0
2025/05/25 19:04:50.128942921,95.0
2025/05/25 19:04:50.230042067,95.0
2025/05/25 19:04:50.336026992,95.0
2025/05/25 19:04:50.434381345,95.0
2025/05/25 19:04:50.536171228,95.0
2025/05/25 19:04:50.628360040,95.0
2025/05/25 19:04:50.729295795,94.0
2025/05/25 19:04:50.832194415,94.0
2025/05/25 19:04:50.937246392,94.0
2025/05/25 19:04:51.37072670,94.0
2025/05/25 19:04:51.128353647,94.0
2025/05/25 19:04:51.230995244,94.0
2025/05/25 19:04:51.331531236,94.0
2025/05/25 19:04:51.432279173,94.0
2025/05/25 19:04:51.535193011,94.0
2025/05/25 19:04:51.638813297,94.0
2025/05/25 19:04:51.728141616,94.0
2025/05/25 19:04:51.832388006,93.0
2025/05/25 19:04:51.938455913,93.0
2025/05/25 19:04:52.36833353,93.0
2025/05/25 19:04:52.136249374,93.0
2025/05/25 19:04:52.228947904,93.0
2025/05/25 19:04:52.334463969,93.0
2025/05/25 19:04:52.435276993,93.0
2025/05/25 19:04:52.536088536,93.0
2025/05/25 19:04:52.629831766,93.0
2025/05/25 19:04:52.732082194,93.0
2025/05/25 19:04:52.834495230,93.0
2025/05/25 19:04:52.936916708,93.0
2025/05/25 19:04:53.30954745,93.0
2025/05/25 19:04:53.132541817,93.0
2025/05/25 19:04:53.234705170,93.0
2025/05/25 19:04:53.337942918,93.0
2025/05/25 19:04:53.428319063,93.0
2025/05/25 19:04:53.530962129,93.0
2025/05/25 19:04:53.633212213,93.0
2025/05/25 19:04:53.726759171,93.0
2025/05/25 19:04:53.829816643,93.0
2025/05/25 19:04:53.931161076,93.0
2025/05/25 19:04:54.30464427,93.0
2025/05/25 19:04:54.129390528,93.0
2025/05/25 19:04:54.231450396,93.0
2025/05/25 19:04:54.332195375,93.0
2025/05/25 19:04:54.437780876,93.0
2025/05/25 19:04:54.527770743,93.0
2025/05/25 19:04:54.630700244,93.0
2025/05/25 19:04:54.732956272,93.0
2025/05/25 19:04:54.838001205,93.0
2025/05/25 19:04:54.928046283,93.0
2025/05/25 19:04:55.29366110,93.0
2025/05/25 19:04:55.136339996,93.0
2025/05/25 19:04:55.235263495,93.0
2025/05/25 19:04:55.328477666,93.0
2025/05/25 19:04:55.429248676,93.0
2025/05/25 19:04:55.530624513,93.0
2025/05/25 19:04:55.635548077,93.0
2025/05/25 19:04:55.736868212,93.0
2025/05/25 19:04:55.827717299,93.0
2025/05/25 19:04:55.929525065,93.0
2025/05/25 19:04:56.31833136,93.0
2025/05/25 19:04:56.132637355,93.0
2025/05/25 19:04:56.235547133,93.0
2025/05/25 19:04:56.329533723,93.0
2025/05/25 19:04:56.430276436,93.0
2025/05/25 19:04:56.534283875,93.0
2025/05/25 19:04:56.636328021,93.0
2025/05/25 19:04:56.736315176,93.0
2025/05/25 19:04:56.830921332,93.0
2025/05/25 19:04:56.937878433,93.0
2025/05/25 19:04:57.29239013,92.0
2025/05/25 19:04:57.130557688,93.0
2025/05/25 19:04:57.231445399,92.0
2025/05/25 19:04:57.332346238,93.0
2025/05/25 19:04:57.434854058,93.0
2025/05/25 19:04:57.527663845,92.0
2025/05/25 19:04:57.635485819,92.0
2025/05/25 19:04:57.732586474,92.0
2025/05/25 19:04:57.832250044,92.0
2025/05/25 19:04:57.936894811,92.0
2025/05/25 19:04:58.36316408,92.0
2025/05/25 19:04:58.127496689,92.0
2025/05/25 19:04:58.231865900,92.0
2025/05/25 19:04:58.334138342,92.0
2025/05/25 19:04:58.435380284,92.0
2025/05/25 19:04:58.537371983,92.0
2025/05/25 19:04:58.634191490,92.0
2025/05/25 19:04:58.736714651,92.0
2025/05/25 19:04:58.832131646,92.0
2025/05/25 19:04:58.934816237,92.0
2025/05/25 19:04:59.34762343,92.0
2025/05/25 19:04:59.128890918,92.0
2025/05/25 19:04:59.231781913,93.0
2025/05/25 19:04:59.335449896,93.0
2025/05/25 19:04:59.435022812,93.0
2025/05/25 19:04:59.529139003,93.0
2025/05/25 19:04:59.636728461,93.0
2025/05/25 19:04:59.732154733,93.0
2025/05/25 19:04:59.842770700,93.0
2025/05/25 19:04:59.927669828,93.0
2025/05/25 19:05:00.29597128,93.0
2025/05/25 19:05:00.130129300,93.0
2025/05/25 19:05:00.233251528,93.0
2025/05/25 19:05:00.336212677,93.0
2025/05/25 19:05:00.435463320,93.0
2025/05/25 19:05:00.529372494,93.0
2025/05/25 19:05:00.633231157,93.0
2025/05/25 19:05:00.733770547,93.0
2025/05/25 19:05:00.835653630,94.0
2025/05/25 19:05:00.928976418,94.0
2025/05/25 19:05:01.28904336,94.0
2025/05/25 19:05:01.130175490,94.0
2025/05/25 19:05:01.231101123,94.0
2025/05/25 19:05:01.336188335,94.0
2025/05/25 19:05:01.439011628,94.0
2025/05/25 19:05:01.531373156,94.0
2025/05/25 19:05:01.633051275,94.0
2025/05/25 19:05:01.732180094,94.0
2025/05/25 19:05:01.834277090,94.0
2025/05/25 19:05:01.936541791,94.0
2025/05/25 19:05:02.29568281,94.0
2025/05/25 19:05:02.130122645,94.0
2025/05/25 19:05:02.231429102,94.0
2025/05/25 19:05:02.333121372,94.0
2025/05/25 19:05:02.434737795,94.0
2025/05/25 19:05:02.537264658,94.0
2025/05/25 19:05:02.630319764,94.0
2025/05/25 19:05:02.732042402,94.0
2025/05/25 19:05:02.836601619,94.0
2025/05/25 19:05:02.936920318,94.0
2025/05/25 19:05:03.37374831,94.0
2025/05/25 19:05:03.129691846,94.0
2025/05/25 19:05:03.233387576,94.0
2025/05/25 19:05:03.334422383,94.0
2025/05/25 19:05:03.434456924,94.0
2025/05/25 19:05:03.535261172,94.0
2025/05/25 19:05:03.630755236,94.0
2025/05/25 19:05:03.731632086,94.0
2025/05/25 19:05:03.835838521,94.0
2025/05/25 19:05:03.936613802,94.0
2025/05/25 19:05:04.27449694,94.0
2025/05/25 19:05:04.135246738,94.0
2025/05/25 19:05:04.238530740,94.0
2025/05/25 19:05:04.326522613,94.0
2025/05/25 19:05:04.429756489,94.0
2025/05/25 19:05:04.534254545,95.0
2025/05/25 19:05:04.635698592,95.0
2025/05/25 19:05:04.736575855,95.0
2025/05/25 19:05:04.830115611,95.0
2025/05/25 19:05:04.933214389,95.0
2025/05/25 19:05:05.33285931,95.0
2025/05/25 19:05:05.134985416,94.0
2025/05/25 19:05:05.236396376,94.0
2025/05/25 19:05:05.331007895,94.0
2025/05/25 19:05:05.432647410,94.0
2025/05/25 19:05:05.535261604,94.0
2025/05/25 19:05:05.626528869,95.0
2025/05/25 19:05:05.735673711,95.0
2025/05/25 19:05:05.836943068,95.0
2025/05/25 19:05:05.928016513,95.0
2025/05/25 19:05:06.31388176,95.0
2025/05/25 19:05:06.134795816,94.0
2025/05/25 19:05:06.236852072,94.0
2025/05/25 19:05:06.334130694,94.0
2025/05/25 19:05:06.433969656,94.0
2025/05/25 19:05:06.537027102,94.0
2025/05/25 19:05:06.628905778,94.0
2025/05/25 19:05:06.729165048,94.0
2025/05/25 19:05:06.833006820,94.0
2025/05/25 19:05:06.933330563,94.0
2025/05/25 19:05:07.27264225,94.0
2025/05/25 19:05:07.134298093,94.0
2025/05/25 19:05:07.236400874,94.0
2025/05/25 19:05:07.335564174,94.0
2025/05/25 19:05:07.430443940,94.0
2025/05/25 19:05:07.539445702,94.0
2025/05/25 19:05:07.631622361,94.0
2025/05/25 19:05:07.728567903,94.0
2025/05/25 19:05:07.832287554,94.0
2025/05/25 19:05:07.938476840,96.57831007808865
2025/05/25 19:05:08.29695154,96.00000000000001
2025/05/25 19:05:08.131912357,96.00000000000001
2025/05/25 19:05:08.237022236,96.00000000000001
2025/05/25 19:05:08.336231131,96.00000000000001
2025/05/25 19:05:08.428315631,96.00000000000001
2025/05/25 19:05:08.531291650,96.00000000000001
2025/05/25 19:05:08.636258236,95.0
2025/05/25 19:05:08.728160946,95.0
2025/05/25 19:05:08.833418813,95.0
2025/05/25 19:05:08.935714192,95.0
2025/05/25 19:05:09.29985293,95.0
2025/05/25 19:05:09.129995123,95.0
2025/05/25 19:05:09.228902907,96.00000000000001
2025/05/25 19:05:09.335613208,96.00000000000001
2025/05/25 19:05:09.436414750,96.00000000000001
2025/05/25 19:05:09.537494634,96.00000000000001
2025/05/25 19:05:09.628547106,96.00000000000001
2025/05/25 19:05:09.730836551,96.00000000000001
2025/05/25 19:05:09.836592838,97.0
2025/05/25 19:05:09.934422707,97.0
2025/05/25 19:05:10.32624021,97.0
2025/05/25 19:05:10.134517865,97.0
2025/05/25 19:05:10.238897553,97.0
2025/05/25 19:05:10.328950557,97.0
2025/05/25 19:05:10.429018030,97.0
2025/05/25 19:05:10.532622539,97.0
2025/05/25 19:05:10.638329676,97.0
2025/05/25 19:05:10.740058205,97.0
2025/05/25 19:05:10.827095541,98.0
2025/05/25 19:05:10.931345135,98.0
2025/05/25 19:05:11.33608878,98.0
2025/05/25 19:05:11.138118723,98.0
2025/05/25 19:05:11.238462182,98.0
2025/05/25 19:05:11.328729919,98.0
2025/05/25 19:05:11.431966137,98.0
2025/05/25 19:05:11.532604611,99.0
2025/05/25 19:05:11.627617796,99.0
2025/05/25 19:05:11.728807896,99.0
2025/05/25 19:05:11.830792310,100.0
2025/05/25 19:05:11.936103728,100.0
2025/05/25 19:05:12.26893227,102.29183118052325
2025/05/25 19:05:12.130181791,105.4430990537427
2025/05/25 19:05:12.232969478,108.30788802939676
2025/05/25 19:05:12.335172064,110.0
2025/05/25 19:05:12.439521465,110.0
2025/05/25 19:05:12.542953973,110.0
2025/05/25 19:05:12.632778469,109.0
2025/05/25 19:05:12.734418586,108.0
2025/05/25 19:05:12.836894635,108.0
2025/05/25 19:05:12.931329522,107.0
2025/05/25 19:05:13.33625087,106.0
2025/05/25 19:05:13.134904265,105.00000000000001
2025/05/25 19:05:13.229638948,105.00000000000001
2025/05/25 19:05:13.331598562,104.0
2025/05/25 19:05:13.433811084,104.0
2025/05/25 19:05:13.532579522,103.0
2025/05/25 19:05:13.634415941,103.0
2025/05/25 19:05:13.727883376,102.0
2025/05/25 19:05:13.832500828,102.0
2025/05/25 19:05:13.933690206,101.0
2025/05/25 19:05:14.34281136,101.0
2025/05/25 19:05:14.135667116,102.0
2025/05/25 19:05:14.226774799,102.0
2025/05/25 19:05:14.330604344,102.0
2025/05/25 19:05:14.431382910,102.0
2025/05/25 19:05:14.533666678,101.0
2025/05/25 19:05:14.634986887,101.0
2025/05/25 19:05:14.732417564,100.0
2025/05/25 19:05:14.832485031,100.0
2025/05/25 19:05:14.934947348,100.0
2025/05/25 19:05:15.27471124,100.0
2025/05/25 19:05:15.129160386,100.0
2025/05/25 19:05:15.230002552,101.0
2025/05/25 19:05:15.332537201,102.0
2025/05/25 19:05:15.433841421,102.0
2025/05/25 19:05:15.535438847,103.0
2025/05/25 19:05:15.628579937,103.0
2025/05/25 19:05:15.729800655,103.0
2025/05/25 19:05:15.834669812,103.0
2025/05/25 19:05:15.935843166,103.0
2025/05/25 19:05:16.29409324,103.0
2025/05/25 19:05:16.131322684,103.0
2025/05/25 19:05:16.234691599,104.0
2025/05/25 19:05:16.336192326,105.00000000000001
2025/05/25 19:05:16.429395338,106.0
2025/05/25 19:05:16.531271633,107.0
2025/05/25 19:05:16.633269426,108.0
2025/05/25 19:05:16.737133214,109.0
2025/05/25 19:05:16.828244360,109.0
2025/05/25 19:05:16.934750005,110.0
2025/05/25 19:05:17.35646596,112.0
2025/05/25 19:05:17.135367639,110.0
2025/05/25 19:05:17.236546194,108.0
2025/05/25 19:05:17.329321086,106.0
2025/05/25 19:05:17.433425965,106.0
2025/05/25 19:05:17.536427678,105.00000000000001
2025/05/25 19:05:17.627019288,104.0
2025/05/25 19:05:17.732285279,104.0
2025/05/25 19:05:17.836449788,104.0
2025/05/25 19:05:17.927641348,103.0
2025/05/25 19:05:18.30106868,102.0
2025/05/25 19:05:18.129947985,102.0
2025/05/25 19:05:18.231463866,101.0
2025/05/25 19:05:18.335044316,101.0
2025/05/25 19:05:18.427123538,101.0
2025/05/25 19:05:18.529720077,100.0
2025/05/25 19:05:18.629936068,100.0
2025/05/25 19:05:18.731935904,100.0
2025/05/25 19:05:18.838996390,100.0
2025/05/25 19:05:18.934037200,100.0
2025/05/25 19:05:19.32456152,100.0
2025/05/25 19:05:19.134085833,101.0
2025/05/25 19:05:19.235630485,102.0
2025/05/25 19:05:19.332030471,102.0
2025/05/25 19:05:19.429335261,102.0
2025/05/25 19:05:19.532931569,102.0
2025/05/25 19:05:19.633814436,102.0
2025/05/25 19:05:19.735603962,102.0
2025/05/25 19:05:19.835971045,102.0
2025/05/25 19:05:19.931643552,102.0
2025/05/25 19:05:20.30484172,102.0
2025/05/25 19:05:20.131933840,103.0
2025/05/25 19:05:20.234177840,105.00000000000001
2025/05/25 19:05:20.336854365,107.57831007808866
2025/05/25 19:05:20.437419280,108.0
2025/05/25 19:05:20.530027981,109.0
2025/05/25 19:05:20.631851883,109.0
2025/05/25 19:05:20.735125492,109.0
2025/05/25 19:05:20.829839240,109.0
2025/05/25 19:05:20.931527150,109.0
2025/05/25 19:05:21.33476560,109.0
2025/05/25 19:05:21.134867283,110.0
2025/05/25 19:05:21.237537973,111.0
2025/05/25 19:05:21.330714070,111.0
2025/05/25 19:05:21.432033862,111.0
2025/05/25 19:05:21.534922089,111.0
2025/05/25 19:05:21.636579436,111.0
2025/05/25 19:05:21.731074297,110.0
2025/05/25 19:05:21.833793401,111.0
2025/05/25 19:05:21.934190056,111.0
2025/05/25 19:05:22.34599299,110.0
2025/05/25 19:05:22.137034763,110.0
2025/05/25 19:05:22.233713636,110.0
2025/05/25 19:05:22.331429310,109.0
2025/05/25 19:05:22.432964280,109.0
2025/05/25 19:05:22.526855687,109.0
2025/05/25 19:05:22.633494288,109.0
2025/05/25 19:05:22.730702212,109.0
2025/05/25 19:05:22.834607500,109.0
2025/05/25 19:05:22.934406937,109.0
2025/05/25 19:05:23.35592434,110.0
2025/05/25 19:05:23.127923980,110.0
2025/05/25 19:05:23.230923235,109.0
2025/05/25 19:05:23.332466097,109.0
2025/05/25 19:05:23.433669323,109.0
2025/05/25 19:05:23.543350098,109.0
2025/05/25 19:05:23.630046991,109.0
2025/05/25 19:05:23.732446811,109.0
2025/05/25 19:05:23.835778503,109.0
2025/05/25 19:05:23.937052489,109.0
2025/05/25 19:05:24.32306757,111.0
2025/05/25 19:05:24.137029004,112.0
2025/05/25 19:05:24.226016406,113.0
2025/05/25 19:05:24.328918805,112.0
2025/05/25 19:05:24.431319754,112.0
2025/05/25 19:05:24.537966328,113.0
2025/05/25 19:05:24.626508670,112.0
2025/05/25 19:05:24.731784433,113.0
2025/05/25 19:05:24.832453213,112.0
2025/05/25 19:05:24.933970563,112.0
2025/05/25 19:05:25.31399479,113.0
2025/05/25 19:05:25.130989840,113.0
2025/05/25 19:05:25.235387050,113.0
2025/05/25 19:05:25.335399214,112.0
2025/05/25 19:05:25.427807466,113.0
2025/05/25 19:05:25.532427395,112.0
2025/05/25 19:05:25.638175360,112.0
2025/05/25 19:05:25.729880469,112.0
2025/05/25 19:05:25.832335688,112.0
2025/05/25 19:05:25.934055604,112.0
2025/05/25 19:05:26.36525081,112.0
2025/05/25 19:05:26.129232124,112.0
2025/05/25 19:05:26.236355370,112.0
2025/05/25 19:05:26.338207283,111.0
2025/05/25 19:05:26.432657070,111.0
2025/05/25 19:05:26.536364465,111.0
2025/05/25 19:05:26.639524138,111.0
2025/05/25 19:05:26.729891491,111.0
2025/05/25 19:05:26.831089705,111.0
2025/05/25 19:05:26.935573824,111.0
2025/05/25 19:05:27.36161500,112.0
2025/05/25 19:05:27.128467500,112.0
2025/05/25 19:05:27.229415436,113.0
2025/05/25 19:05:27.336234112,113.0
2025/05/25 19:05:27.435088207,113.0
2025/05/25 19:05:27.530228235,113.0
2025/05/25 19:05:27.631900128,112.0
2025/05/25 19:05:27.733468868,112.0
2025/05/25 19:05:27.837023331,112.0
2025/05/25 19:05:27.937164292,112.0
2025/05/25 19:05:28.36014880,113.0
2025/05/25 19:05:28.135818782,115.0
2025/05/25 19:05:28.229146731,114.00000000000001
2025/05/25 19:05:28.335644484,114.00000000000001
2025/05/25 19:05:28.437808570,114.00000000000001
2025/05/25 19:05:28.528507016,115.0
2025/05/25 19:05:28.629133180,114.00000000000001
2025/05/25 19:05:28.732750234,114.00000000000001
2025/05/25 19:05:28.837943994,114.00000000000001
2025/05/25 19:05:28.940929788,114.00000000000001
2025/05/25 19:05:29.27991234,114.00000000000001
2025/05/25 19:05:29.130944936,114.00000000000001
2025/05/25 19:05:29.232351868,114.00000000000001
2025/05/25 19:05:29.339100920,114.00000000000001
2025/05/25 19:05:29.429714929,114.00000000000001
2025/05/25 19:05:29.532932969,114.00000000000001
2025/05/25 19:05:29.636625929,114.00000000000001
2025/05/25 19:05:29.738242182,114.00000000000001
