time,data
2025/05/21 13:11:46.390163555,-3.88251303889589e-21
2025/05/21 13:11:46.494641111,-3.88251303889589e-21
2025/05/21 13:11:46.592613450,-3.88251303889589e-21
2025/05/21 13:11:46.693850601,1.7188733853924698
2025/05/21 13:11:46.795790555,4.583662361046586
2025/05/21 13:11:46.895469941,7.448451336700704
2025/05/21 13:11:46.999272503,10.313240312354823
2025/05/21 13:11:47.88742453,13.178029288008942
2025/05/21 13:11:47.189436640,16.042818263663058
2025/05/21 13:11:47.293096628,18.907607239317176
2025/05/21 13:11:47.393265752,21.772396214971295
2025/05/21 13:11:47.494549560,24.637185190625413
2025/05/21 13:11:47.595786995,22.918311805232943
2025/05/21 13:11:47.696595951,20.053522829578824
2025/05/21 13:11:47.798347074,17.188733853924706
2025/05/21 13:11:47.887794028,14.323944878270588
2025/05/21 13:11:47.990389326,11.459155902616468
2025/05/21 13:11:48.91741527,8.59436692696235
2025/05/21 13:11:48.192270202,5.729577951308231
2025/05/21 13:11:48.292834047,2.8647889756541134
2025/05/21 13:11:48.395700641,-2.4848083448933726e-15
2025/05/21 13:11:48.491000987,-2.8647889756541183
2025/05/21 13:11:48.589914958,-5.729577951308236
2025/05/21 13:11:48.691160759,-8.594366926962355
2025/05/21 13:11:48.792279016,-11.459155902616473
2025/05/21 13:11:48.893817406,-14.32394487827059
2025/05/21 13:11:48.994660163,-17.18873385392471
2025/05/21 13:11:49.94819739,-20.053522829578828
2025/05/21 13:11:49.196610665,-22.918311805232946
2025/05/21 13:11:49.287933065,-25.783100780887064
2025/05/21 13:11:49.389143692,-28.64788975654118
2025/05/21 13:11:49.491631556,-31.512678732195297
2025/05/21 13:11:49.590416556,-34.37746770784942
2025/05/21 13:11:49.691639180,-37.242256683503534
2025/05/21 13:11:49.793003717,-40.107045659157656
2025/05/21 13:11:49.893791915,-42.97183463481177
2025/05/21 13:11:49.994513058,-45.83662361046589
2025/05/21 13:11:50.96133937,-48.701412586120014
2025/05/21 13:11:50.196944017,-51.56620156177413
2025/05/21 13:11:50.289190115,-54.71746943499366
2025/05/21 13:11:50.393209096,-57.29577951308236
2025/05/21 13:11:50.492950462,-60.160568488736416
2025/05/21 13:11:50.595039300,-63.025357464390474
2025/05/21 13:11:50.695994674,-65.89014644004453
2025/05/21 13:11:50.797607418,-68.75493541569858
2025/05/21 13:11:50.897192122,-71.61972439135263
2025/05/21 13:11:50.988755281,-74.4845133670067
2025/05/21 13:11:51.90132030,-77.34930234266075
2025/05/21 13:11:51.192131818,-80.2140913183148
2025/05/21 13:11:51.291889238,-83.36535919153427
2025/05/21 13:11:51.393430574,-85.94366926962292
2025/05/21 13:11:51.494952121,-88.0
2025/05/21 13:11:51.597467291,-88.0
2025/05/21 13:11:51.696999328,-88.0
2025/05/21 13:11:51.791414528,-88.0
2025/05/21 13:11:51.891045423,-85.42168992191135
2025/05/21 13:11:51.991336299,-82.55690094625729
2025/05/21 13:11:52.93646808,-79.69211197060324
2025/05/21 13:11:52.193645638,-76.82732299494918
2025/05/21 13:11:52.295769400,-73.96253401929512
2025/05/21 13:11:52.396548994,-71.09774504364107
2025/05/21 13:11:52.497850849,-72.81661842903351
2025/05/21 13:11:52.589533017,-70.81126614607567
2025/05/21 13:11:52.692926388,-68.23295606798702
2025/05/21 13:11:52.793362165,-65.36816709233297
2025/05/21 13:11:52.894742482,-62.50337811667891
2025/05/21 13:11:52.994630550,-59.63858914102485
2025/05/21 13:11:53.96436148,-56.77380016537079
2025/05/21 13:11:53.198120345,-53.909011189716665
2025/05/21 13:11:53.300982056,-51.04422221406254
2025/05/21 13:11:53.390550037,-47.89295434084302
2025/05/21 13:11:53.490417587,-45.31464426275431
2025/05/21 13:11:53.592326519,-42.44985528710019
2025/05/21 13:11:53.695044835,-39.58506631144607
2025/05/21 13:11:53.795362719,-36.720277335791955
2025/05/21 13:11:53.894712863,-33.855488360137834
2025/05/21 13:11:53.995075620,-30.990699384483715
2025/05/21 13:11:54.97100407,-28.125910408829597
2025/05/21 13:11:54.198583370,-25.26112143317548
2025/05/21 13:11:54.289191479,-22.39633245752136
2025/05/21 13:11:54.391227007,-19.531543481867242
2025/05/21 13:11:54.490936090,-16.66675450621312
2025/05/21 13:11:54.592435286,-13.801965530559004
2025/05/21 13:11:54.693920384,-10.937176554904886
2025/05/21 13:11:54.794279515,-8.072387579250766
2025/05/21 13:11:54.898083345,-5.207598603596647
2025/05/21 13:11:54.996295959,-2.342809627942531
2025/05/21 13:11:55.97202092,0.5219793477115856
2025/05/21 13:11:55.190462334,3.3867683233657013
2025/05/21 13:11:55.292236829,6.25155729901982
2025/05/21 13:11:55.392712004,8.0
2025/05/21 13:11:55.493072537,8.0
2025/05/21 13:11:55.594044727,8.0
2025/05/21 13:11:55.694431861,8.0
2025/05/21 13:11:55.798668378,9.0
2025/05/21 13:11:55.896943764,9.0
2025/05/21 13:11:55.990129079,9.0
2025/05/21 13:11:56.92058507,9.0
2025/05/21 13:11:56.191975351,9.0
2025/05/21 13:11:56.291494099,9.0
2025/05/21 13:11:56.392694005,9.0
2025/05/21 13:11:56.492715404,8.0
2025/05/21 13:11:56.594429858,8.0
2025/05/21 13:11:56.694228875,8.0
2025/05/21 13:11:56.795356102,7.0
2025/05/21 13:11:56.897912965,7.0
2025/05/21 13:11:56.997689639,7.0
2025/05/21 13:11:57.89682218,7.0
2025/05/21 13:11:57.190599243,7.0
2025/05/21 13:11:57.291718389,7.0
2025/05/21 13:11:57.393932170,7.0
2025/05/21 13:11:57.493298858,7.0
2025/05/21 13:11:57.592844296,7.0
2025/05/21 13:11:57.693542873,6.000000000000001
2025/05/21 13:11:57.796014090,6.000000000000001
2025/05/21 13:11:57.895991515,8.291831180523296
2025/05/21 13:11:57.997587675,11.156620156177414
2025/05/21 13:11:58.98006103,14.021409131831533
2025/05/21 13:11:58.188202085,16.88619810748565
2025/05/21 13:11:58.290991030,17.0
2025/05/21 13:11:58.391801917,17.0
2025/05/21 13:11:58.491437240,17.0
2025/05/21 13:11:58.591961330,17.0
2025/05/21 13:11:58.692982215,17.0
2025/05/21 13:11:58.794276244,14.708168819476708
2025/05/21 13:11:58.896908959,11.843379843822587
2025/05/21 13:11:58.996980006,8.97859086816847
2025/05/21 13:11:59.98060694,6.113801892514351
2025/05/21 13:11:59.198617362,3.2490129168602326
2025/05/21 13:11:59.290418787,3.0000000000000004
2025/05/21 13:11:59.389790935,3.0000000000000004
2025/05/21 13:11:59.491075299,3.0000000000000004
2025/05/21 13:11:59.591280981,3.0000000000000004
2025/05/21 13:11:59.692160939,3.0000000000000004
2025/05/21 13:11:59.793729488,5.291831180523294
2025/05/21 13:11:59.896073462,8.156620156177413
2025/05/21 13:11:59.995717049,11.021409131831533
2025/05/21 13:12:00.97741985,13.0
2025/05/21 13:12:00.197584244,13.0
2025/05/21 13:12:00.289853255,13.0
2025/05/21 13:12:00.392212744,13.0
2025/05/21 13:12:00.489732435,13.0
2025/05/21 13:12:00.594115716,13.0
2025/05/21 13:12:00.693082473,13.0
2025/05/21 13:12:00.792903497,13.0
2025/05/21 13:12:00.894925558,15.291831180523294
2025/05/21 13:12:00.995030329,16.0
2025/05/21 13:12:01.99138325,16.0
2025/05/21 13:12:01.197958398,16.0
2025/05/21 13:12:01.296740848,16.0
2025/05/21 13:12:01.388703717,14.999999999999998
2025/05/21 13:12:01.488435932,14.999999999999998
2025/05/21 13:12:01.589403400,14.999999999999998
2025/05/21 13:12:01.691616880,14.999999999999998
2025/05/21 13:12:01.791365804,14.999999999999998
2025/05/21 13:12:01.891993337,12.708168819476704
2025/05/21 13:12:01.992793475,9.843379843822586
2025/05/21 13:12:02.93975667,6.9785908681684665
2025/05/21 13:12:02.195726773,4.113801892514348
2025/05/21 13:12:02.295570442,3.0000000000000004
2025/05/21 13:12:02.396517744,4.0
2025/05/21 13:12:02.497436348,4.0
2025/05/21 13:12:02.588244486,4.0
2025/05/21 13:12:02.688792337,4.0
2025/05/21 13:12:02.789866904,4.0
2025/05/21 13:12:02.890724637,1.7081688194767077
2025/05/21 13:12:02.991836264,3.0000000000000004
2025/05/21 13:12:03.92334064,3.0000000000000004
2025/05/21 13:12:03.193218691,3.0000000000000004
2025/05/21 13:12:03.294322108,3.0000000000000004
2025/05/21 13:12:03.394946666,3.0000000000000004
2025/05/21 13:12:03.496123122,3.0000000000000004
2025/05/21 13:12:03.600935542,3.0000000000000004
2025/05/21 13:12:03.689723637,3.0000000000000004
2025/05/21 13:12:03.789732298,3.0000000000000004
2025/05/21 13:12:03.890669323,3.0000000000000004
2025/05/21 13:12:03.992247766,3.0000000000000004
2025/05/21 13:12:04.92869550,3.0000000000000004
2025/05/21 13:12:04.193466590,3.0000000000000004
2025/05/21 13:12:04.294545017,3.0000000000000004
2025/05/21 13:12:04.395340782,3.0000000000000004
2025/05/21 13:12:04.496523174,3.0000000000000004
2025/05/21 13:12:04.597089693,4.0
2025/05/21 13:12:04.688746727,4.0
2025/05/21 13:12:04.789221704,6.578310078088707
2025/05/21 13:12:04.889656185,9.443099053742825
2025/05/21 13:12:04.990422343,10.0
2025/05/21 13:12:05.92127395,10.0
2025/05/21 13:12:05.191909663,10.0
2025/05/21 13:12:05.293309833,10.0
2025/05/21 13:12:05.393828006,10.0
2025/05/21 13:12:05.495185527,10.0
2025/05/21 13:12:05.595910132,10.0
2025/05/21 13:12:05.697022977,10.0
2025/05/21 13:12:05.789466719,10.0
2025/05/21 13:12:05.888688930,7.421689921911293
2025/05/21 13:12:05.989950688,7.0
2025/05/21 13:12:06.90582191,7.0
2025/05/21 13:12:06.191600670,7.0
2025/05/21 13:12:06.292435986,7.0
2025/05/21 13:12:06.393571792,7.0
2025/05/21 13:12:06.494384777,7.0
2025/05/21 13:12:06.595117222,7.0
2025/05/21 13:12:06.696933531,7.0
2025/05/21 13:12:06.797422100,7.0
2025/05/21 13:12:06.887981587,7.0
2025/05/21 13:12:06.989123885,7.0
2025/05/21 13:12:07.90050134,7.0
2025/05/21 13:12:07.190855599,7.0
2025/05/21 13:12:07.291408050,7.0
2025/05/21 13:12:07.392282680,7.0
2025/05/21 13:12:07.492972454,7.0
2025/05/21 13:12:07.594870128,7.0
2025/05/21 13:12:07.697547567,7.0
2025/05/21 13:12:07.795803067,4.135211024345882
2025/05/21 13:12:07.897227397,4.0
2025/05/21 13:12:07.988518709,4.0
2025/05/21 13:12:08.90342094,4.0
2025/05/21 13:12:08.189599519,4.0
2025/05/21 13:12:08.290462797,4.0
2025/05/21 13:12:08.391622920,4.0
2025/05/21 13:12:08.492143197,4.0
2025/05/21 13:12:08.593910520,4.0
2025/05/21 13:12:08.697100919,4.572957795130824
2025/05/21 13:12:08.795646202,6.000000000000001
2025/05/21 13:12:08.896500496,6.000000000000001
2025/05/21 13:12:08.988634237,6.000000000000001
2025/05/21 13:12:09.93473305,6.000000000000001
2025/05/21 13:12:09.192407209,6.000000000000001
2025/05/21 13:12:09.294107869,6.000000000000001
2025/05/21 13:12:09.394638774,6.000000000000001
2025/05/21 13:12:09.494656634,6.000000000000001
2025/05/21 13:12:09.595772857,6.000000000000001
2025/05/21 13:12:09.696721375,5.427042204869177
2025/05/21 13:12:09.788934873,4.0
2025/05/21 13:12:09.888978145,4.0
2025/05/21 13:12:09.990646940,4.0
2025/05/21 13:12:10.90945515,4.572957795130824
2025/05/21 13:12:10.191542217,5.0
2025/05/21 13:12:10.293384776,5.0
2025/05/21 13:12:10.394446492,5.0
2025/05/21 13:12:10.494920313,5.0
2025/05/21 13:12:10.597024575,5.0
2025/05/21 13:12:10.697519820,4.427042204869176
2025/05/21 13:12:10.797709992,4.0
2025/05/21 13:12:10.889209550,4.0
2025/05/21 13:12:10.989015263,4.0
2025/05/21 13:12:11.90586537,4.0
2025/05/21 13:12:11.191482688,4.0
2025/05/21 13:12:11.292250039,4.0
2025/05/21 13:12:11.393015093,4.0
2025/05/21 13:12:11.493747038,4.0
2025/05/21 13:12:11.595221905,4.0
2025/05/21 13:12:11.696380243,4.572957795130824
2025/05/21 13:12:11.797784116,7.0
2025/05/21 13:12:11.888837881,7.0
2025/05/21 13:12:11.989359530,7.0
2025/05/21 13:12:12.90555171,7.0
2025/05/21 13:12:12.189817664,7.0
2025/05/21 13:12:12.291312663,7.0
2025/05/21 13:12:12.392498281,7.0
2025/05/21 13:12:12.493558746,7.0
2025/05/21 13:12:12.595667941,7.0
2025/05/21 13:12:12.696036475,6.140563307303765
2025/05/21 13:12:12.796902469,4.135211024345882
2025/05/21 13:12:12.888316479,3.0000000000000004
2025/05/21 13:12:12.989029039,3.0000000000000004
2025/05/21 13:12:13.91126988,3.0000000000000004
2025/05/21 13:12:13.190754747,3.0000000000000004
2025/05/21 13:12:13.292723105,3.0000000000000004
2025/05/21 13:12:13.393593280,3.0000000000000004
2025/05/21 13:12:13.494606093,3.0000000000000004
2025/05/21 13:12:13.595659767,3.0000000000000004
2025/05/21 13:12:13.697666100,3.0000000000000004
2025/05/21 13:12:13.796728856,3.0000000000000004
2025/05/21 13:12:13.887826590,3.0000000000000004
2025/05/21 13:12:13.989455333,3.0000000000000004
2025/05/21 13:12:14.91062812,3.0000000000000004
2025/05/21 13:12:14.192493992,3.0000000000000004
2025/05/21 13:12:14.292553633,3.0000000000000004
2025/05/21 13:12:14.393504172,3.0000000000000004
2025/05/21 13:12:14.495743025,3.0000000000000004
2025/05/21 13:12:14.597244282,3.0000000000000004
2025/05/21 13:12:14.690372460,3.0000000000000004
2025/05/21 13:12:14.791189635,3.0000000000000004
2025/05/21 13:12:14.892063108,3.0000000000000004
2025/05/21 13:12:14.995160813,3.0000000000000004
2025/05/21 13:12:15.96393289,3.0000000000000004
2025/05/21 13:12:15.190412660,3.0000000000000004
2025/05/21 13:12:15.291185516,3.0000000000000004
2025/05/21 13:12:15.392383045,3.0000000000000004
2025/05/21 13:12:15.493486395,3.0000000000000004
2025/05/21 13:12:15.595055270,3.0000000000000004
2025/05/21 13:12:15.696314839,1.8540844097383544
2025/05/21 13:12:15.788792495,1.0
2025/05/21 13:12:15.891491791,1.0
2025/05/21 13:12:15.991807769,1.0
2025/05/21 13:12:16.94649255,1.0
2025/05/21 13:12:16.195511875,1.0
2025/05/21 13:12:16.296451729,1.0
2025/05/21 13:12:16.397037270,1.0
2025/05/21 13:12:16.489062444,1.0
2025/05/21 13:12:16.590612847,1.0
2025/05/21 13:12:16.692434047,-0.1459155902616464
2025/05/21 13:12:16.792954141,-1.0
2025/05/21 13:12:16.894040266,-1.0
2025/05/21 13:12:16.995897716,-1.0
2025/05/21 13:12:17.89881921,-1.0
2025/05/21 13:12:17.195931042,-1.0
2025/05/21 13:12:17.291041205,-0.4270422048691767
2025/05/21 13:12:17.392077288,0.0
2025/05/21 13:12:17.492818904,-7.765026077791789e-21
2025/05/21 13:12:17.593592096,0.0
2025/05/21 13:12:17.695508624,-0.5729577951308232
2025/05/21 13:12:17.796488457,-3.0000000000000004
2025/05/21 13:12:17.897677950,-3.0000000000000004
2025/05/21 13:12:17.988820859,-3.0000000000000004
2025/05/21 13:12:18.90479276,-3.0000000000000004
2025/05/21 13:12:18.189603515,-3.0000000000000004
2025/05/21 13:12:18.290667335,-3.0000000000000004
2025/05/21 13:12:18.391924424,-3.0000000000000004
2025/05/21 13:12:18.493432427,-3.0000000000000004
2025/05/21 13:12:18.593908835,-3.0000000000000004
2025/05/21 13:12:18.695058407,-3.0000000000000004
2025/05/21 13:12:18.796193206,-4.0
2025/05/21 13:12:18.896253313,-4.0
2025/05/21 13:12:18.997485457,-4.0
2025/05/21 13:12:19.91039648,-4.0
2025/05/21 13:12:19.189349759,-4.0
2025/05/21 13:12:19.290729372,-3.0000000000000004
2025/05/21 13:12:19.393512363,-3.0000000000000004
2025/05/21 13:12:19.492643430,-3.0000000000000004
2025/05/21 13:12:19.593383659,-3.0000000000000004
2025/05/21 13:12:19.694921496,-3.0000000000000004
2025/05/21 13:12:19.796421707,-2.0
2025/05/21 13:12:19.897489096,-1.0
2025/05/21 13:12:19.989419868,-1.0
2025/05/21 13:12:20.90442765,-1.0
2025/05/21 13:12:20.192472690,-1.0
2025/05/21 13:12:20.291967973,-1.0
2025/05/21 13:12:20.392859523,-1.0
2025/05/21 13:12:20.494995931,-1.0
2025/05/21 13:12:20.596740795,-1.0
2025/05/21 13:12:20.696922906,-1.0
2025/05/21 13:12:20.797356458,1.0
2025/05/21 13:12:20.890756274,1.0
2025/05/21 13:12:20.991249803,1.0
2025/05/21 13:12:21.91889428,1.0
2025/05/21 13:12:21.190377658,1.0
2025/05/21 13:12:21.293171932,1.0
2025/05/21 13:12:21.394159728,1.0
2025/05/21 13:12:21.494494603,1.0
2025/05/21 13:12:21.595114016,1.0
2025/05/21 13:12:21.697415694,1.0
2025/05/21 13:12:21.789873261,-1.291831180523293
2025/05/21 13:12:21.889990222,-4.156620156177409
2025/05/21 13:12:21.989603442,-6.000000000000001
2025/05/21 13:12:22.91082178,-6.000000000000001
2025/05/21 13:12:22.192118883,-6.000000000000001
2025/05/21 13:12:22.292841876,-6.000000000000001
2025/05/21 13:12:22.396463606,-6.000000000000001
2025/05/21 13:12:22.498522488,-6.000000000000001
2025/05/21 13:12:22.597061769,-6.000000000000001
2025/05/21 13:12:22.689459561,-7.43239448782706
2025/05/21 13:12:22.790928481,-9.0
2025/05/21 13:12:22.890080421,-9.0
2025/05/21 13:12:22.992250182,-9.0
2025/05/21 13:12:23.92888155,-9.0
2025/05/21 13:12:23.195139499,-9.0
2025/05/21 13:12:23.296662924,-9.0
2025/05/21 13:12:23.396500228,-9.0
2025/05/21 13:12:23.497223436,-9.0
2025/05/21 13:12:23.588948389,-9.0
2025/05/21 13:12:23.692275067,-10.0
2025/05/21 13:12:23.793473396,-10.0
2025/05/21 13:12:23.896384789,-10.0
2025/05/21 13:12:23.997146045,-10.0
2025/05/21 13:12:24.96503484,-10.0
2025/05/21 13:12:24.188496696,-10.0
2025/05/21 13:12:24.289018299,-10.0
2025/05/21 13:12:24.390312078,-10.0
2025/05/21 13:12:24.491008378,-10.0
2025/05/21 13:12:24.590899650,-10.0
2025/05/21 13:12:24.692682847,-8.854084409738352
2025/05/21 13:12:24.793441530,-7.0
2025/05/21 13:12:24.893447517,-7.0
2025/05/21 13:12:24.995859385,-7.0
2025/05/21 13:12:25.98754776,-7.0
2025/05/21 13:12:25.190041046,-7.0
2025/05/21 13:12:25.291050674,-7.0
2025/05/21 13:12:25.390347332,-7.0
2025/05/21 13:12:25.494097631,-6.000000000000001
2025/05/21 13:12:25.592122117,-6.000000000000001
2025/05/21 13:12:25.694625811,-7.718873385392472
2025/05/21 13:12:25.793569113,-10.0
2025/05/21 13:12:25.896671875,-10.0
2025/05/21 13:12:25.999917394,-10.0
2025/05/21 13:12:26.98169870,-10.0
2025/05/21 13:12:26.188700439,-11.145915590261648
2025/05/21 13:12:26.292899198,-13.0
2025/05/21 13:12:26.392742681,-13.0
2025/05/21 13:12:26.495392896,-13.0
2025/05/21 13:12:26.595142080,-13.0
2025/05/21 13:12:26.693930851,-13.0
2025/05/21 13:12:26.795094291,-13.0
2025/05/21 13:12:26.897746023,-13.0
2025/05/21 13:12:26.998302106,-13.0
2025/05/21 13:12:27.89430960,-13.0
2025/05/21 13:12:27.189507619,-14.145915590261648
2025/05/21 13:12:27.289190177,-17.0
2025/05/21 13:12:27.390746486,-17.0
2025/05/21 13:12:27.490549808,-17.0
2025/05/21 13:12:27.592778000,-17.0
2025/05/21 13:12:27.692250303,-17.0
2025/05/21 13:12:27.794550634,-17.0
2025/05/21 13:12:27.895243140,-17.0
2025/05/21 13:12:27.996017103,-17.0
2025/05/21 13:12:28.96562666,-17.0
2025/05/21 13:12:28.189986012,-18.145915590261648
2025/05/21 13:12:28.289769683,-20.0
2025/05/21 13:12:28.391504889,-20.0
2025/05/21 13:12:28.491893490,-20.0
2025/05/21 13:12:28.592250420,-20.0
2025/05/21 13:12:28.693349400,-19.0
2025/05/21 13:12:28.795374330,-19.0
2025/05/21 13:12:28.895392323,-19.0
2025/05/21 13:12:28.991338033,-19.0
2025/05/21 13:12:29.91472711,-19.0
2025/05/21 13:12:29.192861439,-19.0
2025/05/21 13:12:29.298592921,-20.0
2025/05/21 13:12:29.390919537,-20.0
2025/05/21 13:12:29.492649021,-20.0
2025/05/21 13:12:29.597862078,-19.0
2025/05/21 13:12:29.690204434,-19.0
2025/05/21 13:12:29.791106662,-19.0
2025/05/21 13:12:29.889949771,-19.0
2025/05/21 13:12:29.991575990,-19.0
2025/05/21 13:12:30.94864454,-19.0
2025/05/21 13:12:30.197011113,-18.0
2025/05/21 13:12:30.291565783,-18.0
2025/05/21 13:12:30.389744408,-20.578310078088705
2025/05/21 13:12:30.490888442,-21.0
2025/05/21 13:12:30.594308269,-21.0
2025/05/21 13:12:30.693626310,-21.0
2025/05/21 13:12:30.795715531,-21.0
2025/05/21 13:12:30.897311317,-20.0
2025/05/21 13:12:30.998724647,-20.0
2025/05/21 13:12:31.90555101,-20.0
2025/05/21 13:12:31.189665960,-20.0
2025/05/21 13:12:31.292358752,-21.145915590261648
2025/05/21 13:12:31.393839358,-24.000000000000004
2025/05/21 13:12:31.494987184,-24.000000000000004
2025/05/21 13:12:31.596571315,-24.000000000000004
2025/05/21 13:12:31.698546996,-23.0
2025/05/21 13:12:31.789862409,-23.0
2025/05/21 13:12:31.892422238,-23.0
2025/05/21 13:12:31.992342238,-23.0
2025/05/21 13:12:32.92540023,-22.0
2025/05/21 13:12:32.194173334,-22.0
2025/05/21 13:12:32.296312928,-22.0
2025/05/21 13:12:32.396904978,-25.0
2025/05/21 13:12:32.496463449,-25.0
2025/05/21 13:12:32.588155948,-25.0
2025/05/21 13:12:32.689333714,-25.0
2025/05/21 13:12:32.790883082,-25.0
2025/05/21 13:12:32.891575734,-25.0
2025/05/21 13:12:32.991207609,-25.0
2025/05/21 13:12:33.94679935,-25.0
2025/05/21 13:12:33.192565141,-25.0
2025/05/21 13:12:33.297200189,-25.0
2025/05/21 13:12:33.396877764,-27.0
2025/05/21 13:12:33.490023522,-27.0
2025/05/21 13:12:33.591049189,-27.0
2025/05/21 13:12:33.690736581,-27.0
2025/05/21 13:12:33.795948382,-27.0
2025/05/21 13:12:33.892184079,-27.0
2025/05/21 13:12:33.996004866,-27.0
2025/05/21 13:12:34.92042694,-27.0
2025/05/21 13:12:34.192432705,-27.0
2025/05/21 13:12:34.293455704,-28.0
2025/05/21 13:12:34.396415766,-28.0
2025/05/21 13:12:34.502187313,-28.0
2025/05/21 13:12:34.588850952,-28.0
2025/05/21 13:12:34.689268324,-27.0
2025/05/21 13:12:34.792255307,-27.0
2025/05/21 13:12:34.891557311,-27.0
2025/05/21 13:12:34.992285985,-27.0
2025/05/21 13:12:35.94021700,-27.0
2025/05/21 13:12:35.194354410,-27.0
2025/05/21 13:12:35.294446696,-28.0
2025/05/21 13:12:35.396382674,-28.0
2025/05/21 13:12:35.490881457,-28.0
2025/05/21 13:12:35.589199380,-28.0
2025/05/21 13:12:35.690483986,-27.0
2025/05/21 13:12:35.792369496,-27.0
2025/05/21 13:12:35.892563303,-27.0
2025/05/21 13:12:35.992615744,-27.0
2025/05/21 13:12:36.94397495,-26.0
2025/05/21 13:12:36.194121588,-26.0
2025/05/21 13:12:36.296075238,-27.145915590261648
2025/05/21 13:12:36.395526622,-29.999999999999996
2025/05/21 13:12:36.497726205,-29.999999999999996
2025/05/21 13:12:36.588923220,-29.999999999999996
2025/05/21 13:12:36.690920534,-29.000000000000004
2025/05/21 13:12:36.790508118,-29.000000000000004
2025/05/21 13:12:36.891759767,-28.0
2025/05/21 13:12:36.991532324,-28.0
2025/05/21 13:12:37.93499695,-27.0
2025/05/21 13:12:37.194816175,-28.71887338539247
2025/05/21 13:12:37.295254087,-31.870141258612
2025/05/21 13:12:37.396898089,-34.0
2025/05/21 13:12:37.497631160,-33.0
2025/05/21 13:12:37.588639922,-32.0
2025/05/21 13:12:37.690970406,-32.0
2025/05/21 13:12:37.792885328,-31.0
2025/05/21 13:12:37.896792309,-29.999999999999996
2025/05/21 13:12:37.994200343,-29.999999999999996
2025/05/21 13:12:38.95743827,-29.999999999999996
2025/05/21 13:12:38.197086972,-29.000000000000004
2025/05/21 13:12:38.296929219,-30.718873385392474
2025/05/21 13:12:38.397892711,-30.718873385392474
2025/05/21 13:12:38.490923288,-35.0
2025/05/21 13:12:38.592871798,-34.0
2025/05/21 13:12:38.690868270,-33.0
2025/05/21 13:12:38.791835471,-33.0
2025/05/21 13:12:38.892315652,-33.0
2025/05/21 13:12:38.993292230,-32.0
2025/05/21 13:12:39.95710699,-31.0
2025/05/21 13:12:39.198525843,-31.0
2025/05/21 13:12:39.289641813,-32.71887338539247
2025/05/21 13:12:39.390902962,-33.0
2025/05/21 13:12:39.490933414,-33.0
2025/05/21 13:12:39.590792864,-32.0
2025/05/21 13:12:39.692898804,-31.0
2025/05/21 13:12:39.792715949,-31.0
2025/05/21 13:12:39.895703245,-29.999999999999996
2025/05/21 13:12:40.417575,-29.999999999999996
2025/05/21 13:12:40.98300188,-29.000000000000004
2025/05/21 13:12:40.198884230,-29.000000000000004
2025/05/21 13:12:40.289726094,-31.005352282957887
2025/05/21 13:12:40.391519264,-32.0
2025/05/21 13:12:40.493036064,-32.0
2025/05/21 13:12:40.597968593,-32.0
2025/05/21 13:12:40.699365524,-31.0
2025/05/21 13:12:40.799328434,-31.0
2025/05/21 13:12:40.889152583,-31.0
2025/05/21 13:12:40.990447277,-30.427042204869174
2025/05/21 13:12:41.90180511,-29.999999999999996
2025/05/21 13:12:41.192127186,-29.999999999999996
2025/05/21 13:12:41.292894499,-30.572957795130822
2025/05/21 13:12:41.392261681,-33.43774677078494
2025/05/21 13:12:41.494068021,-35.15662015617741
2025/05/21 13:12:41.595398156,-35.0
2025/05/21 13:12:41.695397629,-35.0
2025/05/21 13:12:41.797430313,-34.427042204869174
2025/05/21 13:12:41.897857116,-34.0
2025/05/21 13:12:41.989515822,-34.0
2025/05/21 13:12:42.91968354,-34.0
2025/05/21 13:12:42.192005631,-33.42704220486918
2025/05/21 13:12:42.292284420,-33.572957795130826
2025/05/21 13:12:42.393573094,-36.43774677078495
2025/05/21 13:12:42.495652539,-37.0
2025/05/21 13:12:42.596839764,-36.140563307303765
2025/05/21 13:12:42.692928955,-36.0
2025/05/21 13:12:42.790826367,-36.0
2025/05/21 13:12:42.890769361,-35.427042204869174
2025/05/21 13:12:42.991731754,-35.0
2025/05/21 13:12:43.92832652,-35.0
2025/05/21 13:12:43.192918026,-34.140563307303765
2025/05/21 13:12:43.296827792,-34.572957795130826
2025/05/21 13:12:43.395753290,-36.291831180523296
2025/05/21 13:12:43.496908891,-34.0
2025/05/21 13:12:43.597446222,-34.0
2025/05/21 13:12:43.692183135,-35.0
2025/05/21 13:12:43.793060145,-35.0
2025/05/21 13:12:43.893673988,-35.0
2025/05/21 13:12:43.994290233,-35.0
2025/05/21 13:12:44.95443250,-35.0
2025/05/21 13:12:44.194489521,-35.0
2025/05/21 13:12:44.289431701,-35.0
2025/05/21 13:12:44.390139243,-35.57295779513082
2025/05/21 13:12:44.491362240,-37.0
2025/05/21 13:12:44.593219235,-37.0
2025/05/21 13:12:44.692867679,-37.572957795130826
2025/05/21 13:12:44.793648064,-38.0
2025/05/21 13:12:44.896651503,-38.0
2025/05/21 13:12:44.996841878,-38.0
2025/05/21 13:12:45.89596055,-38.0
2025/05/21 13:12:45.189708896,-38.0
2025/05/21 13:12:45.290831358,-38.859436692696235
2025/05/21 13:12:45.391361481,-38.427042204869174
2025/05/21 13:12:45.491845279,-38.0
2025/05/21 13:12:45.592386353,-37.42704220486918
2025/05/21 13:12:45.696302504,-37.0
2025/05/21 13:12:45.796736201,-36.427042204869174
2025/05/21 13:12:45.898434348,-36.0
2025/05/21 13:12:45.990704999,-36.0
2025/05/21 13:12:46.90286890,-35.140563307303765
2025/05/21 13:12:46.192295648,-35.0
2025/05/21 13:12:46.292854512,-35.57295779513082
2025/05/21 13:12:46.394562459,-37.0
2025/05/21 13:12:46.496005239,-36.140563307303765
2025/05/21 13:12:46.598228520,-36.0
2025/05/21 13:12:46.698738669,-36.0
2025/05/21 13:12:46.798974678,-35.0
2025/05/21 13:12:46.891833816,-35.0
2025/05/21 13:12:46.991564764,-35.0
2025/05/21 13:12:47.93191845,-34.0
2025/05/21 13:12:47.194356570,-34.0
2025/05/21 13:12:47.295691631,-34.0
2025/05/21 13:12:47.396804078,-35.71887338539248
2025/05/21 13:12:47.497735545,-38.58366236104659
2025/05/21 13:12:47.597615648,-41.0
2025/05/21 13:12:47.689473205,-41.0
2025/05/21 13:12:47.791896383,-40.0
2025/05/21 13:12:47.890513885,-40.0
2025/05/21 13:12:47.992470244,-39.0
2025/05/21 13:12:48.92432244,-39.0
2025/05/21 13:12:48.193722820,-39.0
2025/05/21 13:12:48.289423560,-40.71887338539247
2025/05/21 13:12:48.392785797,-43.583662361046585
2025/05/21 13:12:48.492375658,-43.870141258612
2025/05/21 13:12:48.592617474,-49.31324031235482
2025/05/21 13:12:48.697251921,-51.0
2025/05/21 13:12:48.798554177,-50.0
2025/05/21 13:12:48.889124722,-50.0
2025/05/21 13:12:48.990062006,-48.00000000000001
2025/05/21 13:12:49.92842717,-49.71887338539248
2025/05/21 13:12:49.191075855,-52.58366236104659
2025/05/21 13:12:49.294937983,-55.448451336700714
2025/05/21 13:12:49.397648702,-55.0
2025/05/21 13:12:49.497562976,-53.28112661460753
2025/05/21 13:12:49.597874550,-53.28112661460753
2025/05/21 13:12:49.693313695,-52.0
2025/05/21 13:12:49.790860258,-50.0
2025/05/21 13:12:49.892085155,-49.0
2025/05/21 13:12:49.994000974,-47.0
2025/05/21 13:12:50.95358221,-46.0
2025/05/21 13:12:50.190308556,-45.0
2025/05/21 13:12:50.290855176,-44.0
2025/05/21 13:12:50.391434965,-43.0
2025/05/21 13:12:50.491263604,-42.0
2025/05/21 13:12:50.592176890,-41.0
2025/05/21 13:12:50.694725147,-40.0
2025/05/21 13:12:50.795460813,-39.0
2025/05/21 13:12:50.898052705,-38.0
2025/05/21 13:12:50.995580486,-38.0
2025/05/21 13:12:51.96943746,-37.0
2025/05/21 13:12:51.197364503,-34.421689921911295
2025/05/21 13:12:51.288934102,-31.84337984382259
2025/05/21 13:12:51.393216350,-28.978590868168467
2025/05/21 13:12:51.491216942,-26.11380189251435
2025/05/21 13:12:51.592527244,-23.24901291686023
2025/05/21 13:12:51.694700144,-20.384223941206113
2025/05/21 13:12:51.794704698,-18.0
2025/05/21 13:12:51.895761423,-18.0
2025/05/21 13:12:51.997710522,-19.0
2025/05/21 13:12:52.88808475,-19.0
2025/05/21 13:12:52.190513181,-16.421689921911295
2025/05/21 13:12:52.290402981,-19.0
2025/05/21 13:12:52.391203433,-21.86478897565412
2025/05/21 13:12:52.491701129,-24.72957795130824
2025/05/21 13:12:52.593793477,-27.307888029396945
2025/05/21 13:12:52.695326534,-30.459155902616477
2025/05/21 13:12:52.797116976,-33.037465980705186
2025/05/21 13:12:52.897944113,-35.9022549563593
2025/05/21 13:12:52.989732161,-37.0
2025/05/21 13:12:53.91687775,-37.0
2025/05/21 13:12:53.191910416,-39.0
2025/05/21 13:12:53.294901958,-39.0
2025/05/21 13:12:53.393729345,-39.0
2025/05/21 13:12:53.498167132,-39.0
2025/05/21 13:12:53.597340211,-39.0
2025/05/21 13:12:53.698577164,-39.0
2025/05/21 13:12:53.790669579,-39.0
2025/05/21 13:12:53.892496915,-39.0
2025/05/21 13:12:53.992340744,-39.0
2025/05/21 13:12:54.92424404,-39.0
2025/05/21 13:12:54.194116521,-36.42168992191129
2025/05/21 13:12:54.297232833,-36.0
2025/05/21 13:12:54.396841815,-36.0
2025/05/21 13:12:54.499257487,-36.0
2025/05/21 13:12:54.589314559,-36.0
2025/05/21 13:12:54.691540789,-36.0
2025/05/21 13:12:54.793635557,-36.0
2025/05/21 13:12:54.891675223,-36.0
2025/05/21 13:12:54.993218251,-36.0
2025/05/21 13:12:55.93863118,-36.0
2025/05/21 13:12:55.195545039,-33.421689921911295
2025/05/21 13:12:55.297150926,-36.0
2025/05/21 13:12:55.399501407,-38.0
2025/05/21 13:12:55.492357523,-39.0
2025/05/21 13:12:55.590684018,-39.28647889756541
2025/05/21 13:12:55.693232806,-40.0
2025/05/21 13:12:55.792848730,-41.0
2025/05/21 13:12:55.894906751,-41.572957795130826
2025/05/21 13:12:55.995735430,-42.572957795130826
2025/05/21 13:12:56.98399299,-42.42704220486918
2025/05/21 13:12:56.199257099,-39.27577433164965
2025/05/21 13:12:56.289457569,-39.0
2025/05/21 13:12:56.391784778,-39.0
2025/05/21 13:12:56.490513995,-39.0
2025/05/21 13:12:56.591051880,-39.0
2025/05/21 13:12:56.693195192,-39.0
2025/05/21 13:12:56.793700275,-39.0
2025/05/21 13:12:56.895983418,-39.0
2025/05/21 13:12:56.989687463,-39.0
2025/05/21 13:12:57.91640277,-38.427042204869174
2025/05/21 13:12:57.191366164,-35.56225322921505
2025/05/21 13:12:57.292460970,-32.69746425356094
2025/05/21 13:12:57.395351275,-29.83267527790682
2025/05/21 13:12:57.493510102,-26.967886302252698
2025/05/21 13:12:57.593731704,-24.10309732659858
2025/05/21 13:12:57.695457836,-21.23830835094446
2025/05/21 13:12:57.795380832,-18.08704047772493
2025/05/21 13:12:57.895610599,-16.654645989897872
2025/05/21 13:12:57.990906335,-17.572957795130826
2025/05/21 13:12:58.92906000,-18.859436692696235
2025/05/21 13:12:58.190833536,-21.724225668350353
2025/05/21 13:12:58.292950665,-24.875493541569885
2025/05/21 13:12:58.394090875,-27.45380361965859
2025/05/21 13:12:58.494541330,-30.318592595312712
2025/05/21 13:12:58.598403814,-33.18338157096683
2025/05/21 13:12:58.698794963,-36.048170546620945
2025/05/21 13:12:58.790418720,-38.91295952227507
2025/05/21 13:12:58.890138908,-39.140563307303765
2025/05/21 13:12:58.991313460,-38.140563307303765
2025/05/21 13:12:59.91552208,-38.572957795130826
2025/05/21 13:12:59.193779145,-41.43774677078495
2025/05/21 13:12:59.293118123,-44.30253574643906
2025/05/21 13:12:59.397917471,-46.30788802939695
2025/05/21 13:12:59.490240838,-49.172677005051064
2025/05/21 13:12:59.590345196,-52.037465980705186
2025/05/21 13:12:59.692754944,-49.71352110243459
2025/05/21 13:12:59.794757587,-48.00000000000001
2025/05/21 13:12:59.895400024,-46.0
2025/05/21 13:12:59.998519467,-44.0
2025/05/21 13:13:00.99294495,-43.0
2025/05/21 13:13:00.188564190,-46.15126787321953
2025/05/21 13:13:00.289345830,-49.58901464400448
2025/05/21 13:13:00.390757263,-51.02140913183153
2025/05/21 13:13:00.490477642,-50.140563307303765
2025/05/21 13:13:00.592705849,-49.427042204869174
2025/05/21 13:13:00.693524688,-48.427042204869174
2025/05/21 13:13:00.796359672,-47.42704220486918
2025/05/21 13:13:00.896476523,-47.0
2025/05/21 13:13:00.998061805,-46.42704220486918
2025/05/21 13:13:01.99548657,-45.140563307303765
2025/05/21 13:13:01.189205096,-42.27577433164965
2025/05/21 13:13:01.290465883,-39.69746425356094
2025/05/21 13:13:01.392881224,-36.83267527790682
2025/05/21 13:13:01.496429224,-33.9678863022527
2025/05/21 13:13:01.594272222,-32.0
2025/05/21 13:13:01.697244159,-32.572957795130826
2025/05/21 13:13:01.788038316,-33.0
2025/05/21 13:13:01.889524290,-33.859436692696235
2025/05/21 13:13:01.991232982,-34.0
2025/05/21 13:13:02.92748698,-33.140563307303765
2025/05/21 13:13:02.193784492,-30.56225322921506
2025/05/21 13:13:02.295166664,-27.69746425356094
2025/05/21 13:13:02.396310847,-25.97859086816847
2025/05/21 13:13:02.491787036,-28.572957795130826
2025/05/21 13:13:02.591590821,-30.572957795130822
2025/05/21 13:13:02.691185383,-31.859436692696235
2025/05/21 13:13:02.793780751,-33.572957795130826
2025/05/21 13:13:02.894591345,-34.85943669269624
2025/05/21 13:13:02.995921504,-36.572957795130826
2025/05/21 13:13:03.97980764,-37.572957795130826
2025/05/21 13:13:03.198446734,-38.0
2025/05/21 13:13:03.289624799,-38.859436692696235
2025/05/21 13:13:03.390537614,-39.57295779513082
2025/05/21 13:13:03.491646488,-40.0
2025/05/21 13:13:03.591308917,-40.572957795130826
2025/05/21 13:13:03.695115216,-41.0
2025/05/21 13:13:03.794065187,-41.572957795130826
2025/05/21 13:13:03.893899330,-42.0
2025/05/21 13:13:03.996520040,-42.0
2025/05/21 13:13:04.98372431,-41.42704220486884
2025/05/21 13:13:04.198032613,-39.0
2025/05/21 13:13:04.290000268,-39.0
2025/05/21 13:13:04.392933598,-39.0
2025/05/21 13:13:04.491394874,-39.0
2025/05/21 13:13:04.592318583,-39.859436692696235
2025/05/21 13:13:04.693946424,-40.0
2025/05/21 13:13:04.795645522,-40.0
2025/05/21 13:13:04.900776121,-40.0
2025/05/21 13:13:04.997565414,-40.0
2025/05/21 13:13:05.90846367,-40.0
2025/05/21 13:13:05.190633974,-40.859436692696235
2025/05/21 13:13:05.291924459,-43.0
2025/05/21 13:13:05.393115776,-43.0
2025/05/21 13:13:05.493901095,-42.42704220486918
2025/05/21 13:13:05.592889213,-42.0
2025/05/21 13:13:05.696521747,-42.0
2025/05/21 13:13:05.796704621,-41.42704220486918
2025/05/21 13:13:05.898674532,-41.0
2025/05/21 13:13:05.990352213,-41.0
2025/05/21 13:13:06.94194232,-41.0
2025/05/21 13:13:06.196924219,-42.43239448782706
2025/05/21 13:13:06.291933714,-45.870141258612
2025/05/21 13:13:06.391890293,-45.870141258612
2025/05/21 13:13:06.498208171,-46.0
2025/05/21 13:13:06.594239418,-45.0
2025/05/21 13:13:06.695974197,-45.0
2025/05/21 13:13:06.796438891,-45.0
2025/05/21 13:13:06.896366066,-45.0
2025/05/21 13:13:06.997295175,-45.0
2025/05/21 13:13:07.103401970,-44.0
2025/05/21 13:13:07.197954151,-45.71887338539247
2025/05/21 13:13:07.290028532,-48.00000000000001
2025/05/21 13:13:07.390116733,-48.00000000000001
2025/05/21 13:13:07.489978187,-45.0
2025/05/21 13:13:07.594075934,-44.0
2025/05/21 13:13:07.692185666,-43.0
2025/05/21 13:13:07.795534991,-43.0
2025/05/21 13:13:07.895802556,-41.567605512172946
2025/05/21 13:13:07.995873547,-41.0
2025/05/21 13:13:08.99660513,-40.0
2025/05/21 13:13:08.197814283,-41.43239448782706
2025/05/21 13:13:08.288049559,-43.15126787321953
2025/05/21 13:13:08.393528328,-46.30253574643906
2025/05/21 13:13:08.491208783,-46.0
2025/05/21 13:13:08.597188210,-45.71352110243459
2025/05/21 13:13:08.694062397,-45.0
2025/05/21 13:13:08.794711426,-44.0
2025/05/21 13:13:08.896738535,-43.713521102434584
2025/05/21 13:13:08.990528193,-43.0
2025/05/21 13:13:09.97708746,-43.0
2025/05/21 13:13:09.197470654,-43.0
2025/05/21 13:13:09.297011019,-45.86478897565412
2025/05/21 13:13:09.390508752,-48.729577951308244
2025/05/21 13:13:09.494841758,-48.140563307303765
2025/05/21 13:13:09.596272000,-47.14056330730377
2025/05/21 13:13:09.698876832,-47.0
2025/05/21 13:13:09.791813854,-46.140563307303765
2025/05/21 13:13:09.893235946,-46.0
2025/05/21 13:13:09.994153964,-46.0
2025/05/21 13:13:10.93332786,-46.0
2025/05/21 13:13:10.199353092,-47.0
2025/05/21 13:13:10.295065639,-46.0
2025/05/21 13:13:10.399368591,-46.0
2025/05/21 13:13:10.497116058,-46.0
2025/05/21 13:13:10.591772171,-45.0
2025/05/21 13:13:10.691023385,-45.0
2025/05/21 13:13:10.793130520,-45.0
2025/05/21 13:13:10.892353061,-45.0
2025/05/21 13:13:10.998298183,-45.0
2025/05/21 13:13:11.90933085,-45.0
2025/05/21 13:13:11.193795310,-43.56760551217294
2025/05/21 13:13:11.292784780,-40.989295434084234
2025/05/21 13:13:11.393169445,-38.12450645843011
2025/05/21 13:13:11.493689711,-39.0
2025/05/21 13:13:11.593805687,-40.0
2025/05/21 13:13:11.694860052,-41.0
2025/05/21 13:13:11.795950600,-42.0
2025/05/21 13:13:11.895756090,-42.0
2025/05/21 13:13:11.997777205,-43.0
2025/05/21 13:13:12.91097966,-43.0
2025/05/21 13:13:12.191925923,-41.28112661460753
2025/05/21 13:13:12.290997450,-40.0
2025/05/21 13:13:12.390906901,-41.0
2025/05/21 13:13:12.495920442,-41.0
2025/05/21 13:13:12.597302470,-42.0
2025/05/21 13:13:12.696578841,-42.0
2025/05/21 13:13:12.793902852,-41.0
2025/05/21 13:13:12.888845419,-42.0
2025/05/21 13:13:12.992297124,-43.0
2025/05/21 13:13:13.94079850,-43.0
2025/05/21 13:13:13.194984793,-44.0
2025/05/21 13:13:13.296072849,-45.0
2025/05/21 13:13:13.395205862,-45.0
2025/05/21 13:13:13.496952739,-45.0
2025/05/21 13:13:13.597188955,-46.0
2025/05/21 13:13:13.690560903,-46.0
2025/05/21 13:13:13.791525338,-44.56760551217294
2025/05/21 13:13:13.890659126,-43.0
2025/05/21 13:13:13.991801417,-43.0
2025/05/21 13:13:14.94487218,-43.0
2025/05/21 13:13:14.197667250,-43.0
2025/05/21 13:13:14.295133597,-43.0
2025/05/21 13:13:14.389960919,-43.0
2025/05/21 13:13:14.504091106,-43.0
2025/05/21 13:13:14.591818323,-43.0
2025/05/21 13:13:14.698223222,-43.0
2025/05/21 13:13:14.795321191,-41.28112661460753
2025/05/21 13:13:14.892022332,-39.0
2025/05/21 13:13:14.990899087,-39.0
2025/05/21 13:13:15.99621105,-39.0
2025/05/21 13:13:15.194984892,-39.0
2025/05/21 13:13:15.294815288,-38.0
2025/05/21 13:13:15.395832887,-38.0
2025/05/21 13:13:15.496910270,-38.0
2025/05/21 13:13:15.593202745,-38.0
2025/05/21 13:13:15.693950573,-38.0
2025/05/21 13:13:15.798630332,-39.71887338539248
2025/05/21 13:13:15.896606044,-42.58366236104659
2025/05/21 13:13:15.993174643,-45.448451336700714
2025/05/21 13:13:16.96914939,-45.448451336700714
2025/05/21 13:13:16.197884123,-47.0
2025/05/21 13:13:16.292009038,-46.0
2025/05/21 13:13:16.397242677,-46.0
2025/05/21 13:13:16.497620702,-45.0
2025/05/21 13:13:16.590693482,-45.0
2025/05/21 13:13:16.691862031,-45.0
2025/05/21 13:13:16.794337141,-46.71887338539247
2025/05/21 13:13:16.896736221,-46.71887338539247
2025/05/21 13:13:16.996419382,-52.44845133670071
2025/05/21 13:13:17.97228255,-53.0
2025/05/21 13:13:17.197301595,-53.0
2025/05/21 13:13:17.291420219,-51.28112661460753
2025/05/21 13:13:17.390757921,-49.0
2025/05/21 13:13:17.492446307,-48.00000000000001
2025/05/21 13:13:17.593877688,-48.00000000000001
2025/05/21 13:13:17.697111699,-48.00000000000001
2025/05/21 13:13:17.791295037,-47.0
2025/05/21 13:13:17.892428371,-42.416337638953415
2025/05/21 13:13:17.992301716,-42.129858741388
2025/05/21 13:13:18.96802906,-42.0
2025/05/21 13:13:18.200557388,-42.0
2025/05/21 13:13:18.295337249,-42.0
2025/05/21 13:13:18.394789515,-42.0
2025/05/21 13:13:18.496388930,-42.0
2025/05/21 13:13:18.596126576,-42.0
2025/05/21 13:13:18.698878068,-42.0
2025/05/21 13:13:18.790906428,-42.0
2025/05/21 13:13:18.891951240,-38.56225322921506
2025/05/21 13:13:18.993662158,-36.27042204869176
2025/05/21 13:13:19.95372672,-34.0
2025/05/21 13:13:19.194769736,-35.0
2025/05/21 13:13:19.294981043,-36.28647889756541
2025/05/21 13:13:19.400413818,-37.0
2025/05/21 13:13:19.497178857,-38.0
2025/05/21 13:13:19.589112170,-38.0
2025/05/21 13:13:19.691448055,-39.0
2025/05/21 13:13:19.792237358,-39.0
2025/05/21 13:13:19.893116214,-40.0
2025/05/21 13:13:19.994320731,-41.0
2025/05/21 13:13:20.94385463,-37.84873212678047
2025/05/21 13:13:20.195547486,-35.27042204869176
2025/05/21 13:13:20.297133917,-32.40563307303764
2025/05/21 13:13:20.397850336,-29.540844097383527
2025/05/21 13:13:20.498327760,-26.67605512172941
2025/05/21 13:13:20.592896445,-23.811266146075287
2025/05/21 13:13:20.691625141,-20.94647717042117
2025/05/21 13:13:20.794026098,-17.79520929720164
2025/05/21 13:13:20.894401474,-15.216899219112932
2025/05/21 13:13:20.997121502,-12.352110243458814
2025/05/21 13:13:21.97830417,-9.487321267804695
2025/05/21 13:13:21.190458556,-6.336053394585164
2025/05/21 13:13:21.288794137,-2.8983066238002233
2025/05/21 13:13:21.394912646,-0.3199965457115188
2025/05/21 13:13:21.493807982,2.831271327508009
2025/05/21 13:13:21.593791059,5.409581405596715
2025/05/21 13:13:21.692817531,8.274370381250833
2025/05/21 13:13:21.794693103,11.139159356904951
2025/05/21 13:13:21.896040598,14.00394833255907
2025/05/21 13:13:21.996329227,16.868737308213188
2025/05/21 13:13:22.98107465,20.02000518143272
2025/05/21 13:13:22.190915790,22.884794157086837
2025/05/21 13:13:22.291802277,25.463104235175543
2025/05/21 13:13:22.392390375,28.32789321082966
2025/05/21 13:13:22.493215414,31.47916108404919
2025/05/21 13:13:22.594014456,34.34395005970331
2025/05/21 13:13:22.696784916,36.922260137792016
2025/05/21 13:13:22.796200386,39.21409131831531
2025/05/21 13:13:22.897166822,42.078880293969426
2025/05/21 13:13:22.997155454,44.94366926962355
2025/05/21 13:13:23.98032760,47.80845824527766
2025/05/21 13:13:23.188503121,50.673247220931785
2025/05/21 13:13:23.291597532,53.0
2025/05/21 13:13:23.391695898,54.0
2025/05/21 13:13:23.495532376,55.0
2025/05/21 13:13:23.596296324,56.0
2025/05/21 13:13:23.698218018,57.00000000000001
2025/05/21 13:13:23.796575349,58.00000000000001
2025/05/21 13:13:23.897661054,59.57295779513082
2025/05/21 13:13:23.990518296,60.572957795130804
2025/05/21 13:13:24.91346857,61.859436692696214
2025/05/21 13:13:24.192145479,62.859436692696214
2025/05/21 13:13:24.292604330,63.859436692696214
2025/05/21 13:13:24.393474925,64.57295779513082
2025/05/21 13:13:24.494435862,65.85943669269622
2025/05/21 13:13:24.596087429,66.57295779513082
2025/05/21 13:13:24.703092580,67.0
2025/05/21 13:13:24.792094483,67.57295779513082
2025/05/21 13:13:24.892206960,68.85943669269622
2025/05/21 13:13:24.994355961,69.5729577951308
2025/05/21 13:13:25.97530092,70.0
2025/05/21 13:13:25.199342820,70.5729577951308
2025/05/21 13:13:25.300029637,71.5729577951308
2025/05/21 13:13:25.390839511,72.0
2025/05/21 13:13:25.491302249,72.5729577951308
2025/05/21 13:13:25.593895782,73.57295779513082
2025/05/21 13:13:25.693631673,74.0
2025/05/21 13:13:25.795593508,74.0
2025/05/21 13:13:25.896561867,74.57295779513082
2025/05/21 13:13:25.990895131,75.57295779513082
2025/05/21 13:13:26.91364750,76.0
2025/05/21 13:13:26.190439229,76.57295779513082
2025/05/21 13:13:26.290402242,77.0
2025/05/21 13:13:26.391711679,77.57295779513082
2025/05/21 13:13:26.492759853,78.0
2025/05/21 13:13:26.592658405,79.0
2025/05/21 13:13:26.693988321,79.0
2025/05/21 13:13:26.795158451,80.0
2025/05/21 13:13:26.895472803,80.0
2025/05/21 13:13:26.997329115,81.0
2025/05/21 13:13:27.97106110,81.0
2025/05/21 13:13:27.197717880,82.0
2025/05/21 13:13:27.290198150,83.0
2025/05/21 13:13:27.391567669,84.0
2025/05/21 13:13:27.491972562,84.0
2025/05/21 13:13:27.593165531,85.0
2025/05/21 13:13:27.695872140,86.0
2025/05/21 13:13:27.796717747,84.85408440973839
2025/05/21 13:13:27.890596616,81.98929543408433
2025/05/21 13:13:27.992315110,79.12450645843028
2025/05/21 13:13:28.91968038,76.25971748277622
2025/05/21 13:13:28.193019413,73.39492850712216
2025/05/21 13:13:28.294308593,70.2436606339027
2025/05/21 13:13:28.394152910,68.23830835094486
2025/05/21 13:13:28.497768410,65.08704047772541
2025/05/21 13:13:28.597465439,62.508730399636754
2025/05/21 13:13:28.694070149,59.6439414239827
2025/05/21 13:13:28.792409973,56.49267355076322
2025/05/21 13:13:28.892656767,53.914363472674516
2025/05/21 13:13:28.993133331,51.049574497020394
2025/05/21 13:13:29.96026794,48.18478552136628
2025/05/21 13:13:29.198362303,45.31999654571216
2025/05/21 13:13:29.298323248,42.16872867249263
2025/05/21 13:13:29.390690831,39.59041859440392
2025/05/21 13:13:29.490707217,36.7256296187498
2025/05/21 13:13:29.593213815,33.860840643095685
2025/05/21 13:13:29.692130363,30.996051667441563
2025/05/21 13:13:29.793756261,28.131262691787445
2025/05/21 13:13:29.893601582,25.266473716133326
2025/05/21 13:13:29.996545493,22.401684740479208
2025/05/21 13:13:30.98605911,19.250416867259677
2025/05/21 13:13:30.187960507,16.38562789160556
2025/05/21 13:13:30.291098385,13.52083891595144
2025/05/21 13:13:30.392974299,12.088444428124381
2025/05/21 13:13:30.493697540,8.93717655490485
2025/05/21 13:13:30.595659582,6.358866476816143
2025/05/21 13:13:30.695629950,3.2075986035966135
2025/05/21 13:13:30.795961808,0.05633073037708606
2025/05/21 13:13:30.896349202,-2.235500450146207
2025/05/21 13:13:31.191144,-5.100289425800323
2025/05/21 13:13:31.93104389,-7.965078401454442
2025/05/21 13:13:31.199657329,-10.829867377108561
2025/05/21 13:13:31.290382367,-14.267614147893504
2025/05/21 13:13:31.388337887,-17.132403123547622
2025/05/21 13:13:31.491937380,-20.28367099676715
2025/05/21 13:13:31.595568502,-22.86198107485586
2025/05/21 13:13:31.693924279,-26.2997278456408
2025/05/21 13:13:31.794339105,-29.164516821294917
2025/05/21 13:13:31.895781115,-32.02930579694903
2025/05/21 13:13:31.991394733,-34.894094772603154
2025/05/21 13:13:32.91988524,-37.75888374825727
2025/05/21 13:13:32.191973175,-40.62367272391139
2025/05/21 13:13:32.293522400,-43.77494059713092
2025/05/21 13:13:32.393251214,-46.06677177765422
2025/05/21 13:13:32.496015094,-48.64508185574292
2025/05/21 13:13:32.597904009,-51.509870831397045
2025/05/21 13:13:32.687925742,-54.37465980705116
2025/05/21 13:13:32.791737489,-57.23944878270528
2025/05/21 13:13:32.891842354,-60.39071665592474
2025/05/21 13:13:32.993096076,-62.96902673401339
2025/05/21 13:13:33.93716185,-65.83381570966745
2025/05/21 13:13:33.197424316,-67.0
2025/05/21 13:13:33.295143314,-68.0
2025/05/21 13:13:33.397937858,-69.0
2025/05/21 13:13:33.499261122,-70.0
2025/05/21 13:13:33.591539132,-71.0
2025/05/21 13:13:33.689244274,-72.0
2025/05/21 13:13:33.790398646,-73.0
2025/05/21 13:13:33.892746936,-70.70816881947675
2025/05/21 13:13:33.993117098,-67.8433798438227
2025/05/21 13:13:34.93243606,-64.69211197060324
2025/05/21 13:13:34.194850762,-62.113801892514594
2025/05/21 13:13:34.297350668,-59.99999999999999
2025/05/21 13:13:34.397969505,-61.0
2025/05/21 13:13:34.500742513,-62.0
2025/05/21 13:13:34.587998810,-63.57295779513081
2025/05/21 13:13:34.688753377,-64.85943669269622
2025/05/21 13:13:34.791245246,-64.14056330730378
2025/05/21 13:13:34.894951038,-61.56225322921514
2025/05/21 13:13:34.999410647,-58.41098535599568
2025/05/21 13:13:35.94910355,-56.0
2025/05/21 13:13:35.197173542,-56.572957795130826
2025/05/21 13:13:35.297045029,-57.572957795130826
2025/05/21 13:13:35.399013367,-59.00000000000001
2025/05/21 13:13:35.488920077,-59.85943669269622
2025/05/21 13:13:35.591175434,-60.572957795130804
2025/05/21 13:13:35.690914576,-61.572957795130804
2025/05/21 13:13:35.793342739,-61.42704220486919
2025/05/21 13:13:35.893030456,-58.56225322921513
2025/05/21 13:13:35.992904989,-55.69746425356104
2025/05/21 13:13:36.93651990,-54.572957795130826
2025/05/21 13:13:36.199882796,-55.572957795130826
2025/05/21 13:13:36.298660947,-56.572957795130826
2025/05/21 13:13:36.388502598,-58.00000000000001
2025/05/21 13:13:36.491147713,-59.00000000000001
2025/05/21 13:13:36.591597794,-59.99999999999999
2025/05/21 13:13:36.693243306,-59.99999999999999
2025/05/21 13:13:36.793519597,-61.145915590261616
2025/05/21 13:13:36.894885875,-64.01070456591567
2025/05/21 13:13:36.992722048,-66.87549354156972
2025/05/21 13:13:37.93527300,-68.0
2025/05/21 13:13:37.195281411,-68.0
2025/05/21 13:13:37.296619369,-69.0
2025/05/21 13:13:37.398878544,-69.0
2025/05/21 13:13:37.497353619,-69.0
2025/05/21 13:13:37.588478322,-70.0
2025/05/21 13:13:37.691902274,-70.0
2025/05/21 13:13:37.794470453,-68.85408440973838
2025/05/21 13:13:37.893272136,-68.0
2025/05/21 13:13:37.994393890,-68.0
2025/05/21 13:13:38.94911315,-68.0
2025/05/21 13:13:38.194755899,-68.0
2025/05/21 13:13:38.297046004,-69.0
2025/05/21 13:13:38.397558371,-69.0
2025/05/21 13:13:38.498179801,-69.0
2025/05/21 13:13:38.591869134,-70.0
2025/05/21 13:13:38.692150523,-70.0
2025/05/21 13:13:38.794667720,-71.14591559026162
2025/05/21 13:13:38.894324729,-74.0
2025/05/21 13:13:38.996655807,-74.0
2025/05/21 13:13:39.96971439,-74.0
2025/05/21 13:13:39.196336928,-74.0
2025/05/21 13:13:39.299898165,-74.0
2025/05/21 13:13:39.393959176,-74.0
2025/05/21 13:13:39.493874173,-74.0
2025/05/21 13:13:39.596511375,-74.0
2025/05/21 13:13:39.699487071,-74.0
2025/05/21 13:13:39.799025517,-75.0
2025/05/21 13:13:39.887955381,-75.0
2025/05/21 13:13:39.989684686,-75.0
2025/05/21 13:13:40.99746500,-75.0
2025/05/21 13:13:40.194475775,-75.0
2025/05/21 13:13:40.296771185,-75.0
2025/05/21 13:13:40.395393410,-74.0
2025/05/21 13:13:40.496982898,-74.0
2025/05/21 13:13:40.592451114,-74.0
2025/05/21 13:13:40.689427606,-74.0
2025/05/21 13:13:40.791455481,-72.85408440973838
2025/05/21 13:13:40.893500110,-69.98929543408433
2025/05/21 13:13:40.992601040,-69.41633763895351
2025/05/21 13:13:41.93601645,-72.28112661460757
2025/05/21 13:13:41.192477306,-75.43239448782703
2025/05/21 13:13:41.296713300,-78.29718346348109
2025/05/21 13:13:41.396217961,-80.87549354156974
2025/05/21 13:13:41.495287823,-83.74028251722379
2025/05/21 13:13:41.594518769,-86.0
2025/05/21 13:13:41.695841283,-85.0
2025/05/21 13:13:41.797075788,-82.99464771704217
2025/05/21 13:13:41.898063743,-80.41633763895352
2025/05/21 13:13:42.5229549,-77.55154866329946
2025/05/21 13:13:42.88072176,-74.6867596876454
2025/05/21 13:13:42.191362561,-74.40028079008
2025/05/21 13:13:42.295313083,-68.95718173633729
2025/05/21 13:13:42.398872510,-66.09239276068324
2025/05/21 13:13:42.489363722,-63.22760378502919
2025/05/21 13:13:42.589999164,-60.36281480937513
2025/05/21 13:13:42.691420672,-57.49802583372108
2025/05/21 13:13:42.792125136,-54.63323685806696
2025/05/21 13:13:42.895549833,-51.768447882412836
2025/05/21 13:13:42.995459141,-48.90365890675872
2025/05/21 13:13:43.96824377,-46.0388699311046
2025/05/21 13:13:43.194591252,-43.174080955450485
2025/05/21 13:13:43.297388126,-43.174080955450485
2025/05/21 13:13:43.392098038,-37.44450300414225
2025/05/21 13:13:43.493206039,-34.57971402848813
2025/05/21 13:13:43.595083746,-31.71492505283401
2025/05/21 13:13:43.692721519,-28.850136077180114
2025/05/21 13:13:43.795611752,-25.985347101525992
2025/05/21 13:13:43.896920356,-23.120558125871874
2025/05/21 13:13:43.997508546,-20.255769150217755
2025/05/21 13:13:44.90219997,-17.390980174563637
2025/05/21 13:13:44.192210940,-14.526191198909519
2025/05/21 13:13:44.295679541,-11.6614022232554
2025/05/21 13:13:44.396378075,-11.6614022232554
2025/05/21 13:13:44.496063890,-8.796613247601282
2025/05/21 13:13:44.598339944,-3.067035296293045
2025/05/21 13:13:44.688722613,-0.20224632063892906
2025/05/21 13:13:44.792307145,-0.20224632063892906
2025/05/21 13:13:44.891277253,5.527331630669304
2025/05/21 13:13:44.992919350,5.527331630669304
2025/05/21 13:13:45.95211640,11.256909581977542
2025/05/21 13:13:45.194607858,14.12169855763166
2025/05/21 13:13:45.294752519,14.40817745519707
2025/05/21 13:13:45.396299067,18.70536091867825
2025/05/21 13:13:45.498517295,21.570149894332367
2025/05/21 13:13:45.591847155,24.434938869986485
2025/05/21 13:13:45.692496445,27.586206743206017
2025/05/21 13:13:45.793369425,30.16451682129472
2025/05/21 13:13:45.892506496,33.02930579694884
2025/05/21 13:13:45.992130938,36.18057367016837
2025/05/21 13:13:46.94092195,38.75888374825708
2025/05/21 13:13:46.195053907,41.62367272391119
2025/05/21 13:13:46.296899082,44.48846169956531
2025/05/21 13:13:46.397482973,47.353250675219435
2025/05/21 13:13:46.497506113,50.21803965087355
2025/05/21 13:13:46.591997065,53.36930752409308
2025/05/21 13:13:46.696869175,56.80705429487802
2025/05/21 13:13:46.795178889,59.671843270532094
2025/05/21 13:13:46.898751759,61.10423775835912
2025/05/21 13:13:46.993236536,64.25550563157859
2025/05/21 13:13:47.99977553,67.12029460723264
2025/05/21 13:13:47.199280485,69.69860468532129
2025/05/21 13:13:47.295340881,73.42283035367156
2025/05/21 13:13:47.396804282,77.14705602202183
2025/05/21 13:13:47.497621361,78.57945050984885
2025/05/21 13:13:47.597234479,80.0
2025/05/21 13:13:47.690023476,80.0
2025/05/21 13:13:47.789464222,80.0
2025/05/21 13:13:47.894837424,80.0
2025/05/21 13:13:47.996860376,80.0
2025/05/21 13:13:48.95923978,81.0
2025/05/21 13:13:48.188150697,81.0
2025/05/21 13:13:48.289388313,81.0
2025/05/21 13:13:48.395734813,81.0
2025/05/21 13:13:48.493631824,82.0
2025/05/21 13:13:48.594774630,82.0
2025/05/21 13:13:48.696437974,82.0
2025/05/21 13:13:48.796619528,82.0
2025/05/21 13:13:48.897864686,82.0
2025/05/21 13:13:48.988488484,83.0
2025/05/21 13:13:49.91915738,83.0
2025/05/21 13:13:49.191521660,83.0
2025/05/21 13:13:49.293836036,83.0
2025/05/21 13:13:49.394062269,83.0
2025/05/21 13:13:49.495998962,84.0
2025/05/21 13:13:49.596898637,84.0
2025/05/21 13:13:49.697312160,84.0
2025/05/21 13:13:49.790478757,84.0
2025/05/21 13:13:49.889177343,84.0
2025/05/21 13:13:49.992064124,84.0
2025/05/21 13:13:50.97804515,84.0
2025/05/21 13:13:50.195008111,85.0
2025/05/21 13:13:50.296410429,85.0
2025/05/21 13:13:50.394244482,85.0
2025/05/21 13:13:50.497337016,85.0
2025/05/21 13:13:50.597475302,85.0
2025/05/21 13:13:50.700131829,85.0
2025/05/21 13:13:50.787835796,85.0
2025/05/21 13:13:50.890314949,86.0
2025/05/21 13:13:50.989252934,86.0
2025/05/21 13:13:51.91949805,86.0
2025/05/21 13:13:51.190724229,86.0
2025/05/21 13:13:51.291757513,86.0
2025/05/21 13:13:51.395372949,86.0
2025/05/21 13:13:51.494296060,86.0
2025/05/21 13:13:51.597535343,86.0
2025/05/21 13:13:51.696170003,87.0
2025/05/21 13:13:51.798313832,87.0
2025/05/21 13:13:51.893615990,86.0
2025/05/21 13:13:51.992685127,86.0
2025/05/21 13:13:52.94329847,86.0
2025/05/21 13:13:52.194253620,87.0
2025/05/21 13:13:52.294255146,87.0
2025/05/21 13:13:52.395359889,87.0
2025/05/21 13:13:52.497902295,87.0
2025/05/21 13:13:52.597757186,87.0
2025/05/21 13:13:52.688326582,87.0
2025/05/21 13:13:52.789251440,87.0
2025/05/21 13:13:52.890239717,87.0
2025/05/21 13:13:52.991664752,87.0
2025/05/21 13:13:53.95077785,87.0
2025/05/21 13:13:53.194209848,88.0
2025/05/21 13:13:53.295346253,88.0
2025/05/21 13:13:53.400092407,88.0
2025/05/21 13:13:53.498461549,88.0
2025/05/21 13:13:53.588998660,88.0
2025/05/21 13:13:53.689596054,88.0
2025/05/21 13:13:53.790423603,88.0
2025/05/21 13:13:53.893795133,88.0
2025/05/21 13:13:53.994226024,88.0
2025/05/21 13:13:54.93367513,88.0
2025/05/21 13:13:54.197174688,88.0
2025/05/21 13:13:54.295914899,89.0
2025/05/21 13:13:54.391564691,89.0
2025/05/21 13:13:54.488804982,89.0
2025/05/21 13:13:54.590988799,89.0
2025/05/21 13:13:54.692732685,89.0
2025/05/21 13:13:54.796277335,89.0
2025/05/21 13:13:54.896486302,89.0
2025/05/21 13:13:54.999429303,89.0
2025/05/21 13:13:55.94560323,89.0
2025/05/21 13:13:55.192861735,89.0
2025/05/21 13:13:55.293437175,89.0
2025/05/21 13:13:55.394401091,89.0
2025/05/21 13:13:55.494471658,87.28112661460756
2025/05/21 13:13:55.596602552,84.41633763895351
2025/05/21 13:13:55.698441871,81.55154866329946
2025/05/21 13:13:55.799000347,78.6867596876454
2025/05/21 13:13:55.888335885,78.40028079007999
2025/05/21 13:13:55.991534457,72.95718173633729
2025/05/21 13:13:56.89582342,72.67070283877189
2025/05/21 13:13:56.194734566,67.22760378502917
2025/05/21 13:13:56.292653292,64.36281480937512
2025/05/21 13:13:56.395546712,61.49802583372107
2025/05/21 13:13:56.494394705,58.633236858067015
2025/05/21 13:13:56.596258363,55.76844788241292
2025/05/21 13:13:56.697320772,52.9036589067588
2025/05/21 13:13:56.797415778,50.038869931104685
2025/05/21 13:13:56.888266861,47.17408095545056
2025/05/21 13:13:56.989705796,47.17408095545056
2025/05/21 13:13:57.91876833,44.30929197979645
2025/05/21 13:13:57.191538528,38.57971402848821
2025/05/21 13:13:57.292354954,38.293235130922795
2025/05/21 13:13:57.395840941,32.85013607717997
2025/05/21 13:13:57.496424599,29.985347101525853
2025/05/21 13:13:57.594664014,27.120558125871735
2025/05/21 13:13:57.696665756,24.255769150217617
2025/05/21 13:13:57.795281954,24.255769150217617
2025/05/21 13:13:57.899639854,18.526191198909377
2025/05/21 13:13:57.989009929,15.66140222325526
2025/05/21 13:13:58.88836793,15.374923325689847
2025/05/21 13:13:58.194383842,9.931824271947022
2025/05/21 13:13:58.293609665,8.785908681685374
2025/05/21 13:13:58.392454307,5.348161910900433
2025/05/21 13:13:58.494157479,3.056330730377138
2025/05/21 13:13:58.595223945,0.19154175472302223
2025/05/21 13:13:58.696524855,-2.9597261184965054
2025/05/21 13:13:58.798772492,-5.538036196585211
2025/05/21 13:13:58.889205879,-8.40282517223933
2025/05/21 13:13:58.989620359,-12.127050840589684
2025/05/21 13:13:59.93910945,-14.70536091867839
2025/05/21 13:13:59.192568694,-17.85662879189792
2025/05/21 13:13:59.293697289,-20.434938869986627
2025/05/21 13:13:59.395209256,-23.299727845640746
2025/05/21 13:13:59.494199334,-26.164516821294864
2025/05/21 13:13:59.596293219,-29.31578469451439
2025/05/21 13:13:59.698442106,-32.180573670168506
2025/05/21 13:13:59.800705809,-34.75888374825722
2025/05/21 13:13:59.888978605,-37.62367272391133
2025/05/21 13:13:59.989559979,-40.488461699565455
2025/05/21 13:14:00.94878871,-43.35325067521957
2025/05/21 13:14:00.193143041,-46.21803965087369
2025/05/21 13:14:00.294067403,-49.36930752409322
2025/05/21 13:14:00.393578815,-51.94761760218193
2025/05/21 13:14:00.493595404,-54.81240657783605
2025/05/21 13:14:00.594634814,-56.0
2025/05/21 13:14:00.698298283,-56.859436692696235
2025/05/21 13:14:00.796814631,-57.572957795130826
2025/05/21 13:14:00.897356054,-58.57295779513082
2025/05/21 13:14:00.992484795,-59.85943669269622
2025/05/21 13:14:01.94740650,-59.99999999999999
2025/05/21 13:14:01.194060569,-59.42704220486918
2025/05/21 13:14:01.295732015,-56.2757743316497
2025/05/21 13:14:01.395832702,-56.572957795130826
2025/05/21 13:14:01.496783812,-57.572957795130826
2025/05/21 13:14:01.597568077,-58.57295779513082
2025/05/21 13:14:01.691771226,-59.00000000000001
2025/05/21 13:14:01.791957797,-59.57295779513082
2025/05/21 13:14:01.892594213,-60.572957795130804
2025/05/21 13:14:01.995974272,-61.0
2025/05/21 13:14:02.94080988,-61.572957795130804
2025/05/21 13:14:02.198113688,-61.42704220486919
2025/05/21 13:14:02.290411276,-59.99464771704216
2025/05/21 13:14:02.392059269,-59.99999999999999
2025/05/21 13:14:02.492026637,-60.572957795130804
2025/05/21 13:14:02.593411350,-61.572957795130804
2025/05/21 13:14:02.692945982,-62.0
2025/05/21 13:14:02.794220106,-62.0
2025/05/21 13:14:02.896127811,-62.57295779513081
2025/05/21 13:14:02.995865218,-63.0
2025/05/21 13:14:03.96787157,-63.57295779513081
2025/05/21 13:14:03.198826106,-64.57295779513082
2025/05/21 13:14:03.289087038,-66.0
2025/05/21 13:14:03.391683088,-66.0
2025/05/21 13:14:03.491573709,-67.0
2025/05/21 13:14:03.593541878,-67.0
2025/05/21 13:14:03.697759070,-67.0
2025/05/21 13:14:03.789936533,-67.0
2025/05/21 13:14:03.890938364,-67.0
2025/05/21 13:14:03.993064167,-68.0
2025/05/21 13:14:04.92954644,-68.0
2025/05/21 13:14:04.192986211,-68.0
2025/05/21 13:14:04.294855026,-68.0
2025/05/21 13:14:04.395796099,-68.0
2025/05/21 13:14:04.496428252,-68.0
2025/05/21 13:14:04.597720039,-68.0
2025/05/21 13:14:04.690120074,-68.0
2025/05/21 13:14:04.792278074,-68.0
2025/05/21 13:14:04.891576425,-68.0
2025/05/21 13:14:04.991945504,-68.0
2025/05/21 13:14:05.93560681,-68.0
2025/05/21 13:14:05.192550665,-68.0
2025/05/21 13:14:05.293993560,-70.86478897565406
2025/05/21 13:14:05.390332941,-67.99999999946863
2025/05/21 13:14:05.494135603,-68.0
2025/05/21 13:14:05.594257328,-68.0
2025/05/21 13:14:05.696231572,-68.0
2025/05/21 13:14:05.794600636,-68.0
2025/05/21 13:14:05.895374018,-68.0
2025/05/21 13:14:05.997741509,-67.99999998730019
2025/05/21 13:14:06.98296100,-68.71352110243458
2025/05/21 13:14:06.198194167,-66.13521102434594
2025/05/21 13:14:06.288427193,-65.2864788975654
2025/05/21 13:14:06.389208565,-66.0
2025/05/21 13:14:06.491331566,-66.0
2025/05/21 13:14:06.592439983,-66.0
2025/05/21 13:14:06.696724627,-66.0
2025/05/21 13:14:06.797942746,-66.0
2025/05/21 13:14:06.888631823,-66.0
2025/05/21 13:14:06.993164841,-67.0
2025/05/21 13:14:07.92672444,-67.0
2025/05/21 13:14:07.192663599,-64.13521102434595
2025/05/21 13:14:07.293975898,-62.0
2025/05/21 13:14:07.394079037,-63.0
2025/05/21 13:14:07.495099692,-63.0
2025/05/21 13:14:07.598039144,-63.0
2025/05/21 13:14:07.697502986,-63.0
2025/05/21 13:14:07.797797522,-64.0
2025/05/21 13:14:07.889046203,-64.0
2025/05/21 13:14:07.990720818,-64.0
2025/05/21 13:14:08.92455490,-63.0
2025/05/21 13:14:08.193001256,-63.0
2025/05/21 13:14:08.293884026,-63.0
2025/05/21 13:14:08.392509758,-63.0
2025/05/21 13:14:08.496928492,-63.0
2025/05/21 13:14:08.594950869,-63.0
2025/05/21 13:14:08.696972238,-63.0
2025/05/21 13:14:08.797004961,-63.0
2025/05/21 13:14:08.897756928,-62.0
2025/05/21 13:14:08.989433312,-62.0
2025/05/21 13:14:09.91984375,-63.0
2025/05/21 13:14:09.196247913,-63.0
2025/05/21 13:14:09.297174023,-63.0
2025/05/21 13:14:09.396445493,-63.0
2025/05/21 13:14:09.503246857,-62.0
2025/05/21 13:14:09.588551388,-62.0
2025/05/21 13:14:09.689037084,-62.0
2025/05/21 13:14:09.792621757,-62.0
2025/05/21 13:14:09.893814746,-62.0
2025/05/21 13:14:09.992777812,-62.0
2025/05/21 13:14:10.95031974,-63.718873385392435
2025/05/21 13:14:10.196462328,-63.14591559026162
2025/05/21 13:14:10.299097117,-60.281126614607565
2025/05/21 13:14:10.389628293,-57.41633763895159
2025/05/21 13:14:10.490438103,-56.0
2025/05/21 13:14:10.592653912,-55.99999999732542
2025/05/21 13:14:10.690976014,-55.99999999732542
2025/05/21 13:14:10.794194950,-56.0
2025/05/21 13:14:10.892822817,-57.00000000000001
2025/05/21 13:14:10.993240802,-57.00000000000001
2025/05/21 13:14:11.99059773,-58.71887338539245
2025/05/21 13:14:11.199125396,-58.14591559026164
2025/05/21 13:14:11.288701449,-55.28112661460753
2025/05/21 13:14:11.396591799,-54.0
2025/05/21 13:14:11.499429677,-55.0
2025/05/21 13:14:11.591623573,-55.0
2025/05/21 13:14:11.694567493,-56.0
2025/05/21 13:14:11.794305160,-56.0
2025/05/21 13:14:11.893918060,-56.0
2025/05/21 13:14:11.997458741,-57.00000000000001
2025/05/21 13:14:12.96107568,-57.00000000000001
2025/05/21 13:14:12.189656125,-59.71887338539244
2025/05/21 13:14:12.292294287,-60.86478897565406
2025/05/21 13:14:12.396168331,-62.0
2025/05/21 13:14:12.493153700,-62.0
2025/05/21 13:14:12.594539270,-62.0
2025/05/21 13:14:12.696279768,-62.0
2025/05/21 13:14:12.796306913,-62.0
2025/05/21 13:14:12.898442240,-62.0
2025/05/21 13:14:12.998453493,-62.0
2025/05/21 13:14:13.92638097,-61.0
2025/05/21 13:14:13.194059385,-59.99999999999999
2025/05/21 13:14:13.293077180,-59.00000000000001
2025/05/21 13:14:13.395951332,-59.00000000000001
2025/05/21 13:14:13.493217378,-58.00000000000001
2025/05/21 13:14:13.595868359,-58.00000000000001
2025/05/21 13:14:13.701260877,-57.00000000000001
2025/05/21 13:14:13.802497214,-57.00000000000001
2025/05/21 13:14:13.888204852,-57.00000000000001
2025/05/21 13:14:13.990128961,-56.0
2025/05/21 13:14:14.92928391,-53.99464771704212
2025/05/21 13:14:14.191466131,-53.99464771704212
2025/05/21 13:14:14.292533497,-55.140563307303765
2025/05/21 13:14:14.393427055,-51.416337638953415
2025/05/21 13:14:14.493826283,-50.0
2025/05/21 13:14:14.596572793,-50.0
2025/05/21 13:14:14.695090174,-50.0
2025/05/21 13:14:14.792933266,-51.0
2025/05/21 13:14:14.892670164,-52.0
2025/05/21 13:14:14.998295245,-52.0
2025/05/21 13:14:15.97774356,-50.28112661460753
2025/05/21 13:14:15.188248858,-47.41633764628503
2025/05/21 13:14:15.291831737,-44.551548670630915
2025/05/21 13:14:15.394570867,-44.0
2025/05/21 13:14:15.495289478,-44.0
2025/05/21 13:14:15.597328222,-44.0
2025/05/21 13:14:15.696868460,-44.0
2025/05/21 13:14:15.798415330,-44.0
2025/05/21 13:14:15.889826187,-45.0
2025/05/21 13:14:15.989587481,-45.0
2025/05/21 13:14:16.93409770,-45.0
2025/05/21 13:14:16.194638814,-44.0
2025/05/21 13:14:16.298909734,-45.0
2025/05/21 13:14:16.396569932,-45.0
2025/05/21 13:14:16.497550591,-45.0
2025/05/21 13:14:16.589162807,-45.0
2025/05/21 13:14:16.692132592,-46.0
2025/05/21 13:14:16.791923481,-46.0
2025/05/21 13:14:16.892482041,-46.0
2025/05/21 13:14:16.996031316,-46.0
2025/05/21 13:14:17.96825473,-47.71887338539247
2025/05/21 13:14:17.200606514,-49.0
2025/05/21 13:14:17.289417392,-49.0
2025/05/21 13:14:17.392039074,-50.0
2025/05/21 13:14:17.493086340,-50.0
2025/05/21 13:14:17.598782431,-50.0
2025/05/21 13:14:17.693734425,-50.0
2025/05/21 13:14:17.797046017,-51.0
2025/05/21 13:14:17.899224577,-51.0
2025/05/21 13:14:17.998237579,-51.0
2025/05/21 13:14:18.98421552,-51.572957795130826
2025/05/21 13:14:18.188710106,-53.0
2025/05/21 13:14:18.290266350,-53.28647889756541
2025/05/21 13:14:18.394666609,-54.0
2025/05/21 13:14:18.491631353,-53.9999999999437
2025/05/21 13:14:18.599188884,-54.572957795131806
2025/05/21 13:14:18.691495798,-55.0
2025/05/21 13:14:18.794236219,-55.0
2025/05/21 13:14:18.896075143,-55.0
2025/05/21 13:14:18.995494341,-55.572957795130826
2025/05/21 13:14:19.94824924,-56.572957795130826
2025/05/21 13:14:19.198515877,-57.00000000000001
2025/05/21 13:14:19.300970916,-57.00000000000001
2025/05/21 13:14:19.388728942,-57.00000000000001
2025/05/21 13:14:19.490143279,-57.00000000000001
2025/05/21 13:14:19.590777337,-57.572957795130826
2025/05/21 13:14:19.693667874,-58.00000000000001
2025/05/21 13:14:19.797055517,-58.00000000000001
2025/05/21 13:14:19.896302866,-58.00000000000001
2025/05/21 13:14:19.997239857,-58.00000000000001
2025/05/21 13:14:20.101465931,-56.281126614607544
2025/05/21 13:14:20.189224547,-56.281126614607544
2025/05/21 13:14:20.291742268,-54.0
2025/05/21 13:14:20.392161014,-53.0
2025/05/21 13:14:20.494112883,-53.0
2025/05/21 13:14:20.595385032,-52.0
2025/05/21 13:14:20.695730855,-52.0
2025/05/21 13:14:20.797398971,-51.0
2025/05/21 13:14:20.891941060,-51.0
2025/05/21 13:14:20.993621488,-50.0
2025/05/21 13:14:21.95240347,-48.854084409738356
2025/05/21 13:14:21.192315537,-45.989295434084234
2025/05/21 13:14:21.294512434,-43.12450645843012
2025/05/21 13:14:21.394631619,-40.259717482776
2025/05/21 13:14:21.496638017,-37.394928507121875
2025/05/21 13:14:21.596364837,-36.0
2025/05/21 13:14:21.697573155,-35.0
2025/05/21 13:14:21.800273760,-34.0
2025/05/21 13:14:21.889430521,-33.0
2025/05/21 13:14:21.989418237,-32.0
2025/05/21 13:14:22.92047915,-32.0
2025/05/21 13:14:22.192925351,-32.0
2025/05/21 13:14:22.294595931,-31.0
2025/05/21 13:14:22.394100722,-31.0
2025/05/21 13:14:22.494570109,-31.0
2025/05/21 13:14:22.594674576,-29.999999999999996
2025/05/21 13:14:22.696152170,-29.999999999999996
2025/05/21 13:14:22.799519001,-29.999999999999996
2025/05/21 13:14:22.899910995,-29.999999999999996
2025/05/21 13:14:22.989469588,-29.999999999999996
2025/05/21 13:14:23.92156828,-28.281126614607526
2025/05/21 13:14:23.189536892,-28.281126614607526
2025/05/21 13:14:23.291755848,-28.281126614607526
2025/05/21 13:14:23.392606985,-27.994647717042113
2025/05/21 13:14:23.494489326,-29.999999999999996
2025/05/21 13:14:23.594845618,-31.0
2025/05/21 13:14:23.694222143,-32.145915590261644
2025/05/21 13:14:23.794861912,-34.0
2025/05/21 13:14:23.895003824,-35.0
2025/05/21 13:14:23.996110198,-36.0
2025/05/21 13:14:24.97707776,-36.0
2025/05/21 13:14:24.189482783,-39.72422566835036
2025/05/21 13:14:24.293072784,-42.0
2025/05/21 13:14:24.396028583,-43.0
2025/05/21 13:14:24.496401006,-43.0
2025/05/21 13:14:24.599041325,-43.0
2025/05/21 13:14:24.698060166,-44.0
2025/05/21 13:14:24.797511846,-44.0
2025/05/21 13:14:24.891224027,-45.0
2025/05/21 13:14:24.989269016,-45.0
2025/05/21 13:14:25.90133223,-46.0
2025/05/21 13:14:25.191949753,-45.99999989413408
2025/05/21 13:14:25.295843805,-47.0
2025/05/21 13:14:25.395036149,-47.00000000743583
2025/05/21 13:14:25.495630987,-47.0
2025/05/21 13:14:25.601517678,-47.0
2025/05/21 13:14:25.694606863,-47.0
2025/05/21 13:14:25.794579015,-48.71887338539248
2025/05/21 13:14:25.896235075,-48.145915590261
2025/05/21 13:14:25.997473580,-49.0
2025/05/21 13:14:26.95700258,-49.0
2025/05/21 13:14:26.199908690,-49.0
2025/05/21 13:14:26.297545102,-49.0
2025/05/21 13:14:26.390544513,-49.0
2025/05/21 13:14:26.492395044,-50.0
2025/05/21 13:14:26.591247225,-50.0
2025/05/21 13:14:26.695016567,-50.0
2025/05/21 13:14:26.794352982,-50.28647889756541
2025/05/21 13:14:26.893885211,-52.86478897645806
2025/05/21 13:14:26.995068324,-53.0
2025/05/21 13:14:27.97977578,-54.0
2025/05/21 13:14:27.197832646,-54.0
2025/05/21 13:14:27.288528881,-54.0
2025/05/21 13:14:27.392429599,-56.0
2025/05/21 13:14:27.489878209,-56.00000000000054
2025/05/21 13:14:27.592578777,-56.000000000000504
2025/05/21 13:14:27.693946559,-56.286478897565416
2025/05/21 13:14:27.794689830,-57.00000000000034
2025/05/21 13:14:27.896629456,-57.00000000000001
2025/05/21 13:14:27.995677714,-57.00000000000001
2025/05/21 13:14:28.98011095,-57.00000000000001
2025/05/21 13:14:28.200410369,-57.00000000000001
2025/05/21 13:14:28.290619715,-57.572957795130826
2025/05/21 13:14:28.393655234,-58.00000000000001
2025/05/21 13:14:28.492197406,-58.00000000000001
2025/05/21 13:14:28.593145588,-57.14056330730405
2025/05/21 13:14:28.693552052,-57.00000000000001
2025/05/21 13:14:28.794419211,-56.140563307303765
2025/05/21 13:14:28.897270508,-56.0
2025/05/21 13:14:28.995956151,-55.42704220486918
2025/05/21 13:14:29.97518039,-55.0
2025/05/21 13:14:29.199535102,-55.0
2025/05/21 13:14:29.288969929,-55.0
2025/05/21 13:14:29.391735241,-55.0
2025/05/21 13:14:29.493931130,-54.427042204869174
2025/05/21 13:14:29.592171834,-53.427042204869174
2025/05/21 13:14:29.695778290,-52.140563307303765
2025/05/21 13:14:29.796009304,-51.99999986150354
2025/05/21 13:14:29.897106004,-51.42704220486918
2025/05/21 13:14:29.997452688,-50.42704220486918
2025/05/21 13:14:30.89663986,-49.42704144145021
2025/05/21 13:14:30.192452729,-48.99999976789383
2025/05/21 13:14:30.293632390,-50.145914339674775
2025/05/21 13:14:30.395419536,-52.99999964550829
2025/05/21 13:14:30.493779616,-51.99999979317438
2025/05/21 13:14:30.594836739,-52.0
2025/05/21 13:14:30.697636904,-51.0
2025/05/21 13:14:30.797388371,-51.0
2025/05/21 13:14:30.896978817,-50.140563307303765
2025/05/21 13:14:30.989389242,-49.427042204869174
2025/05/21 13:14:31.94676900,-49.0
2025/05/21 13:14:31.195352331,-48.427042204869174
2025/05/21 13:14:31.294192122,-48.572957795130826
2025/05/21 13:14:31.393903766,-50.291831180523296
2025/05/21 13:14:31.495074774,-50.572957795130826
2025/05/21 13:14:31.597405169,-51.0
2025/05/21 13:14:31.699795356,-51.0
2025/05/21 13:14:31.790541417,-51.572957795130826
2025/05/21 13:14:31.892612538,-52.00000000000046
2025/05/21 13:14:31.993341518,-52.0
2025/05/21 13:14:32.96311812,-52.0
2025/05/21 13:14:32.193930021,-52.0
2025/05/21 13:14:32.298326247,-51.42704220486918
2025/05/21 13:14:32.397971810,-48.56225322921506
2025/05/21 13:14:32.500066153,-45.697464253560945
2025/05/21 13:14:32.588207617,-42.83267527790682
2025/05/21 13:14:32.690847553,-39.96788630225271
2025/05/21 13:14:32.790401073,-37.103097326598586
2025/05/21 13:14:32.892553403,-34.238308350944465
2025/05/21 13:14:32.994104338,-31.37351937529035
2025/05/21 13:14:33.94939617,-28.50873039963623
2025/05/21 13:14:33.194063785,-25.64394142398211
2025/05/21 13:14:33.297284422,-22.77915244832799
2025/05/21 13:14:33.399111819,-19.914363472673873
2025/05/21 13:14:33.491114242,-16.476616701888933
2025/05/21 13:14:33.595630923,-13.898306623800226
2025/05/21 13:14:33.696691446,-10.747038750580694
2025/05/21 13:14:33.796595516,-7.882249774926575
2025/05/21 13:14:33.898216478,-4.444503004141633
2025/05/21 13:14:33.990019360,-2.15267182361834
2025/05/21 13:14:34.92701054,0.9985960496011879
2025/05/21 13:14:34.190986394,3.5769061276898917
2025/05/21 13:14:34.290379650,6.44169510334401
2025/05/21 13:14:34.391454851,5.854084409738353
2025/05/21 13:14:34.492730859,2.989295307627981
2025/05/21 13:14:34.596553140,-0.1619725655915461
2025/05/21 13:14:34.695993369,-2.7402826436802505
2025/05/21 13:14:34.797711260,-5.8915505168997795
2025/05/21 13:14:34.897553001,-8.469860594988488
2025/05/21 13:14:34.987888736,-11.334649570642606
2025/05/21 13:14:35.89927135,-14.772396341427548
2025/05/21 13:14:35.189996481,-17.350706419516253
2025/05/21 13:14:35.292274131,-17.064227521950844
2025/05/21 13:14:35.396714463,-14.485917443862135
2025/05/21 13:14:35.493525583,-13.340001853600489
2025/05/21 13:14:35.593341746,-10.761691775511782
2025/05/21 13:14:35.694178964,-7.896902799857663
2025/05/21 13:14:35.793620450,-5.032113824203544
2025/05/21 13:14:35.892833308,-2.1673248485494274
2025/05/21 13:14:35.992584915,0.9839430246701004
2025/05/21 13:14:36.94457552,3.848732000324216
2025/05/21 13:14:36.196346594,6.4270420784129225
2025/05/21 13:14:36.296146929,9.29183105406704
2025/05/21 13:14:36.390383664,7.57295766867457
2025/05/21 13:14:36.489938918,4.708168693020451
2025/05/21 13:14:36.592901120,1.5569008198009238
2025/05/21 13:14:36.691166192,-1.0214092582877812
2025/05/21 13:14:36.793328763,-3.886198233941897
2025/05/21 13:14:36.897476150,-6.7509872095960155
2025/05/21 13:14:36.994287403,-9.615776185250134
2025/05/21 13:14:37.97017988,-12.480565160904252
2025/05/21 13:14:37.197742227,-14.999999999999998
2025/05/21 13:14:37.298044232,-14.999999999999998
2025/05/21 13:14:37.392471732,-14.0
2025/05/21 13:14:37.489764795,-14.0
2025/05/21 13:14:37.592572143,-13.0
2025/05/21 13:14:37.692665219,-13.0
2025/05/21 13:14:37.793483948,-12.000000000000002
2025/05/21 13:14:37.894893080,-12.000000000000002
2025/05/21 13:14:37.993617534,-10.854084409738354
2025/05/21 13:14:38.96565248,-7.989295434084235
2025/05/21 13:14:38.195281918,-4.838027560864704
2025/05/21 13:14:38.298007394,-2.2597174827759994
2025/05/21 13:14:38.388881158,0.6050714928781168
2025/05/21 13:14:38.492755757,3.4698604685322323
2025/05/21 13:14:38.590263550,6.621128341751763
2025/05/21 13:14:38.694781068,9.485917317405882
2025/05/21 13:14:38.795380779,12.064227395494589
2025/05/21 13:14:38.893467783,14.929016371148705
2025/05/21 13:14:38.995858726,17.793805346802824
2025/05/21 13:14:39.95153041,17.0
2025/05/21 13:14:39.196390026,17.0
2025/05/21 13:14:39.298117374,16.0
2025/05/21 13:14:39.387993899,16.0
2025/05/21 13:14:39.488986085,14.999999999999998
2025/05/21 13:14:39.589637348,14.999999999999998
2025/05/21 13:14:39.690463933,14.0
2025/05/21 13:14:39.797847868,14.0
2025/05/21 13:14:39.894311284,14.0
2025/05/21 13:14:39.996859291,14.0
2025/05/21 13:14:40.97085671,14.0
2025/05/21 13:14:40.188650080,14.0
2025/05/21 13:14:40.288756744,14.999999999999998
2025/05/21 13:14:40.390285388,14.999999999999998
2025/05/21 13:14:40.491892366,14.999999999999998
2025/05/21 13:14:40.592579468,14.999999999999998
2025/05/21 13:14:40.692589941,14.999999999999998
2025/05/21 13:14:40.799416551,14.999999999999998
2025/05/21 13:14:40.900025350,14.0
2025/05/21 13:14:40.989288324,14.0
2025/05/21 13:14:41.89661045,14.0
2025/05/21 13:14:41.194698918,14.0
2025/05/21 13:14:41.295131783,13.0
2025/05/21 13:14:41.395902008,13.0
2025/05/21 13:14:41.496622887,13.0
2025/05/21 13:14:41.597107992,13.0
2025/05/21 13:14:41.688587461,12.000000000000002
2025/05/21 13:14:41.788677316,12.000000000000002
2025/05/21 13:14:41.890121636,12.000000000000002
2025/05/21 13:14:41.991953948,11.0
2025/05/21 13:14:42.97823029,11.0
2025/05/21 13:14:42.192550828,11.0
2025/05/21 13:14:42.293779752,10.0
2025/05/21 13:14:42.395949780,10.0
2025/05/21 13:14:42.496917851,10.0
2025/05/21 13:14:42.596512360,10.0
2025/05/21 13:14:42.697176637,9.0
2025/05/21 13:14:42.797627501,9.0
2025/05/21 13:14:42.889822140,9.0
2025/05/21 13:14:42.989025385,10.0
2025/05/21 13:14:43.91867292,10.0
2025/05/21 13:14:43.191362995,10.0
2025/05/21 13:14:43.292802220,10.0
2025/05/21 13:14:43.395366652,10.0
2025/05/21 13:14:43.493813728,10.0
2025/05/21 13:14:43.595158963,10.0
2025/05/21 13:14:43.688200698,10.0
2025/05/21 13:14:43.791460521,10.0
2025/05/21 13:14:43.890079087,8.854084409738352
2025/05/21 13:14:43.990410504,5.989295434084234
2025/05/21 13:14:44.94048733,3.410985355995527
2025/05/21 13:14:44.193998187,0.2597174827759999
2025/05/21 13:14:44.294292874,-2.3185925953127047
2025/05/21 13:14:44.395234771,-5.469860468532233
2025/05/21 13:14:44.494514081,-8.04817054662094
2025/05/21 13:14:44.596430005,-8.0
2025/05/21 13:14:44.696918169,-7.0
2025/05/21 13:14:44.798274161,-7.0
2025/05/21 13:14:44.889939863,-6.000000000000001
2025/05/21 13:14:44.993740414,-7.43239448782706
2025/05/21 13:14:45.92996174,-8.86478897565412
2025/05/21 13:14:45.193230186,-11.729577951308238
2025/05/21 13:14:45.296320494,-14.307888029396945
2025/05/21 13:14:45.397543692,-14.999999999999998
2025/05/21 13:14:45.496568004,-14.0
2025/05/21 13:14:45.597034926,-13.0
2025/05/21 13:14:45.687880182,-12.000000000000002
2025/05/21 13:14:45.790002620,-11.0
2025/05/21 13:14:45.891773002,-11.0
2025/05/21 13:14:45.996579232,-8.708168819476704
2025/05/21 13:14:46.97721271,-5.843379843822586
2025/05/21 13:14:46.198473622,-2.9785908681684683
2025/05/21 13:14:46.288369436,-0.11380189251435266
2025/05/21 13:14:46.389964786,3.8969026734014096
2025/05/21 13:14:46.490338790,7.334649444186352
2025/05/21 13:14:46.592802584,9.626480624709647
2025/05/21 13:14:46.694334285,10.0
2025/05/21 13:14:46.795222019,10.0
2025/05/21 13:14:46.895732796,9.427042204869176
2025/05/21 13:14:46.997617547,9.572957795130824
2025/05/21 13:14:47.97943303,10.0
2025/05/21 13:14:47.188003342,10.0
2025/05/21 13:14:47.289201378,10.0
2025/05/21 13:14:47.389665357,10.0
2025/05/21 13:14:47.493199792,10.0
2025/05/21 13:14:47.592942806,9.140563307303765
2025/05/21 13:14:47.692801734,9.0
2025/05/21 13:14:47.795142455,9.0
2025/05/21 13:14:47.894113580,8.427042204869176
2025/05/21 13:14:47.995647073,5.562253229215058
2025/05/21 13:14:48.96305812,3.0000000000000004
2025/05/21 13:14:48.197462520,3.0000000000000004
2025/05/21 13:14:48.299220366,3.859436692696235
2025/05/21 13:14:48.389434123,4.0
2025/05/21 13:14:48.489982074,4.0
2025/05/21 13:14:48.593962645,4.0
2025/05/21 13:14:48.695689653,4.0
2025/05/21 13:14:48.797498144,4.0
2025/05/21 13:14:48.897209581,4.572957795130824
2025/05/21 13:14:48.987653352,7.724225668350353
2025/05/21 13:14:49.88594242,8.859436692696235
2025/05/21 13:14:49.189562212,9.0
2025/05/21 13:14:49.292533083,9.0
2025/05/21 13:14:49.390806113,9.572957795130824
2025/05/21 13:14:49.495107472,10.0
2025/05/21 13:14:49.593627349,10.0
2025/05/21 13:14:49.696549736,10.572957795130824
2025/05/21 13:14:49.800206296,11.0
2025/05/21 13:14:49.898721679,11.0
2025/05/21 13:14:49.987959493,11.572957795130824
2025/05/21 13:14:50.90275039,12.000000000000002
2025/05/21 13:14:50.190878702,12.859436692696237
2025/05/21 13:14:50.290858521,13.0
2025/05/21 13:14:50.391478740,13.0
2025/05/21 13:14:50.492561325,13.572957795130824
2025/05/21 13:14:50.593942763,14.0
2025/05/21 13:14:50.694313548,14.0
2025/05/21 13:14:50.795172865,14.999999999999998
2025/05/21 13:14:50.891939807,13.281126614607528
2025/05/21 13:14:50.991722162,11.28112661460753
2025/05/21 13:14:51.94084831,9.0
2025/05/21 13:14:51.192338962,9.0
2025/05/21 13:14:51.293730787,8.0
2025/05/21 13:14:51.396088489,8.0
2025/05/21 13:14:51.495199549,8.0
2025/05/21 13:14:51.596366022,8.0
2025/05/21 13:14:51.696984384,8.0
2025/05/21 13:14:51.788012268,8.0
2025/05/21 13:14:51.893244502,4.994647717042117
2025/05/21 13:14:51.991104439,4.708168819476706
2025/05/21 13:14:52.92143203,2.129858741388001
2025/05/21 13:14:52.192391213,-3.599719209920231
2025/05/21 13:14:52.295692364,-6.464508185574349
2025/05/21 13:14:52.396588528,-9.329297161228467
2025/05/21 13:14:52.497913310,-11.04817054662094
2025/05/21 13:14:52.595287434,-13.912959522275058
2025/05/21 13:14:52.698609140,-16.777748497929174
2025/05/21 13:14:52.797184319,-19.929016371148705
2025/05/21 13:14:52.888781768,-21.074931961410353
2025/05/21 13:14:52.990760222,-18.210142985756235
2025/05/21 13:14:53.93985838,-15.631832907667528
2025/05/21 13:14:53.192686043,-12.76704393201341
2025/05/21 13:14:53.292694322,-9.90225495635929
2025/05/21 13:14:53.394728246,-7.037465980705171
2025/05/21 13:14:53.496990219,-4.172677005051053
2025/05/21 13:14:53.596485587,-1.307888029396937
2025/05/21 13:14:53.697784604,1.5569009462571795
2025/05/21 13:14:53.788090775,3.0000000000000004
2025/05/21 13:14:53.889473092,3.859436692696235
2025/05/21 13:14:53.990063356,6.724225668350353
2025/05/21 13:14:54.90405050,9.589014644004472
2025/05/21 13:14:54.194241216,11.021409131831533
2025/05/21 13:14:54.297726537,11.0
2025/05/21 13:14:54.390185211,10.427042204869176
2025/05/21 13:14:54.492526329,10.0
2025/05/21 13:14:54.594005789,9.427042204869176
2025/05/21 13:14:54.695926316,9.0
2025/05/21 13:14:54.796075879,9.0
2025/05/21 13:14:54.895257289,8.427042204869176
2025/05/21 13:14:54.996168921,8.572957795130824
2025/05/21 13:14:55.96989077,9.0
2025/05/21 13:14:55.189710570,9.0
2025/05/21 13:14:55.292704850,9.0
2025/05/21 13:14:55.393315490,9.0
2025/05/21 13:14:55.493964779,10.0
2025/05/21 13:14:55.596002640,10.0
2025/05/21 13:14:55.695447531,10.0
2025/05/21 13:14:55.796091012,10.0
2025/05/21 13:14:55.897587672,10.0
2025/05/21 13:14:55.989499087,10.0
2025/05/21 13:14:56.91463327,11.0
2025/05/21 13:14:56.191633527,12.000000000000002
2025/05/21 13:14:56.293235294,12.000000000000002
2025/05/21 13:14:56.396094613,12.000000000000002
2025/05/21 13:14:56.494225706,13.0
2025/05/21 13:14:56.596295930,14.0
2025/05/21 13:14:56.698466301,14.572957795130824
2025/05/21 13:14:56.788163894,14.999999999999998
2025/05/21 13:14:56.889644120,14.999999999999998
2025/05/21 13:14:56.990233436,14.140563307303763
2025/05/21 13:14:57.92337763,13.427042204869178
2025/05/21 13:14:57.192920546,13.0
2025/05/21 13:14:57.295293577,13.0
2025/05/21 13:14:57.398378457,12.427042204869178
2025/05/21 13:14:57.498689430,12.000000000000002
2025/05/21 13:14:57.589004793,11.427042204869178
2025/05/21 13:14:57.690469241,11.0
2025/05/21 13:14:57.794574678,11.0
2025/05/21 13:14:57.894245735,10.427042204869176
2025/05/21 13:14:57.999079467,9.140563307303765
2025/05/21 13:14:58.97324832,7.135211024345881
2025/05/21 13:14:58.197589949,4.270422048691763
2025/05/21 13:14:58.290763651,1.1191541754722347
2025/05/21 13:14:58.393413297,-1.45915590261647
2025/05/21 13:14:58.496205488,-4.896902673401409
2025/05/21 13:14:58.599233506,-8.334649444186352
2025/05/21 13:14:58.688243217,-10.91295952227506
2025/05/21 13:14:58.790475417,-12.000000000000002
2025/05/21 13:14:58.890235654,-11.427042204869178
2025/05/21 13:14:58.991199862,-10.427042204869176
2025/05/21 13:14:59.91563864,-7.562253229215057
2025/05/21 13:14:59.195390123,-4.6974642535609386
2025/05/21 13:14:59.295529147,-1.8326752779068225
2025/05/21 13:14:59.397250967,-8.620910738379216e-34
2025/05/21 13:14:59.496975446,-8.620910738379216e-34
2025/05/21 13:14:59.596852997,-8.620910738379216e-34
2025/05/21 13:14:59.689201241,-6.212020862233518e-20
2025/05/21 13:14:59.793331451,3.1060104311166296e-20
2025/05/21 13:14:59.892728908,-8.620910738379216e-34
2025/05/21 13:14:59.994411395,0.5729577951308232
2025/05/21 13:15:00.93784765,3.7242256683503503
2025/05/21 13:15:00.195284251,6.589014644004469
2025/05/21 13:15:00.295017430,9.453803619658586
2025/05/21 13:15:00.397243593,10.0
2025/05/21 13:15:00.490296933,10.0
2025/05/21 13:15:00.599054376,9.427042204869176
2025/05/21 13:15:00.693294518,9.0
2025/05/21 13:15:00.795338574,9.0
2025/05/21 13:15:00.897581866,9.0
2025/05/21 13:15:00.999589688,8.427042204869176
2025/05/21 13:15:01.97658520,8.0
2025/05/21 13:15:01.189075866,7.427042204869176
2025/05/21 13:15:01.289386164,7.0
2025/05/21 13:15:01.390117768,7.0
2025/05/21 13:15:01.493331177,7.0
2025/05/21 13:15:01.595373077,6.140563307303765
2025/05/21 13:15:01.695342654,6.000000000000001
2025/05/21 13:15:01.797069195,6.000000000000001
2025/05/21 13:15:01.897996491,5.427042204869177
2025/05/21 13:15:01.998588985,5.0
2025/05/21 13:15:02.99320858,5.0
2025/05/21 13:15:02.189177352,5.0
2025/05/21 13:15:02.289311641,4.713521102434588
2025/05/21 13:15:02.392509418,4.0
2025/05/21 13:15:02.492653727,4.0
2025/05/21 13:15:02.596283291,4.0
2025/05/21 13:15:02.696282044,4.0
2025/05/21 13:15:02.796415080,4.0
2025/05/21 13:15:02.899147991,3.427042204869177
2025/05/21 13:15:02.999647834,2.4270422048691773
2025/05/21 13:15:03.88457872,-0.7242256683503505
2025/05/21 13:15:03.193879309,-3.5890146440044663
2025/05/21 13:15:03.294116630,-6.1673247220931735
2025/05/21 13:15:03.395354928,-9.032113697747292
2025/05/21 13:15:03.492221923,-11.89690267340141
2025/05/21 13:15:03.593815469,-14.761691649055528
2025/05/21 13:15:03.695902976,-17.0
2025/05/21 13:15:03.797588800,-16.427042204869178
2025/05/21 13:15:03.890673052,-16.0
2025/05/21 13:15:03.990661223,-17.145915590261648
2025/05/21 13:15:04.95028536,-20.010704565915766
2025/05/21 13:15:04.193869533,-23.161972439135297
2025/05/21 13:15:04.294163222,-25.740282517224003
2025/05/21 13:15:04.395750452,-28.89155039044353
2025/05/21 13:15:04.497925728,-31.46986046853224
2025/05/21 13:15:04.599063659,-34.334649444186354
2025/05/21 13:15:04.688133519,-37.199438419840476
2025/05/21 13:15:04.789663882,-40.0
2025/05/21 13:15:04.891335337,-39.0
2025/05/21 13:15:04.996524048,-38.0
2025/05/21 13:15:05.91862537,-37.0
2025/05/21 13:15:05.195418252,-36.0
2025/05/21 13:15:05.295891619,-37.145915590261644
2025/05/21 13:15:05.398514234,-40.010704565915766
2025/05/21 13:15:05.498047499,-42.87549354156989
2025/05/21 13:15:05.589467982,-46.02676141478941
2025/05/21 13:15:05.691151951,-47.0
2025/05/21 13:15:05.791082550,-46.0
2025/05/21 13:15:05.892713569,-45.0
2025/05/21 13:15:05.995107873,-44.0
2025/05/21 13:15:06.96594597,-43.0
2025/05/21 13:15:06.188508598,-42.0
2025/05/21 13:15:06.290743392,-41.0
2025/05/21 13:15:06.393653427,-39.854084409738356
2025/05/21 13:15:06.494090262,-36.702816536518824
2025/05/21 13:15:06.593788304,-34.12450645843012
2025/05/21 13:15:06.696172366,-31.259717482775997
2025/05/21 13:15:06.796203514,-28.39492850712188
2025/05/21 13:15:06.897222339,-25.243660633902348
2025/05/21 13:15:06.998504741,-22.37887165824823
2025/05/21 13:15:07.90332557,-19.80056158015952
2025/05/21 13:15:07.192761691,-18.0
2025/05/21 13:15:07.293657090,-20.005352282957883
2025/05/21 13:15:07.392125772,-20.86478897565412
2025/05/21 13:15:07.493518906,-24.01605684887365
2025/05/21 13:15:07.595393192,-26.880845824527768
2025/05/21 13:15:07.696462714,-29.000000000000004
2025/05/21 13:15:07.795071707,-29.000000000000004
2025/05/21 13:15:07.896305776,-28.0
2025/05/21 13:15:07.996941124,-27.0
2025/05/21 13:15:08.100859679,-27.0
2025/05/21 13:15:08.192783331,-27.0
2025/05/21 13:15:08.294589180,-26.0
2025/05/21 13:15:08.395396034,-27.145915590261648
2025/05/21 13:15:08.499657068,-29.43774677078494
2025/05/21 13:15:08.597538230,-32.30253574643906
2025/05/21 13:15:08.687829981,-35.16732472209318
2025/05/21 13:15:08.790278946,-38.0321136977473
2025/05/21 13:15:08.890365469,-40.896902673401414
2025/05/21 13:15:08.990637334,-43.0
2025/05/21 13:15:09.91669630,-42.42704220486918
2025/05/21 13:15:09.199621383,-41.140563307303765
2025/05/21 13:15:09.293512922,-41.572957795130826
2025/05/21 13:15:09.393293971,-44.43774677078494
2025/05/21 13:15:09.490255277,-47.30253574643906
2025/05/21 13:15:09.594962744,-50.0
2025/05/21 13:15:09.693610000,-49.427042204869174
2025/05/21 13:15:09.794802813,-49.0
2025/05/21 13:15:09.894268580,-48.427042204869174
2025/05/21 13:15:09.999110263,-47.14056330730377
2025/05/21 13:15:10.96142520,-46.42704220486918
2025/05/21 13:15:10.197824909,-46.0
2025/05/21 13:15:10.299310324,-45.427042204869174
2025/05/21 13:15:10.394563311,-42.27577433164965
2025/05/21 13:15:10.495710912,-39.69746425356094
2025/05/21 13:15:10.596449336,-36.83267527790682
2025/05/21 13:15:10.697081575,-33.9678863022527
2025/05/21 13:15:10.797818252,-31.103097326598583
2025/05/21 13:15:10.889897166,-28.238308350944465
2025/05/21 13:15:10.990390484,-25.373519375290346
2025/05/21 13:15:11.100529660,-22.508730399636228
2025/05/21 13:15:11.198537217,-19.64394142398211
2025/05/21 13:15:11.297628140,-16.49267355076258
2025/05/21 13:15:11.389557013,-13.62788457510846
2025/05/21 13:15:11.491994922,-11.049574497019753
2025/05/21 13:15:11.590915139,-8.184785521365635
2025/05/21 13:15:11.692309600,-5.319996545711516
2025/05/21 13:15:11.794617219,-2.4552075700573988
2025/05/21 13:15:11.896870088,0.4095814055967174
2025/05/21 13:15:11.993819709,3.274370381250833
2025/05/21 13:15:12.94913556,6.139159356904951
2025/05/21 13:15:12.196458546,8.0
2025/05/21 13:15:12.290044359,7.427042204869176
2025/05/21 13:15:12.390112230,3.702816536518822
2025/05/21 13:15:12.490897710,0.8380275608647066
2025/05/21 13:15:12.591222874,-2.0267614147894095
2025/05/21 13:15:12.695450681,-4.605071492878114
2025/05/21 13:15:12.794534010,-7.469860468532233
2025/05/21 13:15:12.894179525,-10.334649444186352
2025/05/21 13:15:12.994935250,-13.485917317405882
2025/05/21 13:15:13.97321231,-16.35070629306
2025/05/21 13:15:13.197866111,-18.92901637114871
2025/05/21 13:15:13.287701717,-21.793805346802827
2025/05/21 13:15:13.388833835,-24.658594322456945
2025/05/21 13:15:13.490364773,-27.523383298111064
2025/05/21 13:15:13.590212215,-30.38817227376518
2025/05/21 13:15:13.693471660,-33.2529612494193
2025/05/21 13:15:13.795218698,-36.117750225073415
2025/05/21 13:15:13.895030410,-38.98253920072754
2025/05/21 13:15:13.996600871,-41.84732817638165
2025/05/21 13:15:14.97122316,-44.71211715203577
2025/05/21 13:15:14.192390039,-47.863385025255305
2025/05/21 13:15:14.292720748,-51.014652898474836
2025/05/21 13:15:14.394879233,-53.59296297656354
2025/05/21 13:15:14.496257922,-54.0
2025/05/21 13:15:14.597635908,-54.0
2025/05/21 13:15:14.687918454,-53.0
2025/05/21 13:15:14.791314385,-53.0
2025/05/21 13:15:14.891729622,-53.0
2025/05/21 13:15:14.994234704,-52.0
2025/05/21 13:15:15.93515780,-51.71352110243459
2025/05/21 13:15:15.192437275,-51.0
2025/05/21 13:15:15.293337809,-50.71352110243459
2025/05/21 13:15:15.396610230,-50.0
2025/05/21 13:15:15.499288214,-47.135211024345885
2025/05/21 13:15:15.597436903,-44.27042204869176
2025/05/21 13:15:15.689798424,-41.40563307303764
2025/05/21 13:15:15.789426917,-38.54084409738353
2025/05/21 13:15:15.890058264,-35.676055121729405
2025/05/21 13:15:15.993991563,-32.81126614607529
2025/05/21 13:15:16.94634022,-29.65999827285576
2025/05/21 13:15:16.196684815,-28.0
2025/05/21 13:15:16.297498373,-28.0
2025/05/21 13:15:16.388126226,-27.427042204869178
2025/05/21 13:15:16.489613009,-24.56225322921506
2025/05/21 13:15:16.590545283,-21.41098535599553
2025/05/21 13:15:16.690245143,-18.832675277906823
2025/05/21 13:15:16.794011600,-16.254365199818114
2025/05/21 13:15:16.895328560,-13.676055121729409
2025/05/21 13:15:16.996273467,-10.811266146075289
2025/05/21 13:15:17.95290766,-7.94647717042117
2025/05/21 13:15:17.196085436,-7.0
2025/05/21 13:15:17.298105432,-7.0
2025/05/21 13:15:17.400770561,-7.286478897565412
2025/05/21 13:15:17.487969397,-10.151267873219531
2025/05/21 13:15:17.593122928,-12.729577951308238
2025/05/21 13:15:17.696260507,-15.594366926962357
2025/05/21 13:15:17.796325215,-18.459155902616477
2025/05/21 13:15:17.899688548,-21.323944878270595
2025/05/21 13:15:17.989557151,-24.475212751490123
2025/05/21 13:15:18.89673383,-27.05352282957883
2025/05/21 13:15:18.190889914,-29.918311805232946
2025/05/21 13:15:18.291116590,-32.78310078088707
2025/05/21 13:15:18.393434422,-35.64788975654118
2025/05/21 13:15:18.497426240,-38.512678732195305
2025/05/21 13:15:18.594621103,-41.37746770784942
2025/05/21 13:15:18.694872999,-44.24225668350354
2025/05/21 13:15:18.796702199,-47.39352455672307
2025/05/21 13:15:18.898624145,-49.97183463481178
2025/05/21 13:15:18.997141985,-50.0
2025/05/21 13:15:19.97956431,-50.0
2025/05/21 13:15:19.190778360,-50.0
2025/05/21 13:15:19.295712534,-49.0
2025/05/21 13:15:19.391198930,-49.0
2025/05/21 13:15:19.496562734,-48.00000000000001
2025/05/21 13:15:19.596977304,-47.0
2025/05/21 13:15:19.696808055,-47.0
2025/05/21 13:15:19.796349994,-47.0
2025/05/21 13:15:19.896795221,-46.0
2025/05/21 13:15:20.347602,-46.0
2025/05/21 13:15:20.88078622,-46.0
2025/05/21 13:15:20.195089564,-45.71352110243459
2025/05/21 13:15:20.294733361,-45.0
2025/05/21 13:15:20.397753199,-45.0
2025/05/21 13:15:20.497428972,-45.0
2025/05/21 13:15:20.590292324,-44.0
2025/05/21 13:15:20.691033547,-44.0
2025/05/21 13:15:20.794712909,-44.0
2025/05/21 13:15:20.895525940,-43.0
2025/05/21 13:15:20.996583783,-43.0
2025/05/21 13:15:21.90780348,-43.0
2025/05/21 13:15:21.197466862,-43.0
2025/05/21 13:15:21.293301637,-42.0
2025/05/21 13:15:21.395762287,-42.0
2025/05/21 13:15:21.496240665,-39.135211024345885
2025/05/21 13:15:21.597036430,-37.0
2025/05/21 13:15:21.690087575,-36.0
2025/05/21 13:15:21.791011008,-36.0
2025/05/21 13:15:21.894036154,-36.0
2025/05/21 13:15:21.995225647,-36.0
2025/05/21 13:15:22.96470908,-36.0
2025/05/21 13:15:22.196103199,-36.0
2025/05/21 13:15:22.298171412,-36.0
2025/05/21 13:15:22.397853091,-36.28647889756541
2025/05/21 13:15:22.488692975,-39.0
2025/05/21 13:15:22.593481976,-39.0
2025/05/21 13:15:22.690207774,-39.0
2025/05/21 13:15:22.791602515,-38.713521102434584
2025/05/21 13:15:22.893300753,-38.0
2025/05/21 13:15:22.997011634,-38.0
2025/05/21 13:15:23.94744607,-38.0
2025/05/21 13:15:23.196510972,-38.0
2025/05/21 13:15:23.298968322,-38.0
2025/05/21 13:15:23.389534067,-38.286478897565416
2025/05/21 13:15:23.490493233,-39.0
2025/05/21 13:15:23.592794897,-39.0
2025/05/21 13:15:23.691989335,-41.864788975654115
2025/05/21 13:15:23.794851452,-43.0
2025/05/21 13:15:23.895867063,-43.0
2025/05/21 13:15:23.996827496,-43.0
2025/05/21 13:15:24.89202242,-43.0
2025/05/21 13:15:24.189240068,-42.0
2025/05/21 13:15:24.289690684,-42.0
2025/05/21 13:15:24.394000406,-42.0
2025/05/21 13:15:24.496002661,-42.0
2025/05/21 13:15:24.595373829,-42.0
2025/05/21 13:15:24.695487092,-40.0
2025/05/21 13:15:24.788243411,-40.0
2025/05/21 13:15:24.890004974,-40.0
2025/05/21 13:15:24.993985873,-40.0
2025/05/21 13:15:25.91002547,-40.0
2025/05/21 13:15:25.193767411,-40.0
2025/05/21 13:15:25.295942805,-40.0
2025/05/21 13:15:25.396384288,-39.71352110243459
2025/05/21 13:15:25.494527749,-39.0
2025/05/21 13:15:25.594909958,-39.0
2025/05/21 13:15:25.697348421,-39.0
2025/05/21 13:15:25.797292428,-39.0
2025/05/21 13:15:25.898631273,-39.0
2025/05/21 13:15:25.987845701,-39.0
2025/05/21 13:15:26.91932113,-39.0
2025/05/21 13:15:26.190745373,-39.0
2025/05/21 13:15:26.292592564,-39.0
2025/05/21 13:15:26.393178650,-39.0
2025/05/21 13:15:26.496463156,-39.0
2025/05/21 13:15:26.597126215,-37.28112661460753
2025/05/21 13:15:26.697621730,-36.0
2025/05/21 13:15:26.792926603,-36.0
2025/05/21 13:15:26.893837514,-36.0
2025/05/21 13:15:26.995832206,-36.0
2025/05/21 13:15:27.95803157,-36.0
2025/05/21 13:15:27.195773833,-36.0
2025/05/21 13:15:27.297196552,-36.0
2025/05/21 13:15:27.398820486,-36.0
2025/05/21 13:15:27.491634798,-36.0
2025/05/21 13:15:27.590656444,-37.71887338539247
2025/05/21 13:15:27.694578543,-39.0
2025/05/21 13:15:27.794241992,-39.0
2025/05/21 13:15:27.894855255,-39.0
2025/05/21 13:15:27.996402457,-38.0
2025/05/21 13:15:28.97595132,-40.291831180523296
2025/05/21 13:15:28.198275110,-42.0
2025/05/21 13:15:28.288986601,-42.0
2025/05/21 13:15:28.389144454,-42.0
2025/05/21 13:15:28.489821807,-42.0
2025/05/21 13:15:28.591215008,-42.0
2025/05/21 13:15:28.691632038,-42.0
2025/05/21 13:15:28.793915360,-42.0
2025/05/21 13:15:28.894033876,-42.0
2025/05/21 13:15:28.997276023,-42.0
2025/05/21 13:15:29.102668400,-40.854084409738356
2025/05/21 13:15:29.190285290,-39.0
2025/05/21 13:15:29.291324986,-39.0
2025/05/21 13:15:29.392043256,-39.0
2025/05/21 13:15:29.492909155,-39.0
2025/05/21 13:15:29.594790901,-39.0
2025/05/21 13:15:29.697399875,-39.0
2025/05/21 13:15:29.798659699,-39.0
2025/05/21 13:15:29.902109956,-39.0
2025/05/21 13:15:29.997639815,-40.71887338539247
2025/05/21 13:15:30.88915731,-41.0
2025/05/21 13:15:30.189021734,-41.0
2025/05/21 13:15:30.292405887,-41.0
2025/05/21 13:15:30.393918435,-41.0
2025/05/21 13:15:30.491771800,-41.0
2025/05/21 13:15:30.594601077,-41.0
2025/05/21 13:15:30.693619272,-41.0
2025/05/21 13:15:30.798535398,-41.0
2025/05/21 13:15:30.898876525,-41.0
2025/05/21 13:15:30.991114256,-42.71887338539247
2025/05/21 13:15:31.89463677,-43.00535228295789
2025/05/21 13:15:31.190997179,-46.0
2025/05/21 13:15:31.299882230,-46.0
2025/05/21 13:15:31.395383625,-46.0
2025/05/21 13:15:31.496545664,-46.0
2025/05/21 13:15:31.591358477,-46.0
2025/05/21 13:15:31.694234023,-46.0
2025/05/21 13:15:31.794255153,-46.0
2025/05/21 13:15:31.894803665,-46.0
2025/05/21 13:15:31.996392365,-46.0
2025/05/21 13:15:32.98516936,-46.0
2025/05/21 13:15:32.188338826,-48.00000000000001
2025/05/21 13:15:32.289862007,-48.00000000000001
2025/05/21 13:15:32.390560901,-48.00000000000001
2025/05/21 13:15:32.490351830,-48.00000000000001
2025/05/21 13:15:32.591455745,-48.00000000000001
2025/05/21 13:15:32.694296800,-48.00000000000001
2025/05/21 13:15:32.801864868,-48.00000000000001
2025/05/21 13:15:32.892948641,-48.00000000000001
2025/05/21 13:15:32.995777068,-48.00000000000001
2025/05/21 13:15:33.102174082,-47.42704220486918
2025/05/21 13:15:33.197614227,-44.56225322921506
2025/05/21 13:15:33.289159068,-42.27042204869176
2025/05/21 13:15:33.390279743,-40.0
2025/05/21 13:15:33.493566748,-40.0
2025/05/21 13:15:33.590645729,-40.0
2025/05/21 13:15:33.691186327,-40.0
2025/05/21 13:15:33.793513187,-40.0
2025/05/21 13:15:33.894015610,-40.0
2025/05/21 13:15:33.995460368,-40.0
2025/05/21 13:15:34.97338200,-40.0
2025/05/21 13:15:34.191707951,-39.427042204869174
2025/05/21 13:15:34.291681380,-36.27577433164964
2025/05/21 13:15:34.394181814,-33.41098535599553
2025/05/21 13:15:34.495379228,-33.0
2025/05/21 13:15:34.596443698,-33.0
2025/05/21 13:15:34.695920820,-33.0
2025/05/21 13:15:34.797167172,-33.0
2025/05/21 13:15:34.891949178,-33.0
2025/05/21 13:15:34.993308872,-33.859436692696235
2025/05/21 13:15:35.95093129,-37.010704565915766
2025/05/21 13:15:35.195044471,-39.58901464400447
2025/05/21 13:15:35.295265930,-41.0
2025/05/21 13:15:35.397501944,-41.0
2025/05/21 13:15:35.496978486,-41.0
2025/05/21 13:15:35.597891864,-41.0
2025/05/21 13:15:35.701852914,-41.0
2025/05/21 13:15:35.788198499,-41.0
2025/05/21 13:15:35.889996773,-41.0
2025/05/21 13:15:35.994230674,-41.859436692696235
2025/05/21 13:15:36.93657784,-43.572957795130826
2025/05/21 13:15:36.194679773,-44.0
2025/05/21 13:15:36.297158368,-44.0
2025/05/21 13:15:36.397825068,-43.427042204869174
2025/05/21 13:15:36.488209899,-43.0
2025/05/21 13:15:36.588492963,-43.0
2025/05/21 13:15:36.692538424,-43.0
2025/05/21 13:15:36.796676871,-43.0
2025/05/21 13:15:36.896459527,-43.0
2025/05/21 13:15:36.997530042,-43.572957795130826
2025/05/21 13:15:37.97186058,-46.72422566835036
2025/05/21 13:15:37.190053865,-47.14056330730377
2025/05/21 13:15:37.289888376,-47.0
2025/05/21 13:15:37.391877340,-47.0
2025/05/21 13:15:37.496965153,-47.0
2025/05/21 13:15:37.588086978,-47.0
2025/05/21 13:15:37.689895606,-47.0
2025/05/21 13:15:37.791486082,-47.0
2025/05/21 13:15:37.893393015,-47.0
2025/05/21 13:15:37.993365359,-47.572957795130826
2025/05/21 13:15:38.94914537,-50.72422566835036
2025/05/21 13:15:38.195528337,-53.58901464400448
2025/05/21 13:15:38.296690959,-56.0
2025/05/21 13:15:38.397386817,-56.0
2025/05/21 13:15:38.488084836,-56.0
2025/05/21 13:15:38.590226569,-56.0
2025/05/21 13:15:38.691933264,-56.0
2025/05/21 13:15:38.795330540,-56.0
2025/05/21 13:15:38.893255797,-56.0
2025/05/21 13:15:38.995713964,-55.140563307303765
2025/05/21 13:15:39.97077229,-55.0
2025/05/21 13:15:39.196561961,-55.0
2025/05/21 13:15:39.298191249,-55.0
2025/05/21 13:15:39.390605183,-55.0
2025/05/21 13:15:39.494048411,-55.0
2025/05/21 13:15:39.591702027,-55.0
2025/05/21 13:15:39.694073293,-55.0
2025/05/21 13:15:39.797683729,-55.0
2025/05/21 13:15:39.897365566,-55.0
2025/05/21 13:15:39.989523317,-53.56760551217294
2025/05/21 13:15:40.92132008,-52.0
2025/05/21 13:15:40.191441579,-52.0
2025/05/21 13:15:40.294600243,-52.0
2025/05/21 13:15:40.395607826,-52.0
2025/05/21 13:15:40.495688729,-52.0
2025/05/21 13:15:40.595996350,-52.0
2025/05/21 13:15:40.697053178,-52.0
2025/05/21 13:15:40.797465170,-52.0
2025/05/21 13:15:40.890005424,-52.0
2025/05/21 13:15:40.991189959,-50.28112661460753
2025/05/21 13:15:41.91424161,-47.416337638953415
2025/05/21 13:15:41.192901747,-47.416337638953415
2025/05/21 13:15:41.295008461,-41.68675968764518
2025/05/21 13:15:41.393060034,-41.0
2025/05/21 13:15:41.495655276,-41.0
2025/05/21 13:15:41.595965830,-41.0
2025/05/21 13:15:41.696953863,-41.0
2025/05/21 13:15:41.796522706,-41.0
2025/05/21 13:15:41.889887493,-41.0
2025/05/21 13:15:41.994337002,-41.0
2025/05/21 13:15:42.92192399,-38.135211024345885
2025/05/21 13:15:42.192913999,-35.55690094625717
2025/05/21 13:15:42.297531798,-33.0
2025/05/21 13:15:42.394773888,-33.286478897565416
2025/05/21 13:15:42.498185439,-34.0
2025/05/21 13:15:42.590802570,-34.0
2025/05/21 13:15:42.694826139,-34.0
2025/05/21 13:15:42.795567073,-34.0
2025/05/21 13:15:42.894571136,-34.0
2025/05/21 13:15:42.996940324,-34.286478897565416
2025/05/21 13:15:43.97913449,-35.28647889756541
2025/05/21 13:15:43.197950459,-36.0
2025/05/21 13:15:43.296867083,-36.0
2025/05/21 13:15:43.390792656,-37.0
2025/05/21 13:15:43.492779292,-37.0
2025/05/21 13:15:43.594893398,-37.0
2025/05/21 13:15:43.696723680,-37.0
2025/05/21 13:15:43.800585028,-37.0
2025/05/21 13:15:43.897233888,-37.0
2025/05/21 13:15:43.988944303,-37.0
2025/05/21 13:15:44.90099498,-40.15126787321953
2025/05/21 13:15:44.193441876,-42.72957795130824
2025/05/21 13:15:44.291266284,-43.0
2025/05/21 13:15:44.392250651,-43.0
2025/05/21 13:15:44.495006134,-43.0
2025/05/21 13:15:44.596421477,-43.0
2025/05/21 13:15:44.699521359,-43.0
2025/05/21 13:15:44.795885470,-43.0
2025/05/21 13:15:44.896558109,-43.0
2025/05/21 13:15:44.998305051,-43.572957795130826
2025/05/21 13:15:45.97552721,-45.57831007808871
2025/05/21 13:15:45.190600520,-46.0
2025/05/21 13:15:45.292483572,-45.0
2025/05/21 13:15:45.390652669,-45.0
2025/05/21 13:15:45.491084013,-45.0
2025/05/21 13:15:45.594297075,-45.0
2025/05/21 13:15:45.696915485,-45.0
2025/05/21 13:15:45.796398314,-45.0
2025/05/21 13:15:45.895761256,-45.0
2025/05/21 13:15:45.995339582,-45.0
2025/05/21 13:15:46.88749695,-45.0
2025/05/21 13:15:46.190627227,-45.0
2025/05/21 13:15:46.292222061,-45.0
2025/05/21 13:15:46.391506469,-45.0
2025/05/21 13:15:46.495311502,-45.0
2025/05/21 13:15:46.596822671,-45.0
2025/05/21 13:15:46.699308148,-45.0
2025/05/21 13:15:46.793709849,-45.0
2025/05/21 13:15:46.889791447,-45.0
2025/05/21 13:15:46.989716109,-45.0
2025/05/21 13:15:47.94555206,-45.0
2025/05/21 13:15:47.192252352,-45.0
2025/05/21 13:15:47.296972069,-45.0
2025/05/21 13:15:47.390393796,-45.0
2025/05/21 13:15:47.491925557,-45.0
2025/05/21 13:15:47.590605223,-45.0
2025/05/21 13:15:47.691892548,-45.0
2025/05/21 13:15:47.794668601,-45.0
2025/05/21 13:15:47.896383898,-45.0
2025/05/21 13:15:47.997899754,-45.0
2025/05/21 13:15:48.97766995,-47.0
2025/05/21 13:15:48.191575221,-47.0
2025/05/21 13:15:48.289467483,-46.0
2025/05/21 13:15:48.390911025,-46.0
2025/05/21 13:15:48.496896012,-46.0
2025/05/21 13:15:48.598967716,-46.0
2025/05/21 13:15:48.697571699,-46.0
2025/05/21 13:15:48.797921972,-46.0
2025/05/21 13:15:48.890410738,-46.0
2025/05/21 13:15:48.988580929,-46.0
2025/05/21 13:15:49.89499674,-50.870141258612
2025/05/21 13:15:49.191947591,-53.73493023426612
2025/05/21 13:15:49.295844976,-53.73493023426612
2025/05/21 13:15:49.394129538,-54.0
2025/05/21 13:15:49.494872342,-54.0
2025/05/21 13:15:49.597509289,-54.0
2025/05/21 13:15:49.700512416,-54.0
2025/05/21 13:15:49.790960011,-54.0
2025/05/21 13:15:49.894943679,-54.0
2025/05/21 13:15:49.997557029,-54.0
2025/05/21 13:15:50.96657585,-56.291831180523296
2025/05/21 13:15:50.197939837,-59.00000000000001
2025/05/21 13:15:50.290158921,-59.00000000000001
2025/05/21 13:15:50.392666165,-59.00000000000001
2025/05/21 13:15:50.489417013,-59.00000000000001
2025/05/21 13:15:50.590172359,-58.14056330730379
2025/05/21 13:15:50.694866756,-58.00000000000001
2025/05/21 13:15:50.792521952,-58.00000000000001
2025/05/21 13:15:50.893973572,-58.00000000000001
2025/05/21 13:15:50.996250120,-57.427042204869196
2025/05/21 13:15:51.99844047,-54.562253229215074
2025/05/21 13:15:51.187882213,-51.41098535599554
2025/05/21 13:15:51.290031970,-51.0
2025/05/21 13:15:51.391412294,-51.0
2025/05/21 13:15:51.494663163,-51.0
2025/05/21 13:15:51.594749654,-51.0
2025/05/21 13:15:51.698327298,-51.0
2025/05/21 13:15:51.799191639,-51.0
2025/05/21 13:15:51.889093308,-51.0
2025/05/21 13:15:51.989593405,-50.140563307303765
2025/05/21 13:15:52.91597378,-47.27577433164965
2025/05/21 13:15:52.191013619,-44.12450645843012
2025/05/21 13:15:52.291910857,-41.546196380341414
2025/05/21 13:15:52.395465053,-38.39492850712188
2025/05/21 13:15:52.495624446,-38.0
2025/05/21 13:15:52.598062436,-38.0
2025/05/21 13:15:52.699022682,-38.0
2025/05/21 13:15:52.791024065,-38.0
2025/05/21 13:15:52.889531921,-38.0
2025/05/21 13:15:52.990592481,-38.0
2025/05/21 13:15:53.90743161,-40.57831007808871
2025/05/21 13:15:53.191564030,-42.0
2025/05/21 13:15:53.292638395,-42.0
2025/05/21 13:15:53.395668203,-42.0
2025/05/21 13:15:53.495384698,-42.0
2025/05/21 13:15:53.600336732,-42.0
2025/05/21 13:15:53.698143285,-42.0
2025/05/21 13:15:53.788272571,-42.0
2025/05/21 13:15:53.889966236,-42.0
2025/05/21 13:15:53.995184681,-42.0
2025/05/21 13:15:54.91039543,-45.15126787321953
2025/05/21 13:15:54.193048209,-48.01605684887365
2025/05/21 13:15:54.292853118,-50.59436692696236
2025/05/21 13:15:54.394748804,-53.45915590261648
2025/05/21 13:15:54.495696319,-54.0
2025/05/21 13:15:54.597228469,-54.0
2025/05/21 13:15:54.690908110,-54.0
2025/05/21 13:15:54.789106212,-54.0
2025/05/21 13:15:54.894339406,-53.0
2025/05/21 13:15:54.991954771,-53.28647889756541
2025/05/21 13:15:55.94972220,-55.864788975654115
2025/05/21 13:15:55.192007236,-58.7295779513082
2025/05/21 13:15:55.293731432,-59.99999999999999
2025/05/21 13:15:55.397834102,-59.99999999999999
2025/05/21 13:15:55.496211709,-59.99999999999999
2025/05/21 13:15:55.597441580,-59.99999999999999
2025/05/21 13:15:55.689881969,-59.99999999999999
2025/05/21 13:15:55.790331465,-59.99999999999999
2025/05/21 13:15:55.889449797,-59.99999999999999
2025/05/21 13:15:55.990209482,-59.99999999999999
2025/05/21 13:15:56.92589233,-57.135211024345935
2025/05/21 13:15:56.193035175,-54.27042204869181
2025/05/21 13:15:56.295691626,-51.4056330730377
2025/05/21 13:15:56.395822627,-50.0
2025/05/21 13:15:56.500139730,-50.0
2025/05/21 13:15:56.590527617,-50.0
2025/05/21 13:15:56.691828631,-50.0
2025/05/21 13:15:56.792476048,-49.427042204869174
2025/05/21 13:15:56.893941011,-46.56225322921506
2025/05/21 13:15:56.994610205,-43.69746425356094
2025/05/21 13:15:57.96765002,-40.83267527790682
2025/05/21 13:15:57.197332124,-37.9678863022527
2025/05/21 13:15:57.287924392,-34.81661842903317
2025/05/21 13:15:57.388722829,-31.95182945337905
2025/05/21 13:15:57.490415716,-29.373519375290346
2025/05/21 13:15:57.592687544,-26.222251502070815
2025/05/21 13:15:57.691996882,-23.357462526416697
2025/05/21 13:15:57.794968450,-20.77915244832799
2025/05/21 13:15:57.898334121,-17.91436347267387
2025/05/21 13:15:57.996620127,-16.427042204869178
2025/05/21 13:15:58.96228371,-13.275774331649647
2025/05/21 13:15:58.197627740,-13.0
2025/05/21 13:15:58.291241725,-14.145915590261648
2025/05/21 13:15:58.397837333,-17.010704565915766
2025/05/21 13:15:58.495778075,-20.161972439135297
2025/05/21 13:15:58.598907851,-22.0
2025/05/21 13:15:58.697299803,-22.859436692696235
2025/05/21 13:15:58.797672606,-25.724225668350353
2025/05/21 13:15:58.894781170,-28.58901464400447
2025/05/21 13:15:58.996432955,-31.45380361965859
2025/05/21 13:15:59.96212277,-34.0321136977473
2025/05/21 13:15:59.197878639,-37.18338157096683
2025/05/21 13:15:59.297887396,-39.761691649055535
2025/05/21 13:15:59.388898072,-42.62648062470966
2025/05/21 13:15:59.489623531,-46.35070629306001
2025/05/21 13:15:59.594798507,-48.92901637114871
2025/05/21 13:15:59.694688869,-52.080284244368244
2025/05/21 13:15:59.793282934,-55.231552117587775
2025/05/21 13:15:59.894802376,-58.38281999080728
2025/05/21 13:15:59.996980418,-60.96113006889593
2025/05/21 13:16:00.97229681,-63.825919044549984
2025/05/21 13:16:00.197164596,-63.825919044549984
2025/05/21 13:16:00.289787618,-69.55549699585809
2025/05/21 13:16:00.394947484,-72.42028597151216
2025/05/21 13:16:00.491719821,-75.28507494716621
2025/05/21 13:16:00.592287927,-78.14986392282026
2025/05/21 13:16:00.696284076,-81.01465289847431
2025/05/21 13:16:00.795192859,-82.0
2025/05/21 13:16:00.897876208,-82.85943669269622
2025/05/21 13:16:00.997005555,-83.0
2025/05/21 13:16:01.101673390,-84.71887338539244
2025/05/21 13:16:01.199582359,-86.0
2025/05/21 13:16:01.290294105,-87.0
2025/05/21 13:16:01.389374690,-87.0
2025/05/21 13:16:01.491924106,-88.0
2025/05/21 13:16:01.596444649,-88.0
2025/05/21 13:16:01.697595991,-89.0
2025/05/21 13:16:01.797736953,-89.0
2025/05/21 13:16:01.897997327,-89.0
2025/05/21 13:16:01.988427771,-89.0
2025/05/21 13:16:02.92032516,-89.0
2025/05/21 13:16:02.191878604,-85.56225322921513
2025/05/21 13:16:02.293394614,-83.27042204869188
2025/05/21 13:16:02.395074023,-80.40563307303783
2025/05/21 13:16:02.494624254,-77.25436519981837
2025/05/21 13:16:02.596518336,-74.67605512172972
2025/05/21 13:16:02.698912135,-71.81126614607567
2025/05/21 13:16:02.793967401,-68.94647717042162
2025/05/21 13:16:02.889447345,-66.08168819476755
2025/05/21 13:16:02.992400830,-63.2168992191135
2025/05/21 13:16:03.92857964,-66.08168819476755
2025/05/21 13:16:03.194354561,-69.23295606798702
2025/05/21 13:16:03.295569060,-72.09774504364107
2025/05/21 13:16:03.396797419,-74.96253401929513
2025/05/21 13:16:03.497583750,-77.54084409738378
2025/05/21 13:16:03.596888269,-80.40563307303783
2025/05/21 13:16:03.698542540,-83.27042204869188
2025/05/21 13:16:03.789821169,-86.13521102434595
2025/05/21 13:16:03.893504212,-89.0
2025/05/21 13:16:03.990724355,-89.0
2025/05/21 13:16:04.92289173,-89.0
2025/05/21 13:16:04.195987619,-89.0
2025/05/21 13:16:04.301272437,-89.0
2025/05/21 13:16:04.388878537,-89.0
2025/05/21 13:16:04.488583865,-88.7135211024346
2025/05/21 13:16:04.591664712,-85.84873212678053
2025/05/21 13:16:04.690114719,-82.69746425356108
2025/05/21 13:16:04.794387316,-80.11915417547243
2025/05/21 13:16:04.893370111,-77.25436519981837
2025/05/21 13:16:04.995656243,-74.38957622416432
2025/05/21 13:16:05.95453661,-77.25436519981837
2025/05/21 13:16:05.200900524,-80.11915417547243
2025/05/21 13:16:05.297779905,-82.98394315112648
2025/05/21 13:16:05.387909635,-85.84873212678053
2025/05/21 13:16:05.491574832,-89.0
2025/05/21 13:16:05.592562301,-88.7135211024346
2025/05/21 13:16:05.697690629,-85.56225322921513
2025/05/21 13:16:05.795021250,-82.69746425356108
2025/05/21 13:16:05.895478060,-80.11915417547243
2025/05/21 13:16:05.997962964,-78.97323858521081
2025/05/21 13:16:06.89616125,-80.97859086816864
2025/05/21 13:16:06.189494378,-84.1298587413881
2025/05/21 13:16:06.291525118,-86.99464771704216
2025/05/21 13:16:06.395883563,-89.0
2025/05/21 13:16:06.497041893,-88.14056330730378
2025/05/21 13:16:06.597000985,-84.41633763895351
2025/05/21 13:16:06.691544708,-81.55154866329946
2025/05/21 13:16:06.795140167,-78.6867596876454
2025/05/21 13:16:06.894364057,-75.82197071199134
2025/05/21 13:16:06.997077414,-72.95718173633729
2025/05/21 13:16:07.98099866,-70.09239276068324
2025/05/21 13:16:07.196238011,-67.22760378502917
2025/05/21 13:16:07.296766082,-64.36281480937512
2025/05/21 13:16:07.397093214,-64.07633591180972
2025/05/21 13:16:07.492905380,-58.633236858067015
2025/05/21 13:16:07.591104226,-55.76844788241292
2025/05/21 13:16:07.691934055,-52.9036589067588
2025/05/21 13:16:07.798015432,-50.038869931104685
2025/05/21 13:16:07.894960074,-47.17408095545056
2025/05/21 13:16:07.997100626,-44.30929197979645
2025/05/21 13:16:08.97366668,-41.44450300414233
2025/05/21 13:16:08.201751316,-41.44450300414233
2025/05/21 13:16:08.290223144,-38.57971402848821
2025/05/21 13:16:08.390512312,-34.855488360137855
2025/05/21 13:16:08.494036889,-30.558304896656676
2025/05/21 13:16:08.592456593,-28.839431511264205
2025/05/21 13:16:08.698155229,-25.974642535610087
2025/05/21 13:16:08.797345721,-23.10985355995597
2025/05/21 13:16:08.896950689,-20.24506458430185
2025/05/21 13:16:08.997564512,-17.380275608647732
2025/05/21 13:16:09.88566213,-14.515486632993612
2025/05/21 13:16:09.192109775,-11.364218759774081
2025/05/21 13:16:09.298682139,-8.785908681685374
2025/05/21 13:16:09.399484812,-5.921119706031256
2025/05/21 13:16:09.492189447,-3.056330730377138
2025/05/21 13:16:09.593382792,-0.19154175472302223
2025/05/21 13:16:09.695666366,2.673247220931094
2025/05/21 13:16:09.796381422,5.824515094150622
2025/05/21 13:16:09.897763688,8.689304069804741
2025/05/21 13:16:09.996640613,11.267614147893449
2025/05/21 13:16:10.99658125,14.132403123547567
2025/05/21 13:16:10.188537533,16.997192099201683
2025/05/21 13:16:10.290588055,20.148459972421215
2025/05/21 13:16:10.390211498,22.72677005050992
2025/05/21 13:16:10.491033625,25.59155902616404
2025/05/21 13:16:10.592657207,28.45634800181816
2025/05/21 13:16:10.692972829,31.321136977472275
2025/05/21 13:16:10.795544676,34.18592595312639
2025/05/21 13:16:10.896173089,37.050714928780515
2025/05/21 13:16:10.997934483,40.20198280200004
2025/05/21 13:16:11.96960219,42.78029288008875
2025/05/21 13:16:11.190396954,45.645081855742866
2025/05/21 13:16:11.291713013,48.50987083139699
2025/05/21 13:16:11.391549941,51.3746598070511
2025/05/21 13:16:11.492326255,54.239448782705225
2025/05/21 13:16:11.593072942,57.10423775835934
2025/05/21 13:16:11.698641276,60.25550563157881
2025/05/21 13:16:11.799243903,62.833815709667455
2025/05/21 13:16:11.887949042,65.69860468532151
2025/05/21 13:16:11.990598530,68.56339366097556
2025/05/21 13:16:12.90071116,71.42818263662961
2025/05/21 13:16:12.190600979,74.29297161228368
2025/05/21 13:16:12.292982457,77.15776058793773
2025/05/21 13:16:12.392478078,80.02254956359178
2025/05/21 13:16:12.495278341,82.88733853924583
2025/05/21 13:16:12.593286036,86.0386064124653
2025/05/21 13:16:12.696278682,88.61691649055395
2025/05/21 13:16:12.796533545,89.0
2025/05/21 13:16:12.898184289,89.0
2025/05/21 13:16:12.991364715,88.7135211024346
2025/05/21 13:16:13.92024664,86.13521102434595
2025/05/21 13:16:13.191416344,83.27042204869188
2025/05/21 13:16:13.294668882,80.40563307303783
2025/05/21 13:16:13.394191865,77.54084409738378
2025/05/21 13:16:13.497606674,74.67605512172972
2025/05/21 13:16:13.595747844,71.81126614607567
2025/05/21 13:16:13.697147801,68.3735193752908
2025/05/21 13:16:13.788925014,65.79520929720215
2025/05/21 13:16:13.890616938,62.64394142398269
2025/05/21 13:16:13.992065846,59.77915244832864
2025/05/21 13:16:14.95970499,56.914363472674566
2025/05/21 13:16:14.200027991,54.04957449702045
2025/05/21 13:16:14.297046814,50.89830662380092
2025/05/21 13:16:14.399465182,48.0335176481468
2025/05/21 13:16:14.498481909,45.45520757005809
2025/05/21 13:16:14.589406736,42.59041859440398
2025/05/21 13:16:14.691881042,39.43915072118445
2025/05/21 13:16:14.792357500,36.860840643095734
2025/05/21 13:16:14.892095073,33.70957276987621
2025/05/21 13:16:14.995191629,30.558304896656676
2025/05/21 13:16:15.96700833,28.266473716133383
2025/05/21 13:16:15.197925388,25.40168474047926
2025/05/21 13:16:15.298224314,22.250416867259734
2025/05/21 13:16:15.396718572,19.385627891605616
2025/05/21 13:16:15.497870543,16.807317813516907
2025/05/21 13:16:15.588885878,13.942528837862788
2025/05/21 13:16:15.691863145,11.07773986220867
2025/05/21 13:16:15.792144533,8.212950886554552
2025/05/21 13:16:15.891909576,5.348161910900433
2025/05/21 13:16:15.997257051,2.483372935246315
2025/05/21 13:16:16.97262775,-0.381416040407801
2025/05/21 13:16:16.197237667,-3.2462050160619165
2025/05/21 13:16:16.297337225,-6.397472889281446
2025/05/21 13:16:16.388613539,-8.975782967370153
2025/05/21 13:16:16.492982939,-12.127050840589684
2025/05/21 13:16:16.592043398,-14.70536091867839
2025/05/21 13:16:16.693452424,-17.57014989433251
2025/05/21 13:16:16.794965094,-20.434938869986627
2025/05/21 13:16:16.895495353,-23.299727845640746
2025/05/21 13:16:16.998374723,-26.164516821294864
2025/05/21 13:16:17.90444371,-29.02930579694898
2025/05/21 13:16:17.193014537,-31.894094772603097
2025/05/21 13:16:17.290633961,-35.04536264582263
2025/05/21 13:16:17.391373855,-37.62367272391133
2025/05/21 13:16:17.493090990,-40.488461699565455
2025/05/21 13:16:17.595286474,-43.35325067521957
2025/05/21 13:16:17.696375621,-46.21803965087369
2025/05/21 13:16:17.799325854,-49.08282862652781
2025/05/21 13:16:17.896606906,-51.94761760218193
2025/05/21 13:16:17.999114671,-54.81240657783605
2025/05/21 13:16:18.88566036,-57.96367445105556
2025/05/21 13:16:18.192962291,-60.54198452914421
2025/05/21 13:16:18.295464695,-63.40677350479827
2025/05/21 13:16:18.399021154,-66.27156248045232
2025/05/21 13:16:18.499484052,-69.13635145610637
2025/05/21 13:16:18.590583789,-72.00114043176043
2025/05/21 13:16:18.689617182,-74.86592940741448
2025/05/21 13:16:18.790539110,-77.73071838306853
2025/05/21 13:16:18.892259875,-80.881986256288
2025/05/21 13:16:18.994536656,-83.46029633437665
2025/05/21 13:16:19.99383045,-86.6115642075961
2025/05/21 13:16:19.196080119,-88.0
2025/05/21 13:16:19.296920277,-88.0
2025/05/21 13:16:19.399955839,-88.5729577951308
2025/05/21 13:16:19.498812489,-89.0
2025/05/21 13:16:19.591714895,-89.0
2025/05/21 13:16:19.695268628,-89.0
2025/05/21 13:16:19.793164097,-89.0
2025/05/21 13:16:19.894849808,-89.0
2025/05/21 13:16:19.996168763,-89.0
2025/05/21 13:16:20.98710138,-88.42704220486918
2025/05/21 13:16:20.188070269,-85.27577433164973
2025/05/21 13:16:20.289477243,-82.41098535599568
2025/05/21 13:16:20.390641728,-79.83267527790703
2025/05/21 13:16:20.490778990,-76.96788630225296
2025/05/21 13:16:20.591746985,-74.10309732659891
2025/05/21 13:16:20.694112059,-71.23830835094486
2025/05/21 13:16:20.796194977,-68.3735193752908
2025/05/21 13:16:20.895401003,-65.50873039963675
2025/05/21 13:16:20.999306222,-62.64394142398269
2025/05/21 13:16:21.98160286,-59.49267355076323
2025/05/21 13:16:21.199697502,-56.914363472674566
2025/05/21 13:16:21.289391408,-54.04957449702045
2025/05/21 13:16:21.392558578,-51.18478552136633
2025/05/21 13:16:21.494015473,-47.74703875058139
2025/05/21 13:16:21.593599816,-44.59577087736186
2025/05/21 13:16:21.696418098,-41.44450300414233
2025/05/21 13:16:21.797484241,-41.15802410657692
2025/05/21 13:16:21.897147599,-35.71492505283409
2025/05/21 13:16:21.992217775,-34.855488360137855
2025/05/21 13:16:22.97920471,-36.860840643095734
2025/05/21 13:16:22.197188188,-39.725629618749856
2025/05/21 13:16:22.298019447,-42.87689749196939
2025/05/21 13:16:22.390283275,-45.45520757005809
2025/05/21 13:16:22.489273479,-48.606475443277624
2025/05/21 13:16:22.589376478,-51.18478552136633
2025/05/21 13:16:22.691274317,-54.04957449702045
2025/05/21 13:16:22.795147836,-56.914363472674566
2025/05/21 13:16:22.889203212,-59.77915244832864
2025/05/21 13:16:22.995533116,-62.64394142398269
2025/05/21 13:16:23.91342548,-65.50873039963675
2025/05/21 13:16:23.192083818,-70.37887165824864
2025/05/21 13:16:23.295443435,-72.95718173633729
2025/05/21 13:16:23.396818106,-75.82197071199134
2025/05/21 13:16:23.501517615,-78.6867596876454
2025/05/21 13:16:23.599531047,-81.55154866329946
2025/05/21 13:16:23.696435965,-84.41633763895351
2025/05/21 13:16:23.799578374,-87.28112661460756
2025/05/21 13:16:23.892064743,-88.0
2025/05/21 13:16:23.993826506,-87.0
2025/05/21 13:16:24.95017699,-87.0
2025/05/21 13:16:24.198311376,-87.0
2025/05/21 13:16:24.299234912,-87.0
2025/05/21 13:16:24.388242697,-87.0
2025/05/21 13:16:24.489936019,-87.0
2025/05/21 13:16:24.590732432,-87.0
2025/05/21 13:16:24.696671511,-87.0
2025/05/21 13:16:24.792438631,-87.0
2025/05/21 13:16:24.893798834,-87.0
2025/05/21 13:16:24.997485116,-87.0
2025/05/21 13:16:25.101074076,-87.0
2025/05/21 13:16:25.188074956,-87.0
2025/05/21 13:16:25.293129940,-87.0
2025/05/21 13:16:25.393219347,-87.0
2025/05/21 13:16:25.492862924,-87.0
2025/05/21 13:16:25.595266836,-87.0
2025/05/21 13:16:25.694458559,-87.0
2025/05/21 13:16:25.795922171,-87.0
2025/05/21 13:16:25.889241673,-87.0
2025/05/21 13:16:25.990112371,-87.0
2025/05/21 13:16:26.90527723,-87.0
2025/05/21 13:16:26.191196278,-87.0
2025/05/21 13:16:26.292188041,-87.0
2025/05/21 13:16:26.392714223,-87.0
2025/05/21 13:16:26.493348812,-87.0
2025/05/21 13:16:26.596515689,-87.0
2025/05/21 13:16:26.696704602,-87.0
2025/05/21 13:16:26.798893957,-87.0
2025/05/21 13:16:26.895245389,-87.0
2025/05/21 13:16:26.998947267,-87.0
2025/05/21 13:16:27.98138897,-87.0
2025/05/21 13:16:27.197556975,-87.0
2025/05/21 13:16:27.298305286,-87.0
2025/05/21 13:16:27.391359242,-87.0
2025/05/21 13:16:27.489677743,-87.0
2025/05/21 13:16:27.589736448,-87.0
2025/05/21 13:16:27.695464128,-87.0
2025/05/21 13:16:27.793570321,-87.0
2025/05/21 13:16:27.892516920,-87.0
2025/05/21 13:16:27.995656753,-87.0
2025/05/21 13:16:28.99386940,-86.0
2025/05/21 13:16:28.189061289,-86.0
2025/05/21 13:16:28.289805571,-87.0
2025/05/21 13:16:28.392307992,-87.0
2025/05/21 13:16:28.491055964,-87.0
2025/05/21 13:16:28.592310686,-87.0
2025/05/21 13:16:28.697317066,-87.0
2025/05/21 13:16:28.797242218,-87.0
2025/05/21 13:16:28.899606934,-87.0
2025/05/21 13:16:28.988861649,-87.0
2025/05/21 13:16:29.94089162,-84.99464771704216
2025/05/21 13:16:29.191934826,-84.70816881947675
2025/05/21 13:16:29.291973076,-84.0
2025/05/21 13:16:29.392890626,-84.0
2025/05/21 13:16:29.494906871,-84.0
2025/05/21 13:16:29.596164757,-85.0
2025/05/21 13:16:29.697638521,-85.0
2025/05/21 13:16:29.799253588,-85.0
2025/05/21 13:16:29.898675929,-85.0
2025/05/21 13:16:29.990816251,-85.0
2025/05/21 13:16:30.95217198,-85.0
2025/05/21 13:16:30.195214540,-83.0
2025/05/21 13:16:30.289646260,-83.0
2025/05/21 13:16:30.392586136,-83.0
2025/05/21 13:16:30.496532167,-83.0
2025/05/21 13:16:30.596674084,-83.0
2025/05/21 13:16:30.697704092,-83.0
2025/05/21 13:16:30.789214853,-83.0
2025/05/21 13:16:30.889586292,-84.0
2025/05/21 13:16:30.992075381,-84.0
2025/05/21 13:16:31.92654083,-84.0
2025/05/21 13:16:31.196616137,-82.0
2025/05/21 13:16:31.294953115,-82.0
2025/05/21 13:16:31.398574891,-82.0
2025/05/21 13:16:31.499622123,-83.0
2025/05/21 13:16:31.597216829,-83.0
2025/05/21 13:16:31.689353887,-83.0
2025/05/21 13:16:31.789929923,-83.0
2025/05/21 13:16:31.891989008,-83.0
2025/05/21 13:16:31.994589378,-83.0
2025/05/21 13:16:32.100462975,-83.0
2025/05/21 13:16:32.196936052,-82.0
2025/05/21 13:16:32.297237728,-82.0
2025/05/21 13:16:32.389514039,-83.0
2025/05/21 13:16:32.490211273,-83.0
2025/05/21 13:16:32.592704320,-83.0
2025/05/21 13:16:32.693113556,-83.0
2025/05/21 13:16:32.793173693,-83.0
2025/05/21 13:16:32.897676387,-83.0
2025/05/21 13:16:32.997934655,-83.0
2025/05/21 13:16:33.90697334,-83.0
2025/05/21 13:16:33.189594690,-83.0
2025/05/21 13:16:33.291079810,-83.0
2025/05/21 13:16:33.391085641,-83.0
2025/05/21 13:16:33.494615422,-83.0
2025/05/21 13:16:33.596715453,-83.0
2025/05/21 13:16:33.695366518,-83.0
2025/05/21 13:16:33.788267333,-83.0
2025/05/21 13:16:33.893081723,-83.85943669269622
2025/05/21 13:16:33.994052892,-84.0
2025/05/21 13:16:34.98173463,-83.0
2025/05/21 13:16:34.191264303,-83.0
2025/05/21 13:16:34.291689958,-83.0
2025/05/21 13:16:34.392791946,-83.0
2025/05/21 13:16:34.495004095,-83.0
2025/05/21 13:16:34.596145523,-83.57295779513082
2025/05/21 13:16:34.695976437,-84.0
2025/05/21 13:16:34.798426494,-84.0
2025/05/21 13:16:34.897887955,-84.0
2025/05/21 13:16:34.997708578,-84.0
2025/05/21 13:16:35.94310809,-84.0
2025/05/21 13:16:35.198412276,-84.85943669269622
2025/05/21 13:16:35.299712278,-85.0
2025/05/21 13:16:35.399511715,-85.0
2025/05/21 13:16:35.490600267,-85.0
2025/05/21 13:16:35.592181457,-85.0
2025/05/21 13:16:35.691758085,-85.0
2025/05/21 13:16:35.793359029,-85.0
2025/05/21 13:16:35.893989623,-85.0
2025/05/21 13:16:35.997559239,-85.0
2025/05/21 13:16:36.98458957,-84.0
2025/05/21 13:16:36.197825630,-84.0
2025/05/21 13:16:36.297340632,-84.0
2025/05/21 13:16:36.397746238,-84.0
2025/05/21 13:16:36.489659033,-84.0
2025/05/21 13:16:36.592557751,-85.0
2025/05/21 13:16:36.692900930,-85.0
2025/05/21 13:16:36.792851119,-85.0
2025/05/21 13:16:36.896805549,-85.0
2025/05/21 13:16:36.995863590,-85.0
2025/05/21 13:16:37.96508129,-83.85408440973838
2025/05/21 13:16:37.203436536,-81.0
2025/05/21 13:16:37.291544891,-81.0
2025/05/21 13:16:37.391329865,-82.0
2025/05/21 13:16:37.491907419,-82.0
2025/05/21 13:16:37.596765586,-82.0
2025/05/21 13:16:37.695535065,-82.0
2025/05/21 13:16:37.800472915,-82.0
2025/05/21 13:16:37.898346502,-82.0
2025/05/21 13:16:37.988435852,-82.0
2025/05/21 13:16:38.89170395,-80.85408440973838
2025/05/21 13:16:38.193940709,-79.0
2025/05/21 13:16:38.294217553,-80.0
2025/05/21 13:16:38.393642459,-80.0
2025/05/21 13:16:38.497412653,-80.0
2025/05/21 13:16:38.596990894,-80.0
2025/05/21 13:16:38.696555317,-80.0
2025/05/21 13:16:38.788086895,-81.0
2025/05/21 13:16:38.890938253,-81.0
2025/05/21 13:16:38.989964013,-81.0
2025/05/21 13:16:39.90116523,-81.0
2025/05/21 13:16:39.193885700,-79.0
2025/05/21 13:16:39.296536769,-79.0
2025/05/21 13:16:39.395749304,-79.0
2025/05/21 13:16:39.496987157,-79.0
2025/05/21 13:16:39.597293274,-80.0
2025/05/21 13:16:39.688275711,-80.0
2025/05/21 13:16:39.791250464,-80.0
2025/05/21 13:16:39.892312146,-80.0
2025/05/21 13:16:39.994158481,-80.0
2025/05/21 13:16:40.94493617,-81.0
2025/05/21 13:16:40.197703214,-81.0
2025/05/21 13:16:40.299454581,-81.0
2025/05/21 13:16:40.388830543,-81.0
2025/05/21 13:16:40.489386760,-83.0
2025/05/21 13:16:40.592075961,-83.0
2025/05/21 13:16:40.694058466,-83.0
2025/05/21 13:16:40.794072564,-83.0
2025/05/21 13:16:40.898126154,-83.0
2025/05/21 13:16:40.997565952,-83.0
2025/05/21 13:16:41.98353562,-84.0
2025/05/21 13:16:41.189827356,-84.0
2025/05/21 13:16:41.290122056,-84.0
2025/05/21 13:16:41.391711386,-84.0
2025/05/21 13:16:41.491506920,-80.84873212678055
2025/05/21 13:16:41.595394502,-80.0
2025/05/21 13:16:41.695869918,-80.0
2025/05/21 13:16:41.794222680,-81.0
2025/05/21 13:16:41.894866236,-81.0
2025/05/21 13:16:41.995864190,-81.0
2025/05/21 13:16:42.98229961,-81.0
2025/05/21 13:16:42.198264888,-81.0
2025/05/21 13:16:42.294473925,-82.0
2025/05/21 13:16:42.397112919,-80.56760551217297
2025/05/21 13:16:42.490565658,-78.0
2025/05/21 13:16:42.590164369,-78.0
2025/05/21 13:16:42.690374335,-79.0
2025/05/21 13:16:42.791384846,-79.0
2025/05/21 13:16:42.892759577,-79.0
2025/05/21 13:16:42.995628026,-79.0
2025/05/21 13:16:43.96654200,-80.0
2025/05/21 13:16:43.194777966,-80.0
2025/05/21 13:16:43.299407105,-80.0
2025/05/21 13:16:43.397941936,-78.28112661460756
2025/05/21 13:16:43.489645267,-78.28112661460756
2025/05/21 13:16:43.591915492,-72.55154866329946
2025/05/21 13:16:43.692923442,-71.0
2025/05/21 13:16:43.792207782,-72.0
2025/05/21 13:16:43.895665268,-72.0
2025/05/21 13:16:43.995298250,-72.0
2025/05/21 13:16:44.96732301,-73.0
2025/05/21 13:16:44.190385804,-74.0
2025/05/21 13:16:44.291718986,-74.0
2025/05/21 13:16:44.391755596,-72.28112661460757
2025/05/21 13:16:44.491443266,-69.41633763895351
2025/05/21 13:16:44.592387956,-69.1298587413881
2025/05/21 13:16:44.694128973,-69.0
2025/05/21 13:16:44.795050570,-69.0
2025/05/21 13:16:44.896467112,-71.0
2025/05/21 13:16:44.997177617,-71.0
2025/05/21 13:16:45.97216493,-71.0
2025/05/21 13:16:45.197853823,-73.0
2025/05/21 13:16:45.290172494,-73.0
2025/05/21 13:16:45.390249381,-70.99464771704216
2025/05/21 13:16:45.490909663,-70.99464771704216
2025/05/21 13:16:45.590799140,-68.0
2025/05/21 13:16:45.692706381,-69.0
2025/05/21 13:16:45.793024459,-70.0
2025/05/21 13:16:45.893547224,-71.0
2025/05/21 13:16:45.995790937,-71.0
2025/05/21 13:16:46.96099723,-72.0
2025/05/21 13:16:46.195541959,-74.0
2025/05/21 13:16:46.299132809,-72.28112661460757
2025/05/21 13:16:46.397327969,-71.99464771704217
2025/05/21 13:16:46.489398148,-68.0
2025/05/21 13:16:46.589262290,-68.0
2025/05/21 13:16:46.691342821,-70.0
2025/05/21 13:16:46.792859977,-71.43239448782703
2025/05/21 13:16:46.892900539,-73.0
2025/05/21 13:16:46.996374755,-73.57295779513082
2025/05/21 13:16:47.97193769,-74.2864788975654
2025/05/21 13:16:47.196221961,-75.0
2025/05/21 13:16:47.296799104,-76.0
2025/05/21 13:16:47.398036370,-76.0
2025/05/21 13:16:47.489196074,-79.15126787321947
2025/05/21 13:16:47.589075203,-81.72957795130812
2025/05/21 13:16:47.691558558,-83.0
2025/05/21 13:16:47.791495064,-84.0
2025/05/21 13:16:47.893608153,-84.0
2025/05/21 13:16:47.993517361,-85.0
2025/05/21 13:16:48.96263542,-85.0
2025/05/21 13:16:48.197311674,-85.0
2025/05/21 13:16:48.289413860,-85.0
2025/05/21 13:16:48.389408010,-83.85408440973838
2025/05/21 13:16:48.493432848,-80.98929543408433
2025/05/21 13:16:48.591085605,-78.12450645843028
2025/05/21 13:16:48.695274840,-76.69211197060325
2025/05/21 13:16:48.792822300,-74.1138018925146
2025/05/21 13:16:48.893512360,-70.96253401929513
2025/05/21 13:16:48.995119030,-72.0
2025/05/21 13:16:49.95166756,-74.29183118052325
2025/05/21 13:16:49.196715591,-77.0
2025/05/21 13:16:49.297403241,-79.0
2025/05/21 13:16:49.393059771,-79.0
2025/05/21 13:16:49.489116234,-76.70816881947675
2025/05/21 13:16:49.590063573,-73.8433798438227
2025/05/21 13:16:49.693844021,-74.0
2025/05/21 13:16:49.797814529,-76.57831007808865
2025/05/21 13:16:49.896046410,-79.1566201561773
2025/05/21 13:16:49.998125830,-82.02140913183136
2025/05/21 13:16:50.99214982,-84.0
2025/05/21 13:16:50.187719219,-84.0
2025/05/21 13:16:50.290209408,-85.0
2025/05/21 13:16:50.391331505,-85.0
2025/05/21 13:16:50.489792153,-82.70816881947677
2025/05/21 13:16:50.591706730,-79.8433798438227
2025/05/21 13:16:50.696000925,-76.97859086816865
2025/05/21 13:16:50.793201513,-74.1138018925146
2025/05/21 13:16:50.893781646,-71.24901291686054
2025/05/21 13:16:50.995089437,-68.09774504364108
2025/05/21 13:16:51.98801004,-65.51943496555243
2025/05/21 13:16:51.189771700,-65.0
2025/05/21 13:16:51.292533013,-67.86478897565405
2025/05/21 13:16:51.394974466,-70.72957795130812
2025/05/21 13:16:51.495644627,-68.15126787321947
2025/05/21 13:16:51.597210901,-65.2864788975654
2025/05/21 13:16:51.697823505,-62.42168992191135
2025/05/21 13:16:51.788085173,-59.5569009462573
2025/05/21 13:16:51.890020510,-56.69211197060322
2025/05/21 13:16:51.991678559,-53.82732299494911
2025/05/21 13:16:52.90520649,-50.962534019294985
2025/05/21 13:16:52.191706418,-48.09774504364087
2025/05/21 13:16:52.292131448,-45.23295606798675
2025/05/21 13:16:52.395673493,-42.368167092332634
2025/05/21 13:16:52.495611895,-39.50337811667851
2025/05/21 13:16:52.597960350,-36.63858914102439
2025/05/21 13:16:52.698583324,-33.48732126780486
2025/05/21 13:16:52.788466443,-30.909011189716157
2025/05/21 13:16:52.890679696,-28.044222214062035
2025/05/21 13:16:52.991717902,-25.179433238407917
2025/05/21 13:16:53.92110391,-22.3146442627538
2025/05/21 13:16:53.193405724,-19.44985528709968
2025/05/21 13:16:53.300007633,-16.585066311445562
2025/05/21 13:16:53.400013008,-13.720277335791444
2025/05/21 13:16:53.489483019,-10.855488360137326
2025/05/21 13:16:53.595996849,-13.720277335791444
2025/05/21 13:16:53.692262899,-16.585066311445562
2025/05/21 13:16:53.793321774,-19.44985528709968
2025/05/21 13:16:53.897044593,-22.3146442627538
2025/05/21 13:16:53.994840627,-25.179433238407917
2025/05/21 13:16:54.97047327,-28.044222214062035
2025/05/21 13:16:54.197036657,-30.909011189716157
2025/05/21 13:16:54.300574025,-33.773800165370275
2025/05/21 13:16:54.389330736,-36.63858914102439
2025/05/21 13:16:54.491808409,-39.78985701424392
2025/05/21 13:16:54.595683003,-42.368167092332634
2025/05/21 13:16:54.694081866,-45.23295606798675
2025/05/21 13:16:54.788359909,-48.09774504364087
2025/05/21 13:16:54.889821594,-50.962534019294985
2025/05/21 13:16:54.989822779,-53.82732299494911
2025/05/21 13:16:55.90805392,-56.97859086816864
2025/05/21 13:16:55.190985870,-59.5569009462573
2025/05/21 13:16:55.296917533,-62.42168992191135
2025/05/21 13:16:55.396198726,-65.2864788975654
2025/05/21 13:16:55.493996424,-62.42168992191135
2025/05/21 13:16:55.597719575,-64.0
2025/05/21 13:16:55.697613750,-64.0
2025/05/21 13:16:55.799060740,-67.15126787321947
2025/05/21 13:16:55.888846178,-69.72957795130812
2025/05/21 13:16:55.988955513,-72.59436692696217
2025/05/21 13:16:56.92238832,-75.74563480018163
2025/05/21 13:16:56.191437774,-77.0
2025/05/21 13:16:56.292223771,-77.0
2025/05/21 13:16:56.392340533,-77.0
2025/05/21 13:16:56.497456824,-74.13521102434595
2025/05/21 13:16:56.596052317,-77.0
2025/05/21 13:16:56.695291897,-79.86478897565406
2025/05/21 13:16:56.800574066,-82.72957795130812
2025/05/21 13:16:56.888869877,-85.59436692696217
2025/05/21 13:16:56.990306522,-86.0
2025/05/21 13:16:57.91842526,-85.0
2025/05/21 13:16:57.199095376,-85.0
2025/05/21 13:16:57.298351884,-85.0
2025/05/21 13:16:57.390574704,-85.0
2025/05/21 13:16:57.491086519,-85.0
2025/05/21 13:16:57.593840220,-85.0
2025/05/21 13:16:57.691780257,-85.0
2025/05/21 13:16:57.793314331,-85.0
2025/05/21 13:16:57.899022669,-85.0
2025/05/21 13:16:57.996424882,-85.0
2025/05/21 13:16:58.89800710,-85.0
2025/05/21 13:16:58.194297238,-85.0
2025/05/21 13:16:58.297021619,-85.0
2025/05/21 13:16:58.395913845,-83.85408440973838
2025/05/21 13:16:58.498814239,-81.56225322921514
2025/05/21 13:16:58.589407638,-80.1298587413881
2025/05/21 13:16:58.690472420,-81.0
2025/05/21 13:16:58.792951711,-81.85943669269622
2025/05/21 13:16:58.893788402,-82.0
2025/05/21 13:16:58.993239064,-82.85943669269622
2025/05/21 13:16:59.94170440,-83.0
2025/05/21 13:16:59.198683969,-83.0
2025/05/21 13:16:59.297221138,-83.0
2025/05/21 13:16:59.399159206,-81.85408440973838
2025/05/21 13:16:59.488580207,-78.98929543408433
2025/05/21 13:16:59.589700795,-77.2704220486919
2025/05/21 13:16:59.691469707,-76.0
2025/05/21 13:16:59.794073179,-77.0
2025/05/21 13:16:59.892925511,-78.0
2025/05/21 13:16:59.995007977,-78.0
2025/05/21 13:17:00.96910503,-78.0
2025/05/21 13:17:00.197213180,-79.0
2025/05/21 13:17:00.298523886,-79.0
2025/05/21 13:17:00.389352241,-79.0
2025/05/21 13:17:00.496616896,-76.70816881947675
2025/05/21 13:17:00.594111191,-74.0
2025/05/21 13:17:00.695821513,-76.0
2025/05/21 13:17:00.797907479,-77.0
2025/05/21 13:17:00.898376743,-77.0
2025/05/21 13:17:00.998865430,-78.0
2025/05/21 13:17:01.98425847,-78.0
2025/05/21 13:17:01.191734040,-78.0
2025/05/21 13:17:01.293265854,-78.0
2025/05/21 13:17:01.396309473,-78.0
2025/05/21 13:17:01.497260573,-77.0
2025/05/21 13:17:01.595996282,-78.0
2025/05/21 13:17:01.697411956,-78.0
2025/05/21 13:17:01.799945752,-79.0
2025/05/21 13:17:01.888960592,-79.0
2025/05/21 13:17:01.989494049,-79.0
2025/05/21 13:17:02.92104222,-79.0
2025/05/21 13:17:02.190362354,-79.0
2025/05/21 13:17:02.292752835,-79.0
2025/05/21 13:17:02.393598718,-77.85408440973838
2025/05/21 13:17:02.497912934,-76.70816881947675
2025/05/21 13:17:02.597821347,-78.0
2025/05/21 13:17:02.691072207,-78.0
2025/05/21 13:17:02.797691945,-78.0
2025/05/21 13:17:02.892918226,-79.0
2025/05/21 13:17:02.992878045,-79.0
2025/05/21 13:17:03.98698038,-79.0
2025/05/21 13:17:03.195904517,-79.0
2025/05/21 13:17:03.296632854,-79.0
2025/05/21 13:17:03.399463372,-79.0
2025/05/21 13:17:03.499616644,-76.70816881947675
2025/05/21 13:17:03.589155793,-75.0
2025/05/21 13:17:03.690352568,-76.0
2025/05/21 13:17:03.791425626,-76.0
2025/05/21 13:17:03.892888272,-76.0
2025/05/21 13:17:03.996441993,-76.0
2025/05/21 13:17:04.97501471,-76.0
2025/05/21 13:17:04.195781608,-77.0
2025/05/21 13:17:04.300261004,-77.0
2025/05/21 13:17:04.397395081,-77.0
2025/05/21 13:17:04.489979068,-74.70816881947677
2025/05/21 13:17:04.592643213,-75.0
2025/05/21 13:17:04.690461375,-76.0
2025/05/21 13:17:04.790967312,-77.0
2025/05/21 13:17:04.891430487,-77.0
2025/05/21 13:17:04.996993160,-77.0
2025/05/21 13:17:05.96905639,-77.0
2025/05/21 13:17:05.194232723,-77.0
2025/05/21 13:17:05.296801080,-77.0
2025/05/21 13:17:05.397303093,-77.0
2025/05/21 13:17:05.499988342,-77.0
2025/05/21 13:17:05.593312619,-77.0
2025/05/21 13:17:05.690122595,-77.0
2025/05/21 13:17:05.790487376,-78.0
2025/05/21 13:17:05.891024807,-78.0
2025/05/21 13:17:05.993195208,-78.0
2025/05/21 13:17:06.93041187,-78.0
2025/05/21 13:17:06.195764781,-78.0
2025/05/21 13:17:06.298833267,-78.0
2025/05/21 13:17:06.397338799,-78.0
2025/05/21 13:17:06.490668541,-75.70816881947675
2025/05/21 13:17:06.593104716,-76.0
2025/05/21 13:17:06.692491695,-77.0
2025/05/21 13:17:06.793338523,-77.0
2025/05/21 13:17:06.895267559,-77.0
2025/05/21 13:17:06.994576556,-77.0
2025/05/21 13:17:07.99022889,-77.0
2025/05/21 13:17:07.191761618,-77.0
2025/05/21 13:17:07.288447458,-77.0
2025/05/21 13:17:07.390983205,-77.0
2025/05/21 13:17:07.493377837,-77.0
2025/05/21 13:17:07.598401092,-75.0
2025/05/21 13:17:07.697457493,-75.0
2025/05/21 13:17:07.793623896,-75.0
2025/05/21 13:17:07.900800589,-75.0
2025/05/21 13:17:07.996565335,-75.0
2025/05/21 13:17:08.103502487,-76.0
2025/05/21 13:17:08.198649475,-75.0
2025/05/21 13:17:08.288084108,-75.0
2025/05/21 13:17:08.390917743,-75.0
2025/05/21 13:17:08.490730603,-75.0
2025/05/21 13:17:08.593140938,-75.0
2025/05/21 13:17:08.693403369,-75.0
2025/05/21 13:17:08.793066297,-75.0
2025/05/21 13:17:08.894816989,-75.0
2025/05/21 13:17:08.996555013,-75.0
2025/05/21 13:17:09.95627106,-75.0
2025/05/21 13:17:09.196188171,-75.0
2025/05/21 13:17:09.292953183,-75.0
2025/05/21 13:17:09.398294003,-75.0
2025/05/21 13:17:09.494456285,-75.0
