time,throttle_reference,angle_reference
2025/05/07 10:24:02.508531068,0,-135
2025/05/07 10:24:02.614683385,0,-135
2025/05/07 10:24:02.721566103,0,-135
2025/05/07 10:24:02.809224914,0,-135
2025/05/07 10:24:02.918228963,0,-135
2025/05/07 10:24:03.8282168,0,-135
2025/05/07 10:24:03.132627716,0,-135
2025/05/07 10:24:03.208999114,0,-135
2025/05/07 10:24:03.312669895,0,-135
2025/05/07 10:24:04.14244349,4,-135
2025/05/07 10:24:04.193061761,4,-135
2025/05/07 10:24:04.318973744,4,-135
2025/05/07 10:24:04.455908424,4,-135
2025/05/07 10:24:04.555984213,4,-135
2025/05/07 10:24:04.628441092,4,-135
2025/05/07 10:24:04.699019010,4,-135
2025/05/07 10:24:04.767236238,4,-135
2025/05/07 10:24:04.880281939,4,-135
2025/05/07 10:24:04.975880068,4,-135
2025/05/07 10:24:05.68028172,4,-135
2025/05/07 10:24:05.162968071,4,-135
2025/05/07 10:24:05.358862154,4,-135
2025/05/07 10:24:05.419638786,4,-135
2025/05/07 10:24:05.471913437,4,-135
2025/05/07 10:24:05.562726754,4,-135
2025/05/07 10:24:05.658454431,4,-135
2025/05/07 10:24:05.756104833,4,-135
2025/05/07 10:24:05.853113498,4,-135
2025/05/07 10:24:05.959174701,4,-135
2025/05/07 10:24:06.79768218,4,-135
2025/05/07 10:24:06.186132741,4,-135
2025/05/07 10:24:06.258188493,4,-135
2025/05/07 10:24:06.353116425,4,-135
2025/05/07 10:24:06.488324531,4,-135
2025/05/07 10:24:06.556858045,4,-135
2025/05/07 10:24:06.656609893,4,-135
2025/05/07 10:24:06.758140566,4,-135
2025/05/07 10:24:06.889137961,4,-135
2025/05/07 10:24:06.993250048,4,-135
2025/05/07 10:24:07.83880762,4,-135
2025/05/07 10:24:07.208687631,4,-135
2025/05/07 10:24:07.308282210,4,-135
2025/05/07 10:24:07.400205387,4,-135
2025/05/07 10:24:07.493232019,4,-135
2025/05/07 10:24:07.595256870,4,-135
2025/05/07 10:24:07.748593401,4,-135
2025/05/07 10:24:07.905483333,4,-135
2025/05/07 10:24:07.987138238,4,-135
2025/05/07 10:24:08.63322210,4,-135
2025/05/07 10:24:08.309920458,4,-135
2025/05/07 10:24:08.546955927,4,-135
2025/05/07 10:24:08.643665437,4,-135
2025/05/07 10:24:08.800882368,4,-135
2025/05/07 10:24:08.972651259,4,-135
2025/05/07 10:24:09.186116700,4,-135
2025/05/07 10:24:09.280552308,18,-89
2025/05/07 10:24:09.356168851,18,-89
2025/05/07 10:24:09.440965406,4,-135
2025/05/07 10:24:09.493879593,4,-135
2025/05/07 10:24:09.554266091,4,-135
2025/05/07 10:24:09.655856409,4,-135
2025/05/07 10:24:09.762910556,4,-135
2025/05/07 10:24:09.857652995,4,-135
2025/05/07 10:24:09.954757699,4,-135
2025/05/07 10:24:10.73102073,4,-135
2025/05/07 10:24:10.157080467,4,-135
2025/05/07 10:24:10.256417622,4,-135
2025/05/07 10:24:10.440124993,9,-89
2025/05/07 10:24:10.491816896,9,-89
2025/05/07 10:24:10.591872804,4,-135
2025/05/07 10:24:10.663325893,4,-135
2025/05/07 10:24:10.757142345,15,179
2025/05/07 10:24:10.869200428,15,179
2025/05/07 10:24:10.957536959,15,179
2025/05/07 10:24:11.53050560,28,179
2025/05/07 10:24:11.159454036,28,179
2025/05/07 10:24:11.259895521,28,179
2025/05/07 10:24:11.356459312,38,179
2025/05/07 10:24:11.461529847,38,179
2025/05/07 10:24:11.554032075,49,179
2025/05/07 10:24:11.657074601,49,179
2025/05/07 10:24:11.781302583,49,179
2025/05/07 10:24:11.856751655,59,179
2025/05/07 10:24:11.954147865,59,179
2025/05/07 10:24:12.57037516,59,179
2025/05/07 10:24:12.151126156,71,179
2025/05/07 10:24:12.252014993,71,179
2025/05/07 10:24:12.354219492,71,179
2025/05/07 10:24:12.459149075,77,179
2025/05/07 10:24:12.548877001,77,179
2025/05/07 10:24:12.682713665,77,179
2025/05/07 10:24:12.778572790,83,179
2025/05/07 10:24:12.877309274,83,179
2025/05/07 10:24:13.6368835,83,179
2025/05/07 10:24:13.59410471,83,179
2025/05/07 10:24:13.159242142,95,179
2025/05/07 10:24:13.276556688,95,179
2025/05/07 10:24:13.367651037,106,179
2025/05/07 10:24:13.453989467,106,179
2025/05/07 10:24:13.556120554,106,179
2025/05/07 10:24:13.668743725,116,179
2025/05/07 10:24:13.766423473,116,179
2025/05/07 10:24:13.859193318,116,179
2025/05/07 10:24:13.954331820,128,179
2025/05/07 10:24:14.50056380,128,179
2025/05/07 10:24:14.203506424,128,179
2025/05/07 10:24:14.249333882,136,-179
2025/05/07 10:24:14.353676046,136,-179
2025/05/07 10:24:14.455963604,144,-178
2025/05/07 10:24:14.554522665,144,-178
2025/05/07 10:24:14.695852526,144,-178
2025/05/07 10:24:14.750307788,149,-178
2025/05/07 10:24:14.852186546,149,-178
2025/05/07 10:24:14.952817842,149,-178
2025/05/07 10:24:15.51292992,155,-177
2025/05/07 10:24:15.170462848,155,-177
2025/05/07 10:24:15.252798028,161,-177
2025/05/07 10:24:15.386544356,161,-177
2025/05/07 10:24:15.454330910,161,-177
2025/05/07 10:24:15.554283477,167,-177
2025/05/07 10:24:15.655203728,167,-177
2025/05/07 10:24:15.752311049,167,-177
2025/05/07 10:24:15.855614628,175,-177
2025/05/07 10:24:15.956629292,175,-177
2025/05/07 10:24:16.49014437,175,-177
2025/05/07 10:24:16.182383727,181,-176
2025/05/07 10:24:16.260633272,181,-176
2025/05/07 10:24:16.355414758,187,-176
2025/05/07 10:24:16.456240180,187,-176
2025/05/07 10:24:16.586804267,187,-176
2025/05/07 10:24:16.652589472,192,-174
2025/05/07 10:24:16.750062883,192,-174
2025/05/07 10:24:16.859091490,192,-174
2025/05/07 10:24:16.959932537,198,-173
2025/05/07 10:24:17.59227012,198,-173
2025/05/07 10:24:17.157532236,201,-172
2025/05/07 10:24:17.255121255,201,-172
2025/05/07 10:24:17.375134373,201,-172
2025/05/07 10:24:17.456866829,204,-171
2025/05/07 10:24:17.564624133,204,-171
2025/05/07 10:24:17.658431702,204,-171
2025/05/07 10:24:17.777368078,206,-170
2025/05/07 10:24:17.860029510,206,-170
2025/05/07 10:24:17.958565538,206,-170
2025/05/07 10:24:18.55187567,206,-169
2025/05/07 10:24:18.155895956,206,-169
2025/05/07 10:24:18.252548779,206,-169
2025/05/07 10:24:18.352564827,207,-169
2025/05/07 10:24:18.453759500,207,-169
2025/05/07 10:24:18.558653442,210,-168
2025/05/07 10:24:18.655428967,210,-168
2025/05/07 10:24:18.757325452,210,-168
2025/05/07 10:24:18.852376065,213,-166
2025/05/07 10:24:19.46357769,213,-166
2025/05/07 10:24:19.121257393,213,-166
2025/05/07 10:24:19.186418258,213,-166
2025/05/07 10:24:19.259895515,217,-165
2025/05/07 10:24:19.358774730,217,-165
2025/05/07 10:24:19.466416442,221,-163
2025/05/07 10:24:19.571353443,221,-163
2025/05/07 10:24:19.669874972,221,-163
2025/05/07 10:24:19.774710068,221,-163
2025/05/07 10:24:19.862440741,222,-161
2025/05/07 10:24:19.950402415,222,-161
2025/05/07 10:24:20.57562487,222,-161
2025/05/07 10:24:20.188398495,224,-160
2025/05/07 10:24:20.266915956,224,-160
2025/05/07 10:24:20.349434836,226,-158
2025/05/07 10:24:20.482978768,226,-158
2025/05/07 10:24:20.581198885,226,-158
2025/05/07 10:24:20.677035412,227,-155
2025/05/07 10:24:20.779953421,227,-155
2025/05/07 10:24:20.881539758,227,-155
2025/05/07 10:24:20.976651606,227,-155
2025/05/07 10:24:21.71589124,227,-151
2025/05/07 10:24:21.155106072,227,-151
2025/05/07 10:24:21.256306598,227,-151
2025/05/07 10:24:21.378628281,227,-149
2025/05/07 10:24:21.451401153,227,-149
2025/05/07 10:24:21.552614404,227,-149
2025/05/07 10:24:21.651865960,226,-148
2025/05/07 10:24:21.755707048,226,-148
2025/05/07 10:24:21.877132026,226,-148
2025/05/07 10:24:21.953643971,225,-145
2025/05/07 10:24:22.73408183,225,-145
2025/05/07 10:24:22.151145830,225,-143
2025/05/07 10:24:22.251689962,225,-143
2025/05/07 10:24:22.355395685,225,-143
2025/05/07 10:24:22.451185683,228,-140
2025/05/07 10:24:22.586406149,228,-140
2025/05/07 10:24:22.653669678,228,-140
2025/05/07 10:24:22.755287755,231,-137
2025/05/07 10:24:22.868336999,231,-137
2025/05/07 10:24:22.951053046,231,-137
2025/05/07 10:24:23.64011787,234,-134
2025/05/07 10:24:23.162409372,234,-134
2025/05/07 10:24:23.261101978,234,-131
2025/05/07 10:24:23.375715618,234,-131
2025/05/07 10:24:23.454606125,234,-131
2025/05/07 10:24:23.551436123,235,-129
2025/05/07 10:24:23.660846791,235,-129
2025/05/07 10:24:23.784168250,235,-129
2025/05/07 10:24:23.856532819,236,-126
2025/05/07 10:24:23.953145597,236,-126
2025/05/07 10:24:24.51787436,236,-126
2025/05/07 10:24:24.154342379,237,-123
2025/05/07 10:24:24.253712020,237,-123
2025/05/07 10:24:24.376477724,241,-120
2025/05/07 10:24:24.456647253,241,-120
2025/05/07 10:24:24.566411703,241,-120
2025/05/07 10:24:24.654387684,243,-118
2025/05/07 10:24:24.769342589,243,-118
2025/05/07 10:24:24.859258858,243,-118
2025/05/07 10:24:24.978986955,250,-114
2025/05/07 10:24:25.52082765,250,-114
2025/05/07 10:24:25.161374198,250,-114
2025/05/07 10:24:25.257059828,254,-111
2025/05/07 10:24:25.353799737,254,-111
2025/05/07 10:24:25.454655298,254,-111
2025/05/07 10:24:25.549854458,258,-109
2025/05/07 10:24:25.669367699,258,-109
2025/05/07 10:24:25.757406635,261,-107
2025/05/07 10:24:25.857367508,261,-107
2025/05/07 10:24:25.955678559,261,-107
2025/05/07 10:24:26.53055700,261,-106
2025/05/07 10:24:26.187233560,261,-106
2025/05/07 10:24:26.254984709,261,-106
2025/05/07 10:24:26.353695065,264,-104
2025/05/07 10:24:26.461716411,264,-104
2025/05/07 10:24:26.575707761,264,-104
2025/05/07 10:24:26.678506233,268,-101
2025/05/07 10:24:26.768492304,268,-101
2025/05/07 10:24:26.857260689,268,-101
2025/05/07 10:24:26.976690921,274,-98
2025/05/07 10:24:27.74932597,274,-98
2025/05/07 10:24:27.162639339,274,-98
2025/05/07 10:24:27.256506752,276,-96
2025/05/07 10:24:27.387614020,276,-96
2025/05/07 10:24:27.453876088,276,-96
2025/05/07 10:24:27.549930214,277,-94
2025/05/07 10:24:27.651686334,277,-94
2025/05/07 10:24:27.754602775,277,-94
2025/05/07 10:24:27.853092741,277,-92
2025/05/07 10:24:27.958649078,277,-92
2025/05/07 10:24:28.49695550,278,-91
2025/05/07 10:24:28.153001591,278,-91
2025/05/07 10:24:28.256045385,278,-91
2025/05/07 10:24:28.356895951,281,-89
2025/05/07 10:24:28.462556462,281,-89
2025/05/07 10:24:28.586750976,281,-89
2025/05/07 10:24:28.660987041,282,-89
2025/05/07 10:24:28.750023715,282,-89
2025/05/07 10:24:28.876323792,281,-89
2025/05/07 10:24:28.954557373,281,-89
2025/05/07 10:24:29.57010184,281,-89
2025/05/07 10:24:29.156586636,278,-89
2025/05/07 10:24:29.263779159,278,-89
2025/05/07 10:24:29.354974697,278,-89
2025/05/07 10:24:29.456215142,274,-89
2025/05/07 10:24:29.555992240,274,-89
2025/05/07 10:24:29.657859167,274,-89
2025/05/07 10:24:29.793594928,271,-89
2025/05/07 10:24:29.860834406,271,-89
2025/05/07 10:24:29.957614325,265,-89
2025/05/07 10:24:30.55772694,265,-90
2025/05/07 10:24:30.157469870,265,-90
2025/05/07 10:24:30.257923594,262,-89
2025/05/07 10:24:30.356414963,262,-89
2025/05/07 10:24:30.481665359,262,-89
2025/05/07 10:24:30.579793431,255,-89
2025/05/07 10:24:30.671330008,255,-89
2025/05/07 10:24:30.771392604,255,-89
2025/05/07 10:24:30.856925894,255,-89
2025/05/07 10:24:30.982192678,249,-89
2025/05/07 10:24:31.65247304,249,-89
2025/05/07 10:24:31.164019077,246,-89
2025/05/07 10:24:31.261836143,246,-89
2025/05/07 10:24:31.359589225,246,-89
2025/05/07 10:24:31.459366034,241,-89
2025/05/07 10:24:31.549711638,241,-89
2025/05/07 10:24:31.657886906,241,-89
2025/05/07 10:24:31.762137776,238,-89
2025/05/07 10:24:31.859753128,238,-89
2025/05/07 10:24:31.952283789,238,-89
2025/05/07 10:24:32.55133593,233,-89
2025/05/07 10:24:32.188459294,233,-89
2025/05/07 10:24:32.283384633,227,-89
2025/05/07 10:24:32.393144056,227,-89
2025/05/07 10:24:32.484484057,227,-89
2025/05/07 10:24:32.584951791,227,-89
2025/05/07 10:24:32.670328653,227,-89
2025/05/07 10:24:32.793489730,218,-89
2025/05/07 10:24:32.871818697,219,-89
2025/05/07 10:24:32.964215366,219,-89
2025/05/07 10:24:33.59324200,213,-89
2025/05/07 10:24:33.162186569,213,-89
2025/05/07 10:24:33.264246827,213,-89
2025/05/07 10:24:33.394015355,209,-89
2025/05/07 10:24:33.463214609,209,-89
2025/05/07 10:24:33.556667216,209,-89
2025/05/07 10:24:33.680216860,200,-89
2025/05/07 10:24:33.758868514,200,-89
2025/05/07 10:24:33.862121029,200,-89
2025/05/07 10:24:33.957383661,191,-89
2025/05/07 10:24:34.83724997,191,-89
2025/05/07 10:24:34.164352293,191,-89
2025/05/07 10:24:34.265324501,182,-89
2025/05/07 10:24:34.362553200,182,-89
2025/05/07 10:24:34.459686223,182,-89
2025/05/07 10:24:34.606858439,179,-89
2025/05/07 10:24:34.678839227,179,-89
2025/05/07 10:24:34.778506752,179,-89
2025/05/07 10:24:34.877397857,179,-89
2025/05/07 10:24:34.958623764,171,-89
2025/05/07 10:24:35.69924694,171,-89
2025/05/07 10:24:35.166633660,171,-89
2025/05/07 10:24:35.254567618,169,-89
2025/05/07 10:24:35.354621694,169,-89
2025/05/07 10:24:35.456643031,169,-89
2025/05/07 10:24:35.554546407,163,-89
2025/05/07 10:24:35.655433642,163,-89
2025/05/07 10:24:35.785595895,163,-89
2025/05/07 10:24:35.854933137,158,-89
2025/05/07 10:24:35.955913034,158,-89
2025/05/07 10:24:36.54801442,148,-89
2025/05/07 10:24:36.154533190,149,-89
2025/05/07 10:24:36.261479622,149,-89
2025/05/07 10:24:36.360420735,146,-89
2025/05/07 10:24:36.459277279,146,-89
2025/05/07 10:24:36.578539560,146,-89
2025/05/07 10:24:36.657585374,141,-89
2025/05/07 10:24:36.754619628,141,-89
2025/05/07 10:24:36.855203340,141,-89
2025/05/07 10:24:36.988847559,138,-89
2025/05/07 10:24:37.54856900,138,-89
2025/05/07 10:24:37.156514557,138,-89
2025/05/07 10:24:37.252995536,134,-89
2025/05/07 10:24:37.355139900,134,-89
2025/05/07 10:24:37.460331549,134,-89
2025/05/07 10:24:37.552347655,132,-89
2025/05/07 10:24:37.657794153,132,-89
2025/05/07 10:24:37.773181678,130,-90
2025/05/07 10:24:37.865589512,130,-90
2025/05/07 10:24:37.958424889,130,-90
2025/05/07 10:24:38.51549653,130,-90
2025/05/07 10:24:38.192326061,129,-89
2025/05/07 10:24:38.254602499,129,-89
2025/05/07 10:24:38.358771639,127,-89
2025/05/07 10:24:38.456196963,127,-89
2025/05/07 10:24:38.558003639,127,-89
2025/05/07 10:24:38.660436696,125,-89
2025/05/07 10:24:38.756442681,125,-89
2025/05/07 10:24:38.872083974,125,-89
2025/05/07 10:24:38.978665323,123,-89
2025/05/07 10:24:39.57433851,123,-89
2025/05/07 10:24:39.163825765,123,-89
2025/05/07 10:24:39.259497638,123,-89
2025/05/07 10:24:39.423895406,123,-89
2025/05/07 10:24:39.501747817,123,-89
2025/05/07 10:24:39.579884185,123,-89
2025/05/07 10:24:39.676537376,124,-89
2025/05/07 10:24:39.754512060,124,-89
2025/05/07 10:24:39.856647074,124,-89
2025/05/07 10:24:39.954528033,123,-89
2025/05/07 10:24:40.53455135,123,-89
2025/05/07 10:24:40.159615922,123,-89
2025/05/07 10:24:40.256874968,124,-89
2025/05/07 10:24:40.359639759,124,-89
2025/05/07 10:24:40.478495703,124,-89
2025/05/07 10:24:40.584658660,127,-89
2025/05/07 10:24:40.657717349,127,-89
2025/05/07 10:24:40.753493956,127,-89
2025/05/07 10:24:40.881921521,129,-89
2025/05/07 10:24:40.973644095,129,-89
2025/05/07 10:24:41.78686367,129,-89
2025/05/07 10:24:41.176469882,132,-89
2025/05/07 10:24:41.253743830,132,-89
2025/05/07 10:24:41.358786360,132,-89
2025/05/07 10:24:41.454772965,131,-89
2025/05/07 10:24:41.587476851,131,-89
2025/05/07 10:24:41.681865695,131,-89
2025/05/07 10:24:41.834141551,132,-89
2025/05/07 10:24:41.889877749,132,-89
2025/05/07 10:24:41.953702276,132,-89
2025/05/07 10:24:42.59392532,133,-89
2025/05/07 10:24:42.157384963,133,-89
2025/05/07 10:24:42.283922378,133,-89
2025/05/07 10:24:42.379364752,134,-89
2025/05/07 10:24:42.452706683,134,-89
2025/05/07 10:24:42.554142970,134,-89
2025/05/07 10:24:42.658463761,135,-89
2025/05/07 10:24:42.757020073,135,-89
2025/05/07 10:24:42.864466384,135,-89
2025/05/07 10:24:42.989095359,136,-89
2025/05/07 10:24:43.62360541,136,-89
2025/05/07 10:24:43.161978528,136,-89
2025/05/07 10:24:43.252744981,138,-89
2025/05/07 10:24:43.360445912,138,-89
2025/05/07 10:24:43.457967498,138,-89
2025/05/07 10:24:43.558841229,142,-89
2025/05/07 10:24:43.659112842,142,-89
2025/05/07 10:24:43.754555791,142,-89
2025/05/07 10:24:43.857566913,145,-89
2025/05/07 10:24:43.955540526,145,-89
2025/05/07 10:24:44.59265421,145,-89
2025/05/07 10:24:44.185185951,147,-89
2025/05/07 10:24:44.253394102,147,-89
2025/05/07 10:24:44.358947009,147,-89
2025/05/07 10:24:44.458689844,147,-89
2025/05/07 10:24:44.550431851,147,-89
2025/05/07 10:24:44.655072892,147,-89
2025/05/07 10:24:44.751670513,150,-89
2025/05/07 10:24:44.854026956,150,-89
2025/05/07 10:24:44.968044169,150,-89
2025/05/07 10:24:45.52564885,150,-89
2025/05/07 10:24:45.155726909,150,-89
2025/05/07 10:24:45.253022250,150,-89
2025/05/07 10:24:45.381923378,152,-89
2025/05/07 10:24:45.455478749,152,-89
2025/05/07 10:24:45.555114358,152,-89
2025/05/07 10:24:45.661641305,154,-89
2025/05/07 10:24:45.755836940,154,-89
2025/05/07 10:24:45.858915850,154,-89
2025/05/07 10:24:45.960681159,154,-89
2025/05/07 10:24:46.55931287,154,-89
2025/05/07 10:24:46.177521841,154,-89
2025/05/07 10:24:46.262637821,152,-89
2025/05/07 10:24:46.359490009,152,-89
2025/05/07 10:24:46.464379036,152,-89
2025/05/07 10:24:46.575187834,152,-89
2025/05/07 10:24:46.658827976,152,-89
2025/05/07 10:24:46.763182204,152,-89
2025/05/07 10:24:46.858372266,153,-89
2025/05/07 10:24:46.962383263,153,-89
2025/05/07 10:24:47.59962840,153,-89
2025/05/07 10:24:47.156566021,156,-89
2025/05/07 10:24:47.249720333,156,-89
2025/05/07 10:24:47.351281488,156,-89
2025/05/07 10:24:47.455811675,157,-89
2025/05/07 10:24:47.555129271,157,-89
2025/05/07 10:24:47.660657818,159,-90
2025/05/07 10:24:47.792707124,159,-90
2025/05/07 10:24:47.864186839,159,-90
2025/05/07 10:24:47.953995624,159,-89
2025/05/07 10:24:48.50859058,159,-90
2025/05/07 10:24:48.154864889,159,-90
2025/05/07 10:24:48.256803612,159,-90
2025/05/07 10:24:48.357382680,160,-89
2025/05/07 10:24:48.460845019,160,-89
2025/05/07 10:24:48.575428743,158,-89
2025/05/07 10:24:48.678976351,158,-89
2025/05/07 10:24:48.768732582,158,-89
2025/05/07 10:24:48.850680278,158,-89
2025/05/07 10:24:48.988331831,160,-89
2025/05/07 10:24:49.59230661,160,-89
2025/05/07 10:24:49.158530008,160,-89
2025/05/07 10:24:49.250254860,160,-89
2025/05/07 10:24:49.359593001,160,-89
2025/05/07 10:24:49.455530794,163,-89
2025/05/07 10:24:49.549522396,163,-89
2025/05/07 10:24:49.679092250,163,-89
2025/05/07 10:24:49.775886808,162,-89
2025/05/07 10:24:49.878526253,162,-89
2025/05/07 10:24:49.959169489,162,-89
2025/05/07 10:24:50.54013393,160,-89
2025/05/07 10:24:50.181566742,160,-89
2025/05/07 10:24:50.255447310,160,-89
2025/05/07 10:24:50.356235037,156,-89
2025/05/07 10:24:50.453216383,156,-89
2025/05/07 10:24:50.555520244,156,-89
2025/05/07 10:24:50.654024876,154,-92
2025/05/07 10:24:50.750444172,154,-92
2025/05/07 10:24:50.866415854,154,-92
2025/05/07 10:24:50.951512026,155,-95
2025/05/07 10:24:51.74163716,155,-95
2025/05/07 10:24:51.159984854,155,-95
2025/05/07 10:24:51.250984857,158,-97
2025/05/07 10:24:51.399663413,158,-97
2025/05/07 10:24:51.451614844,163,-100
2025/05/07 10:24:51.554797166,163,-100
2025/05/07 10:24:51.654615267,163,-100
2025/05/07 10:24:51.752325686,166,-102
2025/05/07 10:24:51.882277267,166,-102
2025/05/07 10:24:51.956874914,166,-102
2025/05/07 10:24:52.64382312,171,-104
2025/05/07 10:24:52.153085808,171,-104
2025/05/07 10:24:52.270093530,171,-104
2025/05/07 10:24:52.350858329,174,-107
2025/05/07 10:24:52.452868333,174,-107
2025/05/07 10:24:52.582617979,174,-107
2025/05/07 10:24:52.653529692,175,-109
2025/05/07 10:24:52.753087333,175,-109
2025/05/07 10:24:52.859907214,175,-109
2025/05/07 10:24:52.956768938,177,-111
2025/05/07 10:24:53.53302098,177,-111
2025/05/07 10:24:53.154529360,177,-111
2025/05/07 10:24:53.252465627,181,-113
2025/05/07 10:24:53.373920647,181,-113
2025/05/07 10:24:53.451787028,181,-113
2025/05/07 10:24:53.564145488,184,-115
2025/05/07 10:24:53.655719731,184,-115
2025/05/07 10:24:53.784520289,184,-115
2025/05/07 10:24:53.851687147,186,-116
2025/05/07 10:24:53.979155722,186,-116
2025/05/07 10:24:54.60639646,186,-116
2025/05/07 10:24:54.158307608,189,-118
2025/05/07 10:24:54.266128051,189,-118
2025/05/07 10:24:54.355150238,189,-118
2025/05/07 10:24:54.470644506,193,-119
2025/05/07 10:24:54.553200503,193,-119
2025/05/07 10:24:54.653384589,193,-119
2025/05/07 10:24:54.755634518,195,-121
2025/05/07 10:24:54.858861085,195,-121
2025/05/07 10:24:54.989405668,195,-121
2025/05/07 10:24:55.53329028,198,-122
2025/05/07 10:24:55.154669953,198,-122
2025/05/07 10:24:55.263548613,198,-122
2025/05/07 10:24:55.354375436,199,-123
2025/05/07 10:24:55.453824985,199,-123
2025/05/07 10:24:55.559361725,199,-123
2025/05/07 10:24:55.657384130,201,-125
2025/05/07 10:24:55.750933243,201,-125
2025/05/07 10:24:55.851611950,203,-125
2025/05/07 10:24:55.950310163,203,-125
2025/05/07 10:24:56.56538078,203,-125
2025/05/07 10:24:56.183240486,204,-126
2025/05/07 10:24:56.255661370,204,-126
2025/05/07 10:24:56.356873513,204,-126
2025/05/07 10:24:56.456837431,204,-126
2025/05/07 10:24:56.575410370,205,-127
2025/05/07 10:24:56.673246174,205,-127
2025/05/07 10:24:56.784209316,205,-127
2025/05/07 10:24:56.882296582,206,-128
2025/05/07 10:24:56.983481397,206,-128
2025/05/07 10:24:57.87654253,206,-128
2025/05/07 10:24:57.158417783,206,-128
2025/05/07 10:24:57.255866681,207,-128
2025/05/07 10:24:57.419823257,207,-128
2025/05/07 10:24:57.494992194,207,-128
2025/05/07 10:24:57.583561004,207,-128
2025/05/07 10:24:57.683504855,208,-128
2025/05/07 10:24:57.777547263,208,-128
2025/05/07 10:24:57.856181932,208,-128
2025/05/07 10:24:57.951248012,210,-129
2025/05/07 10:24:58.56147514,210,-129
2025/05/07 10:24:58.166982382,210,-129
2025/05/07 10:24:58.255088091,212,-128
2025/05/07 10:24:58.357052736,212,-128
2025/05/07 10:24:58.456987969,212,-128
2025/05/07 10:24:58.585297474,212,-128
2025/05/07 10:24:58.653471369,212,-128
2025/05/07 10:24:58.758977667,212,-128
2025/05/07 10:24:58.861336448,212,-128
2025/05/07 10:24:58.980150109,212,-128
2025/05/07 10:24:59.80333731,212,-128
2025/05/07 10:24:59.171984944,212,-127
2025/05/07 10:24:59.253181479,212,-127
2025/05/07 10:24:59.356350706,212,-127
2025/05/07 10:24:59.455816288,211,-127
2025/05/07 10:24:59.577590117,211,-127
2025/05/07 10:24:59.658928744,211,-127
2025/05/07 10:24:59.801322699,211,-126
2025/05/07 10:24:59.850427914,211,-126
2025/05/07 10:24:59.953685822,211,-126
2025/05/07 10:25:00.55348784,210,-125
2025/05/07 10:25:00.164291536,210,-125
2025/05/07 10:25:00.259064079,210,-125
2025/05/07 10:25:00.356041686,209,-124
2025/05/07 10:25:00.462003455,209,-124
2025/05/07 10:25:00.564405409,209,-124
2025/05/07 10:25:00.654055439,209,-124
2025/05/07 10:25:00.762766151,209,-124
2025/05/07 10:25:00.858425663,208,-122
2025/05/07 10:25:00.988395036,208,-122
2025/05/07 10:25:01.61818865,208,-122
2025/05/07 10:25:01.152844993,206,-121
2025/05/07 10:25:01.251832386,206,-121
2025/05/07 10:25:01.353631212,206,-121
2025/05/07 10:25:01.466714299,204,-120
2025/05/07 10:25:01.563135378,204,-120
2025/05/07 10:25:01.662024682,204,-120
2025/05/07 10:25:01.781524172,201,-119
2025/05/07 10:25:01.855236785,201,-119
2025/05/07 10:25:01.961608981,201,-119
2025/05/07 10:25:02.54311092,198,-118
2025/05/07 10:25:02.193801319,198,-118
2025/05/07 10:25:02.266121191,198,-118
2025/05/07 10:25:02.357042839,196,-116
2025/05/07 10:25:02.460386621,196,-116
2025/05/07 10:25:02.556594197,196,-116
2025/05/07 10:25:02.656136433,193,-115
2025/05/07 10:25:02.759643810,193,-115
2025/05/07 10:25:02.855255090,193,-115
2025/05/07 10:25:02.958512311,192,-113
2025/05/07 10:25:03.53652978,192,-113
2025/05/07 10:25:03.167425412,189,-111
2025/05/07 10:25:03.253674994,189,-111
2025/05/07 10:25:03.396077689,189,-111
2025/05/07 10:25:03.460379719,185,-110
2025/05/07 10:25:03.564111005,185,-110
2025/05/07 10:25:03.679552640,185,-110
2025/05/07 10:25:03.778012887,180,-109
2025/05/07 10:25:03.861998547,180,-109
2025/05/07 10:25:03.954334129,180,-109
2025/05/07 10:25:04.76872365,180,-109
2025/05/07 10:25:04.178995683,178,-107
2025/05/07 10:25:04.280400460,178,-107
2025/05/07 10:25:04.360542169,178,-107
2025/05/07 10:25:04.453651754,175,-104
2025/05/07 10:25:04.581723731,175,-104
2025/05/07 10:25:04.658419894,175,-104
2025/05/07 10:25:04.755901278,175,-100
2025/05/07 10:25:04.860718411,175,-100
2025/05/07 10:25:04.965071275,175,-100
2025/05/07 10:25:05.54920636,172,-98
2025/05/07 10:25:05.156218568,172,-98
2025/05/07 10:25:05.252437186,172,-98
2025/05/07 10:25:05.408022272,172,-98
2025/05/07 10:25:05.456752084,172,-98
2025/05/07 10:25:05.552527236,170,-95
2025/05/07 10:25:05.654886573,170,-95
2025/05/07 10:25:05.782387248,170,-92
2025/05/07 10:25:05.849609660,170,-92
2025/05/07 10:25:05.952652198,167,-89
2025/05/07 10:25:06.51290362,167,-89
2025/05/07 10:25:06.159677745,167,-89
2025/05/07 10:25:06.278203114,163,-89
2025/05/07 10:25:06.351671203,163,-89
2025/05/07 10:25:06.456769242,163,-89
2025/05/07 10:25:06.553722436,161,-89
2025/05/07 10:25:06.651006763,161,-89
2025/05/07 10:25:06.766658374,161,-89
2025/05/07 10:25:06.854189167,159,-89
2025/05/07 10:25:06.981244464,159,-89
2025/05/07 10:25:07.53330325,159,-89
2025/05/07 10:25:07.151756771,157,-89
2025/05/07 10:25:07.251796139,157,-89
2025/05/07 10:25:07.359397262,157,-89
2025/05/07 10:25:07.461215072,158,-89
2025/05/07 10:25:07.553750509,158,-89
2025/05/07 10:25:07.664595096,158,-89
2025/05/07 10:25:07.756421747,159,-89
2025/05/07 10:25:07.855309697,159,-89
2025/05/07 10:25:07.973143778,159,-89
2025/05/07 10:25:08.51340470,159,-89
2025/05/07 10:25:08.187074787,159,-89
2025/05/07 10:25:08.259024549,159,-89
2025/05/07 10:25:08.356594531,157,-89
2025/05/07 10:25:08.452977831,157,-89
2025/05/07 10:25:08.551001991,157,-89
2025/05/07 10:25:08.679364340,155,-89
2025/05/07 10:25:08.757679529,155,-89
2025/05/07 10:25:08.858480227,154,-89
2025/05/07 10:25:08.951053109,154,-89
2025/05/07 10:25:09.59793654,154,-89
2025/05/07 10:25:09.160396960,154,-89
2025/05/07 10:25:09.250947635,154,-89
2025/05/07 10:25:09.407013027,154,-89
2025/05/07 10:25:09.455879958,154,-89
2025/05/07 10:25:09.562500993,157,-89
2025/05/07 10:25:09.664238948,157,-89
2025/05/07 10:25:09.777435085,159,-89
2025/05/07 10:25:09.868349627,159,-89
2025/05/07 10:25:09.954370435,159,-89
2025/05/07 10:25:10.61840079,159,-89
2025/05/07 10:25:10.154198438,161,-89
2025/05/07 10:25:10.255940372,161,-89
2025/05/07 10:25:10.359905481,163,-89
2025/05/07 10:25:10.450029332,163,-89
2025/05/07 10:25:10.599467159,163,-89
2025/05/07 10:25:10.649032174,166,-89
2025/05/07 10:25:10.757471838,166,-89
2025/05/07 10:25:10.858615678,166,-89
2025/05/07 10:25:10.951748796,170,-89
2025/05/07 10:25:11.55805484,170,-89
2025/05/07 10:25:11.154000964,170,-89
2025/05/07 10:25:11.252331785,171,-89
2025/05/07 10:25:11.358860782,171,-89
2025/05/07 10:25:11.462949606,171,-89
2025/05/07 10:25:11.555349431,174,-89
2025/05/07 10:25:11.651126688,174,-89
2025/05/07 10:25:11.785619552,174,-89
2025/05/07 10:25:11.852702347,175,-89
2025/05/07 10:25:11.953455154,175,-89
2025/05/07 10:25:12.54635341,175,-89
2025/05/07 10:25:12.150363168,178,-89
2025/05/07 10:25:12.253338802,178,-89
2025/05/07 10:25:12.356463452,178,-89
2025/05/07 10:25:12.449697618,184,-89
2025/05/07 10:25:12.557545551,184,-89
2025/05/07 10:25:12.655356154,188,-89
2025/05/07 10:25:12.755457928,188,-89
2025/05/07 10:25:12.853952883,188,-89
2025/05/07 10:25:12.978660274,188,-89
2025/05/07 10:25:13.51575886,191,-89
2025/05/07 10:25:13.169697615,191,-89
2025/05/07 10:25:13.255463069,191,-89
2025/05/07 10:25:13.362289809,196,-89
2025/05/07 10:25:13.451248215,196,-89
2025/05/07 10:25:13.557629106,196,-89
2025/05/07 10:25:13.657022030,197,-89
2025/05/07 10:25:13.755165306,197,-89
2025/05/07 10:25:13.861502251,197,-89
2025/05/07 10:25:13.954556035,201,-89
2025/05/07 10:25:14.75477608,201,-89
2025/05/07 10:25:14.200608705,201,-89
2025/05/07 10:25:14.254126450,208,-89
2025/05/07 10:25:14.359115751,208,-89
2025/05/07 10:25:14.453677286,208,-89
2025/05/07 10:25:14.573258772,217,-89
2025/05/07 10:25:14.655294453,217,-89
2025/05/07 10:25:14.756277126,217,-89
2025/05/07 10:25:14.867217252,221,-89
2025/05/07 10:25:14.951985303,221,-89
2025/05/07 10:25:15.76823872,221,-89
2025/05/07 10:25:15.152002688,224,-89
2025/05/07 10:25:15.277472925,224,-89
2025/05/07 10:25:15.378283821,224,-89
2025/05/07 10:25:15.466392151,224,-89
2025/05/07 10:25:15.552977761,224,-89
2025/05/07 10:25:15.673527651,224,-89
2025/05/07 10:25:15.773868177,224,-89
2025/05/07 10:25:15.853548828,224,-89
2025/05/07 10:25:15.969195019,228,-89
2025/05/07 10:25:16.51913326,228,-89
2025/05/07 10:25:16.160853206,228,-89
2025/05/07 10:25:16.259575147,233,-89
2025/05/07 10:25:16.356501716,233,-89
2025/05/07 10:25:16.464144280,233,-89
2025/05/07 10:25:16.584318053,237,-89
2025/05/07 10:25:16.653915713,237,-89
2025/05/07 10:25:16.762940213,237,-89
2025/05/07 10:25:16.853968906,240,-89
2025/05/07 10:25:16.956842423,240,-89
2025/05/07 10:25:17.54534562,240,-89
2025/05/07 10:25:17.154258121,243,-89
2025/05/07 10:25:17.252958463,243,-89
2025/05/07 10:25:17.365941127,243,-89
2025/05/07 10:25:17.474789586,245,-89
2025/05/07 10:25:17.557358973,245,-89
2025/05/07 10:25:17.667596635,245,-89
2025/05/07 10:25:17.792816595,248,-89
2025/05/07 10:25:17.853540080,248,-89
2025/05/07 10:25:17.973657042,248,-89
2025/05/07 10:25:18.51199509,251,-89
2025/05/07 10:25:18.156077096,251,-89
2025/05/07 10:25:18.261390379,251,-89
2025/05/07 10:25:18.354211332,252,-89
2025/05/07 10:25:18.451744567,252,-89
2025/05/07 10:25:18.553823666,252,-89
2025/05/07 10:25:18.653926402,258,-89
2025/05/07 10:25:18.755170288,258,-89
2025/05/07 10:25:18.857948907,258,-89
2025/05/07 10:25:18.987998180,259,-89
2025/05/07 10:25:19.51964928,259,-89
2025/05/07 10:25:19.155433590,259,-89
2025/05/07 10:25:19.253724958,258,-89
2025/05/07 10:25:19.353055543,258,-89
2025/05/07 10:25:19.461572896,258,-89
2025/05/07 10:25:19.559224587,256,-89
2025/05/07 10:25:19.666240480,256,-89
2025/05/07 10:25:19.755355048,256,-89
2025/05/07 10:25:19.854003958,254,-89
2025/05/07 10:25:19.952840314,254,-89
2025/05/07 10:25:20.57307632,254,-89
2025/05/07 10:25:20.186695050,253,-89
2025/05/07 10:25:20.265692004,253,-89
2025/05/07 10:25:20.356462910,253,-89
2025/05/07 10:25:20.477776250,253,-89
2025/05/07 10:25:20.554060894,253,-89
2025/05/07 10:25:20.676161058,253,-89
2025/05/07 10:25:20.752651121,253,-90
2025/05/07 10:25:20.863281671,253,-90
2025/05/07 10:25:20.962891805,253,-90
2025/05/07 10:25:21.69541969,251,-90
2025/05/07 10:25:21.155751631,251,-90
2025/05/07 10:25:21.256221396,251,-90
2025/05/07 10:25:21.380190129,248,-89
2025/05/07 10:25:21.458788521,248,-89
2025/05/07 10:25:21.559521178,248,-89
2025/05/07 10:25:21.680122727,244,-89
2025/05/07 10:25:21.778926920,244,-89
2025/05/07 10:25:21.878567528,244,-89
2025/05/07 10:25:21.950685313,244,-89
2025/05/07 10:25:22.53497866,240,-89
2025/05/07 10:25:22.160439913,240,-89
2025/05/07 10:25:22.255115890,240,-89
2025/05/07 10:25:22.357440378,234,-89
2025/05/07 10:25:22.458975151,234,-89
2025/05/07 10:25:22.576777953,234,-89
2025/05/07 10:25:22.655904430,229,-89
2025/05/07 10:25:22.756510625,229,-89
2025/05/07 10:25:22.866068464,229,-89
2025/05/07 10:25:22.960939979,223,-89
2025/05/07 10:25:23.56872475,223,-89
2025/05/07 10:25:23.150214624,223,-89
2025/05/07 10:25:23.250076759,215,-89
2025/05/07 10:25:23.353724381,215,-89
2025/05/07 10:25:23.455456188,215,-89
2025/05/07 10:25:23.555474488,206,-89
2025/05/07 10:25:23.658529644,206,-89
2025/05/07 10:25:23.776876921,206,-89
2025/05/07 10:25:23.854983450,196,-89
2025/05/07 10:25:23.956377656,196,-89
2025/05/07 10:25:24.55363429,196,-89
2025/05/07 10:25:24.161849440,189,-89
2025/05/07 10:25:24.261160453,189,-89
2025/05/07 10:25:24.361544168,189,-89
2025/05/07 10:25:24.448548757,181,-89
2025/05/07 10:25:24.570516052,181,-89
2025/05/07 10:25:24.654091875,181,-89
2025/05/07 10:25:24.756427121,174,-89
2025/05/07 10:25:24.859877631,174,-89
2025/05/07 10:25:25.12057000,174,-89
2025/05/07 10:25:25.79502629,174,-89
2025/05/07 10:25:25.173261901,163,-89
2025/05/07 10:25:25.267016317,163,-89
2025/05/07 10:25:25.355216499,163,-89
2025/05/07 10:25:25.457946932,149,-89
2025/05/07 10:25:25.562639800,149,-89
2025/05/07 10:25:25.681055604,149,-89
2025/05/07 10:25:25.776309999,139,-89
2025/05/07 10:25:25.854480669,139,-89
2025/05/07 10:25:25.964809827,139,-89
2025/05/07 10:25:26.59342535,126,-89
2025/05/07 10:25:26.178769657,126,-89
2025/05/07 10:25:26.261952343,126,-89
2025/05/07 10:25:26.355241557,119,-89
2025/05/07 10:25:26.449090672,119,-89
2025/05/07 10:25:26.560534869,119,-89
2025/05/07 10:25:26.668267680,111,-90
2025/05/07 10:25:26.780591255,111,-90
2025/05/07 10:25:26.897814295,111,-90
2025/05/07 10:25:26.969778021,111,-90
2025/05/07 10:25:27.52558810,99,-89
2025/05/07 10:25:27.154320967,99,-89
2025/05/07 10:25:27.253076311,99,-89
2025/05/07 10:25:27.379327660,93,-89
2025/05/07 10:25:27.483783838,93,-89
2025/05/07 10:25:27.571042878,93,-89
2025/05/07 10:25:27.675573718,81,-89
2025/05/07 10:25:27.758030358,81,-89
2025/05/07 10:25:27.854247416,81,-89
2025/05/07 10:25:27.960341391,72,-89
2025/05/07 10:25:28.56913483,72,-89
2025/05/07 10:25:28.181142432,72,-89
2025/05/07 10:25:28.255707832,63,-89
2025/05/07 10:25:28.365144760,62,-89
2025/05/07 10:25:28.472714934,62,-89
2025/05/07 10:25:28.586382888,62,-89
2025/05/07 10:25:28.656419600,55,-89
2025/05/07 10:25:28.764069175,55,-89
2025/05/07 10:25:28.863154890,55,-89
2025/05/07 10:25:28.952837289,45,-89
2025/05/07 10:25:29.54214192,45,-89
2025/05/07 10:25:29.158171781,45,-89
2025/05/07 10:25:29.252941027,35,-89
2025/05/07 10:25:29.361333471,35,-89
2025/05/07 10:25:29.466249864,35,-89
2025/05/07 10:25:29.560594748,26,-89
2025/05/07 10:25:29.657566015,26,-89
2025/05/07 10:25:29.788555694,26,-89
2025/05/07 10:25:29.857978535,18,-89
2025/05/07 10:25:29.954582827,18,-89
2025/05/07 10:25:30.59890330,18,-89
2025/05/07 10:25:30.169523383,10,-89
2025/05/07 10:25:30.248585425,10,-89
2025/05/07 10:25:30.359829778,10,-89
2025/05/07 10:25:30.454998658,4,-135
2025/05/07 10:25:30.553307712,4,-135
2025/05/07 10:25:30.660489576,4,-135
2025/05/07 10:25:30.759347032,4,-135
2025/05/07 10:25:30.859313292,4,-135
2025/05/07 10:25:30.990653182,4,-135
2025/05/07 10:25:31.57272860,4,-135
2025/05/07 10:25:31.150163511,4,-135
2025/05/07 10:25:31.254306628,4,-135
2025/05/07 10:25:31.360708695,4,-135
2025/05/07 10:25:31.459023334,4,-135
2025/05/07 10:25:31.553018661,4,-135
2025/05/07 10:25:31.650008924,4,-135
2025/05/07 10:25:31.750829078,4,-135
2025/05/07 10:25:31.876962950,4,-135
2025/05/07 10:25:31.957015805,4,-135
2025/05/07 10:25:32.59807397,4,-135
2025/05/07 10:25:32.185799659,4,-135
2025/05/07 10:25:32.260663823,4,-135
2025/05/07 10:25:32.356935345,4,-135
2025/05/07 10:25:32.476583507,4,-135
2025/05/07 10:25:32.573210049,4,-135
2025/05/07 10:25:32.669104702,4,-135
2025/05/07 10:25:32.760003043,4,-135
2025/05/07 10:25:32.855202339,4,-135
2025/05/07 10:25:32.992741138,4,-135
2025/05/07 10:25:33.94189218,4,-135
2025/05/07 10:25:33.154439533,4,-135
2025/05/07 10:25:33.256274621,4,-135
2025/05/07 10:25:33.412498661,4,-135
2025/05/07 10:25:33.468667049,4,-135
2025/05/07 10:25:33.556216756,4,-135
2025/05/07 10:25:33.682213347,4,-135
2025/05/07 10:25:33.771563478,4,-135
2025/05/07 10:25:33.874018494,4,-135
2025/05/07 10:25:33.970937312,4,-135
2025/05/07 10:25:34.65839492,4,-135
2025/05/07 10:25:34.172302098,4,-135
2025/05/07 10:25:34.273171778,4,-135
2025/05/07 10:25:34.370531629,4,-135
2025/05/07 10:25:34.456272220,4,-135
2025/05/07 10:25:34.633391266,4,-135
2025/05/07 10:25:34.704358167,4,-135
2025/05/07 10:25:34.793255758,4,-135
2025/05/07 10:25:34.872843152,4,-135
2025/05/07 10:25:34.974145801,13,179
2025/05/07 10:25:35.60528620,13,179
2025/05/07 10:25:35.181491717,13,179
2025/05/07 10:25:35.270236692,21,179
2025/05/07 10:25:35.389639153,21,179
2025/05/07 10:25:35.500915419,21,179
2025/05/07 10:25:35.595209293,21,179
2025/05/07 10:25:35.688737326,31,179
2025/05/07 10:25:35.854565961,31,179
2025/05/07 10:25:35.940032565,31,179
2025/05/07 10:25:36.35853470,31,179
2025/05/07 10:25:36.100617939,31,179
2025/05/07 10:25:36.162555918,39,179
2025/05/07 10:25:36.257825762,39,179
2025/05/07 10:25:36.382948045,39,179
2025/05/07 10:25:36.459039290,43,179
2025/05/07 10:25:36.557408019,43,179
2025/05/07 10:25:36.679352568,43,179
2025/05/07 10:25:36.787712737,43,179
2025/05/07 10:25:36.886157463,49,179
2025/05/07 10:25:36.998825633,49,179
2025/05/07 10:25:37.53530199,49,179
2025/05/07 10:25:37.157774471,49,179
2025/05/07 10:25:37.283610763,56,179
2025/05/07 10:25:37.356435512,56,179
2025/05/07 10:25:37.481217004,56,179
2025/05/07 10:25:37.555633181,62,179
2025/05/07 10:25:37.651026989,62,179
2025/05/07 10:25:37.755199857,62,179
2025/05/07 10:25:37.861243151,67,179
2025/05/07 10:25:37.965980783,67,179
2025/05/07 10:25:38.74332810,67,179
2025/05/07 10:25:38.227375370,67,179
2025/05/07 10:25:38.291739472,67,179
2025/05/07 10:25:38.358220726,72,179
2025/05/07 10:25:38.468360516,72,179
2025/05/07 10:25:38.559263500,72,179
2025/05/07 10:25:38.662306996,77,179
2025/05/07 10:25:38.763224246,77,179
2025/05/07 10:25:38.876479731,77,179
2025/05/07 10:25:38.952297440,81,179
2025/05/07 10:25:39.57454655,81,179
2025/05/07 10:25:39.176824318,81,179
2025/05/07 10:25:39.271509963,81,179
2025/05/07 10:25:39.396814901,82,179
2025/05/07 10:25:39.451176904,82,179
2025/05/07 10:25:39.569417807,82,179
2025/05/07 10:25:39.659416928,83,179
2025/05/07 10:25:39.758842055,83,179
2025/05/07 10:25:39.875810239,83,179
2025/05/07 10:25:39.974097314,83,179
2025/05/07 10:25:40.73535217,87,179
2025/05/07 10:25:40.158749505,87,179
2025/05/07 10:25:40.253539710,87,179
2025/05/07 10:25:40.354813173,92,179
2025/05/07 10:25:40.457162213,92,179
2025/05/07 10:25:40.587576147,92,179
2025/05/07 10:25:40.656647778,95,179
2025/05/07 10:25:40.763078810,95,179
2025/05/07 10:25:40.854730163,95,179
2025/05/07 10:25:40.960084648,98,179
2025/05/07 10:25:41.57261918,98,179
2025/05/07 10:25:41.171422423,98,179
2025/05/07 10:25:41.256838547,100,179
2025/05/07 10:25:41.363808170,100,179
2025/05/07 10:25:41.456140040,100,179
2025/05/07 10:25:41.551080333,102,179
2025/05/07 10:25:41.656997038,102,179
2025/05/07 10:25:41.788726369,102,179
2025/05/07 10:25:41.866637343,103,179
2025/05/07 10:25:41.953886490,103,179
2025/05/07 10:25:42.59166029,103,179
2025/05/07 10:25:42.153468660,104,179
2025/05/07 10:25:42.257291892,104,179
2025/05/07 10:25:42.364488888,104,179
2025/05/07 10:25:42.459029941,104,179
2025/05/07 10:25:42.554622239,104,179
2025/05/07 10:25:42.658993322,104,179
2025/05/07 10:25:42.758879996,104,179
2025/05/07 10:25:42.855058218,104,179
2025/05/07 10:25:42.982318647,104,179
2025/05/07 10:25:43.55174758,104,179
2025/05/07 10:25:43.156894800,105,179
2025/05/07 10:25:43.253274647,105,179
2025/05/07 10:25:43.378699440,105,179
2025/05/07 10:25:43.477841122,106,179
2025/05/07 10:25:43.568074706,106,179
2025/05/07 10:25:43.660412743,106,179
2025/05/07 10:25:43.751070005,106,179
2025/05/07 10:25:43.853877145,106,179
2025/05/07 10:25:43.956736837,106,179
2025/05/07 10:25:44.57645506,106,179
2025/05/07 10:25:44.175537275,106,179
2025/05/07 10:25:44.253985418,106,179
2025/05/07 10:25:44.356890994,106,179
2025/05/07 10:25:44.463544323,107,179
2025/05/07 10:25:44.551803379,107,179
2025/05/07 10:25:44.648904883,107,179
2025/05/07 10:25:44.752160593,108,179
2025/05/07 10:25:44.852271435,108,179
2025/05/07 10:25:44.951524887,108,179
2025/05/07 10:25:45.52525766,109,179
2025/05/07 10:25:45.152447071,109,179
2025/05/07 10:25:45.261214470,109,179
2025/05/07 10:25:45.382530519,108,179
2025/05/07 10:25:45.452169338,108,179
2025/05/07 10:25:45.552565976,108,179
2025/05/07 10:25:45.650162527,108,179
2025/05/07 10:25:45.752936390,108,179
2025/05/07 10:25:45.849300273,109,179
2025/05/07 10:25:45.955277904,109,179
2025/05/07 10:25:46.52304009,109,179
2025/05/07 10:25:46.151707376,110,179
2025/05/07 10:25:46.251960918,110,179
2025/05/07 10:25:46.352993375,110,179
2025/05/07 10:25:46.466728243,111,179
2025/05/07 10:25:46.584880048,111,179
2025/05/07 10:25:46.660819403,111,179
2025/05/07 10:25:46.761354534,110,179
2025/05/07 10:25:46.856809435,110,179
2025/05/07 10:25:46.954829897,110,179
2025/05/07 10:25:47.52711268,110,179
2025/05/07 10:25:47.177316138,108,179
2025/05/07 10:25:47.260567531,108,179
2025/05/07 10:25:47.357338631,108,179
2025/05/07 10:25:47.476157044,105,179
2025/05/07 10:25:47.553706433,105,179
2025/05/07 10:25:47.662348548,105,179
2025/05/07 10:25:47.796708676,102,179
2025/05/07 10:25:47.857247350,102,179
2025/05/07 10:25:47.971678871,102,179
2025/05/07 10:25:48.54697874,98,-179
2025/05/07 10:25:48.157451218,98,-179
2025/05/07 10:25:48.304137586,98,-179
2025/05/07 10:25:48.384458636,98,-179
2025/05/07 10:25:48.462822267,91,-173
2025/05/07 10:25:48.603525801,91,-173
2025/05/07 10:25:48.671352726,91,-173
2025/05/07 10:25:48.764738511,91,-173
2025/05/07 10:25:48.855081495,84,-167
2025/05/07 10:25:49.16894357,84,-167
2025/05/07 10:25:49.89623604,84,-167
2025/05/07 10:25:49.162804566,84,-167
2025/05/07 10:25:49.254862926,81,-162
2025/05/07 10:25:49.354503047,81,-162
2025/05/07 10:25:49.458682766,81,-162
2025/05/07 10:25:49.558561614,79,-159
2025/05/07 10:25:49.657341036,79,-159
2025/05/07 10:25:49.751542882,79,-159
2025/05/07 10:25:49.873222629,78,-156
2025/05/07 10:25:49.956414975,78,-156
2025/05/07 10:25:50.63931669,78,-156
2025/05/07 10:25:50.192559910,79,-155
2025/05/07 10:25:50.258432176,79,-155
2025/05/07 10:25:50.355104751,79,-155
2025/05/07 10:25:50.452012294,79,-155
2025/05/07 10:25:50.577499426,80,-152
2025/05/07 10:25:50.653918921,80,-152
2025/05/07 10:25:50.758898040,80,-152
2025/05/07 10:25:50.868586824,82,-151
2025/05/07 10:25:50.957927502,82,-151
2025/05/07 10:25:51.79190268,82,-151
2025/05/07 10:25:51.160019349,85,-144
2025/05/07 10:25:51.263956801,85,-144
2025/05/07 10:25:51.380400568,85,-144
2025/05/07 10:25:51.455226576,85,-144
2025/05/07 10:25:51.577516686,89,-136
2025/05/07 10:25:51.679523723,89,-136
2025/05/07 10:25:51.780787709,89,-136
2025/05/07 10:25:51.877352004,89,-136
2025/05/07 10:25:51.979181600,92,-127
2025/05/07 10:25:52.80192863,92,-127
2025/05/07 10:25:52.177622337,92,-127
2025/05/07 10:25:52.250104060,92,-127
2025/05/07 10:25:52.374515405,95,-119
2025/05/07 10:25:52.477606366,95,-119
2025/05/07 10:25:52.583945189,95,-119
2025/05/07 10:25:52.678415119,94,-116
2025/05/07 10:25:52.751204579,94,-116
2025/05/07 10:25:52.860411549,94,-116
2025/05/07 10:25:52.981119883,94,-113
2025/05/07 10:25:53.75369717,94,-113
2025/05/07 10:25:53.155622937,94,-113
2025/05/07 10:25:53.251541845,94,-113
2025/05/07 10:25:53.358467899,99,-108
2025/05/07 10:25:53.457335761,99,-108
2025/05/07 10:25:53.575118967,99,-108
2025/05/07 10:25:53.653896659,102,-106
2025/05/07 10:25:53.784385847,102,-106
2025/05/07 10:25:53.862150222,102,-106
2025/05/07 10:25:53.953477442,109,-101
2025/05/07 10:25:54.64234720,109,-101
2025/05/07 10:25:54.158218852,109,-101
2025/05/07 10:25:54.253163244,118,-97
2025/05/07 10:25:54.379470395,118,-97
2025/05/07 10:25:54.467081314,118,-97
2025/05/07 10:25:54.560932444,125,-94
2025/05/07 10:25:54.659622442,125,-94
2025/05/07 10:25:54.756105894,125,-94
2025/05/07 10:25:54.856076216,130,-93
2025/05/07 10:25:54.993356055,130,-93
2025/05/07 10:25:55.75383237,130,-93
2025/05/07 10:25:55.154626476,136,-91
2025/05/07 10:25:55.257268828,136,-91
2025/05/07 10:25:55.356021426,136,-91
2025/05/07 10:25:55.454273090,136,-91
2025/05/07 10:25:55.554716001,144,-89
2025/05/07 10:25:55.654387107,144,-89
2025/05/07 10:25:55.759467535,144,-89
2025/05/07 10:25:55.856044040,150,-89
2025/05/07 10:25:55.952773908,150,-89
2025/05/07 10:25:56.64042589,150,-89
2025/05/07 10:25:56.179264804,153,-89
2025/05/07 10:25:56.258111287,153,-89
2025/05/07 10:25:56.357920509,153,-89
2025/05/07 10:25:56.459628281,158,-89
2025/05/07 10:25:56.557177433,158,-89
2025/05/07 10:25:56.662990662,158,-89
2025/05/07 10:25:56.755540263,159,-89
2025/05/07 10:25:56.858803965,159,-89
2025/05/07 10:25:56.960982011,159,-89
2025/05/07 10:25:57.56417822,161,-89
2025/05/07 10:25:57.163755338,161,-89
2025/05/07 10:25:57.285702391,161,-89
2025/05/07 10:25:57.427640773,166,-89
2025/05/07 10:25:57.501847349,166,-89
2025/05/07 10:25:57.577065288,166,-89
2025/05/07 10:25:57.679478599,166,-89
2025/05/07 10:25:57.778278950,178,-89
2025/05/07 10:25:57.880041060,178,-89
2025/05/07 10:25:57.965857470,178,-89
2025/05/07 10:25:58.53835536,178,-89
2025/05/07 10:25:58.156785331,185,-89
2025/05/07 10:25:58.274059159,185,-89
2025/05/07 10:25:58.357633144,185,-89
2025/05/07 10:25:58.457545492,185,-89
2025/05/07 10:25:58.584235187,188,-89
2025/05/07 10:25:58.676074626,188,-89
2025/05/07 10:25:58.751674439,188,-89
2025/05/07 10:25:58.852237374,193,-89
2025/05/07 10:25:58.959614212,193,-89
2025/05/07 10:25:59.56859771,193,-89
2025/05/07 10:25:59.156821610,203,-89
2025/05/07 10:25:59.269679060,203,-90
2025/05/07 10:25:59.372064332,203,-90
2025/05/07 10:25:59.451873659,213,-90
2025/05/07 10:25:59.555907283,213,-89
2025/05/07 10:25:59.654388758,213,-89
2025/05/07 10:25:59.796097784,213,-89
2025/05/07 10:25:59.854313114,222,-89
2025/05/07 10:25:59.954626841,222,-89
2025/05/07 10:26:00.53047550,222,-89
2025/05/07 10:26:00.152893895,227,-89
2025/05/07 10:26:00.256755600,227,-89
2025/05/07 10:26:00.364071731,227,-89
2025/05/07 10:26:00.459497930,230,-89
2025/05/07 10:26:00.561673303,230,-89
2025/05/07 10:26:00.658893508,230,-89
2025/05/07 10:26:00.769693286,230,-89
2025/05/07 10:26:00.852709990,230,-89
2025/05/07 10:26:00.982831808,230,-89
2025/05/07 10:26:01.56049191,230,-89
2025/05/07 10:26:01.156650533,230,-89
2025/05/07 10:26:01.254967068,230,-89
2025/05/07 10:26:01.353216122,230,-89
2025/05/07 10:26:01.454994957,228,-89
2025/05/07 10:26:01.553646089,228,-89
2025/05/07 10:26:01.673369427,228,-89
2025/05/07 10:26:01.778295529,231,-89
2025/05/07 10:26:01.880404832,231,-89
2025/05/07 10:26:01.962795979,231,-89
2025/05/07 10:26:02.57097283,237,-89
2025/05/07 10:26:02.190916539,237,-89
2025/05/07 10:26:02.255842132,237,-89
2025/05/07 10:26:02.366205337,241,-89
2025/05/07 10:26:02.452437411,241,-89
2025/05/07 10:26:02.581175917,241,-89
2025/05/07 10:26:02.677325725,241,-89
2025/05/07 10:26:02.760979968,241,-89
2025/05/07 10:26:02.857006889,241,-89
2025/05/07 10:26:02.955591972,241,-89
2025/05/07 10:26:03.60237980,239,-89
2025/05/07 10:26:03.157585278,239,-89
2025/05/07 10:26:03.255586082,239,-89
2025/05/07 10:26:03.385529884,239,-89
2025/05/07 10:26:03.449583857,239,-89
2025/05/07 10:26:03.556515035,239,-89
2025/05/07 10:26:03.657741714,242,-89
2025/05/07 10:26:03.756655499,242,-89
2025/05/07 10:26:03.860533438,242,-89
2025/05/07 10:26:03.949175598,243,-89
2025/05/07 10:26:04.52079950,243,-89
2025/05/07 10:26:04.157447000,243,-89
2025/05/07 10:26:04.255937586,243,-89
2025/05/07 10:26:04.366914310,243,-89
2025/05/07 10:26:04.460257124,243,-89
2025/05/07 10:26:04.610558085,243,-89
2025/05/07 10:26:04.659026894,243,-89
2025/05/07 10:26:04.750978155,242,-89
2025/05/07 10:26:04.851076196,242,-89
2025/05/07 10:26:04.952955882,242,-89
2025/05/07 10:26:05.56873429,242,-89
2025/05/07 10:26:05.150746936,242,-89
2025/05/07 10:26:05.266580431,242,-89
2025/05/07 10:26:05.352275539,242,-89
2025/05/07 10:26:05.476599663,242,-89
2025/05/07 10:26:05.554649004,242,-89
2025/05/07 10:26:05.669354961,242,-89
2025/05/07 10:26:05.797102893,242,-89
2025/05/07 10:26:05.858411711,242,-89
2025/05/07 10:26:05.959415680,242,-89
2025/05/07 10:26:06.50688414,242,-89
2025/05/07 10:26:06.151803138,241,-89
2025/05/07 10:26:06.260546852,241,-89
2025/05/07 10:26:06.362639949,241,-89
2025/05/07 10:26:06.461671068,237,-89
2025/05/07 10:26:06.552792531,237,-89
2025/05/07 10:26:06.653352113,237,-89
2025/05/07 10:26:06.757535443,232,-89
2025/05/07 10:26:06.860593741,232,-89
2025/05/07 10:26:06.997531264,232,-89
2025/05/07 10:26:07.59539563,228,-89
2025/05/07 10:26:07.178933886,228,-89
2025/05/07 10:26:07.250470585,228,-89
2025/05/07 10:26:07.383502252,222,-89
2025/05/07 10:26:07.453004979,222,-89
2025/05/07 10:26:07.579558563,222,-89
2025/05/07 10:26:07.664494593,222,-89
2025/05/07 10:26:07.778080082,217,-89
2025/05/07 10:26:07.878823935,217,-89
2025/05/07 10:26:07.950920267,217,-89
2025/05/07 10:26:08.56295632,207,-89
2025/05/07 10:26:08.182047808,207,-89
2025/05/07 10:26:08.267244886,207,-89
2025/05/07 10:26:08.357045376,205,-89
2025/05/07 10:26:08.457102763,205,-89
2025/05/07 10:26:08.561431652,205,-89
2025/05/07 10:26:08.671834560,205,-89
2025/05/07 10:26:08.751025698,200,-89
2025/05/07 10:26:08.855277324,200,-89
2025/05/07 10:26:08.955401328,200,-89
2025/05/07 10:26:09.53795664,194,-89
2025/05/07 10:26:09.162983072,194,-89
2025/05/07 10:26:09.253855902,194,-89
2025/05/07 10:26:09.379104144,194,-89
2025/05/07 10:26:09.453188398,186,-89
2025/05/07 10:26:09.553543863,186,-89
2025/05/07 10:26:09.686329697,186,-89
2025/05/07 10:26:09.777204703,173,-89
2025/05/07 10:26:09.877132131,173,-89
2025/05/07 10:26:09.951429763,173,-89
2025/05/07 10:26:10.55918721,173,-89
2025/05/07 10:26:10.154398069,161,-89
2025/05/07 10:26:10.262324839,161,-89
2025/05/07 10:26:10.379340280,161,-89
2025/05/07 10:26:10.464808557,159,-89
2025/05/07 10:26:10.579063042,159,-89
2025/05/07 10:26:10.650284218,159,-89
2025/05/07 10:26:10.753582177,157,-89
2025/05/07 10:26:10.889581141,157,-89
2025/05/07 10:26:10.957126952,157,-89
2025/05/07 10:26:11.62393945,157,-89
2025/05/07 10:26:11.159902766,156,-89
2025/05/07 10:26:11.266993755,156,-89
2025/05/07 10:26:11.353663386,156,-89
2025/05/07 10:26:11.455135476,147,-89
2025/05/07 10:26:11.553917197,147,-89
2025/05/07 10:26:11.653902167,147,-89
2025/05/07 10:26:11.779913751,147,-89
2025/05/07 10:26:11.851049572,134,-89
2025/05/07 10:26:11.954921112,134,-89
2025/05/07 10:26:12.52914949,134,-89
2025/05/07 10:26:12.155270108,125,-89
2025/05/07 10:26:12.282892067,125,-89
2025/05/07 10:26:12.379699519,125,-89
2025/05/07 10:26:12.478245794,119,-89
2025/05/07 10:26:12.578888625,119,-89
2025/05/07 10:26:12.677880558,119,-89
2025/05/07 10:26:12.756259111,119,-89
2025/05/07 10:26:12.860170385,111,-89
2025/05/07 10:26:12.984823819,111,-89
2025/05/07 10:26:13.53581571,111,-89
2025/05/07 10:26:13.173662958,110,-89
2025/05/07 10:26:13.253124615,110,-89
2025/05/07 10:26:13.356021985,110,-89
2025/05/07 10:26:13.454214243,110,-89
2025/05/07 10:26:13.557011760,105,-89
2025/05/07 10:26:13.679621935,105,-89
2025/05/07 10:26:13.760418835,105,-89
2025/05/07 10:26:13.858135854,102,-89
2025/05/07 10:26:13.952900658,102,-89
2025/05/07 10:26:14.78379402,102,-89
2025/05/07 10:26:14.209530908,102,-89
2025/05/07 10:26:14.273177921,102,-89
2025/05/07 10:26:14.351318939,102,-89
2025/05/07 10:26:14.452177578,102,-89
2025/05/07 10:26:14.552612556,102,-89
2025/05/07 10:26:14.655301944,102,-89
2025/05/07 10:26:14.752941012,102,-89
2025/05/07 10:26:14.859695847,103,-89
2025/05/07 10:26:14.953531230,103,-89
2025/05/07 10:26:15.78613184,103,-89
2025/05/07 10:26:15.173055562,102,-89
2025/05/07 10:26:15.251720760,102,-89
2025/05/07 10:26:15.410059068,102,-89
2025/05/07 10:26:15.453532882,102,-89
2025/05/07 10:26:15.579418600,100,-89
2025/05/07 10:26:15.650523588,100,-89
2025/05/07 10:26:15.778787833,100,-89
2025/05/07 10:26:15.848457815,99,-89
2025/05/07 10:26:15.952337422,99,-89
2025/05/07 10:26:16.77461002,99,-89
2025/05/07 10:26:16.178431353,100,-89
2025/05/07 10:26:16.260635198,100,-89
2025/05/07 10:26:16.357640846,100,-89
2025/05/07 10:26:16.456941932,100,-89
2025/05/07 10:26:16.583455969,99,-89
2025/05/07 10:26:16.653493173,99,-89
2025/05/07 10:26:16.755054311,99,-89
2025/05/07 10:26:16.856910009,99,-89
2025/05/07 10:26:16.953647231,99,-89
2025/05/07 10:26:17.54030112,99,-89
2025/05/07 10:26:17.152540466,99,-89
2025/05/07 10:26:17.272039333,100,-89
2025/05/07 10:26:17.352154345,100,-89
2025/05/07 10:26:17.481524443,100,-89
2025/05/07 10:26:17.566940065,97,-89
2025/05/07 10:26:17.651816088,97,-89
2025/05/07 10:26:17.785183617,97,-89
2025/05/07 10:26:17.857597315,97,-89
2025/05/07 10:26:17.948704275,91,-89
2025/05/07 10:26:18.52890454,91,-89
2025/05/07 10:26:18.155391581,91,-89
2025/05/07 10:26:18.254589514,89,-89
2025/05/07 10:26:18.365635259,89,-89
2025/05/07 10:26:18.455261924,89,-89
2025/05/07 10:26:18.553498972,89,-89
2025/05/07 10:26:18.651462847,89,-89
2025/05/07 10:26:18.761421324,89,-89
2025/05/07 10:26:18.855035022,92,-89
2025/05/07 10:26:18.980031713,92,-89
2025/05/07 10:26:19.84913193,92,-89
2025/05/07 10:26:19.150531121,94,-89
2025/05/07 10:26:19.259031716,94,-89
2025/05/07 10:26:19.355368287,94,-89
2025/05/07 10:26:19.457105274,97,-89
2025/05/07 10:26:19.553484834,97,-89
2025/05/07 10:26:19.657946329,97,-89
2025/05/07 10:26:19.755598878,97,-89
2025/05/07 10:26:19.857691309,96,-89
2025/05/07 10:26:19.953080515,96,-89
2025/05/07 10:26:20.52129647,96,-89
2025/05/07 10:26:20.179479327,93,-89
2025/05/07 10:26:20.252574715,93,-89
2025/05/07 10:26:20.358336788,93,-89
2025/05/07 10:26:20.457067314,91,-89
2025/05/07 10:26:20.550858168,91,-89
2025/05/07 10:26:20.653447685,91,-89
2025/05/07 10:26:20.751955787,92,-89
2025/05/07 10:26:20.852423260,92,-89
2025/05/07 10:26:20.958546140,92,-89
2025/05/07 10:26:21.55942577,92,-89
2025/05/07 10:26:21.153676428,93,-89
2025/05/07 10:26:21.251986782,93,-89
2025/05/07 10:26:21.391983757,91,-89
2025/05/07 10:26:21.454634306,91,-89
2025/05/07 10:26:21.556899891,91,-89
2025/05/07 10:26:21.675418939,91,-89
2025/05/07 10:26:21.775247572,89,-89
2025/05/07 10:26:21.876712146,89,-89
2025/05/07 10:26:21.963569974,89,-89
2025/05/07 10:26:22.53858508,89,-89
2025/05/07 10:26:22.148941820,88,-89
2025/05/07 10:26:22.261176304,88,-89
2025/05/07 10:26:22.376035203,88,-89
2025/05/07 10:26:22.476723677,85,-96
2025/05/07 10:26:22.604097122,85,-96
2025/05/07 10:26:22.654941930,85,-96
2025/05/07 10:26:22.755060361,85,-96
2025/05/07 10:26:22.854944074,82,-108
2025/05/07 10:26:22.958839377,82,-108
2025/05/07 10:26:23.60837139,82,-108
2025/05/07 10:26:23.151456248,82,-119
2025/05/07 10:26:23.252052345,82,-119
2025/05/07 10:26:23.360936974,82,-119
2025/05/07 10:26:23.451797096,85,-126
2025/05/07 10:26:23.554428018,85,-126
2025/05/07 10:26:23.663561662,85,-126
2025/05/07 10:26:23.796269879,89,-131
2025/05/07 10:26:23.851915246,89,-131
2025/05/07 10:26:23.955787341,89,-131
2025/05/07 10:26:24.53740862,89,-131
2025/05/07 10:26:24.169730019,94,-135
2025/05/07 10:26:24.272787215,94,-135
2025/05/07 10:26:24.360508740,94,-135
2025/05/07 10:26:24.454903296,102,-139
2025/05/07 10:26:24.555920451,102,-139
2025/05/07 10:26:24.653993743,102,-139
2025/05/07 10:26:24.750794734,108,-140
2025/05/07 10:26:24.861405210,108,-140
2025/05/07 10:26:25.16478611,108,-140
2025/05/07 10:26:25.87328641,108,-140
2025/05/07 10:26:25.178458989,117,-141
2025/05/07 10:26:25.257394741,117,-141
2025/05/07 10:26:25.375655510,117,-141
2025/05/07 10:26:25.452474128,127,-139
2025/05/07 10:26:25.578376832,127,-139
2025/05/07 10:26:25.655324240,127,-139
2025/05/07 10:26:25.760647964,133,-138
2025/05/07 10:26:25.852080281,133,-138
2025/05/07 10:26:25.955087190,133,-138
2025/05/07 10:26:26.55767998,140,-137
2025/05/07 10:26:26.215220627,140,-137
2025/05/07 10:26:26.277786169,140,-137
2025/05/07 10:26:26.360487316,140,-137
2025/05/07 10:26:26.464676007,149,-138
2025/05/07 10:26:26.551235566,149,-138
2025/05/07 10:26:26.653695067,149,-138
2025/05/07 10:26:26.752204268,156,-139
2025/05/07 10:26:26.853029788,156,-139
2025/05/07 10:26:26.973361275,156,-139
2025/05/07 10:26:27.51627868,163,-138
2025/05/07 10:26:27.174332907,163,-138
2025/05/07 10:26:27.253985110,163,-138
2025/05/07 10:26:27.403475052,173,-136
2025/05/07 10:26:27.453915371,173,-136
2025/05/07 10:26:27.553994265,173,-136
2025/05/07 10:26:27.664749753,173,-136
2025/05/07 10:26:27.753167094,183,-133
2025/05/07 10:26:27.853435101,183,-133
2025/05/07 10:26:27.947809811,183,-133
2025/05/07 10:26:28.53492372,194,-131
2025/05/07 10:26:28.153271481,194,-131
2025/05/07 10:26:28.256611732,194,-131
2025/05/07 10:26:28.354263119,207,-130
2025/05/07 10:26:28.456624401,207,-130
2025/05/07 10:26:28.582593366,207,-130
2025/05/07 10:26:28.650679605,216,-129
2025/05/07 10:26:28.760850799,216,-129
2025/05/07 10:26:28.866844062,216,-129
2025/05/07 10:26:28.955316137,222,-129
2025/05/07 10:26:29.81105672,222,-129
2025/05/07 10:26:29.151347167,222,-129
2025/05/07 10:26:29.278905284,226,-129
2025/05/07 10:26:29.354281529,226,-129
2025/05/07 10:26:29.458149242,226,-129
2025/05/07 10:26:29.578479618,226,-129
2025/05/07 10:26:29.673436945,228,-129
2025/05/07 10:26:29.789622932,228,-129
2025/05/07 10:26:29.855309309,228,-129
2025/05/07 10:26:29.973820148,232,-128
2025/05/07 10:26:30.52660579,232,-128
2025/05/07 10:26:30.178202202,232,-128
2025/05/07 10:26:30.260866046,235,-127
2025/05/07 10:26:30.360541507,235,-127
2025/05/07 10:26:30.454751925,235,-127
2025/05/07 10:26:30.570080518,235,-127
2025/05/07 10:26:30.654346710,241,-126
2025/05/07 10:26:30.753222321,241,-126
2025/05/07 10:26:30.879901691,241,-126
2025/05/07 10:26:31.14962947,245,-124
2025/05/07 10:26:31.66160078,245,-124
2025/05/07 10:26:31.151632674,245,-124
2025/05/07 10:26:31.257125334,245,-124
2025/05/07 10:26:31.372915104,248,-123
2025/05/07 10:26:31.460189518,248,-123
2025/05/07 10:26:31.560673172,248,-123
2025/05/07 10:26:31.668568682,252,-122
2025/05/07 10:26:31.759461332,252,-122
2025/05/07 10:26:31.878745183,252,-122
2025/05/07 10:26:31.947256075,255,-121
2025/05/07 10:26:32.53894574,255,-121
2025/05/07 10:26:32.185249047,255,-121
2025/05/07 10:26:32.259317635,257,-120
2025/05/07 10:26:32.368440123,257,-120
2025/05/07 10:26:32.473541828,257,-120
2025/05/07 10:26:32.574211207,257,-120
2025/05/07 10:26:32.673183477,258,-118
2025/05/07 10:26:32.756039231,258,-118
2025/05/07 10:26:32.862580715,258,-118
2025/05/07 10:26:32.968871623,257,-117
2025/05/07 10:26:33.58181637,257,-117
2025/05/07 10:26:33.171038219,257,-117
2025/05/07 10:26:33.254466245,255,-116
2025/05/07 10:26:33.373466273,255,-116
2025/05/07 10:26:33.454445264,255,-116
2025/05/07 10:26:33.554560787,255,-116
2025/05/07 10:26:33.653746398,253,-115
2025/05/07 10:26:33.754352310,253,-115
2025/05/07 10:26:33.853204714,253,-115
2025/05/07 10:26:33.954631826,252,-113
2025/05/07 10:26:34.55395270,252,-113
2025/05/07 10:26:34.165313463,252,-113
2025/05/07 10:26:34.263397899,250,-112
2025/05/07 10:26:34.358092003,250,-112
2025/05/07 10:26:34.486136502,250,-112
2025/05/07 10:26:34.585990871,247,-111
2025/05/07 10:26:34.668115963,247,-111
2025/05/07 10:26:34.755895757,247,-111
2025/05/07 10:26:34.861715356,244,-109
2025/05/07 10:26:34.958351751,244,-109
2025/05/07 10:26:35.54256621,244,-109
2025/05/07 10:26:35.158717040,244,-109
2025/05/07 10:26:35.253091395,239,-108
2025/05/07 10:26:35.356945335,239,-108
2025/05/07 10:26:35.460888029,239,-108
2025/05/07 10:26:35.558693077,233,-107
2025/05/07 10:26:35.655096524,233,-107
2025/05/07 10:26:35.797394597,233,-107
2025/05/07 10:26:35.883397157,233,-107
2025/05/07 10:26:35.979572497,227,-106
2025/05/07 10:26:36.55472416,227,-106
2025/05/07 10:26:36.179713291,227,-106
2025/05/07 10:26:36.279060258,221,-104
2025/05/07 10:26:36.378726663,221,-104
2025/05/07 10:26:36.462165717,221,-104
2025/05/07 10:26:36.553876621,221,-104
2025/05/07 10:26:36.648988600,214,-101
2025/05/07 10:26:36.755771666,214,-101
2025/05/07 10:26:36.865747218,214,-101
2025/05/07 10:26:36.985088410,207,-99
2025/05/07 10:26:37.60844409,207,-99
2025/05/07 10:26:37.157275329,207,-99
2025/05/07 10:26:37.258083611,200,-97
2025/05/07 10:26:37.353930767,200,-97
2025/05/07 10:26:37.459959255,200,-97
2025/05/07 10:26:37.565841312,200,-97
2025/05/07 10:26:37.656392485,192,-94
2025/05/07 10:26:37.754580300,192,-94
2025/05/07 10:26:37.852280648,192,-94
2025/05/07 10:26:37.982357908,187,-90
2025/05/07 10:26:38.51136857,187,-90
2025/05/07 10:26:38.206324807,187,-90
2025/05/07 10:26:38.254104659,187,-90
2025/05/07 10:26:38.374225704,181,-89
2025/05/07 10:26:38.456369336,181,-89
2025/05/07 10:26:38.552122102,181,-89
2025/05/07 10:26:38.657488748,179,-89
2025/05/07 10:26:38.753312409,179,-89
2025/05/07 10:26:38.860050811,179,-89
2025/05/07 10:26:38.949775587,174,-89
2025/05/07 10:26:39.52210603,174,-89
2025/05/07 10:26:39.163635452,174,-89
2025/05/07 10:26:39.253645139,163,-89
2025/05/07 10:26:39.384809209,163,-89
2025/05/07 10:26:39.454174909,163,-89
2025/05/07 10:26:39.566728557,163,-89
2025/05/07 10:26:39.655817197,152,-89
2025/05/07 10:26:39.763949590,152,-89
2025/05/07 10:26:39.855433011,152,-89
2025/05/07 10:26:39.951247294,142,-89
2025/05/07 10:26:40.77940827,142,-89
2025/05/07 10:26:40.165155694,142,-89
2025/05/07 10:26:40.250508411,126,-89
2025/05/07 10:26:40.379659310,126,-89
2025/05/07 10:26:40.467042376,126,-89
2025/05/07 10:26:40.578850605,126,-89
2025/05/07 10:26:40.658377481,111,-89
2025/05/07 10:26:40.754481015,111,-89
2025/05/07 10:26:40.857867841,111,-89
2025/05/07 10:26:40.961484916,102,-89
2025/05/07 10:26:41.66698482,102,-89
2025/05/07 10:26:41.153283557,102,-89
2025/05/07 10:26:41.276284321,97,-89
2025/05/07 10:26:41.375245154,97,-89
2025/05/07 10:26:41.455815791,97,-89
2025/05/07 10:26:41.554677685,97,-89
2025/05/07 10:26:41.657155819,86,-89
2025/05/07 10:26:41.782333846,86,-89
2025/05/07 10:26:41.854629835,86,-89
2025/05/07 10:26:41.955260498,81,-89
2025/05/07 10:26:42.56601172,81,-89
2025/05/07 10:26:42.155887566,81,-89
2025/05/07 10:26:42.258303788,74,-89
2025/05/07 10:26:42.357868475,74,-89
2025/05/07 10:26:42.451628962,74,-89
2025/05/07 10:26:42.552199947,68,-89
2025/05/07 10:26:42.650847486,68,-89
2025/05/07 10:26:42.754342961,68,-89
2025/05/07 10:26:42.853972905,68,-89
2025/05/07 10:26:43.4745725,63,-89
2025/05/07 10:26:43.50924524,63,-89
2025/05/07 10:26:43.159991676,63,-89
2025/05/07 10:26:43.250970548,59,-89
2025/05/07 10:26:43.368332617,59,-89
2025/05/07 10:26:43.453179886,59,-89
2025/05/07 10:26:43.556386571,55,-89
2025/05/07 10:26:43.673379097,55,-89
2025/05/07 10:26:43.755548736,55,-89
2025/05/07 10:26:43.861193817,55,-89
2025/05/07 10:26:43.949603793,47,-89
2025/05/07 10:26:44.55661178,47,-89
2025/05/07 10:26:44.180096872,47,-89
2025/05/07 10:26:44.258166863,47,-89
2025/05/07 10:26:44.352585487,47,-89
2025/05/07 10:26:44.452210911,47,-89
2025/05/07 10:26:44.556322365,45,-89
2025/05/07 10:26:44.654488219,45,-89
2025/05/07 10:26:44.753999169,45,-89
2025/05/07 10:26:44.853208504,38,-89
2025/05/07 10:26:44.952665399,38,-89
2025/05/07 10:26:45.57638019,38,-89
2025/05/07 10:26:45.149688936,38,-89
2025/05/07 10:26:45.267045112,33,-89
2025/05/07 10:26:45.388711338,33,-89
2025/05/07 10:26:45.454986737,33,-89
2025/05/07 10:26:45.580736059,31,-89
2025/05/07 10:26:45.681029135,31,-89
2025/05/07 10:26:45.770172790,31,-89
2025/05/07 10:26:45.850744715,31,-89
2025/05/07 10:26:45.953665570,36,-89
2025/05/07 10:26:46.50512453,36,-89
2025/05/07 10:26:46.156189725,36,-89
2025/05/07 10:26:46.277938306,40,-89
2025/05/07 10:26:46.378973230,40,-89
2025/05/07 10:26:46.480212073,40,-89
2025/05/07 10:26:46.614231325,40,-89
2025/05/07 10:26:46.673416923,40,-89
2025/05/07 10:26:46.755874326,42,-89
2025/05/07 10:26:46.853192703,42,-89
2025/05/07 10:26:46.981045464,38,-89
2025/05/07 10:26:47.76276875,38,-89
2025/05/07 10:26:47.155151697,38,-89
2025/05/07 10:26:47.256094434,38,-89
2025/05/07 10:26:47.352609125,37,-89
2025/05/07 10:26:47.453894185,37,-89
2025/05/07 10:26:47.554603943,37,-89
2025/05/07 10:26:47.652217449,34,-89
2025/05/07 10:26:47.791551162,34,-89
2025/05/07 10:26:47.866288598,34,-89
2025/05/07 10:26:47.962381633,34,-89
2025/05/07 10:26:48.52643517,39,-89
2025/05/07 10:26:48.160526243,39,-89
2025/05/07 10:26:48.260622605,39,-89
2025/05/07 10:26:48.374657167,43,-89
2025/05/07 10:26:48.461160208,43,-89
2025/05/07 10:26:48.568405872,43,-89
2025/05/07 10:26:48.653612665,43,-89
2025/05/07 10:26:48.759114533,49,-89
2025/05/07 10:26:48.855221309,49,-89
2025/05/07 10:26:48.985289545,49,-89
2025/05/07 10:26:49.57631093,51,-90
2025/05/07 10:26:49.150589958,51,-89
2025/05/07 10:26:49.258867378,51,-89
2025/05/07 10:26:49.353445447,56,-89
2025/05/07 10:26:49.460729232,56,-89
2025/05/07 10:26:49.559256930,56,-89
2025/05/07 10:26:49.655111570,61,-89
2025/05/07 10:26:49.755557752,60,-89
2025/05/07 10:26:49.848488881,60,-89
2025/05/07 10:26:49.956459115,60,-89
2025/05/07 10:26:50.54393958,62,-89
2025/05/07 10:26:50.180284630,62,-89
2025/05/07 10:26:50.259335685,62,-89
2025/05/07 10:26:50.356346181,64,-89
2025/05/07 10:26:50.454965039,64,-89
2025/05/07 10:26:50.551263325,64,-89
2025/05/07 10:26:50.653785524,70,-89
2025/05/07 10:26:50.757557780,70,-90
2025/05/07 10:26:50.862127514,70,-90
2025/05/07 10:26:50.953750345,70,-90
2025/05/07 10:26:51.51940092,70,-89
2025/05/07 10:26:51.175977370,70,-89
2025/05/07 10:26:51.252606112,70,-89
2025/05/07 10:26:51.403122723,74,-89
2025/05/07 10:26:51.450798060,74,-89
2025/05/07 10:26:51.558265376,74,-89
2025/05/07 10:26:51.650412609,79,-89
2025/05/07 10:26:51.762588702,79,-89
2025/05/07 10:26:51.876107430,79,-89
2025/05/07 10:26:51.952567472,82,-89
2025/05/07 10:26:52.79457972,82,-89
2025/05/07 10:26:52.179781554,82,-89
2025/05/07 10:26:52.278707227,82,-89
2025/05/07 10:26:52.373420352,88,-89
2025/05/07 10:26:52.455167262,88,-89
2025/05/07 10:26:52.592696429,88,-89
2025/05/07 10:26:52.656027931,88,-89
2025/05/07 10:26:52.763794597,94,-89
2025/05/07 10:26:52.856056316,94,-89
2025/05/07 10:26:52.962987954,94,-89
2025/05/07 10:26:53.55991550,99,-89
2025/05/07 10:26:53.151438190,99,-89
2025/05/07 10:26:53.267779266,99,-89
2025/05/07 10:26:53.352268339,111,-89
2025/05/07 10:26:53.454723860,111,-89
2025/05/07 10:26:53.553883925,111,-89
2025/05/07 10:26:53.661864519,126,-89
2025/05/07 10:26:53.788777930,126,-89
2025/05/07 10:26:53.851921817,126,-89
2025/05/07 10:26:53.955016413,126,-89
2025/05/07 10:26:54.72523146,143,-89
2025/05/07 10:26:54.159654435,143,-89
2025/05/07 10:26:54.261320344,143,-89
2025/05/07 10:26:54.357757365,163,-89
2025/05/07 10:26:54.453818348,164,-89
2025/05/07 10:26:54.558964927,164,-89
2025/05/07 10:26:54.652860528,180,-89
2025/05/07 10:26:54.755266503,180,-89
2025/05/07 10:26:54.864127844,180,-89
2025/05/07 10:26:54.991651189,180,-89
2025/05/07 10:26:55.57755450,189,-89
2025/05/07 10:26:55.159945394,189,-89
2025/05/07 10:26:55.259157728,189,-89
2025/05/07 10:26:55.371690561,194,-89
2025/05/07 10:26:55.459926734,194,-89
2025/05/07 10:26:55.570402216,194,-89
2025/05/07 10:26:55.651136319,190,-89
2025/05/07 10:26:55.752338910,190,-89
2025/05/07 10:26:55.852757457,190,-89
2025/05/07 10:26:55.967406138,190,-89
2025/05/07 10:26:56.57591043,175,-89
2025/05/07 10:26:56.181559790,175,-89
2025/05/07 10:26:56.271931476,175,-89
2025/05/07 10:26:56.368623453,152,-89
2025/05/07 10:26:56.471361725,152,-89
2025/05/07 10:26:56.560373216,152,-89
2025/05/07 10:26:56.659447895,152,-89
2025/05/07 10:26:56.760040722,133,-89
2025/05/07 10:26:56.870747155,133,-89
2025/05/07 10:26:56.957187312,133,-89
2025/05/07 10:26:57.54427317,133,-89
2025/05/07 10:26:57.155332424,112,-89
2025/05/07 10:26:57.249525717,112,-89
2025/05/07 10:26:57.435268660,112,-89
2025/05/07 10:26:57.490373796,112,-89
2025/05/07 10:26:57.573605702,97,-89
2025/05/07 10:26:57.671443889,97,-89
2025/05/07 10:26:57.765796264,97,-89
2025/05/07 10:26:57.883359157,89,-89
2025/05/07 10:26:57.983030971,89,-89
2025/05/07 10:26:58.72077294,89,-89
2025/05/07 10:26:58.157841461,89,-89
2025/05/07 10:26:58.258301632,85,-89
2025/05/07 10:26:58.354490397,85,-89
2025/05/07 10:26:58.456261583,85,-89
2025/05/07 10:26:58.581285747,87,-89
2025/05/07 10:26:58.669648383,87,-89
2025/05/07 10:26:58.780997488,87,-89
2025/05/07 10:26:58.867229929,87,-89
2025/05/07 10:26:58.972107335,92,-89
2025/05/07 10:26:59.95130726,92,-89
2025/05/07 10:26:59.185739556,92,-89
2025/05/07 10:26:59.310818943,92,-89
2025/05/07 10:26:59.376972802,92,-89
2025/05/07 10:26:59.460762647,98,-89
2025/05/07 10:26:59.562970823,98,-89
2025/05/07 10:26:59.652045041,98,-89
2025/05/07 10:26:59.817785711,105,-89
2025/05/07 10:26:59.868157745,105,-89
2025/05/07 10:26:59.983232418,105,-89
2025/05/07 10:27:00.80500149,105,-89
2025/05/07 10:27:00.181666986,113,-89
2025/05/07 10:27:00.258437012,113,-89
2025/05/07 10:27:00.384555915,113,-89
2025/05/07 10:27:00.456317187,113,-89
2025/05/07 10:27:00.555581651,118,-89
2025/05/07 10:27:00.654522040,118,-89
2025/05/07 10:27:00.756916927,118,-89
2025/05/07 10:27:00.856939253,118,-89
2025/05/07 10:27:00.994779966,118,-89
2025/05/07 10:27:01.56132372,118,-89
2025/05/07 10:27:01.156510748,118,-89
2025/05/07 10:27:01.266749557,115,-89
2025/05/07 10:27:01.380650261,115,-89
2025/05/07 10:27:01.476464953,115,-89
2025/05/07 10:27:01.558386333,115,-89
2025/05/07 10:27:01.657933864,107,-89
2025/05/07 10:27:01.770253250,107,-89
2025/05/07 10:27:01.885161065,107,-89
2025/05/07 10:27:01.984410195,107,-89
2025/05/07 10:27:02.64817696,107,-89
2025/05/07 10:27:02.182999967,102,-89
2025/05/07 10:27:02.252569698,102,-89
2025/05/07 10:27:02.354401266,102,-89
2025/05/07 10:27:02.454340425,104,-89
2025/05/07 10:27:02.573749680,104,-89
2025/05/07 10:27:02.676438668,104,-89
2025/05/07 10:27:02.756221564,104,-89
2025/05/07 10:27:02.878995954,108,-90
2025/05/07 10:27:02.981719550,108,-90
2025/05/07 10:27:03.53913257,108,-90
2025/05/07 10:27:03.178956358,114,-92
2025/05/07 10:27:03.251791682,115,-92
2025/05/07 10:27:03.385903405,115,-92
2025/05/07 10:27:03.455161819,115,-92
2025/05/07 10:27:03.569715723,122,-92
2025/05/07 10:27:03.679015695,122,-92
2025/05/07 10:27:03.779087192,122,-92
2025/05/07 10:27:03.876899087,122,-92
2025/05/07 10:27:03.976499154,130,-90
2025/05/07 10:27:04.81080541,130,-90
2025/05/07 10:27:04.179905290,130,-90
2025/05/07 10:27:04.277692794,130,-90
2025/05/07 10:27:04.373604359,132,-91
2025/05/07 10:27:04.453985056,132,-91
2025/05/07 10:27:04.587209324,132,-91
2025/05/07 10:27:04.658290709,132,-91
2025/05/07 10:27:04.759104591,126,-96
2025/05/07 10:27:04.852719273,126,-96
2025/05/07 10:27:04.962458490,126,-96
2025/05/07 10:27:05.71507623,124,-101
2025/05/07 10:27:05.154915369,124,-101
2025/05/07 10:27:05.260020403,124,-101
2025/05/07 10:27:05.362749522,124,-101
2025/05/07 10:27:05.456386348,123,-106
2025/05/07 10:27:05.554997610,123,-106
2025/05/07 10:27:05.668657786,123,-106
2025/05/07 10:27:05.790139932,127,-108
2025/05/07 10:27:05.858087567,127,-108
2025/05/07 10:27:05.960620894,127,-108
2025/05/07 10:27:06.56895723,127,-108
2025/05/07 10:27:06.155528664,130,-110
2025/05/07 10:27:06.254492984,130,-110
2025/05/07 10:27:06.420494697,130,-110
2025/05/07 10:27:06.504988798,130,-110
2025/05/07 10:27:06.561714603,134,-110
2025/05/07 10:27:06.653550980,134,-110
2025/05/07 10:27:06.755313522,134,-110
2025/05/07 10:27:06.860868696,134,-110
2025/05/07 10:27:06.992417207,136,-110
2025/05/07 10:27:07.54462040,136,-110
2025/05/07 10:27:07.151601208,136,-110
2025/05/07 10:27:07.256723270,138,-110
2025/05/07 10:27:07.366897653,138,-109
2025/05/07 10:27:07.481969395,138,-109
2025/05/07 10:27:07.582194553,138,-109
2025/05/07 10:27:07.683453563,138,-109
2025/05/07 10:27:07.757902850,139,-111
2025/05/07 10:27:07.865026796,139,-111
2025/05/07 10:27:07.960216071,139,-111
2025/05/07 10:27:08.60270707,139,-111
2025/05/07 10:27:08.203804881,144,-112
2025/05/07 10:27:08.256672666,144,-112
2025/05/07 10:27:08.382394681,144,-112
2025/05/07 10:27:08.454736112,147,-114
2025/05/07 10:27:08.555955605,147,-114
2025/05/07 10:27:08.657497283,147,-114
2025/05/07 10:27:08.755276746,150,-114
2025/05/07 10:27:08.855164421,150,-114
2025/05/07 10:27:08.953625481,150,-114
2025/05/07 10:27:09.56101584,150,-114
2025/05/07 10:27:09.151505751,151,-116
2025/05/07 10:27:09.257931403,151,-116
2025/05/07 10:27:09.381507897,151,-116
2025/05/07 10:27:09.458193481,151,-118
2025/05/07 10:27:09.557140607,151,-118
2025/05/07 10:27:09.655721599,151,-118
2025/05/07 10:27:09.758681809,150,-119
2025/05/07 10:27:09.850299488,150,-119
2025/05/07 10:27:09.967115710,150,-119
2025/05/07 10:27:10.53582733,150,-119
2025/05/07 10:27:10.158579686,148,-119
2025/05/07 10:27:10.254712768,148,-119
2025/05/07 10:27:10.357614588,148,-119
2025/05/07 10:27:10.476815323,147,-119
2025/05/07 10:27:10.593823460,147,-119
2025/05/07 10:27:10.671378668,147,-119
2025/05/07 10:27:10.789703150,147,-119
2025/05/07 10:27:10.858515902,146,-119
2025/05/07 10:27:10.953163000,146,-119
2025/05/07 10:27:11.71283283,146,-119
2025/05/07 10:27:11.161900896,146,-119
2025/05/07 10:27:11.257139356,145,-118
2025/05/07 10:27:11.353484962,145,-118
2025/05/07 10:27:11.458232081,145,-118
2025/05/07 10:27:11.555787612,144,-118
2025/05/07 10:27:11.654171872,144,-118
2025/05/07 10:27:11.840641230,144,-118
2025/05/07 10:27:11.920233607,144,-118
2025/05/07 10:27:11.980570728,143,-119
2025/05/07 10:27:12.57463547,143,-119
2025/05/07 10:27:12.158665537,143,-119
2025/05/07 10:27:12.257875997,143,-119
2025/05/07 10:27:12.357178712,143,-119
2025/05/07 10:27:12.478646121,143,-119
2025/05/07 10:27:12.565106467,143,-119
2025/05/07 10:27:12.657811466,144,-119
2025/05/07 10:27:12.756467558,144,-119
2025/05/07 10:27:12.856083992,144,-119
2025/05/07 10:27:12.986124356,144,-118
2025/05/07 10:27:13.55567909,144,-118
2025/05/07 10:27:13.183076018,144,-118
2025/05/07 10:27:13.256032409,144,-118
2025/05/07 10:27:13.376794605,140,-119
2025/05/07 10:27:13.481108634,140,-119
2025/05/07 10:27:13.572263983,140,-119
2025/05/07 10:27:13.657464299,140,-119
2025/05/07 10:27:13.774461956,137,-119
2025/05/07 10:27:13.853953315,137,-119
2025/05/07 10:27:13.955446738,137,-119
2025/05/07 10:27:14.69494733,137,-119
2025/05/07 10:27:14.190088724,136,-117
2025/05/07 10:27:14.255949475,136,-117
2025/05/07 10:27:14.357595853,136,-117
2025/05/07 10:27:14.455168789,132,-116
2025/05/07 10:27:14.553116387,132,-116
2025/05/07 10:27:14.655072665,132,-116
2025/05/07 10:27:14.752486622,132,-116
2025/05/07 10:27:14.855111480,129,-115
2025/05/07 10:27:14.953177731,129,-115
2025/05/07 10:27:15.53937703,129,-115
2025/05/07 10:27:15.158170238,129,-115
2025/05/07 10:27:15.256553563,130,-113
2025/05/07 10:27:15.389149773,130,-113
2025/05/07 10:27:15.463920080,130,-113
2025/05/07 10:27:15.584590305,130,-113
2025/05/07 10:27:15.653428295,131,-111
2025/05/07 10:27:15.756165132,131,-111
2025/05/07 10:27:15.857368438,131,-111
2025/05/07 10:27:15.954657282,133,-109
2025/05/07 10:27:16.57335587,133,-109
2025/05/07 10:27:16.154243910,133,-109
2025/05/07 10:27:16.258151101,130,-107
2025/05/07 10:27:16.360304629,130,-107
2025/05/07 10:27:16.458317372,130,-107
2025/05/07 10:27:16.579901322,130,-107
2025/05/07 10:27:16.656562037,126,-105
2025/05/07 10:27:16.756233217,126,-105
2025/05/07 10:27:16.857570594,126,-105
2025/05/07 10:27:16.982005280,124,-102
2025/05/07 10:27:17.50211670,124,-102
2025/05/07 10:27:17.170730702,124,-102
2025/05/07 10:27:17.257471918,124,-102
2025/05/07 10:27:17.370692061,121,-97
2025/05/07 10:27:17.457857528,121,-97
2025/05/07 10:27:17.566713546,121,-97
2025/05/07 10:27:17.654248519,121,-94
2025/05/07 10:27:17.787374303,121,-94
2025/05/07 10:27:17.858823451,121,-94
2025/05/07 10:27:17.960159858,121,-94
2025/05/07 10:27:18.83540256,119,-92
2025/05/07 10:27:18.160844849,119,-92
2025/05/07 10:27:18.266508665,119,-92
2025/05/07 10:27:18.357690840,119,-92
2025/05/07 10:27:18.457681178,118,-90
2025/05/07 10:27:18.561658333,118,-90
2025/05/07 10:27:18.661385080,118,-90
2025/05/07 10:27:18.766694337,117,-89
2025/05/07 10:27:18.858865703,117,-89
2025/05/07 10:27:18.992725157,117,-89
2025/05/07 10:27:19.55933550,117,-89
2025/05/07 10:27:19.164577832,118,-89
2025/05/07 10:27:19.263530717,118,-89
2025/05/07 10:27:19.391505780,118,-89
2025/05/07 10:27:19.466097707,118,-89
2025/05/07 10:27:19.554226622,122,-89
2025/05/07 10:27:19.654100725,122,-89
2025/05/07 10:27:19.752113422,122,-89
2025/05/07 10:27:19.858894890,122,-89
2025/05/07 10:27:19.954779324,129,-89
2025/05/07 10:27:20.58329898,129,-89
2025/05/07 10:27:20.199111046,129,-89
2025/05/07 10:27:20.257060152,136,-89
2025/05/07 10:27:20.353714865,136,-89
2025/05/07 10:27:20.450422290,136,-89
2025/05/07 10:27:20.561432661,136,-89
2025/05/07 10:27:20.655370332,141,-89
2025/05/07 10:27:20.754728568,141,-89
2025/05/07 10:27:20.854623840,141,-89
2025/05/07 10:27:20.953506390,148,-89
2025/05/07 10:27:21.84079263,148,-89
2025/05/07 10:27:21.182290218,148,-89
2025/05/07 10:27:21.284082644,148,-89
2025/05/07 10:27:21.419934109,155,-89
2025/05/07 10:27:21.481065305,155,-89
2025/05/07 10:27:21.553559337,155,-89
2025/05/07 10:27:21.653491367,155,-89
2025/05/07 10:27:21.753945744,159,-89
2025/05/07 10:27:21.857376612,159,-89
2025/05/07 10:27:21.972142133,159,-89
2025/05/07 10:27:22.53138011,159,-89
2025/05/07 10:27:22.166819790,163,-89
2025/05/07 10:27:22.252870386,163,-89
2025/05/07 10:27:22.358006230,163,-89
2025/05/07 10:27:22.470654464,163,-89
2025/05/07 10:27:22.575493338,163,-89
2025/05/07 10:27:22.678665692,163,-89
2025/05/07 10:27:22.753066173,163,-89
2025/05/07 10:27:22.881355492,161,-89
2025/05/07 10:27:22.950463913,161,-89
2025/05/07 10:27:23.69309023,161,-89
2025/05/07 10:27:23.162156904,156,-89
2025/05/07 10:27:23.264419132,156,-89
2025/05/07 10:27:23.358404397,156,-89
2025/05/07 10:27:23.496508169,156,-89
2025/05/07 10:27:23.566059425,154,-89
2025/05/07 10:27:23.654861056,154,-89
2025/05/07 10:27:23.783202801,154,-89
2025/05/07 10:27:23.849443222,154,-89
2025/05/07 10:27:23.994615870,152,-89
2025/05/07 10:27:24.102206528,152,-89
2025/05/07 10:27:24.172871831,152,-89
2025/05/07 10:27:24.276674063,152,-89
2025/05/07 10:27:24.395258268,147,-89
2025/05/07 10:27:24.456754719,147,-89
2025/05/07 10:27:24.561917604,147,-89
2025/05/07 10:27:24.652241853,147,-89
2025/05/07 10:27:24.778974587,144,-89
2025/05/07 10:27:24.880163036,144,-89
2025/05/07 10:27:25.17479816,144,-89
2025/05/07 10:27:25.86912926,144,-89
2025/05/07 10:27:25.175989276,144,-89
2025/05/07 10:27:25.287718975,144,-89
2025/05/07 10:27:25.388577439,144,-89
2025/05/07 10:27:25.488780777,144,-89
2025/05/07 10:27:25.570230433,144,-89
2025/05/07 10:27:25.678630547,149,-89
2025/05/07 10:27:25.752869125,149,-89
2025/05/07 10:27:25.880909487,149,-89
2025/05/07 10:27:25.968432641,147,-89
2025/05/07 10:27:26.52494876,147,-89
2025/05/07 10:27:26.180716673,147,-89
2025/05/07 10:27:26.267145307,147,-89
2025/05/07 10:27:26.350411268,153,-89
2025/05/07 10:27:26.452262010,153,-89
2025/05/07 10:27:26.555699104,153,-89
2025/05/07 10:27:26.655550007,153,-89
2025/05/07 10:27:26.748466057,156,-89
2025/05/07 10:27:26.852863034,156,-89
2025/05/07 10:27:26.955737076,156,-89
2025/05/07 10:27:27.52570224,158,-89
2025/05/07 10:27:27.159336468,158,-89
2025/05/07 10:27:27.258378752,158,-89
2025/05/07 10:27:27.394050090,163,-89
2025/05/07 10:27:27.453476200,163,-89
2025/05/07 10:27:27.551571040,163,-89
2025/05/07 10:27:27.660321689,163,-89
2025/05/07 10:27:27.750638601,167,-89
2025/05/07 10:27:27.856158167,167,-89
2025/05/07 10:27:27.953393166,167,-89
2025/05/07 10:27:28.54144773,167,-89
2025/05/07 10:27:28.149432955,167,-89
2025/05/07 10:27:28.278148357,167,-89
2025/05/07 10:27:28.359183581,167,-89
2025/05/07 10:27:28.454181523,167,-89
2025/05/07 10:27:28.591499067,167,-89
2025/05/07 10:27:28.654610247,167,-89
2025/05/07 10:27:28.753360579,165,-89
2025/05/07 10:27:28.851784025,165,-89
2025/05/07 10:27:28.953752004,165,-89
2025/05/07 10:27:29.58112960,165,-89
2025/05/07 10:27:29.153840923,167,-89
2025/05/07 10:27:29.256370629,167,-89
2025/05/07 10:27:29.355966318,167,-89
2025/05/07 10:27:29.453527320,169,-89
2025/05/07 10:27:29.555301413,169,-89
2025/05/07 10:27:29.655507103,169,-89
2025/05/07 10:27:29.789176661,168,-89
2025/05/07 10:27:29.856960426,168,-89
2025/05/07 10:27:29.963291574,168,-89
2025/05/07 10:27:30.59275816,168,-89
2025/05/07 10:27:30.169307830,168,-89
2025/05/07 10:27:30.255337535,168,-89
2025/05/07 10:27:30.357241282,168,-89
2025/05/07 10:27:30.453220578,168,-89
2025/05/07 10:27:30.553054559,168,-89
2025/05/07 10:27:30.658784130,169,-89
2025/05/07 10:27:30.754543708,169,-89
2025/05/07 10:27:30.856073863,167,-89
2025/05/07 10:27:30.985988918,167,-89
2025/05/07 10:27:31.63764974,167,-89
2025/05/07 10:27:31.158642898,165,-89
2025/05/07 10:27:31.259855643,165,-89
2025/05/07 10:27:31.358958441,165,-89
2025/05/07 10:27:31.452432742,165,-89
2025/05/07 10:27:31.581242528,165,-89
2025/05/07 10:27:31.653280495,165,-89
2025/05/07 10:27:31.776613073,165,-89
2025/05/07 10:27:31.883816055,163,-89
2025/05/07 10:27:31.972918271,163,-89
2025/05/07 10:27:32.54711131,163,-89
2025/05/07 10:27:32.180297717,163,-89
2025/05/07 10:27:32.257662617,163,-89
2025/05/07 10:27:32.354347340,163,-89
2025/05/07 10:27:32.476003004,163,-89
2025/05/07 10:27:32.557520229,159,-89
2025/05/07 10:27:32.657077285,159,-89
2025/05/07 10:27:32.752230501,159,-89
2025/05/07 10:27:32.853219023,159,-89
2025/05/07 10:27:32.954545590,154,-89
2025/05/07 10:27:33.54225651,154,-89
2025/05/07 10:27:33.160162380,154,-89
2025/05/07 10:27:33.253940152,147,-89
2025/05/07 10:27:33.382901508,147,-89
2025/05/07 10:27:33.453597445,147,-89
2025/05/07 10:27:33.552474851,140,-89
2025/05/07 10:27:33.654926153,140,-89
2025/05/07 10:27:33.759272212,140,-89
2025/05/07 10:27:33.864045480,133,-89
2025/05/07 10:27:33.954791560,133,-89
2025/05/07 10:27:34.78973942,133,-89
2025/05/07 10:27:34.150240614,133,-89
2025/05/07 10:27:34.252024231,127,-89
2025/05/07 10:27:34.359357681,127,-89
2025/05/07 10:27:34.455102415,127,-89
2025/05/07 10:27:34.584226543,123,-89
2025/05/07 10:27:34.650641671,123,-89
2025/05/07 10:27:34.753868685,123,-89
2025/05/07 10:27:34.851125897,123,-89
2025/05/07 10:27:34.958888886,122,-89
2025/05/07 10:27:35.59780398,122,-89
2025/05/07 10:27:35.175439520,122,-89
2025/05/07 10:27:35.257690260,122,-89
2025/05/07 10:27:35.358139720,122,-89
2025/05/07 10:27:35.457813536,122,-89
2025/05/07 10:27:35.561774217,122,-89
2025/05/07 10:27:35.653886895,122,-89
2025/05/07 10:27:35.802791368,122,-89
2025/05/07 10:27:35.857884517,122,-89
2025/05/07 10:27:35.960432548,119,-89
2025/05/07 10:27:36.52734620,119,-89
2025/05/07 10:27:36.156692576,119,-89
2025/05/07 10:27:36.278852135,119,-89
2025/05/07 10:27:36.363612115,117,-89
2025/05/07 10:27:36.459933162,117,-89
2025/05/07 10:27:36.568415572,117,-89
2025/05/07 10:27:36.661929753,117,-89
2025/05/07 10:27:36.755138508,112,-90
2025/05/07 10:27:36.858240938,112,-90
2025/05/07 10:27:36.983924301,112,-90
2025/05/07 10:27:37.57234014,105,-89
2025/05/07 10:27:37.155238668,105,-89
2025/05/07 10:27:37.251495396,105,-89
2025/05/07 10:27:37.372170367,98,-89
2025/05/07 10:27:37.491013247,98,-89
2025/05/07 10:27:37.594145459,98,-89
2025/05/07 10:27:37.684764531,98,-89
2025/05/07 10:27:37.765941080,98,-89
2025/05/07 10:27:37.856342188,87,-89
2025/05/07 10:27:37.981521340,87,-89
2025/05/07 10:27:38.80828611,87,-89
2025/05/07 10:27:38.239248322,87,-89
2025/05/07 10:27:38.316920242,87,-89
2025/05/07 10:27:38.375311553,83,-89
2025/05/07 10:27:38.460126082,83,-89
2025/05/07 10:27:38.558804632,83,-89
2025/05/07 10:27:38.685024127,71,-89
2025/05/07 10:27:38.763813045,71,-89
2025/05/07 10:27:38.866913251,71,-89
2025/05/07 10:27:38.957963381,71,-89
2025/05/07 10:27:39.60248023,62,-89
2025/05/07 10:27:39.153483287,62,-89
2025/05/07 10:27:39.262646833,62,-89
2025/05/07 10:27:39.385543060,62,-89
2025/05/07 10:27:39.463942705,62,-89
2025/05/07 10:27:39.578757321,62,-89
2025/05/07 10:27:39.676899941,62,-89
2025/05/07 10:27:39.755671264,54,-89
2025/05/07 10:27:39.853399116,54,-89
2025/05/07 10:27:39.950289939,54,-89
2025/05/07 10:27:40.71477738,54,-89
2025/05/07 10:27:40.154215529,53,-89
2025/05/07 10:27:40.252954164,53,-89
2025/05/07 10:27:40.358241545,53,-89
2025/05/07 10:27:40.465573931,53,-89
2025/05/07 10:27:40.585646660,59,-89
2025/05/07 10:27:40.655648758,59,-89
2025/05/07 10:27:40.750824145,59,-89
2025/05/07 10:27:40.855007552,59,-89
2025/05/07 10:27:40.952921864,66,-89
2025/05/07 10:27:41.68612417,66,-89
2025/05/07 10:27:41.178783683,66,-89
2025/05/07 10:27:41.297574475,66,-89
2025/05/07 10:27:41.366649965,75,-89
2025/05/07 10:27:41.464628472,75,-89
2025/05/07 10:27:41.557221477,75,-89
2025/05/07 10:27:41.662319414,75,-89
2025/05/07 10:27:41.790469861,82,-89
2025/05/07 10:27:41.868047160,82,-89
2025/05/07 10:27:41.959842463,82,-89
2025/05/07 10:27:42.52765909,89,-89
2025/05/07 10:27:42.154287613,89,-89
2025/05/07 10:27:42.251772685,89,-89
2025/05/07 10:27:42.358494777,89,-89
2025/05/07 10:27:42.460303601,94,-89
2025/05/07 10:27:42.553426400,94,-89
2025/05/07 10:27:42.657881688,94,-89
2025/05/07 10:27:42.755481388,97,-89
2025/05/07 10:27:42.854947330,97,-89
2025/05/07 10:27:42.995351875,97,-89
2025/05/07 10:27:43.60433051,97,-89
2025/05/07 10:27:43.153175761,100,-89
2025/05/07 10:27:43.256042267,100,-89
2025/05/07 10:27:43.352067976,100,-89
2025/05/07 10:27:43.462543763,100,-89
2025/05/07 10:27:43.578319791,104,-89
2025/05/07 10:27:43.715252472,104,-89
2025/05/07 10:27:43.786591379,104,-89
2025/05/07 10:27:43.861983957,104,-89
2025/05/07 10:27:43.961270951,102,-89
2025/05/07 10:27:44.76713596,102,-89
2025/05/07 10:27:44.177668575,102,-89
2025/05/07 10:27:44.272099054,102,-89
2025/05/07 10:27:44.363861343,103,-89
2025/05/07 10:27:44.457679134,103,-89
2025/05/07 10:27:44.567748279,103,-89
2025/05/07 10:27:44.683382089,103,-89
2025/05/07 10:27:44.760057151,104,-89
2025/05/07 10:27:44.856983597,104,-89
2025/05/07 10:27:44.952401590,104,-89
2025/05/07 10:27:45.81347785,104,-89
2025/05/07 10:27:45.170973369,107,-89
2025/05/07 10:27:45.253458425,107,-89
2025/05/07 10:27:45.417858896,107,-89
2025/05/07 10:27:45.470839278,107,-89
2025/05/07 10:27:45.588415337,109,-91
2025/05/07 10:27:45.672335274,109,-91
2025/05/07 10:27:45.772465014,109,-91
2025/05/07 10:27:45.865893166,109,-91
2025/05/07 10:27:45.973599481,110,-95
2025/05/07 10:27:46.55535659,110,-95
2025/05/07 10:27:46.162091379,110,-95
2025/05/07 10:27:46.290901162,110,-95
2025/05/07 10:27:46.378968913,113,-96
2025/05/07 10:27:46.453302929,113,-96
2025/05/07 10:27:46.593565822,113,-96
2025/05/07 10:27:46.655954479,113,-96
2025/05/07 10:27:46.753113711,119,-98
2025/05/07 10:27:46.858118389,119,-98
2025/05/07 10:27:46.956123475,119,-98
2025/05/07 10:27:47.61959033,119,-98
2025/05/07 10:27:47.156216928,124,-101
2025/05/07 10:27:47.269743249,124,-101
2025/05/07 10:27:47.364573827,124,-101
2025/05/07 10:27:47.473943144,129,-102
2025/05/07 10:27:47.592472475,129,-102
2025/05/07 10:27:47.680532984,129,-102
2025/05/07 10:27:47.833847920,129,-102
2025/05/07 10:27:47.901482419,129,-102
2025/05/07 10:27:47.967633837,138,-104
2025/05/07 10:27:48.70001237,138,-104
2025/05/07 10:27:48.187305066,138,-104
2025/05/07 10:27:48.284799537,138,-104
2025/05/07 10:27:48.362682499,145,-106
2025/05/07 10:27:48.463587363,145,-106
2025/05/07 10:27:48.582206626,145,-106
2025/05/07 10:27:48.662319301,145,-106
2025/05/07 10:27:48.786860399,150,-108
2025/05/07 10:27:48.854044019,150,-108
2025/05/07 10:27:48.983871302,150,-108
2025/05/07 10:27:49.56219440,150,-108
2025/05/07 10:27:49.165138130,155,-109
2025/05/07 10:27:49.252981089,155,-109
2025/05/07 10:27:49.353910346,155,-109
2025/05/07 10:27:49.470886490,155,-109
2025/05/07 10:27:49.554310235,161,-109
2025/05/07 10:27:49.654204581,161,-109
2025/05/07 10:27:49.753617900,161,-109
2025/05/07 10:27:49.860558179,166,-110
2025/05/07 10:27:49.951922775,166,-110
2025/05/07 10:27:50.51785317,166,-110
2025/05/07 10:27:50.184513385,166,-110
2025/05/07 10:27:50.253601890,171,-110
2025/05/07 10:27:50.372525232,171,-110
2025/05/07 10:27:50.455539414,171,-110
2025/05/07 10:27:50.553684225,171,-110
2025/05/07 10:27:50.651629061,178,-110
2025/05/07 10:27:50.756700469,178,-110
2025/05/07 10:27:50.849915461,178,-110
2025/05/07 10:27:50.974583563,182,-110
2025/05/07 10:27:51.52873119,182,-110
2025/05/07 10:27:51.154214822,182,-110
2025/05/07 10:27:51.254484823,182,-110
2025/05/07 10:27:51.376099251,189,-109
2025/05/07 10:27:51.452114208,189,-109
2025/05/07 10:27:51.552703138,189,-109
2025/05/07 10:27:51.677590651,191,-110
2025/05/07 10:27:51.750897142,191,-110
2025/05/07 10:27:51.878699697,191,-110
2025/05/07 10:27:51.961020833,191,-110
2025/05/07 10:27:52.73488785,196,-110
2025/05/07 10:27:52.153408206,196,-110
2025/05/07 10:27:52.264389762,196,-110
2025/05/07 10:27:52.358792018,196,-110
2025/05/07 10:27:52.468156237,201,-109
2025/05/07 10:27:52.591754677,201,-109
2025/05/07 10:27:52.653006540,201,-109
2025/05/07 10:27:52.759729773,201,-109
2025/05/07 10:27:52.851973949,203,-109
2025/05/07 10:27:52.968681199,203,-109
2025/05/07 10:27:53.73326337,203,-109
2025/05/07 10:27:53.165192634,207,-109
2025/05/07 10:27:53.259161936,207,-109
2025/05/07 10:27:53.353392428,207,-109
2025/05/07 10:27:53.480074331,207,-109
2025/05/07 10:27:53.551296853,209,-109
2025/05/07 10:27:53.683207362,209,-109
2025/05/07 10:27:53.778615786,209,-109
2025/05/07 10:27:53.871512519,209,-109
2025/05/07 10:27:53.955193894,211,-108
2025/05/07 10:27:54.84930410,211,-108
2025/05/07 10:27:54.165800143,211,-108
2025/05/07 10:27:54.260042730,211,-108
2025/05/07 10:27:54.354010215,211,-108
2025/05/07 10:27:54.453748334,211,-108
2025/05/07 10:27:54.551304260,211,-108
2025/05/07 10:27:54.656949746,211,-108
2025/05/07 10:27:54.764227151,213,-107
2025/05/07 10:27:54.852091402,213,-107
2025/05/07 10:27:55.26362943,213,-107
2025/05/07 10:27:55.108858970,213,-107
2025/05/07 10:27:55.184957794,216,-106
2025/05/07 10:27:55.257760932,216,-106
2025/05/07 10:27:55.375696668,216,-106
2025/05/07 10:27:55.463751758,216,-106
2025/05/07 10:27:55.570865535,217,-106
2025/05/07 10:27:55.673524529,217,-106
2025/05/07 10:27:55.753015268,217,-106
2025/05/07 10:27:55.852104743,217,-106
2025/05/07 10:27:55.954385369,217,-106
2025/05/07 10:27:56.51774631,217,-106
2025/05/07 10:27:56.196131949,217,-106
2025/05/07 10:27:56.260583690,217,-106
2025/05/07 10:27:56.351151365,216,-106
2025/05/07 10:27:56.453484585,216,-106
2025/05/07 10:27:56.553566211,216,-106
2025/05/07 10:27:56.675352933,214,-105
2025/05/07 10:27:56.750796705,214,-105
2025/05/07 10:27:56.855580342,214,-105
2025/05/07 10:27:56.981897855,214,-105
2025/05/07 10:27:57.57623249,212,-105
2025/05/07 10:27:57.155190105,212,-105
2025/05/07 10:27:57.270885629,212,-105
2025/05/07 10:27:57.380294249,212,-105
2025/05/07 10:27:57.452130678,210,-104
2025/05/07 10:27:57.554177364,210,-104
2025/05/07 10:27:57.653889397,210,-104
2025/05/07 10:27:57.753206339,209,-103
2025/05/07 10:27:57.867529848,209,-103
2025/05/07 10:27:57.961114323,209,-103
2025/05/07 10:27:58.57500189,209,-103
2025/05/07 10:27:58.155150079,207,-102
2025/05/07 10:27:58.259965483,4,-135
2025/05/07 10:27:58.357106157,4,-135
2025/05/07 10:27:58.455519462,4,-135
2025/05/07 10:27:58.724133795,4,-135
2025/05/07 10:27:58.961780228,4,-135
2025/05/07 10:27:59.10673155,4,-135
2025/05/07 10:27:59.62453053,4,-135
2025/05/07 10:27:59.164179712,4,-135
2025/05/07 10:27:59.254987949,4,-135
2025/05/07 10:27:59.355550372,4,-135
2025/05/07 10:27:59.450681117,4,-135
2025/05/07 10:27:59.574594939,4,-135
2025/05/07 10:27:59.666821190,4,-135
2025/05/07 10:27:59.789471990,4,-135
2025/05/07 10:27:59.868545984,4,-135
2025/05/07 10:28:00.9314785,4,-135
2025/05/07 10:28:00.57243181,4,-135
2025/05/07 10:28:00.157653703,4,-135
2025/05/07 10:28:00.258403893,4,-135
2025/05/07 10:28:00.349801242,4,-135
2025/05/07 10:28:00.452447674,4,-135
2025/05/07 10:28:00.552557476,4,-135
2025/05/07 10:28:00.655849963,4,-135
2025/05/07 10:28:00.754629023,4,-135
2025/05/07 10:28:00.871711944,4,-135
2025/05/07 10:28:00.962722539,4,-135
2025/05/07 10:28:01.56188304,4,-135
2025/05/07 10:28:01.187364465,4,-135
2025/05/07 10:28:01.252908867,4,-135
2025/05/07 10:28:01.382345696,4,-135
2025/05/07 10:28:01.453733377,4,-135
2025/05/07 10:28:01.553451861,4,-135
2025/05/07 10:28:01.657695885,4,-135
2025/05/07 10:28:01.768384747,4,-135
2025/05/07 10:28:01.877596723,4,-135
2025/05/07 10:28:01.973532174,4,-135
2025/05/07 10:28:02.53424568,4,-135
2025/05/07 10:28:02.154574671,4,-135
2025/05/07 10:28:02.252490457,4,-135
2025/05/07 10:28:02.395062816,4,-135
2025/05/07 10:28:02.457005218,4,-135
2025/05/07 10:28:02.555183852,4,-135
2025/05/07 10:28:02.656977988,4,-135
2025/05/07 10:28:02.762763549,4,-135
2025/05/07 10:28:02.861241180,4,-135
2025/05/07 10:28:02.956767786,4,-135
2025/05/07 10:28:03.60094418,4,-135
2025/05/07 10:28:03.159250954,4,-135
2025/05/07 10:28:03.255436460,4,-135
2025/05/07 10:28:03.357341013,4,-135
2025/05/07 10:28:03.456855274,4,-135
2025/05/07 10:28:03.597844045,4,-135
2025/05/07 10:28:03.653287422,4,-135
2025/05/07 10:28:03.759150624,4,-135
2025/05/07 10:28:03.853846664,4,-135
2025/05/07 10:28:03.951926404,4,-135
2025/05/07 10:28:04.56599378,4,-135
2025/05/07 10:28:04.161145607,4,-135
2025/05/07 10:28:04.261994595,4,-135
2025/05/07 10:28:04.375145278,4,-135
2025/05/07 10:28:04.479341981,4,-135
2025/05/07 10:28:04.562936435,4,-135
2025/05/07 10:28:04.655481787,4,-135
2025/05/07 10:28:04.816754005,4,-135
2025/05/07 10:28:04.861405123,4,-135
2025/05/07 10:28:04.980866384,4,-135
2025/05/07 10:28:05.60315371,4,-135
2025/05/07 10:28:05.156400217,4,-135
2025/05/07 10:28:05.278893659,4,-135
2025/05/07 10:28:05.385248103,4,-135
2025/05/07 10:28:05.471644959,4,-135
2025/05/07 10:28:05.562066933,4,-135
2025/05/07 10:28:05.656948034,4,-135
2025/05/07 10:28:05.790849741,4,-135
2025/05/07 10:28:05.900078388,4,-135
2025/05/07 10:28:05.999083413,4,-135
2025/05/07 10:28:06.54089332,4,-135
2025/05/07 10:28:06.154076636,4,-135
2025/05/07 10:28:06.279256088,4,-135
2025/05/07 10:28:06.355005830,4,-135
2025/05/07 10:28:06.457099060,4,-135
2025/05/07 10:28:06.552320022,4,-135
2025/05/07 10:28:06.655851124,4,-135
2025/05/07 10:28:06.752838263,4,-135
2025/05/07 10:28:06.858917335,4,-135
2025/05/07 10:28:06.956935214,4,-135
2025/05/07 10:28:07.54475761,4,-135
2025/05/07 10:28:07.189763933,4,-135
2025/05/07 10:28:07.256939393,4,-135
2025/05/07 10:28:07.378407659,4,-135
2025/05/07 10:28:07.478017355,4,-135
2025/05/07 10:28:07.575502300,4,-135
2025/05/07 10:28:07.654966494,4,-135
2025/05/07 10:28:07.754267366,4,-135
2025/05/07 10:28:07.859140674,4,-135
2025/05/07 10:28:07.966438630,4,-135
2025/05/07 10:28:08.54266235,4,-135
2025/05/07 10:28:08.171688750,4,-135
2025/05/07 10:28:08.259346701,4,-135
2025/05/07 10:28:08.390584048,4,-135
2025/05/07 10:28:08.456521996,4,-135
2025/05/07 10:28:08.562262416,4,-135
2025/05/07 10:28:08.657952102,4,-135
2025/05/07 10:28:08.761605166,4,-135
2025/05/07 10:28:08.861422351,4,-135
2025/05/07 10:28:08.969241466,4,-135
2025/05/07 10:28:09.59262880,4,-135
2025/05/07 10:28:09.164550300,4,-135
2025/05/07 10:28:09.266120320,4,-135
2025/05/07 10:28:09.359605624,4,-135
2025/05/07 10:28:09.456919868,4,-135
2025/05/07 10:28:09.577746526,4,-135
2025/05/07 10:28:09.671198082,4,-135
2025/05/07 10:28:09.757984868,4,-135
2025/05/07 10:28:09.864492762,4,-135
2025/05/07 10:28:09.958362167,4,-135
2025/05/07 10:28:10.54138521,4,-135
2025/05/07 10:28:10.155514221,4,-135
2025/05/07 10:28:10.253512646,4,-135
2025/05/07 10:28:10.362477823,4,-135
2025/05/07 10:28:10.456095203,4,-135
2025/05/07 10:28:10.555221397,4,-135
2025/05/07 10:28:10.655292110,4,-135
2025/05/07 10:28:10.779896112,4,-135
2025/05/07 10:28:10.852775506,4,-135
2025/05/07 10:28:10.951958659,4,-135
2025/05/07 10:28:11.66419813,4,-135
2025/05/07 10:28:11.160091618,4,-135
2025/05/07 10:28:11.263981432,4,-135
2025/05/07 10:28:11.354797892,4,-135
2025/05/07 10:28:11.455894601,4,-135
2025/05/07 10:28:11.552367462,4,-135
2025/05/07 10:28:11.655159117,4,-135
2025/05/07 10:28:11.778727402,4,-135
2025/05/07 10:28:11.855855336,4,-135
2025/05/07 10:28:12.41175650,4,-135
2025/05/07 10:28:12.108285734,4,-135
2025/05/07 10:28:12.160841824,4,-135
2025/05/07 10:28:12.258110376,4,-135
2025/05/07 10:28:12.358485098,4,-135
2025/05/07 10:28:12.457511710,4,-135
2025/05/07 10:28:12.565382337,4,-135
2025/05/07 10:28:12.664509055,4,-135
2025/05/07 10:28:12.761275134,4,-135
2025/05/07 10:28:12.857319926,4,-135
2025/05/07 10:28:12.968688253,4,-135
2025/05/07 10:28:13.55234435,4,-135
2025/05/07 10:28:13.191431315,4,-135
2025/05/07 10:28:13.260481700,4,-135
2025/05/07 10:28:13.361333501,4,-135
2025/05/07 10:28:13.455009033,4,-135
2025/05/07 10:28:13.552059019,4,-135
2025/05/07 10:28:13.658216011,4,-135
2025/05/07 10:28:13.758611703,4,-135
2025/05/07 10:28:13.853665173,4,-135
2025/05/07 10:28:13.965201190,4,-135
2025/05/07 10:28:14.53925119,4,-135
2025/05/07 10:28:14.154641165,4,-135
2025/05/07 10:28:14.255246597,4,-135
2025/05/07 10:28:14.388060542,4,-135
2025/05/07 10:28:14.455606293,4,-135
2025/05/07 10:28:14.568954475,4,-135
2025/05/07 10:28:14.653223311,4,-135
2025/05/07 10:28:14.756896905,4,-135
2025/05/07 10:28:14.866304302,4,-135
2025/05/07 10:28:14.956423173,4,-135
2025/05/07 10:28:15.61778829,4,-135
2025/05/07 10:28:15.153922466,4,-135
2025/05/07 10:28:15.269892540,4,-135
2025/05/07 10:28:15.356386699,4,-135
2025/05/07 10:28:15.471635256,4,-135
2025/05/07 10:28:15.588446139,4,-135
2025/05/07 10:28:15.650678291,4,-135
2025/05/07 10:28:15.779905742,4,-135
2025/05/07 10:28:15.867695030,4,-135
2025/05/07 10:28:15.965328928,4,-135
2025/05/07 10:28:16.55517020,4,-135
2025/05/07 10:28:16.151798663,4,-135
2025/05/07 10:28:16.252260385,4,-135
2025/05/07 10:28:16.368828283,4,-135
2025/05/07 10:28:16.456300467,4,-135
2025/05/07 10:28:16.555432481,4,-135
2025/05/07 10:28:16.657182187,4,-135
2025/05/07 10:28:16.783208498,23,179
2025/05/07 10:28:16.855347373,14,179
2025/05/07 10:28:16.958313775,5,179
2025/05/07 10:28:17.53271556,27,-179
2025/05/07 10:28:17.156019834,31,179
2025/05/07 10:28:17.251149159,27,179
2025/05/07 10:28:17.353754705,18,179
2025/05/07 10:28:17.450145746,39,179
2025/05/07 10:28:17.551019429,53,179
2025/05/07 10:28:17.651130548,45,179
2025/05/07 10:28:17.751192542,66,179
2025/05/07 10:28:17.855585956,72,179
2025/05/07 10:28:17.995602553,64,179
2025/05/07 10:28:18.56830268,56,179
2025/05/07 10:28:18.153568953,77,-179
2025/05/07 10:28:18.279035428,83,179
2025/05/07 10:28:18.363089186,77,179
2025/05/07 10:28:18.460808507,69,179
2025/05/07 10:28:18.553120130,90,179
2025/05/07 10:28:18.655635920,101,179
2025/05/07 10:28:18.757634609,94,179
2025/05/07 10:28:18.848826322,87,179
2025/05/07 10:28:18.957468196,107,179
2025/05/07 10:28:19.52271862,119,179
2025/05/07 10:28:19.203592165,112,179
2025/05/07 10:28:19.285425253,105,179
2025/05/07 10:28:19.389024484,126,179
2025/05/07 10:28:19.480927838,131,179
2025/05/07 10:28:19.569787484,124,179
2025/05/07 10:28:19.665678994,117,179
2025/05/07 10:28:19.761015598,110,179
2025/05/07 10:28:19.918632147,131,179
2025/05/07 10:28:19.972844092,150,179
2025/05/07 10:28:20.90742678,150,179
2025/05/07 10:28:20.192691227,143,179
2025/05/07 10:28:20.294321196,163,179
2025/05/07 10:28:20.380918981,171,179
2025/05/07 10:28:20.451676190,165,179
2025/05/07 10:28:20.556512666,159,179
2025/05/07 10:28:20.686385784,178,179
2025/05/07 10:28:20.753490123,180,179
2025/05/07 10:28:20.883343469,174,179
2025/05/07 10:28:20.970194124,193,-179
2025/05/07 10:28:21.65196414,198,-179
2025/05/07 10:28:21.155914798,193,-179
2025/05/07 10:28:21.268669643,187,179
2025/05/07 10:28:21.366875004,207,-175
2025/05/07 10:28:21.457044279,211,-176
2025/05/07 10:28:21.586776360,205,-176
2025/05/07 10:28:21.655622896,200,-176
2025/05/07 10:28:21.762487500,220,-173
2025/05/07 10:28:21.854727765,225,-173
2025/05/07 10:28:21.961390977,219,-173
2025/05/07 10:28:22.62554052,214,-173
2025/05/07 10:28:22.153733703,235,-172
2025/05/07 10:28:22.275067233,230,-172
2025/05/07 10:28:22.385313743,225,-172
2025/05/07 10:28:22.480357291,220,-172
2025/05/07 10:28:22.565532179,242,-170
2025/05/07 10:28:22.654759947,246,-170
2025/05/07 10:28:22.793222390,241,-170
2025/05/07 10:28:22.859596213,236,-170
2025/05/07 10:28:22.953486462,259,-169
2025/05/07 10:28:23.79654446,259,-169
2025/05/07 10:28:23.159114726,254,-169
2025/05/07 10:28:23.264316156,249,-169
2025/05/07 10:28:23.376310459,275,-166
2025/05/07 10:28:23.469845140,271,-166
2025/05/07 10:28:23.563840464,267,-166
2025/05/07 10:28:23.662706536,263,-166
2025/05/07 10:28:23.758986535,292,-163
2025/05/07 10:28:23.863975707,285,-163
2025/05/07 10:28:24.11948371,281,-163
2025/05/07 10:28:24.96152542,281,-163
2025/05/07 10:28:24.189639426,306,-161
2025/05/07 10:28:24.291361379,299,-161
2025/05/07 10:28:24.383014202,295,-160
2025/05/07 10:28:24.475043378,291,-160
2025/05/07 10:28:24.559126419,287,-160
2025/05/07 10:28:24.664670026,325,-158
2025/05/07 10:28:24.758312797,313,-158
2025/05/07 10:28:24.857818619,309,-158
2025/05/07 10:28:24.977817019,329,-158
2025/05/07 10:28:25.56921128,324,-158
2025/05/07 10:28:25.216607698,320,-157
2025/05/07 10:28:25.270562872,320,-157
2025/05/07 10:28:25.358336631,313,-157
2025/05/07 10:28:25.458246838,336,-156
2025/05/07 10:28:25.557496311,328,-156
2025/05/07 10:28:25.662999454,325,-156
2025/05/07 10:28:25.754901521,339,-155
2025/05/07 10:28:25.864371640,336,-155
2025/05/07 10:28:25.955756788,332,-155
2025/05/07 10:28:26.51756111,329,-154
2025/05/07 10:28:26.152889707,344,-154
2025/05/07 10:28:26.253969763,341,-153
2025/05/07 10:28:26.387610049,338,-153
2025/05/07 10:28:26.457671092,351,-152
2025/05/07 10:28:26.558335427,348,-152
2025/05/07 10:28:26.656237889,345,-152
2025/05/07 10:28:26.757935040,342,-152
2025/05/07 10:28:26.850183251,361,-150
2025/05/07 10:28:26.974831306,354,-150
2025/05/07 10:28:27.55431122,351,-150
2025/05/07 10:28:27.154810288,364,-148
2025/05/07 10:28:27.255421350,361,-147
2025/05/07 10:28:27.355590144,359,-147
2025/05/07 10:28:27.453774780,356,-147
2025/05/07 10:28:27.574823556,367,-145
2025/05/07 10:28:27.652370185,364,-144
2025/05/07 10:28:27.754897259,362,-144
2025/05/07 10:28:27.861681783,375,-142
2025/05/07 10:28:27.958809595,372,-141
2025/05/07 10:28:28.78432016,370,-141
2025/05/07 10:28:28.183505824,4,-135
2025/05/07 10:28:28.253393162,4,-135
2025/05/07 10:28:28.350932258,4,-135
2025/05/07 10:28:28.452359882,4,-135
2025/05/07 10:28:28.559503004,4,-135
2025/05/07 10:28:28.659777619,4,-135
2025/05/07 10:28:28.792139599,4,-135
2025/05/07 10:28:28.849661364,4,-135
2025/05/07 10:28:28.954686891,4,-135
2025/05/07 10:28:29.84694725,4,-135
2025/05/07 10:28:29.186517585,4,-135
2025/05/07 10:28:29.260847215,4,-135
2025/05/07 10:28:29.366015311,4,-135
2025/05/07 10:28:29.462708758,4,-135
2025/05/07 10:28:29.556784499,4,-135
2025/05/07 10:28:29.659994446,4,-135
2025/05/07 10:28:29.750258673,4,-135
2025/05/07 10:28:29.854457039,4,-135
2025/05/07 10:28:29.981261544,4,-135
2025/05/07 10:28:30.58542997,4,-135
2025/05/07 10:28:30.158367589,4,-135
2025/05/07 10:28:30.259540836,4,-135
2025/05/07 10:28:30.367208193,4,-135
2025/05/07 10:28:30.476919834,4,-135
2025/05/07 10:28:30.590044412,4,-135
2025/05/07 10:28:30.672449861,4,-135
2025/05/07 10:28:30.752911799,4,-135
2025/05/07 10:28:30.870293794,4,-135
2025/05/07 10:28:30.958752698,4,-135
2025/05/07 10:28:31.52908621,4,-135
2025/05/07 10:28:31.216626317,4,-135
2025/05/07 10:28:31.265297293,4,-135
2025/05/07 10:28:31.373198679,4,-135
2025/05/07 10:28:31.452687109,4,-135
2025/05/07 10:28:31.551235230,4,-135
2025/05/07 10:28:31.652902126,4,-135
2025/05/07 10:28:31.754905779,4,-135
2025/05/07 10:28:31.852041028,4,-135
2025/05/07 10:28:31.963484530,4,-135
2025/05/07 10:28:32.72200153,4,-135
2025/05/07 10:28:32.158550493,4,-135
2025/05/07 10:28:32.258352661,4,-135
2025/05/07 10:28:32.385638998,26,-90
2025/05/07 10:28:32.610002569,42,-89
2025/05/07 10:28:32.663103841,64,-90
2025/05/07 10:28:32.790252250,86,-90
2025/05/07 10:28:32.885592719,106,-90
2025/05/07 10:28:32.954678340,126,-90
2025/05/07 10:28:33.55414180,146,-89
2025/05/07 10:28:33.152588140,166,-89
2025/05/07 10:28:33.258000723,185,-89
2025/05/07 10:28:33.361015530,203,-89
2025/05/07 10:28:33.454379948,223,-90
2025/05/07 10:28:33.593085165,242,-90
2025/05/07 10:28:33.703000805,261,-90
2025/05/07 10:28:33.754338182,279,-90
2025/05/07 10:28:33.852314697,296,-90
2025/05/07 10:28:33.960723151,313,-90
2025/05/07 10:28:34.68881641,331,-90
2025/05/07 10:28:34.158422184,347,-90
2025/05/07 10:28:34.289854711,364,-90
2025/05/07 10:28:34.401938987,382,-91
2025/05/07 10:28:34.469837685,386,-90
2025/05/07 10:28:34.551884617,4,-135
2025/05/07 10:28:34.650345933,4,-135
2025/05/07 10:28:34.752737665,4,-135
2025/05/07 10:28:34.882089771,4,-135
2025/05/07 10:28:34.950812428,4,-135
2025/05/07 10:28:35.64371692,26,-89
2025/05/07 10:28:35.303863565,43,-90
2025/05/07 10:28:35.352411516,65,-90
2025/05/07 10:28:35.549909269,84,-90
2025/05/07 10:28:35.603301776,105,-90
2025/05/07 10:28:35.683050339,128,-90
2025/05/07 10:28:35.784165508,149,-90
2025/05/07 10:28:35.857884589,168,-90
2025/05/07 10:28:35.963080666,188,-90
2025/05/07 10:28:36.52750441,4,-135
2025/05/07 10:28:36.183415728,4,-135
2025/05/07 10:28:36.259424246,4,-135
2025/05/07 10:28:36.355406831,4,-135
2025/05/07 10:28:36.457914721,4,-135
2025/05/07 10:28:36.511328984,0,-135
2025/05/07 10:28:36.609036973,0,-135
2025/05/07 10:28:36.707678232,0,-135
2025/05/07 10:28:36.808238906,0,-135
2025/05/07 10:28:36.907869626,0,-135
2025/05/07 10:28:37.7713983,0,-135
2025/05/07 10:28:37.107660237,0,-135
2025/05/07 10:28:37.208546021,0,-135
2025/05/07 10:28:37.307546974,0,-135
2025/05/07 10:28:37.407790658,0,-135
2025/05/07 10:28:37.507808766,0,-135
2025/05/07 10:28:37.608330056,0,-135
2025/05/07 10:28:37.708706145,0,-135
2025/05/07 10:28:37.808223538,0,-135
2025/05/07 10:28:37.907727021,0,-135
2025/05/07 10:28:38.7800109,0,-135
2025/05/07 10:28:38.107592743,0,-135
2025/05/07 10:28:38.207810549,0,-135
2025/05/07 10:28:38.307494735,306,-135
2025/05/07 10:28:38.408234667,362,-135
2025/05/07 10:28:38.507961647,402,-135
2025/05/07 10:28:38.608578706,459,-135
2025/05/07 10:28:38.708695939,478,-135
2025/05/07 10:28:38.807840632,495,-135
2025/05/07 10:28:38.907632901,501,-135
2025/05/07 10:28:39.7823630,541,-135
2025/05/07 10:28:39.107643631,573,-135
2025/05/07 10:28:39.208340958,573,-135
2025/05/07 10:28:39.307971439,573,-135
2025/05/07 10:28:39.407752037,623,-135
2025/05/07 10:28:39.507774474,594,-135
2025/05/07 10:28:39.607753519,169,-135
2025/05/07 10:28:39.707663110,0,-135
2025/05/07 10:28:39.807903679,0,-135
2025/05/07 10:28:39.908367244,0,-135
2025/05/07 10:28:40.7800733,0,-135
2025/05/07 10:28:40.107674185,0,-135
2025/05/07 10:28:40.209035933,0,-135
2025/05/07 10:28:40.309334719,0,-135
2025/05/07 10:28:40.407999756,185,-135
2025/05/07 10:28:40.507638687,292,-135
2025/05/07 10:28:40.608325871,389,-135
2025/05/07 10:28:40.707816989,402,-135
2025/05/07 10:28:40.807886581,402,-135
2025/05/07 10:28:40.907597996,402,-135
2025/05/07 10:28:41.7724943,402,-135
2025/05/07 10:28:41.108151574,402,-135
2025/05/07 10:28:41.207666542,415,-135
2025/05/07 10:28:41.307957526,428,-135
2025/05/07 10:28:41.407700503,484,-135
2025/05/07 10:28:41.508531256,495,-135
2025/05/07 10:28:41.607953663,495,-135
2025/05/07 10:28:41.707654000,495,-135
2025/05/07 10:28:41.807894774,507,-135
2025/05/07 10:28:41.907856697,530,-135
2025/05/07 10:28:42.7620585,541,-135
2025/05/07 10:28:42.108136373,563,-135
2025/05/07 10:28:42.207848638,563,-135
2025/05/07 10:28:42.307713619,563,-135
2025/05/07 10:28:42.407658348,334,-135
2025/05/07 10:28:42.509361842,0,-135
2025/05/07 10:28:42.608646144,0,-135
2025/05/07 10:28:42.707643842,0,-135
2025/05/07 10:28:42.808026734,0,-135
2025/05/07 10:28:42.907529881,0,-135
2025/05/07 10:28:43.7867209,0,-135
2025/05/07 10:28:43.107859066,0,-135
2025/05/07 10:28:43.207503300,0,-135
2025/05/07 10:28:43.309939822,0,-135
2025/05/07 10:28:43.407688421,0,-135
2025/05/07 10:28:43.513947301,0,-135
2025/05/07 10:28:43.607723168,0,-135
2025/05/07 10:28:43.707642207,0,-135
2025/05/07 10:28:43.807475426,0,-135
2025/05/07 10:28:43.907799771,0,-135
2025/05/07 10:28:44.8055576,0,-135
2025/05/07 10:28:44.108177243,0,-135
2025/05/07 10:28:44.207565853,0,-135
2025/05/07 10:28:44.309033790,0,-135
2025/05/07 10:28:44.409299643,0,-135
2025/05/07 10:28:44.509356988,0,-135
2025/05/07 10:28:44.608048484,0,-135
2025/05/07 10:28:44.709099812,0,-135
2025/05/07 10:28:44.808107868,0,-135
2025/05/07 10:28:44.909197229,0,-135
2025/05/07 10:28:45.8745370,0,-135
2025/05/07 10:28:45.107529041,0,-135
2025/05/07 10:28:45.208509942,0,-135
2025/05/07 10:28:45.307754447,0,-135
2025/05/07 10:28:45.407687095,0,-135
2025/05/07 10:28:45.507515393,0,-135
2025/05/07 10:28:45.626823851,-316,-135
2025/05/07 10:28:45.708385307,-392,-135
2025/05/07 10:28:45.809063385,-410,-135
2025/05/07 10:28:45.908304375,-410,-135
2025/05/07 10:28:46.7668391,0,-135
2025/05/07 10:28:46.107538495,0,-135
2025/05/07 10:28:46.207650237,0,-135
2025/05/07 10:28:46.307661119,0,-135
2025/05/07 10:28:46.407693284,0,-135
2025/05/07 10:28:46.507717578,0,-135
2025/05/07 10:28:46.607819960,0,-135
2025/05/07 10:28:46.707905393,0,-135
2025/05/07 10:28:46.807696798,0,-135
2025/05/07 10:28:46.908240050,0,-135
2025/05/07 10:28:47.7740021,0,-135
2025/05/07 10:28:47.107805717,0,-135
2025/05/07 10:28:47.207720134,0,-135
2025/05/07 10:28:47.307830910,0,-135
2025/05/07 10:28:47.407638443,0,-135
2025/05/07 10:28:47.511033250,0,-135
2025/05/07 10:28:47.609335092,0,-135
2025/05/07 10:28:47.708240402,0,-135
2025/05/07 10:28:47.809973404,0,-135
2025/05/07 10:28:47.907403812,0,-135
2025/05/07 10:28:48.7904771,0,-135
2025/05/07 10:28:48.107949198,0,-135
2025/05/07 10:28:48.209202189,0,-135
2025/05/07 10:28:48.307625678,0,-135
2025/05/07 10:28:48.408346397,0,-135
2025/05/07 10:28:48.507603449,0,-135
2025/05/07 10:28:48.607749299,0,-135
2025/05/07 10:28:48.707792469,0,-135
2025/05/07 10:28:48.807872300,0,-135
2025/05/07 10:28:48.908205144,0,-135
2025/05/07 10:28:49.7665625,0,-135
2025/05/07 10:28:49.107767412,0,-135
2025/05/07 10:28:49.207725974,0,-135
2025/05/07 10:28:49.307926949,0,-135
2025/05/07 10:28:49.409631969,0,-135
2025/05/07 10:28:49.508006648,0,-135
2025/05/07 10:28:49.608194354,0,-135
2025/05/07 10:28:49.708557656,0,-135
2025/05/07 10:28:49.807933865,0,-135
2025/05/07 10:28:49.907624758,0,-135
2025/05/07 10:28:50.7763773,0,-135
2025/05/07 10:28:50.108454281,0,-135
2025/05/07 10:28:50.207606175,0,-135
2025/05/07 10:28:50.307715074,0,-135
2025/05/07 10:28:50.407571872,0,-135
2025/05/07 10:28:50.507714721,0,-135
2025/05/07 10:28:50.607610733,0,-135
2025/05/07 10:28:50.708973953,0,-135
2025/05/07 10:28:50.808607151,0,-135
2025/05/07 10:28:50.908196106,0,-135
2025/05/07 10:28:51.7702213,0,-135
2025/05/07 10:28:51.107719312,0,-135
2025/05/07 10:28:51.207900821,0,-135
2025/05/07 10:28:51.307808239,0,-135
2025/05/07 10:28:51.409460600,0,-135
2025/05/07 10:28:51.508365043,0,-135
2025/05/07 10:28:51.607908065,0,-135
2025/05/07 10:28:51.709732093,0,-135
2025/05/07 10:28:51.820049127,0,-135
2025/05/07 10:28:51.908111293,0,-135
2025/05/07 10:28:52.9858754,0,-135
2025/05/07 10:28:52.107785117,0,-135
2025/05/07 10:28:52.212045515,0,-135
2025/05/07 10:28:52.307665659,0,-135
2025/05/07 10:28:52.407612437,0,-135
2025/05/07 10:28:52.507626469,0,-135
2025/05/07 10:28:52.607615929,0,-135
2025/05/07 10:28:52.708011579,0,-135
2025/05/07 10:28:52.807625601,0,-135
2025/05/07 10:28:52.907795637,0,-135
2025/05/07 10:28:53.7493990,0,-135
2025/05/07 10:28:53.107937122,0,-135
2025/05/07 10:28:53.207464891,0,-135
2025/05/07 10:28:53.307870291,0,-135
2025/05/07 10:28:53.408944367,0,-135
2025/05/07 10:28:53.511171465,0,-135
2025/05/07 10:28:53.607844128,0,-135
2025/05/07 10:28:53.709853250,0,-135
2025/05/07 10:28:53.807717918,0,-135
2025/05/07 10:28:53.907614352,0,-135
2025/05/07 10:28:54.7849234,0,-135
2025/05/07 10:28:54.107806189,0,-135
2025/05/07 10:28:54.210942824,0,-135
2025/05/07 10:28:54.307647841,0,-135
2025/05/07 10:28:54.407596325,0,-135
2025/05/07 10:28:54.507827792,0,-135
2025/05/07 10:28:54.607911046,0,-135
2025/05/07 10:28:54.707959714,0,-135
2025/05/07 10:28:54.807765779,0,-135
2025/05/07 10:28:54.907988577,0,-135
2025/05/07 10:28:55.7751802,0,-135
2025/05/07 10:28:55.107676849,0,-135
2025/05/07 10:28:55.207912932,0,-135
2025/05/07 10:28:55.325308030,0,-135
2025/05/07 10:28:55.407631797,0,-135
2025/05/07 10:28:55.508085660,0,-135
2025/05/07 10:28:55.607526046,0,-135
2025/05/07 10:28:55.708993199,0,-135
2025/05/07 10:28:55.808228829,0,-135
2025/05/07 10:28:55.907785896,0,-135
2025/05/07 10:28:56.7713945,0,-135
2025/05/07 10:28:56.107649156,0,-135
2025/05/07 10:28:56.207815986,0,-135
2025/05/07 10:28:56.307943629,0,-135
2025/05/07 10:28:56.409094585,0,-135
2025/05/07 10:28:56.508012754,0,-135
2025/05/07 10:28:56.607732171,0,-135
2025/05/07 10:28:56.707731869,0,-135
2025/05/07 10:28:56.808092733,0,-135
2025/05/07 10:28:56.907873588,0,-135
2025/05/07 10:28:57.7677735,0,-135
2025/05/07 10:28:57.107704634,0,-135
2025/05/07 10:28:57.207545110,0,-135
2025/05/07 10:28:57.309173017,0,-135
2025/05/07 10:28:57.408893626,0,-135
2025/05/07 10:28:57.508288727,0,-135
2025/05/07 10:28:57.609278887,0,-135
2025/05/07 10:28:57.709573306,0,-135
2025/05/07 10:28:57.808289736,0,-135
2025/05/07 10:28:57.907808509,0,-135
2025/05/07 10:28:58.7685857,0,-135
2025/05/07 10:28:58.107858651,0,-135
2025/05/07 10:28:58.207959384,0,-135
2025/05/07 10:28:58.308330343,0,-135
2025/05/07 10:28:58.407945490,0,-135
2025/05/07 10:28:58.507630975,0,-135
2025/05/07 10:28:58.607898195,0,-135
2025/05/07 10:28:58.707535701,0,-135
2025/05/07 10:28:58.808058926,0,-135
2025/05/07 10:28:58.907837532,0,-135
2025/05/07 10:28:59.7622676,0,-135
2025/05/07 10:28:59.107667429,0,-135
2025/05/07 10:28:59.207976097,0,-135
2025/05/07 10:28:59.307914415,0,-135
2025/05/07 10:28:59.407772581,0,-135
2025/05/07 10:28:59.507491077,0,-135
2025/05/07 10:28:59.607503243,0,-135
2025/05/07 10:28:59.712476312,0,-135
2025/05/07 10:28:59.809038845,0,-135
2025/05/07 10:28:59.907966490,0,-135
2025/05/07 10:29:00.7940494,0,-135
2025/05/07 10:29:00.108452056,0,-135
2025/05/07 10:29:00.208626162,0,-135
2025/05/07 10:29:00.308023804,0,-135
2025/05/07 10:29:00.407884113,0,-135
2025/05/07 10:29:00.507467224,0,-135
2025/05/07 10:29:00.607776924,0,-135
2025/05/07 10:29:00.709177898,0,-135
2025/05/07 10:29:00.808171503,0,-135
2025/05/07 10:29:00.907776679,0,-135
2025/05/07 10:29:01.7833160,0,-135
2025/05/07 10:29:01.107670582,0,-135
2025/05/07 10:29:01.207810451,0,-135
2025/05/07 10:29:01.307590313,0,-135
2025/05/07 10:29:01.407677455,0,-135
2025/05/07 10:29:01.514249590,0,-135
2025/05/07 10:29:01.610221184,0,-135
2025/05/07 10:29:01.707744041,0,-135
2025/05/07 10:29:01.807819773,0,-135
2025/05/07 10:29:01.914730958,0,-135
2025/05/07 10:29:02.8078230,0,-135
2025/05/07 10:29:02.107834802,0,-135
2025/05/07 10:29:02.207844077,0,-135
2025/05/07 10:29:02.307715285,0,-135
2025/05/07 10:29:02.407948669,0,-135
2025/05/07 10:29:02.507779725,0,-135
2025/05/07 10:29:02.607707277,0,-135
2025/05/07 10:29:02.708229483,0,-135
2025/05/07 10:29:02.807843777,0,-135
2025/05/07 10:29:02.907702371,0,-135
2025/05/07 10:29:03.8103108,0,-135
2025/05/07 10:29:03.107610728,0,-135
2025/05/07 10:29:03.208102601,0,-135
2025/05/07 10:29:03.307573122,0,-135
2025/05/07 10:29:03.407936733,0,-135
2025/05/07 10:29:03.507829043,0,-135
2025/05/07 10:29:03.608136328,0,-135
2025/05/07 10:29:03.707879544,0,-135
2025/05/07 10:29:03.807823288,0,-135
2025/05/07 10:29:03.907929052,0,-135
2025/05/07 10:29:04.8189255,0,-135
2025/05/07 10:29:04.107961693,0,-135
2025/05/07 10:29:04.207694333,0,-135
2025/05/07 10:29:04.307929246,0,-135
2025/05/07 10:29:04.407547422,0,-135
2025/05/07 10:29:04.507706921,0,-135
2025/05/07 10:29:04.607725886,0,-135
2025/05/07 10:29:04.707583530,0,-135
2025/05/07 10:29:04.807753977,0,-135
2025/05/07 10:29:04.907549594,0,-135
2025/05/07 10:29:05.7784852,0,-135
2025/05/07 10:29:05.107691103,0,-135
2025/05/07 10:29:05.207685718,0,-135
2025/05/07 10:29:05.307765675,0,-135
2025/05/07 10:29:05.408143040,161,-135
2025/05/07 10:29:05.507592074,422,-135
2025/05/07 10:29:05.607502720,594,-135
2025/05/07 10:29:05.708163302,633,-135
2025/05/07 10:29:05.807736940,647,-135
2025/05/07 10:29:05.907910094,673,-135
2025/05/07 10:29:06.7724535,690,-135
2025/05/07 10:29:06.107844609,702,-135
2025/05/07 10:29:06.207638418,702,-135
2025/05/07 10:29:06.308458572,710,-135
2025/05/07 10:29:06.407608471,710,-135
2025/05/07 10:29:06.507905110,710,-135
2025/05/07 10:29:06.608302045,710,-135
2025/05/07 10:29:06.707793957,710,-135
2025/05/07 10:29:06.807543660,710,-135
2025/05/07 10:29:06.908006469,710,-135
2025/05/07 10:29:07.7748832,710,-135
2025/05/07 10:29:07.107876404,710,-135
2025/05/07 10:29:07.207999395,710,-135
2025/05/07 10:29:07.307758529,710,-135
2025/05/07 10:29:07.408911057,710,-135
2025/05/07 10:29:07.507838341,710,-135
2025/05/07 10:29:07.607614456,714,-135
2025/05/07 10:29:07.707649872,714,-135
2025/05/07 10:29:07.807813683,714,-135
2025/05/07 10:29:07.908533136,714,-135
2025/05/07 10:29:08.7955163,714,-135
2025/05/07 10:29:08.107652518,714,-135
2025/05/07 10:29:08.207759508,714,-135
2025/05/07 10:29:08.307767954,714,-135
2025/05/07 10:29:08.407503882,714,-135
2025/05/07 10:29:08.508043282,714,-135
2025/05/07 10:29:08.609106796,714,-135
2025/05/07 10:29:08.708475935,714,-135
2025/05/07 10:29:08.807808709,714,-135
2025/05/07 10:29:08.907944416,714,-135
2025/05/07 10:29:09.8003219,722,-135
2025/05/07 10:29:09.107983477,722,-135
2025/05/07 10:29:09.208998838,478,-135
2025/05/07 10:29:09.307600954,0,-135
2025/05/07 10:29:09.407787061,0,-135
2025/05/07 10:29:09.507811048,0,-135
