time,header_stamp_secs,header_stamp_nsecs,header_frame_id,axes_0,axes_1,axes_2,axes_3,axes_4,axes_5,axes_6,axes_7,buttons_0,buttons_1,buttons_2,buttons_3,buttons_4,buttons_5,buttons_6,buttons_7,buttons_8,buttons_9,buttons_10
2025/05/07 10:35:30.715429038,1746606930,714268504,joy,-0.0,-0.0,1.0,-0.0,-0.0,1.0,0.0,0.0,0,0,0,0,0,0,0,0,0,0,0
2025/05/07 10:35:30.764875966,1746606930,764573578,joy,-0.0,-0.0,1.0,-0.0,-0.0,1.0,0.0,0.0,0,0,0,0,0,0,0,0,0,0,0
2025/05/07 10:35:30.815048076,1746606930,814765668,joy,-0.0,-0.0,1.0,-0.0,-0.0,1.0,0.0,0.0,0,0,0,0,0,0,0,0,0,0,0
2025/05/07 10:35:30.866313037,1746606930,866063266,joy,-0.0,-0.0,1.0,-0.0,-0.0,1.0,0.0,0.0,0,0,0,0,0,0,0,0,0,0,0
2025/05/07 10:35:30.917439861,1746606930,917246759,joy,-0.0,-0.0,1.0,-0.0,-0.0,1.0,0.0,0.0,0,0,0,0,0,0,0,0,0,0,0
2025/05/07 10:35:30.969261660,1746606930,968991627,joy,-0.0,-0.0,1.0,-0.0,-0.0,1.0,0.0,0.0,0,0,0,0,0,0,0,0,0,0,0
2025/05/07 10:35:31.19572107,1746606931,19195594,joy,-0.0,-0.0,1.0,-0.0,-0.0,1.0,0.0,0.0,0,0,0,0,0,0,0,0,0,0,0
2025/05/07 10:35:31.119196725,1746606931,118348155,joy,-0.0,-0.0,1.0,-0.0,-0.0,1.0,0.0,0.0,0,0,0,0,0,0,0,0,0,0,0
2025/05/07 10:35:31.174917842,1746606931,169151930,joy,-0.0,-0.0,1.0,-0.0,-0.0,1.0,0.0,0.0,0,0,0,0,0,0,0,0,0,0,0
2025/05/07 10:35:31.219530821,1746606931,219300745,joy,-0.0,-0.0,1.0,-0.0,-0.0,1.0,0.0,0.0,0,0,0,0,0,0,0,0,0,0,0
2025/05/07 10:35:31.270597083,1746606931,270081055,joy,-0.0,-0.0,1.0,-0.0,-0.0,1.0,0.0,0.0,0,0,0,0,0,0,0,0,0,0,0
2025/05/07 10:35:31.322419321,1746606931,320938288,joy,-0.0,-0.0,1.0,-0.0,-0.0,1.0,0.0,0.0,0,0,0,0,0,0,0,0,0,0,0
2025/05/07 10:35:31.414443560,1746606931,371282253,joy,-0.0,-0.0,1.0,-0.0,-0.0,1.0,0.0,0.0,0,0,0,0,0,0,0,0,0,0,0
2025/05/07 10:35:31.429342105,1746606931,421552068,joy,-0.0,-0.0,1.0,-0.0,-0.0,1.0,0.0,0.0,0,0,0,0,0,0,0,0,0,0,0
2025/05/07 10:35:31.522228323,1746606931,521927803,joy,-0.0,-0.0,1.0,-0.0,-0.0,1.0,0.0,0.0,0,0,0,0,0,0,0,0,0,0,0
2025/05/07 10:35:31.572381535,1746606931,572184284,joy,-0.0,-0.0,1.0,-0.0,-0.0,1.0,0.0,0.0,0,0,0,0,0,0,0,0,0,0,0
2025/05/07 10:35:31.624641979,1746606931,622767430,joy,-0.0,-0.0,1.0,-0.0,-0.0,1.0,0.0,0.0,0,0,0,0,0,0,0,0,0,0,0
2025/05/07 10:35:31.725806028,1746606931,722740245,joy,-0.0,-0.0,1.0,-0.0,-0.0,1.0,0.0,0.0,0,0,0,0,0,0,0,0,0,0,0
2025/05/07 10:35:31.981086708,1746606931,822642756,joy,-0.0,-0.0,1.0,-0.0,-0.0,1.0,0.0,0.0,0,0,0,0,0,0,0,0,0,0,0
2025/05/07 10:35:32.42382640,1746606931,923414130,joy,-0.0,-0.0,1.0,-0.0,-0.0,1.0,0.0,0.0,0,0,0,0,0,0,0,0,0,0,0
2025/05/07 10:35:32.103441783,1746606932,30158363,joy,-0.0,-0.0,1.0,-0.0,-0.0,1.0,0.0,0.0,0,0,0,0,0,0,0,0,0,0,0
2025/05/07 10:35:32.160576522,1746606932,80720780,joy,-0.0,-0.0,1.0,-0.0,-0.0,1.0,0.0,0.0,0,0,0,0,0,0,0,0,0,0,0
2025/05/07 10:35:32.186583104,1746606932,180198299,joy,-0.0,-0.0,1.0,-0.0,-0.0,1.0,0.0,0.0,0,0,0,0,0,0,0,0,0,0,0
2025/05/07 10:35:32.240293179,1746606932,231010862,joy,-0.0,-0.0,1.0,-0.0,-0.0,1.0,0.0,0.0,0,0,0,0,0,0,0,0,0,0,0
2025/05/07 10:35:32.291619076,1746606932,282051133,joy,-0.0,-0.0,1.0,-0.0,-0.0,1.0,0.0,0.0,0,0,0,0,0,0,0,0,0,0,0
2025/05/07 10:35:32.333079318,1746606932,332831877,joy,-0.0,-0.0,1.0,-0.0,-0.0,1.0,0.0,0.0,0,0,0,0,0,0,0,0,0,0,0
2025/05/07 10:35:32.441334838,1746606932,431969717,joy,-0.0,-0.0,1.0,-0.0,-0.0,1.0,0.0,0.0,0,0,0,0,0,0,0,0,0,0,0
2025/05/07 10:35:32.531277461,1746606932,482499558,joy,-0.0,-0.0,1.0,-0.0,-0.0,1.0,0.0,0.0,0,0,0,0,0,0,0,0,0,0,0
2025/05/07 10:35:32.594590192,1746606932,582364770,joy,-0.0,-0.0,1.0,-0.0,-0.0,1.0,0.0,0.0,0,0,0,0,0,0,0,0,0,0,0
2025/05/07 10:35:32.633806726,1746606932,632420309,joy,-0.0,-0.0,1.0,-0.0,-0.0,1.0,0.0,0.0,0,0,0,0,0,0,0,0,0,0,0
2025/05/07 10:35:32.755099136,1746606932,733022037,joy,-0.0,-0.0,1.0,-0.0,-0.0,1.0,0.0,0.0,0,0,0,0,0,0,0,0,0,0,0
2025/05/07 10:35:32.801350650,1746606932,783620576,joy,-0.0,-0.0,1.0,-0.0,-0.0,1.0,0.0,0.0,0,0,0,0,0,0,0,0,0,0,0
2025/05/07 10:35:32.883670822,1746606932,883335589,joy,-0.0,-0.0,1.0,-0.0,-0.0,1.0,0.0,0.0,0,0,0,0,0,0,0,0,0,0,0
2025/05/07 10:35:32.936489873,1746606932,934070168,joy,-0.0,-0.0,1.0,-0.0,-0.0,1.0,0.0,0.0,0,0,0,0,0,0,0,0,0,0,0
2025/05/07 10:35:32.985338963,1746606932,985166409,joy,-0.0,-0.0,1.0,-0.0,-0.0,1.0,0.0,0.0,0,0,0,0,0,0,0,0,0,0,0
2025/05/07 10:35:33.37754754,1746606933,36657323,joy,-0.0,-0.0,1.0,-0.0,-0.0,1.0,0.0,0.0,0,0,0,0,0,0,0,0,0,0,0
2025/05/07 10:35:33.148987749,1746606933,135115654,joy,-0.0,-0.0,1.0,-0.0,-0.0,1.0,0.0,0.0,0,0,0,0,0,0,0,0,0,0,0
2025/05/07 10:35:33.236101037,1746606933,235491052,joy,-0.0,-0.0,1.0,-0.0,-0.0,1.0,0.0,0.0,0,0,0,0,0,0,0,0,0,0,0
2025/05/07 10:35:33.338064316,1746606933,335556258,joy,-0.0,-0.0,1.0,-0.0,-0.0,1.0,0.0,0.0,0,0,0,0,0,0,0,0,0,0,0
2025/05/07 10:35:33.421071265,1746606933,385586750,joy,-0.0,-0.0,1.0,-0.0,-0.0,1.0,0.0,0.0,0,0,0,0,0,0,0,0,0,0,0
2025/05/07 10:35:33.466461621,1746606933,441501356,joy,-0.0,-0.0,1.0,-0.0,-0.0,1.0,0.0,0.0,0,0,0,0,0,0,0,0,0,0,0
2025/05/07 10:35:33.491806221,1746606933,491604800,joy,-0.0,-0.0,1.0,-0.0,-0.0,1.0,0.0,0.0,0,0,0,0,0,0,0,0,0,0,0
2025/05/07 10:35:33.595238594,1746606933,591963750,joy,-0.0,-0.0,1.0,-0.0,-0.0,1.0,0.0,0.0,0,0,0,0,0,0,0,0,0,0,0
2025/05/07 10:35:33.643174206,1746606933,642718815,joy,-0.0,-0.0,1.0,-0.0,-0.0,1.0,0.0,0.0,0,0,0,0,0,0,0,0,0,0,0
2025/05/07 10:35:33.807287683,1746606933,692770344,joy,-0.0,-0.0,1.0,-0.0,-0.0,1.0,0.0,0.0,0,0,0,0,0,0,0,0,0,0,0
2025/05/07 10:35:33.818368633,1746606933,744594172,joy,-0.0,-0.0,1.0,-0.0,-0.0,1.0,0.0,0.0,0,0,0,0,0,0,0,0,0,0,0
2025/05/07 10:35:33.847722365,1746606933,847330163,joy,-0.0,-0.0,1.0,-0.0,-0.0,1.0,0.0,0.0,0,0,0,0,0,0,0,0,0,0,0
2025/05/07 10:35:33.898970045,1746606933,898418256,joy,-0.0,-0.0,1.0,-0.0,-0.0,1.0,0.0,0.0,0,0,0,0,0,0,0,0,0,0,0
2025/05/07 10:35:33.949189883,1746606933,948727482,joy,-0.0,-0.0,1.0,-0.0,-0.0,1.0,0.0,0.0,0,0,0,0,0,0,0,0,0,0,0
2025/05/07 10:35:34.65119185,1746606934,47150465,joy,-0.0,-0.0,1.0,-0.0,-0.0,1.0,0.0,0.0,0,0,0,0,0,0,0,0,0,0,0
2025/05/07 10:35:34.142189833,1746606934,99523776,joy,-0.0,-0.0,1.0,-0.0,-0.0,1.0,0.0,0.0,0,0,0,0,0,0,0,0,0,0,0
2025/05/07 10:35:34.156873978,1746606934,154083769,joy,-0.0,-0.0,1.0,-0.0,-0.0,1.0,0.0,0.0,0,0,0,0,0,0,0,0,0,0,0
2025/05/07 10:35:34.207036051,1746606934,204133607,joy,-0.0,-0.0,1.0,-0.0,-0.0,1.0,0.0,0.0,0,0,0,0,0,0,0,0,0,0,0
2025/05/07 10:35:34.258004620,1746606934,257725275,joy,-0.0,-0.0,1.0,-0.0,-0.0,1.0,0.0,0.0,0,0,0,0,0,0,0,0,0,0,0
2025/05/07 10:35:34.309802544,1746606934,309611442,joy,-0.0,-0.0,1.0,-0.0,-0.0,1.0,0.0,0.0,0,0,0,0,0,0,0,0,0,0,0
2025/05/07 10:35:34.409882631,1746606934,409647307,joy,-0.0,-0.0,1.0,-0.0,-0.0,1.0,0.0,0.0,0,0,0,0,0,0,0,0,0,0,0
2025/05/07 10:35:34.509982877,1746606934,509607367,joy,-0.0,-0.0,1.0,-0.0,-0.0,1.0,0.0,0.0,0,0,0,0,0,0,0,0,0,0,0
2025/05/07 10:35:34.560653903,1746606934,560224178,joy,-0.0,-0.0,1.0,-0.0,-0.0,1.0,0.0,0.0,0,0,0,0,0,0,0,0,0,0,0
2025/05/07 10:35:34.610870732,1746606934,610582452,joy,-0.0,-0.0,1.0,-0.0,-0.0,1.0,0.0,0.0,0,0,0,0,0,0,0,0,0,0,0
2025/05/07 10:35:34.711089175,1746606934,710826879,joy,-0.0,-0.0,1.0,-0.0,-0.0,1.0,0.0,0.0,0,0,0,0,0,0,0,0,0,0,0
2025/05/07 10:35:34.766427118,1746606934,762998402,joy,-0.0,-0.0,1.0,-0.0,-0.0,1.0,0.0,0.0,0,0,0,0,0,0,0,0,0,0,0
2025/05/07 10:35:34.814080474,1746606934,813623363,joy,-0.0,-0.0,1.0,-0.0,-0.0,1.0,0.0,0.0,0,0,0,0,0,0,0,0,0,0,0
2025/05/07 10:35:34.866216190,1746606934,864015159,joy,-0.0,-0.0,1.0,-0.0,-0.0,1.0,0.0,0.0,0,0,0,0,0,0,0,0,0,0,0
2025/05/07 10:35:34.915480999,1746606934,915139799,joy,-0.0,-0.0,1.0,-0.0,-0.0,1.0,0.0,0.0,0,0,0,0,0,0,0,0,0,0,0
2025/05/07 10:35:35.16475348,1746606935,15779643,joy,-0.0,-0.0,1.0,-0.0,-0.0,1.0,0.0,0.0,0,0,0,0,0,0,0,0,0,0,0
2025/05/07 10:35:35.115405937,1746606935,115003916,joy,-0.0,-0.0,1.0,-0.0,-0.0,1.0,0.0,0.0,0,0,0,0,0,0,0,0,0,0,0
2025/05/07 10:35:35.165619698,1746606935,165323078,joy,-0.0,-0.0,1.0,-0.0,-0.0,1.0,0.0,0.0,0,0,0,0,0,0,0,0,0,0,0
2025/05/07 10:35:35.266119110,1746606935,265579242,joy,-0.0,-0.0,1.0,-0.0,-0.0,1.0,0.0,0.0,0,0,0,0,0,0,0,0,0,0,0
2025/05/07 10:35:35.316399612,1746606935,315899745,joy,-0.0,-0.0,1.0,-0.0,-0.0,1.0,0.0,0.0,0,0,0,0,0,0,0,0,0,0,0
2025/05/07 10:35:35.372067951,1746606935,371907790,joy,-0.0,-0.0,1.0,-0.0,-0.0,1.0,0.0,0.0,0,0,0,0,0,0,0,0,0,0,0
2025/05/07 10:35:35.422869317,1746606935,422535691,joy,-0.0,-0.0,1.0,-0.0,-0.0,1.0,0.0,0.0,0,0,0,0,0,0,0,0,0,0,0
2025/05/07 10:35:35.522822993,1746606935,522426144,joy,-0.0,-0.0,1.0,-0.0,-0.0,1.0,0.0,0.0,0,0,0,0,0,0,0,0,0,0,0
2025/05/07 10:35:35.573135351,1746606935,572581205,joy,-0.0,-0.0,1.0,-0.0,-0.0,1.0,0.0,0.0,0,0,0,0,0,0,0,0,0,0,0
2025/05/07 10:35:35.628308019,1746606935,625884973,joy,-0.0,-0.0,1.0,-0.0,-0.0,1.0,0.0,0.0,0,0,0,0,0,0,0,0,0,0,0
2025/05/07 10:35:35.726152910,1746606935,725222056,joy,-0.0,-0.0,1.0,-0.0,-0.0,1.0,0.0,0.0,0,0,0,0,0,0,0,0,0,0,0
2025/05/07 10:35:35.776640654,1746606935,775933756,joy,-0.0,-0.0,1.0,-0.0,-0.0,1.0,0.0,0.0,0,0,0,0,0,0,0,0,0,0,0
2025/05/07 10:35:35.827126230,1746606935,826672522,joy,-0.0,-0.0,1.0,-0.0,-0.0,1.0,0.0,0.0,0,0,0,0,0,0,0,0,0,0,0
2025/05/07 10:35:35.877858750,1746606935,877537990,joy,-0.0,-0.0,1.0,-0.0,-0.0,1.0,0.0,0.0,0,0,0,0,0,0,0,0,0,0,0
2025/05/07 10:35:35.929233554,1746606935,928907844,joy,-0.0,-0.0,1.0,-0.0,-0.0,1.0,0.0,0.0,0,0,0,0,0,0,0,0,0,0,0
2025/05/07 10:35:35.982378132,1746606935,982106005,joy,-0.0,-0.0,1.0,-0.0,-0.0,1.0,0.0,0.0,0,0,0,0,0,0,0,0,0,0,0
2025/05/07 10:35:36.32848991,1746606936,32290111,joy,-0.0,-0.0,1.0,-0.0,-0.0,1.0,0.0,0.0,0,0,0,0,0,0,0,0,0,0,0
2025/05/07 10:35:36.83220224,1746606936,82304836,joy,-0.0,-0.0,1.0,-0.0,-0.0,1.0,0.0,0.0,0,0,0,0,0,0,0,0,0,0,0
2025/05/07 10:35:36.182510282,1746606936,182225099,joy,-0.0,-0.0,1.0,-0.0,-0.0,1.0,0.0,0.0,0,0,0,0,0,0,0,0,0,0,0
2025/05/07 10:35:36.283309460,1746606936,282596733,joy,-0.0,-0.0,1.0,-0.0,-0.0,1.0,0.0,0.0,0,0,0,0,0,0,0,0,0,0,0
2025/05/07 10:35:36.333239085,1746606936,332905015,joy,-0.0,-0.0,1.0,-0.0,-0.0,1.0,0.0,0.0,0,0,0,0,0,0,0,0,0,0,0
2025/05/07 10:35:36.386007243,1746606936,383182086,joy,-0.0,-0.0,1.0,-0.0,-0.0,1.0,0.0,0.0,0,0,0,0,0,0,0,0,0,0,0
2025/05/07 10:35:36.438552120,1746606936,437956009,joy,-0.0,-0.0,1.0,-0.0,-0.0,1.0,0.0,0.0,0,0,0,0,0,0,0,0,0,0,0
2025/05/07 10:35:36.489517342,1746606936,488532002,joy,-0.0,-0.0,1.0,-0.0,-0.0,1.0,0.0,0.0,0,0,0,0,0,0,0,0,0,0,0
2025/05/07 10:35:36.539160127,1746606936,538939090,joy,-0.0,-0.0,1.0,-0.0,-0.0,1.0,0.0,0.0,0,0,0,0,0,0,0,0,0,0,0
2025/05/07 10:35:36.591862377,1746606936,589814496,joy,-0.0,-0.0,1.0,-0.0,-0.0,1.0,0.0,0.0,0,0,0,0,0,0,0,0,0,0,0
2025/05/07 10:35:36.689566550,1746606936,689285380,joy,-0.0,-0.0,1.0,-0.0,-0.0,1.0,0.0,0.0,0,0,0,0,0,0,0,0,0,0,0
2025/05/07 10:35:36.739815076,1746606936,739462979,joy,-0.0,-0.0,1.0,-0.0,-0.0,1.0,0.0,0.0,0,0,0,0,0,0,0,0,0,0,0
2025/05/07 10:35:36.840030294,1746606936,839527237,joy,-0.0,-0.0,1.0,-0.0,-0.0,1.0,0.0,0.0,0,0,0,0,0,0,0,0,0,0,0
2025/05/07 10:35:36.890386977,1746606936,889813363,joy,-0.0,-0.0,1.0,-0.0,-0.0,1.0,0.0,0.0,0,0,0,0,0,0,0,0,0,0,0
2025/05/07 10:35:36.942166520,1746606936,940804149,joy,-0.0,-0.0,1.0,-0.0,-0.0,1.0,0.0,0.0,0,0,0,0,0,0,0,0,0,0,0
2025/05/07 10:35:36.993605339,1746606936,993094595,joy,-0.0,-0.0,1.0,-0.0,-0.0,1.0,0.0,0.0,0,0,0,0,0,0,0,0,0,0,0
2025/05/07 10:35:37.43561649,1746606937,43166561,joy,-0.0,-0.0,1.0,-0.0,-0.0,1.0,0.0,0.0,0,0,0,0,0,0,0,0,0,0,0
2025/05/07 10:35:37.100980708,1746606937,100599617,joy,-0.0,-0.0,1.0,-0.0,-0.0,1.0,0.0,0.0,0,0,0,0,0,0,0,0,0,0,0
2025/05/07 10:35:37.200629844,1746606937,200224930,joy,-0.0,-0.0,1.0,-0.0,-0.0,1.0,0.0,0.0,0,0,0,0,0,0,0,0,0,0,0
2025/05/07 10:35:37.251897052,1746606937,251073806,joy,-0.0,-0.0,1.0,-0.0,-0.0,1.0,0.0,0.0,0,0,0,0,0,0,0,0,0,0,0
2025/05/07 10:35:37.302331323,1746606937,301715541,joy,-0.0,-0.0,1.0,-0.0,-0.0,1.0,0.0,0.0,0,0,0,0,0,0,0,0,0,0,0
2025/05/07 10:35:37.403026098,1746606937,402240629,joy,-0.0,-0.0,1.0,-0.0,-0.0,1.0,0.0,0.0,0,0,0,0,0,0,0,0,0,0,0
2025/05/07 10:35:37.453615204,1746606937,453247477,joy,-0.0,-0.0,1.0,-0.0,-0.0,1.0,0.0,0.0,0,0,0,0,0,0,0,0,0,0,0
2025/05/07 10:35:37.508356105,1746606937,506119674,joy,-0.0,-0.0,1.0,-0.0,-0.0,1.0,0.0,0.0,0,0,0,0,0,0,0,0,0,0,0
2025/05/07 10:35:37.557018939,1746606937,556669932,joy,-0.0,-0.0,1.0,-0.0,-0.0,1.0,0.0,0.0,0,0,0,0,0,0,0,0,0,0,0
2025/05/07 10:35:37.656507288,1746606937,656192658,joy,-0.0,-0.0,1.0,-0.0,-0.0,1.0,0.0,0.0,0,0,0,0,0,0,0,0,0,0,0
2025/05/07 10:35:37.707143019,1746606937,706694845,joy,-0.0,-0.0,1.0,-0.0,-0.0,1.0,0.0,0.0,0,0,0,0,0,0,0,0,0,0,0
2025/05/07 10:35:37.807201019,1746606937,806935899,joy,-0.0,-0.0,1.0,-0.0,-0.0,1.0,0.0,0.0,0,0,0,0,0,0,0,0,0,0,0
2025/05/07 10:35:37.858114055,1746606937,857571312,joy,-0.0,-0.0,1.0,-0.0,-0.0,1.0,0.0,0.0,0,0,0,0,0,0,0,0,0,0,0
2025/05/07 10:35:37.909267015,1746606937,908993125,joy,-0.0,-0.0,1.0,-0.0,-0.0,1.0,0.0,0.0,0,0,0,0,0,0,0,0,0,0,0
2025/05/07 10:35:37.960694664,1746606937,959298253,joy,-0.0,-0.0,1.0,-0.0,-0.0,1.0,0.0,0.0,0,0,0,0,0,0,0,0,0,0,0
2025/05/07 10:35:38.59536307,1746606938,58237698,joy,-0.0,-0.0,1.0,-0.0,-0.0,1.0,0.0,0.0,0,0,0,0,0,0,0,0,0,0,0
2025/05/07 10:35:38.110374520,1746606938,110079673,joy,-0.0,-0.0,1.0,-0.0,-0.0,1.0,0.0,0.0,0,0,0,0,0,0,0,0,0,0,0
2025/05/07 10:35:38.161205319,1746606938,160836598,joy,-0.0,-0.0,1.0,-0.0,-0.0,1.0,0.0,0.0,0,0,0,0,0,0,0,0,0,0,0
2025/05/07 10:35:38.260728873,1746606938,260423162,joy,-0.0,-0.0,1.0,-0.0,-0.0,1.0,0.0,0.0,0,0,0,0,0,0,0,0,0,0,0
2025/05/07 10:35:38.310952862,1746606938,310646714,joy,-0.0,-0.0,1.0,-0.0,-0.0,1.0,0.0,0.0,0,0,0,0,0,0,0,0,0,0,0
2025/05/07 10:35:38.361588628,1746606938,360852126,joy,-0.0,-0.0,1.0,-0.0,-0.0,1.0,0.0,0.0,0,0,0,0,0,0,0,0,0,0,0
2025/05/07 10:35:38.415669318,1746606938,415128451,joy,-0.0,-0.0,1.0,-0.0,-0.0,1.0,0.0,0.0,0,0,0,0,0,0,0,0,0,0,0
2025/05/07 10:35:38.466022000,1746606938,465616298,joy,-0.0,-0.0,1.0,-0.0,-0.0,1.0,0.0,0.0,0,0,0,0,0,0,0,0,0,0,0
2025/05/07 10:35:38.515966949,1746606938,515633996,joy,-0.0,-0.0,1.0,-0.0,-0.0,1.0,0.0,0.0,0,0,0,0,0,0,0,0,0,0,0
2025/05/07 10:35:38.566482048,1746606938,566048106,joy,-0.0,-0.0,1.0,-0.0,-0.0,1.0,0.0,0.0,0,0,0,0,0,0,0,0,0,0,0
2025/05/07 10:35:38.617374203,1746606938,617046586,joy,-0.0,-0.0,1.0,-0.0,-0.0,1.0,0.0,0.0,0,0,0,0,0,0,0,0,0,0,0
2025/05/07 10:35:38.667605982,1746606938,667370147,joy,-0.0,-0.0,1.0,-0.0,-0.0,1.0,0.0,0.0,0,0,0,0,0,0,0,0,0,0,0
2025/05/07 10:35:38.718996700,1746606938,718308365,joy,-0.0,-0.0,1.0,-0.0,-0.0,1.0,0.0,0.0,0,0,0,0,0,0,0,0,0,0,0
2025/05/07 10:35:38.818605045,1746606938,818306755,joy,-0.0,-0.0,1.0,-0.0,-0.0,1.0,0.0,0.0,0,0,0,0,0,0,0,0,0,0,0
2025/05/07 10:35:38.868834199,1746606938,868639734,joy,-0.0,-0.0,1.0,-0.0,-0.0,1.0,0.0,0.0,0,0,0,0,0,0,0,0,0,0,0
2025/05/07 10:35:38.920966947,1746606938,919824913,joy,-0.0,-0.0,1.0,-0.0,-0.0,1.0,0.0,0.0,0,0,0,0,0,0,0,0,0,0,0
2025/05/07 10:35:39.19494552,1746606939,19042423,joy,-0.0,-0.0,1.0,-0.0,-0.0,1.0,0.0,0.0,0,0,0,0,0,0,0,0,0,0,0
2025/05/07 10:35:39.119172054,1746606939,118950446,joy,-0.0,-0.0,1.0,-0.0,-0.0,1.0,0.0,0.0,0,0,0,0,0,0,0,0,0,0,0
2025/05/07 10:35:39.169594789,1746606939,169285114,joy,-0.0,-0.0,1.0,-0.0,-0.0,1.0,0.0,0.0,0,0,0,0,0,0,0,0,0,0,0
2025/05/07 10:35:39.220272559,1746606939,219927709,joy,-0.0,-0.0,1.0,-0.0,-0.0,1.0,0.0,0.0,0,0,0,0,0,0,0,0,0,0,0
2025/05/07 10:35:39.270456500,1746606939,270156291,joy,-0.0,-0.0,1.0,-0.0,-0.0,1.0,0.0,0.0,0,0,0,0,0,0,0,0,0,0,0
2025/05/07 10:35:39.370933085,1746606939,370553454,joy,-0.0,-0.0,1.0,-0.0,-0.0,1.0,0.0,0.0,0,0,0,0,0,0,0,0,0,0,0
2025/05/07 10:35:39.470662577,1746606939,470084664,joy,-0.0,-0.0,1.0,-0.0,-0.0,1.0,0.0,0.0,0,0,0,0,0,0,0,0,0,0,0
2025/05/07 10:35:39.521073733,1746606939,520887119,joy,-0.0,-0.0,1.0,-0.0,-0.0,1.0,0.0,0.0,0,0,0,0,0,0,0,0,0,0,0
2025/05/07 10:35:39.573510315,1746606939,572358572,joy,-0.0,-0.0,1.0,-0.0,-0.0,1.0,0.0,0.0,0,0,0,0,0,0,0,0,0,0,0
2025/05/07 10:35:39.673835629,1746606939,672028571,joy,-0.0,-0.0,1.0,-0.0,-0.0,1.0,0.0,0.0,0,0,0,0,0,0,0,0,0,0,0
2025/05/07 10:35:39.722552933,1746606939,722183803,joy,-0.0,-0.0,1.0,-0.0,-0.0,1.0,0.0,0.0,0,0,0,0,0,0,0,0,0,0,0
2025/05/07 10:35:39.772931884,1746606939,772667493,joy,-0.0,-0.0,1.0,-0.0,-0.0,1.0,0.0,0.0,0,0,0,0,0,0,0,0,0,0,0
2025/05/07 10:35:39.874178721,1746606939,872861592,joy,-0.0,-0.0,1.0,-0.0,-0.0,1.0,0.0,0.0,0,0,0,0,0,0,0,0,0,0,0
2025/05/07 10:35:39.955200538,1746606939,923599938,joy,-0.0,-0.0,1.0,-0.0,-0.0,1.0,0.0,0.0,0,0,0,0,0,0,0,0,0,0,0
2025/05/07 10:35:40.24492434,1746606940,24059575,joy,-0.0,-0.0,1.0,-0.0,-0.0,1.0,0.0,0.0,0,0,0,0,0,0,0,0,0,0,0
2025/05/07 10:35:40.124691829,1746606940,123766564,joy,-0.0,-0.0,1.0,-0.0,-0.0,1.0,0.0,0.0,0,0,0,0,0,0,0,0,0,0,0
2025/05/07 10:35:40.224158267,1746606940,223616860,joy,-0.0,-0.0,1.0,-0.0,-0.0,1.0,0.0,0.0,0,0,0,0,0,0,0,0,0,0,0
2025/05/07 10:35:40.323610189,1746606940,323297486,joy,-0.0,-0.0,1.0,-0.0,-0.0,1.0,0.0,0.0,0,0,0,0,0,0,0,0,0,0,0
2025/05/07 10:35:40.373951982,1746606940,373414056,joy,-0.0,-0.0,1.0,-0.0,-0.0,1.0,0.0,0.0,0,0,0,0,0,0,0,0,0,0,0
2025/05/07 10:35:40.425225215,1746606940,423421876,joy,-0.0,-0.0,1.0,-0.0,-0.0,1.0,0.0,0.0,0,0,0,0,0,0,0,0,0,0,0
2025/05/07 10:35:40.474000809,1746606940,473691265,joy,-0.0,-0.0,1.0,-0.0,-0.0,1.0,0.0,0.0,0,0,0,0,0,0,0,0,0,0,0
2025/05/07 10:35:40.524817282,1746606940,524430367,joy,-0.0,-0.0,1.0,-0.0,-0.0,1.0,0.0,0.0,0,0,0,0,0,0,0,0,0,0,0
2025/05/07 10:35:40.575365953,1746606940,574795239,joy,-0.0,-0.0,1.0,-0.0,-0.0,1.0,0.0,0.0,0,0,0,0,0,0,0,0,0,0,0
2025/05/07 10:35:40.674962057,1746606940,674665735,joy,-0.0,-0.0,1.0,-0.0,-0.0,1.0,0.0,0.0,0,0,0,0,0,0,0,0,0,0,0
2025/05/07 10:35:40.725174096,1746606940,724801564,joy,-0.0,-0.0,1.0,-0.0,-0.0,1.0,0.0,0.0,0,0,0,0,0,0,0,0,0,0,0
2025/05/07 10:35:40.828488610,1746606940,827141426,joy,-0.0,-0.0,1.0,-0.0,-0.0,1.0,0.0,0.0,0,0,0,0,0,0,0,0,0,0,0
2025/05/07 10:35:40.877941260,1746606940,877573651,joy,-0.0,-0.0,1.0,-0.0,-0.0,1.0,0.0,0.0,0,0,0,0,0,0,0,0,0,0,0
2025/05/07 10:35:40.929505621,1746606940,928600643,joy,-0.0,-0.0,1.0,-0.0,-0.0,1.0,0.0,0.0,0,0,0,0,0,0,0,0,0,0,0
2025/05/07 10:35:40.979197898,1746606940,978947661,joy,-0.0,-0.0,1.0,-0.0,-0.0,1.0,0.0,0.0,0,0,0,0,0,0,0,0,0,0,0
2025/05/07 10:35:41.29530267,1746606941,29094652,joy,-0.0,-0.0,1.0,-0.0,-0.0,1.0,0.0,0.0,0,0,0,0,0,0,0,0,0,0,0
2025/05/07 10:35:41.129210453,1746606941,128862889,joy,-0.0,-0.0,1.0,-0.0,-0.0,1.0,0.0,0.0,0,0,0,0,0,0,0,0,0,0,0
2025/05/07 10:35:41.180237174,1746606941,179967279,joy,-0.0,-0.0,1.0,-0.0,-0.0,1.0,0.0,0.0,0,0,0,0,0,0,0,0,0,0,0
2025/05/07 10:35:41.231476689,1746606941,230438817,joy,-0.0,-0.0,1.0,-0.0,-0.0,1.0,0.0,0.0,0,0,0,0,0,0,0,0,0,0,0
2025/05/07 10:35:41.285443158,1746606941,281966969,joy,-0.0,-0.0,1.0,-0.0,-0.0,1.0,0.0,0.0,0,0,0,0,0,0,0,0,0,0,0
2025/05/07 10:35:41.333379510,1746606941,332994396,joy,-0.0,-0.0,1.0,-0.0,-0.0,1.0,0.0,0.0,0,0,0,0,0,0,0,0,0,0,0
2025/05/07 10:35:41.383733512,1746606941,383242914,joy,-0.0,-0.0,1.0,-0.0,-0.0,1.0,0.0,0.0,0,0,0,0,0,0,0,0,0,0,0
2025/05/07 10:35:41.435893942,1746606941,434710022,joy,-0.0,-0.0,1.0,-0.0,-0.0,1.0,0.0,0.0,0,0,0,0,0,0,0,0,0,0,0
2025/05/07 10:35:41.535385109,1746606941,534637199,joy,-0.0,-0.0,1.0,-0.0,-0.0,1.0,0.0,0.0,0,0,0,0,0,0,0,0,0,0,0
2025/05/07 10:35:41.585645749,1746606941,584721539,joy,-0.0,-0.0,1.0,-0.0,-0.0,1.0,0.0,0.0,0,0,0,0,0,0,0,0,0,0,0
2025/05/07 10:35:41.635256944,1746606941,634900229,joy,-0.0,-0.0,1.0,-0.0,-0.0,1.0,0.0,0.0,0,0,0,0,0,0,0,0,0,0,0
2025/05/07 10:35:41.735473477,1746606941,734813463,joy,-0.0,-0.0,1.0,-0.0,-0.0,1.0,0.0,0.0,0,0,0,0,0,0,0,0,0,0,0
2025/05/07 10:35:41.786101220,1746606941,785631905,joy,-0.0,-0.0,1.0,-0.0,-0.0,1.0,0.0,0.0,0,0,0,0,0,0,0,0,0,0,0
2025/05/07 10:35:41.886281629,1746606941,885838537,joy,-0.0,-0.0,1.0,-0.0,-0.0,1.0,0.0,0.0,0,0,0,0,0,0,0,0,0,0,0
2025/05/07 10:35:41.939616683,1746606941,939226875,joy,-0.0,-0.0,1.0,-0.0,-0.0,1.0,0.0,0.0,0,0,0,0,0,0,0,0,0,0,0
2025/05/07 10:35:42.39515738,1746606942,39226374,joy,-0.0,-0.0,1.0,-0.0,-0.0,1.0,0.0,0.0,0,0,0,0,0,0,0,0,0,0,0
2025/05/07 10:35:42.140361563,1746606942,140078167,joy,-0.0,-0.0,1.0,-0.0,-0.0,1.0,0.0,0.0,0,0,0,0,0,0,0,0,0,0,0
2025/05/07 10:35:42.191205153,1746606942,190844414,joy,-0.0,-0.0,1.0,-0.0,-0.0,1.0,0.0,0.0,0,0,0,0,0,0,0,0,0,0,0
2025/05/07 10:35:42.290381149,1746606942,290023638,joy,-0.0,-0.0,1.0,-0.0,-0.0,1.0,0.0,0.0,0,0,0,0,0,0,0,0,0,0,0
2025/05/07 10:35:42.341176344,1746606942,340906975,joy,-0.0,-0.0,1.0,-0.0,-0.0,1.0,0.0,0.0,0,0,0,0,0,0,0,0,0,0,0
2025/05/07 10:35:42.441058221,1746606942,440513142,joy,-0.0,-0.0,1.0,-0.0,-0.0,1.0,0.0,0.0,0,0,0,0,0,0,0,0,0,0,0
2025/05/07 10:35:42.541494997,1746606942,540729987,joy,-0.0,-0.0,1.0,-0.0,-0.0,1.0,0.0,0.0,0,0,0,0,0,0,0,0,0,0,0
2025/05/07 10:35:42.593234132,1746606942,591815500,joy,-0.0,-0.0,1.0,-0.0,-0.0,1.0,0.0,0.0,0,0,0,0,0,0,0,0,0,0,0
2025/05/07 10:35:42.643277924,1746606942,642362204,joy,-0.0,-0.0,1.0,-0.0,-0.0,1.0,0.0,0.0,0,0,0,0,0,0,0,0,0,0,0
2025/05/07 10:35:42.693481433,1746606942,692866215,joy,-0.0,-0.0,1.0,-0.0,-0.0,1.0,0.0,0.0,0,0,0,0,0,0,0,0,0,0,0
2025/05/07 10:35:42.792831166,1746606942,792119010,joy,-0.0,-0.0,1.0,-0.0,-0.0,1.0,0.0,0.0,0,0,0,0,0,0,0,0,0,0,0
2025/05/07 10:35:42.894273618,1746606942,893662686,joy,-0.0,-0.0,1.0,-0.0,-0.0,1.0,0.0,0.0,0,0,0,0,0,0,0,0,0,0,0
2025/05/07 10:35:42.947149880,1746606942,946069440,joy,-0.0,-0.0,1.0,-0.0,-0.0,1.0,0.0,0.0,0,0,0,0,0,0,0,0,0,0,0
2025/05/07 10:35:42.998587543,1746606942,998325525,joy,-0.0,-0.0,1.0,-0.0,-0.0,1.0,0.0,0.0,0,0,0,0,0,0,0,0,0,0,0
2025/05/07 10:35:43.49292069,1746606943,49018148,joy,-0.0,-0.0,1.0,-0.0,-0.0,1.0,0.0,0.0,0,0,0,0,0,0,0,0,0,0,0
2025/05/07 10:35:43.101382298,1746606943,99718878,joy,-0.0,-0.0,1.0,-0.0,-0.0,1.0,0.0,0.0,0,0,0,0,0,0,0,0,0,0,0
2025/05/07 10:35:43.151231181,1746606943,150351831,joy,-0.0,-0.0,1.0,-0.0,-0.0,1.0,0.0,0.0,0,0,0,0,0,0,0,0,0,0,0
2025/05/07 10:35:43.200792654,1746606943,200514167,joy,-0.0,-0.0,1.0,-0.0,-0.0,1.0,0.0,0.0,0,0,0,0,0,0,0,0,0,0,0
2025/05/07 10:35:43.250978347,1746606943,250632654,joy,-0.0,-0.0,1.0,-0.0,-0.0,1.0,0.0,0.0,0,0,0,0,0,0,0,0,0,0,0
2025/05/07 10:35:43.350798041,1746606943,350522229,joy,-0.0,-0.0,1.0,-0.0,-0.0,1.0,0.0,0.0,0,0,0,0,0,0,0,0,0,0,0
2025/05/07 10:35:43.450793983,1746606943,450162092,joy,-0.0,-0.0,1.0,-0.0,-0.0,1.0,0.0,0.0,0,0,0,0,0,0,0,0,0,0,0
2025/05/07 10:35:43.500993774,1746606943,500553045,joy,-0.0,-0.0,1.0,-0.0,-0.0,1.0,0.0,0.0,0,0,0,0,0,0,0,0,0,0,0
2025/05/07 10:35:43.603871234,1746606943,601299880,joy,-0.0,-0.0,1.0,-0.0,-0.0,1.0,0.0,0.0,0,0,0,0,0,0,0,0,0,0,0
2025/05/07 10:35:43.652234044,1746606943,651673513,joy,-0.0,-0.0,1.0,-0.0,-0.0,1.0,0.0,0.0,0,0,0,0,0,0,0,0,0,0,0
2025/05/07 10:35:43.752576233,1746606943,751796208,joy,-0.0,-0.0,1.0,-0.0,-0.0,1.0,0.0,0.0,0,0,0,0,0,0,0,0,0,0,0
2025/05/07 10:35:43.851827607,1746606943,851501516,joy,-0.0,-0.0,1.0,-0.0,-0.0,1.0,0.0,0.0,0,0,0,0,0,0,0,0,0,0,0
2025/05/07 10:35:43.903311162,1746606943,902631585,joy,-0.0,-0.0,1.0,-0.0,-0.0,1.0,0.0,0.0,0,0,0,0,0,0,0,0,0,0,0
2025/05/07 10:35:44.2485086,1746606944,2171147,joy,-0.0,-0.0,1.0,-0.0,-0.0,1.0,0.0,0.0,0,0,0,0,0,0,0,0,0,0,0
2025/05/07 10:35:44.102417867,1746606944,101237554,joy,-0.0,-0.0,1.0,-0.0,-0.0,1.0,0.0,0.0,0,0,0,0,0,0,0,0,0,0,0
2025/05/07 10:35:44.203210002,1746606944,201294218,joy,-0.0,-0.0,1.0,-0.0,-0.0,1.0,0.0,0.0,0,0,0,0,0,0,0,0,0,0,0
2025/05/07 10:35:44.301728161,1746606944,301523463,joy,-0.0,-0.0,1.0,-0.0,-0.0,1.0,0.0,0.0,0,0,0,0,0,0,0,0,0,0,0
2025/05/07 10:35:44.401493429,1746606944,401255381,joy,-0.0,-0.0,1.0,-0.0,-0.0,1.0,0.0,0.0,0,0,0,0,0,0,0,0,0,0,0
2025/05/07 10:35:44.501476196,1746606944,501286467,joy,-0.0,-0.0,1.0,-0.0,-0.0,1.0,0.0,0.0,0,0,0,0,0,0,0,0,0,0,0
2025/05/07 10:35:44.601525423,1746606944,601115020,joy,-0.0,-0.0,1.0,-0.0,-0.0,1.0,0.0,0.0,0,0,0,0,0,0,0,0,0,0,0
2025/05/07 10:35:44.653881662,1746606944,653353778,joy,-0.0,-0.0,1.0,-0.0,-0.0,1.0,0.0,0.0,0,0,0,0,0,0,0,0,0,0,0
2025/05/07 10:35:44.704531973,1746606944,704385991,joy,-0.0,-0.0,1.0,-0.0,-0.0,1.0,0.0,0.0,0,0,0,0,0,0,0,0,0,0,0
2025/05/07 10:35:44.755128935,1746606944,754762877,joy,-0.0,-0.0,1.0,-0.0,-0.0,1.0,0.0,0.0,0,0,0,0,0,0,0,0,0,0,0
2025/05/07 10:35:44.855320860,1746606944,854975150,joy,-0.0,-0.0,1.0,-0.0,-0.0,1.0,0.0,0.0,0,0,0,0,0,0,0,0,0,0,0
2025/05/07 10:35:44.906615011,1746606944,906279110,joy,-0.0,-0.0,1.0,-0.0,-0.0,1.0,0.0,0.0,0,0,0,0,0,0,0,0,0,0,0
2025/05/07 10:35:44.957633938,1746606944,957264411,joy,-0.0,-0.0,1.0,-0.0,-0.0,1.0,0.0,0.0,0,0,0,0,0,0,0,0,0,0,0
2025/05/07 10:35:45.57526659,1746606945,56703831,joy,-0.0,-0.0,1.0,-0.0,-0.0,1.0,0.0,0.0,0,0,0,0,0,0,0,0,0,0,0
2025/05/07 10:35:45.156240425,1746606945,156040740,joy,-0.0,-0.0,1.0,-0.0,-0.0,1.0,0.0,0.0,0,0,0,0,0,0,0,0,0,0,0
2025/05/07 10:35:45.206743360,1746606945,206329763,joy,-0.0,-0.0,1.0,-0.0,-0.0,1.0,0.0,0.0,0,0,0,0,0,0,0,0,0,0,0
2025/05/07 10:35:45.257845314,1746606945,256885550,joy,-0.0,-0.0,1.0,-0.0,-0.0,1.0,0.0,0.0,0,0,0,0,0,0,0,0,0,0,0
2025/05/07 10:35:45.307452219,1746606945,307193256,joy,-0.0,-0.0,1.0,-0.0,-0.0,1.0,0.0,0.0,0,0,0,0,0,0,0,0,0,0,0
2025/05/07 10:35:45.359204878,1746606945,358277890,joy,-0.0,-0.0,1.0,-0.0,-0.0,1.0,0.0,0.0,0,0,0,0,0,0,0,0,0,0,0
2025/05/07 10:35:45.459208573,1746606945,458378111,joy,-0.0,-0.0,1.0,-0.0,-0.0,1.0,0.0,0.0,0,0,0,0,0,0,0,0,0,0,0
2025/05/07 10:35:45.512563756,1746606945,508908127,joy,-0.0,-0.0,1.0,-0.0,-0.0,1.0,0.0,0.0,0,0,0,0,0,0,0,0,0,0,0
2025/05/07 10:35:45.559608483,1746606945,559209702,joy,-0.0,-0.0,1.0,-0.0,-0.0,1.0,0.0,0.0,0,0,0,0,0,0,0,0,0,0,0
2025/05/07 10:35:45.609899390,1746606945,609540922,joy,-0.0,-0.0,1.0,-0.0,-0.0,1.0,0.0,0.0,0,0,0,0,0,0,0,0,0,0,0
2025/05/07 10:35:45.660109803,1746606945,659823946,joy,-0.0,-0.0,1.0,-0.0,-0.0,1.0,0.0,0.0,0,0,0,0,0,0,0,0,0,0,0
2025/05/07 10:35:45.763431228,1746606945,761482747,joy,-0.0,-0.0,1.0,-0.0,-0.0,1.0,0.0,0.0,0,0,0,0,0,0,0,0,0,0,0
2025/05/07 10:35:45.813320447,1746606945,811518638,joy,-0.0,-0.0,1.0,-0.0,-0.0,1.0,0.0,0.0,0,0,0,0,0,0,0,0,0,0,0
2025/05/07 10:35:45.863180402,1746606945,862394432,joy,-0.0,-0.0,1.0,-0.0,-0.0,1.0,0.0,0.0,0,0,0,0,0,0,0,0,0,0,0
2025/05/07 10:35:45.913370790,1746606945,913032909,joy,-0.0,-0.0,1.0,-0.0,-0.0,1.0,0.0,0.0,0,0,0,0,0,0,0,0,0,0,0
2025/05/07 10:35:45.965599145,1746606945,963462866,joy,-0.0,-0.0,1.0,-0.0,-0.0,1.0,0.0,0.0,0,0,0,0,0,0,0,0,0,0,0
2025/05/07 10:35:46.62657746,1746606946,62373559,joy,-0.0,-0.0,1.0,-0.0,-0.0,1.0,0.0,0.0,0,0,0,0,0,0,0,0,0,0,0
2025/05/07 10:35:46.162991910,1746606946,162728973,joy,-0.0,-0.0,1.0,-0.0,-0.0,1.0,0.0,0.0,0,0,0,0,0,0,0,0,0,0,0
2025/05/07 10:35:46.213319855,1746606946,212912843,joy,-0.0,-0.0,1.0,-0.0,-0.0,1.0,0.0,0.0,0,0,0,0,0,0,0,0,0,0,0
2025/05/07 10:35:46.312916987,1746606946,312502542,joy,-0.0,-0.0,1.0,-0.0,-0.0,1.0,0.0,0.0,0,0,0,0,0,0,0,0,0,0,0
2025/05/07 10:35:46.363200019,1746606946,362887941,joy,-0.0,-0.0,1.0,-0.0,-0.0,1.0,0.0,0.0,0,0,0,0,0,0,0,0,0,0,0
2025/05/07 10:35:46.465009651,1746606946,462788473,joy,-0.0,-0.0,1.0,-0.0,-0.0,1.0,0.0,0.0,0,0,0,0,0,0,0,0,0,0,0
2025/05/07 10:35:46.513407248,1746606946,513085618,joy,-0.0,-0.0,1.0,-0.0,-0.0,1.0,0.0,0.0,0,0,0,0,0,0,0,0,0,0,0
2025/05/07 10:35:46.614289324,1746606946,613938725,joy,-0.0,-0.0,1.0,-0.0,-0.0,1.0,0.0,0.0,0,0,0,0,0,0,0,0,0,0,0
2025/05/07 10:35:46.713635073,1746606946,713326032,joy,-0.0,-0.0,1.0,-0.0,-0.0,1.0,0.0,0.0,0,0,0,0,0,0,0,0,0,0,0
2025/05/07 10:35:46.763983024,1746606946,763637186,joy,-0.0,-0.0,1.0,-0.0,-0.0,1.0,0.0,0.0,0,0,0,0,0,0,0,0,0,0,0
2025/05/07 10:35:46.814526267,1746606946,813646194,joy,-0.0,-0.0,1.0,-0.0,-0.0,1.0,0.0,0.0,0,0,0,0,0,0,0,0,0,0,0
2025/05/07 10:35:46.915285505,1746606946,914188545,joy,-0.0,-0.0,1.0,-0.0,-0.0,1.0,0.0,0.0,0,0,0,0,0,0,0,0,0,0,0
2025/05/07 10:35:46.965090775,1746606946,964533723,joy,-0.0,-0.0,1.0,-0.0,-0.0,1.0,0.0,0.0,0,0,0,0,0,0,0,0,0,0,0
2025/05/07 10:35:47.15421998,1746606947,14878555,joy,-0.0,-0.0,1.0,-0.0,-0.0,1.0,0.0,0.0,0,0,0,0,0,0,0,0,0,0,0
2025/05/07 10:35:47.114143118,1746606947,113812000,joy,-0.0,-0.0,1.0,-0.0,-0.0,1.0,0.0,0.0,0,0,0,0,0,0,0,0,0,0,0
2025/05/07 10:35:47.165123042,1746606947,164598874,joy,-0.0,-0.0,1.0,-0.0,-0.0,1.0,0.0,0.0,0,0,0,0,0,0,0,0,0,0,0
2025/05/07 10:35:47.265172582,1746606947,264839347,joy,-0.0,-0.0,1.0,-0.0,-0.0,1.0,0.0,0.0,0,0,0,0,0,0,0,0,0,0,0
2025/05/07 10:35:47.365402465,1746606947,365094096,joy,-0.0,-0.0,1.0,-0.0,-0.0,1.0,0.0,0.0,0,0,0,0,0,0,0,0,0,0,0
2025/05/07 10:35:47.418538113,1746606947,417923342,joy,-0.0,-0.0,1.0,-0.0,-0.0,1.0,0.0,0.0,0,0,0,0,0,0,0,0,0,0,0
2025/05/07 10:35:47.482374006,1746606947,468433243,joy,-0.0,-0.0,1.0,-0.0,-0.0,1.0,0.0,0.0,0,0,0,0,0,0,0,0,0,0,0
2025/05/07 10:35:47.568876395,1746606947,568519974,joy,-0.0,-0.0,1.0,-0.0,-0.0,1.0,0.0,0.0,0,0,0,0,0,0,0,0,0,0,0
2025/05/07 10:35:47.668710067,1746606947,668426574,joy,-0.0,-0.0,1.0,-0.0,-0.0,1.0,0.0,0.0,0,0,0,0,0,0,0,0,0,0,0
2025/05/07 10:35:47.769226114,1746606947,768851731,joy,-0.0,-0.0,1.0,-0.0,-0.0,1.0,0.0,0.0,0,0,0,0,0,0,0,0,0,0,0
2025/05/07 10:35:47.869752715,1746606947,868534198,joy,-0.0,-0.0,1.0,-0.0,-0.0,1.0,0.0,0.0,0,0,0,0,0,0,0,0,0,0,0
2025/05/07 10:35:47.919963533,1746606947,919670822,joy,-0.0,-0.0,1.0,-0.0,-0.0,1.0,0.0,0.0,0,0,0,0,0,0,0,0,0,0,0
2025/05/07 10:35:48.20126196,1746606948,19724786,joy,-0.0,-0.0,1.0,-0.0,-0.0,1.0,0.0,0.0,0,0,0,0,0,0,0,0,0,0,0
2025/05/07 10:35:48.119707632,1746606948,118339112,joy,-0.0,-0.0,1.0,-0.0,-0.0,1.0,0.0,0.0,0,0,0,0,0,0,0,0,0,0,0
2025/05/07 10:35:48.168759652,1746606948,168434780,joy,-0.0,-0.0,1.0,-0.0,-0.0,1.0,0.0,0.0,0,0,0,0,0,0,0,0,0,0,0
2025/05/07 10:35:48.218958121,1746606948,218730089,joy,-0.0,-0.0,1.0,-0.0,-0.0,1.0,0.0,0.0,0,0,0,0,0,0,0,0,0,0,0
2025/05/07 10:35:48.319219763,1746606948,318951921,joy,-0.0,-0.0,1.0,-0.0,-0.0,1.0,0.0,0.0,0,0,0,0,0,0,0,0,0,0,0
2025/05/07 10:35:48.422935703,1746606948,420273228,joy,-0.0,-0.0,1.0,-0.0,-0.0,1.0,0.0,0.0,0,0,0,0,0,0,0,0,0,0,0
2025/05/07 10:35:48.471110270,1746606948,470827902,joy,-0.0,-0.0,1.0,-0.0,-0.0,1.0,0.0,0.0,0,0,0,0,0,0,0,0,0,0,0
2025/05/07 10:35:48.571476733,1746606948,570055985,joy,-0.0,-0.0,1.0,-0.0,-0.0,1.0,0.0,0.0,0,0,0,0,0,0,0,0,0,0,0
2025/05/07 10:35:48.620698217,1746606948,620475046,joy,-0.0,-0.0,1.0,-0.0,-0.0,1.0,0.0,0.0,0,0,0,0,0,0,0,0,0,0,0
2025/05/07 10:35:48.671060357,1746606948,670700906,joy,-0.0,-0.0,1.0,-0.0,-0.0,1.0,0.0,0.0,0,0,0,0,0,0,0,0,0,0,0
2025/05/07 10:35:48.771166866,1746606948,770734040,joy,-0.0,-0.0,1.0,-0.0,-0.0,1.0,0.0,0.0,0,0,0,0,0,0,0,0,0,0,0
2025/05/07 10:35:48.871341733,1746606948,871067702,joy,-0.0,-0.0,1.0,-0.0,-0.0,1.0,0.0,0.0,0,0,0,0,0,0,0,0,0,0,0
2025/05/07 10:35:48.922955402,1746606948,922609565,joy,-0.0,-0.0,1.0,-0.0,-0.0,1.0,0.0,0.0,0,0,0,0,0,0,0,0,0,0,0
2025/05/07 10:35:49.23139220,1746606949,22939338,joy,-0.0,-0.0,1.0,-0.0,-0.0,1.0,0.0,0.0,0,0,0,0,0,0,0,0,0,0,0
2025/05/07 10:35:49.122210083,1746606949,121815187,joy,-0.0,-0.0,1.0,-0.0,-0.0,1.0,0.0,0.0,0,0,0,0,0,0,0,0,0,0,0
2025/05/07 10:35:49.173735201,1746606949,173070188,joy,-0.0,-0.0,1.0,-0.0,-0.0,1.0,0.0,0.0,0,0,0,0,0,0,0,0,0,0,0
2025/05/07 10:35:49.225085560,1746606949,223514818,joy,-0.0,-0.0,1.0,-0.0,-0.0,1.0,0.0,0.0,0,0,0,0,0,0,0,0,0,0,0
2025/05/07 10:35:49.274011493,1746606949,273555586,joy,-0.0,-0.0,1.0,-0.0,-0.0,1.0,0.0,0.0,0,0,0,0,0,0,0,0,0,0,0
2025/05/07 10:35:49.324734074,1746606949,324386004,joy,-0.0,-0.0,1.0,-0.0,-0.0,1.0,0.0,0.0,0,0,0,0,0,0,0,0,0,0,0
2025/05/07 10:35:49.426407966,1746606949,426084647,joy,-0.0,-0.0,1.0,-0.0,-0.0,1.0,0.0,0.0,0,0,0,0,0,0,0,0,0,0,0
2025/05/07 10:35:49.526555126,1746606949,526190734,joy,-0.0,-0.0,1.0,-0.0,-0.0,1.0,0.0,0.0,0,0,0,0,0,0,0,0,0,0,0
2025/05/07 10:35:49.577366341,1746606949,576678715,joy,-0.0,-0.0,1.0,-0.0,-0.0,1.0,0.0,0.0,0,0,0,0,0,0,0,0,0,0,0
2025/05/07 10:35:49.628694954,1746606949,627041484,joy,-0.0,-0.0,1.0,-0.0,-0.0,1.0,0.0,0.0,0,0,0,0,0,0,0,0,0,0,0
2025/05/07 10:35:49.678311385,1746606949,677633157,joy,-0.0,-0.0,1.0,-0.0,-0.0,1.0,0.0,0.0,0,0,0,0,0,0,0,0,0,0,0
2025/05/07 10:35:49.728361428,1746606949,727971783,joy,-0.0,-0.0,1.0,-0.0,-0.0,1.0,0.0,0.0,0,0,0,0,0,0,0,0,0,0,0
2025/05/07 10:35:49.780732664,1746606949,778976215,joy,-0.0,-0.0,1.0,-0.0,-0.0,1.0,0.0,0.0,0,0,0,0,0,0,0,0,0,0,0
2025/05/07 10:35:49.829883234,1746606949,829583629,joy,-0.0,-0.0,1.0,-0.0,-0.0,1.0,0.0,0.0,0,0,0,0,0,0,0,0,0,0,0
2025/05/07 10:35:49.930441152,1746606949,930137065,joy,-0.0,-0.0,1.0,-0.0,-0.0,1.0,0.0,0.0,0,0,0,0,0,0,0,0,0,0,0
2025/05/07 10:35:49.981483298,1746606949,981156929,joy,-0.0,-0.0,1.0,-0.0,-0.0,1.0,0.0,0.0,0,0,0,0,0,0,0,0,0,0,0
2025/05/07 10:35:50.32426047,1746606950,32077977,joy,-0.0,-0.0,1.0,-0.0,-0.0,1.0,0.0,0.0,0,0,0,0,0,0,0,0,0,0,0
2025/05/07 10:35:50.131640392,1746606950,131249759,joy,-0.0,-0.0,1.0,-0.0,-0.0,1.0,0.0,0.0,0,0,0,0,0,0,0,0,0,0,0
2025/05/07 10:35:50.181496378,1746606950,181297557,joy,-0.0,-0.0,1.0,-0.0,-0.0,1.0,0.0,0.0,0,0,0,0,0,0,0,0,0,0,0
2025/05/07 10:35:50.232827077,1746606950,232605486,joy,-0.0,-0.0,1.0,-0.0,-0.0,1.0,0.0,0.0,0,0,0,0,0,0,0,0,0,0,0
2025/05/07 10:35:50.283141915,1746606950,282731700,joy,-0.0,-0.0,1.0,-0.0,-0.0,1.0,0.0,0.0,0,0,0,0,0,0,0,0,0,0,0
2025/05/07 10:35:50.386573360,1746606950,386271921,joy,-0.0,-0.0,1.0,-0.0,-0.0,1.0,0.0,0.0,0,0,0,0,0,0,0,0,0,0,0
2025/05/07 10:35:50.436795658,1746606950,436577273,joy,-0.0,-0.0,1.0,-0.0,-0.0,1.0,0.0,0.0,0,0,0,0,0,0,0,0,0,0,0
2025/05/07 10:35:50.537150933,1746606950,536744750,joy,-0.0,-0.0,1.0,-0.0,-0.0,1.0,0.0,0.0,0,0,0,0,0,0,0,0,0,0,0
2025/05/07 10:35:50.636959112,1746606950,636586697,joy,-0.0,-0.0,1.0,-0.0,-0.0,1.0,0.0,0.0,0,0,0,0,0,0,0,0,0,0,0
2025/05/07 10:35:50.736896924,1746606950,736644288,joy,-0.0,-0.0,1.0,-0.0,-0.0,1.0,0.0,0.0,0,0,0,0,0,0,0,0,0,0,0
2025/05/07 10:35:50.787523595,1746606950,787179805,joy,-0.0,-0.0,1.0,-0.0,-0.0,1.0,0.0,0.0,0,0,0,0,0,0,0,0,0,0,0
2025/05/07 10:35:50.837827501,1746606950,837404686,joy,-0.0,-0.0,1.0,-0.0,-0.0,1.0,0.0,0.0,0,0,0,0,0,0,0,0,0,0,0
2025/05/07 10:35:50.888264876,1746606950,888025639,joy,-0.0,-0.0,1.0,-0.0,-0.0,1.0,0.0,0.0,0,0,0,0,0,0,0,0,0,0,0
2025/05/07 10:35:50.939972530,1746606950,939673635,joy,-0.0,-0.0,1.0,-0.0,-0.0,1.0,0.0,0.0,0,0,0,0,0,0,0,0,0,0,0
2025/05/07 10:35:50.990119009,1746606950,989792733,joy,-0.0,-0.0,1.0,-0.0,-0.0,1.0,0.0,0.0,0,0,0,0,0,0,0,0,0,0,0
2025/05/07 10:35:51.40349452,1746606951,40047934,joy,-0.0,-0.0,1.0,-0.0,-0.0,1.0,0.0,0.0,0,0,0,0,0,0,0,0,0,0,0
2025/05/07 10:35:51.106689581,1746606951,90096813,joy,-0.0,-0.0,1.0,-0.0,-0.0,1.0,0.0,0.0,0,0,0,0,0,0,0,0,0,0,0
2025/05/07 10:35:51.141939081,1746606951,141540994,joy,-0.0,-0.0,1.0,-0.0,-0.0,1.0,0.0,0.0,0,0,0,0,0,0,0,0,0,0,0
2025/05/07 10:35:51.241886421,1746606951,241638883,joy,-0.0,-0.0,1.0,-0.0,-0.0,1.0,0.0,0.0,0,0,0,0,0,0,0,0,0,0,0
2025/05/07 10:35:51.342318319,1746606951,342076453,joy,-0.0,-0.0,1.0,-0.0,-0.0,1.0,0.0,0.0,0,0,0,0,0,0,0,0,0,0,0
2025/05/07 10:35:51.393761926,1746606951,393095963,joy,-0.0,-0.0,1.0,-0.0,-0.0,1.0,0.0,0.0,0,0,0,0,0,0,0,0,0,0,0
2025/05/07 10:35:51.444187844,1746606951,443952221,joy,-0.0,-0.0,1.0,-0.0,-0.0,1.0,0.0,0.0,0,0,0,0,0,0,0,0,0,0,0
2025/05/07 10:35:51.544110367,1746606951,543753778,joy,-0.0,-0.0,1.0,-0.0,-0.0,1.0,0.0,0.0,0,0,0,0,0,0,0,0,0,0,0
2025/05/07 10:35:51.594753736,1746606951,593990586,joy,-0.0,-0.0,1.0,-0.0,-0.0,1.0,0.0,0.0,0,0,0,0,0,0,0,0,0,0,0
2025/05/07 10:35:51.647907440,1746606951,645095131,joy,-0.0,-0.0,1.0,-0.0,-0.0,1.0,0.0,0.0,0,0,0,0,0,0,0,0,0,0,0
2025/05/07 10:35:51.695314720,1746606951,695123787,joy,-0.0,-0.0,1.0,-0.0,-0.0,1.0,0.0,0.0,0,0,0,0,0,0,0,0,0,0,0
2025/05/07 10:35:51.746459354,1746606951,746063612,joy,-0.0,-0.0,1.0,-0.0,-0.0,1.0,0.0,0.0,0,0,0,0,0,0,0,0,0,0,0
2025/05/07 10:35:51.796888081,1746606951,796335383,joy,-0.0,-0.0,1.0,-0.0,-0.0,1.0,0.0,0.0,0,0,0,0,0,0,0,0,0,0,0
2025/05/07 10:35:51.902589528,1746606951,899063685,joy,-0.0,-0.0,1.0,-0.0,-0.0,1.0,0.0,0.0,0,0,0,0,0,0,0,0,0,0,0
2025/05/07 10:35:51.949552248,1746606951,949203008,joy,-0.0,-0.0,1.0,-0.0,-0.0,1.0,0.0,0.0,0,0,0,0,0,0,0,0,0,0,0
2025/05/07 10:35:52.574017,1746606951,999954045,joy,-0.0,-0.0,1.0,-0.0,-0.0,1.0,0.0,0.0,0,0,0,0,0,0,0,0,0,0,0
2025/05/07 10:35:52.102131617,1746606952,100601458,joy,-0.0,-0.0,1.0,-0.0,-0.0,1.0,0.0,0.0,0,0,0,0,0,0,0,0,0,0,0
2025/05/07 10:35:52.200898836,1746606952,200481683,joy,-0.0,-0.0,1.0,-0.0,-0.0,1.0,0.0,0.0,0,0,0,0,0,0,0,0,0,0,0
2025/05/07 10:35:52.251260076,1746606952,250965882,joy,-0.0,-0.0,1.0,-0.0,-0.0,1.0,0.0,0.0,0,0,0,0,0,0,0,0,0,0,0
2025/05/07 10:35:52.350648048,1746606952,350412503,joy,-0.0,-0.0,1.0,-0.0,-0.0,1.0,0.0,0.0,0,0,0,0,0,0,0,0,0,0,0
2025/05/07 10:35:52.451179588,1746606952,450708266,joy,-0.0,-0.0,1.0,-0.0,-0.0,1.0,0.0,0.0,0,0,0,0,0,0,0,0,0,0,0
2025/05/07 10:35:52.552518052,1746606952,550956012,joy,-0.0,-0.0,1.0,-0.0,-0.0,1.0,0.0,0.0,0,0,0,0,0,0,0,0,0,0,0
2025/05/07 10:35:52.602504571,1746606952,601071643,joy,-0.0,-0.0,1.0,-0.0,-0.0,1.0,0.0,0.0,0,0,0,0,0,0,0,0,0,0,0
2025/05/07 10:35:52.654299955,1746606952,651723730,joy,-0.0,-0.0,1.0,-0.0,-0.0,1.0,0.0,0.0,0,0,0,0,0,0,0,0,0,0,0
2025/05/07 10:35:52.706133570,1746606952,701817835,joy,-0.0,-0.0,1.0,-0.0,-0.0,1.0,0.0,0.0,0,0,0,0,0,0,0,0,0,0,0
2025/05/07 10:35:52.752846676,1746606952,752608281,joy,-0.0,-0.0,1.0,-0.0,-0.0,1.0,0.0,0.0,0,0,0,0,0,0,0,0,0,0,0
2025/05/07 10:35:52.803521875,1746606952,803077297,joy,-0.0,-0.0,1.0,-0.0,-0.0,1.0,0.0,0.0,0,0,0,0,0,0,0,0,0,0,0
2025/05/07 10:35:52.854439554,1746606952,854078698,joy,-0.0,-0.0,1.0,-0.0,-0.0,1.0,0.0,0.0,0,0,0,0,0,0,0,0,0,0,0
2025/05/07 10:35:52.909763098,1746606952,906104945,joy,-0.0,-0.0,1.0,-0.0,-0.0,1.0,0.0,0.0,0,0,0,0,0,0,0,0,0,0,0
2025/05/07 10:35:52.957859141,1746606952,957153239,joy,-0.0,-0.0,1.0,-0.0,-0.0,1.0,0.0,0.0,0,0,0,0,0,0,0,0,0,0,0
2025/05/07 10:35:53.7978692,1746606953,7704355,joy,-0.0,-0.0,1.0,-0.0,-0.0,1.0,0.0,0.0,0,0,0,0,0,0,0,0,0,0,0
2025/05/07 10:35:53.113613316,1746606953,107706703,joy,-0.0,-0.0,1.0,-0.0,-0.0,1.0,0.0,0.0,0,0,0,0,0,0,0,0,0,0,0
2025/05/07 10:35:53.160262876,1746606953,158137612,joy,-0.0,-0.0,1.0,-0.0,-0.0,1.0,0.0,0.0,0,0,0,0,0,0,0,0,0,0,0
2025/05/07 10:35:53.210032342,1746606953,208886280,joy,-0.0,-0.0,1.0,-0.0,-0.0,1.0,0.0,0.0,0,0,0,0,0,0,0,0,0,0,0
2025/05/07 10:35:53.310790463,1746606953,310051865,joy,-0.0,-0.0,1.0,-0.0,-0.0,1.0,0.0,0.0,0,0,0,0,0,0,0,0,0,0,0
2025/05/07 10:35:53.388844831,1746606953,360483450,joy,-0.0,-0.0,1.0,-0.0,-0.0,1.0,0.0,0.0,0,0,0,0,0,0,0,0,0,0,0
2025/05/07 10:35:53.413012936,1746606953,412232363,joy,-0.0,-0.0,1.0,-0.0,-0.0,1.0,0.0,0.0,0,0,0,0,0,0,0,0,0,0,0
2025/05/07 10:35:53.463255587,1746606953,462868227,joy,-0.0,-0.0,1.0,-0.0,-0.0,1.0,0.0,0.0,0,0,0,0,0,0,0,0,0,0,0
2025/05/07 10:35:53.563177706,1746606953,562831100,joy,-0.0,-0.0,1.0,-0.0,-0.0,1.0,0.0,0.0,0,0,0,0,0,0,0,0,0,0,0
2025/05/07 10:35:53.613245903,1746606953,612846025,joy,-0.0,-0.0,1.0,-0.0,-0.0,1.0,0.0,0.0,0,0,0,0,0,0,0,0,0,0,0
2025/05/07 10:35:53.712668722,1746606953,712287409,joy,-0.0,-0.0,1.0,-0.0,-0.0,1.0,0.0,0.0,0,0,0,0,0,0,0,0,0,0,0
2025/05/07 10:35:53.762629889,1746606953,762318010,joy,-0.0,-0.0,1.0,-0.0,-0.0,1.0,0.0,0.0,0,0,0,0,0,0,0,0,0,0,0
2025/05/07 10:35:53.813435340,1746606953,812961231,joy,-0.0,-0.0,1.0,-0.0,-0.0,1.0,0.0,0.0,0,0,0,0,0,0,0,0,0,0,0
2025/05/07 10:35:53.865217562,1746606953,864716191,joy,-0.0,-0.0,1.0,-0.0,-0.0,1.0,0.0,0.0,0,0,0,0,0,0,0,0,0,0,0
2025/05/07 10:35:53.915585613,1746606953,915389615,joy,-0.0,-0.0,1.0,-0.0,-0.0,1.0,0.0,0.0,0,0,0,0,0,0,0,0,0,0,0
2025/05/07 10:35:53.965937968,1746606953,965420749,joy,-0.0,-0.0,1.0,-0.0,-0.0,1.0,0.0,0.0,0,0,0,0,0,0,0,0,0,0,0
2025/05/07 10:35:54.16146154,1746606954,15924818,joy,-0.0,-0.0,1.0,-0.0,-0.0,1.0,0.0,0.0,0,0,0,0,0,0,0,0,0,0,0
2025/05/07 10:35:54.116304148,1746606954,116104190,joy,-0.0,-0.0,1.0,-0.0,-0.0,1.0,0.0,0.0,0,0,0,0,0,0,0,0,0,0,0
2025/05/07 10:35:54.166690384,1746606954,166145509,joy,-0.0,-0.0,1.0,-0.0,-0.0,1.0,0.0,0.0,0,0,0,0,0,0,0,0,0,0,0
2025/05/07 10:35:54.216592730,1746606954,216364167,joy,-0.0,-0.0,1.0,-0.0,-0.0,1.0,0.0,0.0,0,0,0,0,0,0,0,0,0,0,0
2025/05/07 10:35:54.267622392,1746606954,266728321,joy,-0.0,-0.0,1.0,-0.0,-0.0,1.0,0.0,0.0,0,0,0,0,0,0,0,0,0,0,0
2025/05/07 10:35:54.366934455,1746606954,366693802,joy,-0.0,-0.0,1.0,-0.0,-0.0,1.0,0.0,0.0,0,0,0,0,0,0,0,0,0,0,0
2025/05/07 10:35:54.417542345,1746606954,417219947,joy,-0.0,-0.0,1.0,-0.0,-0.0,1.0,0.0,0.0,0,0,0,0,0,0,0,0,0,0,0
2025/05/07 10:35:54.467964759,1746606954,467465297,joy,-0.0,-0.0,1.0,-0.0,-0.0,1.0,0.0,0.0,0,0,0,0,0,0,0,0,0,0,0
2025/05/07 10:35:54.518090365,1746606954,517497987,joy,-0.0,-0.0,1.0,-0.0,-0.0,1.0,0.0,0.0,0,0,0,0,0,0,0,0,0,0,0
2025/05/07 10:35:54.617555220,1746606954,617118966,joy,-0.0,-0.0,1.0,-0.0,-0.0,1.0,0.0,0.0,0,0,0,0,0,0,0,0,0,0,0
2025/05/07 10:35:54.717858911,1746606954,717088145,joy,-0.0,-0.0,1.0,-0.0,-0.0,1.0,0.0,0.0,0,0,0,0,0,0,0,0,0,0,0
2025/05/07 10:35:54.767316035,1746606954,767091431,joy,-0.0,-0.0,1.0,-0.0,-0.0,1.0,0.0,0.0,0,0,0,0,0,0,0,0,0,0,0
2025/05/07 10:35:54.817830143,1746606954,817595000,joy,-0.0,-0.0,1.0,-0.0,-0.0,1.0,0.0,0.0,0,0,0,0,0,0,0,0,0,0,0
2025/05/07 10:35:54.919310336,1746606954,918946200,joy,-0.0,-0.0,1.0,-0.0,-0.0,1.0,0.0,0.0,0,0,0,0,0,0,0,0,0,0,0
2025/05/07 10:35:55.20589444,1746606955,20248961,joy,-0.0,-0.0,1.0,-0.0,-0.0,1.0,0.0,0.0,0,0,0,0,0,0,0,0,0,0,0
2025/05/07 10:35:55.120366698,1746606955,119694164,joy,-0.0,-0.0,1.0,-0.0,-0.0,1.0,0.0,0.0,0,0,0,0,0,0,0,0,0,0,0
2025/05/07 10:35:55.220589592,1746606955,220255173,joy,-0.0,-0.0,1.0,-0.0,-0.0,1.0,0.0,0.0,0,0,0,0,0,0,0,0,0,0,0
2025/05/07 10:35:55.272372421,1746606955,270658516,joy,-0.0,-0.0,1.0,-0.0,-0.0,1.0,0.0,0.0,0,0,0,0,0,0,0,0,0,0,0
2025/05/07 10:35:55.371004806,1746606955,370740169,joy,-0.0,-0.0,1.0,-0.0,-0.0,1.0,0.0,0.0,0,0,0,0,0,0,0,0,0,0,0
2025/05/07 10:35:55.421744784,1746606955,420758649,joy,-0.0,-0.0,1.0,-0.0,-0.0,1.0,0.0,0.0,0,0,0,0,0,0,0,0,0,0,0
2025/05/07 10:35:55.520460184,1746606955,520210296,joy,-0.0,-0.0,1.0,-0.0,-0.0,1.0,0.0,0.0,0,0,0,0,0,0,0,0,0,0,0
2025/05/07 10:35:55.570987593,1746606955,570748999,joy,-0.0,-0.0,1.0,-0.0,-0.0,1.0,0.0,0.0,0,0,0,0,0,0,0,0,0,0,0
2025/05/07 10:35:55.671639458,1746606955,671357681,joy,-0.0,-0.0,1.0,-0.0,-0.0,1.0,0.0,0.0,0,0,0,0,0,0,0,0,0,0,0
2025/05/07 10:35:55.722446950,1746606955,722076519,joy,-0.0,-0.0,1.0,-0.0,-0.0,1.0,0.0,0.0,0,0,0,0,0,0,0,0,0,0,0
2025/05/07 10:35:55.772764366,1746606955,772413994,joy,-0.0,-0.0,1.0,-0.0,-0.0,1.0,0.0,0.0,0,0,0,0,0,0,0,0,0,0,0
2025/05/07 10:35:55.823082645,1746606955,822731045,joy,-0.0,-0.0,1.0,-0.0,-0.0,1.0,0.0,0.0,0,0,0,0,0,0,0,0,0,0,0
2025/05/07 10:35:55.925138225,1746606955,923530819,joy,-0.0,-0.0,1.0,-0.0,-0.0,1.0,0.0,0.0,0,0,0,0,0,0,0,0,0,0,0
2025/05/07 10:35:55.976454481,1746606955,974730956,joy,-0.0,-0.0,1.0,-0.0,-0.0,1.0,0.0,0.0,0,0,0,0,0,0,0,0,0,0,0
2025/05/07 10:35:56.28440114,1746606956,25211120,joy,-0.0,-0.0,1.0,-0.0,-0.0,1.0,0.0,0.0,0,0,0,0,0,0,0,0,0,0,0
2025/05/07 10:35:56.124823004,1746606956,124254489,joy,-0.0,-0.0,1.0,-0.0,-0.0,1.0,0.0,0.0,0,0,0,0,0,0,0,0,0,0,0
2025/05/07 10:35:56.226936298,1746606956,224664849,joy,-0.0,-0.0,1.0,-0.0,-0.0,1.0,0.0,0.0,0,0,0,0,0,0,0,0,0,0,0
2025/05/07 10:35:56.275455782,1746606956,275110173,joy,-0.0,-0.0,1.0,-0.0,-0.0,1.0,0.0,0.0,0,0,0,0,0,0,0,0,0,0,0
2025/05/07 10:35:56.326338099,1746606956,325128845,joy,-0.0,-0.0,1.0,-0.0,-0.0,1.0,0.0,0.0,0,0,0,0,0,0,0,0,0,0,0
2025/05/07 10:35:56.376366371,1746606956,375968220,joy,-0.0,-0.0,1.0,-0.0,-0.0,1.0,0.0,0.0,0,0,0,0,0,0,0,0,0,0,0
2025/05/07 10:35:56.477563556,1746606956,475996976,joy,-0.0,-0.0,1.0,-0.0,-0.0,1.0,0.0,0.0,0,0,0,0,0,0,0,0,0,0,0
2025/05/07 10:35:56.527004324,1746606956,526598644,joy,-0.0,-0.0,1.0,-0.0,-0.0,1.0,0.0,0.0,0,0,0,0,0,0,0,0,0,0,0
2025/05/07 10:35:56.577178589,1746606956,576808567,joy,-0.0,-0.0,1.0,-0.0,-0.0,1.0,0.0,0.0,0,0,0,0,0,0,0,0,0,0,0
2025/05/07 10:35:56.676758569,1746606956,676288086,joy,-0.0,-0.0,1.0,-0.0,-0.0,1.0,0.0,0.0,0,0,0,0,0,0,0,0,0,0,0
2025/05/07 10:35:56.726848013,1746606956,726445698,joy,-0.0,-0.0,1.0,-0.0,-0.0,1.0,0.0,0.0,0,0,0,0,0,0,0,0,0,0,0
2025/05/07 10:35:56.777275246,1746606956,776703173,joy,-0.0,-0.0,1.0,-0.0,-0.0,1.0,0.0,0.0,0,0,0,0,0,0,0,0,0,0,0
2025/05/07 10:35:56.827328425,1746606956,826835606,joy,-0.0,-0.0,1.0,-0.0,-0.0,1.0,0.0,0.0,0,0,0,0,0,0,0,0,0,0,0
2025/05/07 10:35:56.927846648,1746606956,927439105,joy,-0.0,-0.0,1.0,-0.0,-0.0,1.0,0.0,0.0,0,0,0,0,0,0,0,0,0,0,0
2025/05/07 10:35:56.977848677,1746606956,977518577,joy,-0.0,-0.0,1.0,-0.0,-0.0,1.0,0.0,0.0,0,0,0,0,0,0,0,0,0,0,0
2025/05/07 10:35:57.31203303,1746606957,30085072,joy,-0.0,-0.0,1.0,-0.0,-0.0,1.0,0.0,0.0,0,0,0,0,0,0,0,0,0,0,0
2025/05/07 10:35:57.131729852,1746606957,131372615,joy,-0.0,-0.0,1.0,-0.0,-0.0,1.0,0.0,0.0,0,0,0,0,0,0,0,0,0,0,0
2025/05/07 10:35:57.182122807,1746606957,181536686,joy,-0.0,-0.0,1.0,-0.0,-0.0,1.0,0.0,0.0,0,0,0,0,0,0,0,0,0,0,0
2025/05/07 10:35:57.233251443,1746606957,232019552,joy,-0.0,-0.0,1.0,-0.0,-0.0,1.0,0.0,0.0,0,0,0,0,0,0,0,0,0,0,0
2025/05/07 10:35:57.284101059,1746606957,282513494,joy,-0.0,-0.0,1.0,-0.0,-0.0,1.0,0.0,0.0,0,0,0,0,0,0,0,0,0,0,0
2025/05/07 10:35:57.385910642,1746606957,385097183,joy,-0.0,-0.0,1.0,-0.0,-0.0,1.0,0.0,0.0,0,0,0,0,0,0,0,0,0,0,0
2025/05/07 10:35:57.435729815,1746606957,435311261,joy,-0.0,-0.0,1.0,-0.0,-0.0,1.0,0.0,0.0,0,0,0,0,0,0,0,0,0,0,0
2025/05/07 10:35:57.486911825,1746606957,486132501,joy,-0.0,-0.0,1.0,-0.0,-0.0,1.0,0.0,0.0,0,0,0,0,0,0,0,0,0,0,0
2025/05/07 10:35:57.536992589,1746606957,536571989,joy,-0.0,-0.0,1.0,-0.0,-0.0,1.0,0.0,0.0,0,0,0,0,0,0,0,0,0,0,0
2025/05/07 10:35:57.587422323,1746606957,586859244,joy,-0.0,-0.0,1.0,-0.0,-0.0,1.0,0.0,0.0,0,0,0,0,0,0,0,0,0,0,0
2025/05/07 10:35:57.637514677,1746606957,637210799,joy,-0.0,-0.0,1.0,-0.0,-0.0,1.0,0.0,0.0,0,0,0,0,0,0,0,0,0,0,0
2025/05/07 10:35:57.688268081,1746606957,687855105,joy,-0.0,-0.0,1.0,-0.0,-0.0,1.0,0.0,0.0,0,0,0,0,0,0,0,0,0,0,0
2025/05/07 10:35:57.738420027,1746606957,737950531,joy,-0.0,-0.0,1.0,-0.0,-0.0,1.0,0.0,0.0,0,0,0,0,0,0,0,0,0,0,0
2025/05/07 10:35:57.788247165,1746606957,788058451,joy,-0.0,-0.0,1.0,-0.0,-0.0,1.0,0.0,0.0,0,0,0,0,0,0,0,0,0,0,0
2025/05/07 10:35:57.839473439,1746606957,838962020,joy,-0.0,-0.0,1.0,-0.0,-0.0,1.0,0.0,0.0,0,0,0,0,0,0,0,0,0,0,0
2025/05/07 10:35:57.939466636,1746606957,939149747,joy,-0.0,-0.0,1.0,-0.0,-0.0,1.0,0.0,0.0,0,0,0,0,0,0,0,0,0,0,0
2025/05/07 10:35:57.989986339,1746606957,989596285,joy,-0.0,-0.0,1.0,-0.0,-0.0,1.0,0.0,0.0,0,0,0,0,0,0,0,0,0,0,0
2025/05/07 10:35:58.89175057,1746606958,88360126,joy,-0.0,-0.0,1.0,-0.0,-0.0,1.0,0.0,0.0,0,0,0,0,0,0,0,0,0,0,0
2025/05/07 10:35:58.139024605,1746606958,138676965,joy,-0.0,-0.0,1.0,-0.0,-0.0,1.0,0.0,0.0,0,0,0,0,0,0,0,0,0,0,0
2025/05/07 10:35:58.240245223,1746606958,239111160,joy,-0.0,-0.0,1.0,-0.0,-0.0,1.0,0.0,0.0,0,0,0,0,0,0,0,0,0,0,0
2025/05/07 10:35:58.290127073,1746606958,289692519,joy,-0.0,-0.0,1.0,-0.0,-0.0,1.0,0.0,0.0,0,0,0,0,0,0,0,0,0,0,0
2025/05/07 10:35:58.340424029,1746606958,339947421,joy,-0.0,-0.0,1.0,-0.0,-0.0,1.0,0.0,0.0,0,0,0,0,0,0,0,0,0,0,0
2025/05/07 10:35:58.440994604,1746606958,439935043,joy,-0.0,-0.0,1.0,-0.0,-0.0,1.0,0.0,0.0,0,0,0,0,0,0,0,0,0,0,0
2025/05/07 10:35:58.540011491,1746606958,539467491,joy,-0.0,-0.0,1.0,-0.0,-0.0,1.0,0.0,0.0,0,0,0,0,0,0,0,0,0,0,0
2025/05/07 10:35:58.639539245,1746606958,639215356,joy,-0.0,-0.0,1.0,-0.0,-0.0,1.0,0.0,0.0,0,0,0,0,0,0,0,0,0,0,0
2025/05/07 10:35:58.740297013,1746606958,739982641,joy,-0.0,-0.0,1.0,-0.0,-0.0,1.0,0.0,0.0,0,0,0,0,0,0,0,0,0,0,0
2025/05/07 10:35:58.790492062,1746606958,790021334,joy,-0.0,-0.0,1.0,-0.0,-0.0,1.0,0.0,0.0,0,0,0,0,0,0,0,0,0,0,0
2025/05/07 10:35:58.840716292,1746606958,840479056,joy,-0.0,-0.0,1.0,-0.0,-0.0,1.0,0.0,0.0,0,0,0,0,0,0,0,0,0,0,0
2025/05/07 10:35:58.941826229,1746606958,941486109,joy,-0.0,-0.0,1.0,-0.0,-0.0,1.0,0.0,0.0,0,0,0,0,0,0,0,0,0,0,0
2025/05/07 10:35:58.992180613,1746606958,991788651,joy,-0.0,-0.0,1.0,-0.0,-0.0,1.0,0.0,0.0,0,0,0,0,0,0,0,0,0,0,0
2025/05/07 10:35:59.90717850,1746606959,90454886,joy,-0.0,-0.0,1.0,-0.0,-0.0,1.0,0.0,0.0,0,0,0,0,0,0,0,0,0,0,0
2025/05/07 10:35:59.140984884,1746606959,140653968,joy,-0.0,-0.0,1.0,-0.0,-0.0,1.0,0.0,0.0,0,0,0,0,0,0,0,0,0,0,0
2025/05/07 10:35:59.192996212,1746606959,190990525,joy,-0.0,-0.0,1.0,-0.0,-0.0,1.0,0.0,0.0,0,0,0,0,0,0,0,0,0,0,0
2025/05/07 10:35:59.241348050,1746606959,241052433,joy,-0.0,-0.0,1.0,-0.0,-0.0,1.0,0.0,0.0,0,0,0,0,0,0,0,0,0,0,0
2025/05/07 10:35:59.293041416,1746606959,291184983,joy,-0.0,-0.0,1.0,-0.0,-0.0,1.0,0.0,0.0,0,0,0,0,0,0,0,0,0,0,0
2025/05/07 10:35:59.341446265,1746606959,341224540,joy,-0.0,-0.0,1.0,-0.0,-0.0,1.0,0.0,0.0,0,0,0,0,0,0,0,0,0,0,0
2025/05/07 10:35:59.393842608,1746606959,393477362,joy,-0.0,-0.0,1.0,-0.0,-0.0,1.0,0.0,0.0,0,0,0,0,0,0,0,0,0,0,0
2025/05/07 10:35:59.444144792,1746606959,443824353,joy,-0.0,-0.0,1.0,-0.0,-0.0,1.0,0.0,0.0,0,0,0,0,0,0,0,0,0,0,0
2025/05/07 10:35:59.494403235,1746606959,494066970,joy,-0.0,-0.0,1.0,-0.0,-0.0,1.0,0.0,0.0,0,0,0,0,0,0,0,0,0,0,0
2025/05/07 10:35:59.545586105,1746606959,545008193,joy,-0.0,-0.0,1.0,-0.0,-0.0,1.0,0.0,0.0,0,0,0,0,0,0,0,0,0,0,0
2025/05/07 10:35:59.596456841,1746606959,595561570,joy,-0.0,-0.0,1.0,-0.0,-0.0,1.0,0.0,0.0,0,0,0,0,0,0,0,0,0,0,0
2025/05/07 10:35:59.696147062,1746606959,695837346,joy,-0.0,-0.0,1.0,-0.0,-0.0,1.0,0.0,0.0,0,0,0,0,0,0,0,0,0,0,0
2025/05/07 10:35:59.796040207,1746606959,795557873,joy,-0.0,-0.0,1.0,-0.0,-0.0,1.0,0.0,0.0,0,0,0,0,0,0,0,0,0,0,0
2025/05/07 10:35:59.896923686,1746606959,896387864,joy,-0.0,-0.0,1.0,-0.0,-0.0,1.0,0.0,0.0,0,0,0,0,0,0,0,0,0,0,0
2025/05/07 10:35:59.947982507,1746606959,947479092,joy,-0.0,-0.0,1.0,-0.0,-0.0,1.0,0.0,0.0,0,0,0,0,0,0,0,0,0,0,0
2025/05/07 10:36:00.46920912,1746606960,46598741,joy,-0.0,-0.0,1.0,-0.0,-0.0,1.0,0.0,0.0,0,0,0,0,0,0,0,0,0,0,0
2025/05/07 10:36:00.148612257,1746606960,148157451,joy,-0.0,-0.0,1.0,-0.0,-0.0,1.0,0.0,0.0,0,0,0,0,0,0,0,0,0,0,0
2025/05/07 10:36:00.200015166,1746606960,198902164,joy,-0.0,-0.0,1.0,-0.0,-0.0,1.0,0.0,0.0,0,0,0,0,0,0,0,0,0,0,0
2025/05/07 10:36:00.249439146,1746606960,249075334,joy,-0.0,-0.0,1.0,-0.0,-0.0,1.0,0.0,0.0,0,0,0,0,0,0,0,0,0,0,0
2025/05/07 10:36:00.299897268,1746606960,299538013,joy,-0.0,-0.0,1.0,-0.0,-0.0,1.0,0.0,0.0,0,0,0,0,0,0,0,0,0,0,0
2025/05/07 10:36:00.350526722,1746606960,349956527,joy,-0.0,-0.0,1.0,-0.0,-0.0,1.0,0.0,0.0,0,0,0,0,0,0,0,0,0,0,0
2025/05/07 10:36:00.449769764,1746606960,449410229,joy,-0.0,-0.0,1.0,-0.0,-0.0,1.0,0.0,0.0,0,0,0,0,0,0,0,0,0,0,0
2025/05/07 10:36:00.550092998,1746606960,549793364,joy,-0.0,-0.0,1.0,-0.0,-0.0,1.0,0.0,0.0,0,0,0,0,0,0,0,0,0,0,0
2025/05/07 10:36:00.602265513,1746606960,600074685,joy,-0.0,-0.0,1.0,-0.0,-0.0,1.0,0.0,0.0,0,0,0,0,0,0,0,0,0,0,0
2025/05/07 10:36:00.651880392,1746606960,650458070,joy,-0.0,-0.0,1.0,-0.0,-0.0,1.0,0.0,0.0,0,0,0,0,0,0,0,0,0,0,0
2025/05/07 10:36:00.703444095,1746606960,700514050,joy,-0.0,-0.0,1.0,-0.0,-0.0,1.0,0.0,0.0,0,0,0,0,0,0,0,0,0,0,0
2025/05/07 10:36:00.801159749,1746606960,800787167,joy,-0.0,-0.0,1.0,-0.0,-0.0,1.0,0.0,0.0,0,0,0,0,0,0,0,0,0,0,0
2025/05/07 10:36:00.901591831,1746606960,901297986,joy,-0.0,-0.0,1.0,-0.0,-0.0,1.0,0.0,0.0,0,0,0,0,0,0,0,0,0,0,0
2025/05/07 10:36:00.954156997,1746606960,951469182,joy,-0.0,-0.0,1.0,-0.0,-0.0,1.0,0.0,0.0,0,0,0,0,0,0,0,0,0,0,0
2025/05/07 10:36:01.53896179,1746606961,51858882,joy,-0.0,-0.0,1.0,-0.0,-0.0,1.0,0.0,0.0,0,0,0,0,0,0,0,0,0,0,0
2025/05/07 10:36:01.152630431,1746606961,151792871,joy,-0.0,-0.0,1.0,-0.0,-0.0,1.0,0.0,0.0,0,0,0,0,0,0,0,0,0,0,0
2025/05/07 10:36:01.202809664,1746606961,201819143,joy,-0.0,-0.0,1.0,-0.0,-0.0,1.0,0.0,0.0,0,0,0,0,0,0,0,0,0,0,0
2025/05/07 10:36:01.302719572,1746606961,301734972,joy,-0.0,-0.0,1.0,-0.0,-0.0,1.0,0.0,0.0,0,0,0,0,0,0,0,0,0,0,0
2025/05/07 10:36:01.402583808,1746606961,401727512,joy,-0.0,-0.0,1.0,-0.0,-0.0,1.0,0.0,0.0,0,0,0,0,0,0,0,0,0,0,0
2025/05/07 10:36:01.452898774,1746606961,452653130,joy,-0.0,-0.0,1.0,-0.0,-0.0,1.0,0.0,0.0,0,0,0,0,0,0,0,0,0,0,0
2025/05/07 10:36:01.503388296,1746606961,503098673,joy,-0.0,-0.0,1.0,-0.0,-0.0,1.0,0.0,0.0,0,0,0,0,0,0,0,0,0,0,0
2025/05/07 10:36:01.553771907,1746606961,553438022,joy,-0.0,-0.0,1.0,-0.0,-0.0,1.0,0.0,0.0,0,0,0,0,0,0,0,0,0,0,0
2025/05/07 10:36:01.604213994,1746606961,603733175,joy,-0.0,-0.0,1.0,-0.0,-0.0,1.0,0.0,0.0,0,0,0,0,0,0,0,0,0,0,0
2025/05/07 10:36:01.703382988,1746606961,703188277,joy,-0.0,-0.0,1.0,-0.0,-0.0,1.0,0.0,0.0,0,0,0,0,0,0,0,0,0,0,0
2025/05/07 10:36:01.756467046,1746606961,754926676,joy,-0.0,-0.0,1.0,-0.0,-0.0,1.0,0.0,0.0,0,0,0,0,0,0,0,0,0,0,0
2025/05/07 10:36:01.855798834,1746606961,855158560,joy,-0.0,-0.0,1.0,-0.0,-0.0,1.0,0.0,0.0,0,0,0,0,0,0,0,0,0,0,0
2025/05/07 10:36:01.909466136,1746606961,907053375,joy,-0.0,-0.0,1.0,-0.0,-0.0,1.0,0.0,0.0,0,0,0,0,0,0,0,0,0,0,0
2025/05/07 10:36:01.957709752,1746606961,957338036,joy,-0.0,-0.0,1.0,-0.0,-0.0,1.0,0.0,0.0,0,0,0,0,0,0,0,0,0,0,0
2025/05/07 10:36:02.8134583,1746606962,7486957,joy,-0.0,-0.0,1.0,-0.0,-0.0,1.0,0.0,0.0,0,0,0,0,0,0,0,0,0,0,0
2025/05/07 10:36:02.107094631,1746606962,106381098,joy,-0.0,-0.0,1.0,-0.0,-0.0,1.0,0.0,0.0,0,0,0,0,0,0,0,0,0,0,0
2025/05/07 10:36:02.157541649,1746606962,157001552,joy,-0.0,-0.0,1.0,-0.0,-0.0,1.0,0.0,0.0,0,0,0,0,0,0,0,0,0,0,0
2025/05/07 10:36:02.208090496,1746606962,207132408,joy,-0.0,-0.0,1.0,-0.0,-0.0,1.0,0.0,0.0,0,0,0,0,0,0,0,0,0,0,0
2025/05/07 10:36:02.258049955,1746606962,257685313,joy,-0.0,-0.0,1.0,-0.0,-0.0,1.0,0.0,0.0,0,0,0,0,0,0,0,0,0,0,0
2025/05/07 10:36:02.358159857,1746606962,357781018,joy,-0.0,-0.0,1.0,-0.0,-0.0,1.0,0.0,0.0,0,0,0,0,0,0,0,0,0,0,0
2025/05/07 10:36:02.408386420,1746606962,408135154,joy,-0.0,-0.0,1.0,-0.0,-0.0,1.0,0.0,0.0,0,0,0,0,0,0,0,0,0,0,0
2025/05/07 10:36:02.459181496,1746606962,458345357,joy,-0.0,-0.0,1.0,-0.0,-0.0,1.0,0.0,0.0,0,0,0,0,0,0,0,0,0,0,0
2025/05/07 10:36:02.509192614,1746606962,508825626,joy,-0.0,-0.0,1.0,-0.0,-0.0,1.0,0.0,0.0,0,0,0,0,0,0,0,0,0,0,0
2025/05/07 10:36:02.559340853,1746606962,558985989,joy,-0.0,-0.0,1.0,-0.0,-0.0,1.0,0.0,0.0,0,0,0,0,0,0,0,0,0,0,0
2025/05/07 10:36:02.659514489,1746606962,659145431,joy,-0.0,-0.0,1.0,-0.0,-0.0,1.0,0.0,0.0,0,0,0,0,0,0,0,0,0,0,0
2025/05/07 10:36:02.709753006,1746606962,709411346,joy,-0.0,-0.0,1.0,-0.0,-0.0,1.0,0.0,0.0,0,0,0,0,0,0,0,0,0,0,0
2025/05/07 10:36:02.761078643,1746606962,759615322,joy,-0.0,-0.0,1.0,-0.0,-0.0,1.0,0.0,0.0,0,0,0,0,0,0,0,0,0,0,0
2025/05/07 10:36:02.811600291,1746606962,809912239,joy,-0.0,-0.0,1.0,-0.0,-0.0,1.0,0.0,0.0,0,0,0,0,0,0,0,0,0,0,0
2025/05/07 10:36:02.912109811,1746606962,910423966,joy,-0.0,-0.0,1.0,-0.0,-0.0,1.0,0.0,0.0,0,0,0,0,0,0,0,0,0,0,0
2025/05/07 10:36:02.961066153,1746606962,960788609,joy,-0.0,-0.0,1.0,-0.0,-0.0,1.0,0.0,0.0,0,0,0,0,0,0,0,0,0,0,0
2025/05/07 10:36:03.12359780,1746606963,11576576,joy,-0.0,-0.0,1.0,-0.0,-0.0,1.0,0.0,0.0,0,0,0,0,0,0,0,0,0,0,0
2025/05/07 10:36:03.64908282,1746606963,62181800,joy,-0.0,-0.0,1.0,-0.0,-0.0,1.0,0.0,0.0,0,0,0,0,0,0,0,0,0,0,0
2025/05/07 10:36:03.113269621,1746606963,112787764,joy,-0.0,-0.0,1.0,-0.0,-0.0,1.0,0.0,0.0,0,0,0,0,0,0,0,0,0,0,0
2025/05/07 10:36:03.164891246,1746606963,163135730,joy,-0.0,-0.0,1.0,-0.0,-0.0,1.0,0.0,0.0,0,0,0,0,0,0,0,0,0,0,0
2025/05/07 10:36:03.213965703,1746606963,213191316,joy,-0.0,-0.0,1.0,-0.0,-0.0,1.0,0.0,0.0,0,0,0,0,0,0,0,0,0,0,0
2025/05/07 10:36:03.263812086,1746606963,263518334,joy,-0.0,-0.0,1.0,-0.0,-0.0,1.0,0.0,0.0,0,0,0,0,0,0,0,0,0,0,0
2025/05/07 10:36:03.316754080,1746606963,314078517,joy,-0.0,-0.0,1.0,-0.0,-0.0,1.0,0.0,0.0,0,0,0,0,0,0,0,0,0,0,0
2025/05/07 10:36:03.365355987,1746606963,364736550,joy,-0.0,-0.0,1.0,-0.0,-0.0,1.0,0.0,0.0,0,0,0,0,0,0,0,0,0,0,0
2025/05/07 10:36:03.466332721,1746606963,465589343,joy,-0.0,-0.0,1.0,-0.0,-0.0,1.0,0.0,0.0,0,0,0,0,0,0,0,0,0,0,0
2025/05/07 10:36:03.516382993,1746606963,515981206,joy,-0.0,-0.0,1.0,-0.0,-0.0,1.0,0.0,0.0,0,0,0,0,0,0,0,0,0,0,0
2025/05/07 10:36:03.615578949,1746606963,615219525,joy,-0.0,-0.0,1.0,-0.0,-0.0,1.0,0.0,0.0,0,0,0,0,0,0,0,0,0,0,0
2025/05/07 10:36:03.666510669,1746606963,666069537,joy,-0.0,-0.0,1.0,-0.0,-0.0,1.0,0.0,0.0,0,0,0,0,0,0,0,0,0,0,0
2025/05/07 10:36:03.716857518,1746606963,716132910,joy,-0.0,-0.0,1.0,-0.0,-0.0,1.0,0.0,0.0,0,0,0,0,0,0,0,0,0,0,0
2025/05/07 10:36:03.767332708,1746606963,766895613,joy,-0.0,-0.0,1.0,-0.0,-0.0,1.0,0.0,0.0,0,0,0,0,0,0,0,0,0,0,0
2025/05/07 10:36:03.866938564,1746606963,866683733,joy,-0.0,-0.0,1.0,-0.0,-0.0,1.0,0.0,0.0,0,0,0,0,0,0,0,0,0,0,0
2025/05/07 10:36:03.918599031,1746606963,918330386,joy,-0.0,-0.0,1.0,-0.0,-0.0,1.0,0.0,0.0,0,0,0,0,0,0,0,0,0,0,0
2025/05/07 10:36:03.973625432,1746606963,973320236,joy,-0.0,-0.0,1.0,-0.0,-0.0,1.0,0.0,0.0,0,0,0,0,0,0,0,0,0,0,0
2025/05/07 10:36:04.24020469,1746606964,23621037,joy,-0.0,-0.0,1.0,-0.0,-0.0,1.0,0.0,0.0,0,0,0,0,0,0,0,0,0,0,0
2025/05/07 10:36:04.124617063,1746606964,123268961,joy,-0.0,-0.0,1.0,-0.0,-0.0,1.0,0.0,0.0,0,0,0,0,0,0,0,0,0,0,0
2025/05/07 10:36:04.173855724,1746606964,173325937,joy,-0.0,-0.0,1.0,-0.0,-0.0,1.0,0.0,0.0,0,0,0,0,0,0,0,0,0,0,0
2025/05/07 10:36:04.223883537,1746606964,223464885,joy,-0.0,-0.0,1.0,-0.0,-0.0,1.0,0.0,0.0,0,0,0,0,0,0,0,0,0,0,0
2025/05/07 10:36:04.274111175,1746606964,273725207,joy,-0.0,-0.0,1.0,-0.0,-0.0,1.0,0.0,0.0,0,0,0,0,0,0,0,0,0,0,0
2025/05/07 10:36:04.375837816,1746606964,374659019,joy,-0.0,-0.0,1.0,-0.0,-0.0,1.0,0.0,0.0,0,0,0,0,0,0,0,0,0,0,0
2025/05/07 10:36:04.425321069,1746606964,424702088,joy,-0.0,-0.0,1.0,-0.0,-0.0,1.0,0.0,0.0,0,0,0,0,0,0,0,0,0,0,0
2025/05/07 10:36:04.475540656,1746606964,475147451,joy,-0.0,-0.0,1.0,-0.0,-0.0,1.0,0.0,0.0,0,0,0,0,0,0,0,0,0,0,0
2025/05/07 10:36:04.525768546,1746606964,525418454,joy,-0.0,-0.0,1.0,-0.0,-0.0,1.0,0.0,0.0,0,0,0,0,0,0,0,0,0,0,0
2025/05/07 10:36:04.576176054,1746606964,575858707,joy,-0.0,-0.0,1.0,-0.0,-0.0,1.0,0.0,0.0,0,0,0,0,0,0,0,0,0,0,0
2025/05/07 10:36:04.676151293,1746606964,675493668,joy,-0.0,-0.0,1.0,-0.0,-0.0,1.0,0.0,0.0,0,0,0,0,0,0,0,0,0,0,0
2025/05/07 10:36:04.730297049,1746606964,726065687,joy,-0.0,-0.0,1.0,-0.0,-0.0,1.0,0.0,0.0,0,0,0,0,0,0,0,0,0,0,0
2025/05/07 10:36:04.776883085,1746606964,776512646,joy,-0.0,-0.0,1.0,-0.0,-0.0,1.0,0.0,0.0,0,0,0,0,0,0,0,0,0,0,0
2025/05/07 10:36:04.877441462,1746606964,876914597,joy,-0.0,-0.0,1.0,-0.0,-0.0,1.0,0.0,0.0,0,0,0,0,0,0,0,0,0,0,0
2025/05/07 10:36:04.927933629,1746606964,927614068,joy,-0.0,-0.0,1.0,-0.0,-0.0,1.0,0.0,0.0,0,0,0,0,0,0,0,0,0,0,0
2025/05/07 10:36:04.978556438,1746606964,977826459,joy,-0.0,-0.0,1.0,-0.0,-0.0,1.0,0.0,0.0,0,0,0,0,0,0,0,0,0,0,0
2025/05/07 10:36:05.28262057,1746606965,27957603,joy,-0.0,-0.0,1.0,-0.0,-0.0,1.0,0.0,0.0,0,0,0,0,0,0,0,0,0,0,0
2025/05/07 10:36:05.126529904,1746606965,126164886,joy,-0.0,-0.0,1.0,-0.0,-0.0,1.0,0.0,0.0,0,0,0,0,0,0,0,0,0,0,0
2025/05/07 10:36:05.177320679,1746606965,176859628,joy,-0.0,-0.0,1.0,-0.0,-0.0,1.0,0.0,0.0,0,0,0,0,0,0,0,0,0,0,0
2025/05/07 10:36:05.277186313,1746606965,276748159,joy,-0.0,-0.0,1.0,-0.0,-0.0,1.0,0.0,0.0,0,0,0,0,0,0,0,0,0,0,0
2025/05/07 10:36:05.377935976,1746606965,377634171,joy,-0.0,-0.0,1.0,-0.0,-0.0,1.0,0.0,0.0,0,0,0,0,0,0,0,0,0,0,0
2025/05/07 10:36:05.428684435,1746606965,427722626,joy,-0.0,-0.0,1.0,-0.0,-0.0,1.0,0.0,0.0,0,0,0,0,0,0,0,0,0,0,0
2025/05/07 10:36:05.528056772,1746606965,527571080,joy,-0.0,-0.0,1.0,-0.0,-0.0,1.0,0.0,0.0,0,0,0,0,0,0,0,0,0,0,0
2025/05/07 10:36:05.579059453,1746606965,578059957,joy,-0.0,-0.0,1.0,-0.0,-0.0,1.0,0.0,0.0,0,0,0,0,0,0,0,0,0,0,0
2025/05/07 10:36:05.628584718,1746606965,628290507,joy,-0.0,-0.0,1.0,-0.0,-0.0,1.0,0.0,0.0,0,0,0,0,0,0,0,0,0,0,0
2025/05/07 10:36:05.678625726,1746606965,678373825,joy,-0.0,-0.0,1.0,-0.0,-0.0,1.0,0.0,0.0,0,0,0,0,0,0,0,0,0,0,0
2025/05/07 10:36:05.729198111,1746606965,728696183,joy,-0.0,-0.0,1.0,-0.0,-0.0,1.0,0.0,0.0,0,0,0,0,0,0,0,0,0,0,0
2025/05/07 10:36:05.779420305,1746606965,779066555,joy,-0.0,-0.0,1.0,-0.0,-0.0,1.0,0.0,0.0,0,0,0,0,0,0,0,0,0,0,0
2025/05/07 10:36:05.830430536,1746606965,829633061,joy,-0.0,-0.0,1.0,-0.0,-0.0,1.0,0.0,0.0,0,0,0,0,0,0,0,0,0,0,0
2025/05/07 10:36:05.931385990,1746606965,930518684,joy,-0.0,-0.0,1.0,-0.0,-0.0,1.0,0.0,0.0,0,0,0,0,0,0,0,0,0,0,0
2025/05/07 10:36:06.30584752,1746606966,30157012,joy,-0.0,-0.0,1.0,-0.0,-0.0,1.0,0.0,0.0,0,0,0,0,0,0,0,0,0,0,0
2025/05/07 10:36:06.81904519,1746606966,80167160,joy,-0.0,-0.0,1.0,-0.0,-0.0,1.0,0.0,0.0,0,0,0,0,0,0,0,0,0,0,0
2025/05/07 10:36:06.132056224,1746606966,130507831,joy,-0.0,-0.0,1.0,-0.0,-0.0,1.0,0.0,0.0,0,0,0,0,0,0,0,0,0,0,0
2025/05/07 10:36:06.231464049,1746606966,231095867,joy,-0.0,-0.0,1.0,-0.0,-0.0,1.0,0.0,0.0,0,0,0,0,0,0,0,0,0,0,0
2025/05/07 10:36:06.281463067,1746606966,281127346,joy,-0.0,-0.0,1.0,-0.0,-0.0,1.0,0.0,0.0,0,0,0,0,0,0,0,0,0,0,0
2025/05/07 10:36:06.332073044,1746606966,331770156,joy,-0.0,-0.0,1.0,-0.0,-0.0,1.0,0.0,0.0,0,0,0,0,0,0,0,0,0,0,0
2025/05/07 10:36:06.384605950,1746606966,384200914,joy,-0.0,-0.0,1.0,-0.0,-0.0,1.0,0.0,0.0,0,0,0,0,0,0,0,0,0,0,0
2025/05/07 10:36:06.436621024,1746606966,436236777,joy,-0.0,-0.0,1.0,-0.0,-0.0,1.0,0.0,0.0,0,0,0,0,0,0,0,0,0,0,0
2025/05/07 10:36:06.488556177,1746606966,486912209,joy,-0.0,-0.0,1.0,-0.0,-0.0,1.0,0.0,0.0,0,0,0,0,0,0,0,0,0,0,0
2025/05/07 10:36:06.538009068,1746606966,537598095,joy,-0.0,-0.0,1.0,-0.0,-0.0,1.0,0.0,0.0,0,0,0,0,0,0,0,0,0,0,0
2025/05/07 10:36:06.588658557,1746606966,588061386,joy,-0.0,-0.0,1.0,-0.0,-0.0,1.0,0.0,0.0,0,0,0,0,0,0,0,0,0,0,0
2025/05/07 10:36:06.638907824,1746606966,638163261,joy,-0.0,-0.0,1.0,-0.0,-0.0,1.0,0.0,0.0,0,0,0,0,0,0,0,0,0,0,0
2025/05/07 10:36:06.689411733,1746606966,688436675,joy,-0.0,-0.0,1.0,-0.0,-0.0,1.0,0.0,0.0,0,0,0,0,0,0,0,0,0,0,0
2025/05/07 10:36:06.739085885,1746606966,738512924,joy,-0.0,-0.0,1.0,-0.0,-0.0,1.0,0.0,0.0,0,0,0,0,0,0,0,0,0,0,0
2025/05/07 10:36:06.789401480,1746606966,788891320,joy,-0.0,-0.0,1.0,-0.0,-0.0,1.0,0.0,0.0,0,0,0,0,0,0,0,0,0,0,0
2025/05/07 10:36:06.889403052,1746606966,888329068,joy,-0.0,-0.0,1.0,-0.0,-0.0,1.0,0.0,0.0,0,0,0,0,0,0,0,0,0,0,0
2025/05/07 10:36:06.940721286,1746606966,939931751,joy,-0.0,-0.0,1.0,-0.0,-0.0,1.0,0.0,0.0,0,0,0,0,0,0,0,0,0,0,0
2025/05/07 10:36:06.995371556,1746606966,990205160,joy,-0.0,-0.0,1.0,-0.0,-0.0,1.0,0.0,0.0,0,0,0,0,0,0,0,0,0,0,0
2025/05/07 10:36:07.40973900,1746606967,40442140,joy,-0.0,-0.0,1.0,-0.0,-0.0,1.0,0.0,0.0,0,0,0,0,0,0,0,0,0,0,0
2025/05/07 10:36:07.139896261,1746606967,139596932,joy,-0.0,-0.0,1.0,-0.0,-0.0,1.0,0.0,0.0,0,0,0,0,0,0,0,0,0,0,0
2025/05/07 10:36:07.191069178,1746606967,190129716,joy,-0.0,-0.0,1.0,-0.0,-0.0,1.0,0.0,0.0,0,0,0,0,0,0,0,0,0,0,0
2025/05/07 10:36:07.241997930,1746606967,241152904,joy,-0.0,-0.0,1.0,-0.0,-0.0,1.0,0.0,0.0,0,0,0,0,0,0,0,0,0,0,0
2025/05/07 10:36:07.291706958,1746606967,291249747,joy,-0.0,-0.0,1.0,-0.0,-0.0,1.0,0.0,0.0,0,0,0,0,0,0,0,0,0,0,0
2025/05/07 10:36:07.342105854,1746606967,341693830,joy,-0.0,-0.0,1.0,-0.0,-0.0,1.0,0.0,0.0,0,0,0,0,0,0,0,0,0,0,0
2025/05/07 10:36:07.394727186,1746606967,394415800,joy,-0.0,-0.0,1.0,-0.0,-0.0,1.0,0.0,0.0,0,0,0,0,0,0,0,0,0,0,0
2025/05/07 10:36:07.447531925,1746606967,446116707,joy,-0.0,-0.0,1.0,-0.0,-0.0,1.0,0.0,0.0,0,0,0,0,0,0,0,0,0,0,0
2025/05/07 10:36:07.497387513,1746606967,496854640,joy,-0.0,-0.0,1.0,-0.0,-0.0,1.0,0.0,0.0,0,0,0,0,0,0,0,0,0,0,0
2025/05/07 10:36:07.547327891,1746606967,546917593,joy,-0.0,-0.0,1.0,-0.0,-0.0,1.0,0.0,0.0,0,0,0,0,0,0,0,0,0,0,0
2025/05/07 10:36:07.647157699,1746606967,646765021,joy,-0.0,-0.0,1.0,-0.0,-0.0,1.0,0.0,0.0,0,0,0,0,0,0,0,0,0,0,0
2025/05/07 10:36:07.697085051,1746606967,696882373,joy,-0.0,-0.0,1.0,-0.0,-0.0,1.0,0.0,0.0,0,0,0,0,0,0,0,0,0,0,0
2025/05/07 10:36:07.797822279,1746606967,797561935,joy,-0.0,-0.0,1.0,-0.0,-0.0,1.0,0.0,0.0,0,0,0,0,0,0,0,0,0,0,0
2025/05/07 10:36:07.849768579,1746606967,848329759,joy,-0.0,-0.0,1.0,-0.0,-0.0,1.0,0.0,0.0,0,0,0,0,0,0,0,0,0,0,0
2025/05/07 10:36:07.899990700,1746606967,899184821,joy,-0.0,-0.0,1.0,-0.0,-0.0,1.0,0.0,0.0,0,0,0,0,0,0,0,0,0,0,0
2025/05/07 10:36:07.950017622,1746606967,949199955,joy,-0.0,-0.0,1.0,-0.0,-0.0,1.0,0.0,0.0,0,0,0,0,0,0,0,0,0,0,0
2025/05/07 10:36:08.370275,1746606967,999330147,joy,-0.0,-0.0,1.0,-0.0,-0.0,1.0,0.0,0.0,0,0,0,0,0,0,0,0,0,0,0
2025/05/07 10:36:08.99118021,1746606968,98230848,joy,-0.0,-0.0,1.0,-0.0,-0.0,1.0,0.0,0.0,0,0,0,0,0,0,0,0,0,0,0
2025/05/07 10:36:08.149117860,1746606968,148462174,joy,-0.0,-0.0,1.0,-0.0,-0.0,1.0,0.0,0.0,0,0,0,0,0,0,0,0,0,0,0
2025/05/07 10:36:08.248978379,1746606968,248389931,joy,-0.0,-0.0,1.0,-0.0,-0.0,1.0,0.0,0.0,0,0,0,0,0,0,0,0,0,0,0
2025/05/07 10:36:08.349657906,1746606968,348933099,joy,-0.0,-0.0,1.0,-0.0,-0.0,1.0,0.0,0.0,0,0,0,0,0,0,0,0,0,0,0
2025/05/07 10:36:08.399678983,1746606968,399139202,joy,-0.0,-0.0,1.0,-0.0,-0.0,1.0,0.0,0.0,0,0,0,0,0,0,0,0,0,0,0
2025/05/07 10:36:08.450604763,1746606968,449993988,joy,-0.0,-0.0,1.0,-0.0,-0.0,1.0,0.0,0.0,0,0,0,0,0,0,0,0,0,0,0
2025/05/07 10:36:08.501125447,1746606968,500595423,joy,-0.0,-0.0,1.0,-0.0,-0.0,1.0,0.0,0.0,0,0,0,0,0,0,0,0,0,0,0
2025/05/07 10:36:08.551410088,1746606968,550987386,joy,-0.0,-0.0,1.0,-0.0,-0.0,1.0,0.0,0.0,0,0,0,0,0,0,0,0,0,0,0
2025/05/07 10:36:08.602790462,1746606968,601186825,joy,-0.0,-0.0,1.0,-0.0,-0.0,1.0,0.0,0.0,0,0,0,0,0,0,0,0,0,0,0
2025/05/07 10:36:08.702140994,1746606968,701773920,joy,-0.0,-0.0,1.0,-0.0,-0.0,1.0,0.0,0.0,0,0,0,0,0,0,0,0,0,0,0
2025/05/07 10:36:08.752332021,1746606968,751853632,joy,-0.0,-0.0,1.0,-0.0,-0.0,1.0,0.0,0.0,0,0,0,0,0,0,0,0,0,0,0
2025/05/07 10:36:08.852001480,1746606968,851467809,joy,-0.0,-0.0,1.0,-0.0,-0.0,1.0,0.0,0.0,0,0,0,0,0,0,0,0,0,0,0
2025/05/07 10:36:08.903671722,1746606968,902559829,joy,-0.0,-0.0,1.0,-0.0,-0.0,1.0,0.0,0.0,0,0,0,0,0,0,0,0,0,0,0
2025/05/07 10:36:08.958591373,1746606968,958119877,joy,-0.0,-0.0,1.0,-0.0,-0.0,1.0,0.0,0.0,0,0,0,0,0,0,0,0,0,0,0
2025/05/07 10:36:09.8793597,1746606969,8320380,joy,-0.0,-0.0,1.0,-0.0,-0.0,1.0,0.0,0.0,0,0,0,0,0,0,0,0,0,0,0
2025/05/07 10:36:09.108992315,1746606969,108465640,joy,-0.0,-0.0,1.0,-0.0,-0.0,1.0,0.0,0.0,0,0,0,0,0,0,0,0,0,0,0
2025/05/07 10:36:09.165015874,1746606969,163611376,joy,-0.0,-0.0,1.0,-0.0,-0.0,1.0,0.0,0.0,0,0,0,0,0,0,0,0,0,0,0
2025/05/07 10:36:09.263600435,1746606969,263151572,joy,-0.0,-0.0,1.0,-0.0,-0.0,1.0,0.0,0.0,0,0,0,0,0,0,0,0,0,0,0
2025/05/07 10:36:09.315899304,1746606969,315455488,joy,-0.0,-0.0,1.0,-0.0,-0.0,1.0,0.0,0.0,0,0,0,0,0,0,0,0,0,0,0
2025/05/07 10:36:09.365979491,1746606969,365597953,joy,-0.0,-0.0,1.0,-0.0,-0.0,1.0,0.0,0.0,0,0,0,0,0,0,0,0,0,0,0
2025/05/07 10:36:09.465840046,1746606969,465298433,joy,-0.0,-0.0,1.0,-0.0,-0.0,1.0,0.0,0.0,0,0,0,0,0,0,0,0,0,0,0
2025/05/07 10:36:09.565794667,1746606969,565330698,joy,-0.0,-0.0,1.0,-0.0,-0.0,1.0,0.0,0.0,0,0,0,0,0,0,0,0,0,0,0
2025/05/07 10:36:09.622395497,1746606969,615794200,joy,-0.0,-0.0,1.0,-0.0,-0.0,1.0,0.0,0.0,0,0,0,0,0,0,0,0,0,0,0
2025/05/07 10:36:09.716394676,1746606969,715184056,joy,-0.0,-0.0,1.0,-0.0,-0.0,1.0,0.0,0.0,0,0,0,0,0,0,0,0,0,0,0
2025/05/07 10:36:09.765847829,1746606969,765276017,joy,-0.0,-0.0,1.0,-0.0,-0.0,1.0,0.0,0.0,0,0,0,0,0,0,0,0,0,0,0
2025/05/07 10:36:09.867008155,1746606969,866103708,joy,-0.0,-0.0,1.0,-0.0,-0.0,1.0,0.0,0.0,0,0,0,0,0,0,0,0,0,0,0
2025/05/07 10:36:09.918712662,1746606969,917537713,joy,-0.0,-0.0,1.0,-0.0,-0.0,1.0,0.0,0.0,0,0,0,0,0,0,0,0,0,0,0
2025/05/07 10:36:09.967993227,1746606969,967760467,joy,-0.0,-0.0,1.0,-0.0,-0.0,1.0,0.0,0.0,0,0,0,0,0,0,0,0,0,0,0
2025/05/07 10:36:10.18886972,1746606970,18070757,joy,-0.0,-0.0,1.0,-0.0,-0.0,1.0,0.0,0.0,0,0,0,0,0,0,0,0,0,0,0
2025/05/07 10:36:10.118200251,1746606970,117911463,joy,-0.0,-0.0,1.0,-0.0,-0.0,1.0,0.0,0.0,0,0,0,0,0,0,0,0,0,0,0
2025/05/07 10:36:10.219686269,1746606970,218157763,joy,-0.0,-0.0,1.0,-0.0,-0.0,1.0,0.0,0.0,0,0,0,0,0,0,0,0,0,0,0
2025/05/07 10:36:10.270465868,1746606970,268871986,joy,-0.0,-0.0,1.0,-0.0,-0.0,1.0,0.0,0.0,0,0,0,0,0,0,0,0,0,0,0
2025/05/07 10:36:10.320174867,1746606970,319965366,joy,-0.0,-0.0,1.0,-0.0,-0.0,1.0,0.0,0.0,0,0,0,0,0,0,0,0,0,0,0
2025/05/07 10:36:10.419459858,1746606970,419282343,joy,-0.0,-0.0,1.0,-0.0,-0.0,1.0,0.0,0.0,0,0,0,0,0,0,0,0,0,0,0
2025/05/07 10:36:10.470819150,1746606970,470661117,joy,-0.0,-0.0,1.0,-0.0,-0.0,1.0,0.0,0.0,0,0,0,0,0,0,0,0,0,0,0
2025/05/07 10:36:10.521916017,1746606970,520818216,joy,-0.0,-0.0,1.0,-0.0,-0.0,1.0,0.0,0.0,0,0,0,0,0,0,0,0,0,0,0
2025/05/07 10:36:10.622181822,1746606970,620938413,joy,-0.0,-0.0,1.0,-0.0,-0.0,1.0,0.0,0.0,0,0,0,0,0,0,0,0,0,0,0
2025/05/07 10:36:10.721911944,1746606970,720682499,joy,-0.0,-0.0,1.0,-0.0,-0.0,1.0,0.0,0.0,0,0,0,0,0,0,0,0,0,0,0
2025/05/07 10:36:10.820571326,1746606970,820306649,joy,-0.0,-0.0,1.0,-0.0,-0.0,1.0,0.0,0.0,0,0,0,0,0,0,0,0,0,0,0
2025/05/07 10:36:10.923451534,1746606970,923207337,joy,-0.0,-0.0,1.0,-0.0,-0.0,1.0,0.0,0.0,0,0,0,0,0,0,0,0,0,0,0
2025/05/07 10:36:10.973999877,1746606970,973729184,joy,-0.0,-0.0,1.0,-0.0,-0.0,1.0,0.0,0.0,0,0,0,0,0,0,0,0,0,0,0
2025/05/07 10:36:11.26123827,1746606971,24560799,joy,-0.0,-0.0,1.0,-0.0,-0.0,1.0,0.0,0.0,0,0,0,0,0,0,0,0,0,0,0
2025/05/07 10:36:11.133938386,1746606971,123402068,joy,-0.0,-0.0,1.0,-0.0,-0.0,1.0,0.0,0.0,0,0,0,0,0,0,0,0,0,0,0
2025/05/07 10:36:11.178919103,1746606971,174027182,joy,-0.0,-0.0,1.0,-0.0,-0.0,1.0,0.0,0.0,0,0,0,0,0,0,0,0,0,0,0
2025/05/07 10:36:11.225295153,1746606971,224726291,joy,-0.0,-0.0,1.0,-0.0,-0.0,1.0,0.0,0.0,0,0,0,0,0,0,0,0,0,0,0
2025/05/07 10:36:11.275737457,1746606971,275169162,joy,-0.0,-0.0,1.0,-0.0,-0.0,1.0,0.0,0.0,0,0,0,0,0,0,0,0,0,0,0
2025/05/07 10:36:11.327519926,1746606971,326170851,joy,-0.0,-0.0,1.0,-0.0,-0.0,1.0,0.0,0.0,0,0,0,0,0,0,0,0,0,0,0
2025/05/07 10:36:11.377653492,1746606971,376735862,joy,-0.0,-0.0,1.0,-0.0,-0.0,1.0,0.0,0.0,0,0,0,0,0,0,0,0,0,0,0
2025/05/07 10:36:11.428105162,1746606971,427167518,joy,-0.0,-0.0,1.0,-0.0,-0.0,1.0,0.0,0.0,0,0,0,0,0,0,0,0,0,0,0
2025/05/07 10:36:11.477696848,1746606971,477175285,joy,-0.0,-0.0,1.0,-0.0,-0.0,1.0,0.0,0.0,0,0,0,0,0,0,0,0,0,0,0
2025/05/07 10:36:11.528139501,1746606971,527697704,joy,-0.0,-0.0,1.0,-0.0,-0.0,1.0,0.0,0.0,0,0,0,0,0,0,0,0,0,0,0
2025/05/07 10:36:11.578486005,1746606971,577758837,joy,-0.0,-0.0,1.0,-0.0,-0.0,1.0,0.0,0.0,0,0,0,0,0,0,0,0,0,0,0
2025/05/07 10:36:11.678476612,1746606971,678147860,joy,-0.0,-0.0,1.0,-0.0,-0.0,1.0,0.0,0.0,0,0,0,0,0,0,0,0,0,0,0
2025/05/07 10:36:11.729622813,1746606971,729161620,joy,-0.0,-0.0,1.0,-0.0,-0.0,1.0,0.0,0.0,0,0,0,0,0,0,0,0,0,0,0
2025/05/07 10:36:11.779578131,1746606971,779221254,joy,-0.0,-0.0,1.0,-0.0,-0.0,1.0,0.0,0.0,0,0,0,0,0,0,0,0,0,0,0
2025/05/07 10:36:11.829949867,1746606971,829609089,joy,-0.0,-0.0,1.0,-0.0,-0.0,1.0,0.0,0.0,0,0,0,0,0,0,0,0,0,0,0
2025/05/07 10:36:11.880357342,1746606971,879887605,joy,-0.0,-0.0,1.0,-0.0,-0.0,1.0,0.0,0.0,0,0,0,0,0,0,0,0,0,0,0
2025/05/07 10:36:11.931074162,1746606971,930776060,joy,-0.0,-0.0,1.0,-0.0,-0.0,1.0,0.0,0.0,0,0,0,0,0,0,0,0,0,0,0
2025/05/07 10:36:11.981480041,1746606971,981065284,joy,-0.0,-0.0,1.0,-0.0,-0.0,1.0,0.0,0.0,0,0,0,0,0,0,0,0,0,0,0
2025/05/07 10:36:12.31991334,1746606972,31575247,joy,-0.0,-0.0,1.0,-0.0,-0.0,1.0,0.0,0.0,0,0,0,0,0,0,0,0,0,0,0
2025/05/07 10:36:12.131155202,1746606972,130840611,joy,-0.0,-0.0,1.0,-0.0,-0.0,1.0,0.0,0.0,0,0,0,0,0,0,0,0,0,0,0
2025/05/07 10:36:12.181440597,1746606972,180930648,joy,-0.0,-0.0,1.0,-0.0,-0.0,1.0,0.0,0.0,0,0,0,0,0,0,0,0,0,0,0
2025/05/07 10:36:12.281979836,1746606972,281332816,joy,-0.0,-0.0,1.0,-0.0,-0.0,1.0,0.0,0.0,0,0,0,0,0,0,0,0,0,0,0
2025/05/07 10:36:12.381844248,1746606972,381565006,joy,-0.0,-0.0,1.0,-0.0,-0.0,1.0,0.0,0.0,0,0,0,0,0,0,0,0,0,0,0
2025/05/07 10:36:12.433594510,1746606972,431873311,joy,-0.0,-0.0,1.0,-0.0,-0.0,1.0,0.0,0.0,0,0,0,0,0,0,0,0,0,0,0
2025/05/07 10:36:12.532328285,1746606972,531791864,joy,-0.0,-0.0,1.0,-0.0,-0.0,1.0,0.0,0.0,0,0,0,0,0,0,0,0,0,0,0
2025/05/07 10:36:12.582782453,1746606972,581871156,joy,-0.0,-0.0,1.0,-0.0,-0.0,1.0,0.0,0.0,0,0,0,0,0,0,0,0,0,0,0
2025/05/07 10:36:12.682595372,1746606972,681577267,joy,-0.0,-0.0,1.0,-0.0,-0.0,1.0,0.0,0.0,0,0,0,0,0,0,0,0,0,0,0
2025/05/07 10:36:12.732819463,1746606972,732197006,joy,-0.0,-0.0,1.0,-0.0,-0.0,1.0,0.0,0.0,0,0,0,0,0,0,0,0,0,0,0
2025/05/07 10:36:12.783647816,1746606972,783132794,joy,-0.0,-0.0,1.0,-0.0,-0.0,1.0,0.0,0.0,0,0,0,0,0,0,0,0,0,0,0
2025/05/07 10:36:12.833948754,1746606972,833503672,joy,-0.0,-0.0,1.0,-0.0,-0.0,1.0,0.0,0.0,0,0,0,0,0,0,0,0,0,0,0
2025/05/07 10:36:12.885285864,1746606972,883885650,joy,-0.0,-0.0,1.0,-0.0,-0.0,1.0,0.0,0.0,0,0,0,0,0,0,0,0,0,0,0
2025/05/07 10:36:12.934981572,1746606972,934777973,joy,-0.0,-0.0,1.0,-0.0,-0.0,1.0,0.0,0.0,0,0,0,0,0,0,0,0,0,0,0
2025/05/07 10:36:12.985589040,1746606972,985215567,joy,-0.0,-0.0,1.0,-0.0,-0.0,1.0,0.0,0.0,0,0,0,0,0,0,0,0,0,0,0
2025/05/07 10:36:13.39729269,1746606973,35287969,joy,-0.0,-0.0,1.0,-0.0,-0.0,1.0,0.0,0.0,0,0,0,0,0,0,0,0,0,0,0
2025/05/07 10:36:13.134933736,1746606973,134597025,joy,-0.0,-0.0,1.0,-0.0,-0.0,1.0,0.0,0.0,0,0,0,0,0,0,0,0,0,0,0
2025/05/07 10:36:13.184968362,1746606973,184781462,joy,-0.0,-0.0,1.0,-0.0,-0.0,1.0,0.0,0.0,0,0,0,0,0,0,0,0,0,0,0
2025/05/07 10:36:13.285280479,1746606973,285065962,joy,-0.0,-0.0,1.0,-0.0,-0.0,1.0,0.0,0.0,0,0,0,0,0,0,0,0,0,0,0
2025/05/07 10:36:13.338095070,1746606973,337699121,joy,-0.0,-0.0,1.0,-0.0,-0.0,1.0,0.0,0.0,0,0,0,0,0,0,0,0,0,0,0
2025/05/07 10:36:13.438370835,1746606973,438068888,joy,-0.0,-0.0,1.0,-0.0,-0.0,1.0,0.0,0.0,0,0,0,0,0,0,0,0,0,0,0
2025/05/07 10:36:13.540290660,1746606973,537914939,joy,-0.0,-0.0,1.0,-0.0,-0.0,1.0,0.0,0.0,0,0,0,0,0,0,0,0,0,0,0
2025/05/07 10:36:13.638650862,1746606973,638089498,joy,-0.0,-0.0,1.0,-0.0,-0.0,1.0,0.0,0.0,0,0,0,0,0,0,0,0,0,0,0
2025/05/07 10:36:13.689465665,1746606973,688354192,joy,-0.0,-0.0,1.0,-0.0,-0.0,1.0,0.0,0.0,0,0,0,0,0,0,0,0,0,0,0
2025/05/07 10:36:13.739419781,1746606973,739000340,joy,-0.0,-0.0,1.0,-0.0,-0.0,1.0,0.0,0.0,0,0,0,0,0,0,0,0,0,0,0
2025/05/07 10:36:13.839147048,1746606973,838851987,joy,-0.0,-0.0,1.0,-0.0,-0.0,1.0,0.0,0.0,0,0,0,0,0,0,0,0,0,0,0
2025/05/07 10:36:13.940341137,1746606973,940038042,joy,-0.0,-0.0,1.0,-0.0,-0.0,1.0,0.0,0.0,0,0,0,0,0,0,0,0,0,0,0
2025/05/07 10:36:14.41418615,1746606974,40524323,joy,-0.0,-0.0,1.0,-0.0,-0.0,1.0,0.0,0.0,0,0,0,0,0,0,0,0,0,0,0
2025/05/07 10:36:14.139580571,1746606974,139294610,joy,-0.0,-0.0,1.0,-0.0,-0.0,1.0,0.0,0.0,0,0,0,0,0,0,0,0,0,0,0
2025/05/07 10:36:14.239710912,1746606974,239435983,joy,-0.0,-0.0,1.0,-0.0,-0.0,1.0,0.0,0.0,0,0,0,0,0,0,0,0,0,0,0
2025/05/07 10:36:14.290715059,1746606974,290454733,joy,-0.0,-0.0,1.0,-0.0,-0.0,1.0,0.0,0.0,0,0,0,0,0,0,0,0,0,0,0
2025/05/07 10:36:14.341629799,1746606974,341148994,joy,-0.0,-0.0,1.0,-0.0,-0.0,1.0,0.0,0.0,0,0,0,0,0,0,0,0,0,0,0
2025/05/07 10:36:14.391751721,1746606974,391533729,joy,-0.0,-0.0,1.0,-0.0,-0.0,1.0,0.0,0.0,0,0,0,0,0,0,0,0,0,0,0
2025/05/07 10:36:14.442295183,1746606974,441972239,joy,-0.0,-0.0,1.0,-0.0,-0.0,1.0,0.0,0.0,0,0,0,0,0,0,0,0,0,0,0
2025/05/07 10:36:14.542495583,1746606974,542217391,joy,-0.0,-0.0,1.0,-0.0,-0.0,1.0,0.0,0.0,0,0,0,0,0,0,0,0,0,0,0
2025/05/07 10:36:14.593506358,1746606974,593072587,joy,-0.0,-0.0,1.0,-0.0,-0.0,1.0,0.0,0.0,0,0,0,0,0,0,0,0,0,0,0
2025/05/07 10:36:14.643366503,1746606974,643100403,joy,-0.0,-0.0,1.0,-0.0,-0.0,1.0,0.0,0.0,0,0,0,0,0,0,0,0,0,0,0
2025/05/07 10:36:14.693961160,1746606974,693727794,joy,-0.0,-0.0,1.0,-0.0,-0.0,1.0,0.0,0.0,0,0,0,0,0,0,0,0,0,0,0
2025/05/07 10:36:14.744482504,1746606974,744108812,joy,-0.0,-0.0,1.0,-0.0,-0.0,1.0,0.0,0.0,0,0,0,0,0,0,0,0,0,0,0
2025/05/07 10:36:14.794665895,1746606974,794353657,joy,-0.0,-0.0,1.0,-0.0,-0.0,1.0,0.0,0.0,0,0,0,0,0,0,0,0,0,0,0
2025/05/07 10:36:14.846501026,1746606974,846156069,joy,-0.0,-0.0,1.0,-0.0,-0.0,1.0,0.0,0.0,0,0,0,0,0,0,0,0,0,0,0
2025/05/07 10:36:14.899827679,1746606974,899609786,joy,-0.0,-0.0,1.0,-0.0,-0.0,1.0,0.0,0.0,0,0,0,0,0,0,0,0,0,0,0
2025/05/07 10:36:14.954210801,1746606974,950114501,joy,-0.0,-0.0,1.0,-0.0,-0.0,1.0,0.0,0.0,0,0,0,0,0,0,0,0,0,0,0
2025/05/07 10:36:15.2136647,1746606975,617654,joy,-0.0,-0.0,1.0,-0.0,-0.0,1.0,0.0,0.0,0,0,0,0,0,0,0,0,0,0,0
2025/05/07 10:36:15.103986873,1746606975,100069792,joy,-0.0,-0.0,1.0,-0.0,-0.0,1.0,0.0,0.0,0,0,0,0,0,0,0,0,0,0,0
2025/05/07 10:36:15.150969890,1746606975,150795652,joy,-0.0,-0.0,1.0,-0.0,-0.0,1.0,0.0,0.0,0,0,0,0,0,0,0,0,0,0,0
2025/05/07 10:36:15.254215380,1746606975,250932982,joy,-0.0,-0.0,1.0,-0.0,-0.0,1.0,0.0,0.0,0,0,0,0,0,0,0,0,0,0,0
2025/05/07 10:36:15.352353997,1746606975,350218695,joy,-0.0,-0.0,1.0,-0.0,-0.0,1.0,0.0,0.0,0,0,0,0,0,0,0,0,0,0,0
2025/05/07 10:36:15.402146515,1746606975,401105190,joy,-0.0,-0.0,1.0,-0.0,-0.0,1.0,0.0,0.0,0,0,0,0,0,0,0,0,0,0,0
2025/05/07 10:36:15.452025258,1746606975,451542998,joy,-0.0,-0.0,1.0,-0.0,-0.0,1.0,0.0,0.0,0,0,0,0,0,0,0,0,0,0,0
2025/05/07 10:36:15.504987922,1746606975,504532460,joy,-0.0,-0.0,1.0,-0.0,-0.0,1.0,0.0,0.0,0,0,0,0,0,0,0,0,0,0,0
2025/05/07 10:36:15.555486678,1746606975,555199097,joy,-0.0,-0.0,1.0,-0.0,-0.0,1.0,0.0,0.0,0,0,0,0,0,0,0,0,0,0,0
2025/05/07 10:36:15.605863547,1746606975,605619504,joy,-0.0,-0.0,1.0,-0.0,-0.0,1.0,0.0,0.0,0,0,0,0,0,0,0,0,0,0,0
2025/05/07 10:36:15.706303026,1746606975,705656257,joy,-0.0,-0.0,1.0,-0.0,-0.0,1.0,0.0,0.0,0,0,0,0,0,0,0,0,0,0,0
2025/05/07 10:36:15.808367991,1746606975,807960433,joy,-0.0,-0.0,1.0,-0.0,-0.0,1.0,0.0,0.0,0,0,0,0,0,0,0,0,0,0,0
2025/05/07 10:36:15.908735408,1746606975,908281228,joy,-0.0,-0.0,1.0,-0.0,-0.0,1.0,0.0,0.0,0,0,0,0,0,0,0,0,0,0,0
2025/05/07 10:36:15.959532263,1746606975,959183393,joy,-0.0,-0.0,1.0,-0.0,-0.0,1.0,0.0,0.0,0,0,0,0,0,0,0,0,0,0,0
2025/05/07 10:36:16.9963631,1746606976,9617303,joy,-0.0,-0.0,1.0,-0.0,-0.0,1.0,0.0,0.0,0,0,0,0,0,0,0,0,0,0,0
2025/05/07 10:36:16.114198094,1746606976,110197163,joy,-0.0,-0.0,1.0,-0.0,-0.0,1.0,0.0,0.0,0,0,0,0,0,0,0,0,0,0,0
2025/05/07 10:36:16.162222308,1746606976,161075331,joy,-0.0,-0.0,1.0,-0.0,-0.0,1.0,0.0,0.0,0,0,0,0,0,0,0,0,0,0,0
2025/05/07 10:36:16.211514943,1746606976,211201147,joy,-0.0,-0.0,1.0,-0.0,-0.0,1.0,0.0,0.0,0,0,0,0,0,0,0,0,0,0,0
2025/05/07 10:36:16.262359634,1746606976,261416243,joy,-0.0,-0.0,1.0,-0.0,-0.0,1.0,0.0,0.0,0,0,0,0,0,0,0,0,0,0,0
2025/05/07 10:36:16.312135660,1746606976,311839826,joy,-0.0,-0.0,1.0,-0.0,-0.0,1.0,0.0,0.0,0,0,0,0,0,0,0,0,0,0,0
2025/05/07 10:36:16.362403910,1746606976,362060061,joy,-0.0,-0.0,1.0,-0.0,-0.0,1.0,0.0,0.0,0,0,0,0,0,0,0,0,0,0,0
2025/05/07 10:36:16.461710520,1746606976,461322555,joy,-0.0,-0.0,1.0,-0.0,-0.0,1.0,0.0,0.0,0,0,0,0,0,0,0,0,0,0,0
2025/05/07 10:36:16.511894793,1746606976,511465170,joy,-0.0,-0.0,1.0,-0.0,-0.0,1.0,0.0,0.0,0,0,0,0,0,0,0,0,0,0,0
2025/05/07 10:36:16.563004388,1746606976,562688188,joy,-0.0,-0.0,1.0,-0.0,-0.0,1.0,0.0,0.0,0,0,0,0,0,0,0,0,0,0,0
2025/05/07 10:36:16.662537856,1746606976,662242069,joy,-0.0,-0.0,1.0,-0.0,-0.0,1.0,0.0,0.0,0,0,0,0,0,0,0,0,0,0,0
2025/05/07 10:36:16.712616306,1746606976,712257361,joy,-0.0,-0.0,1.0,-0.0,-0.0,1.0,0.0,0.0,0,0,0,0,0,0,0,0,0,0,0
2025/05/07 10:36:16.763528709,1746606976,763181976,joy,-0.0,-0.0,1.0,-0.0,-0.0,1.0,0.0,0.0,0,0,0,0,0,0,0,0,0,0,0
2025/05/07 10:36:16.815160087,1746606976,813445237,joy,-0.0,-0.0,1.0,-0.0,-0.0,1.0,0.0,0.0,0,0,0,0,0,0,0,0,0,0,0
2025/05/07 10:36:16.917381275,1746606976,915212062,joy,-0.0,-0.0,1.0,-0.0,-0.0,1.0,0.0,0.0,0,0,0,0,0,0,0,0,0,0,0
2025/05/07 10:36:16.966821947,1746606976,966048957,joy,-0.0,-0.0,1.0,-0.0,-0.0,1.0,0.0,0.0,0,0,0,0,0,0,0,0,0,0,0
2025/05/07 10:36:17.17112832,1746606977,16649410,joy,-0.0,-0.0,1.0,-0.0,-0.0,1.0,0.0,0.0,0,0,0,0,0,0,0,0,0,0,0
2025/05/07 10:36:17.116381391,1746606977,116129043,joy,-0.0,-0.0,1.0,-0.0,-0.0,1.0,0.0,0.0,0,0,0,0,0,0,0,0,0,0,0
2025/05/07 10:36:17.166981507,1746606977,166396013,joy,-0.0,-0.0,1.0,-0.0,-0.0,1.0,0.0,0.0,0,0,0,0,0,0,0,0,0,0,0
2025/05/07 10:36:17.218367099,1746606977,217207979,joy,-0.0,-0.0,1.0,-0.0,-0.0,1.0,0.0,0.0,0,0,0,0,0,0,0,0,0,0,0
2025/05/07 10:36:17.318205039,1746606977,317282532,joy,-0.0,-0.0,1.0,-0.0,-0.0,1.0,0.0,0.0,0,0,0,0,0,0,0,0,0,0,0
2025/05/07 10:36:17.369110658,1746606977,367799716,joy,-0.0,-0.0,1.0,-0.0,-0.0,1.0,0.0,0.0,0,0,0,0,0,0,0,0,0,0,0
2025/05/07 10:36:17.473681336,1746606977,467707780,joy,-0.0,-0.0,1.0,-0.0,-0.0,1.0,0.0,0.0,0,0,0,0,0,0,0,0,0,0,0
2025/05/07 10:36:17.518317758,1746606977,518011433,joy,-0.0,-0.0,1.0,-0.0,-0.0,1.0,0.0,0.0,0,0,0,0,0,0,0,0,0,0,0
2025/05/07 10:36:17.617461237,1746606977,617258535,joy,-0.0,-0.0,1.0,-0.0,-0.0,1.0,0.0,0.0,0,0,0,0,0,0,0,0,0,0,0
2025/05/07 10:36:17.668229245,1746606977,667836287,joy,-0.0,-0.0,1.0,-0.0,-0.0,1.0,0.0,0.0,0,0,0,0,0,0,0,0,0,0,0
2025/05/07 10:36:17.720077957,1746606977,717945466,joy,-0.0,-0.0,1.0,-0.0,-0.0,1.0,0.0,0.0,0,0,0,0,0,0,0,0,0,0,0
2025/05/07 10:36:17.769465257,1746606977,769078656,joy,-0.0,-0.0,1.0,-0.0,-0.0,1.0,0.0,0.0,0,0,0,0,0,0,0,0,0,0,0
2025/05/07 10:36:17.869925262,1746606977,869584501,joy,-0.0,-0.0,1.0,-0.0,-0.0,1.0,0.0,0.0,0,0,0,0,0,0,0,0,0,0,0
2025/05/07 10:36:17.920714432,1746606977,920434613,joy,-0.0,-0.0,1.0,-0.0,-0.0,1.0,0.0,0.0,0,0,0,0,0,0,0,0,0,0,0
2025/05/07 10:36:17.970938216,1746606977,970654450,joy,-0.0,-0.0,1.0,-0.0,-0.0,1.0,0.0,0.0,0,0,0,0,0,0,0,0,0,0,0
2025/05/07 10:36:18.69650723,1746606978,69407748,joy,-0.0,-0.0,1.0,-0.0,-0.0,1.0,0.0,0.0,0,0,0,0,0,0,0,0,0,0,0
2025/05/07 10:36:18.170503564,1746606978,170080132,joy,-0.0,-0.0,1.0,-0.0,-0.0,1.0,0.0,0.0,0,0,0,0,0,0,0,0,0,0,0
2025/05/07 10:36:18.221725752,1746606978,221356604,joy,-0.0,-0.0,1.0,-0.0,-0.0,1.0,0.0,0.0,0,0,0,0,0,0,0,0,0,0,0
2025/05/07 10:36:18.273053237,1746606978,272195289,joy,-0.0,-0.0,1.0,-0.0,-0.0,1.0,0.0,0.0,0,0,0,0,0,0,0,0,0,0,0
2025/05/07 10:36:18.322973909,1746606978,322618839,joy,-0.0,-0.0,1.0,-0.0,-0.0,1.0,0.0,0.0,0,0,0,0,0,0,0,0,0,0,0
2025/05/07 10:36:18.373371087,1746606978,373048315,joy,-0.0,-0.0,1.0,-0.0,-0.0,1.0,0.0,0.0,0,0,0,0,0,0,0,0,0,0,0
2025/05/07 10:36:18.473091496,1746606978,472757647,joy,-0.0,-0.0,1.0,-0.0,-0.0,1.0,0.0,0.0,0,0,0,0,0,0,0,0,0,0,0
2025/05/07 10:36:18.523455497,1746606978,523186986,joy,-0.0,-0.0,1.0,-0.0,-0.0,1.0,0.0,0.0,0,0,0,0,0,0,0,0,0,0,0
2025/05/07 10:36:18.574759763,1746606978,573336529,joy,-0.0,-0.0,1.0,-0.0,-0.0,1.0,0.0,0.0,0,0,0,0,0,0,0,0,0,0,0
2025/05/07 10:36:18.625258488,1746606978,624045076,joy,-0.0,-0.0,1.0,-0.0,-0.0,1.0,0.0,0.0,0,0,0,0,0,0,0,0,0,0,0
2025/05/07 10:36:18.724524209,1746606978,724234149,joy,-0.0,-0.0,1.0,-0.0,-0.0,1.0,0.0,0.0,0,0,0,0,0,0,0,0,0,0,0
2025/05/07 10:36:18.775036802,1746606978,774664490,joy,-0.0,-0.0,1.0,-0.0,-0.0,1.0,0.0,0.0,0,0,0,0,0,0,0,0,0,0,0
2025/05/07 10:36:18.825368418,1746606978,825060554,joy,-0.0,-0.0,1.0,-0.0,-0.0,1.0,0.0,0.0,0,0,0,0,0,0,0,0,0,0,0
2025/05/07 10:36:18.925869346,1746606978,925518460,joy,-0.0,-0.0,1.0,-0.0,-0.0,1.0,0.0,0.0,0,0,0,0,0,0,0,0,0,0,0
2025/05/07 10:36:18.977709537,1746606978,975877894,joy,-0.0,-0.0,1.0,-0.0,-0.0,1.0,0.0,0.0,0,0,0,0,0,0,0,0,0,0,0
2025/05/07 10:36:19.26384746,1746606979,26056579,joy,-0.0,-0.0,1.0,-0.0,-0.0,1.0,0.0,0.0,0,0,0,0,0,0,0,0,0,0,0
2025/05/07 10:36:19.126062621,1746606979,125695001,joy,-0.0,-0.0,1.0,-0.0,-0.0,1.0,0.0,0.0,0,0,0,0,0,0,0,0,0,0,0
2025/05/07 10:36:19.176264295,1746606979,175916870,joy,-0.0,-0.0,1.0,-0.0,-0.0,1.0,0.0,0.0,0,0,0,0,0,0,0,0,0,0,0
2025/05/07 10:36:19.275820396,1746606979,275395598,joy,-0.0,-0.0,1.0,-0.0,-0.0,1.0,0.0,0.0,0,0,0,0,0,0,0,0,0,0,0
2025/05/07 10:36:19.330237402,1746606979,328932189,joy,-0.0,-0.0,1.0,-0.0,-0.0,1.0,0.0,0.0,0,0,0,0,0,0,0,0,0,0,0
2025/05/07 10:36:19.428693639,1746606979,428396435,joy,-0.0,-0.0,1.0,-0.0,-0.0,1.0,0.0,0.0,0,0,0,0,0,0,0,0,0,0,0
2025/05/07 10:36:19.529581009,1746606979,529289942,joy,-0.0,-0.0,1.0,-0.0,-0.0,1.0,0.0,0.0,0,0,0,0,0,0,0,0,0,0,0
2025/05/07 10:36:19.579742275,1746606979,579354162,joy,-0.0,-0.0,1.0,-0.0,-0.0,1.0,0.0,0.0,0,0,0,0,0,0,0,0,0,0,0
2025/05/07 10:36:19.629747123,1746606979,629355302,joy,-0.0,-0.0,1.0,-0.0,-0.0,1.0,0.0,0.0,0,0,0,0,0,0,0,0,0,0,0
2025/05/07 10:36:19.680672262,1746606979,680130360,joy,-0.0,-0.0,1.0,-0.0,-0.0,1.0,0.0,0.0,0,0,0,0,0,0,0,0,0,0,0
2025/05/07 10:36:19.733486505,1746606979,731144972,joy,-0.0,-0.0,1.0,-0.0,-0.0,1.0,0.0,0.0,0,0,0,0,0,0,0,0,0,0,0
2025/05/07 10:36:19.782376017,1746606979,782031910,joy,-0.0,-0.0,1.0,-0.0,-0.0,1.0,0.0,0.0,0,0,0,0,0,0,0,0,0,0,0
2025/05/07 10:36:19.881751275,1746606979,881347009,joy,-0.0,-0.0,1.0,-0.0,-0.0,1.0,0.0,0.0,0,0,0,0,0,0,0,0,0,0,0
2025/05/07 10:36:19.933303462,1746606979,932729783,joy,-0.0,-0.0,1.0,-0.0,-0.0,1.0,0.0,0.0,0,0,0,0,0,0,0,0,0,0,0
2025/05/07 10:36:20.33280410,1746606980,32785929,joy,-0.0,-0.0,1.0,-0.0,-0.0,1.0,0.0,0.0,0,0,0,0,0,0,0,0,0,0,0
2025/05/07 10:36:20.132617237,1746606980,132327723,joy,-0.0,-0.0,1.0,-0.0,-0.0,1.0,0.0,0.0,0,0,0,0,0,0,0,0,0,0,0
2025/05/07 10:36:20.182943122,1746606980,182472593,joy,-0.0,-0.0,1.0,-0.0,-0.0,1.0,0.0,0.0,0,0,0,0,0,0,0,0,0,0,0
2025/05/07 10:36:20.233149092,1746606980,232735558,joy,-0.0,-0.0,1.0,-0.0,-0.0,1.0,0.0,0.0,0,0,0,0,0,0,0,0,0,0,0
2025/05/07 10:36:20.332500141,1746606980,332296216,joy,-0.0,-0.0,1.0,-0.0,-0.0,1.0,0.0,0.0,0,0,0,0,0,0,0,0,0,0,0
2025/05/07 10:36:20.383383091,1746606980,382940466,joy,-0.0,-0.0,1.0,-0.0,-0.0,1.0,0.0,0.0,0,0,0,0,0,0,0,0,0,0,0
2025/05/07 10:36:20.433569729,1746606980,433097893,joy,-0.0,-0.0,1.0,-0.0,-0.0,1.0,0.0,0.0,0,0,0,0,0,0,0,0,0,0,0
2025/05/07 10:36:20.484000249,1746606980,483340983,joy,-0.0,-0.0,1.0,-0.0,-0.0,1.0,0.0,0.0,0,0,0,0,0,0,0,0,0,0,0
2025/05/07 10:36:20.535028558,1746606980,534791458,joy,-0.0,-0.0,1.0,-0.0,-0.0,1.0,0.0,0.0,0,0,0,0,0,0,0,0,0,0,0
2025/05/07 10:36:20.585488671,1746606980,585319280,joy,-0.0,-0.0,1.0,-0.0,-0.0,1.0,0.0,0.0,0,0,0,0,0,0,0,0,0,0,0
2025/05/07 10:36:20.685818138,1746606980,685437725,joy,-0.0,-0.0,1.0,-0.0,-0.0,1.0,0.0,0.0,0,0,0,0,0,0,0,0,0,0,0
2025/05/07 10:36:20.786257547,1746606980,786089177,joy,-0.0,-0.0,1.0,-0.0,-0.0,1.0,0.0,0.0,0,0,0,0,0,0,0,0,0,0,0
2025/05/07 10:36:20.836534403,1746606980,836157035,joy,-0.0,-0.0,1.0,-0.0,-0.0,1.0,0.0,0.0,0,0,0,0,0,0,0,0,0,0,0
2025/05/07 10:36:20.887508468,1746606980,887118052,joy,-0.0,-0.0,1.0,-0.0,-0.0,1.0,0.0,0.0,0,0,0,0,0,0,0,0,0,0,0
2025/05/07 10:36:20.938776931,1746606980,938278649,joy,-0.0,-0.0,1.0,-0.0,-0.0,1.0,0.0,0.0,0,0,0,0,0,0,0,0,0,0,0
2025/05/07 10:36:20.988731849,1746606980,988327448,joy,-0.0,-0.0,1.0,-0.0,-0.0,1.0,0.0,0.0,0,0,0,0,0,0,0,0,0,0,0
2025/05/07 10:36:21.39853383,1746606981,39276396,joy,-0.0,-0.0,1.0,-0.0,-0.0,1.0,0.0,0.0,0,0,0,0,0,0,0,0,0,0,0
2025/05/07 10:36:21.138531922,1746606981,138280837,joy,-0.0,-0.0,1.0,-0.0,-0.0,1.0,0.0,0.0,0,0,0,0,0,0,0,0,0,0,0
2025/05/07 10:36:21.191491401,1746606981,189160268,joy,-0.0,-0.0,1.0,-0.0,-0.0,1.0,0.0,0.0,0,0,0,0,0,0,0,0,0,0,0
2025/05/07 10:36:21.242625030,1746606981,240197370,joy,-0.0,-0.0,1.0,-0.0,-0.0,1.0,0.0,0.0,0,0,0,0,0,0,0,0,0,0,0
2025/05/07 10:36:21.290643051,1746606981,290412950,joy,-0.0,-0.0,1.0,-0.0,-0.0,1.0,0.0,0.0,0,0,0,0,0,0,0,0,0,0,0
2025/05/07 10:36:21.341968437,1746606981,341262613,joy,-0.0,-0.0,1.0,-0.0,-0.0,1.0,0.0,0.0,0,0,0,0,0,0,0,0,0,0,0
2025/05/07 10:36:21.393882111,1746606981,392329878,joy,-0.0,-0.0,1.0,-0.0,-0.0,1.0,0.0,0.0,0,0,0,0,0,0,0,0,0,0,0
2025/05/07 10:36:21.485319053,1746606981,442798778,joy,-0.0,-0.0,1.0,-0.0,-0.0,1.0,0.0,0.0,0,0,0,0,0,0,0,0,0,0,0
2025/05/07 10:36:21.495733893,1746606981,493125416,joy,-0.0,-0.0,1.0,-0.0,-0.0,1.0,0.0,0.0,0,0,0,0,0,0,0,0,0,0,0
2025/05/07 10:36:21.543954299,1746606981,543591656,joy,-0.0,-0.0,1.0,-0.0,-0.0,1.0,0.0,0.0,0,0,0,0,0,0,0,0,0,0,0
2025/05/07 10:36:21.594135303,1746606981,593809376,joy,-0.0,-0.0,1.0,-0.0,-0.0,1.0,0.0,0.0,0,0,0,0,0,0,0,0,0,0,0
2025/05/07 10:36:21.695100235,1746606981,693862973,joy,-0.0,-0.0,1.0,-0.0,-0.0,1.0,0.0,0.0,0,0,0,0,0,0,0,0,0,0,0
2025/05/07 10:36:21.744734957,1746606981,744244942,joy,-0.0,-0.0,1.0,-0.0,-0.0,1.0,0.0,0.0,0,0,0,0,0,0,0,0,0,0,0
2025/05/07 10:36:21.795054375,1746606981,794567816,joy,-0.0,-0.0,1.0,-0.0,-0.0,1.0,0.0,0.0,0,0,0,0,0,0,0,0,0,0,0
2025/05/07 10:36:21.845163858,1746606981,844722529,joy,-0.0,-0.0,1.0,-0.0,-0.0,1.0,0.0,0.0,0,0,0,0,0,0,0,0,0,0,0
2025/05/07 10:36:21.895381648,1746606981,894983493,joy,-0.0,-0.0,1.0,-0.0,-0.0,1.0,0.0,0.0,0,0,0,0,0,0,0,0,0,0,0
2025/05/07 10:36:21.946110054,1746606981,945713046,joy,-0.0,-0.0,1.0,-0.0,-0.0,1.0,0.0,0.0,0,0,0,0,0,0,0,0,0,0,0
2025/05/07 10:36:21.996312221,1746606981,996057619,joy,-0.0,-0.0,1.0,-0.0,-0.0,1.0,0.0,0.0,0,0,0,0,0,0,0,0,0,0,0
2025/05/07 10:36:22.96156091,1746606982,95517869,joy,-0.0,-0.0,1.0,-0.0,-0.0,1.0,0.0,0.0,0,0,0,0,0,0,0,0,0,0,0
2025/05/07 10:36:22.196562922,1746606982,196317243,joy,-0.0,-0.0,1.0,-0.0,-0.0,1.0,0.0,0.0,0,0,0,0,0,0,0,0,0,0,0
2025/05/07 10:36:22.247415952,1746606982,247152124,joy,-0.0,-0.0,1.0,-0.0,-0.0,1.0,0.0,0.0,0,0,0,0,0,0,0,0,0,0,0
2025/05/07 10:36:22.297592890,1746606982,297320105,joy,-0.0,-0.0,1.0,-0.0,-0.0,1.0,0.0,0.0,0,0,0,0,0,0,0,0,0,0,0
2025/05/07 10:36:22.351503422,1746606982,350343077,joy,-0.0,-0.0,1.0,-0.0,-0.0,1.0,0.0,0.0,0,0,0,0,0,0,0,0,0,0,0
2025/05/07 10:36:22.400799352,1746606982,400652091,joy,-0.0,-0.0,1.0,-0.0,-0.0,1.0,0.0,0.0,0,0,0,0,0,0,0,0,0,0,0
2025/05/07 10:36:22.451172775,1746606982,450936538,joy,-0.0,-0.0,1.0,-0.0,-0.0,1.0,0.0,0.0,0,0,0,0,0,0,0,0,0,0,0
2025/05/07 10:36:22.550589254,1746606982,550209327,joy,-0.0,-0.0,1.0,-0.0,-0.0,1.0,0.0,0.0,0,0,0,0,0,0,0,0,0,0,0
2025/05/07 10:36:22.601214382,1746606982,600802145,joy,-0.0,-0.0,1.0,-0.0,-0.0,1.0,0.0,0.0,0,0,0,0,0,0,0,0,0,0,0
2025/05/07 10:36:22.701408138,1746606982,701062747,joy,-0.0,-0.0,1.0,-0.0,-0.0,1.0,0.0,0.0,0,0,0,0,0,0,0,0,0,0,0
2025/05/07 10:36:22.751397888,1746606982,751086965,joy,-0.0,-0.0,1.0,-0.0,-0.0,1.0,0.0,0.0,0,0,0,0,0,0,0,0,0,0,0
2025/05/07 10:36:22.851053675,1746606982,850789092,joy,-0.0,-0.0,1.0,-0.0,-0.0,1.0,0.0,0.0,0,0,0,0,0,0,0,0,0,0,0
2025/05/07 10:36:22.902574962,1746606982,902219659,joy,-0.0,-0.0,1.0,-0.0,-0.0,1.0,0.0,0.0,0,0,0,0,0,0,0,0,0,0,0
2025/05/07 10:36:22.953436537,1746606982,953120358,joy,-0.0,-0.0,1.0,-0.0,-0.0,1.0,0.0,0.0,0,0,0,0,0,0,0,0,0,0,0
2025/05/07 10:36:23.3581076,1746606983,3247659,joy,-0.0,-0.0,1.0,-0.0,-0.0,1.0,0.0,0.0,0,0,0,0,0,0,0,0,0,0,0
2025/05/07 10:36:23.103528979,1746606983,103155701,joy,-0.0,-0.0,1.0,-0.0,-0.0,1.0,0.0,0.0,0,0,0,0,0,0,0,0,0,0,0
2025/05/07 10:36:23.154315712,1746606983,154004527,joy,-0.0,-0.0,1.0,-0.0,-0.0,1.0,0.0,0.0,0,0,0,0,0,0,0,0,0,0,0
2025/05/07 10:36:23.253767824,1746606983,253257006,joy,-0.0,-0.0,1.0,-0.0,-0.0,1.0,0.0,0.0,0,0,0,0,0,0,0,0,0,0,0
2025/05/07 10:36:23.304051636,1746606983,303702039,joy,-0.0,-0.0,1.0,-0.0,-0.0,1.0,0.0,0.0,0,0,0,0,0,0,0,0,0,0,0
2025/05/07 10:36:23.354162690,1746606983,353798696,joy,-0.0,-0.0,1.0,-0.0,-0.0,1.0,0.0,0.0,0,0,0,0,0,0,0,0,0,0,0
2025/05/07 10:36:23.454323152,1746606983,454061565,joy,-0.0,-0.0,1.0,-0.0,-0.0,1.0,0.0,0.0,0,0,0,0,0,0,0,0,0,0,0
2025/05/07 10:36:23.553873867,1746606983,553669312,joy,-0.0,-0.0,1.0,-0.0,-0.0,1.0,0.0,0.0,0,0,0,0,0,0,0,0,0,0,0
2025/05/07 10:36:23.653656374,1746606983,653316765,joy,-0.0,-0.0,1.0,-0.0,-0.0,1.0,0.0,0.0,0,0,0,0,0,0,0,0,0,0,0
2025/05/07 10:36:23.705012287,1746606983,704580126,joy,-0.0,-0.0,1.0,-0.0,-0.0,1.0,0.0,0.0,0,0,0,0,0,0,0,0,0,0,0
2025/05/07 10:36:23.756511567,1746606983,754828497,joy,-0.0,-0.0,1.0,-0.0,-0.0,1.0,0.0,0.0,0,0,0,0,0,0,0,0,0,0,0
2025/05/07 10:36:23.855218918,1746606983,854872716,joy,-0.0,-0.0,1.0,-0.0,-0.0,1.0,0.0,0.0,0,0,0,0,0,0,0,0,0,0,0
2025/05/07 10:36:23.905825370,1746606983,905553512,joy,-0.0,-0.0,1.0,-0.0,-0.0,1.0,0.0,0.0,0,0,0,0,0,0,0,0,0,0,0
2025/05/07 10:36:24.5970029,1746606984,5700993,joy,-0.0,-0.0,1.0,-0.0,-0.0,1.0,0.0,0.0,0,0,0,0,0,0,0,0,0,0,0
2025/05/07 10:36:24.105031825,1746606984,104731253,joy,-0.0,-0.0,1.0,-0.0,-0.0,1.0,0.0,0.0,0,0,0,0,0,0,0,0,0,0,0
2025/05/07 10:36:24.156905514,1746606984,156534886,joy,-0.0,-0.0,1.0,-0.0,-0.0,1.0,0.0,0.0,0,0,0,0,0,0,0,0,0,0,0
2025/05/07 10:36:24.208255904,1746606984,206913026,joy,-0.0,-0.0,1.0,-0.0,-0.0,1.0,0.0,0.0,0,0,0,0,0,0,0,0,0,0,0
2025/05/07 10:36:24.306807326,1746606984,306557819,joy,-0.0,-0.0,1.0,-0.0,-0.0,1.0,0.0,0.0,0,0,0,0,0,0,0,0,0,0,0
2025/05/07 10:36:24.357349991,1746606984,357014444,joy,-0.0,-0.0,1.0,-0.0,-0.0,1.0,0.0,0.0,0,0,0,0,0,0,0,0,0,0,0
2025/05/07 10:36:24.407364211,1746606984,407025360,joy,-0.0,-0.0,1.0,-0.0,-0.0,1.0,0.0,0.0,0,0,0,0,0,0,0,0,0,0,0
2025/05/07 10:36:24.507445326,1746606984,507144002,joy,-0.0,-0.0,1.0,-0.0,-0.0,1.0,0.0,0.0,0,0,0,0,0,0,0,0,0,0,0
2025/05/07 10:36:24.557896450,1746606984,557542723,joy,-0.0,-0.0,1.0,-0.0,-0.0,1.0,0.0,0.0,0,0,0,0,0,0,0,0,0,0,0
2025/05/07 10:36:24.608352375,1746606984,607832680,joy,-0.0,-0.0,1.0,-0.0,-0.0,1.0,0.0,0.0,0,0,0,0,0,0,0,0,0,0,0
2025/05/07 10:36:24.707939174,1746606984,707699681,joy,-0.0,-0.0,1.0,-0.0,-0.0,1.0,0.0,0.0,0,0,0,0,0,0,0,0,0,0,0
2025/05/07 10:36:24.758393674,1746606984,758013911,joy,-0.0,-0.0,1.0,-0.0,-0.0,1.0,0.0,0.0,0,0,0,0,0,0,0,0,0,0,0
2025/05/07 10:36:24.858298813,1746606984,858057597,joy,-0.0,-0.0,1.0,-0.0,-0.0,1.0,0.0,0.0,0,0,0,0,0,0,0,0,0,0,0
2025/05/07 10:36:24.910705131,1746606984,908940986,joy,-0.0,-0.0,1.0,-0.0,-0.0,1.0,0.0,0.0,0,0,0,0,0,0,0,0,0,0,0
2025/05/07 10:36:25.13348953,1746606985,12931385,joy,-0.0,-0.0,1.0,-0.0,-0.0,1.0,0.0,0.0,0,0,0,0,0,0,0,0,0,0,0
2025/05/07 10:36:25.111786504,1746606985,111495811,joy,-0.0,-0.0,1.0,-0.0,-0.0,1.0,0.0,0.0,0,0,0,0,0,0,0,0,0,0,0
2025/05/07 10:36:25.161937131,1746606985,161593394,joy,-0.0,-0.0,1.0,-0.0,-0.0,1.0,0.0,0.0,0,0,0,0,0,0,0,0,0,0,0
2025/05/07 10:36:25.261858633,1746606985,261379579,joy,-0.0,-0.0,1.0,-0.0,-0.0,1.0,0.0,0.0,0,0,0,0,0,0,0,0,0,0,0
2025/05/07 10:36:25.362552335,1746606985,362220192,joy,-0.0,-0.0,1.0,-0.0,-0.0,1.0,0.0,0.0,0,0,0,0,0,0,0,0,0,0,0
2025/05/07 10:36:25.413558816,1746606985,413169510,joy,-0.0,-0.0,1.0,-0.0,-0.0,1.0,0.0,0.0,0,0,0,0,0,0,0,0,0,0,0
2025/05/07 10:36:25.464151942,1746606985,463768342,joy,-0.0,-0.0,1.0,-0.0,-0.0,1.0,0.0,0.0,0,0,0,0,0,0,0,0,0,0,0
2025/05/07 10:36:25.514402002,1746606985,514127383,joy,-0.0,-0.0,1.0,-0.0,-0.0,1.0,0.0,0.0,0,0,0,0,0,0,0,0,0,0,0
2025/05/07 10:36:25.614281489,1746606985,613577708,joy,-0.0,-0.0,1.0,-0.0,-0.0,1.0,0.0,0.0,0,0,0,0,0,0,0,0,0,0,0
2025/05/07 10:36:25.714230076,1746606985,713911050,joy,-0.0,-0.0,1.0,-0.0,-0.0,1.0,0.0,0.0,0,0,0,0,0,0,0,0,0,0,0
2025/05/07 10:36:25.764690808,1746606985,764122340,joy,-0.0,-0.0,1.0,-0.0,-0.0,1.0,0.0,0.0,0,0,0,0,0,0,0,0,0,0,0
2025/05/07 10:36:25.814865309,1746606985,814428997,joy,-0.0,-0.0,1.0,-0.0,-0.0,1.0,0.0,0.0,0,0,0,0,0,0,0,0,0,0,0
2025/05/07 10:36:25.865366705,1746606985,864935611,joy,-0.0,-0.0,1.0,-0.0,-0.0,1.0,0.0,0.0,0,0,0,0,0,0,0,0,0,0,0
2025/05/07 10:36:25.916024796,1746606985,915668720,joy,-0.0,-0.0,1.0,-0.0,-0.0,1.0,0.0,0.0,0,0,0,0,0,0,0,0,0,0,0
2025/05/07 10:36:26.15969219,1746606986,15642139,joy,-0.0,-0.0,1.0,-0.0,-0.0,1.0,0.0,0.0,0,0,0,0,0,0,0,0,0,0,0
2025/05/07 10:36:26.114784887,1746606986,114349841,joy,-0.0,-0.0,1.0,-0.0,-0.0,1.0,0.0,0.0,0,0,0,0,0,0,0,0,0,0,0
2025/05/07 10:36:26.165367290,1746606986,164972383,joy,-0.0,-0.0,1.0,-0.0,-0.0,1.0,0.0,0.0,0,0,0,0,0,0,0,0,0,0,0
2025/05/07 10:36:26.216226820,1746606986,215164790,joy,-0.0,-0.0,1.0,-0.0,-0.0,1.0,0.0,0.0,0,0,0,0,0,0,0,0,0,0,0
2025/05/07 10:36:26.266142730,1746606986,265755889,joy,-0.0,-0.0,1.0,-0.0,-0.0,1.0,0.0,0.0,0,0,0,0,0,0,0,0,0,0,0
2025/05/07 10:36:26.316568261,1746606986,316056841,joy,-0.0,-0.0,1.0,-0.0,-0.0,1.0,0.0,0.0,0,0,0,0,0,0,0,0,0,0,0
2025/05/07 10:36:26.416234769,1746606986,415557627,joy,-0.0,-0.0,1.0,-0.0,-0.0,1.0,0.0,0.0,0,0,0,0,0,0,0,0,0,0,0
2025/05/07 10:36:26.517829232,1746606986,516624347,joy,-0.0,-0.0,1.0,-0.0,-0.0,1.0,0.0,0.0,0,0,0,0,0,0,0,0,0,0,0
2025/05/07 10:36:26.617449824,1746606986,616566335,joy,-0.0,-0.0,1.0,-0.0,-0.0,1.0,0.0,0.0,0,0,0,0,0,0,0,0,0,0,0
2025/05/07 10:36:26.667715200,1746606986,667466202,joy,-0.0,-0.0,1.0,-0.0,-0.0,1.0,0.0,0.0,0,0,0,0,0,0,0,0,0,0,0
2025/05/07 10:36:26.719347842,1746606986,718216681,joy,-0.0,-0.0,1.0,-0.0,-0.0,1.0,0.0,0.0,0,0,0,0,0,0,0,0,0,0,0
2025/05/07 10:36:26.769590734,1746606986,769242859,joy,-0.0,-0.0,1.0,-0.0,-0.0,1.0,0.0,0.0,0,0,0,0,0,0,0,0,0,0,0
2025/05/07 10:36:26.823908575,1746606986,820129585,joy,-0.0,-0.0,1.0,-0.0,-0.0,1.0,0.0,0.0,0,0,0,0,0,0,0,0,0,0,0
2025/05/07 10:36:26.921113465,1746606986,920786135,joy,-0.0,-0.0,1.0,-0.0,-0.0,1.0,0.0,0.0,0,0,0,0,0,0,0,0,0,0,0
2025/05/07 10:36:27.21417811,1746606987,20928975,joy,-0.0,-0.0,1.0,-0.0,-0.0,1.0,0.0,0.0,0,0,0,0,0,0,0,0,0,0,0
2025/05/07 10:36:27.121093652,1746606987,120844879,joy,-0.0,-0.0,1.0,-0.0,-0.0,1.0,0.0,0.0,0,0,0,0,0,0,0,0,0,0,0
2025/05/07 10:36:27.220680361,1746606987,220450378,joy,-0.0,-0.0,1.0,-0.0,-0.0,1.0,0.0,0.0,0,0,0,0,0,0,0,0,0,0,0
2025/05/07 10:36:27.271520219,1746606987,271250428,joy,-0.0,-0.0,1.0,-0.0,-0.0,1.0,0.0,0.0,0,0,0,0,0,0,0,0,0,0,0
2025/05/07 10:36:27.321682644,1746606987,321367967,joy,-0.0,-0.0,1.0,-0.0,-0.0,1.0,0.0,0.0,0,0,0,0,0,0,0,0,0,0,0
2025/05/07 10:36:27.372426311,1746606987,371964064,joy,-0.0,-0.0,1.0,-0.0,-0.0,1.0,0.0,0.0,0,0,0,0,0,0,0,0,0,0,0
2025/05/07 10:36:27.471729240,1746606987,471440421,joy,-0.0,-0.0,1.0,-0.0,-0.0,1.0,0.0,0.0,0,0,0,0,0,0,0,0,0,0,0
2025/05/07 10:36:27.523187996,1746606987,522687946,joy,-0.0,-0.0,1.0,-0.0,-0.0,1.0,0.0,0.0,0,0,0,0,0,0,0,0,0,0,0
2025/05/07 10:36:27.622556058,1746606987,622221629,joy,-0.0,-0.0,1.0,-0.0,-0.0,1.0,0.0,0.0,0,0,0,0,0,0,0,0,0,0,0
2025/05/07 10:36:27.673522927,1746606987,673175553,joy,-0.0,-0.0,1.0,-0.0,-0.0,1.0,0.0,0.0,0,0,0,0,0,0,0,0,0,0,0
2025/05/07 10:36:27.728546557,1746606987,726082562,joy,-0.0,-0.0,1.0,-0.0,-0.0,1.0,0.0,0.0,0,0,0,0,0,0,0,0,0,0,0
2025/05/07 10:36:27.825873669,1746606987,825589823,joy,-0.0,-0.0,1.0,-0.0,-0.0,1.0,0.0,0.0,0,0,0,0,0,0,0,0,0,0,0
2025/05/07 10:36:27.876382251,1746606987,876137814,joy,-0.0,-0.0,1.0,-0.0,-0.0,1.0,0.0,0.0,0,0,0,0,0,0,0,0,0,0,0
2025/05/07 10:36:27.927302167,1746606987,926695049,joy,-0.0,-0.0,1.0,-0.0,-0.0,1.0,0.0,0.0,0,0,0,0,0,0,0,0,0,0,0
2025/05/07 10:36:27.977068577,1746606987,976739566,joy,-0.0,-0.0,1.0,-0.0,-0.0,1.0,0.0,0.0,0,0,0,0,0,0,0,0,0,0,0
2025/05/07 10:36:28.27716685,1746606988,27227784,joy,-0.0,-0.0,1.0,-0.0,-0.0,1.0,0.0,0.0,0,0,0,0,0,0,0,0,0,0,0
2025/05/07 10:36:28.126745383,1746606988,126338024,joy,-0.0,-0.0,1.0,-0.0,-0.0,1.0,0.0,0.0,0,0,0,0,0,0,0,0,0,0,0
2025/05/07 10:36:28.178656124,1746606988,177292402,joy,-0.0,-0.0,1.0,-0.0,-0.0,1.0,0.0,0.0,0,0,0,0,0,0,0,0,0,0,0
2025/05/07 10:36:28.229576852,1746606988,228961157,joy,-0.0,-0.0,1.0,-0.0,-0.0,1.0,0.0,0.0,0,0,0,0,0,0,0,0,0,0,0
2025/05/07 10:36:28.328624252,1746606988,328241942,joy,-0.0,-0.0,1.0,-0.0,-0.0,1.0,0.0,0.0,0,0,0,0,0,0,0,0,0,0,0
2025/05/07 10:36:28.379756872,1746606988,379398688,joy,-0.0,-0.0,1.0,-0.0,-0.0,1.0,0.0,0.0,0,0,0,0,0,0,0,0,0,0,0
2025/05/07 10:36:28.430131415,1746606988,429800274,joy,-0.0,-0.0,1.0,-0.0,-0.0,1.0,0.0,0.0,0,0,0,0,0,0,0,0,0,0,0
2025/05/07 10:36:28.480334965,1746606988,480144894,joy,-0.0,-0.0,1.0,-0.0,-0.0,1.0,0.0,0.0,0,0,0,0,0,0,0,0,0,0,0
2025/05/07 10:36:28.580386732,1746606988,579610439,joy,-0.0,-0.0,1.0,-0.0,-0.0,1.0,0.0,0.0,0,0,0,0,0,0,0,0,0,0,0
2025/05/07 10:36:28.630178899,1746606988,629905634,joy,-0.0,-0.0,1.0,-0.0,-0.0,1.0,0.0,0.0,0,0,0,0,0,0,0,0,0,0,0
2025/05/07 10:36:28.680530828,1746606988,680218655,joy,-0.0,-0.0,1.0,-0.0,-0.0,1.0,0.0,0.0,0,0,0,0,0,0,0,0,0,0,0
2025/05/07 10:36:28.731187847,1746606988,730720053,joy,-0.0,-0.0,1.0,-0.0,-0.0,1.0,0.0,0.0,0,0,0,0,0,0,0,0,0,0,0
2025/05/07 10:36:28.781707892,1746606988,781123251,joy,-0.0,-0.0,1.0,-0.0,-0.0,1.0,0.0,0.0,0,0,0,0,0,0,0,0,0,0,0
2025/05/07 10:36:28.880979857,1746606988,880547845,joy,-0.0,-0.0,1.0,-0.0,-0.0,1.0,0.0,0.0,0,0,0,0,0,0,0,0,0,0,0
2025/05/07 10:36:28.932500860,1746606988,931862319,joy,-0.0,-0.0,1.0,-0.0,-0.0,1.0,0.0,0.0,0,0,0,0,0,0,0,0,0,0,0
2025/05/07 10:36:29.31761704,1746606989,31467879,joy,-0.0,-0.0,1.0,-0.0,-0.0,1.0,0.0,0.0,0,0,0,0,0,0,0,0,0,0,0
2025/05/07 10:36:29.131229483,1746606989,130635078,joy,-0.0,-0.0,1.0,-0.0,-0.0,1.0,0.0,0.0,0,0,0,0,0,0,0,0,0,0,0
2025/05/07 10:36:29.181594640,1746606989,180902854,joy,-0.0,-0.0,1.0,-0.0,-0.0,1.0,0.0,0.0,0,0,0,0,0,0,0,0,0,0,0
2025/05/07 10:36:29.231605697,1746606989,231094460,joy,-0.0,-0.0,1.0,-0.0,-0.0,1.0,0.0,0.0,0,0,0,0,0,0,0,0,0,0,0
2025/05/07 10:36:29.281758673,1746606989,281240071,joy,-0.0,-0.0,1.0,-0.0,-0.0,1.0,0.0,0.0,0,0,0,0,0,0,0,0,0,0,0
2025/05/07 10:36:29.333968725,1746606989,331866461,joy,-0.0,-0.0,1.0,-0.0,-0.0,1.0,0.0,0.0,0,0,0,0,0,0,0,0,0,0,0
2025/05/07 10:36:29.382488568,1746606989,382083782,joy,-0.0,-0.0,1.0,-0.0,-0.0,1.0,0.0,0.0,0,0,0,0,0,0,0,0,0,0,0
2025/05/07 10:36:29.432452118,1746606989,432135357,joy,-0.0,-0.0,1.0,-0.0,-0.0,1.0,0.0,0.0,0,0,0,0,0,0,0,0,0,0,0
2025/05/07 10:36:29.533349940,1746606989,533047263,joy,-0.0,-0.0,1.0,-0.0,-0.0,1.0,0.0,0.0,0,0,0,0,0,0,0,0,0,0,0
2025/05/07 10:36:29.632838414,1746606989,632498239,joy,-0.0,-0.0,1.0,-0.0,-0.0,1.0,0.0,0.0,0,0,0,0,0,0,0,0,0,0,0
2025/05/07 10:36:29.683322636,1746606989,682962659,joy,-0.0,-0.0,1.0,-0.0,-0.0,1.0,0.0,0.0,0,0,0,0,0,0,0,0,0,0,0
2025/05/07 10:36:29.733333593,1746606989,732970748,joy,-0.0,-0.0,1.0,-0.0,-0.0,1.0,0.0,0.0,0,0,0,0,0,0,0,0,0,0,0
2025/05/07 10:36:29.833474476,1746606989,832849148,joy,-0.0,-0.0,1.0,-0.0,-0.0,1.0,0.0,0.0,0,0,0,0,0,0,0,0,0,0,0
2025/05/07 10:36:29.885031317,1746606989,883822380,joy,-0.0,-0.0,1.0,-0.0,-0.0,1.0,0.0,0.0,0,0,0,0,0,0,0,0,0,0,0
2025/05/07 10:36:29.935048930,1746606989,934863849,joy,-0.0,-0.0,1.0,-0.0,-0.0,1.0,0.0,0.0,0,0,0,0,0,0,0,0,0,0,0
2025/05/07 10:36:30.35249283,1746606990,34928710,joy,-0.0,-0.0,1.0,-0.0,-0.0,1.0,0.0,0.0,0,0,0,0,0,0,0,0,0,0,0
2025/05/07 10:36:30.133914348,1746606990,133584827,joy,-0.0,-0.0,1.0,-0.0,-0.0,1.0,0.0,0.0,0,0,0,0,0,0,0,0,0,0,0
2025/05/07 10:36:30.184301463,1746606990,183656493,joy,-0.0,-0.0,1.0,-0.0,-0.0,1.0,0.0,0.0,0,0,0,0,0,0,0,0,0,0,0
2025/05/07 10:36:30.234736672,1746606990,234209851,joy,-0.0,-0.0,1.0,-0.0,-0.0,1.0,0.0,0.0,0,0,0,0,0,0,0,0,0,0,0
2025/05/07 10:36:30.285567470,1746606990,285235950,joy,-0.0,-0.0,1.0,-0.0,-0.0,1.0,0.0,0.0,0,0,0,0,0,0,0,0,0,0,0
2025/05/07 10:36:30.335858739,1746606990,335608742,joy,-0.0,-0.0,1.0,-0.0,-0.0,1.0,0.0,0.0,0,0,0,0,0,0,0,0,0,0,0
2025/05/07 10:36:30.435787505,1746606990,435383443,joy,-0.0,-0.0,1.0,-0.0,-0.0,1.0,0.0,0.0,0,0,0,0,0,0,0,0,0,0,0
2025/05/07 10:36:30.543073149,1746606990,536169312,joy,-0.0,-0.0,1.0,-0.0,-0.0,1.0,0.0,0.0,0,0,0,0,0,0,0,0,0,0,0
2025/05/07 10:36:30.586712567,1746606990,586238624,joy,-0.0,-0.0,1.0,-0.0,-0.0,1.0,0.0,0.0,0,0,0,0,0,0,0,0,0,0,0
2025/05/07 10:36:30.637425832,1746606990,636303725,joy,-0.0,-0.0,1.0,-0.0,-0.0,1.0,0.0,0.0,0,0,0,0,0,0,0,0,0,0,0
2025/05/07 10:36:30.686621709,1746606990,686347652,joy,-0.0,-0.0,1.0,-0.0,-0.0,1.0,0.0,0.0,0,0,0,0,0,0,0,0,0,0,0
2025/05/07 10:36:30.737484929,1746606990,737262399,joy,-0.0,-0.0,1.0,-0.0,-0.0,1.0,0.0,0.0,0,0,0,0,0,0,0,0,0,0,0
2025/05/07 10:36:30.788326413,1746606990,787952016,joy,-0.0,-0.0,1.0,-0.0,-0.0,1.0,0.0,0.0,0,0,0,0,0,0,0,0,0,0,0
2025/05/07 10:36:30.838348929,1746606990,838122781,joy,-0.0,-0.0,1.0,-0.0,-0.0,1.0,0.0,0.0,0,0,0,0,0,0,0,0,0,0,0
2025/05/07 10:36:30.888500552,1746606990,888204583,joy,-0.0,-0.0,1.0,-0.0,-0.0,1.0,0.0,0.0,0,0,0,0,0,0,0,0,0,0,0
2025/05/07 10:36:30.939855525,1746606990,939280207,joy,-0.0,-0.0,1.0,-0.0,-0.0,1.0,0.0,0.0,0,0,0,0,0,0,0,0,0,0,0
2025/05/07 10:36:30.990441267,1746606990,990067491,joy,-0.0,-0.0,1.0,-0.0,-0.0,1.0,0.0,0.0,0,0,0,0,0,0,0,0,0,0,0
2025/05/07 10:36:31.89376023,1746606991,88808631,joy,-0.0,-0.0,1.0,-0.0,-0.0,1.0,0.0,0.0,0,0,0,0,0,0,0,0,0,0,0
2025/05/07 10:36:31.139600897,1746606991,139167417,joy,-0.0,-0.0,1.0,-0.0,-0.0,1.0,0.0,0.0,0,0,0,0,0,0,0,0,0,0,0
2025/05/07 10:36:31.189811544,1746606991,189496187,joy,-0.0,-0.0,1.0,-0.0,-0.0,1.0,0.0,0.0,0,0,0,0,0,0,0,0,0,0,0
2025/05/07 10:36:31.240003581,1746606991,239630252,joy,-0.0,-0.0,1.0,-0.0,-0.0,1.0,0.0,0.0,0,0,0,0,0,0,0,0,0,0,0
2025/05/07 10:36:31.289984535,1746606991,289692896,joy,-0.0,-0.0,1.0,-0.0,-0.0,1.0,0.0,0.0,0,0,0,0,0,0,0,0,0,0,0
2025/05/07 10:36:31.346176955,1746606991,342549721,joy,-0.0,-0.0,1.0,-0.0,-0.0,1.0,0.0,0.0,0,0,0,0,0,0,0,0,0,0,0
2025/05/07 10:36:31.393519722,1746606991,393052377,joy,-0.0,-0.0,1.0,-0.0,-0.0,1.0,0.0,0.0,0,0,0,0,0,0,0,0,0,0,0
2025/05/07 10:36:31.494045678,1746606991,492793880,joy,-0.0,-0.0,1.0,-0.0,-0.0,1.0,0.0,0.0,0,0,0,0,0,0,0,0,0,0,0
2025/05/07 10:36:31.543416874,1746606991,543037446,joy,-0.0,-0.0,1.0,-0.0,-0.0,1.0,0.0,0.0,0,0,0,0,0,0,0,0,0,0,0
2025/05/07 10:36:31.643229791,1746606991,642993022,joy,-0.0,-0.0,1.0,-0.0,-0.0,1.0,0.0,0.0,0,0,0,0,0,0,0,0,0,0,0
2025/05/07 10:36:31.693969928,1746606991,692993662,joy,-0.0,-0.0,1.0,-0.0,-0.0,1.0,0.0,0.0,0,0,0,0,0,0,0,0,0,0,0
2025/05/07 10:36:31.792705779,1746606991,792427466,joy,-0.0,-0.0,1.0,-0.0,-0.0,1.0,0.0,0.0,0,0,0,0,0,0,0,0,0,0,0
2025/05/07 10:36:31.844414977,1746606991,843155501,joy,-0.0,-0.0,1.0,-0.0,-0.0,1.0,0.0,0.0,0,0,0,0,0,0,0,0,0,0,0
2025/05/07 10:36:31.894234586,1746606991,893505235,joy,-0.0,-0.0,1.0,-0.0,-0.0,1.0,0.0,0.0,0,0,0,0,0,0,0,0,0,0,0
2025/05/07 10:36:31.946374360,1746606991,946063019,joy,-0.0,-0.0,1.0,-0.0,-0.0,1.0,0.0,0.0,0,0,0,0,0,0,0,0,0,0,0
2025/05/07 10:36:32.45636317,1746606992,44628875,joy,-0.0,-0.0,1.0,-0.0,-0.0,1.0,0.0,0.0,0,0,0,0,0,0,0,0,0,0,0
2025/05/07 10:36:32.145083605,1746606992,144838740,joy,-0.0,-0.0,1.0,-0.0,-0.0,1.0,0.0,0.0,0,0,0,0,0,0,0,0,0,0,0
2025/05/07 10:36:32.211579340,1746606992,194872796,joy,-0.0,-0.0,1.0,-0.0,-0.0,1.0,0.0,0.0,0,0,0,0,0,0,0,0,0,0,0
2025/05/07 10:36:32.295517229,1746606992,295106737,joy,-0.0,-0.0,1.0,-0.0,-0.0,1.0,0.0,0.0,0,0,0,0,0,0,0,0,0,0,0
2025/05/07 10:36:32.395150114,1746606992,394345250,joy,-0.0,-0.0,1.0,-0.0,-0.0,1.0,0.0,0.0,0,0,0,0,0,0,0,0,0,0,0
2025/05/07 10:36:32.445071829,1746606992,444645405,joy,-0.0,-0.0,1.0,-0.0,-0.0,1.0,0.0,0.0,0,0,0,0,0,0,0,0,0,0,0
2025/05/07 10:36:32.495351264,1746606992,494817700,joy,-0.0,-0.0,1.0,-0.0,-0.0,1.0,0.0,0.0,0,0,0,0,0,0,0,0,0,0,0
2025/05/07 10:36:32.545547802,1746606992,545059226,joy,-0.0,-0.0,1.0,-0.0,-0.0,1.0,0.0,0.0,0,0,0,0,0,0,0,0,0,0,0
2025/05/07 10:36:32.595384272,1746606992,595117014,joy,-0.0,-0.0,1.0,-0.0,-0.0,1.0,0.0,0.0,0,0,0,0,0,0,0,0,0,0,0
2025/05/07 10:36:32.646267350,1746606992,645161969,joy,-0.0,-0.0,1.0,-0.0,-0.0,1.0,0.0,0.0,0,0,0,0,0,0,0,0,0,0,0
2025/05/07 10:36:32.696129238,1746606992,695520556,joy,-0.0,-0.0,1.0,-0.0,-0.0,1.0,0.0,0.0,0,0,0,0,0,0,0,0,0,0,0
2025/05/07 10:36:32.745838557,1746606992,745524660,joy,-0.0,-0.0,1.0,-0.0,-0.0,1.0,0.0,0.0,0,0,0,0,0,0,0,0,0,0,0
2025/05/07 10:36:32.796356474,1746606992,796179172,joy,-0.0,-0.0,1.0,-0.0,-0.0,1.0,0.0,0.0,0,0,0,0,0,0,0,0,0,0,0
2025/05/07 10:36:32.847363663,1746606992,846836936,joy,-0.0,-0.0,1.0,-0.0,-0.0,1.0,0.0,0.0,0,0,0,0,0,0,0,0,0,0,0
2025/05/07 10:36:32.898376583,1746606992,898081493,joy,-0.0,-0.0,1.0,-0.0,-0.0,1.0,0.0,0.0,0,0,0,0,0,0,0,0,0,0,0
2025/05/07 10:36:32.998367836,1746606992,997562691,joy,-0.0,-0.0,1.0,-0.0,-0.0,1.0,0.0,0.0,0,0,0,0,0,0,0,0,0,0,0
2025/05/07 10:36:33.97465164,1746606993,97204115,joy,-0.0,-0.0,1.0,-0.0,-0.0,1.0,0.0,0.0,0,0,0,0,0,0,0,0,0,0,0
2025/05/07 10:36:33.147989469,1746606993,147635615,joy,-0.0,-0.0,1.0,-0.0,-0.0,1.0,0.0,0.0,0,0,0,0,0,0,0,0,0,0,0
2025/05/07 10:36:33.198857127,1746606993,198245978,joy,-0.0,-0.0,1.0,-0.0,-0.0,1.0,0.0,0.0,0,0,0,0,0,0,0,0,0,0,0
2025/05/07 10:36:33.254888665,1746606993,249187566,joy,-0.0,-0.0,1.0,-0.0,-0.0,1.0,0.0,0.0,0,0,0,0,0,0,0,0,0,0,0
2025/05/07 10:36:33.299508471,1746606993,299297713,joy,-0.0,-0.0,1.0,-0.0,-0.0,1.0,0.0,0.0,0,0,0,0,0,0,0,0,0,0,0
2025/05/07 10:36:33.350503208,1746606993,350167750,joy,-0.0,-0.0,1.0,-0.0,-0.0,1.0,0.0,0.0,0,0,0,0,0,0,0,0,0,0,0
2025/05/07 10:36:33.400791464,1746606993,400269095,joy,-0.0,-0.0,1.0,-0.0,-0.0,1.0,0.0,0.0,0,0,0,0,0,0,0,0,0,0,0
2025/05/07 10:36:33.451122140,1746606993,450869783,joy,-0.0,-0.0,1.0,-0.0,-0.0,1.0,0.0,0.0,0,0,0,0,0,0,0,0,0,0,0
2025/05/07 10:36:33.501436660,1746606993,500973069,joy,-0.0,-0.0,1.0,-0.0,-0.0,1.0,0.0,0.0,0,0,0,0,0,0,0,0,0,0,0
2025/05/07 10:36:33.551750469,1746606993,551270231,joy,-0.0,-0.0,1.0,-0.0,-0.0,1.0,0.0,0.0,0,0,0,0,0,0,0,0,0,0,0
2025/05/07 10:36:33.602950777,1746606993,602144898,joy,-0.0,-0.0,1.0,-0.0,-0.0,1.0,0.0,0.0,0,0,0,0,0,0,0,0,0,0,0
2025/05/07 10:36:33.730458134,1746606993,702074053,joy,-0.0,-0.0,1.0,-0.0,-0.0,1.0,0.0,0.0,0,0,0,0,0,0,0,0,0,0,0
2025/05/07 10:36:33.802794618,1746606993,802170348,joy,-0.0,-0.0,1.0,-0.0,-0.0,1.0,0.0,0.0,0,0,0,0,0,0,0,0,0,0,0
2025/05/07 10:36:33.853158867,1746606993,852929596,joy,-0.0,-0.0,1.0,-0.0,-0.0,1.0,0.0,0.0,0,0,0,0,0,0,0,0,0,0,0
2025/05/07 10:36:33.903985527,1746606993,903740283,joy,-0.0,-0.0,1.0,-0.0,-0.0,1.0,0.0,0.0,0,0,0,0,0,0,0,0,0,0,0
2025/05/07 10:36:33.954448183,1746606993,953858394,joy,-0.0,-0.0,1.0,-0.0,-0.0,1.0,0.0,0.0,0,0,0,0,0,0,0,0,0,0,0
2025/05/07 10:36:34.54224723,1746606994,53808223,joy,-0.0,-0.0,1.0,-0.0,-0.0,1.0,0.0,0.0,0,0,0,0,0,0,0,0,0,0,0
2025/05/07 10:36:34.154101724,1746606994,153413322,joy,-0.0,-0.0,1.0,-0.0,-0.0,1.0,0.0,0.0,0,0,0,0,0,0,0,0,0,0,0
2025/05/07 10:36:34.253710486,1746606994,253254980,joy,-0.0,-0.0,1.0,-0.0,-0.0,1.0,0.0,0.0,0,0,0,0,0,0,0,0,0,0,0
2025/05/07 10:36:34.304503298,1746606994,304296577,joy,-0.0,-0.0,1.0,-0.0,-0.0,1.0,0.0,0.0,0,0,0,0,0,0,0,0,0,0,0
2025/05/07 10:36:34.356622895,1746606994,356142891,joy,-0.0,-0.0,1.0,-0.0,-0.0,1.0,0.0,0.0,0,0,0,0,0,0,0,0,0,0,0
2025/05/07 10:36:34.464746299,1746606994,456325861,joy,-0.0,-0.0,1.0,-0.0,-0.0,1.0,0.0,0.0,0,0,0,0,0,0,0,0,0,0,0
2025/05/07 10:36:34.507591601,1746606994,507253493,joy,-0.0,-0.0,1.0,-0.0,-0.0,1.0,0.0,0.0,0,0,0,0,0,0,0,0,0,0,0
2025/05/07 10:36:34.558287222,1746606994,557963946,joy,-0.0,-0.0,1.0,-0.0,-0.0,1.0,0.0,0.0,0,0,0,0,0,0,0,0,0,0,0
2025/05/07 10:36:34.609037628,1746606994,608271118,joy,-0.0,-0.0,1.0,-0.0,-0.0,1.0,0.0,0.0,0,0,0,0,0,0,0,0,0,0,0
2025/05/07 10:36:34.658935934,1746606994,658635587,joy,-0.0,-0.0,1.0,-0.0,-0.0,1.0,0.0,0.0,0,0,0,0,0,0,0,0,0,0,0
2025/05/07 10:36:34.709034130,1746606994,708657940,joy,-0.0,-0.0,1.0,-0.0,-0.0,1.0,0.0,0.0,0,0,0,0,0,0,0,0,0,0,0
2025/05/07 10:36:34.758992583,1746606994,758692685,joy,-0.0,-0.0,1.0,-0.0,-0.0,1.0,0.0,0.0,0,0,0,0,0,0,0,0,0,0,0
2025/05/07 10:36:34.809484391,1746606994,809174085,joy,-0.0,-0.0,1.0,-0.0,-0.0,1.0,0.0,0.0,0,0,0,0,0,0,0,0,0,0,0
2025/05/07 10:36:34.910874485,1746606994,910483239,joy,-0.0,-0.0,1.0,-0.0,-0.0,1.0,0.0,0.0,0,0,0,0,0,0,0,0,0,0,0
2025/05/07 10:36:35.12342131,1746606995,11868891,joy,-0.0,-0.0,1.0,-0.0,-0.0,1.0,0.0,0.0,0,0,0,0,0,0,0,0,0,0,0
2025/05/07 10:36:35.111340935,1746606995,111011368,joy,-0.0,-0.0,1.0,-0.0,-0.0,1.0,0.0,0.0,0,0,0,0,0,0,0,0,0,0,0
2025/05/07 10:36:35.161486056,1746606995,161161828,joy,-0.0,-0.0,1.0,-0.0,-0.0,1.0,0.0,0.0,0,0,0,0,0,0,0,0,0,0,0
2025/05/07 10:36:35.214213043,1746606995,213650832,joy,-0.0,-0.0,1.0,-0.0,-0.0,1.0,0.0,0.0,0,0,0,0,0,0,0,0,0,0,0
2025/05/07 10:36:35.264802752,1746606995,264293848,joy,-0.0,-0.0,1.0,-0.0,-0.0,1.0,0.0,0.0,0,0,0,0,0,0,0,0,0,0,0
2025/05/07 10:36:35.314775214,1746606995,314346544,joy,-0.0,-0.0,1.0,-0.0,-0.0,1.0,0.0,0.0,0,0,0,0,0,0,0,0,0,0,0
2025/05/07 10:36:35.415221792,1746606995,414827310,joy,-0.0,-0.0,1.0,-0.0,-0.0,1.0,0.0,0.0,0,0,0,0,0,0,0,0,0,0,0
2025/05/07 10:36:35.465484032,1746606995,464970725,joy,-0.0,-0.0,1.0,-0.0,-0.0,1.0,0.0,0.0,0,0,0,0,0,0,0,0,0,0,0
2025/05/07 10:36:35.565143853,1746606995,564790630,joy,-0.0,-0.0,1.0,-0.0,-0.0,1.0,0.0,0.0,0,0,0,0,0,0,0,0,0,0,0
2025/05/07 10:36:35.615222708,1746606995,614899971,joy,-0.0,-0.0,1.0,-0.0,-0.0,1.0,0.0,0.0,0,0,0,0,0,0,0,0,0,0,0
2025/05/07 10:36:35.716484912,1746606995,716006284,joy,-0.0,-0.0,1.0,-0.0,-0.0,1.0,0.0,0.0,0,0,0,0,0,0,0,0,0,0,0
2025/05/07 10:36:35.816338129,1746606995,815989488,joy,-0.0,-0.0,1.0,-0.0,-0.0,1.0,0.0,0.0,0,0,0,0,0,0,0,0,0,0,0
2025/05/07 10:36:35.866606330,1746606995,866073016,joy,-0.0,-0.0,1.0,-0.0,-0.0,1.0,0.0,0.0,0,0,0,0,0,0,0,0,0,0,0
2025/05/07 10:36:35.916733287,1746606995,916468476,joy,-0.0,-0.0,1.0,-0.0,-0.0,1.0,0.0,0.0,0,0,0,0,0,0,0,0,0,0,0
2025/05/07 10:36:35.967223622,1746606995,966941766,joy,-0.0,-0.0,1.0,-0.0,-0.0,1.0,0.0,0.0,0,0,0,0,0,0,0,0,0,0,0
2025/05/07 10:36:36.17473089,1746606996,17208674,joy,-0.0,-0.0,1.0,-0.0,-0.0,1.0,0.0,0.0,0,0,0,0,0,0,0,0,0,0,0
2025/05/07 10:36:36.118137571,1746606996,116542684,joy,-0.0,-0.0,1.0,-0.0,-0.0,1.0,0.0,0.0,0,0,0,0,0,0,0,0,0,0,0
2025/05/07 10:36:36.169086678,1746606996,167845320,joy,-0.0,-0.0,1.0,-0.0,-0.0,1.0,0.0,0.0,0,0,0,0,0,0,0,0,0,0,0
2025/05/07 10:36:36.218477031,1746606996,218072299,joy,-0.0,-0.0,1.0,-0.0,-0.0,1.0,0.0,0.0,0,0,0,0,0,0,0,0,0,0,0
2025/05/07 10:36:36.317510143,1746606996,317314882,joy,-0.0,-0.0,1.0,-0.0,-0.0,1.0,0.0,0.0,0,0,0,0,0,0,0,0,0,0,0
2025/05/07 10:36:36.368699711,1746606996,367920967,joy,-0.0,-0.0,1.0,-0.0,-0.0,1.0,0.0,0.0,0,0,0,0,0,0,0,0,0,0,0
2025/05/07 10:36:36.418690980,1746606996,418181034,joy,-0.0,-0.0,1.0,-0.0,-0.0,1.0,0.0,0.0,0,0,0,0,0,0,0,0,0,0,0
2025/05/07 10:36:36.468571426,1746606996,468335815,joy,-0.0,-0.0,1.0,-0.0,-0.0,1.0,0.0,0.0,0,0,0,0,0,0,0,0,0,0,0
2025/05/07 10:36:36.519527267,1746606996,519231853,joy,-0.0,-0.0,1.0,-0.0,-0.0,1.0,0.0,0.0,0,0,0,0,0,0,0,0,0,0,0
2025/05/07 10:36:36.573215100,1746606996,570240446,joy,-0.0,-0.0,1.0,-0.0,-0.0,1.0,0.0,0.0,0,0,0,0,0,0,0,0,0,0,0
2025/05/07 10:36:36.621624521,1746606996,621143878,joy,-0.0,-0.0,1.0,-0.0,-0.0,1.0,0.0,0.0,0,0,0,0,0,0,0,0,0,0,0
2025/05/07 10:36:36.672912649,1746606996,672369238,joy,-0.0,-0.0,1.0,-0.0,-0.0,1.0,0.0,0.0,0,0,0,0,0,0,0,0,0,0,0
2025/05/07 10:36:36.724626046,1746606996,722445643,joy,-0.0,-0.0,1.0,-0.0,-0.0,1.0,0.0,0.0,0,0,0,0,0,0,0,0,0,0,0
2025/05/07 10:36:36.773389655,1746606996,772983184,joy,-0.0,-0.0,1.0,-0.0,-0.0,1.0,0.0,0.0,0,0,0,0,0,0,0,0,0,0,0
2025/05/07 10:36:36.874833083,1746606996,874478881,joy,-0.0,-0.0,1.0,-0.0,-0.0,1.0,0.0,0.0,0,0,0,0,0,0,0,0,0,0,0
2025/05/07 10:36:36.926694410,1746606996,926172190,joy,-0.0,-0.0,1.0,-0.0,-0.0,1.0,0.0,0.0,0,0,0,0,0,0,0,0,0,0,0
2025/05/07 10:36:36.976903138,1746606996,976563425,joy,-0.0,-0.0,1.0,-0.0,-0.0,1.0,0.0,0.0,0,0,0,0,0,0,0,0,0,0,0
2025/05/07 10:36:37.28053012,1746606997,27701641,joy,-0.0,-0.0,1.0,-0.0,-0.0,1.0,0.0,0.0,0,0,0,0,0,0,0,0,0,0,0
2025/05/07 10:36:37.78510929,1746606997,78049170,joy,-0.0,-0.0,1.0,-0.0,-0.0,1.0,0.0,0.0,0,0,0,0,0,0,0,0,0,0,0
2025/05/07 10:36:37.177617896,1746606997,177327980,joy,-0.0,-0.0,1.0,-0.0,-0.0,1.0,0.0,0.0,0,0,0,0,0,0,0,0,0,0,0
2025/05/07 10:36:37.228113526,1746606997,227624908,joy,-0.0,-0.0,1.0,-0.0,-0.0,1.0,0.0,0.0,0,0,0,0,0,0,0,0,0,0,0
2025/05/07 10:36:37.328511554,1746606997,328192539,joy,-0.0,-0.0,1.0,-0.0,-0.0,1.0,0.0,0.0,0,0,0,0,0,0,0,0,0,0,0
2025/05/07 10:36:37.379466527,1746606997,379065142,joy,-0.0,-0.0,1.0,-0.0,-0.0,1.0,0.0,0.0,0,0,0,0,0,0,0,0,0,0,0
2025/05/07 10:36:37.429397283,1746606997,429095728,joy,-0.0,-0.0,1.0,-0.0,-0.0,1.0,0.0,0.0,0,0,0,0,0,0,0,0,0,0,0
2025/05/07 10:36:37.528751274,1746606997,528393696,joy,-0.0,-0.0,1.0,-0.0,-0.0,1.0,0.0,0.0,0,0,0,0,0,0,0,0,0,0,0
2025/05/07 10:36:37.579740840,1746606997,579293410,joy,-0.0,-0.0,1.0,-0.0,-0.0,1.0,0.0,0.0,0,0,0,0,0,0,0,0,0,0,0
2025/05/07 10:36:37.631232861,1746606997,630069260,joy,-0.0,-0.0,1.0,-0.0,-0.0,1.0,0.0,0.0,0,0,0,0,0,0,0,0,0,0,0
2025/05/07 10:36:37.729640896,1746606997,729305954,joy,-0.0,-0.0,1.0,-0.0,-0.0,1.0,0.0,0.0,0,0,0,0,0,0,0,0,0,0,0
2025/05/07 10:36:37.780148272,1746606997,779629006,joy,-0.0,-0.0,1.0,-0.0,-0.0,1.0,0.0,0.0,0,0,0,0,0,0,0,0,0,0,0
2025/05/07 10:36:37.830728514,1746606997,829897400,joy,-0.0,-0.0,1.0,-0.0,-0.0,1.0,0.0,0.0,0,0,0,0,0,0,0,0,0,0,0
2025/05/07 10:36:37.933780727,1746606997,931330437,joy,-0.0,-0.0,1.0,-0.0,-0.0,1.0,0.0,0.0,0,0,0,0,0,0,0,0,0,0,0
2025/05/07 10:36:37.982210591,1746606997,981611581,joy,-0.0,-0.0,1.0,-0.0,-0.0,1.0,0.0,0.0,0,0,0,0,0,0,0,0,0,0,0
2025/05/07 10:36:38.81803235,1746606998,81291984,joy,-0.0,-0.0,1.0,-0.0,-0.0,1.0,0.0,0.0,0,0,0,0,0,0,0,0,0,0,0
2025/05/07 10:36:38.132678440,1746606998,132256617,joy,-0.0,-0.0,1.0,-0.0,-0.0,1.0,0.0,0.0,0,0,0,0,0,0,0,0,0,0,0
2025/05/07 10:36:38.182707929,1746606998,182304667,joy,-0.0,-0.0,1.0,-0.0,-0.0,1.0,0.0,0.0,0,0,0,0,0,0,0,0,0,0,0
2025/05/07 10:36:38.232901987,1746606998,232600504,joy,-0.0,-0.0,1.0,-0.0,-0.0,1.0,0.0,0.0,0,0,0,0,0,0,0,0,0,0,0
2025/05/07 10:36:38.284445873,1746606998,283870111,joy,-0.0,-0.0,1.0,-0.0,-0.0,1.0,0.0,0.0,0,0,0,0,0,0,0,0,0,0,0
2025/05/07 10:36:38.384783590,1746606998,384492342,joy,-0.0,-0.0,1.0,-0.0,-0.0,1.0,0.0,0.0,0,0,0,0,0,0,0,0,0,0,0
2025/05/07 10:36:38.434875355,1746606998,434601348,joy,-0.0,-0.0,1.0,-0.0,-0.0,1.0,0.0,0.0,0,0,0,0,0,0,0,0,0,0,0
2025/05/07 10:36:38.485184115,1746606998,484932801,joy,-0.0,-0.0,1.0,-0.0,-0.0,1.0,0.0,0.0,0,0,0,0,0,0,0,0,0,0,0
2025/05/07 10:36:38.584858655,1746606998,584429576,joy,-0.0,-0.0,1.0,-0.0,-0.0,1.0,0.0,0.0,0,0,0,0,0,0,0,0,0,0,0
2025/05/07 10:36:38.635293475,1746606998,634849996,joy,-0.0,-0.0,1.0,-0.0,-0.0,1.0,0.0,0.0,0,0,0,0,0,0,0,0,0,0,0
2025/05/07 10:36:38.735401953,1746606998,735191961,joy,-0.0,-0.0,1.0,-0.0,-0.0,1.0,0.0,0.0,0,0,0,0,0,0,0,0,0,0,0
2025/05/07 10:36:38.785794500,1746606998,785447329,joy,-0.0,-0.0,1.0,-0.0,-0.0,1.0,0.0,0.0,0,0,0,0,0,0,0,0,0,0,0
2025/05/07 10:36:38.835889883,1746606998,835580897,joy,-0.0,-0.0,1.0,-0.0,-0.0,1.0,0.0,0.0,0,0,0,0,0,0,0,0,0,0,0
2025/05/07 10:36:38.885937543,1746606998,885673209,joy,-0.0,-0.0,1.0,-0.0,-0.0,1.0,0.0,0.0,0,0,0,0,0,0,0,0,0,0,0
2025/05/07 10:36:38.937676116,1746606998,937227009,joy,-0.0,-0.0,1.0,-0.0,-0.0,1.0,0.0,0.0,0,0,0,0,0,0,0,0,0,0,0
2025/05/07 10:36:38.990526786,1746606998,987274324,joy,-0.0,-0.0,1.0,-0.0,-0.0,1.0,0.0,0.0,0,0,0,0,0,0,0,0,0,0,0
2025/05/07 10:36:39.38296045,1746606999,38058551,joy,-0.0,-0.0,1.0,-0.0,-0.0,1.0,0.0,0.0,0,0,0,0,0,0,0,0,0,0,0
2025/05/07 10:36:39.99283333,1746606999,98056275,joy,-0.0,-0.0,1.0,-0.0,-0.0,1.0,0.0,0.0,0,0,0,0,0,0,0,0,0,0,0
2025/05/07 10:36:39.201677065,1746606999,198077161,joy,-0.0,-0.0,1.0,-0.0,-0.0,1.0,0.0,0.0,0,0,0,0,0,0,0,0,0,0,0
2025/05/07 10:36:39.250006440,1746606999,249403013,joy,-0.0,-0.0,1.0,-0.0,-0.0,1.0,0.0,0.0,0,0,0,0,0,0,0,0,0,0,0
2025/05/07 10:36:39.299668701,1746606999,299405720,joy,-0.0,-0.0,1.0,-0.0,-0.0,1.0,0.0,0.0,0,0,0,0,0,0,0,0,0,0,0
2025/05/07 10:36:39.350157184,1746606999,349790897,joy,-0.0,-0.0,1.0,-0.0,-0.0,1.0,0.0,0.0,0,0,0,0,0,0,0,0,0,0,0
2025/05/07 10:36:39.449876631,1746606999,449580003,joy,-0.0,-0.0,1.0,-0.0,-0.0,1.0,0.0,0.0,0,0,0,0,0,0,0,0,0,0,0
2025/05/07 10:36:39.500287321,1746606999,500082296,joy,-0.0,-0.0,1.0,-0.0,-0.0,1.0,0.0,0.0,0,0,0,0,0,0,0,0,0,0,0
2025/05/07 10:36:39.600355151,1746606999,600167202,joy,-0.0,-0.0,1.0,-0.0,-0.0,1.0,0.0,0.0,0,0,0,0,0,0,0,0,0,0,0
2025/05/07 10:36:39.700669008,1746606999,700272777,joy,-0.0,-0.0,1.0,-0.0,-0.0,1.0,0.0,0.0,0,0,0,0,0,0,0,0,0,0,0
2025/05/07 10:36:39.753818182,1746606999,753472485,joy,-0.0,-0.0,1.0,-0.0,-0.0,1.0,0.0,0.0,0,0,0,0,0,0,0,0,0,0,0
2025/05/07 10:36:39.854845354,1746606999,854147086,joy,-0.0,-0.0,1.0,-0.0,-0.0,1.0,0.0,0.0,0,0,0,0,0,0,0,0,0,0,0
2025/05/07 10:36:39.906001997,1746606999,905600920,joy,-0.0,-0.0,1.0,-0.0,-0.0,1.0,0.0,0.0,0,0,0,0,0,0,0,0,0,0,0
2025/05/07 10:36:39.957240863,1746606999,955972801,joy,-0.0,-0.0,1.0,-0.0,-0.0,1.0,0.0,0.0,0,0,0,0,0,0,0,0,0,0,0
2025/05/07 10:36:40.54965894,1746607000,54582278,joy,-0.0,-0.0,1.0,-0.0,-0.0,1.0,0.0,0.0,0,0,0,0,0,0,0,0,0,0,0
2025/05/07 10:36:40.105496988,1746607000,104806093,joy,-0.0,-0.0,1.0,-0.0,-0.0,1.0,0.0,0.0,0,0,0,0,0,0,0,0,0,0,0
2025/05/07 10:36:40.155482746,1746607000,155085765,joy,-0.0,-0.0,1.0,-0.0,-0.0,1.0,0.0,0.0,0,0,0,0,0,0,0,0,0,0,0
2025/05/07 10:36:40.255256637,1746607000,254951830,joy,-0.0,-0.0,1.0,-0.0,-0.0,1.0,0.0,0.0,0,0,0,0,0,0,0,0,0,0,0
2025/05/07 10:36:40.307608155,1746607000,306791865,joy,-0.0,-0.0,1.0,-0.0,-0.0,1.0,0.0,0.0,0,0,0,0,0,0,0,0,0,0,0
2025/05/07 10:36:40.408548155,1746607000,407975926,joy,-0.0,-0.0,1.0,-0.0,-0.0,1.0,0.0,0.0,0,0,0,0,0,0,0,0,0,0,0
2025/05/07 10:36:40.508391249,1746607000,508075440,joy,-0.0,-0.0,1.0,-0.0,-0.0,1.0,0.0,0.0,0,0,0,0,0,0,0,0,0,0,0
2025/05/07 10:36:40.609530402,1746607000,608992663,joy,-0.0,-0.0,1.0,-0.0,-0.0,1.0,0.0,0.0,0,0,0,0,0,0,0,0,0,0,0
2025/05/07 10:36:40.659963851,1746607000,659380635,joy,-0.0,-0.0,1.0,-0.0,-0.0,1.0,0.0,0.0,0,0,0,0,0,0,0,0,0,0,0
2025/05/07 10:36:40.710319508,1746607000,709680688,joy,-0.0,-0.0,1.0,-0.0,-0.0,1.0,0.0,0.0,0,0,0,0,0,0,0,0,0,0,0
2025/05/07 10:36:40.762048804,1746607000,760296159,joy,-0.0,-0.0,1.0,-0.0,-0.0,1.0,0.0,0.0,0,0,0,0,0,0,0,0,0,0,0
2025/05/07 10:36:40.811594529,1746607000,811148908,joy,-0.0,-0.0,1.0,-0.0,-0.0,1.0,0.0,0.0,0,0,0,0,0,0,0,0,0,0,0
2025/05/07 10:36:40.861804112,1746607000,861244846,joy,-0.0,-0.0,1.0,-0.0,-0.0,1.0,0.0,0.0,0,0,0,0,0,0,0,0,0,0,0
2025/05/07 10:36:40.914082638,1746607000,912987495,joy,-0.0,-0.0,1.0,-0.0,-0.0,1.0,0.0,0.0,0,0,0,0,0,0,0,0,0,0,0
2025/05/07 10:36:41.13375553,1746607001,12890996,joy,-0.0,-0.0,1.0,-0.0,-0.0,1.0,0.0,0.0,0,0,0,0,0,0,0,0,0,0,0
2025/05/07 10:36:41.113759222,1746607001,112742761,joy,-0.0,-0.0,1.0,-0.0,-0.0,1.0,0.0,0.0,0,0,0,0,0,0,0,0,0,0,0
2025/05/07 10:36:41.165952637,1746607001,164733236,joy,-0.0,-0.0,1.0,-0.0,-0.0,1.0,0.0,0.0,0,0,0,0,0,0,0,0,0,0,0
2025/05/07 10:36:41.215763631,1746607001,215277969,joy,-0.0,-0.0,1.0,-0.0,-0.0,1.0,0.0,0.0,0,0,0,0,0,0,0,0,0,0,0
2025/05/07 10:36:41.268151282,1746607001,265795170,joy,-0.0,-0.0,1.0,-0.0,-0.0,1.0,0.0,0.0,0,0,0,0,0,0,0,0,0,0,0
2025/05/07 10:36:41.365664072,1746607001,365370381,joy,-0.0,-0.0,1.0,-0.0,-0.0,1.0,0.0,0.0,0,0,0,0,0,0,0,0,0,0,0
2025/05/07 10:36:41.416769804,1746607001,415994152,joy,-0.0,-0.0,1.0,-0.0,-0.0,1.0,0.0,0.0,0,0,0,0,0,0,0,0,0,0,0
2025/05/07 10:36:41.466554462,1746607001,466006206,joy,-0.0,-0.0,1.0,-0.0,-0.0,1.0,0.0,0.0,0,0,0,0,0,0,0,0,0,0,0
2025/05/07 10:36:41.566785930,1746607001,566295539,joy,-0.0,-0.0,1.0,-0.0,-0.0,1.0,0.0,0.0,0,0,0,0,0,0,0,0,0,0,0
2025/05/07 10:36:41.617531002,1746607001,616457046,joy,-0.0,-0.0,1.0,-0.0,-0.0,1.0,0.0,0.0,0,0,0,0,0,0,0,0,0,0,0
2025/05/07 10:36:41.667616084,1746607001,667073111,joy,-0.0,-0.0,1.0,-0.0,-0.0,1.0,0.0,0.0,0,0,0,0,0,0,0,0,0,0,0
2025/05/07 10:36:41.717515268,1746607001,717271502,joy,-0.0,-0.0,1.0,-0.0,-0.0,1.0,0.0,0.0,0,0,0,0,0,0,0,0,0,0,0
2025/05/07 10:36:41.767869469,1746607001,767648573,joy,-0.0,-0.0,1.0,-0.0,-0.0,1.0,0.0,0.0,0,0,0,0,0,0,0,0,0,0,0
2025/05/07 10:36:41.819663367,1746607001,818777772,joy,-0.0,-0.0,1.0,-0.0,-0.0,1.0,0.0,0.0,0,0,0,0,0,0,0,0,0,0,0
2025/05/07 10:36:41.921454458,1746607001,919733374,joy,-0.0,-0.0,1.0,-0.0,-0.0,1.0,0.0,0.0,0,0,0,0,0,0,0,0,0,0,0
2025/05/07 10:36:41.970760449,1746607001,970026104,joy,-0.0,-0.0,1.0,-0.0,-0.0,1.0,0.0,0.0,0,0,0,0,0,0,0,0,0,0,0
2025/05/07 10:36:42.69316496,1746607002,68859952,joy,-0.0,-0.0,1.0,-0.0,-0.0,1.0,0.0,0.0,0,0,0,0,0,0,0,0,0,0,0
2025/05/07 10:36:42.121453412,1746607002,119626547,joy,-0.0,-0.0,1.0,-0.0,-0.0,1.0,0.0,0.0,0,0,0,0,0,0,0,0,0,0,0
2025/05/07 10:36:42.170488672,1746607002,170260256,joy,-0.0,-0.0,1.0,-0.0,-0.0,1.0,0.0,0.0,0,0,0,0,0,0,0,0,0,0,0
2025/05/07 10:36:42.220856437,1746607002,220622401,joy,-0.0,-0.0,1.0,-0.0,-0.0,1.0,0.0,0.0,0,0,0,0,0,0,0,0,0,0,0
2025/05/07 10:36:42.271178650,1746607002,270722156,joy,-0.0,-0.0,1.0,-0.0,-0.0,1.0,0.0,0.0,0,0,0,0,0,0,0,0,0,0,0
2025/05/07 10:36:42.371029499,1746607002,370668862,joy,-0.0,-0.0,1.0,-0.0,-0.0,1.0,0.0,0.0,0,0,0,0,0,0,0,0,0,0,0
2025/05/07 10:36:42.422512230,1746607002,420826315,joy,-0.0,-0.0,1.0,-0.0,-0.0,1.0,0.0,0.0,0,0,0,0,0,0,0,0,0,0,0
2025/05/07 10:36:42.522603940,1746607002,522078718,joy,-0.0,-0.0,1.0,-0.0,-0.0,1.0,0.0,0.0,0,0,0,0,0,0,0,0,0,0,0
2025/05/07 10:36:42.622698725,1746607002,622323384,joy,-0.0,-0.0,1.0,-0.0,-0.0,1.0,0.0,0.0,0,0,0,0,0,0,0,0,0,0,0
2025/05/07 10:36:42.673066376,1746607002,672616717,joy,-0.0,-0.0,1.0,-0.0,-0.0,1.0,0.0,0.0,0,0,0,0,0,0,0,0,0,0,0
2025/05/07 10:36:42.723509718,1746607002,723188612,joy,-0.0,-0.0,1.0,-0.0,-0.0,1.0,0.0,0.0,0,0,0,0,0,0,0,0,0,0,0
2025/05/07 10:36:42.774220601,1746607002,773312430,joy,-0.0,-0.0,1.0,-0.0,-0.0,1.0,0.0,0.0,0,0,0,0,0,0,0,0,0,0,0
2025/05/07 10:36:42.823679249,1746607002,823403081,joy,-0.0,-0.0,1.0,-0.0,-0.0,1.0,0.0,0.0,0,0,0,0,0,0,0,0,0,0,0
2025/05/07 10:36:42.876381929,1746607002,874494501,joy,-0.0,-0.0,1.0,-0.0,-0.0,1.0,0.0,0.0,0,0,0,0,0,0,0,0,0,0,0
2025/05/07 10:36:42.925956741,1746607002,925553491,joy,-0.0,-0.0,1.0,-0.0,-0.0,1.0,0.0,0.0,0,0,0,0,0,0,0,0,0,0,0
2025/05/07 10:36:42.976440758,1746607002,975624974,joy,-0.0,-0.0,1.0,-0.0,-0.0,1.0,0.0,0.0,0,0,0,0,0,0,0,0,0,0,0
2025/05/07 10:36:43.26205297,1746607003,25722283,joy,-0.0,-0.0,1.0,-0.0,-0.0,1.0,0.0,0.0,0,0,0,0,0,0,0,0,0,0,0
2025/05/07 10:36:43.125406307,1746607003,124924590,joy,-0.0,-0.0,1.0,-0.0,-0.0,1.0,0.0,0.0,0,0,0,0,0,0,0,0,0,0,0
2025/05/07 10:36:43.176138724,1746607003,175344267,joy,-0.0,-0.0,1.0,-0.0,-0.0,1.0,0.0,0.0,0,0,0,0,0,0,0,0,0,0,0
2025/05/07 10:36:43.226506754,1746607003,226239677,joy,-0.0,-0.0,1.0,-0.0,-0.0,1.0,0.0,0.0,0,0,0,0,0,0,0,0,0,0,0
2025/05/07 10:36:43.277266216,1746607003,276933383,joy,-0.0,-0.0,1.0,-0.0,-0.0,1.0,0.0,0.0,0,0,0,0,0,0,0,0,0,0,0
2025/05/07 10:36:43.376717529,1746607003,376415303,joy,-0.0,-0.0,1.0,-0.0,-0.0,1.0,0.0,0.0,0,0,0,0,0,0,0,0,0,0,0
2025/05/07 10:36:43.427393820,1746607003,427135595,joy,-0.0,-0.0,1.0,-0.0,-0.0,1.0,0.0,0.0,0,0,0,0,0,0,0,0,0,0,0
2025/05/07 10:36:43.478800773,1746607003,478455183,joy,-0.0,-0.0,1.0,-0.0,-0.0,1.0,0.0,0.0,0,0,0,0,0,0,0,0,0,0,0
2025/05/07 10:36:43.529729637,1746607003,529411409,joy,-0.0,-0.0,1.0,-0.0,-0.0,1.0,0.0,0.0,0,0,0,0,0,0,0,0,0,0,0
2025/05/07 10:36:43.580924516,1746607003,580345708,joy,-0.0,-0.0,1.0,-0.0,-0.0,1.0,0.0,0.0,0,0,0,0,0,0,0,0,0,0,0
2025/05/07 10:36:43.631290540,1746607003,630899702,joy,-0.0,-0.0,1.0,-0.0,-0.0,1.0,0.0,0.0,0,0,0,0,0,0,0,0,0,0,0
2025/05/07 10:36:43.681758257,1746607003,681339511,joy,-0.0,-0.0,1.0,-0.0,-0.0,1.0,0.0,0.0,0,0,0,0,0,0,0,0,0,0,0
2025/05/07 10:36:43.732582197,1746607003,732215238,joy,-0.0,-0.0,1.0,-0.0,-0.0,1.0,0.0,0.0,0,0,0,0,0,0,0,0,0,0,0
2025/05/07 10:36:43.784891435,1746607003,782884925,joy,-0.0,-0.0,1.0,-0.0,-0.0,1.0,0.0,0.0,0,0,0,0,0,0,0,0,0,0,0
2025/05/07 10:36:43.883479734,1746607003,883125432,joy,-0.0,-0.0,1.0,-0.0,-0.0,1.0,0.0,0.0,0,0,0,0,0,0,0,0,0,0,0
2025/05/07 10:36:43.933697476,1746607003,933441378,joy,-0.0,-0.0,1.0,-0.0,-0.0,1.0,0.0,0.0,0,0,0,0,0,0,0,0,0,0,0
2025/05/07 10:36:43.985129991,1746607003,984367804,joy,-0.0,-0.0,1.0,-0.0,-0.0,1.0,0.0,0.0,0,0,0,0,0,0,0,0,0,0,0
2025/05/07 10:36:44.35082568,1746607004,34717949,joy,-0.0,-0.0,1.0,-0.0,-0.0,1.0,0.0,0.0,0,0,0,0,0,0,0,0,0,0,0
2025/05/07 10:36:44.135057077,1746607004,133677089,joy,-0.0,-0.0,1.0,-0.0,-0.0,1.0,0.0,0.0,0,0,0,0,0,0,0,0,0,0,0
2025/05/07 10:36:44.187637078,1746607004,186075399,joy,-0.0,-0.0,1.0,-0.0,-0.0,1.0,0.0,0.0,0,0,0,0,0,0,0,0,0,0,0
2025/05/07 10:36:44.285768283,1746607004,285570626,joy,-0.0,-0.0,1.0,-0.0,-0.0,1.0,0.0,0.0,0,0,0,0,0,0,0,0,0,0,0
2025/05/07 10:36:44.337205719,1746607004,335875814,joy,-0.0,-0.0,1.0,-0.0,-0.0,1.0,0.0,0.0,0,0,0,0,0,0,0,0,0,0,0
2025/05/07 10:36:44.387362996,1746607004,386406584,joy,-0.0,-0.0,1.0,-0.0,-0.0,1.0,0.0,0.0,0,0,0,0,0,0,0,0,0,0,0
2025/05/07 10:36:44.436615740,1746607004,436417245,joy,-0.0,-0.0,1.0,-0.0,-0.0,1.0,0.0,0.0,0,0,0,0,0,0,0,0,0,0,0
2025/05/07 10:36:44.538618746,1746607004,537360640,joy,-0.0,-0.0,1.0,-0.0,-0.0,1.0,0.0,0.0,0,0,0,0,0,0,0,0,0,0,0
2025/05/07 10:36:44.588536768,1746607004,588246947,joy,-0.0,-0.0,1.0,-0.0,-0.0,1.0,0.0,0.0,0,0,0,0,0,0,0,0,0,0,0
2025/05/07 10:36:44.639263599,1746607004,638390889,joy,-0.0,-0.0,1.0,-0.0,-0.0,1.0,0.0,0.0,0,0,0,0,0,0,0,0,0,0,0
2025/05/07 10:36:44.689226573,1746607004,688916478,joy,-0.0,-0.0,1.0,-0.0,-0.0,1.0,0.0,0.0,0,0,0,0,0,0,0,0,0,0,0
2025/05/07 10:36:44.788711361,1746607004,788445850,joy,-0.0,-0.0,1.0,-0.0,-0.0,1.0,0.0,0.0,0,0,0,0,0,0,0,0,0,0,0
2025/05/07 10:36:44.839713191,1746607004,839244824,joy,-0.0,-0.0,1.0,-0.0,-0.0,1.0,0.0,0.0,0,0,0,0,0,0,0,0,0,0,0
2025/05/07 10:36:44.891878888,1746607004,889983130,joy,-0.0,-0.0,1.0,-0.0,-0.0,1.0,0.0,0.0,0,0,0,0,0,0,0,0,0,0,0
2025/05/07 10:36:44.940846259,1746607004,940341428,joy,-0.0,-0.0,1.0,-0.0,-0.0,1.0,0.0,0.0,0,0,0,0,0,0,0,0,0,0,0
2025/05/07 10:36:44.991938885,1746607004,990667934,joy,-0.0,-0.0,1.0,-0.0,-0.0,1.0,0.0,0.0,0,0,0,0,0,0,0,0,0,0,0
2025/05/07 10:36:45.42941926,1746607005,41242451,joy,-0.0,-0.0,1.0,-0.0,-0.0,1.0,0.0,0.0,0,0,0,0,0,0,0,0,0,0,0
2025/05/07 10:36:45.141112502,1746607005,140555453,joy,-0.0,-0.0,1.0,-0.0,-0.0,1.0,0.0,0.0,0,0,0,0,0,0,0,0,0,0,0
2025/05/07 10:36:45.192119080,1746607005,191752562,joy,-0.0,-0.0,1.0,-0.0,-0.0,1.0,0.0,0.0,0,0,0,0,0,0,0,0,0,0,0
2025/05/07 10:36:45.242259255,1746607005,241897157,joy,-0.0,-0.0,1.0,-0.0,-0.0,1.0,0.0,0.0,0,0,0,0,0,0,0,0,0,0,0
2025/05/07 10:36:45.342355439,1746607005,341759949,joy,-0.0,-0.0,1.0,-0.0,-0.0,1.0,0.0,0.0,0,0,0,0,0,0,0,0,0,0,0
2025/05/07 10:36:45.392203539,1746607005,391984520,joy,-0.0,-0.0,1.0,-0.0,-0.0,1.0,0.0,0.0,0,0,0,0,0,0,0,0,0,0,0
2025/05/07 10:36:45.492912833,1746607005,492350165,joy,-0.0,-0.0,1.0,-0.0,-0.0,1.0,0.0,0.0,0,0,0,0,0,0,0,0,0,0,0
2025/05/07 10:36:45.543426043,1746607005,542721370,joy,-0.0,-0.0,1.0,-0.0,-0.0,1.0,0.0,0.0,0,0,0,0,0,0,0,0,0,0,0
2025/05/07 10:36:45.593690006,1746607005,593070359,joy,-0.0,-0.0,1.0,-0.0,-0.0,1.0,0.0,0.0,0,0,0,0,0,0,0,0,0,0,0
2025/05/07 10:36:45.646077393,1746607005,643168793,joy,-0.0,-0.0,1.0,-0.0,-0.0,1.0,0.0,0.0,0,0,0,0,0,0,0,0,0,0,0
2025/05/07 10:36:45.694005084,1746607005,693692984,joy,-0.0,-0.0,1.0,-0.0,-0.0,1.0,0.0,0.0,0,0,0,0,0,0,0,0,0,0,0
2025/05/07 10:36:45.794055501,1746607005,793504345,joy,-0.0,-0.0,1.0,-0.0,-0.0,1.0,0.0,0.0,0,0,0,0,0,0,0,0,0,0,0
2025/05/07 10:36:45.844349446,1746607005,843945592,joy,-0.0,-0.0,1.0,-0.0,-0.0,1.0,0.0,0.0,0,0,0,0,0,0,0,0,0,0,0
2025/05/07 10:36:45.894446678,1746607005,894170855,joy,-0.0,-0.0,1.0,-0.0,-0.0,1.0,0.0,0.0,0,0,0,0,0,0,0,0,0,0,0
2025/05/07 10:36:45.950263127,1746607005,949687040,joy,-0.0,-0.0,1.0,-0.0,-0.0,1.0,0.0,0.0,0,0,0,0,0,0,0,0,0,0,0
2025/05/07 10:36:46.49374590,1746607006,48833153,joy,-0.0,-0.0,1.0,-0.0,-0.0,1.0,0.0,0.0,0,0,0,0,0,0,0,0,0,0,0
2025/05/07 10:36:46.99837970,1746607006,99182557,joy,-0.0,-0.0,1.0,-0.0,-0.0,1.0,0.0,0.0,0,0,0,0,0,0,0,0,0,0,0
2025/05/07 10:36:46.149670929,1746607006,149282280,joy,-0.0,-0.0,1.0,-0.0,-0.0,1.0,0.0,0.0,0,0,0,0,0,0,0,0,0,0,0
2025/05/07 10:36:46.200011201,1746607006,199790148,joy,-0.0,-0.0,1.0,-0.0,-0.0,1.0,0.0,0.0,0,0,0,0,0,0,0,0,0,0,0
2025/05/07 10:36:46.250343097,1746607006,250082714,joy,-0.0,-0.0,1.0,-0.0,-0.0,1.0,0.0,0.0,0,0,0,0,0,0,0,0,0,0,0
2025/05/07 10:36:46.350939351,1746607006,350063212,joy,-0.0,-0.0,1.0,-0.0,-0.0,1.0,0.0,0.0,0,0,0,0,0,0,0,0,0,0,0
2025/05/07 10:36:46.450460671,1746607006,450179835,joy,-0.0,-0.0,1.0,-0.0,-0.0,1.0,0.0,0.0,0,0,0,0,0,0,0,0,0,0,0
2025/05/07 10:36:46.550830847,1746607006,550304455,joy,-0.0,-0.0,1.0,-0.0,-0.0,1.0,0.0,0.0,0,0,0,0,0,0,0,0,0,0,0
2025/05/07 10:36:46.602291718,1746607006,601322831,joy,-0.0,-0.0,1.0,-0.0,-0.0,1.0,0.0,0.0,0,0,0,0,0,0,0,0,0,0,0
2025/05/07 10:36:46.652418801,1746607006,652098629,joy,-0.0,-0.0,1.0,-0.0,-0.0,1.0,0.0,0.0,0,0,0,0,0,0,0,0,0,0,0
2025/05/07 10:36:46.751652026,1746607006,751325323,joy,-0.0,-0.0,1.0,-0.0,-0.0,1.0,0.0,0.0,0,0,0,0,0,0,0,0,0,0,0
2025/05/07 10:36:46.801953414,1746607006,801479540,joy,-0.0,-0.0,1.0,-0.0,-0.0,1.0,0.0,0.0,0,0,0,0,0,0,0,0,0,0,0
2025/05/07 10:36:46.852807207,1746607006,851935982,joy,-0.0,-0.0,1.0,-0.0,-0.0,1.0,0.0,0.0,0,0,0,0,0,0,0,0,0,0,0
2025/05/07 10:36:46.905876464,1746607006,902886842,joy,-0.0,-0.0,1.0,-0.0,-0.0,1.0,0.0,0.0,0,0,0,0,0,0,0,0,0,0,0
2025/05/07 10:36:47.3523832,1746607007,2874321,joy,-0.0,-0.0,1.0,-0.0,-0.0,1.0,0.0,0.0,0,0,0,0,0,0,0,0,0,0,0
2025/05/07 10:36:47.102553682,1746607007,102175126,joy,-0.0,-0.0,1.0,-0.0,-0.0,1.0,0.0,0.0,0,0,0,0,0,0,0,0,0,0,0
2025/05/07 10:36:47.201713728,1746607007,201484751,joy,-0.0,-0.0,1.0,-0.0,-0.0,1.0,0.0,0.0,0,0,0,0,0,0,0,0,0,0,0
2025/05/07 10:36:47.253951104,1746607007,252248338,joy,-0.0,-0.0,1.0,-0.0,-0.0,1.0,0.0,0.0,0,0,0,0,0,0,0,0,0,0,0
2025/05/07 10:36:47.302588254,1746607007,302336682,joy,-0.0,-0.0,1.0,-0.0,-0.0,1.0,0.0,0.0,0,0,0,0,0,0,0,0,0,0,0
2025/05/07 10:36:47.353719400,1746607007,353341733,joy,-0.0,-0.0,1.0,-0.0,-0.0,1.0,0.0,0.0,0,0,0,0,0,0,0,0,0,0,0
2025/05/07 10:36:47.406433903,1746607007,405821227,joy,-0.0,-0.0,1.0,-0.0,-0.0,1.0,0.0,0.0,0,0,0,0,0,0,0,0,0,0,0
2025/05/07 10:36:47.456355612,1746607007,456003117,joy,-0.0,-0.0,1.0,-0.0,-0.0,1.0,0.0,0.0,0,0,0,0,0,0,0,0,0,0,0
2025/05/07 10:36:47.576063841,1746607007,556060903,joy,-0.0,-0.0,1.0,-0.0,-0.0,1.0,0.0,0.0,0,0,0,0,0,0,0,0,0,0,0
2025/05/07 10:36:47.610289905,1746607007,606658210,joy,-0.0,-0.0,1.0,-0.0,-0.0,1.0,0.0,0.0,0,0,0,0,0,0,0,0,0,0,0
2025/05/07 10:36:47.657498046,1746607007,657173645,joy,-0.0,-0.0,1.0,-0.0,-0.0,1.0,0.0,0.0,0,0,0,0,0,0,0,0,0,0,0
2025/05/07 10:36:47.758426090,1746607007,757962313,joy,-0.0,-0.0,1.0,-0.0,-0.0,1.0,0.0,0.0,0,0,0,0,0,0,0,0,0,0,0
2025/05/07 10:36:47.808893678,1746607007,808205322,joy,-0.0,-0.0,1.0,-0.0,-0.0,1.0,0.0,0.0,0,0,0,0,0,0,0,0,0,0,0
2025/05/07 10:36:47.859065036,1746607007,858524779,joy,-0.0,-0.0,1.0,-0.0,-0.0,1.0,0.0,0.0,0,0,0,0,0,0,0,0,0,0,0
2025/05/07 10:36:47.910368539,1746607007,910049554,joy,-0.0,-0.0,1.0,-0.0,-0.0,1.0,0.0,0.0,0,0,0,0,0,0,0,0,0,0,0
2025/05/07 10:36:48.10050566,1746607008,9781753,joy,-0.0,-0.0,1.0,-0.0,-0.0,1.0,0.0,0.0,0,0,0,0,0,0,0,0,0,0,0
2025/05/07 10:36:48.109606253,1746607008,109138982,joy,-0.0,-0.0,1.0,-0.0,-0.0,1.0,0.0,0.0,0,0,0,0,0,0,0,0,0,0,0
2025/05/07 10:36:48.161353894,1746607008,159250678,joy,-0.0,-0.0,1.0,-0.0,-0.0,1.0,0.0,0.0,0,0,0,0,0,0,0,0,0,0,0
2025/05/07 10:36:48.210752988,1746607008,210294091,joy,-0.0,-0.0,1.0,-0.0,-0.0,1.0,0.0,0.0,0,0,0,0,0,0,0,0,0,0,0
2025/05/07 10:36:48.260924944,1746607008,260600467,joy,-0.0,-0.0,1.0,-0.0,-0.0,1.0,0.0,0.0,0,0,0,0,0,0,0,0,0,0,0
2025/05/07 10:36:48.340689500,1746607008,310800055,joy,-0.0,-0.0,1.0,-0.0,-0.0,1.0,0.0,0.0,0,0,0,0,0,0,0,0,0,0,0
2025/05/07 10:36:48.361525011,1746607008,361173728,joy,-0.0,-0.0,1.0,-0.0,-0.0,1.0,0.0,0.0,0,0,0,0,0,0,0,0,0,0,0
2025/05/07 10:36:48.417883659,1746607008,414060750,joy,-0.0,-0.0,1.0,-0.0,-0.0,1.0,0.0,0.0,0,0,0,0,0,0,0,0,0,0,0
2025/05/07 10:36:48.465596700,1746607008,464272071,joy,-0.0,-0.0,1.0,-0.0,-0.0,1.0,0.0,0.0,0,0,0,0,0,0,0,0,0,0,0
2025/05/07 10:36:48.514699160,1746607008,514378809,joy,-0.0,-0.0,1.0,-0.0,-0.0,1.0,0.0,0.0,0,0,0,0,0,0,0,0,0,0,0
2025/05/07 10:36:48.615752029,1746607008,615371787,joy,-0.0,-0.0,1.0,-0.0,-0.0,1.0,0.0,0.0,0,0,0,0,0,0,0,0,0,0,0
2025/05/07 10:36:48.666768839,1746607008,666319066,joy,-0.0,-0.0,1.0,-0.0,-0.0,1.0,0.0,0.0,0,0,0,0,0,0,0,0,0,0,0
2025/05/07 10:36:48.717463796,1746607008,716928702,joy,-0.0,-0.0,1.0,-0.0,-0.0,1.0,0.0,0.0,0,0,0,0,0,0,0,0,0,0,0
2025/05/07 10:36:48.767538541,1746607008,767066348,joy,-0.0,-0.0,1.0,-0.0,-0.0,1.0,0.0,0.0,0,0,0,0,0,0,0,0,0,0,0
2025/05/07 10:36:48.819183451,1746607008,817191752,joy,-0.0,-0.0,1.0,-0.0,-0.0,1.0,0.0,0.0,0,0,0,0,0,0,0,0,0,0,0
2025/05/07 10:36:48.867626240,1746607008,867323686,joy,-0.0,-0.0,1.0,-0.0,-0.0,1.0,0.0,0.0,0,0,0,0,0,0,0,0,0,0,0
2025/05/07 10:36:48.918590155,1746607008,918323366,joy,-0.0,-0.0,1.0,-0.0,-0.0,1.0,0.0,0.0,0,0,0,0,0,0,0,0,0,0,0
2025/05/07 10:36:48.968827931,1746607008,968404076,joy,-0.0,-0.0,1.0,-0.0,-0.0,1.0,0.0,0.0,0,0,0,0,0,0,0,0,0,0,0
2025/05/07 10:36:49.19267732,1746607009,18728011,joy,-0.0,-0.0,1.0,-0.0,-0.0,1.0,0.0,0.0,0,0,0,0,0,0,0,0,0,0,0
2025/05/07 10:36:49.118633458,1746607009,118245672,joy,-0.0,-0.0,1.0,-0.0,-0.0,1.0,0.0,0.0,0,0,0,0,0,0,0,0,0,0,0
2025/05/07 10:36:49.169920281,1746607009,168716928,joy,-0.0,-0.0,1.0,-0.0,-0.0,1.0,0.0,0.0,0,0,0,0,0,0,0,0,0,0,0
2025/05/07 10:36:49.219388812,1746607009,219046706,joy,-0.0,-0.0,1.0,-0.0,-0.0,1.0,0.0,0.0,0,0,0,0,0,0,0,0,0,0,0
2025/05/07 10:36:49.322230826,1746607009,321701314,joy,-0.0,-0.0,1.0,-0.0,-0.0,1.0,0.0,0.0,0,0,0,0,0,0,0,0,0,0,0
2025/05/07 10:36:49.422110372,1746607009,421596721,joy,-0.0,-0.0,1.0,-0.0,-0.0,1.0,0.0,0.0,0,0,0,0,0,0,0,0,0,0,0
2025/05/07 10:36:49.472546774,1746607009,472107265,joy,-0.0,-0.0,1.0,-0.0,-0.0,1.0,0.0,0.0,0,0,0,0,0,0,0,0,0,0,0
2025/05/07 10:36:49.572548890,1746607009,572307260,joy,-0.0,-0.0,1.0,-0.0,-0.0,1.0,0.0,0.0,0,0,0,0,0,0,0,0,0,0,0
2025/05/07 10:36:49.624737765,1746607009,622874412,joy,-0.0,-0.0,1.0,-0.0,-0.0,1.0,0.0,0.0,0,0,0,0,0,0,0,0,0,0,0
2025/05/07 10:36:49.673417536,1746607009,672909805,joy,-0.0,-0.0,1.0,-0.0,-0.0,1.0,0.0,0.0,0,0,0,0,0,0,0,0,0,0,0
2025/05/07 10:36:49.772717566,1746607009,772347892,joy,-0.0,-0.0,1.0,-0.0,-0.0,1.0,0.0,0.0,0,0,0,0,0,0,0,0,0,0,0
2025/05/07 10:36:49.823842918,1746607009,822653506,joy,-0.0,-0.0,1.0,-0.0,-0.0,1.0,0.0,0.0,0,0,0,0,0,0,0,0,0,0,0
2025/05/07 10:36:49.878966906,1746607009,875063680,joy,-0.0,-0.0,1.0,-0.0,-0.0,1.0,0.0,0.0,0,0,0,0,0,0,0,0,0,0,0
2025/05/07 10:36:49.926624178,1746607009,925671467,joy,-0.0,-0.0,1.0,-0.0,-0.0,1.0,0.0,0.0,0,0,0,0,0,0,0,0,0,0,0
2025/05/07 10:36:50.25812640,1746607010,25480982,joy,-0.0,-0.0,1.0,-0.0,-0.0,1.0,0.0,0.0,0,0,0,0,0,0,0,0,0,0,0
2025/05/07 10:36:50.125512058,1746607010,125053366,joy,-0.0,-0.0,1.0,-0.0,-0.0,1.0,0.0,0.0,0,0,0,0,0,0,0,0,0,0,0
2025/05/07 10:36:50.175881067,1746607010,175623609,joy,-0.0,-0.0,1.0,-0.0,-0.0,1.0,0.0,0.0,0,0,0,0,0,0,0,0,0,0,0
2025/05/07 10:36:50.226370378,1746607010,226082050,joy,-0.0,-0.0,1.0,-0.0,-0.0,1.0,0.0,0.0,0,0,0,0,0,0,0,0,0,0,0
2025/05/07 10:36:50.325950702,1746607010,325670918,joy,-0.0,-0.0,1.0,-0.0,-0.0,1.0,0.0,0.0,0,0,0,0,0,0,0,0,0,0,0
2025/05/07 10:36:50.376969494,1746607010,376393213,joy,-0.0,-0.0,1.0,-0.0,-0.0,1.0,0.0,0.0,0,0,0,0,0,0,0,0,0,0,0
2025/05/07 10:36:50.426727468,1746607010,426446765,joy,-0.0,-0.0,1.0,-0.0,-0.0,1.0,0.0,0.0,0,0,0,0,0,0,0,0,0,0,0
2025/05/07 10:36:50.477547716,1746607010,477076140,joy,-0.0,-0.0,1.0,-0.0,-0.0,1.0,0.0,0.0,0,0,0,0,0,0,0,0,0,0,0
2025/05/07 10:36:50.577286403,1746607010,576927784,joy,-0.0,-0.0,1.0,-0.0,-0.0,1.0,0.0,0.0,0,0,0,0,0,0,0,0,0,0,0
2025/05/07 10:36:50.677124718,1746607010,676629714,joy,-0.0,-0.0,1.0,-0.0,-0.0,1.0,0.0,0.0,0,0,0,0,0,0,0,0,0,0,0
2025/05/07 10:36:50.727589702,1746607010,727291063,joy,-0.0,-0.0,1.0,-0.0,-0.0,1.0,0.0,0.0,0,0,0,0,0,0,0,0,0,0,0
2025/05/07 10:36:50.778154265,1746607010,777613110,joy,-0.0,-0.0,1.0,-0.0,-0.0,1.0,0.0,0.0,0,0,0,0,0,0,0,0,0,0,0
2025/05/07 10:36:50.828034483,1746607010,827628831,joy,-0.0,-0.0,1.0,-0.0,-0.0,1.0,0.0,0.0,0,0,0,0,0,0,0,0,0,0,0
2025/05/07 10:36:50.880027411,1746607010,879675581,joy,-0.0,-0.0,1.0,-0.0,-0.0,1.0,0.0,0.0,0,0,0,0,0,0,0,0,0,0,0
2025/05/07 10:36:50.932323186,1746607010,931308163,joy,-0.0,-0.0,1.0,-0.0,-0.0,1.0,0.0,0.0,0,0,0,0,0,0,0,0,0,0,0
2025/05/07 10:36:50.982091509,1746607010,981595791,joy,-0.0,-0.0,1.0,-0.0,-0.0,1.0,0.0,0.0,0,0,0,0,0,0,0,0,0,0,0
2025/05/07 10:36:51.32002359,1746607011,31674597,joy,-0.0,-0.0,1.0,-0.0,-0.0,1.0,0.0,0.0,0,0,0,0,0,0,0,0,0,0,0
2025/05/07 10:36:51.130840334,1746607011,130554172,joy,-0.0,-0.0,1.0,-0.0,-0.0,1.0,0.0,0.0,0,0,0,0,0,0,0,0,0,0,0
2025/05/07 10:36:51.181640101,1746607011,180920866,joy,-0.0,-0.0,1.0,-0.0,-0.0,1.0,0.0,0.0,0,0,0,0,0,0,0,0,0,0,0
2025/05/07 10:36:51.231712843,1746607011,231285475,joy,-0.0,-0.0,1.0,-0.0,-0.0,1.0,0.0,0.0,0,0,0,0,0,0,0,0,0,0,0
2025/05/07 10:36:51.282947995,1746607011,281457528,joy,-0.0,-0.0,1.0,-0.0,-0.0,1.0,0.0,0.0,0,0,0,0,0,0,0,0,0,0,0
2025/05/07 10:36:51.331967106,1746607011,331636554,joy,-0.0,-0.0,1.0,-0.0,-0.0,1.0,0.0,0.0,0,0,0,0,0,0,0,0,0,0,0
2025/05/07 10:36:51.382112930,1746607011,381751660,joy,-0.0,-0.0,1.0,-0.0,-0.0,1.0,0.0,0.0,0,0,0,0,0,0,0,0,0,0,0
2025/05/07 10:36:51.432395126,1746607011,432070978,joy,-0.0,-0.0,1.0,-0.0,-0.0,1.0,0.0,0.0,0,0,0,0,0,0,0,0,0,0,0
2025/05/07 10:36:51.482959385,1746607011,482119588,joy,-0.0,-0.0,1.0,-0.0,-0.0,1.0,0.0,0.0,0,0,0,0,0,0,0,0,0,0,0
2025/05/07 10:36:51.582699968,1746607011,582302935,joy,-0.0,-0.0,1.0,-0.0,-0.0,1.0,0.0,0.0,0,0,0,0,0,0,0,0,0,0,0
2025/05/07 10:36:51.633199674,1746607011,632725384,joy,-0.0,-0.0,1.0,-0.0,-0.0,1.0,0.0,0.0,0,0,0,0,0,0,0,0,0,0,0
2025/05/07 10:36:51.687009691,1746607011,683546917,joy,-0.0,-0.0,1.0,-0.0,-0.0,1.0,0.0,0.0,0,0,0,0,0,0,0,0,0,0,0
2025/05/07 10:36:51.734439223,1746607011,733566211,joy,-0.0,-0.0,1.0,-0.0,-0.0,1.0,0.0,0.0,0,0,0,0,0,0,0,0,0,0,0
2025/05/07 10:36:51.834539694,1746607011,834086014,joy,-0.0,-0.0,1.0,-0.0,-0.0,1.0,0.0,0.0,0,0,0,0,0,0,0,0,0,0,0
2025/05/07 10:36:51.935277691,1746607011,934416839,joy,-0.0,-0.0,1.0,-0.0,-0.0,1.0,0.0,0.0,0,0,0,0,0,0,0,0,0,0,0
2025/05/07 10:36:52.35073118,1746607012,34359473,joy,-0.0,-0.0,1.0,-0.0,-0.0,1.0,0.0,0.0,0,0,0,0,0,0,0,0,0,0,0
2025/05/07 10:36:52.134264258,1746607012,133856464,joy,-0.0,-0.0,1.0,-0.0,-0.0,1.0,0.0,0.0,0,0,0,0,0,0,0,0,0,0,0
2025/05/07 10:36:52.184497674,1746607012,184035599,joy,-0.0,-0.0,1.0,-0.0,-0.0,1.0,0.0,0.0,0,0,0,0,0,0,0,0,0,0,0
2025/05/07 10:36:52.234432355,1746607012,234234608,joy,-0.0,-0.0,1.0,-0.0,-0.0,1.0,0.0,0.0,0,0,0,0,0,0,0,0,0,0,0
2025/05/07 10:36:52.334983795,1746607012,334593092,joy,-0.0,-0.0,1.0,-0.0,-0.0,1.0,0.0,0.0,0,0,0,0,0,0,0,0,0,0,0
2025/05/07 10:36:52.385572009,1746607012,385175830,joy,-0.0,-0.0,1.0,-0.0,-0.0,1.0,0.0,0.0,0,0,0,0,0,0,0,0,0,0,0
2025/05/07 10:36:52.486546420,1746607012,485733623,joy,-0.0,-0.0,1.0,-0.0,-0.0,1.0,0.0,0.0,0,0,0,0,0,0,0,0,0,0,0
2025/05/07 10:36:52.536576663,1746607012,536344363,joy,-0.0,-0.0,1.0,-0.0,-0.0,1.0,0.0,0.0,0,0,0,0,0,0,0,0,0,0,0
2025/05/07 10:36:52.586822186,1746607012,586499889,joy,-0.0,-0.0,1.0,-0.0,-0.0,1.0,0.0,0.0,0,0,0,0,0,0,0,0,0,0,0
2025/05/07 10:36:52.686942882,1746607012,686602494,joy,-0.0,-0.0,1.0,-0.0,-0.0,1.0,0.0,0.0,0,0,0,0,0,0,0,0,0,0,0
2025/05/07 10:36:52.737152807,1746607012,736825673,joy,-0.0,-0.0,1.0,-0.0,-0.0,1.0,0.0,0.0,0,0,0,0,0,0,0,0,0,0,0
2025/05/07 10:36:52.837592707,1746607012,837326625,joy,-0.0,-0.0,1.0,-0.0,-0.0,1.0,0.0,0.0,0,0,0,0,0,0,0,0,0,0,0
2025/05/07 10:36:52.888349294,1746607012,887996950,joy,-0.0,-0.0,1.0,-0.0,-0.0,1.0,0.0,0.0,0,0,0,0,0,0,0,0,0,0,0
2025/05/07 10:36:52.939603504,1746607012,938949458,joy,-0.0,-0.0,1.0,-0.0,-0.0,1.0,0.0,0.0,0,0,0,0,0,0,0,0,0,0,0
2025/05/07 10:36:53.39285381,1746607013,38932894,joy,-0.0,-0.0,1.0,-0.0,-0.0,1.0,0.0,0.0,0,0,0,0,0,0,0,0,0,0,0
2025/05/07 10:36:53.138349299,1746607013,137899225,joy,-0.0,-0.0,1.0,-0.0,-0.0,1.0,0.0,0.0,0,0,0,0,0,0,0,0,0,0,0
2025/05/07 10:36:53.189042969,1746607013,188530310,joy,-0.0,-0.0,1.0,-0.0,-0.0,1.0,0.0,0.0,0,0,0,0,0,0,0,0,0,0,0
2025/05/07 10:36:53.239557652,1746607013,239091258,joy,-0.0,-0.0,1.0,-0.0,-0.0,1.0,0.0,0.0,0,0,0,0,0,0,0,0,0,0,0
2025/05/07 10:36:53.289358093,1746607013,289105494,joy,-0.0,-0.0,1.0,-0.0,-0.0,1.0,0.0,0.0,0,0,0,0,0,0,0,0,0,0,0
2025/05/07 10:36:53.339399059,1746607013,339129379,joy,-0.0,-0.0,1.0,-0.0,-0.0,1.0,0.0,0.0,0,0,0,0,0,0,0,0,0,0,0
2025/05/07 10:36:53.389947390,1746607013,389137650,joy,-0.0,-0.0,1.0,-0.0,-0.0,1.0,0.0,0.0,0,0,0,0,0,0,0,0,0,0,0
2025/05/07 10:36:53.439645332,1746607013,439334405,joy,-0.0,-0.0,1.0,-0.0,-0.0,1.0,0.0,0.0,0,0,0,0,0,0,0,0,0,0,0
2025/05/07 10:36:53.490337051,1746607013,489802798,joy,-0.0,-0.0,1.0,-0.0,-0.0,1.0,0.0,0.0,0,0,0,0,0,0,0,0,0,0,0
2025/05/07 10:36:53.590596211,1746607013,590184771,joy,-0.0,-0.0,1.0,-0.0,-0.0,1.0,0.0,0.0,0,0,0,0,0,0,0,0,0,0,0
2025/05/07 10:36:53.691388463,1746607013,691161032,joy,-0.0,-0.0,1.0,-0.0,-0.0,1.0,0.0,0.0,0,0,0,0,0,0,0,0,0,0,0
2025/05/07 10:36:53.744211610,1746607013,742109384,joy,-0.0,-0.0,1.0,-0.0,-0.0,1.0,0.0,0.0,0,0,0,0,0,0,0,0,0,0,0
2025/05/07 10:36:53.792619000,1746607013,792151160,joy,-0.0,-0.0,1.0,-0.0,-0.0,1.0,0.0,0.0,0,0,0,0,0,0,0,0,0,0,0
2025/05/07 10:36:53.843186944,1746607013,842752490,joy,-0.0,-0.0,1.0,-0.0,-0.0,1.0,0.0,0.0,0,0,0,0,0,0,0,0,0,0,0
2025/05/07 10:36:53.944529658,1746607013,944281245,joy,-0.0,-0.0,1.0,-0.0,-0.0,1.0,0.0,0.0,0,0,0,0,0,0,0,0,0,0,0
2025/05/07 10:36:53.995387666,1746607013,995137952,joy,-0.0,-0.0,1.0,-0.0,-0.0,1.0,0.0,0.0,0,0,0,0,0,0,0,0,0,0,0
2025/05/07 10:36:54.96154274,1746607014,95796445,joy,-0.0,-0.0,1.0,-0.0,-0.0,1.0,0.0,0.0,0,0,0,0,0,0,0,0,0,0,0
2025/05/07 10:36:54.197127617,1746607014,196473291,joy,-0.0,-0.0,1.0,-0.0,-0.0,1.0,0.0,0.0,0,0,0,0,0,0,0,0,0,0,0
2025/05/07 10:36:54.249351268,1746607014,247430882,joy,-0.0,-0.0,1.0,-0.0,-0.0,1.0,0.0,0.0,0,0,0,0,0,0,0,0,0,0,0
2025/05/07 10:36:54.298367070,1746607014,297530274,joy,-0.0,-0.0,1.0,-0.0,-0.0,1.0,0.0,0.0,0,0,0,0,0,0,0,0,0,0,0
2025/05/07 10:36:54.349026607,1746607014,348681085,joy,-0.0,-0.0,1.0,-0.0,-0.0,1.0,0.0,0.0,0,0,0,0,0,0,0,0,0,0,0
2025/05/07 10:36:54.400178957,1746607014,398729428,joy,-0.0,-0.0,1.0,-0.0,-0.0,1.0,0.0,0.0,0,0,0,0,0,0,0,0,0,0,0
2025/05/07 10:36:54.500397909,1746607014,498962978,joy,-0.0,-0.0,1.0,-0.0,-0.0,1.0,0.0,0.0,0,0,0,0,0,0,0,0,0,0,0
2025/05/07 10:36:54.549712880,1746607014,549262102,joy,-0.0,-0.0,1.0,-0.0,-0.0,1.0,0.0,0.0,0,0,0,0,0,0,0,0,0,0,0
2025/05/07 10:36:54.599997558,1746607014,599386103,joy,-0.0,-0.0,1.0,-0.0,-0.0,1.0,0.0,0.0,0,0,0,0,0,0,0,0,0,0,0
2025/05/07 10:36:54.650598141,1746607014,650258950,joy,-0.0,-0.0,1.0,-0.0,-0.0,1.0,0.0,0.0,0,0,0,0,0,0,0,0,0,0,0
2025/05/07 10:36:54.750410571,1746607014,750137023,joy,-0.0,-0.0,1.0,-0.0,-0.0,1.0,0.0,0.0,0,0,0,0,0,0,0,0,0,0,0
2025/05/07 10:36:54.850375371,1746607014,850116682,joy,-0.0,-0.0,1.0,-0.0,-0.0,1.0,0.0,0.0,0,0,0,0,0,0,0,0,0,0,0
2025/05/07 10:36:54.903964436,1746607014,902145539,joy,-0.0,-0.0,1.0,-0.0,-0.0,1.0,0.0,0.0,0,0,0,0,0,0,0,0,0,0,0
2025/05/07 10:36:55.2415951,1746607015,1361952,joy,-0.0,-0.0,1.0,-0.0,-0.0,1.0,0.0,0.0,0,0,0,0,0,0,0,0,0,0,0
2025/05/07 10:36:55.100973425,1746607015,100545630,joy,-0.0,-0.0,1.0,-0.0,-0.0,1.0,0.0,0.0,0,0,0,0,0,0,0,0,0,0,0
2025/05/07 10:36:55.150884948,1746607015,150570640,joy,-0.0,-0.0,1.0,-0.0,-0.0,1.0,0.0,0.0,0,0,0,0,0,0,0,0,0,0,0
2025/05/07 10:36:55.201361092,1746607015,201058542,joy,-0.0,-0.0,1.0,-0.0,-0.0,1.0,0.0,0.0,0,0,0,0,0,0,0,0,0,0,0
2025/05/07 10:36:55.302017467,1746607015,301065529,joy,-0.0,-0.0,1.0,-0.0,-0.0,1.0,0.0,0.0,0,0,0,0,0,0,0,0,0,0,0
2025/05/07 10:36:55.351510517,1746607015,351150241,joy,-0.0,-0.0,1.0,-0.0,-0.0,1.0,0.0,0.0,0,0,0,0,0,0,0,0,0,0,0
2025/05/07 10:36:55.450726856,1746607015,450558387,joy,-0.0,-0.0,1.0,-0.0,-0.0,1.0,0.0,0.0,0,0,0,0,0,0,0,0,0,0,0
2025/05/07 10:36:55.501596981,1746607015,501303999,joy,-0.0,-0.0,1.0,-0.0,-0.0,1.0,0.0,0.0,0,0,0,0,0,0,0,0,0,0,0
2025/05/07 10:36:55.552556052,1746607015,552246301,joy,-0.0,-0.0,1.0,-0.0,-0.0,1.0,0.0,0.0,0,0,0,0,0,0,0,0,0,0,0
2025/05/07 10:36:55.653329244,1746607015,652841758,joy,-0.0,-0.0,1.0,-0.0,-0.0,1.0,0.0,0.0,0,0,0,0,0,0,0,0,0,0,0
2025/05/07 10:36:55.703644242,1746607015,703147942,joy,-0.0,-0.0,1.0,-0.0,-0.0,1.0,0.0,0.0,0,0,0,0,0,0,0,0,0,0,0
2025/05/07 10:36:55.754355965,1746607015,753622422,joy,-0.0,-0.0,1.0,-0.0,-0.0,1.0,0.0,0.0,0,0,0,0,0,0,0,0,0,0,0
2025/05/07 10:36:55.805496557,1746607015,804559550,joy,-0.0,-0.0,1.0,-0.0,-0.0,1.0,0.0,0.0,0,0,0,0,0,0,0,0,0,0,0
2025/05/07 10:36:55.856504636,1746607015,855879790,joy,-0.0,-0.0,1.0,-0.0,-0.0,1.0,0.0,0.0,0,0,0,0,0,0,0,0,0,0,0
2025/05/07 10:36:55.908856080,1746607015,908330577,joy,-0.0,-0.0,1.0,-0.0,-0.0,1.0,0.0,0.0,0,0,0,0,0,0,0,0,0,0,0
2025/05/07 10:36:55.961013161,1746607015,959299704,joy,-0.0,-0.0,1.0,-0.0,-0.0,1.0,0.0,0.0,0,0,0,0,0,0,0,0,0,0,0
2025/05/07 10:36:56.10359030,1746607016,9539963,joy,-0.0,-0.0,1.0,-0.0,-0.0,1.0,0.0,0.0,0,0,0,0,0,0,0,0,0,0,0
2025/05/07 10:36:56.60193511,1746607016,59691266,joy,-0.0,-0.0,1.0,-0.0,-0.0,1.0,0.0,0.0,0,0,0,0,0,0,0,0,0,0,0
2025/05/07 10:36:56.111780602,1746607016,111401810,joy,-0.0,-0.0,1.0,-0.0,-0.0,1.0,0.0,0.0,0,0,0,0,0,0,0,0,0,0,0
2025/05/07 10:36:56.163209790,1746607016,162247831,joy,-0.0,-0.0,1.0,-0.0,-0.0,1.0,0.0,0.0,0,0,0,0,0,0,0,0,0,0,0
2025/05/07 10:36:56.262088643,1746607016,261747469,joy,-0.0,-0.0,1.0,-0.0,-0.0,1.0,0.0,0.0,0,0,0,0,0,0,0,0,0,0,0
2025/05/07 10:36:56.313362862,1746607016,312153127,joy,-0.0,-0.0,1.0,-0.0,-0.0,1.0,0.0,0.0,0,0,0,0,0,0,0,0,0,0,0
2025/05/07 10:36:56.362880977,1746607016,362370824,joy,-0.0,-0.0,1.0,-0.0,-0.0,1.0,0.0,0.0,0,0,0,0,0,0,0,0,0,0,0
2025/05/07 10:36:56.413177533,1746607016,412847010,joy,-0.0,-0.0,1.0,-0.0,-0.0,1.0,0.0,0.0,0,0,0,0,0,0,0,0,0,0,0
2025/05/07 10:36:56.463778372,1746607016,463354363,joy,-0.0,-0.0,1.0,-0.0,-0.0,1.0,0.0,0.0,0,0,0,0,0,0,0,0,0,0,0
2025/05/07 10:36:56.515054074,1746607016,514312518,joy,-0.0,-0.0,1.0,-0.0,-0.0,1.0,0.0,0.0,0,0,0,0,0,0,0,0,0,0,0
2025/05/07 10:36:56.564670028,1746607016,564453891,joy,-0.0,-0.0,1.0,-0.0,-0.0,1.0,0.0,0.0,0,0,0,0,0,0,0,0,0,0,0
2025/05/07 10:36:56.615661496,1746607016,615284563,joy,-0.0,-0.0,1.0,-0.0,-0.0,1.0,0.0,0.0,0,0,0,0,0,0,0,0,0,0,0
2025/05/07 10:36:56.666661915,1746607016,666142267,joy,-0.0,-0.0,1.0,-0.0,-0.0,1.0,0.0,0.0,0,0,0,0,0,0,0,0,0,0,0
2025/05/07 10:36:56.717262725,1746607016,716364164,joy,-0.0,-0.0,1.0,-0.0,-0.0,1.0,0.0,0.0,0,0,0,0,0,0,0,0,0,0,0
2025/05/07 10:36:56.771254883,1746607016,766664733,joy,-0.0,-0.0,1.0,-0.0,-0.0,1.0,0.0,0.0,0,0,0,0,0,0,0,0,0,0,0
2025/05/07 10:36:56.818171474,1746607016,817414019,joy,-0.0,-0.0,1.0,-0.0,-0.0,1.0,0.0,0.0,0,0,0,0,0,0,0,0,0,0,0
2025/05/07 10:36:56.867962659,1746607016,867707140,joy,-0.0,-0.0,1.0,-0.0,-0.0,1.0,0.0,0.0,0,0,0,0,0,0,0,0,0,0,0
2025/05/07 10:36:56.919929499,1746607016,919380118,joy,-0.0,-0.0,1.0,-0.0,-0.0,1.0,0.0,0.0,0,0,0,0,0,0,0,0,0,0,0
2025/05/07 10:36:56.971180515,1746607016,970022593,joy,-0.0,-0.0,1.0,-0.0,-0.0,1.0,0.0,0.0,0,0,0,0,0,0,0,0,0,0,0
2025/05/07 10:36:57.21300414,1746607017,20270209,joy,-0.0,-0.0,1.0,-0.0,-0.0,1.0,0.0,0.0,0,0,0,0,0,0,0,0,0,0,0
2025/05/07 10:36:57.120693815,1746607017,120140308,joy,-0.0,-0.0,1.0,-0.0,-0.0,1.0,0.0,0.0,0,0,0,0,0,0,0,0,0,0,0
2025/05/07 10:36:57.220290160,1746607017,219905214,joy,-0.0,-0.0,1.0,-0.0,-0.0,1.0,0.0,0.0,0,0,0,0,0,0,0,0,0,0,0
2025/05/07 10:36:57.271630995,1746607017,270408554,joy,-0.0,-0.0,1.0,-0.0,-0.0,1.0,0.0,0.0,0,0,0,0,0,0,0,0,0,0,0
2025/05/07 10:36:57.371145577,1746607017,370783704,joy,-0.0,-0.0,1.0,-0.0,-0.0,1.0,0.0,0.0,0,0,0,0,0,0,0,0,0,0,0
2025/05/07 10:36:57.470793208,1746607017,470370750,joy,-0.0,-0.0,1.0,-0.0,-0.0,1.0,0.0,0.0,0,0,0,0,0,0,0,0,0,0,0
2025/05/07 10:36:57.521087167,1746607017,520665228,joy,-0.0,-0.0,1.0,-0.0,-0.0,1.0,0.0,0.0,0,0,0,0,0,0,0,0,0,0,0
2025/05/07 10:36:57.571465683,1746607017,571195256,joy,-0.0,-0.0,1.0,-0.0,-0.0,1.0,0.0,0.0,0,0,0,0,0,0,0,0,0,0,0
2025/05/07 10:36:57.671350735,1746607017,671069083,joy,-0.0,-0.0,1.0,-0.0,-0.0,1.0,0.0,0.0,0,0,0,0,0,0,0,0,0,0,0
2025/05/07 10:36:57.770933103,1746607017,770392836,joy,-0.0,-0.0,1.0,-0.0,-0.0,1.0,0.0,0.0,0,0,0,0,0,0,0,0,0,0,0
2025/05/07 10:36:57.821201270,1746607017,820754084,joy,-0.0,-0.0,1.0,-0.0,-0.0,1.0,0.0,0.0,0,0,0,0,0,0,0,0,0,0,0
2025/05/07 10:36:57.922786191,1746607017,922307675,joy,-0.0,-0.0,1.0,-0.0,-0.0,1.0,0.0,0.0,0,0,0,0,0,0,0,0,0,0,0
2025/05/07 10:36:57.972969097,1746607017,972703994,joy,-0.0,-0.0,1.0,-0.0,-0.0,1.0,0.0,0.0,0,0,0,0,0,0,0,0,0,0,0
2025/05/07 10:36:58.23295892,1746607018,23024368,joy,-0.0,-0.0,1.0,-0.0,-0.0,1.0,0.0,0.0,0,0,0,0,0,0,0,0,0,0,0
2025/05/07 10:36:58.122955898,1746607018,122394987,joy,-0.0,-0.0,1.0,-0.0,-0.0,1.0,0.0,0.0,0,0,0,0,0,0,0,0,0,0,0
2025/05/07 10:36:58.173024973,1746607018,172432755,joy,-0.0,-0.0,1.0,-0.0,-0.0,1.0,0.0,0.0,0,0,0,0,0,0,0,0,0,0,0
2025/05/07 10:36:58.223543776,1746607018,223235321,joy,-0.0,-0.0,1.0,-0.0,-0.0,1.0,0.0,0.0,0,0,0,0,0,0,0,0,0,0,0
2025/05/07 10:36:58.322805093,1746607018,322415005,joy,-0.0,-0.0,1.0,-0.0,-0.0,1.0,0.0,0.0,0,0,0,0,0,0,0,0,0,0,0
2025/05/07 10:36:58.373220575,1746607018,372888700,joy,-0.0,-0.0,1.0,-0.0,-0.0,1.0,0.0,0.0,0,0,0,0,0,0,0,0,0,0,0
2025/05/07 10:36:58.427574727,1746607018,424928219,joy,-0.0,-0.0,1.0,-0.0,-0.0,1.0,0.0,0.0,0,0,0,0,0,0,0,0,0,0,0
2025/05/07 10:36:58.476827820,1746607018,476545659,joy,-0.0,-0.0,1.0,-0.0,-0.0,1.0,0.0,0.0,0,0,0,0,0,0,0,0,0,0,0
2025/05/07 10:36:58.528627046,1746607018,527841065,joy,-0.0,-0.0,1.0,-0.0,-0.0,1.0,0.0,0.0,0,0,0,0,0,0,0,0,0,0,0
2025/05/07 10:36:58.629199561,1746607018,627994915,joy,-0.0,-0.0,1.0,-0.0,-0.0,1.0,0.0,0.0,0,0,0,0,0,0,0,0,0,0,0
2025/05/07 10:36:58.727885589,1746607018,727426480,joy,-0.0,-0.0,1.0,-0.0,-0.0,1.0,0.0,0.0,0,0,0,0,0,0,0,0,0,0,0
2025/05/07 10:36:58.778138970,1746607018,777594658,joy,-0.0,-0.0,1.0,-0.0,-0.0,1.0,0.0,0.0,0,0,0,0,0,0,0,0,0,0,0
2025/05/07 10:36:58.827953477,1746607018,827610246,joy,-0.0,-0.0,1.0,-0.0,-0.0,1.0,0.0,0.0,0,0,0,0,0,0,0,0,0,0,0
2025/05/07 10:36:58.878616991,1746607018,878252110,joy,-0.0,-0.0,1.0,-0.0,-0.0,1.0,0.0,0.0,0,0,0,0,0,0,0,0,0,0,0
2025/05/07 10:36:58.930638982,1746607018,929449683,joy,-0.0,-0.0,1.0,-0.0,-0.0,1.0,0.0,0.0,0,0,0,0,0,0,0,0,0,0,0
2025/05/07 10:36:58.979861454,1746607018,979523079,joy,-0.0,-0.0,1.0,-0.0,-0.0,1.0,0.0,0.0,0,0,0,0,0,0,0,0,0,0,0
2025/05/07 10:36:59.30693859,1746607019,30301091,joy,-0.0,-0.0,1.0,-0.0,-0.0,1.0,0.0,0.0,0,0,0,0,0,0,0,0,0,0,0
2025/05/07 10:36:59.129938438,1746607019,129620863,joy,-0.0,-0.0,1.0,-0.0,-0.0,1.0,0.0,0.0,0,0,0,0,0,0,0,0,0,0,0
2025/05/07 10:36:59.180371687,1746607019,179921239,joy,-0.0,-0.0,1.0,-0.0,-0.0,1.0,0.0,0.0,0,0,0,0,0,0,0,0,0,0,0
2025/05/07 10:36:59.280343000,1746607019,280029133,joy,-0.0,-0.0,1.0,-0.0,-0.0,1.0,0.0,0.0,0,0,0,0,0,0,0,0,0,0,0
2025/05/07 10:36:59.330510197,1746607019,330230313,joy,-0.0,-0.0,1.0,-0.0,-0.0,1.0,0.0,0.0,0,0,0,0,0,0,0,0,0,0,0
2025/05/07 10:36:59.380613813,1746607019,380311107,joy,-0.0,-0.0,1.0,-0.0,-0.0,1.0,0.0,0.0,0,0,0,0,0,0,0,0,0,0,0
2025/05/07 10:36:59.431439761,1746607019,431120634,joy,-0.0,-0.0,1.0,-0.0,-0.0,1.0,0.0,0.0,0,0,0,0,0,0,0,0,0,0,0
2025/05/07 10:36:59.481474851,1746607019,481253123,joy,-0.0,-0.0,1.0,-0.0,-0.0,1.0,0.0,0.0,0,0,0,0,0,0,0,0,0,0,0
2025/05/07 10:36:59.532419203,1746607019,531366495,joy,-0.0,-0.0,1.0,-0.0,-0.0,1.0,0.0,0.0,0,0,0,0,0,0,0,0,0,0,0
2025/05/07 10:36:59.582331484,1746607019,581495128,joy,-0.0,-0.0,1.0,-0.0,-0.0,1.0,0.0,0.0,0,0,0,0,0,0,0,0,0,0,0
2025/05/07 10:36:59.632411507,1746607019,632078259,joy,-0.0,-0.0,1.0,-0.0,-0.0,1.0,0.0,0.0,0,0,0,0,0,0,0,0,0,0,0
2025/05/07 10:36:59.732501129,1746607019,732109738,joy,-0.0,-0.0,1.0,-0.0,-0.0,1.0,0.0,0.0,0,0,0,0,0,0,0,0,0,0,0
2025/05/07 10:36:59.782720355,1746607019,782282169,joy,-0.0,-0.0,1.0,-0.0,-0.0,1.0,0.0,0.0,0,0,0,0,0,0,0,0,0,0,0
2025/05/07 10:36:59.882163649,1746607019,881609910,joy,-0.0,-0.0,1.0,-0.0,-0.0,1.0,0.0,0.0,0,0,0,0,0,0,0,0,0,0,0
2025/05/07 10:36:59.933460685,1746607019,933125787,joy,-0.0,-0.0,1.0,-0.0,-0.0,1.0,0.0,0.0,0,0,0,0,0,0,0,0,0,0,0
2025/05/07 10:36:59.983546249,1746607019,983135698,joy,-0.0,-0.0,1.0,-0.0,-0.0,1.0,0.0,0.0,0,0,0,0,0,0,0,0,0,0,0
2025/05/07 10:37:00.82243793,1746607020,81847690,joy,-0.0,-0.0,1.0,-0.0,-0.0,1.0,0.0,0.0,0,0,0,0,0,0,0,0,0,0,0
2025/05/07 10:37:00.132727096,1746607020,132250997,joy,-0.0,-0.0,1.0,-0.0,-0.0,1.0,0.0,0.0,0,0,0,0,0,0,0,0,0,0,0
2025/05/07 10:37:00.232038882,1746607020,231716679,joy,-0.0,-0.0,1.0,-0.0,-0.0,1.0,0.0,0.0,0,0,0,0,0,0,0,0,0,0,0
2025/05/07 10:37:00.332505452,1746607020,332173639,joy,-0.0,-0.0,1.0,-0.0,-0.0,1.0,0.0,0.0,0,0,0,0,0,0,0,0,0,0,0
2025/05/07 10:37:00.382810014,1746607020,382485988,joy,-0.0,-0.0,1.0,-0.0,-0.0,1.0,0.0,0.0,0,0,0,0,0,0,0,0,0,0,0
2025/05/07 10:37:00.433903722,1746607020,433599755,joy,-0.0,-0.0,1.0,-0.0,-0.0,1.0,0.0,0.0,0,0,0,0,0,0,0,0,0,0,0
2025/05/07 10:37:00.483999639,1746607020,483642413,joy,-0.0,-0.0,1.0,-0.0,-0.0,1.0,0.0,0.0,0,0,0,0,0,0,0,0,0,0,0
2025/05/07 10:37:00.534356913,1746607020,533938689,joy,-0.0,-0.0,1.0,-0.0,-0.0,1.0,0.0,0.0,0,0,0,0,0,0,0,0,0,0,0
2025/05/07 10:37:00.585255871,1746607020,584076081,joy,-0.0,-0.0,1.0,-0.0,-0.0,1.0,0.0,0.0,0,0,0,0,0,0,0,0,0,0,0
2025/05/07 10:37:00.684665874,1746607020,684230963,joy,-0.0,-0.0,1.0,-0.0,-0.0,1.0,0.0,0.0,0,0,0,0,0,0,0,0,0,0,0
2025/05/07 10:37:00.784008732,1746607020,783565912,joy,-0.0,-0.0,1.0,-0.0,-0.0,1.0,0.0,0.0,0,0,0,0,0,0,0,0,0,0,0
2025/05/07 10:37:00.834578008,1746607020,833898088,joy,-0.0,-0.0,1.0,-0.0,-0.0,1.0,0.0,0.0,0,0,0,0,0,0,0,0,0,0,0
2025/05/07 10:37:00.885037236,1746607020,884248120,joy,-0.0,-0.0,1.0,-0.0,-0.0,1.0,0.0,0.0,0,0,0,0,0,0,0,0,0,0,0
2025/05/07 10:37:00.935899809,1746607020,935668996,joy,-0.0,-0.0,1.0,-0.0,-0.0,1.0,0.0,0.0,0,0,0,0,0,0,0,0,0,0,0
2025/05/07 10:37:00.986291642,1746607020,986067657,joy,-0.0,-0.0,1.0,-0.0,-0.0,1.0,0.0,0.0,0,0,0,0,0,0,0,0,0,0,0
2025/05/07 10:37:01.36747277,1746607021,36398024,joy,-0.0,-0.0,1.0,-0.0,-0.0,1.0,0.0,0.0,0,0,0,0,0,0,0,0,0,0,0
2025/05/07 10:37:01.136142892,1746607021,135813605,joy,-0.0,-0.0,1.0,-0.0,-0.0,1.0,0.0,0.0,0,0,0,0,0,0,0,0,0,0,0
2025/05/07 10:37:01.186344006,1746607021,186009626,joy,-0.0,-0.0,1.0,-0.0,-0.0,1.0,0.0,0.0,0,0,0,0,0,0,0,0,0,0,0
2025/05/07 10:37:01.286086474,1746607021,285869340,joy,-0.0,-0.0,1.0,-0.0,-0.0,1.0,0.0,0.0,0,0,0,0,0,0,0,0,0,0,0
2025/05/07 10:37:01.386466877,1746607021,386075702,joy,-0.0,-0.0,1.0,-0.0,-0.0,1.0,0.0,0.0,0,0,0,0,0,0,0,0,0,0,0
2025/05/07 10:37:01.486339528,1746607021,486151385,joy,-0.0,-0.0,1.0,-0.0,-0.0,1.0,0.0,0.0,0,0,0,0,0,0,0,0,0,0,0
2025/05/07 10:37:01.586129210,1746607021,585900392,joy,-0.0,-0.0,1.0,-0.0,-0.0,1.0,0.0,0.0,0,0,0,0,0,0,0,0,0,0,0
2025/05/07 10:37:01.638454960,1746607021,636434258,joy,-0.0,-0.0,1.0,-0.0,-0.0,1.0,0.0,0.0,0,0,0,0,0,0,0,0,0,0,0
2025/05/07 10:37:01.687507628,1746607021,687277670,joy,-0.0,-0.0,1.0,-0.0,-0.0,1.0,0.0,0.0,0,0,0,0,0,0,0,0,0,0,0
2025/05/07 10:37:01.737586657,1746607021,737388652,joy,-0.0,-0.0,1.0,-0.0,-0.0,1.0,0.0,0.0,0,0,0,0,0,0,0,0,0,0,0
2025/05/07 10:37:01.788364054,1746607021,788043611,joy,-0.0,-0.0,1.0,-0.0,-0.0,1.0,0.0,0.0,0,0,0,0,0,0,0,0,0,0,0
2025/05/07 10:37:01.838679970,1746607021,838256139,joy,-0.0,-0.0,1.0,-0.0,-0.0,1.0,0.0,0.0,0,0,0,0,0,0,0,0,0,0,0
2025/05/07 10:37:01.940198418,1746607021,939697466,joy,-0.0,-0.0,1.0,-0.0,-0.0,1.0,0.0,0.0,0,0,0,0,0,0,0,0,0,0,0
2025/05/07 10:37:01.990345577,1746607021,989706890,joy,-0.0,-0.0,1.0,-0.0,-0.0,1.0,0.0,0.0,0,0,0,0,0,0,0,0,0,0,0
2025/05/07 10:37:02.41388766,1746607022,40892445,joy,-0.0,-0.0,1.0,-0.0,-0.0,1.0,0.0,0.0,0,0,0,0,0,0,0,0,0,0,0
2025/05/07 10:37:02.141065627,1746607022,140482646,joy,-0.0,-0.0,1.0,-0.0,-0.0,1.0,0.0,0.0,0,0,0,0,0,0,0,0,0,0,0
2025/05/07 10:37:02.191913598,1746607022,191024256,joy,-0.0,-0.0,1.0,-0.0,-0.0,1.0,0.0,0.0,0,0,0,0,0,0,0,0,0,0,0
2025/05/07 10:37:02.241466489,1746607022,241133893,joy,-0.0,-0.0,1.0,-0.0,-0.0,1.0,0.0,0.0,0,0,0,0,0,0,0,0,0,0,0
2025/05/07 10:37:02.342127649,1746607022,340832599,joy,-0.0,-0.0,1.0,-0.0,-0.0,1.0,0.0,0.0,0,0,0,0,0,0,0,0,0,0,0
2025/05/07 10:37:02.392492665,1746607022,391268688,joy,-0.0,-0.0,1.0,-0.0,-0.0,1.0,0.0,0.0,0,0,0,0,0,0,0,0,0,0,0
2025/05/07 10:37:02.446326203,1746607022,445870799,joy,-0.0,-0.0,1.0,-0.0,-0.0,1.0,0.0,0.0,0,0,0,0,0,0,0,0,0,0,0
2025/05/07 10:37:02.546437114,1746607022,546109867,joy,-0.0,-0.0,1.0,-0.0,-0.0,1.0,0.0,0.0,0,0,0,0,0,0,0,0,0,0,0
2025/05/07 10:37:02.646470164,1746607022,646113387,joy,-0.0,-0.0,1.0,-0.0,-0.0,1.0,0.0,0.0,0,0,0,0,0,0,0,0,0,0,0
2025/05/07 10:37:02.696728851,1746607022,696427189,joy,-0.0,-0.0,1.0,-0.0,-0.0,1.0,0.0,0.0,0,0,0,0,0,0,0,0,0,0,0
2025/05/07 10:37:02.747143240,1746607022,746835844,joy,-0.0,-0.0,1.0,-0.0,-0.0,1.0,0.0,0.0,0,0,0,0,0,0,0,0,0,0,0
2025/05/07 10:37:02.797671803,1746607022,797154159,joy,-0.0,-0.0,1.0,-0.0,-0.0,1.0,0.0,0.0,0,0,0,0,0,0,0,0,0,0,0
2025/05/07 10:37:02.899323162,1746607022,898159068,joy,-0.0,-0.0,1.0,-0.0,-0.0,1.0,0.0,0.0,0,0,0,0,0,0,0,0,0,0,0
2025/05/07 10:37:02.948995496,1746607022,948552556,joy,-0.0,-0.0,1.0,-0.0,-0.0,1.0,0.0,0.0,0,0,0,0,0,0,0,0,0,0,0
2025/05/07 10:37:02.999996603,1746607022,999406861,joy,-0.0,-0.0,1.0,-0.0,-0.0,1.0,0.0,0.0,0,0,0,0,0,0,0,0,0,0,0
2025/05/07 10:37:03.99283291,1746607023,98919122,joy,-0.0,-0.0,1.0,-0.0,-0.0,1.0,0.0,0.0,0,0,0,0,0,0,0,0,0,0,0
2025/05/07 10:37:03.149160349,1746607023,148991982,joy,-0.0,-0.0,1.0,-0.0,-0.0,1.0,0.0,0.0,0,0,0,0,0,0,0,0,0,0,0
2025/05/07 10:37:03.249856796,1746607023,248931248,joy,-0.0,-0.0,1.0,-0.0,-0.0,1.0,0.0,0.0,0,0,0,0,0,0,0,0,0,0,0
2025/05/07 10:37:03.349230669,1746607023,348746700,joy,-0.0,-0.0,1.0,-0.0,-0.0,1.0,0.0,0.0,0,0,0,0,0,0,0,0,0,0,0
2025/05/07 10:37:03.399114588,1746607023,398805706,joy,-0.0,-0.0,1.0,-0.0,-0.0,1.0,0.0,0.0,0,0,0,0,0,0,0,0,0,0,0
2025/05/07 10:37:03.450817194,1746607023,450109603,joy,-0.0,-0.0,1.0,-0.0,-0.0,1.0,0.0,0.0,0,0,0,0,0,0,0,0,0,0,0
2025/05/07 10:37:03.502899552,1746607023,502406841,joy,-0.0,-0.0,1.0,-0.0,-0.0,1.0,0.0,0.0,0,0,0,0,0,0,0,0,0,0,0
2025/05/07 10:37:03.553941222,1746607023,553052878,joy,-0.0,-0.0,1.0,-0.0,-0.0,1.0,0.0,0.0,0,0,0,0,0,0,0,0,0,0,0
2025/05/07 10:37:03.603425552,1746607023,603156331,joy,-0.0,-0.0,1.0,-0.0,-0.0,1.0,0.0,0.0,0,0,0,0,0,0,0,0,0,0,0
2025/05/07 10:37:03.655288298,1746607023,654156382,joy,-0.0,-0.0,1.0,-0.0,-0.0,1.0,0.0,0.0,0,0,0,0,0,0,0,0,0,0,0
2025/05/07 10:37:03.705576250,1746607023,705277286,joy,-0.0,-0.0,1.0,-0.0,-0.0,1.0,0.0,0.0,0,0,0,0,0,0,0,0,0,0,0
2025/05/07 10:37:03.804782406,1746607023,804526179,joy,-0.0,-0.0,1.0,-0.0,-0.0,1.0,0.0,0.0,0,0,0,0,0,0,0,0,0,0,0
2025/05/07 10:37:03.855609283,1746607023,855236204,joy,-0.0,-0.0,1.0,-0.0,-0.0,1.0,0.0,0.0,0,0,0,0,0,0,0,0,0,0,0
2025/05/07 10:37:03.906625416,1746607023,906242869,joy,-0.0,-0.0,1.0,-0.0,-0.0,1.0,0.0,0.0,0,0,0,0,0,0,0,0,0,0,0
2025/05/07 10:37:04.6183638,1746607024,5949495,joy,-0.0,-0.0,1.0,-0.0,-0.0,1.0,0.0,0.0,0,0,0,0,0,0,0,0,0,0,0
2025/05/07 10:37:04.105646684,1746607024,105214418,joy,-0.0,-0.0,1.0,-0.0,-0.0,1.0,0.0,0.0,0,0,0,0,0,0,0,0,0,0,0
2025/05/07 10:37:04.155747652,1746607024,155453216,joy,-0.0,-0.0,1.0,-0.0,-0.0,1.0,0.0,0.0,0,0,0,0,0,0,0,0,0,0,0
2025/05/07 10:37:04.205885977,1746607024,205456464,joy,-0.0,-0.0,1.0,-0.0,-0.0,1.0,0.0,0.0,0,0,0,0,0,0,0,0,0,0,0
2025/05/07 10:37:04.257103631,1746607024,255713093,joy,-0.0,-0.0,1.0,-0.0,-0.0,1.0,0.0,0.0,0,0,0,0,0,0,0,0,0,0,0
2025/05/07 10:37:04.356277067,1746607024,356023670,joy,-0.0,-0.0,1.0,-0.0,-0.0,1.0,0.0,0.0,0,0,0,0,0,0,0,0,0,0,0
2025/05/07 10:37:04.458362087,1746607024,456324218,joy,-0.0,-0.0,1.0,-0.0,-0.0,1.0,0.0,0.0,0,0,0,0,0,0,0,0,0,0,0
2025/05/07 10:37:04.507497064,1746607024,507117371,joy,-0.0,-0.0,1.0,-0.0,-0.0,1.0,0.0,0.0,0,0,0,0,0,0,0,0,0,0,0
2025/05/07 10:37:04.606948597,1746607024,606619517,joy,-0.0,-0.0,1.0,-0.0,-0.0,1.0,0.0,0.0,0,0,0,0,0,0,0,0,0,0,0
2025/05/07 10:37:04.658628265,1746607024,658146837,joy,-0.0,-0.0,1.0,-0.0,-0.0,1.0,0.0,0.0,0,0,0,0,0,0,0,0,0,0,0
2025/05/07 10:37:04.757976733,1746607024,757663302,joy,-0.0,-0.0,1.0,-0.0,-0.0,1.0,0.0,0.0,0,0,0,0,0,0,0,0,0,0,0
2025/05/07 10:37:04.808280243,1746607024,808001667,joy,-0.0,-0.0,1.0,-0.0,-0.0,1.0,0.0,0.0,0,0,0,0,0,0,0,0,0,0,0
2025/05/07 10:37:04.909949066,1746607024,908644725,joy,-0.0,-0.0,1.0,-0.0,-0.0,1.0,0.0,0.0,0,0,0,0,0,0,0,0,0,0,0
2025/05/07 10:37:05.9246714,1746607025,8811937,joy,-0.0,-0.0,1.0,-0.0,-0.0,1.0,0.0,0.0,0,0,0,0,0,0,0,0,0,0,0
2025/05/07 10:37:05.109029992,1746607025,108408356,joy,-0.0,-0.0,1.0,-0.0,-0.0,1.0,0.0,0.0,0,0,0,0,0,0,0,0,0,0,0
2025/05/07 10:37:05.159004582,1746607025,158723400,joy,-0.0,-0.0,1.0,-0.0,-0.0,1.0,0.0,0.0,0,0,0,0,0,0,0,0,0,0,0
2025/05/07 10:37:05.209698269,1746607025,209354304,joy,-0.0,-0.0,1.0,-0.0,-0.0,1.0,0.0,0.0,0,0,0,0,0,0,0,0,0,0,0
2025/05/07 10:37:05.263841834,1746607025,261782917,joy,-0.0,-0.0,1.0,-0.0,-0.0,1.0,0.0,0.0,0,0,0,0,0,0,0,0,0,0,0
2025/05/07 10:37:05.362157978,1746607025,361701212,joy,-0.0,-0.0,1.0,-0.0,-0.0,1.0,0.0,0.0,0,0,0,0,0,0,0,0,0,0,0
2025/05/07 10:37:05.412705895,1746607025,412250601,joy,-0.0,-0.0,1.0,-0.0,-0.0,1.0,0.0,0.0,0,0,0,0,0,0,0,0,0,0,0
2025/05/07 10:37:05.511724963,1746607025,511446070,joy,-0.0,-0.0,1.0,-0.0,-0.0,1.0,0.0,0.0,0,0,0,0,0,0,0,0,0,0,0
2025/05/07 10:37:05.562479700,1746607025,562085449,joy,-0.0,-0.0,1.0,-0.0,-0.0,1.0,0.0,0.0,0,0,0,0,0,0,0,0,0,0,0
2025/05/07 10:37:05.662173425,1746607025,661801322,joy,-0.0,-0.0,1.0,-0.0,-0.0,1.0,0.0,0.0,0,0,0,0,0,0,0,0,0,0,0
2025/05/07 10:37:05.764913366,1746607025,764611904,joy,-0.0,-0.0,1.0,-0.0,-0.0,1.0,0.0,0.0,0,0,0,0,0,0,0,0,0,0,0
2025/05/07 10:37:05.816240170,1746607025,815123685,joy,-0.0,-0.0,1.0,-0.0,-0.0,1.0,0.0,0.0,0,0,0,0,0,0,0,0,0,0,0
2025/05/07 10:37:05.917470232,1746607025,916037160,joy,-0.0,-0.0,1.0,-0.0,-0.0,1.0,0.0,0.0,0,0,0,0,0,0,0,0,0,0,0
2025/05/07 10:37:05.966933635,1746607025,966293835,joy,-0.0,-0.0,1.0,-0.0,-0.0,1.0,0.0,0.0,0,0,0,0,0,0,0,0,0,0,0
2025/05/07 10:37:06.18386200,1746607026,18105835,joy,-0.0,-0.0,1.0,-0.0,-0.0,1.0,0.0,0.0,0,0,0,0,0,0,0,0,0,0,0
2025/05/07 10:37:06.118840598,1746607026,118360279,joy,-0.0,-0.0,1.0,-0.0,-0.0,1.0,0.0,0.0,0,0,0,0,0,0,0,0,0,0,0
2025/05/07 10:37:06.170105549,1746607026,169185294,joy,-0.0,-0.0,1.0,-0.0,-0.0,1.0,0.0,0.0,0,0,0,0,0,0,0,0,0,0,0
2025/05/07 10:37:06.219712254,1746607026,219333952,joy,-0.0,-0.0,1.0,-0.0,-0.0,1.0,0.0,0.0,0,0,0,0,0,0,0,0,0,0,0
2025/05/07 10:37:06.269763640,1746607026,269401401,joy,-0.0,-0.0,1.0,-0.0,-0.0,1.0,0.0,0.0,0,0,0,0,0,0,0,0,0,0,0
2025/05/07 10:37:06.321139208,1746607026,320118787,joy,-0.0,-0.0,1.0,-0.0,-0.0,1.0,0.0,0.0,0,0,0,0,0,0,0,0,0,0,0
2025/05/07 10:37:06.370690645,1746607026,370415779,joy,-0.0,-0.0,1.0,-0.0,-0.0,1.0,0.0,0.0,0,0,0,0,0,0,0,0,0,0,0
2025/05/07 10:37:06.421070121,1746607026,420834838,joy,-0.0,-0.0,1.0,-0.0,-0.0,1.0,0.0,0.0,0,0,0,0,0,0,0,0,0,0,0
2025/05/07 10:37:06.471394548,1746607026,471038903,joy,-0.0,-0.0,1.0,-0.0,-0.0,1.0,0.0,0.0,0,0,0,0,0,0,0,0,0,0,0
2025/05/07 10:37:06.571174527,1746607026,570685068,joy,-0.0,-0.0,1.0,-0.0,-0.0,1.0,0.0,0.0,0,0,0,0,0,0,0,0,0,0,0
2025/05/07 10:37:06.621179485,1746607026,620815403,joy,-0.0,-0.0,1.0,-0.0,-0.0,1.0,0.0,0.0,0,0,0,0,0,0,0,0,0,0,0
2025/05/07 10:37:06.671305267,1746607026,671047625,joy,-0.0,-0.0,1.0,-0.0,-0.0,1.0,0.0,0.0,0,0,0,0,0,0,0,0,0,0,0
2025/05/07 10:37:06.721791367,1746607026,721508061,joy,-0.0,-0.0,1.0,-0.0,-0.0,1.0,0.0,0.0,0,0,0,0,0,0,0,0,0,0,0
2025/05/07 10:37:06.773937470,1746607026,772081281,joy,-0.0,-0.0,1.0,-0.0,-0.0,1.0,0.0,0.0,0,0,0,0,0,0,0,0,0,0,0
2025/05/07 10:37:06.822430198,1746607026,822199458,joy,-0.0,-0.0,1.0,-0.0,-0.0,1.0,0.0,0.0,0,0,0,0,0,0,0,0,0,0,0
2025/05/07 10:37:06.872912640,1746607026,872446252,joy,-0.0,-0.0,1.0,-0.0,-0.0,1.0,0.0,0.0,0,0,0,0,0,0,0,0,0,0,0
2025/05/07 10:37:06.924734951,1746607026,924411151,joy,-0.0,-0.0,1.0,-0.0,-0.0,1.0,0.0,0.0,0,0,0,0,0,0,0,0,0,0,0
2025/05/07 10:37:06.975671354,1746607026,975393035,joy,-0.0,-0.0,1.0,-0.0,-0.0,1.0,0.0,0.0,0,0,0,0,0,0,0,0,0,0,0
2025/05/07 10:37:07.26079882,1746607027,25810565,joy,-0.0,-0.0,1.0,-0.0,-0.0,1.0,0.0,0.0,0,0,0,0,0,0,0,0,0,0,0
2025/05/07 10:37:07.125067791,1746607027,124648321,joy,-0.0,-0.0,1.0,-0.0,-0.0,1.0,0.0,0.0,0,0,0,0,0,0,0,0,0,0,0
2025/05/07 10:37:07.175203067,1746607027,174780766,joy,-0.0,-0.0,1.0,-0.0,-0.0,1.0,0.0,0.0,0,0,0,0,0,0,0,0,0,0,0
2025/05/07 10:37:07.275969885,1746607027,275255396,joy,-0.0,-0.0,1.0,-0.0,-0.0,1.0,0.0,0.0,0,0,0,0,0,0,0,0,0,0,0
2025/05/07 10:37:07.326155491,1746607027,325444767,joy,-0.0,-0.0,1.0,-0.0,-0.0,1.0,0.0,0.0,0,0,0,0,0,0,0,0,0,0,0
2025/05/07 10:37:07.376133086,1746607027,375785498,joy,-0.0,-0.0,1.0,-0.0,-0.0,1.0,0.0,0.0,0,0,0,0,0,0,0,0,0,0,0
2025/05/07 10:37:07.476702633,1746607027,476391661,joy,-0.0,-0.0,1.0,-0.0,-0.0,1.0,0.0,0.0,0,0,0,0,0,0,0,0,0,0,0
2025/05/07 10:37:07.527613385,1746607027,527154380,joy,-0.0,-0.0,1.0,-0.0,-0.0,1.0,0.0,0.0,0,0,0,0,0,0,0,0,0,0,0
2025/05/07 10:37:07.627082191,1746607027,626704952,joy,-0.0,-0.0,1.0,-0.0,-0.0,1.0,0.0,0.0,0,0,0,0,0,0,0,0,0,0,0
2025/05/07 10:37:07.677622318,1746607027,677054180,joy,-0.0,-0.0,1.0,-0.0,-0.0,1.0,0.0,0.0,0,0,0,0,0,0,0,0,0,0,0
2025/05/07 10:37:07.777155685,1746607027,776676931,joy,-0.0,-0.0,1.0,-0.0,-0.0,1.0,0.0,0.0,0,0,0,0,0,0,0,0,0,0,0
2025/05/07 10:37:07.827461067,1746607027,827070493,joy,-0.0,-0.0,1.0,-0.0,-0.0,1.0,0.0,0.0,0,0,0,0,0,0,0,0,0,0,0
2025/05/07 10:37:07.928874107,1746607027,928510383,joy,-0.0,-0.0,1.0,-0.0,-0.0,1.0,0.0,0.0,0,0,0,0,0,0,0,0,0,0,0
2025/05/07 10:37:07.980821105,1746607027,980478791,joy,-0.0,-0.0,1.0,-0.0,-0.0,1.0,0.0,0.0,0,0,0,0,0,0,0,0,0,0,0
2025/05/07 10:37:08.80597788,1746607028,80219319,joy,-0.0,-0.0,1.0,-0.0,-0.0,1.0,0.0,0.0,0,0,0,0,0,0,0,0,0,0,0
2025/05/07 10:37:08.130626293,1746607028,130298373,joy,-0.0,-0.0,1.0,-0.0,-0.0,1.0,0.0,0.0,0,0,0,0,0,0,0,0,0,0,0
2025/05/07 10:37:08.230664073,1746607028,230315006,joy,-0.0,-0.0,1.0,-0.0,-0.0,1.0,0.0,0.0,0,0,0,0,0,0,0,0,0,0,0
2025/05/07 10:37:08.330990144,1746607028,330697534,joy,-0.0,-0.0,1.0,-0.0,-0.0,1.0,0.0,0.0,0,0,0,0,0,0,0,0,0,0,0
2025/05/07 10:37:08.381072283,1746607028,380779311,joy,-0.0,-0.0,1.0,-0.0,-0.0,1.0,0.0,0.0,0,0,0,0,0,0,0,0,0,0,0
2025/05/07 10:37:08.431605383,1746607028,431229355,joy,-0.0,-0.0,1.0,-0.0,-0.0,1.0,0.0,0.0,0,0,0,0,0,0,0,0,0,0,0
2025/05/07 10:37:08.531000161,1746607028,530540168,joy,-0.0,-0.0,1.0,-0.0,-0.0,1.0,0.0,0.0,0,0,0,0,0,0,0,0,0,0,0
2025/05/07 10:37:08.581308959,1746607028,580819022,joy,-0.0,-0.0,1.0,-0.0,-0.0,1.0,0.0,0.0,0,0,0,0,0,0,0,0,0,0,0
2025/05/07 10:37:08.631288325,1746607028,630972804,joy,-0.0,-0.0,1.0,-0.0,-0.0,1.0,0.0,0.0,0,0,0,0,0,0,0,0,0,0,0
2025/05/07 10:37:08.681648876,1746607028,681282767,joy,-0.0,-0.0,1.0,-0.0,-0.0,1.0,0.0,0.0,0,0,0,0,0,0,0,0,0,0,0
2025/05/07 10:37:08.781575031,1746607028,781231893,joy,-0.0,-0.0,1.0,-0.0,-0.0,1.0,0.0,0.0,0,0,0,0,0,0,0,0,0,0,0
2025/05/07 10:37:08.832125849,1746607028,831378040,joy,-0.0,-0.0,1.0,-0.0,-0.0,1.0,0.0,0.0,0,0,0,0,0,0,0,0,0,0,0
2025/05/07 10:37:08.882508822,1746607028,882088873,joy,-0.0,-0.0,1.0,-0.0,-0.0,1.0,0.0,0.0,0,0,0,0,0,0,0,0,0,0,0
2025/05/07 10:37:08.936984117,1746607028,933268279,joy,-0.0,-0.0,1.0,-0.0,-0.0,1.0,0.0,0.0,0,0,0,0,0,0,0,0,0,0,0
2025/05/07 10:37:09.33670427,1746607029,33368947,joy,-0.0,-0.0,1.0,-0.0,-0.0,1.0,0.0,0.0,0,0,0,0,0,0,0,0,0,0,0
2025/05/07 10:37:09.84026950,1746607029,83382232,joy,-0.0,-0.0,1.0,-0.0,-0.0,1.0,0.0,0.0,0,0,0,0,0,0,0,0,0,0,0
2025/05/07 10:37:09.135478190,1746607029,134953123,joy,-0.0,-0.0,1.0,-0.0,-0.0,1.0,0.0,0.0,0,0,0,0,0,0,0,0,0,0,0
2025/05/07 10:37:09.186226297,1746607029,185224290,joy,-0.0,-0.0,1.0,-0.0,-0.0,1.0,0.0,0.0,0,0,0,0,0,0,0,0,0,0,0
2025/05/07 10:37:09.284942890,1746607029,284750053,joy,-0.0,-0.0,1.0,-0.0,-0.0,1.0,0.0,0.0,0,0,0,0,0,0,0,0,0,0,0
2025/05/07 10:37:09.385815864,1746607029,385450463,joy,-0.0,-0.0,1.0,-0.0,-0.0,1.0,0.0,0.0,0,0,0,0,0,0,0,0,0,0,0
2025/05/07 10:37:09.436262881,1746607029,436028799,joy,-0.0,-0.0,1.0,-0.0,-0.0,1.0,0.0,0.0,0,0,0,0,0,0,0,0,0,0,0
2025/05/07 10:37:09.486483016,1746607029,486187328,joy,-0.0,-0.0,1.0,-0.0,-0.0,1.0,0.0,0.0,0,0,0,0,0,0,0,0,0,0,0
2025/05/07 10:37:09.536901896,1746607029,536438171,joy,-0.0,-0.0,1.0,-0.0,-0.0,1.0,0.0,0.0,0,0,0,0,0,0,0,0,0,0,0
2025/05/07 10:37:09.587479134,1746607029,587038019,joy,-0.0,-0.0,1.0,-0.0,-0.0,1.0,0.0,0.0,0,0,0,0,0,0,0,0,0,0,0
2025/05/07 10:37:09.687459298,1746607029,687186373,joy,-0.0,-0.0,1.0,-0.0,-0.0,1.0,0.0,0.0,0,0,0,0,0,0,0,0,0,0,0
2025/05/07 10:37:09.737732584,1746607029,737459836,joy,-0.0,-0.0,1.0,-0.0,-0.0,1.0,0.0,0.0,0,0,0,0,0,0,0,0,0,0,0
2025/05/07 10:37:09.788671357,1746607029,788395426,joy,-0.0,-0.0,1.0,-0.0,-0.0,1.0,0.0,0.0,0,0,0,0,0,0,0,0,0,0,0
2025/05/07 10:37:09.839237189,1746607029,839006009,joy,-0.0,-0.0,1.0,-0.0,-0.0,1.0,0.0,0.0,0,0,0,0,0,0,0,0,0,0,0
2025/05/07 10:37:09.890585081,1746607029,890062862,joy,-0.0,-0.0,1.0,-0.0,-0.0,1.0,0.0,0.0,0,0,0,0,0,0,0,0,0,0,0
2025/05/07 10:37:09.942686524,1746607029,942330518,joy,-0.0,-0.0,1.0,-0.0,-0.0,1.0,0.0,0.0,0,0,0,0,0,0,0,0,0,0,0
2025/05/07 10:37:10.42409857,1746607030,42062663,joy,-0.0,-0.0,1.0,-0.0,-0.0,1.0,0.0,0.0,0,0,0,0,0,0,0,0,0,0,0
2025/05/07 10:37:10.140992614,1746607030,140710463,joy,-0.0,-0.0,1.0,-0.0,-0.0,1.0,0.0,0.0,0,0,0,0,0,0,0,0,0,0,0
2025/05/07 10:37:10.192606573,1746607030,191251455,joy,-0.0,-0.0,1.0,-0.0,-0.0,1.0,0.0,0.0,0,0,0,0,0,0,0,0,0,0,0
2025/05/07 10:37:10.243437303,1746607030,243032029,joy,-0.0,-0.0,1.0,-0.0,-0.0,1.0,0.0,0.0,0,0,0,0,0,0,0,0,0,0,0
2025/05/07 10:37:10.295160049,1746607030,293432474,joy,-0.0,-0.0,1.0,-0.0,-0.0,1.0,0.0,0.0,0,0,0,0,0,0,0,0,0,0,0
2025/05/07 10:37:10.345119780,1746607030,344287706,joy,-0.0,-0.0,1.0,-0.0,-0.0,1.0,0.0,0.0,0,0,0,0,0,0,0,0,0,0,0
2025/05/07 10:37:10.444267055,1746607030,443866243,joy,-0.0,-0.0,1.0,-0.0,-0.0,1.0,0.0,0.0,0,0,0,0,0,0,0,0,0,0,0
2025/05/07 10:37:10.495589816,1746607030,495254327,joy,-0.0,-0.0,1.0,-0.0,-0.0,1.0,0.0,0.0,0,0,0,0,0,0,0,0,0,0,0
2025/05/07 10:37:10.595301771,1746607030,595010949,joy,-0.0,-0.0,1.0,-0.0,-0.0,1.0,0.0,0.0,0,0,0,0,0,0,0,0,0,0,0
2025/05/07 10:37:10.695776579,1746607030,695181200,joy,-0.0,-0.0,1.0,-0.0,-0.0,1.0,0.0,0.0,0,0,0,0,0,0,0,0,0,0,0
2025/05/07 10:37:10.795027038,1746607030,794563271,joy,-0.0,-0.0,1.0,-0.0,-0.0,1.0,0.0,0.0,0,0,0,0,0,0,0,0,0,0,0
2025/05/07 10:37:10.845743942,1746607030,844565442,joy,-0.0,-0.0,1.0,-0.0,-0.0,1.0,0.0,0.0,0,0,0,0,0,0,0,0,0,0,0
2025/05/07 10:37:10.895888459,1746607030,895365857,joy,-0.0,-0.0,1.0,-0.0,-0.0,1.0,0.0,0.0,0,0,0,0,0,0,0,0,0,0,0
2025/05/07 10:37:10.946699356,1746607030,946331041,joy,-0.0,-0.0,1.0,-0.0,-0.0,1.0,0.0,0.0,0,0,0,0,0,0,0,0,0,0,0
2025/05/07 10:37:11.611122,1746607030,998122034,joy,-0.0,-0.0,1.0,-0.0,-0.0,1.0,0.0,0.0,0,0,0,0,0,0,0,0,0,0,0
2025/05/07 10:37:11.99533003,1746607031,98057232,joy,-0.0,-0.0,1.0,-0.0,-0.0,1.0,0.0,0.0,0,0,0,0,0,0,0,0,0,0,0
2025/05/07 10:37:11.149236145,1746607031,148506605,joy,-0.0,-0.0,1.0,-0.0,-0.0,1.0,0.0,0.0,0,0,0,0,0,0,0,0,0,0,0
2025/05/07 10:37:11.199422616,1746607031,199024093,joy,-0.0,-0.0,1.0,-0.0,-0.0,1.0,0.0,0.0,0,0,0,0,0,0,0,0,0,0,0
2025/05/07 10:37:11.300725376,1746607031,300304098,joy,-0.0,-0.0,1.0,-0.0,-0.0,1.0,0.0,0.0,0,0,0,0,0,0,0,0,0,0,0
2025/05/07 10:37:11.400307687,1746607031,400012623,joy,-0.0,-0.0,1.0,-0.0,-0.0,1.0,0.0,0.0,0,0,0,0,0,0,0,0,0,0,0
2025/05/07 10:37:11.500433512,1746607031,500051272,joy,-0.0,-0.0,1.0,-0.0,-0.0,1.0,0.0,0.0,0,0,0,0,0,0,0,0,0,0,0
2025/05/07 10:37:11.600245539,1746607031,599884413,joy,-0.0,-0.0,1.0,-0.0,-0.0,1.0,0.0,0.0,0,0,0,0,0,0,0,0,0,0,0
2025/05/07 10:37:11.650602676,1746607031,650311068,joy,-0.0,-0.0,1.0,-0.0,-0.0,1.0,0.0,0.0,0,0,0,0,0,0,0,0,0,0,0
2025/05/07 10:37:11.750669123,1746607031,750357678,joy,-0.0,-0.0,1.0,-0.0,-0.0,1.0,0.0,0.0,0,0,0,0,0,0,0,0,0,0,0
2025/05/07 10:37:11.801236536,1746607031,800848979,joy,-0.0,-0.0,1.0,-0.0,-0.0,1.0,0.0,0.0,0,0,0,0,0,0,0,0,0,0,0
2025/05/07 10:37:11.851622090,1746607031,851336169,joy,-0.0,-0.0,1.0,-0.0,-0.0,1.0,0.0,0.0,0,0,0,0,0,0,0,0,0,0,0
2025/05/07 10:37:11.902279984,1746607031,901951445,joy,-0.0,-0.0,1.0,-0.0,-0.0,1.0,0.0,0.0,0,0,0,0,0,0,0,0,0,0,0
2025/05/07 10:37:11.955319080,1746607031,953458542,joy,-0.0,-0.0,1.0,-0.0,-0.0,1.0,0.0,0.0,0,0,0,0,0,0,0,0,0,0,0
2025/05/07 10:37:12.4565936,1746607032,4158362,joy,-0.0,-0.0,1.0,-0.0,-0.0,1.0,0.0,0.0,0,0,0,0,0,0,0,0,0,0,0
2025/05/07 10:37:12.103578294,1746607032,103105514,joy,-0.0,-0.0,1.0,-0.0,-0.0,1.0,0.0,0.0,0,0,0,0,0,0,0,0,0,0,0
2025/05/07 10:37:12.203348255,1746607032,202689990,joy,-0.0,-0.0,1.0,-0.0,-0.0,1.0,0.0,0.0,0,0,0,0,0,0,0,0,0,0,0
2025/05/07 10:37:12.253513078,1746607032,253088237,joy,-0.0,-0.0,1.0,-0.0,-0.0,1.0,0.0,0.0,0,0,0,0,0,0,0,0,0,0,0
2025/05/07 10:37:12.303616186,1746607032,303347407,joy,-0.0,-0.0,1.0,-0.0,-0.0,1.0,0.0,0.0,0,0,0,0,0,0,0,0,0,0,0
2025/05/07 10:37:12.354395001,1746607032,354046383,joy,-0.0,-0.0,1.0,-0.0,-0.0,1.0,0.0,0.0,0,0,0,0,0,0,0,0,0,0,0
2025/05/07 10:37:12.456718804,1746607032,456541068,joy,-0.0,-0.0,1.0,-0.0,-0.0,1.0,0.0,0.0,0,0,0,0,0,0,0,0,0,0,0
2025/05/07 10:37:12.507324742,1746607032,506970737,joy,-0.0,-0.0,1.0,-0.0,-0.0,1.0,0.0,0.0,0,0,0,0,0,0,0,0,0,0,0
2025/05/07 10:37:12.557708712,1746607032,557394459,joy,-0.0,-0.0,1.0,-0.0,-0.0,1.0,0.0,0.0,0,0,0,0,0,0,0,0,0,0,0
2025/05/07 10:37:12.609073125,1746607032,608065197,joy,-0.0,-0.0,1.0,-0.0,-0.0,1.0,0.0,0.0,0,0,0,0,0,0,0,0,0,0,0
2025/05/07 10:37:12.711075994,1746607032,708334624,joy,-0.0,-0.0,1.0,-0.0,-0.0,1.0,0.0,0.0,0,0,0,0,0,0,0,0,0,0,0
2025/05/07 10:37:12.760548121,1746607032,760007770,joy,-0.0,-0.0,1.0,-0.0,-0.0,1.0,0.0,0.0,0,0,0,0,0,0,0,0,0,0,0
2025/05/07 10:37:12.810400876,1746607032,810023387,joy,-0.0,-0.0,1.0,-0.0,-0.0,1.0,0.0,0.0,0,0,0,0,0,0,0,0,0,0,0
2025/05/07 10:37:12.913951763,1746607032,911388102,joy,-0.0,-0.0,1.0,-0.0,-0.0,1.0,0.0,0.0,0,0,0,0,0,0,0,0,0,0,0
2025/05/07 10:37:12.962855815,1746607032,962444364,joy,-0.0,-0.0,1.0,-0.0,-0.0,1.0,0.0,0.0,0,0,0,0,0,0,0,0,0,0,0
2025/05/07 10:37:13.14674192,1746607033,14060401,joy,-0.0,-0.0,1.0,-0.0,-0.0,1.0,0.0,0.0,0,0,0,0,0,0,0,0,0,0,0
2025/05/07 10:37:13.114018343,1746607033,113646442,joy,-0.0,-0.0,1.0,-0.0,-0.0,1.0,0.0,0.0,0,0,0,0,0,0,0,0,0,0,0
2025/05/07 10:37:13.166943619,1746607033,164972505,joy,-0.0,-0.0,1.0,-0.0,-0.0,1.0,0.0,0.0,0,0,0,0,0,0,0,0,0,0,0
2025/05/07 10:37:13.215624442,1746607033,215163294,joy,-0.0,-0.0,1.0,-0.0,-0.0,1.0,0.0,0.0,0,0,0,0,0,0,0,0,0,0,0
2025/05/07 10:37:13.315586806,1746607033,315134700,joy,-0.0,-0.0,1.0,-0.0,-0.0,1.0,0.0,0.0,0,0,0,0,0,0,0,0,0,0,0
2025/05/07 10:37:13.365621773,1746607033,365286273,joy,-0.0,-0.0,1.0,-0.0,-0.0,1.0,0.0,0.0,0,0,0,0,0,0,0,0,0,0,0
2025/05/07 10:37:13.466680011,1746607033,466243337,joy,-0.0,-0.0,1.0,-0.0,-0.0,1.0,0.0,0.0,0,0,0,0,0,0,0,0,0,0,0
2025/05/07 10:37:13.517231673,1746607033,516670170,joy,-0.0,-0.0,1.0,-0.0,-0.0,1.0,0.0,0.0,0,0,0,0,0,0,0,0,0,0,0
2025/05/07 10:37:13.567430825,1746607033,567111842,joy,-0.0,-0.0,1.0,-0.0,-0.0,1.0,0.0,0.0,0,0,0,0,0,0,0,0,0,0,0
2025/05/07 10:37:13.667432896,1746607033,666441104,joy,-0.0,-0.0,1.0,-0.0,-0.0,1.0,0.0,0.0,0,0,0,0,0,0,0,0,0,0,0
2025/05/07 10:37:13.717288134,1746607033,717025596,joy,-0.0,-0.0,1.0,-0.0,-0.0,1.0,0.0,0.0,0,0,0,0,0,0,0,0,0,0,0
2025/05/07 10:37:13.840215564,1746607033,816961094,joy,-0.0,-0.0,1.0,-0.0,-0.0,1.0,0.0,0.0,0,0,0,0,0,0,0,0,0,0,0
2025/05/07 10:37:13.868377140,1746607033,867379275,joy,-0.0,-0.0,1.0,-0.0,-0.0,1.0,0.0,0.0,0,0,0,0,0,0,0,0,0,0,0
2025/05/07 10:37:13.919575814,1746607033,919166250,joy,-0.0,-0.0,1.0,-0.0,-0.0,1.0,0.0,0.0,0,0,0,0,0,0,0,0,0,0,0
2025/05/07 10:37:14.19723808,1746607034,19438463,joy,-0.0,-0.0,1.0,-0.0,-0.0,1.0,0.0,0.0,0,0,0,0,0,0,0,0,0,0,0
2025/05/07 10:37:14.119643901,1746607034,118445509,joy,-0.0,-0.0,1.0,-0.0,-0.0,1.0,0.0,0.0,0,0,0,0,0,0,0,0,0,0,0
2025/05/07 10:37:14.169935271,1746607034,169313792,joy,-0.0,-0.0,1.0,-0.0,-0.0,1.0,0.0,0.0,0,0,0,0,0,0,0,0,0,0,0
2025/05/07 10:37:14.268801896,1746607034,268516106,joy,-0.0,-0.0,1.0,-0.0,-0.0,1.0,0.0,0.0,0,0,0,0,0,0,0,0,0,0,0
2025/05/07 10:37:14.320465268,1746607034,320039438,joy,-0.0,-0.0,1.0,-0.0,-0.0,1.0,0.0,0.0,0,0,0,0,0,0,0,0,0,0,0
2025/05/07 10:37:14.373526587,1746607034,373193880,joy,-0.0,-0.0,1.0,-0.0,-0.0,1.0,0.0,0.0,0,0,0,0,0,0,0,0,0,0,0
2025/05/07 10:37:14.473533177,1746607034,473062567,joy,-0.0,-0.0,1.0,-0.0,-0.0,1.0,0.0,0.0,0,0,0,0,0,0,0,0,0,0,0
2025/05/07 10:37:14.573228104,1746607034,572550851,joy,-0.0,-0.0,1.0,-0.0,-0.0,1.0,0.0,0.0,0,0,0,0,0,0,0,0,0,0,0
2025/05/07 10:37:14.626251045,1746607034,625309395,joy,-0.0,-0.0,1.0,-0.0,-0.0,1.0,0.0,0.0,0,0,0,0,0,0,0,0,0,0,0
2025/05/07 10:37:14.725720851,1746607034,725396578,joy,-0.0,-0.0,1.0,-0.0,-0.0,1.0,0.0,0.0,0,0,0,0,0,0,0,0,0,0,0
2025/05/07 10:37:14.776455339,1746607034,776110746,joy,-0.0,-0.0,1.0,-0.0,-0.0,1.0,0.0,0.0,0,0,0,0,0,0,0,0,0,0,0
2025/05/07 10:37:14.876378527,1746607034,876108349,joy,-0.0,-0.0,1.0,-0.0,-0.0,1.0,0.0,0.0,0,0,0,0,0,0,0,0,0,0,0
2025/05/07 10:37:14.927233212,1746607034,926593997,joy,-0.0,-0.0,1.0,-0.0,-0.0,1.0,0.0,0.0,0,0,0,0,0,0,0,0,0,0,0
2025/05/07 10:37:14.977238471,1746607034,976821617,joy,-0.0,-0.0,1.0,-0.0,-0.0,1.0,0.0,0.0,0,0,0,0,0,0,0,0,0,0,0
2025/05/07 10:37:15.27615736,1746607035,27275965,joy,-0.0,-0.0,1.0,-0.0,-0.0,1.0,0.0,0.0,0,0,0,0,0,0,0,0,0,0,0
2025/05/07 10:37:15.126243120,1746607035,125642040,joy,-0.0,-0.0,1.0,-0.0,-0.0,1.0,0.0,0.0,0,0,0,0,0,0,0,0,0,0,0
2025/05/07 10:37:15.179695017,1746607035,179018359,joy,-0.0,-0.0,1.0,-0.0,-0.0,1.0,0.0,0.0,0,0,0,0,0,0,0,0,0,0,0
2025/05/07 10:37:15.279226058,1746607035,278804483,joy,-0.0,-0.0,1.0,-0.0,-0.0,1.0,0.0,0.0,0,0,0,0,0,0,0,0,0,0,0
2025/05/07 10:37:15.380528488,1746607035,378708471,joy,-0.0,-0.0,1.0,-0.0,-0.0,1.0,0.0,0.0,0,0,0,0,0,0,0,0,0,0,0
2025/05/07 10:37:15.430020515,1746607035,429411954,joy,-0.0,-0.0,1.0,-0.0,-0.0,1.0,0.0,0.0,0,0,0,0,0,0,0,0,0,0,0
2025/05/07 10:37:15.480346366,1746607035,479845941,joy,-0.0,-0.0,1.0,-0.0,-0.0,1.0,0.0,0.0,0,0,0,0,0,0,0,0,0,0,0
2025/05/07 10:37:15.530583758,1746607035,529848984,joy,-0.0,-0.0,1.0,-0.0,-0.0,1.0,0.0,0.0,0,0,0,0,0,0,0,0,0,0,0
2025/05/07 10:37:15.580570676,1746607035,580177178,joy,-0.0,-0.0,1.0,-0.0,-0.0,1.0,0.0,0.0,0,0,0,0,0,0,0,0,0,0,0
2025/05/07 10:37:15.631706716,1746607035,631086339,joy,-0.0,-0.0,1.0,-0.0,-0.0,1.0,0.0,0.0,0,0,0,0,0,0,0,0,0,0,0
2025/05/07 10:37:15.683145608,1746607035,682817552,joy,-0.0,-0.0,1.0,-0.0,-0.0,1.0,0.0,0.0,0,0,0,0,0,0,0,0,0,0,0
2025/05/07 10:37:15.734001019,1746607035,733306786,joy,-0.0,-0.0,1.0,-0.0,-0.0,1.0,0.0,0.0,0,0,0,0,0,0,0,0,0,0,0
2025/05/07 10:37:15.833949006,1746607035,833364594,joy,-0.0,-0.0,1.0,-0.0,-0.0,1.0,0.0,0.0,0,0,0,0,0,0,0,0,0,0,0
2025/05/07 10:37:15.884856868,1746607035,884051217,joy,-0.0,-0.0,1.0,-0.0,-0.0,1.0,0.0,0.0,0,0,0,0,0,0,0,0,0,0,0
2025/05/07 10:37:15.935062238,1746607035,934844306,joy,-0.0,-0.0,1.0,-0.0,-0.0,1.0,0.0,0.0,0,0,0,0,0,0,0,0,0,0,0
2025/05/07 10:37:15.985436534,1746607035,985191106,joy,-0.0,-0.0,1.0,-0.0,-0.0,1.0,0.0,0.0,0,0,0,0,0,0,0,0,0,0,0
2025/05/07 10:37:16.84729311,1746607036,83974147,joy,-0.0,-0.0,1.0,-0.0,-0.0,1.0,0.0,0.0,0,0,0,0,0,0,0,0,0,0,0
2025/05/07 10:37:16.184156414,1746607036,183694639,joy,-0.0,-0.0,1.0,-0.0,-0.0,1.0,0.0,0.0,0,0,0,0,0,0,0,0,0,0,0
2025/05/07 10:37:16.284444305,1746607036,283948754,joy,-0.0,-0.0,1.0,-0.0,-0.0,1.0,0.0,0.0,0,0,0,0,0,0,0,0,0,0,0
2025/05/07 10:37:16.334818054,1746607036,334051823,joy,-0.0,-0.0,1.0,-0.0,-0.0,1.0,0.0,0.0,0,0,0,0,0,0,0,0,0,0,0
2025/05/07 10:37:16.433975490,1746607036,433616317,joy,-0.0,-0.0,1.0,-0.0,-0.0,1.0,0.0,0.0,0,0,0,0,0,0,0,0,0,0,0
2025/05/07 10:37:16.484527216,1746607036,484382309,joy,-0.0,-0.0,1.0,-0.0,-0.0,1.0,0.0,0.0,0,0,0,0,0,0,0,0,0,0,0
2025/05/07 10:37:16.534981950,1746607036,534748501,joy,-0.0,-0.0,1.0,-0.0,-0.0,1.0,0.0,0.0,0,0,0,0,0,0,0,0,0,0,0
2025/05/07 10:37:16.585652861,1746607036,585097104,joy,-0.0,-0.0,1.0,-0.0,-0.0,1.0,0.0,0.0,0,0,0,0,0,0,0,0,0,0,0
2025/05/07 10:37:16.639711406,1746607036,637395514,joy,-0.0,-0.0,1.0,-0.0,-0.0,1.0,0.0,0.0,0,0,0,0,0,0,0,0,0,0,0
2025/05/07 10:37:16.688694902,1746607036,688261585,joy,-0.0,-0.0,1.0,-0.0,-0.0,1.0,0.0,0.0,0,0,0,0,0,0,0,0,0,0,0
2025/05/07 10:37:16.738796756,1746607036,738460658,joy,-0.0,-0.0,1.0,-0.0,-0.0,1.0,0.0,0.0,0,0,0,0,0,0,0,0,0,0,0
2025/05/07 10:37:16.789846820,1746607036,789284865,joy,-0.0,-0.0,1.0,-0.0,-0.0,1.0,0.0,0.0,0,0,0,0,0,0,0,0,0,0,0
2025/05/07 10:37:16.889896145,1746607036,888788068,joy,-0.0,-0.0,1.0,-0.0,-0.0,1.0,0.0,0.0,0,0,0,0,0,0,0,0,0,0,0
2025/05/07 10:37:16.940027594,1746607036,939608737,joy,-0.0,-0.0,1.0,-0.0,-0.0,1.0,0.0,0.0,0,0,0,0,0,0,0,0,0,0,0
2025/05/07 10:37:16.990471678,1746607036,989969157,joy,-0.0,-0.0,1.0,-0.0,-0.0,1.0,0.0,0.0,0,0,0,0,0,0,0,0,0,0,0
2025/05/07 10:37:17.89882834,1746607037,89596298,joy,-0.0,-0.0,1.0,-0.0,-0.0,1.0,0.0,0.0,0,0,0,0,0,0,0,0,0,0,0
2025/05/07 10:37:17.140615964,1746607037,140312938,joy,-0.0,-0.0,1.0,-0.0,-0.0,1.0,0.0,0.0,0,0,0,0,0,0,0,0,0,0,0
2025/05/07 10:37:17.240823446,1746607037,240514307,joy,-0.0,-0.0,1.0,-0.0,-0.0,1.0,0.0,0.0,0,0,0,0,0,0,0,0,0,0,0
2025/05/07 10:37:17.292185003,1746607037,291818320,joy,-0.0,-0.0,1.0,-0.0,-0.0,1.0,0.0,0.0,0,0,0,0,0,0,0,0,0,0,0
2025/05/07 10:37:17.345957941,1746607037,345705116,joy,-0.0,-0.0,1.0,-0.0,-0.0,1.0,0.0,0.0,0,0,0,0,0,0,0,0,0,0,0
2025/05/07 10:37:17.396086796,1746607037,395862226,joy,-0.0,-0.0,1.0,-0.0,-0.0,1.0,0.0,0.0,0,0,0,0,0,0,0,0,0,0,0
2025/05/07 10:37:17.446686456,1746607037,446409368,joy,-0.0,-0.0,1.0,-0.0,-0.0,1.0,0.0,0.0,0,0,0,0,0,0,0,0,0,0,0
2025/05/07 10:37:17.497854113,1746607037,497506305,joy,-0.0,-0.0,1.0,-0.0,-0.0,1.0,0.0,0.0,0,0,0,0,0,0,0,0,0,0,0
2025/05/07 10:37:17.548572232,1746607037,547778468,joy,-0.0,-0.0,1.0,-0.0,-0.0,1.0,0.0,0.0,0,0,0,0,0,0,0,0,0,0,0
2025/05/07 10:37:17.648754169,1746607037,648433947,joy,-0.0,-0.0,1.0,-0.0,-0.0,1.0,0.0,0.0,0,0,0,0,0,0,0,0,0,0,0
2025/05/07 10:37:17.700192664,1746607037,698674855,joy,-0.0,-0.0,1.0,-0.0,-0.0,1.0,0.0,0.0,0,0,0,0,0,0,0,0,0,0,0
2025/05/07 10:37:17.749710957,1746607037,749337502,joy,-0.0,-0.0,1.0,-0.0,-0.0,1.0,0.0,0.0,0,0,0,0,0,0,0,0,0,0,0
2025/05/07 10:37:17.849409731,1746607037,849083185,joy,-0.0,-0.0,1.0,-0.0,-0.0,1.0,0.0,0.0,0,0,0,0,0,0,0,0,0,0,0
2025/05/07 10:37:17.901086000,1746607037,900808465,joy,-0.0,-0.0,1.0,-0.0,-0.0,1.0,0.0,0.0,0,0,0,0,0,0,0,0,0,0,0
2025/05/07 10:37:17.951213541,1746607037,951000807,joy,-0.0,-0.0,1.0,-0.0,-0.0,1.0,0.0,0.0,0,0,0,0,0,0,0,0,0,0,0
2025/05/07 10:37:18.50577594,1746607038,50299724,joy,-0.0,-0.0,1.0,-0.0,-0.0,1.0,0.0,0.0,0,0,0,0,0,0,0,0,0,0,0
2025/05/07 10:37:18.102024296,1746607038,100450075,joy,-0.0,-0.0,1.0,-0.0,-0.0,1.0,0.0,0.0,0,0,0,0,0,0,0,0,0,0,0
2025/05/07 10:37:18.152200687,1746607038,150959155,joy,-0.0,-0.0,1.0,-0.0,-0.0,1.0,0.0,0.0,0,0,0,0,0,0,0,0,0,0,0
2025/05/07 10:37:18.201228722,1746607038,201016252,joy,-0.0,-0.0,1.0,-0.0,-0.0,1.0,0.0,0.0,0,0,0,0,0,0,0,0,0,0,0
2025/05/07 10:37:18.301946889,1746607038,301660916,joy,-0.0,-0.0,1.0,-0.0,-0.0,1.0,0.0,0.0,0,0,0,0,0,0,0,0,0,0,0
2025/05/07 10:37:18.352721962,1746607038,352248133,joy,-0.0,-0.0,1.0,-0.0,-0.0,1.0,0.0,0.0,0,0,0,0,0,0,0,0,0,0,0
2025/05/07 10:37:18.404233863,1746607038,402419011,joy,-0.0,-0.0,1.0,-0.0,-0.0,1.0,0.0,0.0,0,0,0,0,0,0,0,0,0,0,0
2025/05/07 10:37:18.453494584,1746607038,453028959,joy,-0.0,-0.0,1.0,-0.0,-0.0,1.0,0.0,0.0,0,0,0,0,0,0,0,0,0,0,0
2025/05/07 10:37:18.504460948,1746607038,504169047,joy,-0.0,-0.0,1.0,-0.0,-0.0,1.0,0.0,0.0,0,0,0,0,0,0,0,0,0,0,0
2025/05/07 10:37:18.605487144,1746607038,605056590,joy,-0.0,-0.0,1.0,-0.0,-0.0,1.0,0.0,0.0,0,0,0,0,0,0,0,0,0,0,0
2025/05/07 10:37:18.705469463,1746607038,705085184,joy,-0.0,-0.0,1.0,-0.0,-0.0,1.0,0.0,0.0,0,0,0,0,0,0,0,0,0,0,0
2025/05/07 10:37:18.805308096,1746607038,804880811,joy,-0.0,-0.0,1.0,-0.0,-0.0,1.0,0.0,0.0,0,0,0,0,0,0,0,0,0,0,0
2025/05/07 10:37:18.855505347,1746607038,855143729,joy,-0.0,-0.0,1.0,-0.0,-0.0,1.0,0.0,0.0,0,0,0,0,0,0,0,0,0,0,0
2025/05/07 10:37:18.906540273,1746607038,906275713,joy,-0.0,-0.0,1.0,-0.0,-0.0,1.0,0.0,0.0,0,0,0,0,0,0,0,0,0,0,0
2025/05/07 10:37:19.7383513,1746607039,6482133,joy,-0.0,-0.0,1.0,-0.0,-0.0,1.0,0.0,0.0,0,0,0,0,0,0,0,0,0,0,0
2025/05/07 10:37:19.105857979,1746607039,105506205,joy,-0.0,-0.0,1.0,-0.0,-0.0,1.0,0.0,0.0,0,0,0,0,0,0,0,0,0,0,0
2025/05/07 10:37:19.156851172,1746607039,156354482,joy,-0.0,-0.0,1.0,-0.0,-0.0,1.0,0.0,0.0,0,0,0,0,0,0,0,0,0,0,0
2025/05/07 10:37:19.258689047,1746607039,257116981,joy,-0.0,-0.0,1.0,-0.0,-0.0,1.0,0.0,0.0,0,0,0,0,0,0,0,0,0,0,0
2025/05/07 10:37:19.308704489,1746607039,308245090,joy,-0.0,-0.0,1.0,-0.0,-0.0,1.0,0.0,0.0,0,0,0,0,0,0,0,0,0,0,0
2025/05/07 10:37:19.408639195,1746607039,408042261,joy,-0.0,-0.0,1.0,-0.0,-0.0,1.0,0.0,0.0,0,0,0,0,0,0,0,0,0,0,0
2025/05/07 10:37:19.509334242,1746607039,508415616,joy,-0.0,-0.0,1.0,-0.0,-0.0,1.0,0.0,0.0,0,0,0,0,0,0,0,0,0,0,0
2025/05/07 10:37:19.559639773,1746607039,558921305,joy,-0.0,-0.0,1.0,-0.0,-0.0,1.0,0.0,0.0,0,0,0,0,0,0,0,0,0,0,0
2025/05/07 10:37:19.659378728,1746607039,658961568,joy,-0.0,-0.0,1.0,-0.0,-0.0,1.0,0.0,0.0,0,0,0,0,0,0,0,0,0,0,0
2025/05/07 10:37:19.709760402,1746607039,709289838,joy,-0.0,-0.0,1.0,-0.0,-0.0,1.0,0.0,0.0,0,0,0,0,0,0,0,0,0,0,0
2025/05/07 10:37:19.810779854,1746607039,810546766,joy,-0.0,-0.0,1.0,-0.0,-0.0,1.0,0.0,0.0,0,0,0,0,0,0,0,0,0,0,0
2025/05/07 10:37:19.863025687,1746607039,862613088,joy,-0.0,-0.0,1.0,-0.0,-0.0,1.0,0.0,0.0,0,0,0,0,0,0,0,0,0,0,0
2025/05/07 10:37:19.914686429,1746607039,914175116,joy,-0.0,-0.0,1.0,-0.0,-0.0,1.0,0.0,0.0,0,0,0,0,0,0,0,0,0,0,0
2025/05/07 10:37:19.964757498,1746607039,964373697,joy,-0.0,-0.0,1.0,-0.0,-0.0,1.0,0.0,0.0,0,0,0,0,0,0,0,0,0,0,0
2025/05/07 10:37:20.25968885,1746607040,15506492,joy,-0.0,-0.0,1.0,-0.0,-0.0,1.0,0.0,0.0,0,0,0,0,0,0,0,0,0,0,0
2025/05/07 10:37:20.116322612,1746607040,115146947,joy,-0.0,-0.0,1.0,-0.0,-0.0,1.0,0.0,0.0,0,0,0,0,0,0,0,0,0,0,0
2025/05/07 10:37:20.214867133,1746607040,214536975,joy,-0.0,-0.0,1.0,-0.0,-0.0,1.0,0.0,0.0,0,0,0,0,0,0,0,0,0,0,0
2025/05/07 10:37:20.265618142,1746607040,265315769,joy,-0.0,-0.0,1.0,-0.0,-0.0,1.0,0.0,0.0,0,0,0,0,0,0,0,0,0,0,0
2025/05/07 10:37:20.367108746,1746607040,366297942,joy,-0.0,-0.0,1.0,-0.0,-0.0,1.0,0.0,0.0,0,0,0,0,0,0,0,0,0,0,0
2025/05/07 10:37:20.466289538,1746607040,465730593,joy,-0.0,-0.0,1.0,-0.0,-0.0,1.0,0.0,0.0,0,0,0,0,0,0,0,0,0,0,0
2025/05/07 10:37:20.565900793,1746607040,565591750,joy,-0.0,-0.0,1.0,-0.0,-0.0,1.0,0.0,0.0,0,0,0,0,0,0,0,0,0,0,0
2025/05/07 10:37:20.665975729,1746607040,665635919,joy,-0.0,-0.0,1.0,-0.0,-0.0,1.0,0.0,0.0,0,0,0,0,0,0,0,0,0,0,0
2025/05/07 10:37:20.716449363,1746607040,716078891,joy,-0.0,-0.0,1.0,-0.0,-0.0,1.0,0.0,0.0,0,0,0,0,0,0,0,0,0,0,0
2025/05/07 10:37:20.818149664,1746607040,815839834,joy,-0.0,-0.0,1.0,-0.0,-0.0,1.0,0.0,0.0,0,0,0,0,0,0,0,0,0,0,0
2025/05/07 10:37:20.918326750,1746607040,917488983,joy,-0.0,-0.0,1.0,-0.0,-0.0,1.0,0.0,0.0,0,0,0,0,0,0,0,0,0,0,0
2025/05/07 10:37:20.968251444,1746607040,967667075,joy,-0.0,-0.0,1.0,-0.0,-0.0,1.0,0.0,0.0,0,0,0,0,0,0,0,0,0,0,0
2025/05/07 10:37:21.18834998,1746607041,18595260,joy,-0.0,-0.0,1.0,-0.0,-0.0,1.0,0.0,0.0,0,0,0,0,0,0,0,0,0,0,0
2025/05/07 10:37:21.122582022,1746607041,117824925,joy,-0.0,-0.0,1.0,-0.0,-0.0,1.0,0.0,0.0,0,0,0,0,0,0,0,0,0,0,0
2025/05/07 10:37:21.170139244,1746607041,168677588,joy,-0.0,-0.0,1.0,-0.0,-0.0,1.0,0.0,0.0,0,0,0,0,0,0,0,0,0,0,0
2025/05/07 10:37:21.220608784,1746607041,220188295,joy,-0.0,-0.0,1.0,-0.0,-0.0,1.0,0.0,0.0,0,0,0,0,0,0,0,0,0,0,0
2025/05/07 10:37:21.320481851,1746607041,320150531,joy,-0.0,-0.0,1.0,-0.0,-0.0,1.0,0.0,0.0,0,0,0,0,0,0,0,0,0,0,0
2025/05/07 10:37:21.370468266,1746607041,370170515,joy,-0.0,-0.0,1.0,-0.0,-0.0,1.0,0.0,0.0,0,0,0,0,0,0,0,0,0,0,0
2025/05/07 10:37:21.470031448,1746607041,469810312,joy,-0.0,-0.0,1.0,-0.0,-0.0,1.0,0.0,0.0,0,0,0,0,0,0,0,0,0,0,0
2025/05/07 10:37:21.520126124,1746607041,519906239,joy,-0.0,-0.0,1.0,-0.0,-0.0,1.0,0.0,0.0,0,0,0,0,0,0,0,0,0,0,0
2025/05/07 10:37:21.571269355,1746607041,570980220,joy,-0.0,-0.0,1.0,-0.0,-0.0,1.0,0.0,0.0,0,0,0,0,0,0,0,0,0,0,0
2025/05/07 10:37:21.671916778,1746607041,671516496,joy,-0.0,-0.0,1.0,-0.0,-0.0,1.0,0.0,0.0,0,0,0,0,0,0,0,0,0,0,0
2025/05/07 10:37:21.724743385,1746607041,724514308,joy,-0.0,-0.0,1.0,-0.0,-0.0,1.0,0.0,0.0,0,0,0,0,0,0,0,0,0,0,0
2025/05/07 10:37:21.824792673,1746607041,824462730,joy,-0.0,-0.0,1.0,-0.0,-0.0,1.0,0.0,0.0,0,0,0,0,0,0,0,0,0,0,0
2025/05/07 10:37:21.876542822,1746607041,875911651,joy,-0.0,-0.0,1.0,-0.0,-0.0,1.0,0.0,0.0,0,0,0,0,0,0,0,0,0,0,0
2025/05/07 10:37:21.927782006,1746607041,927475251,joy,-0.0,-0.0,1.0,-0.0,-0.0,1.0,0.0,0.0,0,0,0,0,0,0,0,0,0,0,0
2025/05/07 10:37:21.978882461,1746607041,977732159,joy,-0.0,-0.0,1.0,-0.0,-0.0,1.0,0.0,0.0,0,0,0,0,0,0,0,0,0,0,0
2025/05/07 10:37:22.28695825,1746607042,28257181,joy,-0.0,-0.0,1.0,-0.0,-0.0,1.0,0.0,0.0,0,0,0,0,0,0,0,0,0,0,0
2025/05/07 10:37:22.128505872,1746607042,128192739,joy,-0.0,-0.0,1.0,-0.0,-0.0,1.0,0.0,0.0,0,0,0,0,0,0,0,0,0,0,0
2025/05/07 10:37:22.178812480,1746607042,178413248,joy,-0.0,-0.0,1.0,-0.0,-0.0,1.0,0.0,0.0,0,0,0,0,0,0,0,0,0,0,0
2025/05/07 10:37:22.230156015,1746607042,229236222,joy,-0.0,-0.0,1.0,-0.0,-0.0,1.0,0.0,0.0,0,0,0,0,0,0,0,0,0,0,0
2025/05/07 10:37:22.329466682,1746607042,328994871,joy,-0.0,-0.0,1.0,-0.0,-0.0,1.0,0.0,0.0,0,0,0,0,0,0,0,0,0,0,0
2025/05/07 10:37:22.379564127,1746607042,379247784,joy,-0.0,-0.0,1.0,-0.0,-0.0,1.0,0.0,0.0,0,0,0,0,0,0,0,0,0,0,0
2025/05/07 10:37:22.481701157,1746607042,479152952,joy,-0.0,-0.0,1.0,-0.0,-0.0,1.0,0.0,0.0,0,0,0,0,0,0,0,0,0,0,0
2025/05/07 10:37:22.531209792,1746607042,529524574,joy,-0.0,-0.0,1.0,-0.0,-0.0,1.0,0.0,0.0,0,0,0,0,0,0,0,0,0,0,0
2025/05/07 10:37:22.581697000,1746607042,580006604,joy,-0.0,-0.0,1.0,-0.0,-0.0,1.0,0.0,0.0,0,0,0,0,0,0,0,0,0,0,0
2025/05/07 10:37:22.631371530,1746607042,630831402,joy,-0.0,-0.0,1.0,-0.0,-0.0,1.0,0.0,0.0,0,0,0,0,0,0,0,0,0,0,0
2025/05/07 10:37:22.681404771,1746607042,681050848,joy,-0.0,-0.0,1.0,-0.0,-0.0,1.0,0.0,0.0,0,0,0,0,0,0,0,0,0,0,0
2025/05/07 10:37:22.782494449,1746607042,780822006,joy,-0.0,-0.0,1.0,-0.0,-0.0,1.0,0.0,0.0,0,0,0,0,0,0,0,0,0,0,0
2025/05/07 10:37:22.832899971,1746607042,830957813,joy,-0.0,-0.0,1.0,-0.0,-0.0,1.0,0.0,0.0,0,0,0,0,0,0,0,0,0,0,0
2025/05/07 10:37:22.881444477,1746607042,881047657,joy,-0.0,-0.0,1.0,-0.0,-0.0,1.0,0.0,0.0,0,0,0,0,0,0,0,0,0,0,0
2025/05/07 10:37:22.932762492,1746607042,931904976,joy,-0.0,-0.0,1.0,-0.0,-0.0,1.0,0.0,0.0,0,0,0,0,0,0,0,0,0,0,0
2025/05/07 10:37:23.32292732,1746607043,31686690,joy,-0.0,-0.0,1.0,-0.0,-0.0,1.0,0.0,0.0,0,0,0,0,0,0,0,0,0,0,0
2025/05/07 10:37:23.132663991,1746607043,132292901,joy,-0.0,-0.0,1.0,-0.0,-0.0,1.0,0.0,0.0,0,0,0,0,0,0,0,0,0,0,0
2025/05/07 10:37:23.232804321,1746607043,232229119,joy,-0.0,-0.0,1.0,-0.0,-0.0,1.0,0.0,0.0,0,0,0,0,0,0,0,0,0,0,0
2025/05/07 10:37:23.334349021,1746607043,333942101,joy,-0.0,-0.0,1.0,-0.0,-0.0,1.0,0.0,0.0,0,0,0,0,0,0,0,0,0,0,0
2025/05/07 10:37:23.384504027,1746607043,384200170,joy,-0.0,-0.0,1.0,-0.0,-0.0,1.0,0.0,0.0,0,0,0,0,0,0,0,0,0,0,0
2025/05/07 10:37:23.484398533,1746607043,483760716,joy,-0.0,-0.0,1.0,-0.0,-0.0,1.0,0.0,0.0,0,0,0,0,0,0,0,0,0,0,0
2025/05/07 10:37:23.534996828,1746607043,534379043,joy,-0.0,-0.0,1.0,-0.0,-0.0,1.0,0.0,0.0,0,0,0,0,0,0,0,0,0,0,0
2025/05/07 10:37:23.584802244,1746607043,584606251,joy,-0.0,-0.0,1.0,-0.0,-0.0,1.0,0.0,0.0,0,0,0,0,0,0,0,0,0,0,0
2025/05/07 10:37:23.636092267,1746607043,635860527,joy,-0.0,-0.0,1.0,-0.0,-0.0,1.0,0.0,0.0,0,0,0,0,0,0,0,0,0,0,0
2025/05/07 10:37:23.686724253,1746607043,686478871,joy,-0.0,-0.0,1.0,-0.0,-0.0,1.0,0.0,0.0,0,0,0,0,0,0,0,0,0,0,0
2025/05/07 10:37:23.737055610,1746607043,736638910,joy,-0.0,-0.0,1.0,-0.0,-0.0,1.0,0.0,0.0,0,0,0,0,0,0,0,0,0,0,0
2025/05/07 10:37:23.787202317,1746607043,786905041,joy,-0.0,-0.0,1.0,-0.0,-0.0,1.0,0.0,0.0,0,0,0,0,0,0,0,0,0,0,0
2025/05/07 10:37:23.838451208,1746607043,837361180,joy,-0.0,-0.0,1.0,-0.0,-0.0,1.0,0.0,0.0,0,0,0,0,0,0,0,0,0,0,0
2025/05/07 10:37:23.888712671,1746607043,888423037,joy,-0.0,-0.0,1.0,-0.0,-0.0,1.0,0.0,0.0,0,0,0,0,0,0,0,0,0,0,0
2025/05/07 10:37:23.939834034,1746607043,939587964,joy,-0.0,-0.0,1.0,-0.0,-0.0,1.0,0.0,0.0,0,0,0,0,0,0,0,0,0,0,0
2025/05/07 10:37:23.990318855,1746607043,990122158,joy,-0.0,-0.0,1.0,-0.0,-0.0,1.0,0.0,0.0,0,0,0,0,0,0,0,0,0,0,0
2025/05/07 10:37:24.89324978,1746607044,88789785,joy,-0.0,-0.0,1.0,-0.0,-0.0,1.0,0.0,0.0,0,0,0,0,0,0,0,0,0,0,0
2025/05/07 10:37:24.139348661,1746607044,139094610,joy,-0.0,-0.0,1.0,-0.0,-0.0,1.0,0.0,0.0,0,0,0,0,0,0,0,0,0,0,0
2025/05/07 10:37:24.239395935,1746607044,239134758,joy,-0.0,-0.0,1.0,-0.0,-0.0,1.0,0.0,0.0,0,0,0,0,0,0,0,0,0,0,0
2025/05/07 10:37:24.340120458,1746607044,339661912,joy,-0.0,-0.0,1.0,-0.0,-0.0,1.0,0.0,0.0,0,0,0,0,0,0,0,0,0,0,0
2025/05/07 10:37:24.390795158,1746607044,390437197,joy,-0.0,-0.0,1.0,-0.0,-0.0,1.0,0.0,0.0,0,0,0,0,0,0,0,0,0,0,0
2025/05/07 10:37:24.440891377,1746607044,440563008,joy,-0.0,-0.0,1.0,-0.0,-0.0,1.0,0.0,0.0,0,0,0,0,0,0,0,0,0,0,0
2025/05/07 10:37:24.494351086,1746607044,494111214,joy,-0.0,-0.0,1.0,-0.0,-0.0,1.0,0.0,0.0,0,0,0,0,0,0,0,0,0,0,0
2025/05/07 10:37:24.547771430,1746607044,544627009,joy,-0.0,-0.0,1.0,-0.0,-0.0,1.0,0.0,0.0,0,0,0,0,0,0,0,0,0,0,0
2025/05/07 10:37:24.595890671,1746607044,595544865,joy,-0.0,-0.0,1.0,-0.0,-0.0,1.0,0.0,0.0,0,0,0,0,0,0,0,0,0,0,0
2025/05/07 10:37:24.645942683,1746607044,645604863,joy,-0.0,-0.0,1.0,-0.0,-0.0,1.0,0.0,0.0,0,0,0,0,0,0,0,0,0,0,0
2025/05/07 10:37:24.695948335,1746607044,695606903,joy,-0.0,-0.0,1.0,-0.0,-0.0,1.0,0.0,0.0,0,0,0,0,0,0,0,0,0,0,0
2025/05/07 10:37:24.746661890,1746607044,746272199,joy,-0.0,-0.0,1.0,-0.0,-0.0,1.0,0.0,0.0,0,0,0,0,0,0,0,0,0,0,0
2025/05/07 10:37:24.846325256,1746607044,846028333,joy,-0.0,-0.0,1.0,-0.0,-0.0,1.0,0.0,0.0,0,0,0,0,0,0,0,0,0,0,0
2025/05/07 10:37:24.897944801,1746607044,897444206,joy,-0.0,-0.0,1.0,-0.0,-0.0,1.0,0.0,0.0,0,0,0,0,0,0,0,0,0,0,0
2025/05/07 10:37:24.949674776,1746607044,948911107,joy,-0.0,-0.0,1.0,-0.0,-0.0,1.0,0.0,0.0,0,0,0,0,0,0,0,0,0,0,0
2025/05/07 10:37:25.687532,1746607045,490952,joy,-0.0,-0.0,1.0,-0.0,-0.0,1.0,0.0,0.0,0,0,0,0,0,0,0,0,0,0,0
2025/05/07 10:37:25.99764802,1746607045,99599588,joy,-0.0,-0.0,1.0,-0.0,-0.0,1.0,0.0,0.0,0,0,0,0,0,0,0,0,0,0,0
2025/05/07 10:37:25.150372087,1746607045,150153325,joy,-0.0,-0.0,1.0,-0.0,-0.0,1.0,0.0,0.0,0,0,0,0,0,0,0,0,0,0,0
2025/05/07 10:37:25.250659158,1746607045,250409418,joy,-0.0,-0.0,1.0,-0.0,-0.0,1.0,0.0,0.0,0,0,0,0,0,0,0,0,0,0,0
2025/05/07 10:37:25.301117183,1746607045,300845662,joy,-0.0,-0.0,1.0,-0.0,-0.0,1.0,0.0,0.0,0,0,0,0,0,0,0,0,0,0,0
2025/05/07 10:37:25.401319081,1746607045,400956639,joy,-0.0,-0.0,1.0,-0.0,-0.0,1.0,0.0,0.0,0,0,0,0,0,0,0,0,0,0,0
2025/05/07 10:37:25.451667101,1746607045,451467341,joy,-0.0,-0.0,1.0,-0.0,-0.0,1.0,0.0,0.0,0,0,0,0,0,0,0,0,0,0,0
2025/05/07 10:37:25.502017220,1746607045,501543995,joy,-0.0,-0.0,1.0,-0.0,-0.0,1.0,0.0,0.0,0,0,0,0,0,0,0,0,0,0,0
2025/05/07 10:37:25.553134873,1746607045,552827792,joy,-0.0,-0.0,1.0,-0.0,-0.0,1.0,0.0,0.0,0,0,0,0,0,0,0,0,0,0,0
2025/05/07 10:37:25.603383374,1746607045,603154311,joy,-0.0,-0.0,1.0,-0.0,-0.0,1.0,0.0,0.0,0,0,0,0,0,0,0,0,0,0,0
2025/05/07 10:37:25.653641694,1746607045,653406546,joy,-0.0,-0.0,1.0,-0.0,-0.0,1.0,0.0,0.0,0,0,0,0,0,0,0,0,0,0,0
2025/05/07 10:37:25.704582455,1746607045,704238857,joy,-0.0,-0.0,1.0,-0.0,-0.0,1.0,0.0,0.0,0,0,0,0,0,0,0,0,0,0,0
2025/05/07 10:37:25.804281703,1746607045,803874621,joy,-0.0,-0.0,1.0,-0.0,-0.0,1.0,0.0,0.0,0,0,0,0,0,0,0,0,0,0,0
2025/05/07 10:37:25.862271640,1746607045,860893269,joy,-0.0,-0.0,1.0,-0.0,-0.0,1.0,0.0,0.0,0,0,0,0,0,0,0,0,0,0,0
2025/05/07 10:37:25.912014754,1746607045,911675509,joy,-0.0,-0.0,1.0,-0.0,-0.0,1.0,0.0,0.0,0,0,0,0,0,0,0,0,0,0,0
2025/05/07 10:37:25.963058633,1746607045,962139396,joy,-0.0,-0.0,1.0,-0.0,-0.0,1.0,0.0,0.0,0,0,0,0,0,0,0,0,0,0,0
2025/05/07 10:37:26.20956065,1746607046,14088537,joy,-0.0,-0.0,1.0,-0.0,-0.0,1.0,0.0,0.0,0,0,0,0,0,0,0,0,0,0,0
2025/05/07 10:37:26.114554974,1746607046,113161215,joy,-0.0,-0.0,1.0,-0.0,-0.0,1.0,0.0,0.0,0,0,0,0,0,0,0,0,0,0,0
2025/05/07 10:37:26.163838588,1746607046,163377409,joy,-0.0,-0.0,1.0,-0.0,-0.0,1.0,0.0,0.0,0,0,0,0,0,0,0,0,0,0,0
2025/05/07 10:37:26.263575533,1746607046,263138603,joy,-0.0,-0.0,1.0,-0.0,-0.0,1.0,0.0,0.0,0,0,0,0,0,0,0,0,0,0,0
2025/05/07 10:37:26.363732691,1746607046,363396796,joy,-0.0,-0.0,1.0,-0.0,-0.0,1.0,0.0,0.0,0,0,0,0,0,0,0,0,0,0,0
2025/05/07 10:37:26.418730165,1746607046,414486277,joy,-0.0,-0.0,1.0,-0.0,-0.0,1.0,0.0,0.0,0,0,0,0,0,0,0,0,0,0,0
2025/05/07 10:37:26.464945183,1746607046,464602089,joy,-0.0,-0.0,1.0,-0.0,-0.0,1.0,0.0,0.0,0,0,0,0,0,0,0,0,0,0,0
2025/05/07 10:37:26.515612898,1746607046,515202154,joy,-0.0,-0.0,1.0,-0.0,-0.0,1.0,0.0,0.0,0,0,0,0,0,0,0,0,0,0,0
2025/05/07 10:37:26.566012067,1746607046,565461681,joy,-0.0,-0.0,1.0,-0.0,-0.0,1.0,0.0,0.0,0,0,0,0,0,0,0,0,0,0,0
2025/05/07 10:37:26.616328176,1746607046,615989994,joy,-0.0,-0.0,1.0,-0.0,-0.0,1.0,0.0,0.0,0,0,0,0,0,0,0,0,0,0,0
2025/05/07 10:37:26.667799625,1746607046,666537742,joy,-0.0,-0.0,1.0,-0.0,-0.0,1.0,0.0,0.0,0,0,0,0,0,0,0,0,0,0,0
2025/05/07 10:37:26.717454899,1746607046,717185645,joy,-0.0,-0.0,1.0,-0.0,-0.0,1.0,0.0,0.0,0,0,0,0,0,0,0,0,0,0,0
2025/05/07 10:37:26.767674040,1746607046,767257979,joy,-0.0,-0.0,1.0,-0.0,-0.0,1.0,0.0,0.0,0,0,0,0,0,0,0,0,0,0,0
2025/05/07 10:37:26.867440912,1746607046,867052027,joy,-0.0,-0.0,1.0,-0.0,-0.0,1.0,0.0,0.0,0,0,0,0,0,0,0,0,0,0,0
2025/05/07 10:37:26.918254089,1746607046,917845319,joy,-0.0,-0.0,1.0,-0.0,-0.0,1.0,0.0,0.0,0,0,0,0,0,0,0,0,0,0,0
2025/05/07 10:37:26.970131259,1746607046,969509078,joy,-0.0,-0.0,1.0,-0.0,-0.0,1.0,0.0,0.0,0,0,0,0,0,0,0,0,0,0,0
2025/05/07 10:37:27.19886159,1746607047,19571864,joy,-0.0,-0.0,1.0,-0.0,-0.0,1.0,0.0,0.0,0,0,0,0,0,0,0,0,0,0,0
2025/05/07 10:37:27.119162157,1746607047,118944388,joy,-0.0,-0.0,1.0,-0.0,-0.0,1.0,0.0,0.0,0,0,0,0,0,0,0,0,0,0,0
2025/05/07 10:37:27.231905607,1746607047,219279666,joy,-0.0,-0.0,1.0,-0.0,-0.0,1.0,0.0,0.0,0,0,0,0,0,0,0,0,0,0,0
2025/05/07 10:37:27.319638085,1746607047,319220165,joy,-0.0,-0.0,1.0,-0.0,-0.0,1.0,0.0,0.0,0,0,0,0,0,0,0,0,0,0,0
2025/05/07 10:37:27.419344630,1746607047,418544847,joy,-0.0,-0.0,1.0,-0.0,-0.0,1.0,0.0,0.0,0,0,0,0,0,0,0,0,0,0,0
2025/05/07 10:37:27.469680767,1746607047,469462289,joy,-0.0,-0.0,1.0,-0.0,-0.0,1.0,0.0,0.0,0,0,0,0,0,0,0,0,0,0,0
2025/05/07 10:37:27.520845863,1746607047,520392747,joy,-0.0,-0.0,1.0,-0.0,-0.0,1.0,0.0,0.0,0,0,0,0,0,0,0,0,0,0,0
2025/05/07 10:37:27.570818518,1746607047,570396066,joy,-0.0,-0.0,1.0,-0.0,-0.0,1.0,0.0,0.0,0,0,0,0,0,0,0,0,0,0,0
2025/05/07 10:37:27.621991980,1746607047,621027075,joy,-0.0,-0.0,1.0,-0.0,-0.0,1.0,0.0,0.0,0,0,0,0,0,0,0,0,0,0,0
2025/05/07 10:37:27.672890574,1746607047,671506869,joy,-0.0,-0.0,1.0,-0.0,-0.0,1.0,0.0,0.0,0,0,0,0,0,0,0,0,0,0,0
2025/05/07 10:37:27.723439218,1746607047,722075844,joy,-0.0,-0.0,1.0,-0.0,-0.0,1.0,0.0,0.0,0,0,0,0,0,0,0,0,0,0,0
2025/05/07 10:37:27.772746235,1746607047,772439510,joy,-0.0,-0.0,1.0,-0.0,-0.0,1.0,0.0,0.0,0,0,0,0,0,0,0,0,0,0,0
2025/05/07 10:37:27.823482972,1746607047,823158827,joy,-0.0,-0.0,1.0,-0.0,-0.0,1.0,0.0,0.0,0,0,0,0,0,0,0,0,0,0,0
2025/05/07 10:37:27.924196251,1746607047,923896871,joy,-0.0,-0.0,1.0,-0.0,-0.0,1.0,0.0,0.0,0,0,0,0,0,0,0,0,0,0,0
2025/05/07 10:37:27.980136797,1746607047,976303427,joy,-0.0,-0.0,1.0,-0.0,-0.0,1.0,0.0,0.0,0,0,0,0,0,0,0,0,0,0,0
2025/05/07 10:37:28.75274254,1746607048,74847100,joy,-0.0,-0.0,1.0,-0.0,-0.0,1.0,0.0,0.0,0,0,0,0,0,0,0,0,0,0,0
2025/05/07 10:37:28.179657092,1746607048,178080250,joy,-0.0,-0.0,1.0,-0.0,-0.0,1.0,0.0,0.0,0,0,0,0,0,0,0,0,0,0,0
2025/05/07 10:37:28.279851238,1746607048,279279895,joy,-0.0,-0.0,1.0,-0.0,-0.0,1.0,0.0,0.0,0,0,0,0,0,0,0,0,0,0,0
2025/05/07 10:37:28.330500639,1746607048,329623188,joy,-0.0,-0.0,1.0,-0.0,-0.0,1.0,0.0,0.0,0,0,0,0,0,0,0,0,0,0,0
2025/05/07 10:37:28.380566851,1746607048,379787376,joy,-0.0,-0.0,1.0,-0.0,-0.0,1.0,0.0,0.0,0,0,0,0,0,0,0,0,0,0,0
2025/05/07 10:37:28.480534323,1746607048,480210025,joy,-0.0,-0.0,1.0,-0.0,-0.0,1.0,0.0,0.0,0,0,0,0,0,0,0,0,0,0,0
2025/05/07 10:37:28.530860281,1746607048,530300143,joy,-0.0,-0.0,1.0,-0.0,-0.0,1.0,0.0,0.0,0,0,0,0,0,0,0,0,0,0,0
2025/05/07 10:37:28.630525730,1746607048,630221462,joy,-0.0,-0.0,1.0,-0.0,-0.0,1.0,0.0,0.0,0,0,0,0,0,0,0,0,0,0,0
2025/05/07 10:37:28.730394152,1746607048,730009466,joy,-0.0,-0.0,1.0,-0.0,-0.0,1.0,0.0,0.0,0,0,0,0,0,0,0,0,0,0,0
2025/05/07 10:37:28.781407248,1746607048,780111781,joy,-0.0,-0.0,1.0,-0.0,-0.0,1.0,0.0,0.0,0,0,0,0,0,0,0,0,0,0,0
2025/05/07 10:37:28.880456077,1746607048,880036463,joy,-0.0,-0.0,1.0,-0.0,-0.0,1.0,0.0,0.0,0,0,0,0,0,0,0,0,0,0,0
2025/05/07 10:37:28.931534115,1746607048,930613458,joy,-0.0,-0.0,1.0,-0.0,-0.0,1.0,0.0,0.0,0,0,0,0,0,0,0,0,0,0,0
2025/05/07 10:37:28.981718218,1746607048,981341467,joy,-0.0,-0.0,1.0,-0.0,-0.0,1.0,0.0,0.0,0,0,0,0,0,0,0,0,0,0,0
2025/05/07 10:37:29.33600887,1746607049,31911440,joy,-0.0,-0.0,1.0,-0.0,-0.0,1.0,0.0,0.0,0,0,0,0,0,0,0,0,0,0,0
2025/05/07 10:37:29.130941582,1746607049,130512276,joy,-0.0,-0.0,1.0,-0.0,-0.0,1.0,0.0,0.0,0,0,0,0,0,0,0,0,0,0,0
2025/05/07 10:37:29.180818427,1746607049,180516558,joy,-0.0,-0.0,1.0,-0.0,-0.0,1.0,0.0,0.0,0,0,0,0,0,0,0,0,0,0,0
2025/05/07 10:37:29.231571313,1746607049,231197582,joy,-0.0,-0.0,1.0,-0.0,-0.0,1.0,0.0,0.0,0,0,0,0,0,0,0,0,0,0,0
2025/05/07 10:37:29.282373386,1746607049,282061430,joy,-0.0,-0.0,1.0,-0.0,-0.0,1.0,0.0,0.0,0,0,0,0,0,0,0,0,0,0,0
2025/05/07 10:37:29.333617769,1746607049,332238855,joy,-0.0,-0.0,1.0,-0.0,-0.0,1.0,0.0,0.0,0,0,0,0,0,0,0,0,0,0,0
2025/05/07 10:37:29.383030179,1746607049,382609736,joy,-0.0,-0.0,1.0,-0.0,-0.0,1.0,0.0,0.0,0,0,0,0,0,0,0,0,0,0,0
2025/05/07 10:37:29.432980016,1746607049,432628917,joy,-0.0,-0.0,1.0,-0.0,-0.0,1.0,0.0,0.0,0,0,0,0,0,0,0,0,0,0,0
2025/05/07 10:37:29.485692592,1746607049,485215375,joy,-0.0,-0.0,1.0,-0.0,-0.0,1.0,0.0,0.0,0,0,0,0,0,0,0,0,0,0,0
2025/05/07 10:37:29.536505283,1746607049,536025322,joy,-0.0,-0.0,1.0,-0.0,-0.0,1.0,0.0,0.0,0,0,0,0,0,0,0,0,0,0,0
2025/05/07 10:37:29.587032968,1746607049,586395109,joy,-0.0,-0.0,1.0,-0.0,-0.0,1.0,0.0,0.0,0,0,0,0,0,0,0,0,0,0,0
2025/05/07 10:37:29.686218354,1746607049,685980119,joy,-0.0,-0.0,1.0,-0.0,-0.0,1.0,0.0,0.0,0,0,0,0,0,0,0,0,0,0,0
2025/05/07 10:37:29.787005078,1746607049,786755934,joy,-0.0,-0.0,1.0,-0.0,-0.0,1.0,0.0,0.0,0,0,0,0,0,0,0,0,0,0,0
2025/05/07 10:37:29.838256115,1746607049,837777550,joy,-0.0,-0.0,1.0,-0.0,-0.0,1.0,0.0,0.0,0,0,0,0,0,0,0,0,0,0,0
2025/05/07 10:37:29.888671416,1746607049,888305737,joy,-0.0,-0.0,1.0,-0.0,-0.0,1.0,0.0,0.0,0,0,0,0,0,0,0,0,0,0,0
2025/05/07 10:37:29.939553694,1746607049,939202643,joy,-0.0,-0.0,1.0,-0.0,-0.0,1.0,0.0,0.0,0,0,0,0,0,0,0,0,0,0,0
2025/05/07 10:37:30.41062966,1746607050,40619263,joy,-0.0,-0.0,1.0,-0.0,-0.0,1.0,0.0,0.0,0,0,0,0,0,0,0,0,0,0,0
2025/05/07 10:37:30.140739667,1746607050,140070133,joy,-0.0,-0.0,1.0,-0.0,-0.0,1.0,0.0,0.0,0,0,0,0,0,0,0,0,0,0,0
2025/05/07 10:37:30.240397437,1746607050,240128011,joy,-0.0,-0.0,1.0,-0.0,-0.0,1.0,0.0,0.0,0,0,0,0,0,0,0,0,0,0,0
2025/05/07 10:37:30.290722882,1746607050,290386019,joy,-0.0,-0.0,1.0,-0.0,-0.0,1.0,0.0,0.0,0,0,0,0,0,0,0,0,0,0,0
2025/05/07 10:37:30.340943616,1746607050,340524207,joy,-0.0,-0.0,1.0,-0.0,-0.0,1.0,0.0,0.0,0,0,0,0,0,0,0,0,0,0,0
2025/05/07 10:37:30.391917520,1746607050,391551681,joy,-0.0,-0.0,1.0,-0.0,-0.0,1.0,0.0,0.0,0,0,0,0,0,0,0,0,0,0,0
2025/05/07 10:37:30.442568193,1746607050,442338366,joy,-0.0,-0.0,1.0,-0.0,-0.0,1.0,0.0,0.0,0,0,0,0,0,0,0,0,0,0,0
2025/05/07 10:37:30.542930381,1746607050,542493863,joy,-0.0,-0.0,1.0,-0.0,-0.0,1.0,0.0,0.0,0,0,0,0,0,0,0,0,0,0,0
2025/05/07 10:37:30.593917084,1746607050,593436404,joy,-0.0,-0.0,1.0,-0.0,-0.0,1.0,0.0,0.0,0,0,0,0,0,0,0,0,0,0,0
2025/05/07 10:37:30.644474405,1746607050,644082068,joy,-0.0,-0.0,1.0,-0.0,-0.0,1.0,0.0,0.0,0,0,0,0,0,0,0,0,0,0,0
2025/05/07 10:37:30.746451646,1746607050,746079229,joy,-0.0,-0.0,1.0,-0.0,-0.0,1.0,0.0,0.0,0,0,0,0,0,0,0,0,0,0,0
2025/05/07 10:37:30.797723956,1746607050,797339474,joy,-0.0,-0.0,1.0,-0.0,-0.0,1.0,0.0,0.0,0,0,0,0,0,0,0,0,0,0,0
2025/05/07 10:37:30.898721545,1746607050,897984109,joy,-0.0,-0.0,1.0,-0.0,-0.0,1.0,0.0,0.0,0,0,0,0,0,0,0,0,0,0,0
2025/05/07 10:37:30.998916708,1746607050,998530796,joy,-0.0,-0.0,1.0,-0.0,-0.0,1.0,0.0,0.0,0,0,0,0,0,0,0,0,0,0,0
2025/05/07 10:37:31.100143289,1746607051,97954355,joy,-0.0,-0.0,1.0,-0.0,-0.0,1.0,0.0,0.0,0,0,0,0,0,0,0,0,0,0,0
2025/05/07 10:37:31.148740480,1746607051,148091118,joy,-0.0,-0.0,1.0,-0.0,-0.0,1.0,0.0,0.0,0,0,0,0,0,0,0,0,0,0,0
2025/05/07 10:37:31.198763690,1746607051,198421846,joy,-0.0,-0.0,1.0,-0.0,-0.0,1.0,0.0,0.0,0,0,0,0,0,0,0,0,0,0,0
2025/05/07 10:37:31.249252490,1746607051,248910959,joy,-0.0,-0.0,1.0,-0.0,-0.0,1.0,0.0,0.0,0,0,0,0,0,0,0,0,0,0,0
2025/05/07 10:37:31.351655052,1746607051,351340420,joy,-0.0,-0.0,1.0,-0.0,-0.0,1.0,0.0,0.0,0,0,0,0,0,0,0,0,0,0,0
2025/05/07 10:37:31.451332554,1746607051,450940009,joy,-0.0,-0.0,1.0,-0.0,-0.0,1.0,0.0,0.0,0,0,0,0,0,0,0,0,0,0,0
2025/05/07 10:37:31.501525300,1746607051,501123886,joy,-0.0,-0.0,1.0,-0.0,-0.0,1.0,0.0,0.0,0,0,0,0,0,0,0,0,0,0,0
2025/05/07 10:37:31.601489780,1746607051,601215438,joy,-0.0,-0.0,1.0,-0.0,-0.0,1.0,0.0,0.0,0,0,0,0,0,0,0,0,0,0,0
2025/05/07 10:37:31.701383248,1746607051,700926138,joy,-0.0,-0.0,1.0,-0.0,-0.0,1.0,0.0,0.0,0,0,0,0,0,0,0,0,0,0,0
2025/05/07 10:37:31.801080841,1746607051,800880907,joy,-0.0,-0.0,1.0,-0.0,-0.0,1.0,0.0,0.0,0,0,0,0,0,0,0,0,0,0,0
2025/05/07 10:37:31.853416627,1746607051,853124097,joy,-0.0,-0.0,1.0,-0.0,-0.0,1.0,0.0,0.0,0,0,0,0,0,0,0,0,0,0,0
2025/05/07 10:37:31.904059283,1746607051,903796500,joy,-0.0,-0.0,1.0,-0.0,-0.0,1.0,0.0,0.0,0,0,0,0,0,0,0,0,0,0,0
2025/05/07 10:37:32.4062189,1746607052,3626501,joy,-0.0,-0.0,1.0,-0.0,-0.0,1.0,0.0,0.0,0,0,0,0,0,0,0,0,0,0,0
2025/05/07 10:37:32.103734470,1746607052,103371071,joy,-0.0,-0.0,1.0,-0.0,-0.0,1.0,0.0,0.0,0,0,0,0,0,0,0,0,0,0,0
2025/05/07 10:37:32.203786617,1746607052,203438106,joy,-0.0,-0.0,1.0,-0.0,-0.0,1.0,0.0,0.0,0,0,0,0,0,0,0,0,0,0,0
2025/05/07 10:37:32.259845764,1746607052,257407441,joy,-0.0,-0.0,1.0,-0.0,-0.0,1.0,0.0,0.0,0,0,0,0,0,0,0,0,0,0,0
2025/05/07 10:37:32.307842770,1746607052,307463644,joy,-0.0,-0.0,1.0,-0.0,-0.0,1.0,0.0,0.0,0,0,0,0,0,0,0,0,0,0,0
2025/05/07 10:37:32.359264640,1746607052,358764836,joy,-0.0,-0.0,1.0,-0.0,-0.0,1.0,0.0,0.0,0,0,0,0,0,0,0,0,0,0,0
2025/05/07 10:37:32.409971206,1746607052,409251530,joy,-0.0,-0.0,1.0,-0.0,-0.0,1.0,0.0,0.0,0,0,0,0,0,0,0,0,0,0,0
2025/05/07 10:37:32.510120713,1746607052,509506209,joy,-0.0,-0.0,1.0,-0.0,-0.0,1.0,0.0,0.0,0,0,0,0,0,0,0,0,0,0,0
2025/05/07 10:37:32.559917995,1746607052,559513611,joy,-0.0,-0.0,1.0,-0.0,-0.0,1.0,0.0,0.0,0,0,0,0,0,0,0,0,0,0,0
2025/05/07 10:37:32.660557552,1746607052,660223931,joy,-0.0,-0.0,1.0,-0.0,-0.0,1.0,0.0,0.0,0,0,0,0,0,0,0,0,0,0,0
2025/05/07 10:37:32.760063938,1746607052,759853201,joy,-0.0,-0.0,1.0,-0.0,-0.0,1.0,0.0,0.0,0,0,0,0,0,0,0,0,0,0,0
2025/05/07 10:37:32.810272250,1746607052,809922848,joy,-0.0,-0.0,1.0,-0.0,-0.0,1.0,0.0,0.0,0,0,0,0,0,0,0,0,0,0,0
2025/05/07 10:37:32.861012292,1746607052,860421626,joy,-0.0,-0.0,1.0,-0.0,-0.0,1.0,0.0,0.0,0,0,0,0,0,0,0,0,0,0,0
2025/05/07 10:37:32.912848620,1746607052,911678334,joy,-0.0,-0.0,1.0,-0.0,-0.0,1.0,0.0,0.0,0,0,0,0,0,0,0,0,0,0,0
2025/05/07 10:37:32.962822617,1746607052,962299943,joy,-0.0,-0.0,1.0,-0.0,-0.0,1.0,0.0,0.0,0,0,0,0,0,0,0,0,0,0,0
2025/05/07 10:37:33.13657860,1746607053,13045249,joy,-0.0,-0.0,1.0,-0.0,-0.0,1.0,0.0,0.0,0,0,0,0,0,0,0,0,0,0,0
2025/05/07 10:37:33.112884573,1746607053,112468770,joy,-0.0,-0.0,1.0,-0.0,-0.0,1.0,0.0,0.0,0,0,0,0,0,0,0,0,0,0,0
2025/05/07 10:37:33.163612154,1746607053,163133451,joy,-0.0,-0.0,1.0,-0.0,-0.0,1.0,0.0,0.0,0,0,0,0,0,0,0,0,0,0,0
2025/05/07 10:37:33.214182761,1746607053,213642390,joy,-0.0,-0.0,1.0,-0.0,-0.0,1.0,0.0,0.0,0,0,0,0,0,0,0,0,0,0,0
2025/05/07 10:37:33.264517597,1746607053,263875680,joy,-0.0,-0.0,1.0,-0.0,-0.0,1.0,0.0,0.0,0,0,0,0,0,0,0,0,0,0,0
2025/05/07 10:37:33.365105010,1746607053,364228514,joy,-0.0,-0.0,1.0,-0.0,-0.0,1.0,0.0,0.0,0,0,0,0,0,0,0,0,0,0,0
2025/05/07 10:37:33.416699373,1746607053,416068840,joy,-0.0,-0.0,1.0,-0.0,-0.0,1.0,0.0,0.0,0,0,0,0,0,0,0,0,0,0,0
2025/05/07 10:37:33.467762339,1746607053,467110168,joy,-0.0,-0.0,1.0,-0.0,-0.0,1.0,0.0,0.0,0,0,0,0,0,0,0,0,0,0,0
2025/05/07 10:37:33.518111869,1746607053,517894349,joy,-0.0,-0.0,1.0,-0.0,-0.0,1.0,0.0,0.0,0,0,0,0,0,0,0,0,0,0,0
2025/05/07 10:37:33.568497395,1746607053,568082463,joy,-0.0,-0.0,1.0,-0.0,-0.0,1.0,0.0,0.0,0,0,0,0,0,0,0,0,0,0,0
2025/05/07 10:37:33.668616962,1746607053,668206068,joy,-0.0,-0.0,1.0,-0.0,-0.0,1.0,0.0,0.0,0,0,0,0,0,0,0,0,0,0,0
2025/05/07 10:37:33.719308940,1746607053,719066351,joy,-0.0,-0.0,1.0,-0.0,-0.0,1.0,0.0,0.0,0,0,0,0,0,0,0,0,0,0,0
2025/05/07 10:37:33.819099122,1746607053,818689468,joy,-0.0,-0.0,1.0,-0.0,-0.0,1.0,0.0,0.0,0,0,0,0,0,0,0,0,0,0,0
2025/05/07 10:37:33.871163573,1746607053,870820546,joy,-0.0,-0.0,1.0,-0.0,-0.0,1.0,0.0,0.0,0,0,0,0,0,0,0,0,0,0,0
2025/05/07 10:37:33.922242387,1746607053,921966355,joy,-0.0,-0.0,1.0,-0.0,-0.0,1.0,0.0,0.0,0,0,0,0,0,0,0,0,0,0,0
2025/05/07 10:37:33.972579262,1746607053,972319343,joy,-0.0,-0.0,1.0,-0.0,-0.0,1.0,0.0,0.0,0,0,0,0,0,0,0,0,0,0,0
2025/05/07 10:37:34.72588217,1746607054,72189390,joy,-0.0,-0.0,1.0,-0.0,-0.0,1.0,0.0,0.0,0,0,0,0,0,0,0,0,0,0,0
2025/05/07 10:37:34.172776524,1746607054,172213803,joy,-0.0,-0.0,1.0,-0.0,-0.0,1.0,0.0,0.0,0,0,0,0,0,0,0,0,0,0,0
2025/05/07 10:37:34.273123472,1746607054,271987835,joy,-0.0,-0.0,1.0,-0.0,-0.0,1.0,0.0,0.0,0,0,0,0,0,0,0,0,0,0,0
2025/05/07 10:37:34.326519042,1746607054,322330719,joy,-0.0,-0.0,1.0,-0.0,-0.0,1.0,0.0,0.0,0,0,0,0,0,0,0,0,0,0,0
2025/05/07 10:37:34.372767737,1746607054,372373232,joy,-0.0,-0.0,1.0,-0.0,-0.0,1.0,0.0,0.0,0,0,0,0,0,0,0,0,0,0,0
2025/05/07 10:37:34.422729693,1746607054,422428600,joy,-0.0,-0.0,1.0,-0.0,-0.0,1.0,0.0,0.0,0,0,0,0,0,0,0,0,0,0,0
2025/05/07 10:37:34.522564918,1746607054,521883925,joy,-0.0,-0.0,1.0,-0.0,-0.0,1.0,0.0,0.0,0,0,0,0,0,0,0,0,0,0,0
2025/05/07 10:37:34.622513776,1746607054,622266001,joy,-0.0,-0.0,1.0,-0.0,-0.0,1.0,0.0,0.0,0,0,0,0,0,0,0,0,0,0,0
2025/05/07 10:37:34.723595730,1746607054,722359487,joy,-0.0,-0.0,1.0,-0.0,-0.0,1.0,0.0,0.0,0,0,0,0,0,0,0,0,0,0,0
2025/05/07 10:37:34.822894229,1746607054,822472088,joy,-0.0,-0.0,1.0,-0.0,-0.0,1.0,0.0,0.0,0,0,0,0,0,0,0,0,0,0,0
2025/05/07 10:37:34.874462711,1746607054,872687085,joy,-0.0,-0.0,1.0,-0.0,-0.0,1.0,0.0,0.0,0,0,0,0,0,0,0,0,0,0,0
2025/05/07 10:37:34.925647564,1746607054,925191812,joy,-0.0,-0.0,1.0,-0.0,-0.0,1.0,0.0,0.0,0,0,0,0,0,0,0,0,0,0,0
2025/05/07 10:37:35.28546201,1746607055,25907182,joy,-0.0,-0.0,1.0,-0.0,-0.0,1.0,0.0,0.0,0,0,0,0,0,0,0,0,0,0,0
2025/05/07 10:37:35.127364945,1746607055,125127221,joy,-0.0,-0.0,1.0,-0.0,-0.0,1.0,0.0,0.0,0,0,0,0,0,0,0,0,0,0,0
2025/05/07 10:37:35.225064808,1746607055,224620132,joy,-0.0,-0.0,1.0,-0.0,-0.0,1.0,0.0,0.0,0,0,0,0,0,0,0,0,0,0,0
2025/05/07 10:37:35.275192768,1746607055,274784688,joy,-0.0,-0.0,1.0,-0.0,-0.0,1.0,0.0,0.0,0,0,0,0,0,0,0,0,0,0,0
2025/05/07 10:37:35.325328329,1746607055,324913614,joy,-0.0,-0.0,1.0,-0.0,-0.0,1.0,0.0,0.0,0,0,0,0,0,0,0,0,0,0,0
2025/05/07 10:37:35.376872787,1746607055,375350257,joy,-0.0,-0.0,1.0,-0.0,-0.0,1.0,0.0,0.0,0,0,0,0,0,0,0,0,0,0,0
2025/05/07 10:37:35.427048892,1746607055,426238312,joy,-0.0,-0.0,1.0,-0.0,-0.0,1.0,0.0,0.0,0,0,0,0,0,0,0,0,0,0,0
2025/05/07 10:37:35.476579934,1746607055,476242404,joy,-0.0,-0.0,1.0,-0.0,-0.0,1.0,0.0,0.0,0,0,0,0,0,0,0,0,0,0,0
2025/05/07 10:37:35.577760472,1746607055,576746992,joy,-0.0,-0.0,1.0,-0.0,-0.0,1.0,0.0,0.0,0,0,0,0,0,0,0,0,0,0,0
2025/05/07 10:37:35.627437250,1746607055,627073429,joy,-0.0,-0.0,1.0,-0.0,-0.0,1.0,0.0,0.0,0,0,0,0,0,0,0,0,0,0,0
2025/05/07 10:37:35.677354699,1746607055,677081781,joy,-0.0,-0.0,1.0,-0.0,-0.0,1.0,0.0,0.0,0,0,0,0,0,0,0,0,0,0,0
2025/05/07 10:37:35.727831074,1746607055,727393034,joy,-0.0,-0.0,1.0,-0.0,-0.0,1.0,0.0,0.0,0,0,0,0,0,0,0,0,0,0,0
2025/05/07 10:37:35.827552046,1746607055,827099730,joy,-0.0,-0.0,1.0,-0.0,-0.0,1.0,0.0,0.0,0,0,0,0,0,0,0,0,0,0,0
2025/05/07 10:37:35.928807716,1746607055,928512748,joy,-0.0,-0.0,1.0,-0.0,-0.0,1.0,0.0,0.0,0,0,0,0,0,0,0,0,0,0,0
2025/05/07 10:37:35.982313221,1746607055,978775743,joy,-0.0,-0.0,1.0,-0.0,-0.0,1.0,0.0,0.0,0,0,0,0,0,0,0,0,0,0,0
2025/05/07 10:37:36.30854281,1746607056,29354358,joy,-0.0,-0.0,1.0,-0.0,-0.0,1.0,0.0,0.0,0,0,0,0,0,0,0,0,0,0,0
2025/05/07 10:37:36.130155555,1746607056,127734637,joy,-0.0,-0.0,1.0,-0.0,-0.0,1.0,0.0,0.0,0,0,0,0,0,0,0,0,0,0,0
2025/05/07 10:37:36.178449425,1746607056,177960231,joy,-0.0,-0.0,1.0,-0.0,-0.0,1.0,0.0,0.0,0,0,0,0,0,0,0,0,0,0,0
2025/05/07 10:37:36.228451848,1746607056,228193429,joy,-0.0,-0.0,1.0,-0.0,-0.0,1.0,0.0,0.0,0,0,0,0,0,0,0,0,0,0,0
2025/05/07 10:37:36.279489466,1746607056,278284004,joy,-0.0,-0.0,1.0,-0.0,-0.0,1.0,0.0,0.0,0,0,0,0,0,0,0,0,0,0,0
2025/05/07 10:37:36.378891288,1746607056,378525123,joy,-0.0,-0.0,1.0,-0.0,-0.0,1.0,0.0,0.0,0,0,0,0,0,0,0,0,0,0,0
2025/05/07 10:37:36.429396649,1746607056,429066171,joy,-0.0,-0.0,1.0,-0.0,-0.0,1.0,0.0,0.0,0,0,0,0,0,0,0,0,0,0,0
2025/05/07 10:37:36.479562599,1746607056,479140468,joy,-0.0,-0.0,1.0,-0.0,-0.0,1.0,0.0,0.0,0,0,0,0,0,0,0,0,0,0,0
2025/05/07 10:37:36.579077586,1746607056,578749827,joy,-0.0,-0.0,1.0,-0.0,-0.0,1.0,0.0,0.0,0,0,0,0,0,0,0,0,0,0,0
2025/05/07 10:37:36.630152502,1746607056,629221035,joy,-0.0,-0.0,1.0,-0.0,-0.0,1.0,0.0,0.0,0,0,0,0,0,0,0,0,0,0,0
2025/05/07 10:37:36.679736472,1746607056,679417413,joy,-0.0,-0.0,1.0,-0.0,-0.0,1.0,0.0,0.0,0,0,0,0,0,0,0,0,0,0,0
2025/05/07 10:37:36.779125130,1746607056,778640813,joy,-0.0,-0.0,1.0,-0.0,-0.0,1.0,0.0,0.0,0,0,0,0,0,0,0,0,0,0,0
2025/05/07 10:37:36.830064318,1746607056,829778636,joy,-0.0,-0.0,1.0,-0.0,-0.0,1.0,0.0,0.0,0,0,0,0,0,0,0,0,0,0,0
2025/05/07 10:37:36.883234070,1746607056,881130423,joy,-0.0,-0.0,1.0,-0.0,-0.0,1.0,0.0,0.0,0,0,0,0,0,0,0,0,0,0,0
2025/05/07 10:37:36.931950241,1746607056,931620349,joy,-0.0,-0.0,1.0,-0.0,-0.0,1.0,0.0,0.0,0,0,0,0,0,0,0,0,0,0,0
2025/05/07 10:37:37.32337333,1746607057,31852378,joy,-0.0,-0.0,1.0,-0.0,-0.0,1.0,0.0,0.0,0,0,0,0,0,0,0,0,0,0,0
2025/05/07 10:37:37.132733673,1746607057,131594090,joy,-0.0,-0.0,1.0,-0.0,-0.0,1.0,0.0,0.0,0,0,0,0,0,0,0,0,0,0,0
2025/05/07 10:37:37.182455298,1746607057,182051804,joy,-0.0,-0.0,1.0,-0.0,-0.0,1.0,0.0,0.0,0,0,0,0,0,0,0,0,0,0,0
2025/05/07 10:37:37.283042200,1746607057,282450932,joy,-0.0,-0.0,1.0,-0.0,-0.0,1.0,0.0,0.0,0,0,0,0,0,0,0,0,0,0,0
2025/05/07 10:37:37.333145660,1746607057,332830323,joy,-0.0,-0.0,1.0,-0.0,-0.0,1.0,0.0,0.0,0,0,0,0,0,0,0,0,0,0,0
2025/05/07 10:37:37.383984084,1746607057,383621257,joy,-0.0,-0.0,1.0,-0.0,-0.0,1.0,0.0,0.0,0,0,0,0,0,0,0,0,0,0,0
2025/05/07 10:37:37.434663582,1746607057,433985183,joy,-0.0,-0.0,1.0,-0.0,-0.0,1.0,0.0,0.0,0,0,0,0,0,0,0,0,0,0,0
2025/05/07 10:37:37.485281985,1746607057,484109081,joy,-0.0,-0.0,1.0,-0.0,-0.0,1.0,0.0,0.0,0,0,0,0,0,0,0,0,0,0,0
2025/05/07 10:37:37.584530613,1746607057,583912187,joy,-0.0,-0.0,1.0,-0.0,-0.0,1.0,0.0,0.0,0,0,0,0,0,0,0,0,0,0,0
2025/05/07 10:37:37.685699689,1746607057,684136130,joy,-0.0,-0.0,1.0,-0.0,-0.0,1.0,0.0,0.0,0,0,0,0,0,0,0,0,0,0,0
2025/05/07 10:37:37.734930161,1746607057,734445038,joy,-0.0,-0.0,1.0,-0.0,-0.0,1.0,0.0,0.0,0,0,0,0,0,0,0,0,0,0,0
2025/05/07 10:37:37.784876092,1746607057,784532193,joy,-0.0,-0.0,1.0,-0.0,-0.0,1.0,0.0,0.0,0,0,0,0,0,0,0,0,0,0,0
2025/05/07 10:37:37.834946118,1746607057,834593443,joy,-0.0,-0.0,1.0,-0.0,-0.0,1.0,0.0,0.0,0,0,0,0,0,0,0,0,0,0,0
2025/05/07 10:37:37.885771972,1746607057,885449815,joy,-0.0,-0.0,1.0,-0.0,-0.0,1.0,0.0,0.0,0,0,0,0,0,0,0,0,0,0,0
2025/05/07 10:37:37.938161690,1746607057,937828356,joy,-0.0,-0.0,1.0,-0.0,-0.0,1.0,0.0,0.0,0,0,0,0,0,0,0,0,0,0,0
2025/05/07 10:37:37.988690387,1746607057,988325706,joy,-0.0,-0.0,1.0,-0.0,-0.0,1.0,0.0,0.0,0,0,0,0,0,0,0,0,0,0,0
2025/05/07 10:37:38.39690028,1746607058,38658898,joy,-0.0,-0.0,1.0,-0.0,-0.0,1.0,0.0,0.0,0,0,0,0,0,0,0,0,0,0,0
2025/05/07 10:37:38.138323070,1746607058,137883731,joy,-0.0,-0.0,1.0,-0.0,-0.0,1.0,0.0,0.0,0,0,0,0,0,0,0,0,0,0,0
2025/05/07 10:37:38.188888840,1746607058,188288882,joy,-0.0,-0.0,1.0,-0.0,-0.0,1.0,0.0,0.0,0,0,0,0,0,0,0,0,0,0,0
2025/05/07 10:37:38.239417259,1746607058,238936857,joy,-0.0,-0.0,1.0,-0.0,-0.0,1.0,0.0,0.0,0,0,0,0,0,0,0,0,0,0,0
2025/05/07 10:37:38.339533799,1746607058,339278113,joy,-0.0,-0.0,1.0,-0.0,-0.0,1.0,0.0,0.0,0,0,0,0,0,0,0,0,0,0,0
2025/05/07 10:37:38.439744648,1746607058,438735110,joy,-0.0,-0.0,1.0,-0.0,-0.0,1.0,0.0,0.0,0,0,0,0,0,0,0,0,0,0,0
2025/05/07 10:37:38.489972076,1746607058,489512741,joy,-0.0,-0.0,1.0,-0.0,-0.0,1.0,0.0,0.0,0,0,0,0,0,0,0,0,0,0,0
2025/05/07 10:37:38.540428589,1746607058,539924963,joy,-0.0,-0.0,1.0,-0.0,-0.0,1.0,0.0,0.0,0,0,0,0,0,0,0,0,0,0,0
2025/05/07 10:37:38.591202388,1746607058,590902127,joy,-0.0,-0.0,1.0,-0.0,-0.0,1.0,0.0,0.0,0,0,0,0,0,0,0,0,0,0,0
2025/05/07 10:37:38.641721955,1746607058,641383895,joy,-0.0,-0.0,1.0,-0.0,-0.0,1.0,0.0,0.0,0,0,0,0,0,0,0,0,0,0,0
2025/05/07 10:37:38.742059987,1746607058,741665802,joy,-0.0,-0.0,1.0,-0.0,-0.0,1.0,0.0,0.0,0,0,0,0,0,0,0,0,0,0,0
2025/05/07 10:37:38.794376242,1746607058,793921766,joy,-0.0,-0.0,1.0,-0.0,-0.0,1.0,0.0,0.0,0,0,0,0,0,0,0,0,0,0,0
2025/05/07 10:37:38.844544365,1746607058,844248809,joy,-0.0,-0.0,1.0,-0.0,-0.0,1.0,0.0,0.0,0,0,0,0,0,0,0,0,0,0,0
2025/05/07 10:37:38.894606495,1746607058,894274787,joy,-0.0,-0.0,1.0,-0.0,-0.0,1.0,0.0,0.0,0,0,0,0,0,0,0,0,0,0,0
2025/05/07 10:37:38.946505419,1746607058,946078355,joy,-0.0,-0.0,1.0,-0.0,-0.0,1.0,0.0,0.0,0,0,0,0,0,0,0,0,0,0,0
2025/05/07 10:37:39.45079034,1746607059,44749661,joy,-0.0,-0.0,1.0,-0.0,-0.0,1.0,0.0,0.0,0,0,0,0,0,0,0,0,0,0,0
2025/05/07 10:37:39.95672442,1746607059,95226841,joy,-0.0,-0.0,1.0,-0.0,-0.0,1.0,0.0,0.0,0,0,0,0,0,0,0,0,0,0,0
2025/05/07 10:37:39.195593413,1746607059,195088445,joy,-0.0,-0.0,1.0,-0.0,-0.0,1.0,0.0,0.0,0,0,0,0,0,0,0,0,0,0,0
2025/05/07 10:37:39.295369705,1746607059,295069248,joy,-0.0,-0.0,1.0,-0.0,-0.0,1.0,0.0,0.0,0,0,0,0,0,0,0,0,0,0,0
2025/05/07 10:37:39.345621866,1746607059,345242082,joy,-0.0,-0.0,1.0,-0.0,-0.0,1.0,0.0,0.0,0,0,0,0,0,0,0,0,0,0,0
2025/05/07 10:37:39.446473822,1746607059,444595356,joy,-0.0,-0.0,1.0,-0.0,-0.0,1.0,0.0,0.0,0,0,0,0,0,0,0,0,0,0,0
2025/05/07 10:37:39.495086086,1746607059,494690592,joy,-0.0,-0.0,1.0,-0.0,-0.0,1.0,0.0,0.0,0,0,0,0,0,0,0,0,0,0,0
2025/05/07 10:37:39.545353360,1746607059,545082199,joy,-0.0,-0.0,1.0,-0.0,-0.0,1.0,0.0,0.0,0,0,0,0,0,0,0,0,0,0,0
2025/05/07 10:37:39.645821211,1746607059,645297113,joy,-0.0,-0.0,1.0,-0.0,-0.0,1.0,0.0,0.0,0,0,0,0,0,0,0,0,0,0,0
2025/05/07 10:37:39.697079273,1746607059,696766674,joy,-0.0,-0.0,1.0,-0.0,-0.0,1.0,0.0,0.0,0,0,0,0,0,0,0,0,0,0,0
2025/05/07 10:37:39.747610384,1746607059,747308449,joy,-0.0,-0.0,1.0,-0.0,-0.0,1.0,0.0,0.0,0,0,0,0,0,0,0,0,0,0,0
2025/05/07 10:37:39.847906434,1746607059,847548940,joy,-0.0,-0.0,1.0,-0.0,-0.0,1.0,0.0,0.0,0,0,0,0,0,0,0,0,0,0,0
2025/05/07 10:37:39.899674072,1746607059,898656732,joy,-0.0,-0.0,1.0,-0.0,-0.0,1.0,0.0,0.0,0,0,0,0,0,0,0,0,0,0,0
2025/05/07 10:37:39.950294988,1746607059,949951172,joy,-0.0,-0.0,1.0,-0.0,-0.0,1.0,0.0,0.0,0,0,0,0,0,0,0,0,0,0,0
2025/05/07 10:37:40.49900250,1746607060,49593574,joy,-0.0,-0.0,1.0,-0.0,-0.0,1.0,0.0,0.0,0,0,0,0,0,0,0,0,0,0,0
2025/05/07 10:37:40.100080079,1746607060,99735450,joy,-0.0,-0.0,1.0,-0.0,-0.0,1.0,0.0,0.0,0,0,0,0,0,0,0,0,0,0,0
2025/05/07 10:37:40.152136812,1746607060,149843207,joy,-0.0,-0.0,1.0,-0.0,-0.0,1.0,0.0,0.0,0,0,0,0,0,0,0,0,0,0,0
2025/05/07 10:37:40.200455691,1746607060,200152486,joy,-0.0,-0.0,1.0,-0.0,-0.0,1.0,0.0,0.0,0,0,0,0,0,0,0,0,0,0,0
2025/05/07 10:37:40.300401530,1746607060,299849765,joy,-0.0,-0.0,1.0,-0.0,-0.0,1.0,0.0,0.0,0,0,0,0,0,0,0,0,0,0,0
2025/05/07 10:37:40.350504021,1746607060,350071324,joy,-0.0,-0.0,1.0,-0.0,-0.0,1.0,0.0,0.0,0,0,0,0,0,0,0,0,0,0,0
2025/05/07 10:37:40.400352366,1746607060,400098412,joy,-0.0,-0.0,1.0,-0.0,-0.0,1.0,0.0,0.0,0,0,0,0,0,0,0,0,0,0,0
2025/05/07 10:37:40.502222286,1746607060,500673128,joy,-0.0,-0.0,1.0,-0.0,-0.0,1.0,0.0,0.0,0,0,0,0,0,0,0,0,0,0,0
2025/05/07 10:37:40.552005151,1746607060,551443500,joy,-0.0,-0.0,1.0,-0.0,-0.0,1.0,0.0,0.0,0,0,0,0,0,0,0,0,0,0,0
2025/05/07 10:37:40.651364033,1746607060,651140329,joy,-0.0,-0.0,1.0,-0.0,-0.0,1.0,0.0,0.0,0,0,0,0,0,0,0,0,0,0,0
2025/05/07 10:37:40.752183780,1746607060,751961098,joy,-0.0,-0.0,1.0,-0.0,-0.0,1.0,0.0,0.0,0,0,0,0,0,0,0,0,0,0,0
2025/05/07 10:37:40.802500931,1746607060,802051545,joy,-0.0,-0.0,1.0,-0.0,-0.0,1.0,0.0,0.0,0,0,0,0,0,0,0,0,0,0,0
2025/05/07 10:37:40.852623542,1746607060,852306595,joy,-0.0,-0.0,1.0,-0.0,-0.0,1.0,0.0,0.0,0,0,0,0,0,0,0,0,0,0,0
2025/05/07 10:37:40.903632440,1746607060,903430659,joy,-0.0,-0.0,1.0,-0.0,-0.0,1.0,0.0,0.0,0,0,0,0,0,0,0,0,0,0,0
2025/05/07 10:37:40.953873313,1746607060,953536523,joy,-0.0,-0.0,1.0,-0.0,-0.0,1.0,0.0,0.0,0,0,0,0,0,0,0,0,0,0,0
2025/05/07 10:37:41.4399325,1746607061,3987207,joy,-0.0,-0.0,1.0,-0.0,-0.0,1.0,0.0,0.0,0,0,0,0,0,0,0,0,0,0,0
2025/05/07 10:37:41.103086981,1746607061,102772176,joy,-0.0,-0.0,1.0,-0.0,-0.0,1.0,0.0,0.0,0,0,0,0,0,0,0,0,0,0,0
2025/05/07 10:37:41.153950014,1746607061,153582059,joy,-0.0,-0.0,1.0,-0.0,-0.0,1.0,0.0,0.0,0,0,0,0,0,0,0,0,0,0,0
2025/05/07 10:37:41.204135001,1746607061,203775552,joy,-0.0,-0.0,1.0,-0.0,-0.0,1.0,0.0,0.0,0,0,0,0,0,0,0,0,0,0,0
2025/05/07 10:37:41.254238425,1746607061,253860928,joy,-0.0,-0.0,1.0,-0.0,-0.0,1.0,0.0,0.0,0,0,0,0,0,0,0,0,0,0,0
2025/05/07 10:37:41.304768168,1746607061,304450592,joy,-0.0,-0.0,1.0,-0.0,-0.0,1.0,0.0,0.0,0,0,0,0,0,0,0,0,0,0,0
2025/05/07 10:37:41.355195969,1746607061,354456860,joy,-0.0,-0.0,1.0,-0.0,-0.0,1.0,0.0,0.0,0,0,0,0,0,0,0,0,0,0,0
2025/05/07 10:37:41.405966491,1746607061,405559351,joy,-0.0,-0.0,1.0,-0.0,-0.0,1.0,0.0,0.0,0,0,0,0,0,0,0,0,0,0,0
2025/05/07 10:37:41.457079327,1746607061,456476137,joy,-0.0,-0.0,1.0,-0.0,-0.0,1.0,0.0,0.0,0,0,0,0,0,0,0,0,0,0,0
2025/05/07 10:37:41.507462112,1746607061,507112757,joy,-0.0,-0.0,1.0,-0.0,-0.0,1.0,0.0,0.0,0,0,0,0,0,0,0,0,0,0,0
2025/05/07 10:37:41.607786391,1746607061,606809037,joy,-0.0,-0.0,1.0,-0.0,-0.0,1.0,0.0,0.0,0,0,0,0,0,0,0,0,0,0,0
2025/05/07 10:37:41.658599809,1746607061,658293953,joy,-0.0,-0.0,1.0,-0.0,-0.0,1.0,0.0,0.0,0,0,0,0,0,0,0,0,0,0,0
2025/05/07 10:37:41.758874321,1746607061,758547722,joy,-0.0,-0.0,1.0,-0.0,-0.0,1.0,0.0,0.0,0,0,0,0,0,0,0,0,0,0,0
2025/05/07 10:37:41.809057258,1746607061,808713718,joy,-0.0,-0.0,1.0,-0.0,-0.0,1.0,0.0,0.0,0,0,0,0,0,0,0,0,0,0,0
2025/05/07 10:37:41.860668226,1746607061,859126382,joy,-0.0,-0.0,1.0,-0.0,-0.0,1.0,0.0,0.0,0,0,0,0,0,0,0,0,0,0,0
2025/05/07 10:37:41.910619792,1746607061,909925624,joy,-0.0,-0.0,1.0,-0.0,-0.0,1.0,0.0,0.0,0,0,0,0,0,0,0,0,0,0,0
2025/05/07 10:37:41.960371002,1746607061,959999988,joy,-0.0,-0.0,1.0,-0.0,-0.0,1.0,0.0,0.0,0,0,0,0,0,0,0,0,0,0,0
2025/05/07 10:37:42.10645203,1746607062,10425079,joy,-0.0,-0.0,1.0,-0.0,-0.0,1.0,0.0,0.0,0,0,0,0,0,0,0,0,0,0,0
2025/05/07 10:37:42.111819277,1746607062,109513369,joy,-0.0,-0.0,1.0,-0.0,-0.0,1.0,0.0,0.0,0,0,0,0,0,0,0,0,0,0,0
2025/05/07 10:37:42.159973660,1746607062,159716139,joy,-0.0,-0.0,1.0,-0.0,-0.0,1.0,0.0,0.0,0,0,0,0,0,0,0,0,0,0,0
2025/05/07 10:37:42.260130060,1746607062,259647135,joy,-0.0,-0.0,1.0,-0.0,-0.0,1.0,0.0,0.0,0,0,0,0,0,0,0,0,0,0,0
2025/05/07 10:37:42.310301006,1746607062,309894672,joy,-0.0,-0.0,1.0,-0.0,-0.0,1.0,0.0,0.0,0,0,0,0,0,0,0,0,0,0,0
2025/05/07 10:37:42.369715390,1746607062,360379708,joy,-0.0,-0.0,1.0,-0.0,-0.0,1.0,0.0,0.0,0,0,0,0,0,0,0,0,0,0,0
2025/05/07 10:37:42.410941473,1746607062,410541748,joy,-0.0,-0.0,1.0,-0.0,-0.0,1.0,0.0,0.0,0,0,0,0,0,0,0,0,0,0,0
2025/05/07 10:37:42.461701464,1746607062,461400501,joy,-0.0,-0.0,1.0,-0.0,-0.0,1.0,0.0,0.0,0,0,0,0,0,0,0,0,0,0,0
2025/05/07 10:37:42.562028783,1746607062,561558460,joy,-0.0,-0.0,1.0,-0.0,-0.0,1.0,0.0,0.0,0,0,0,0,0,0,0,0,0,0,0
2025/05/07 10:37:42.612571311,1746607062,612180885,joy,-0.0,-0.0,1.0,-0.0,-0.0,1.0,0.0,0.0,0,0,0,0,0,0,0,0,0,0,0
2025/05/07 10:37:42.664477472,1746607062,664047397,joy,-0.0,-0.0,1.0,-0.0,-0.0,1.0,0.0,0.0,0,0,0,0,0,0,0,0,0,0,0
2025/05/07 10:37:42.763863725,1746607062,763666238,joy,-0.0,-0.0,1.0,-0.0,-0.0,1.0,0.0,0.0,0,0,0,0,0,0,0,0,0,0,0
2025/05/07 10:37:42.814383188,1746607062,814056179,joy,-0.0,-0.0,1.0,-0.0,-0.0,1.0,0.0,0.0,0,0,0,0,0,0,0,0,0,0,0
2025/05/07 10:37:42.865940483,1746607062,865655841,joy,-0.0,-0.0,1.0,-0.0,-0.0,1.0,0.0,0.0,0,0,0,0,0,0,0,0,0,0,0
2025/05/07 10:37:42.920630178,1746607062,919838741,joy,-0.0,-0.0,1.0,-0.0,-0.0,1.0,0.0,0.0,0,0,0,0,0,0,0,0,0,0,0
2025/05/07 10:37:42.970506688,1746607062,970259482,joy,-0.0,-0.0,1.0,-0.0,-0.0,1.0,0.0,0.0,0,0,0,0,0,0,0,0,0,0,0
2025/05/07 10:37:43.74256428,1746607063,68921746,joy,-0.0,-0.0,1.0,-0.0,-0.0,1.0,0.0,0.0,0,0,0,0,0,0,0,0,0,0,0
2025/05/07 10:37:43.169911743,1746607063,168984729,joy,-0.0,-0.0,1.0,-0.0,-0.0,1.0,0.0,0.0,0,0,0,0,0,0,0,0,0,0,0
2025/05/07 10:37:43.268927722,1746607063,268694713,joy,-0.0,-0.0,1.0,-0.0,-0.0,1.0,0.0,0.0,0,0,0,0,0,0,0,0,0,0,0
2025/05/07 10:37:43.319377145,1746607063,319131724,joy,-0.0,-0.0,1.0,-0.0,-0.0,1.0,0.0,0.0,0,0,0,0,0,0,0,0,0,0,0
2025/05/07 10:37:43.369934658,1746607063,369537895,joy,-0.0,-0.0,1.0,-0.0,-0.0,1.0,0.0,0.0,0,0,0,0,0,0,0,0,0,0,0
2025/05/07 10:37:43.420306362,1746607063,419797567,joy,-0.0,-0.0,1.0,-0.0,-0.0,1.0,0.0,0.0,0,0,0,0,0,0,0,0,0,0,0
2025/05/07 10:37:43.470532580,1746607063,470126155,joy,-0.0,-0.0,1.0,-0.0,-0.0,1.0,0.0,0.0,0,0,0,0,0,0,0,0,0,0,0
2025/05/07 10:37:43.570665370,1746607063,570196416,joy,-0.0,-0.0,1.0,-0.0,-0.0,1.0,0.0,0.0,0,0,0,0,0,0,0,0,0,0,0
2025/05/07 10:37:43.670497139,1746607063,670180629,joy,-0.0,-0.0,1.0,-0.0,-0.0,1.0,0.0,0.0,0,0,0,0,0,0,0,0,0,0,0
2025/05/07 10:37:43.770564331,1746607063,770116820,joy,-0.0,-0.0,1.0,-0.0,-0.0,1.0,0.0,0.0,0,0,0,0,0,0,0,0,0,0,0
2025/05/07 10:37:43.821472878,1746607063,820469764,joy,-0.0,-0.0,1.0,-0.0,-0.0,1.0,0.0,0.0,0,0,0,0,0,0,0,0,0,0,0
2025/05/07 10:37:43.872923611,1746607063,872596226,joy,-0.0,-0.0,1.0,-0.0,-0.0,1.0,0.0,0.0,0,0,0,0,0,0,0,0,0,0,0
2025/05/07 10:37:43.925230060,1746607063,924833985,joy,-0.0,-0.0,1.0,-0.0,-0.0,1.0,0.0,0.0,0,0,0,0,0,0,0,0,0,0,0
2025/05/07 10:37:43.975700991,1746607063,975142248,joy,-0.0,-0.0,1.0,-0.0,-0.0,1.0,0.0,0.0,0,0,0,0,0,0,0,0,0,0,0
2025/05/07 10:37:44.25656142,1746607064,25237250,joy,-0.0,-0.0,1.0,-0.0,-0.0,1.0,0.0,0.0,0,0,0,0,0,0,0,0,0,0,0
2025/05/07 10:37:44.123853576,1746607064,123637285,joy,-0.0,-0.0,1.0,-0.0,-0.0,1.0,0.0,0.0,0,0,0,0,0,0,0,0,0,0,0
2025/05/07 10:37:44.174284139,1746607064,173697484,joy,-0.0,-0.0,1.0,-0.0,-0.0,1.0,0.0,0.0,0,0,0,0,0,0,0,0,0,0,0
2025/05/07 10:37:44.224492046,1746607064,223999077,joy,-0.0,-0.0,1.0,-0.0,-0.0,1.0,0.0,0.0,0,0,0,0,0,0,0,0,0,0,0
2025/05/07 10:37:44.274240496,1746607064,274065946,joy,-0.0,-0.0,1.0,-0.0,-0.0,1.0,0.0,0.0,0,0,0,0,0,0,0,0,0,0,0
2025/05/07 10:37:44.374870089,1746607064,374505614,joy,-0.0,-0.0,1.0,-0.0,-0.0,1.0,0.0,0.0,0,0,0,0,0,0,0,0,0,0,0
2025/05/07 10:37:44.425293046,1746607064,424865299,joy,-0.0,-0.0,1.0,-0.0,-0.0,1.0,0.0,0.0,0,0,0,0,0,0,0,0,0,0,0
2025/05/07 10:37:44.477356532,1746607064,476903681,joy,-0.0,-0.0,1.0,-0.0,-0.0,1.0,0.0,0.0,0,0,0,0,0,0,0,0,0,0,0
2025/05/07 10:37:44.577896679,1746607064,577346175,joy,-0.0,-0.0,1.0,-0.0,-0.0,1.0,0.0,0.0,0,0,0,0,0,0,0,0,0,0,0
2025/05/07 10:37:44.677779357,1746607064,676847516,joy,-0.0,-0.0,1.0,-0.0,-0.0,1.0,0.0,0.0,0,0,0,0,0,0,0,0,0,0,0
2025/05/07 10:37:44.729471090,1746607064,727372913,joy,-0.0,-0.0,1.0,-0.0,-0.0,1.0,0.0,0.0,0,0,0,0,0,0,0,0,0,0,0
2025/05/07 10:37:44.782465473,1746607064,777462031,joy,-0.0,-0.0,1.0,-0.0,-0.0,1.0,0.0,0.0,0,0,0,0,0,0,0,0,0,0,0
2025/05/07 10:37:44.827939321,1746607064,827559769,joy,-0.0,-0.0,1.0,-0.0,-0.0,1.0,0.0,0.0,0,0,0,0,0,0,0,0,0,0,0
2025/05/07 10:37:44.878413250,1746607064,878019741,joy,-0.0,-0.0,1.0,-0.0,-0.0,1.0,0.0,0.0,0,0,0,0,0,0,0,0,0,0,0
2025/05/07 10:37:44.929573874,1746607064,928756217,joy,-0.0,-0.0,1.0,-0.0,-0.0,1.0,0.0,0.0,0,0,0,0,0,0,0,0,0,0,0
2025/05/07 10:37:44.979392261,1746607064,978866648,joy,-0.0,-0.0,1.0,-0.0,-0.0,1.0,0.0,0.0,0,0,0,0,0,0,0,0,0,0,0
2025/05/07 10:37:45.30339029,1746607065,30003767,joy,-0.0,-0.0,1.0,-0.0,-0.0,1.0,0.0,0.0,0,0,0,0,0,0,0,0,0,0,0
2025/05/07 10:37:45.129291632,1746607065,128942208,joy,-0.0,-0.0,1.0,-0.0,-0.0,1.0,0.0,0.0,0,0,0,0,0,0,0,0,0,0,0
2025/05/07 10:37:45.229926642,1746607065,229390110,joy,-0.0,-0.0,1.0,-0.0,-0.0,1.0,0.0,0.0,0,0,0,0,0,0,0,0,0,0,0
2025/05/07 10:37:45.329550015,1746607065,329031837,joy,-0.0,-0.0,1.0,-0.0,-0.0,1.0,0.0,0.0,0,0,0,0,0,0,0,0,0,0,0
2025/05/07 10:37:45.429311094,1746607065,428871728,joy,-0.0,-0.0,1.0,-0.0,-0.0,1.0,0.0,0.0,0,0,0,0,0,0,0,0,0,0,0
2025/05/07 10:37:45.495225409,1746607065,478924855,joy,-0.0,-0.0,1.0,-0.0,-0.0,1.0,0.0,0.0,0,0,0,0,0,0,0,0,0,0,0
2025/05/07 10:37:45.579135647,1746607065,578625516,joy,-0.0,-0.0,1.0,-0.0,-0.0,1.0,0.0,0.0,0,0,0,0,0,0,0,0,0,0,0
2025/05/07 10:37:45.629164201,1746607065,628695455,joy,-0.0,-0.0,1.0,-0.0,-0.0,1.0,0.0,0.0,0,0,0,0,0,0,0,0,0,0,0
2025/05/07 10:37:45.680027877,1746607065,679140774,joy,-0.0,-0.0,1.0,-0.0,-0.0,1.0,0.0,0.0,0,0,0,0,0,0,0,0,0,0,0
2025/05/07 10:37:45.729975388,1746607065,729509435,joy,-0.0,-0.0,1.0,-0.0,-0.0,1.0,0.0,0.0,0,0,0,0,0,0,0,0,0,0,0
2025/05/07 10:37:45.780516314,1746607065,780329695,joy,-0.0,-0.0,1.0,-0.0,-0.0,1.0,0.0,0.0,0,0,0,0,0,0,0,0,0,0,0
2025/05/07 10:37:45.880182161,1746607065,879798992,joy,-0.0,-0.0,1.0,-0.0,-0.0,1.0,0.0,0.0,0,0,0,0,0,0,0,0,0,0,0
2025/05/07 10:37:45.930947127,1746607065,930589708,joy,-0.0,-0.0,1.0,-0.0,-0.0,1.0,0.0,0.0,0,0,0,0,0,0,0,0,0,0,0
2025/05/07 10:37:45.982273061,1746607065,981831206,joy,-0.0,-0.0,1.0,-0.0,-0.0,1.0,0.0,0.0,0,0,0,0,0,0,0,0,0,0,0
2025/05/07 10:37:46.33208404,1746607066,32066136,joy,-0.0,-0.0,1.0,-0.0,-0.0,1.0,0.0,0.0,0,0,0,0,0,0,0,0,0,0,0
2025/05/07 10:37:46.131682509,1746607066,131097071,joy,-0.0,-0.0,1.0,-0.0,-0.0,1.0,0.0,0.0,0,0,0,0,0,0,0,0,0,0,0
2025/05/07 10:37:46.182138859,1746607066,181573931,joy,-0.0,-0.0,1.0,-0.0,-0.0,1.0,0.0,0.0,0,0,0,0,0,0,0,0,0,0,0
2025/05/07 10:37:46.233018971,1746607066,232447416,joy,-0.0,-0.0,1.0,-0.0,-0.0,1.0,0.0,0.0,0,0,0,0,0,0,0,0,0,0,0
2025/05/07 10:37:46.282875570,1746607066,282489167,joy,-0.0,-0.0,1.0,-0.0,-0.0,1.0,0.0,0.0,0,0,0,0,0,0,0,0,0,0,0
2025/05/07 10:37:46.333026115,1746607066,332738878,joy,-0.0,-0.0,1.0,-0.0,-0.0,1.0,0.0,0.0,0,0,0,0,0,0,0,0,0,0,0
2025/05/07 10:37:46.383670258,1746607066,383240862,joy,-0.0,-0.0,1.0,-0.0,-0.0,1.0,0.0,0.0,0,0,0,0,0,0,0,0,0,0,0
2025/05/07 10:37:46.483592769,1746607066,483227251,joy,-0.0,-0.0,1.0,-0.0,-0.0,1.0,0.0,0.0,0,0,0,0,0,0,0,0,0,0,0
2025/05/07 10:37:46.585188365,1746607066,582705435,joy,-0.0,-0.0,1.0,-0.0,-0.0,1.0,0.0,0.0,0,0,0,0,0,0,0,0,0,0,0
2025/05/07 10:37:46.633116541,1746607066,632764644,joy,-0.0,-0.0,1.0,-0.0,-0.0,1.0,0.0,0.0,0,0,0,0,0,0,0,0,0,0,0
2025/05/07 10:37:46.683116843,1746607066,682829990,joy,-0.0,-0.0,1.0,-0.0,-0.0,1.0,0.0,0.0,0,0,0,0,0,0,0,0,0,0,0
2025/05/07 10:37:46.783923406,1746607066,783599055,joy,-0.0,-0.0,1.0,-0.0,-0.0,1.0,0.0,0.0,0,0,0,0,0,0,0,0,0,0,0
2025/05/07 10:37:46.836106639,1746607066,835532922,joy,-0.0,-0.0,1.0,-0.0,-0.0,1.0,0.0,0.0,0,0,0,0,0,0,0,0,0,0,0
2025/05/07 10:37:46.886690691,1746607066,886198997,joy,-0.0,-0.0,1.0,-0.0,-0.0,1.0,0.0,0.0,0,0,0,0,0,0,0,0,0,0,0
2025/05/07 10:37:46.937220211,1746607066,936984344,joy,-0.0,-0.0,1.0,-0.0,-0.0,1.0,0.0,0.0,0,0,0,0,0,0,0,0,0,0,0
2025/05/07 10:37:47.44389519,1746607067,42077404,joy,-0.0,-0.0,1.0,-0.0,-0.0,1.0,0.0,0.0,0,0,0,0,0,0,0,0,0,0,0
2025/05/07 10:37:47.140879933,1746607067,140641426,joy,-0.0,-0.0,1.0,-0.0,-0.0,1.0,0.0,0.0,0,0,0,0,0,0,0,0,0,0,0
2025/05/07 10:37:47.191304994,1746607067,190684290,joy,-0.0,-0.0,1.0,-0.0,-0.0,1.0,0.0,0.0,0,0,0,0,0,0,0,0,0,0,0
2025/05/07 10:37:47.241464688,1746607067,241236511,joy,-0.0,-0.0,1.0,-0.0,-0.0,1.0,0.0,0.0,0,0,0,0,0,0,0,0,0,0,0
2025/05/07 10:37:47.342381683,1746607067,341932716,joy,-0.0,-0.0,1.0,-0.0,-0.0,1.0,0.0,0.0,0,0,0,0,0,0,0,0,0,0,0
2025/05/07 10:37:47.393069361,1746607067,392037569,joy,-0.0,-0.0,1.0,-0.0,-0.0,1.0,0.0,0.0,0,0,0,0,0,0,0,0,0,0,0
2025/05/07 10:37:47.442770857,1746607067,442444462,joy,-0.0,-0.0,1.0,-0.0,-0.0,1.0,0.0,0.0,0,0,0,0,0,0,0,0,0,0,0
2025/05/07 10:37:47.542948519,1746607067,542423105,joy,-0.0,-0.0,1.0,-0.0,-0.0,1.0,0.0,0.0,0,0,0,0,0,0,0,0,0,0,0
2025/05/07 10:37:47.642153691,1746607067,641899424,joy,-0.0,-0.0,1.0,-0.0,-0.0,1.0,0.0,0.0,0,0,0,0,0,0,0,0,0,0,0
2025/05/07 10:37:47.742013950,1746607067,741751303,joy,-0.0,-0.0,1.0,-0.0,-0.0,1.0,0.0,0.0,0,0,0,0,0,0,0,0,0,0,0
2025/05/07 10:37:47.842590788,1746607067,842271705,joy,-0.0,-0.0,1.0,-0.0,-0.0,1.0,0.0,0.0,0,0,0,0,0,0,0,0,0,0,0
2025/05/07 10:37:47.946442480,1746607067,945808143,joy,-0.0,-0.0,1.0,-0.0,-0.0,1.0,0.0,0.0,0,0,0,0,0,0,0,0,0,0,0
2025/05/07 10:37:47.999964018,1746607067,999353810,joy,-0.0,-0.0,1.0,-0.0,-0.0,1.0,0.0,0.0,0,0,0,0,0,0,0,0,0,0,0
2025/05/07 10:37:48.99669634,1746607068,99304945,joy,-0.0,-0.0,1.0,-0.0,-0.0,1.0,0.0,0.0,0,0,0,0,0,0,0,0,0,0,0
2025/05/07 10:37:48.200099468,1746607068,198853330,joy,-0.0,-0.0,1.0,-0.0,-0.0,1.0,0.0,0.0,0,0,0,0,0,0,0,0,0,0,0
2025/05/07 10:37:48.249824255,1746607068,249435586,joy,-0.0,-0.0,1.0,-0.0,-0.0,1.0,0.0,0.0,0,0,0,0,0,0,0,0,0,0,0
2025/05/07 10:37:48.349094090,1746607068,348872080,joy,-0.0,-0.0,1.0,-0.0,-0.0,1.0,0.0,0.0,0,0,0,0,0,0,0,0,0,0,0
2025/05/07 10:37:48.399847315,1746607068,399197172,joy,-0.0,-0.0,1.0,-0.0,-0.0,1.0,0.0,0.0,0,0,0,0,0,0,0,0,0,0,0
2025/05/07 10:37:48.450586057,1746607068,449343153,joy,-0.0,-0.0,1.0,-0.0,-0.0,1.0,0.0,0.0,0,0,0,0,0,0,0,0,0,0,0
2025/05/07 10:37:48.549438244,1746607068,549171026,joy,-0.0,-0.0,1.0,-0.0,-0.0,1.0,0.0,0.0,0,0,0,0,0,0,0,0,0,0,0
2025/05/07 10:37:48.601164570,1746607068,600154799,joy,-0.0,-0.0,1.0,-0.0,-0.0,1.0,0.0,0.0,0,0,0,0,0,0,0,0,0,0,0
2025/05/07 10:37:48.652082207,1746607068,650518998,joy,-0.0,-0.0,1.0,-0.0,-0.0,1.0,0.0,0.0,0,0,0,0,0,0,0,0,0,0,0
2025/05/07 10:37:48.714665022,1746607068,700625273,joy,-0.0,-0.0,1.0,-0.0,-0.0,1.0,0.0,0.0,0,0,0,0,0,0,0,0,0,0,0
2025/05/07 10:37:48.751440679,1746607068,750993667,joy,-0.0,-0.0,1.0,-0.0,-0.0,1.0,0.0,0.0,0,0,0,0,0,0,0,0,0,0,0
2025/05/07 10:37:48.801394559,1746607068,801048820,joy,-0.0,-0.0,1.0,-0.0,-0.0,1.0,0.0,0.0,0,0,0,0,0,0,0,0,0,0,0
2025/05/07 10:37:48.851730985,1746607068,851380007,joy,-0.0,-0.0,1.0,-0.0,-0.0,1.0,0.0,0.0,0,0,0,0,0,0,0,0,0,0,0
2025/05/07 10:37:48.902789153,1746607068,902388641,joy,-0.0,-0.0,1.0,-0.0,-0.0,1.0,0.0,0.0,0,0,0,0,0,0,0,0,0,0,0
2025/05/07 10:37:48.952866428,1746607068,952511915,joy,-0.0,-0.0,1.0,-0.0,-0.0,1.0,0.0,0.0,0,0,0,0,0,0,0,0,0,0,0
2025/05/07 10:37:49.3841502,1746607069,3611743,joy,-0.0,-0.0,1.0,-0.0,-0.0,1.0,0.0,0.0,0,0,0,0,0,0,0,0,0,0,0
2025/05/07 10:37:49.103386622,1746607069,103058941,joy,-0.0,-0.0,1.0,-0.0,-0.0,1.0,0.0,0.0,0,0,0,0,0,0,0,0,0,0,0
2025/05/07 10:37:49.153665167,1746607069,153352573,joy,-0.0,-0.0,1.0,-0.0,-0.0,1.0,0.0,0.0,0,0,0,0,0,0,0,0,0,0,0
2025/05/07 10:37:49.254582030,1746607069,254069553,joy,-0.0,-0.0,1.0,-0.0,-0.0,1.0,0.0,0.0,0,0,0,0,0,0,0,0,0,0,0
2025/05/07 10:37:49.354874783,1746607069,354539526,joy,-0.0,-0.0,1.0,-0.0,-0.0,1.0,0.0,0.0,0,0,0,0,0,0,0,0,0,0,0
2025/05/07 10:37:49.405180081,1746607069,404768705,joy,-0.0,-0.0,1.0,-0.0,-0.0,1.0,0.0,0.0,0,0,0,0,0,0,0,0,0,0,0
2025/05/07 10:37:49.455099526,1746607069,454783161,joy,-0.0,-0.0,1.0,-0.0,-0.0,1.0,0.0,0.0,0,0,0,0,0,0,0,0,0,0,0
2025/05/07 10:37:49.555352104,1746607069,554736758,joy,-0.0,-0.0,1.0,-0.0,-0.0,1.0,0.0,0.0,0,0,0,0,0,0,0,0,0,0,0
2025/05/07 10:37:49.607922668,1746607069,604914604,joy,-0.0,-0.0,1.0,-0.0,-0.0,1.0,0.0,0.0,0,0,0,0,0,0,0,0,0,0,0
2025/05/07 10:37:49.655941619,1746607069,655648171,joy,-0.0,-0.0,1.0,-0.0,-0.0,1.0,0.0,0.0,0,0,0,0,0,0,0,0,0,0,0
2025/05/07 10:37:49.706263734,1746607069,705834759,joy,-0.0,-0.0,1.0,-0.0,-0.0,1.0,0.0,0.0,0,0,0,0,0,0,0,0,0,0,0
2025/05/07 10:37:49.756855905,1746607069,756435068,joy,-0.0,-0.0,1.0,-0.0,-0.0,1.0,0.0,0.0,0,0,0,0,0,0,0,0,0,0,0
2025/05/07 10:37:49.856781424,1746607069,856319512,joy,-0.0,-0.0,1.0,-0.0,-0.0,1.0,0.0,0.0,0,0,0,0,0,0,0,0,0,0,0
2025/05/07 10:37:49.909129621,1746607069,908043891,joy,-0.0,-0.0,1.0,-0.0,-0.0,1.0,0.0,0.0,0,0,0,0,0,0,0,0,0,0,0
2025/05/07 10:37:50.8461889,1746607070,8186283,joy,-0.0,-0.0,1.0,-0.0,-0.0,1.0,0.0,0.0,0,0,0,0,0,0,0,0,0,0,0
2025/05/07 10:37:50.107676890,1746607070,107186309,joy,-0.0,-0.0,1.0,-0.0,-0.0,1.0,0.0,0.0,0,0,0,0,0,0,0,0,0,0,0
2025/05/07 10:37:50.206909584,1746607070,206686901,joy,-0.0,-0.0,1.0,-0.0,-0.0,1.0,0.0,0.0,0,0,0,0,0,0,0,0,0,0,0
2025/05/07 10:37:50.258561449,1746607070,258095201,joy,-0.0,-0.0,1.0,-0.0,-0.0,1.0,0.0,0.0,0,0,0,0,0,0,0,0,0,0,0
2025/05/07 10:37:50.358354746,1746607070,357996987,joy,-0.0,-0.0,1.0,-0.0,-0.0,1.0,0.0,0.0,0,0,0,0,0,0,0,0,0,0,0
2025/05/07 10:37:50.408455058,1746607070,408163790,joy,-0.0,-0.0,1.0,-0.0,-0.0,1.0,0.0,0.0,0,0,0,0,0,0,0,0,0,0,0
2025/05/07 10:37:50.458720563,1746607070,458360673,joy,-0.0,-0.0,1.0,-0.0,-0.0,1.0,0.0,0.0,0,0,0,0,0,0,0,0,0,0,0
2025/05/07 10:37:50.559095369,1746607070,558279692,joy,-0.0,-0.0,1.0,-0.0,-0.0,1.0,0.0,0.0,0,0,0,0,0,0,0,0,0,0,0
2025/05/07 10:37:50.608879237,1746607070,608640553,joy,-0.0,-0.0,1.0,-0.0,-0.0,1.0,0.0,0.0,0,0,0,0,0,0,0,0,0,0,0
2025/05/07 10:37:50.659299988,1746607070,658735247,joy,-0.0,-0.0,1.0,-0.0,-0.0,1.0,0.0,0.0,0,0,0,0,0,0,0,0,0,0,0
2025/05/07 10:37:50.710544175,1746607070,710312755,joy,-0.0,-0.0,1.0,-0.0,-0.0,1.0,0.0,0.0,0,0,0,0,0,0,0,0,0,0,0
2025/05/07 10:37:50.810110046,1746607070,809853334,joy,-0.0,-0.0,1.0,-0.0,-0.0,1.0,0.0,0.0,0,0,0,0,0,0,0,0,0,0,0
2025/05/07 10:37:50.861981040,1746607070,860613481,joy,-0.0,-0.0,1.0,-0.0,-0.0,1.0,0.0,0.0,0,0,0,0,0,0,0,0,0,0,0
2025/05/07 10:37:50.914196381,1746607070,912759333,joy,-0.0,-0.0,1.0,-0.0,-0.0,1.0,0.0,0.0,0,0,0,0,0,0,0,0,0,0,0
2025/05/07 10:37:50.965336967,1746607070,964457453,joy,-0.0,-0.0,1.0,-0.0,-0.0,1.0,0.0,0.0,0,0,0,0,0,0,0,0,0,0,0
2025/05/07 10:37:51.64565308,1746607071,63042527,joy,-0.0,-0.0,1.0,-0.0,-0.0,1.0,0.0,0.0,0,0,0,0,0,0,0,0,0,0,0
2025/05/07 10:37:51.115278360,1746607071,113530466,joy,-0.0,-0.0,1.0,-0.0,-0.0,1.0,0.0,0.0,0,0,0,0,0,0,0,0,0,0,0
2025/05/07 10:37:51.165177967,1746607071,164339200,joy,-0.0,-0.0,1.0,-0.0,-0.0,1.0,0.0,0.0,0,0,0,0,0,0,0,0,0,0,0
2025/05/07 10:37:51.266044814,1746607071,264071151,joy,-0.0,-0.0,1.0,-0.0,-0.0,1.0,0.0,0.0,0,0,0,0,0,0,0,0,0,0,0
2025/05/07 10:37:51.315158938,1746607071,314577613,joy,-0.0,-0.0,1.0,-0.0,-0.0,1.0,0.0,0.0,0,0,0,0,0,0,0,0,0,0,0
2025/05/07 10:37:51.365533200,1746607071,365177353,joy,-0.0,-0.0,1.0,-0.0,-0.0,1.0,0.0,0.0,0,0,0,0,0,0,0,0,0,0,0
2025/05/07 10:37:51.415994742,1746607071,415478946,joy,-0.0,-0.0,1.0,-0.0,-0.0,1.0,0.0,0.0,0,0,0,0,0,0,0,0,0,0,0
2025/05/07 10:37:51.516935427,1746607071,515635075,joy,-0.0,-0.0,1.0,-0.0,-0.0,1.0,0.0,0.0,0,0,0,0,0,0,0,0,0,0,0
2025/05/07 10:37:51.566725662,1746607071,566256747,joy,-0.0,-0.0,1.0,-0.0,-0.0,1.0,0.0,0.0,0,0,0,0,0,0,0,0,0,0,0
2025/05/07 10:37:51.666253182,1746607071,665829497,joy,-0.0,-0.0,1.0,-0.0,-0.0,1.0,0.0,0.0,0,0,0,0,0,0,0,0,0,0,0
2025/05/07 10:37:51.718185925,1746607071,716355078,joy,-0.0,-0.0,1.0,-0.0,-0.0,1.0,0.0,0.0,0,0,0,0,0,0,0,0,0,0,0
2025/05/07 10:37:51.816720603,1746607071,816325280,joy,-0.0,-0.0,1.0,-0.0,-0.0,1.0,0.0,0.0,0,0,0,0,0,0,0,0,0,0,0
2025/05/07 10:37:51.867642410,1746607071,867160927,joy,-0.0,-0.0,1.0,-0.0,-0.0,1.0,0.0,0.0,0,0,0,0,0,0,0,0,0,0,0
2025/05/07 10:37:51.918853400,1746607071,918607784,joy,-0.0,-0.0,1.0,-0.0,-0.0,1.0,0.0,0.0,0,0,0,0,0,0,0,0,0,0,0
2025/05/07 10:37:51.970892738,1746607071,969640178,joy,-0.0,-0.0,1.0,-0.0,-0.0,1.0,0.0,0.0,0,0,0,0,0,0,0,0,0,0,0
2025/05/07 10:37:52.21041683,1746607072,20010427,joy,-0.0,-0.0,1.0,-0.0,-0.0,1.0,0.0,0.0,0,0,0,0,0,0,0,0,0,0,0
2025/05/07 10:37:52.120461425,1746607072,120241144,joy,-0.0,-0.0,1.0,-0.0,-0.0,1.0,0.0,0.0,0,0,0,0,0,0,0,0,0,0,0
2025/05/07 10:37:52.220876816,1746607072,220507201,joy,-0.0,-0.0,1.0,-0.0,-0.0,1.0,0.0,0.0,0,0,0,0,0,0,0,0,0,0,0
2025/05/07 10:37:52.320174713,1746607072,319929759,joy,-0.0,-0.0,1.0,-0.0,-0.0,1.0,0.0,0.0,0,0,0,0,0,0,0,0,0,0,0
2025/05/07 10:37:52.370791033,1746607072,370473819,joy,-0.0,-0.0,1.0,-0.0,-0.0,1.0,0.0,0.0,0,0,0,0,0,0,0,0,0,0,0
2025/05/07 10:37:52.470534316,1746607072,470253395,joy,-0.0,-0.0,1.0,-0.0,-0.0,1.0,0.0,0.0,0,0,0,0,0,0,0,0,0,0,0
2025/05/07 10:37:52.571610372,1746607072,569803495,joy,-0.0,-0.0,1.0,-0.0,-0.0,1.0,0.0,0.0,0,0,0,0,0,0,0,0,0,0,0
2025/05/07 10:37:52.620692755,1746607072,620250442,joy,-0.0,-0.0,1.0,-0.0,-0.0,1.0,0.0,0.0,0,0,0,0,0,0,0,0,0,0,0
2025/05/07 10:37:52.671146235,1746607072,670912857,joy,-0.0,-0.0,1.0,-0.0,-0.0,1.0,0.0,0.0,0,0,0,0,0,0,0,0,0,0,0
2025/05/07 10:37:52.721870366,1746607072,721470541,joy,-0.0,-0.0,1.0,-0.0,-0.0,1.0,0.0,0.0,0,0,0,0,0,0,0,0,0,0,0
2025/05/07 10:37:52.822167756,1746607072,820734141,joy,-0.0,-0.0,1.0,-0.0,-0.0,1.0,0.0,0.0,0,0,0,0,0,0,0,0,0,0,0
2025/05/07 10:37:52.873573105,1746607072,873274636,joy,-0.0,-0.0,1.0,-0.0,-0.0,1.0,0.0,0.0,0,0,0,0,0,0,0,0,0,0,0
2025/05/07 10:37:52.924223923,1746607072,923829924,joy,-0.0,-0.0,1.0,-0.0,-0.0,1.0,0.0,0.0,0,0,0,0,0,0,0,0,0,0,0
2025/05/07 10:37:53.23828059,1746607073,23613429,joy,-0.0,-0.0,1.0,-0.0,-0.0,1.0,0.0,0.0,0,0,0,0,0,0,0,0,0,0,0
2025/05/07 10:37:53.123784235,1746607073,123549966,joy,-0.0,-0.0,1.0,-0.0,-0.0,1.0,0.0,0.0,0,0,0,0,0,0,0,0,0,0,0
2025/05/07 10:37:53.174767448,1746607073,174511991,joy,-0.0,-0.0,1.0,-0.0,-0.0,1.0,0.0,0.0,0,0,0,0,0,0,0,0,0,0,0
2025/05/07 10:37:53.225302757,1746607073,225023943,joy,-0.0,-0.0,1.0,-0.0,-0.0,1.0,0.0,0.0,0,0,0,0,0,0,0,0,0,0,0
2025/05/07 10:37:53.275799694,1746607073,275373355,joy,-0.0,-0.0,1.0,-0.0,-0.0,1.0,0.0,0.0,0,0,0,0,0,0,0,0,0,0,0
2025/05/07 10:37:53.326903879,1746607073,326400294,joy,-0.0,-0.0,1.0,-0.0,-0.0,1.0,0.0,0.0,0,0,0,0,0,0,0,0,0,0,0
2025/05/07 10:37:53.376898871,1746607073,376565301,joy,-0.0,-0.0,1.0,-0.0,-0.0,1.0,0.0,0.0,0,0,0,0,0,0,0,0,0,0,0
2025/05/07 10:37:53.427835888,1746607073,427561254,joy,-0.0,-0.0,1.0,-0.0,-0.0,1.0,0.0,0.0,0,0,0,0,0,0,0,0,0,0,0
2025/05/07 10:37:53.478173193,1746607073,477739123,joy,-0.0,-0.0,1.0,-0.0,-0.0,1.0,0.0,0.0,0,0,0,0,0,0,0,0,0,0,0
2025/05/07 10:37:53.528282602,1746607073,528005526,joy,-0.0,-0.0,1.0,-0.0,-0.0,1.0,0.0,0.0,0,0,0,0,0,0,0,0,0,0,0
2025/05/07 10:37:53.578751000,1746607073,578526257,joy,-0.0,-0.0,1.0,-0.0,-0.0,1.0,0.0,0.0,0,0,0,0,0,0,0,0,0,0,0
2025/05/07 10:37:53.629578432,1746607073,629325095,joy,-0.0,-0.0,1.0,-0.0,-0.0,1.0,0.0,0.0,0,0,0,0,0,0,0,0,0,0,0
2025/05/07 10:37:53.680254609,1746607073,679632119,joy,-0.0,-0.0,1.0,-0.0,-0.0,1.0,0.0,0.0,0,0,0,0,0,0,0,0,0,0,0
2025/05/07 10:37:53.730978574,1746607073,730379505,joy,-0.0,-0.0,1.0,-0.0,-0.0,1.0,0.0,0.0,0,0,0,0,0,0,0,0,0,0,0
2025/05/07 10:37:53.831850477,1746607073,830579317,joy,-0.0,-0.0,1.0,-0.0,-0.0,1.0,0.0,0.0,0,0,0,0,0,0,0,0,0,0,0
2025/05/07 10:37:53.881232912,1746607073,880927012,joy,-0.0,-0.0,1.0,-0.0,-0.0,1.0,0.0,0.0,0,0,0,0,0,0,0,0,0,0,0
2025/05/07 10:37:53.932826858,1746607073,932358121,joy,-0.0,-0.0,1.0,-0.0,-0.0,1.0,0.0,0.0,0,0,0,0,0,0,0,0,0,0,0
2025/05/07 10:37:54.32256959,1746607074,32046255,joy,-0.0,-0.0,1.0,-0.0,-0.0,1.0,0.0,0.0,0,0,0,0,0,0,0,0,0,0,0
2025/05/07 10:37:54.83207491,1746607074,82218475,joy,-0.0,-0.0,1.0,-0.0,-0.0,1.0,0.0,0.0,0,0,0,0,0,0,0,0,0,0,0
2025/05/07 10:37:54.133043229,1746607074,132544816,joy,-0.0,-0.0,1.0,-0.0,-0.0,1.0,0.0,0.0,0,0,0,0,0,0,0,0,0,0,0
2025/05/07 10:37:54.184218778,1746607074,182865805,joy,-0.0,-0.0,1.0,-0.0,-0.0,1.0,0.0,0.0,0,0,0,0,0,0,0,0,0,0,0
2025/05/07 10:37:54.283211289,1746607074,282827808,joy,-0.0,-0.0,1.0,-0.0,-0.0,1.0,0.0,0.0,0,0,0,0,0,0,0,0,0,0,0
2025/05/07 10:37:54.335249664,1746607074,333991448,joy,-0.0,-0.0,1.0,-0.0,-0.0,1.0,0.0,0.0,0,0,0,0,0,0,0,0,0,0,0
2025/05/07 10:37:54.386819512,1746607074,384307311,joy,-0.0,-0.0,1.0,-0.0,-0.0,1.0,0.0,0.0,0,0,0,0,0,0,0,0,0,0,0
2025/05/07 10:37:54.435248621,1746607074,434750573,joy,-0.0,-0.0,1.0,-0.0,-0.0,1.0,0.0,0.0,0,0,0,0,0,0,0,0,0,0,0
2025/05/07 10:37:54.485846660,1746607074,485608615,joy,-0.0,-0.0,1.0,-0.0,-0.0,1.0,0.0,0.0,0,0,0,0,0,0,0,0,0,0,0
2025/05/07 10:37:54.536488770,1746607074,536156989,joy,-0.0,-0.0,1.0,-0.0,-0.0,1.0,0.0,0.0,0,0,0,0,0,0,0,0,0,0,0
2025/05/07 10:37:54.588426818,1746607074,588138450,joy,-0.0,-0.0,1.0,-0.0,-0.0,1.0,0.0,0.0,0,0,0,0,0,0,0,0,0,0,0
2025/05/07 10:37:54.638629283,1746607074,638339651,joy,-0.0,-0.0,1.0,-0.0,-0.0,1.0,0.0,0.0,0,0,0,0,0,0,0,0,0,0,0
2025/05/07 10:37:54.738613670,1746607074,738383403,joy,-0.0,-0.0,1.0,-0.0,-0.0,1.0,0.0,0.0,0,0,0,0,0,0,0,0,0,0,0
2025/05/07 10:37:54.838492589,1746607074,838000593,joy,-0.0,-0.0,1.0,-0.0,-0.0,1.0,0.0,0.0,0,0,0,0,0,0,0,0,0,0,0
2025/05/07 10:37:54.888861044,1746607074,888216580,joy,-0.0,-0.0,1.0,-0.0,-0.0,1.0,0.0,0.0,0,0,0,0,0,0,0,0,0,0,0
2025/05/07 10:37:54.940406821,1746607074,939470181,joy,-0.0,-0.0,1.0,-0.0,-0.0,1.0,0.0,0.0,0,0,0,0,0,0,0,0,0,0,0
2025/05/07 10:37:55.40228253,1746607075,39651389,joy,-0.0,-0.0,1.0,-0.0,-0.0,1.0,0.0,0.0,0,0,0,0,0,0,0,0,0,0,0
2025/05/07 10:37:55.140070285,1746607075,139323505,joy,-0.0,-0.0,1.0,-0.0,-0.0,1.0,0.0,0.0,0,0,0,0,0,0,0,0,0,0,0
2025/05/07 10:37:55.239481126,1746607075,239141593,joy,-0.0,-0.0,1.0,-0.0,-0.0,1.0,0.0,0.0,0,0,0,0,0,0,0,0,0,0,0
2025/05/07 10:37:55.290339442,1746607075,289238176,joy,-0.0,-0.0,1.0,-0.0,-0.0,1.0,0.0,0.0,0,0,0,0,0,0,0,0,0,0,0
2025/05/07 10:37:55.339833869,1746607075,339430890,joy,-0.0,-0.0,1.0,-0.0,-0.0,1.0,0.0,0.0,0,0,0,0,0,0,0,0,0,0,0
2025/05/07 10:37:55.439666430,1746607075,439394960,joy,-0.0,-0.0,1.0,-0.0,-0.0,1.0,0.0,0.0,0,0,0,0,0,0,0,0,0,0,0
2025/05/07 10:37:55.539498760,1746607075,539256388,joy,-0.0,-0.0,1.0,-0.0,-0.0,1.0,0.0,0.0,0,0,0,0,0,0,0,0,0,0,0
2025/05/07 10:37:55.639461807,1746607075,639107063,joy,-0.0,-0.0,1.0,-0.0,-0.0,1.0,0.0,0.0,0,0,0,0,0,0,0,0,0,0,0
2025/05/07 10:37:55.739824731,1746607075,739271626,joy,-0.0,-0.0,1.0,-0.0,-0.0,1.0,0.0,0.0,0,0,0,0,0,0,0,0,0,0,0
2025/05/07 10:37:55.839630878,1746607075,838807736,joy,-0.0,-0.0,1.0,-0.0,-0.0,1.0,0.0,0.0,0,0,0,0,0,0,0,0,0,0,0
2025/05/07 10:37:55.890047006,1746607075,889741974,joy,-0.0,-0.0,1.0,-0.0,-0.0,1.0,0.0,0.0,0,0,0,0,0,0,0,0,0,0,0
2025/05/07 10:37:55.943869969,1746607075,943608082,joy,-0.0,-0.0,1.0,-0.0,-0.0,1.0,0.0,0.0,0,0,0,0,0,0,0,0,0,0,0
2025/05/07 10:37:55.993969274,1746607075,993616524,joy,-0.0,-0.0,1.0,-0.0,-0.0,1.0,0.0,0.0,0,0,0,0,0,0,0,0,0,0,0
2025/05/07 10:37:56.94448106,1746607076,94121384,joy,-0.0,-0.0,1.0,-0.0,-0.0,1.0,0.0,0.0,0,0,0,0,0,0,0,0,0,0,0
2025/05/07 10:37:56.144531617,1746607076,144373352,joy,-0.0,-0.0,1.0,-0.0,-0.0,1.0,0.0,0.0,0,0,0,0,0,0,0,0,0,0,0
2025/05/07 10:37:56.197187690,1746607076,194625017,joy,-0.0,-0.0,1.0,-0.0,-0.0,1.0,0.0,0.0,0,0,0,0,0,0,0,0,0,0,0
2025/05/07 10:37:56.245336173,1746607076,244918432,joy,-0.0,-0.0,1.0,-0.0,-0.0,1.0,0.0,0.0,0,0,0,0,0,0,0,0,0,0,0
2025/05/07 10:37:56.295471237,1746607076,295115603,joy,-0.0,-0.0,1.0,-0.0,-0.0,1.0,0.0,0.0,0,0,0,0,0,0,0,0,0,0,0
2025/05/07 10:37:56.346109048,1746607076,345666700,joy,-0.0,-0.0,1.0,-0.0,-0.0,1.0,0.0,0.0,0,0,0,0,0,0,0,0,0,0,0
2025/05/07 10:37:56.396039449,1746607076,395788136,joy,-0.0,-0.0,1.0,-0.0,-0.0,1.0,0.0,0.0,0,0,0,0,0,0,0,0,0,0,0
2025/05/07 10:37:56.446879286,1746607076,446254834,joy,-0.0,-0.0,1.0,-0.0,-0.0,1.0,0.0,0.0,0,0,0,0,0,0,0,0,0,0,0
2025/05/07 10:37:56.546556635,1746607076,546227754,joy,-0.0,-0.0,1.0,-0.0,-0.0,1.0,0.0,0.0,0,0,0,0,0,0,0,0,0,0,0
2025/05/07 10:37:56.596597871,1746607076,596341302,joy,-0.0,-0.0,1.0,-0.0,-0.0,1.0,0.0,0.0,0,0,0,0,0,0,0,0,0,0,0
2025/05/07 10:37:56.646789668,1746607076,646458263,joy,-0.0,-0.0,1.0,-0.0,-0.0,1.0,0.0,0.0,0,0,0,0,0,0,0,0,0,0,0
2025/05/07 10:37:56.746696815,1746607076,745944962,joy,-0.0,-0.0,1.0,-0.0,-0.0,1.0,0.0,0.0,0,0,0,0,0,0,0,0,0,0,0
2025/05/07 10:37:56.846255592,1746607076,845948929,joy,-0.0,-0.0,1.0,-0.0,-0.0,1.0,0.0,0.0,0,0,0,0,0,0,0,0,0,0,0
2025/05/07 10:37:56.897544991,1746607076,897088138,joy,-0.0,-0.0,1.0,-0.0,-0.0,1.0,0.0,0.0,0,0,0,0,0,0,0,0,0,0,0
2025/05/07 10:37:56.947588317,1746607076,947255106,joy,-0.0,-0.0,1.0,-0.0,-0.0,1.0,0.0,0.0,0,0,0,0,0,0,0,0,0,0,0
2025/05/07 10:37:57.46561395,1746607077,46126257,joy,-0.0,-0.0,1.0,-0.0,-0.0,1.0,0.0,0.0,0,0,0,0,0,0,0,0,0,0,0
2025/05/07 10:37:57.96757803,1746607077,96325678,joy,-0.0,-0.0,1.0,-0.0,-0.0,1.0,0.0,0.0,0,0,0,0,0,0,0,0,0,0,0
2025/05/07 10:37:57.146765190,1746607077,146362773,joy,-0.0,-0.0,1.0,-0.0,-0.0,1.0,0.0,0.0,0,0,0,0,0,0,0,0,0,0,0
2025/05/07 10:37:57.246846761,1746607077,246255687,joy,-0.0,-0.0,1.0,-0.0,-0.0,1.0,0.0,0.0,0,0,0,0,0,0,0,0,0,0,0
2025/05/07 10:37:57.346667711,1746607077,346383944,joy,-0.0,-0.0,1.0,-0.0,-0.0,1.0,0.0,0.0,0,0,0,0,0,0,0,0,0,0,0
2025/05/07 10:37:57.446970137,1746607077,446495072,joy,-0.0,-0.0,1.0,-0.0,-0.0,1.0,0.0,0.0,0,0,0,0,0,0,0,0,0,0,0
2025/05/07 10:37:57.499262210,1746607077,497394203,joy,-0.0,-0.0,1.0,-0.0,-0.0,1.0,0.0,0.0,0,0,0,0,0,0,0,0,0,0,0
2025/05/07 10:37:57.550760161,1746607077,547701159,joy,-0.0,-0.0,1.0,-0.0,-0.0,1.0,0.0,0.0,0,0,0,0,0,0,0,0,0,0,0
2025/05/07 10:37:57.599378563,1746607077,598255356,joy,-0.0,-0.0,1.0,-0.0,-0.0,1.0,0.0,0.0,0,0,0,0,0,0,0,0,0,0,0
2025/05/07 10:37:57.698301033,1746607077,697841395,joy,-0.0,-0.0,1.0,-0.0,-0.0,1.0,0.0,0.0,0,0,0,0,0,0,0,0,0,0,0
2025/05/07 10:37:57.748509335,1746607077,748125219,joy,-0.0,-0.0,1.0,-0.0,-0.0,1.0,0.0,0.0,0,0,0,0,0,0,0,0,0,0,0
2025/05/07 10:37:57.848030847,1746607077,847762786,joy,-0.0,-0.0,1.0,-0.0,-0.0,1.0,0.0,0.0,0,0,0,0,0,0,0,0,0,0,0
2025/05/07 10:37:57.901493387,1746607077,899660743,joy,-0.0,-0.0,1.0,-0.0,-0.0,1.0,0.0,0.0,0,0,0,0,0,0,0,0,0,0,0
2025/05/07 10:37:57.950777508,1746607077,950000243,joy,-0.0,-0.0,1.0,-0.0,-0.0,1.0,0.0,0.0,0,0,0,0,0,0,0,0,0,0,0
2025/05/07 10:37:58.2299861,1746607078,174602,joy,-0.0,-0.0,1.0,-0.0,-0.0,1.0,0.0,0.0,0,0,0,0,0,0,0,0,0,0,0
2025/05/07 10:37:58.99525418,1746607078,99317000,joy,-0.0,-0.0,1.0,-0.0,-0.0,1.0,0.0,0.0,0,0,0,0,0,0,0,0,0,0,0
2025/05/07 10:37:58.174817723,1746607078,150164054,joy,-0.0,-0.0,1.0,-0.0,-0.0,1.0,0.0,0.0,0,0,0,0,0,0,0,0,0,0,0
2025/05/07 10:37:58.201886356,1746607078,200535113,joy,-0.0,-0.0,1.0,-0.0,-0.0,1.0,0.0,0.0,0,0,0,0,0,0,0,0,0,0,0
2025/05/07 10:37:58.252208308,1746607078,251863430,joy,-0.0,-0.0,1.0,-0.0,-0.0,1.0,0.0,0.0,0,0,0,0,0,0,0,0,0,0,0
2025/05/07 10:37:58.302542736,1746607078,302260788,joy,-0.0,-0.0,1.0,-0.0,-0.0,1.0,0.0,0.0,0,0,0,0,0,0,0,0,0,0,0
2025/05/07 10:37:58.402541071,1746607078,402240589,joy,-0.0,-0.0,1.0,-0.0,-0.0,1.0,0.0,0.0,0,0,0,0,0,0,0,0,0,0,0
2025/05/07 10:37:58.452670984,1746607078,452407938,joy,-0.0,-0.0,1.0,-0.0,-0.0,1.0,0.0,0.0,0,0,0,0,0,0,0,0,0,0,0
2025/05/07 10:37:58.502917480,1746607078,502540756,joy,-0.0,-0.0,1.0,-0.0,-0.0,1.0,0.0,0.0,0,0,0,0,0,0,0,0,0,0,0
2025/05/07 10:37:58.553473723,1746607078,553082712,joy,-0.0,-0.0,1.0,-0.0,-0.0,1.0,0.0,0.0,0,0,0,0,0,0,0,0,0,0,0
2025/05/07 10:37:58.604619853,1746607078,604300760,joy,-0.0,-0.0,1.0,-0.0,-0.0,1.0,0.0,0.0,0,0,0,0,0,0,0,0,0,0,0
2025/05/07 10:37:58.655174276,1746607078,654628237,joy,-0.0,-0.0,1.0,-0.0,-0.0,1.0,0.0,0.0,0,0,0,0,0,0,0,0,0,0,0
2025/05/07 10:37:58.705759477,1746607078,705304914,joy,-0.0,-0.0,1.0,-0.0,-0.0,1.0,0.0,0.0,0,0,0,0,0,0,0,0,0,0,0
2025/05/07 10:37:58.755887178,1746607078,755446941,joy,-0.0,-0.0,1.0,-0.0,-0.0,1.0,0.0,0.0,0,0,0,0,0,0,0,0,0,0,0
2025/05/07 10:37:58.806560556,1746607078,806239491,joy,-0.0,-0.0,1.0,-0.0,-0.0,1.0,0.0,0.0,0,0,0,0,0,0,0,0,0,0,0
2025/05/07 10:37:58.908350968,1746607078,908030947,joy,-0.0,-0.0,1.0,-0.0,-0.0,1.0,0.0,0.0,0,0,0,0,0,0,0,0,0,0,0
2025/05/07 10:37:59.8539244,1746607079,8197791,joy,-0.0,-0.0,1.0,-0.0,-0.0,1.0,0.0,0.0,0,0,0,0,0,0,0,0,0,0,0
2025/05/07 10:37:59.106969723,1746607079,106743534,joy,-0.0,-0.0,1.0,-0.0,-0.0,1.0,0.0,0.0,0,0,0,0,0,0,0,0,0,0,0
2025/05/07 10:37:59.157351360,1746607079,157049928,joy,-0.0,-0.0,1.0,-0.0,-0.0,1.0,0.0,0.0,0,0,0,0,0,0,0,0,0,0,0
2025/05/07 10:37:59.257106799,1746607079,256642721,joy,-0.0,-0.0,1.0,-0.0,-0.0,1.0,0.0,0.0,0,0,0,0,0,0,0,0,0,0,0
2025/05/07 10:37:59.307072842,1746607079,306741948,joy,-0.0,-0.0,1.0,-0.0,-0.0,1.0,0.0,0.0,0,0,0,0,0,0,0,0,0,0,0
2025/05/07 10:37:59.357473596,1746607079,357191330,joy,-0.0,-0.0,1.0,-0.0,-0.0,1.0,0.0,0.0,0,0,0,0,0,0,0,0,0,0,0
2025/05/07 10:37:59.408525725,1746607079,408189306,joy,-0.0,-0.0,1.0,-0.0,-0.0,1.0,0.0,0.0,0,0,0,0,0,0,0,0,0,0,0
2025/05/07 10:37:59.507987353,1746607079,507617638,joy,-0.0,-0.0,1.0,-0.0,-0.0,1.0,0.0,0.0,0,0,0,0,0,0,0,0,0,0,0
2025/05/07 10:37:59.558950846,1746607079,558679771,joy,-0.0,-0.0,1.0,-0.0,-0.0,1.0,0.0,0.0,0,0,0,0,0,0,0,0,0,0,0
2025/05/07 10:37:59.609142746,1746607079,608846125,joy,-0.0,-0.0,1.0,-0.0,-0.0,1.0,0.0,0.0,0,0,0,0,0,0,0,0,0,0,0
2025/05/07 10:37:59.709801176,1746607079,709497918,joy,-0.0,-0.0,1.0,-0.0,-0.0,1.0,0.0,0.0,0,0,0,0,0,0,0,0,0,0,0
2025/05/07 10:37:59.809728305,1746607079,809366267,joy,-0.0,-0.0,1.0,-0.0,-0.0,1.0,0.0,0.0,0,0,0,0,0,0,0,0,0,0,0
2025/05/07 10:37:59.860007778,1746607079,859509059,joy,-0.0,-0.0,1.0,-0.0,-0.0,1.0,0.0,0.0,0,0,0,0,0,0,0,0,0,0,0
2025/05/07 10:37:59.911012169,1746607079,910634344,joy,-0.0,-0.0,1.0,-0.0,-0.0,1.0,0.0,0.0,0,0,0,0,0,0,0,0,0,0,0
2025/05/07 10:37:59.961812151,1746607079,961513634,joy,-0.0,-0.0,1.0,-0.0,-0.0,1.0,0.0,0.0,0,0,0,0,0,0,0,0,0,0,0
2025/05/07 10:38:00.12003029,1746607080,11658113,joy,-0.0,-0.0,1.0,-0.0,-0.0,1.0,0.0,0.0,0,0,0,0,0,0,0,0,0,0,0
2025/05/07 10:38:00.112709799,1746607080,112398722,joy,-0.0,-0.0,1.0,-0.0,-0.0,1.0,0.0,0.0,0,0,0,0,0,0,0,0,0,0,0
2025/05/07 10:38:00.162664129,1746607080,162401242,joy,-0.0,-0.0,1.0,-0.0,-0.0,1.0,0.0,0.0,0,0,0,0,0,0,0,0,0,0,0
2025/05/07 10:38:00.262241720,1746607080,261985142,joy,-0.0,-0.0,1.0,-0.0,-0.0,1.0,0.0,0.0,0,0,0,0,0,0,0,0,0,0,0
2025/05/07 10:38:00.312927886,1746607080,312603351,joy,-0.0,-0.0,1.0,-0.0,-0.0,1.0,0.0,0.0,0,0,0,0,0,0,0,0,0,0,0
2025/05/07 10:38:00.363093027,1746607080,362725776,joy,-0.0,-0.0,1.0,-0.0,-0.0,1.0,0.0,0.0,0,0,0,0,0,0,0,0,0,0,0
2025/05/07 10:38:00.463255947,1746607080,462940073,joy,-0.0,-0.0,1.0,-0.0,-0.0,1.0,0.0,0.0,0,0,0,0,0,0,0,0,0,0,0
2025/05/07 10:38:00.513780254,1746607080,513081229,joy,-0.0,-0.0,1.0,-0.0,-0.0,1.0,0.0,0.0,0,0,0,0,0,0,0,0,0,0,0
2025/05/07 10:38:00.565304331,1746607080,564993356,joy,-0.0,-0.0,1.0,-0.0,-0.0,1.0,0.0,0.0,0,0,0,0,0,0,0,0,0,0,0
2025/05/07 10:38:00.617913245,1746607080,617607196,joy,-0.0,-0.0,1.0,-0.0,-0.0,1.0,0.0,0.0,0,0,0,0,0,0,0,0,0,0,0
2025/05/07 10:38:00.668783805,1746607080,668212776,joy,-0.0,-0.0,1.0,-0.0,-0.0,1.0,0.0,0.0,0,0,0,0,0,0,0,0,0,0,0
2025/05/07 10:38:00.768609509,1746607080,768198513,joy,-0.0,-0.0,1.0,-0.0,-0.0,1.0,0.0,0.0,0,0,0,0,0,0,0,0,0,0,0
2025/05/07 10:38:00.869158141,1746607080,867854737,joy,-0.0,-0.0,1.0,-0.0,-0.0,1.0,0.0,0.0,0,0,0,0,0,0,0,0,0,0,0
2025/05/07 10:38:00.920915140,1746607080,919896777,joy,-0.0,-0.0,1.0,-0.0,-0.0,1.0,0.0,0.0,0,0,0,0,0,0,0,0,0,0,0
2025/05/07 10:38:00.970291743,1746607080,970054002,joy,-0.0,-0.0,1.0,-0.0,-0.0,1.0,0.0,0.0,0,0,0,0,0,0,0,0,0,0,0
2025/05/07 10:38:01.20942889,1746607081,20530108,joy,-0.0,-0.0,1.0,-0.0,-0.0,1.0,0.0,0.0,0,0,0,0,0,0,0,0,0,0,0
2025/05/07 10:38:01.119083568,1746607081,118726509,joy,-0.0,-0.0,1.0,-0.0,-0.0,1.0,0.0,0.0,0,0,0,0,0,0,0,0,0,0,0
2025/05/07 10:38:01.170379047,1746607081,169455033,joy,-0.0,-0.0,1.0,-0.0,-0.0,1.0,0.0,0.0,0,0,0,0,0,0,0,0,0,0,0
2025/05/07 10:38:01.220028734,1746607081,219579740,joy,-0.0,-0.0,1.0,-0.0,-0.0,1.0,0.0,0.0,0,0,0,0,0,0,0,0,0,0,0
2025/05/07 10:38:01.270692963,1746607081,270376681,joy,-0.0,-0.0,1.0,-0.0,-0.0,1.0,0.0,0.0,0,0,0,0,0,0,0,0,0,0,0
2025/05/07 10:38:01.321177743,1746607081,320924976,joy,-0.0,-0.0,1.0,-0.0,-0.0,1.0,0.0,0.0,0,0,0,0,0,0,0,0,0,0,0
2025/05/07 10:38:01.421170896,1746607081,420831051,joy,-0.0,-0.0,1.0,-0.0,-0.0,1.0,0.0,0.0,0,0,0,0,0,0,0,0,0,0,0
2025/05/07 10:38:01.471484491,1746607081,471171585,joy,-0.0,-0.0,1.0,-0.0,-0.0,1.0,0.0,0.0,0,0,0,0,0,0,0,0,0,0,0
2025/05/07 10:38:01.524422910,1746607081,521251962,joy,-0.0,-0.0,1.0,-0.0,-0.0,1.0,0.0,0.0,0,0,0,0,0,0,0,0,0,0,0
2025/05/07 10:38:01.572099478,1746607081,571604199,joy,-0.0,-0.0,1.0,-0.0,-0.0,1.0,0.0,0.0,0,0,0,0,0,0,0,0,0,0,0
2025/05/07 10:38:01.623009448,1746607081,622495620,joy,-0.0,-0.0,1.0,-0.0,-0.0,1.0,0.0,0.0,0,0,0,0,0,0,0,0,0,0,0
2025/05/07 10:38:01.722447849,1746607081,722128968,joy,-0.0,-0.0,1.0,-0.0,-0.0,1.0,0.0,0.0,0,0,0,0,0,0,0,0,0,0,0
2025/05/07 10:38:01.772910134,1746607081,772534309,joy,-0.0,-0.0,1.0,-0.0,-0.0,1.0,0.0,0.0,0,0,0,0,0,0,0,0,0,0,0
2025/05/07 10:38:01.827161020,1746607081,826216695,joy,-0.0,-0.0,1.0,-0.0,-0.0,1.0,0.0,0.0,0,0,0,0,0,0,0,0,0,0,0
2025/05/07 10:38:01.927460563,1746607081,927130378,joy,-0.0,-0.0,1.0,-0.0,-0.0,1.0,0.0,0.0,0,0,0,0,0,0,0,0,0,0,0
2025/05/07 10:38:02.30431966,1746607082,30082936,joy,-0.0,-0.0,1.0,-0.0,-0.0,1.0,0.0,0.0,0,0,0,0,0,0,0,0,0,0,0
2025/05/07 10:38:02.129655366,1746607082,129343994,joy,-0.0,-0.0,1.0,-0.0,-0.0,1.0,0.0,0.0,0,0,0,0,0,0,0,0,0,0,0
2025/05/07 10:38:02.179760297,1746607082,179511086,joy,-0.0,-0.0,1.0,-0.0,-0.0,1.0,0.0,0.0,0,0,0,0,0,0,0,0,0,0,0
2025/05/07 10:38:02.280039952,1746607082,278766803,joy,-0.0,-0.0,1.0,-0.0,-0.0,1.0,0.0,0.0,0,0,0,0,0,0,0,0,0,0,0
2025/05/07 10:38:02.329982458,1746607082,329162125,joy,-0.0,-0.0,1.0,-0.0,-0.0,1.0,0.0,0.0,0,0,0,0,0,0,0,0,0,0,0
2025/05/07 10:38:02.430388693,1746607082,430063112,joy,-0.0,-0.0,1.0,-0.0,-0.0,1.0,0.0,0.0,0,0,0,0,0,0,0,0,0,0,0
2025/05/07 10:38:02.481495771,1746607082,480627095,joy,-0.0,-0.0,1.0,-0.0,-0.0,1.0,0.0,0.0,0,0,0,0,0,0,0,0,0,0,0
2025/05/07 10:38:02.531847806,1746607082,531542601,joy,-0.0,-0.0,1.0,-0.0,-0.0,1.0,0.0,0.0,0,0,0,0,0,0,0,0,0,0,0
2025/05/07 10:38:02.582070675,1746607082,581881019,joy,-0.0,-0.0,1.0,-0.0,-0.0,1.0,0.0,0.0,0,0,0,0,0,0,0,0,0,0,0
2025/05/07 10:38:02.638435779,1746607082,634067853,joy,-0.0,-0.0,1.0,-0.0,-0.0,1.0,0.0,0.0,0,0,0,0,0,0,0,0,0,0,0
2025/05/07 10:38:02.684802758,1746607082,684359545,joy,-0.0,-0.0,1.0,-0.0,-0.0,1.0,0.0,0.0,0,0,0,0,0,0,0,0,0,0,0
2025/05/07 10:38:02.784354374,1746607082,783748270,joy,-0.0,-0.0,1.0,-0.0,-0.0,1.0,0.0,0.0,0,0,0,0,0,0,0,0,0,0,0
2025/05/07 10:38:02.835399782,1746607082,834427425,joy,-0.0,-0.0,1.0,-0.0,-0.0,1.0,0.0,0.0,0,0,0,0,0,0,0,0,0,0,0
2025/05/07 10:38:02.886054361,1746607082,885662149,joy,-0.0,-0.0,1.0,-0.0,-0.0,1.0,0.0,0.0,0,0,0,0,0,0,0,0,0,0,0
2025/05/07 10:38:02.937614953,1746607082,937333476,joy,-0.0,-0.0,1.0,-0.0,-0.0,1.0,0.0,0.0,0,0,0,0,0,0,0,0,0,0,0
2025/05/07 10:38:02.988600912,1746607082,987722774,joy,-0.0,-0.0,1.0,-0.0,-0.0,1.0,0.0,0.0,0,0,0,0,0,0,0,0,0,0,0
2025/05/07 10:38:03.39079103,1746607083,38673866,joy,-0.0,-0.0,1.0,-0.0,-0.0,1.0,0.0,0.0,0,0,0,0,0,0,0,0,0,0,0
2025/05/07 10:38:03.139182715,1746607083,138970665,joy,-0.0,-0.0,1.0,-0.0,-0.0,1.0,0.0,0.0,0,0,0,0,0,0,0,0,0,0,0
2025/05/07 10:38:03.189772886,1746607083,189527622,joy,-0.0,-0.0,1.0,-0.0,-0.0,1.0,0.0,0.0,0,0,0,0,0,0,0,0,0,0,0
2025/05/07 10:38:03.288975213,1746607083,288702050,joy,-0.0,-0.0,1.0,-0.0,-0.0,1.0,0.0,0.0,0,0,0,0,0,0,0,0,0,0,0
2025/05/07 10:38:03.339292738,1746607083,339022465,joy,-0.0,-0.0,1.0,-0.0,-0.0,1.0,0.0,0.0,0,0,0,0,0,0,0,0,0,0,0
2025/05/07 10:38:03.389925178,1746607083,389628866,joy,-0.0,-0.0,1.0,-0.0,-0.0,1.0,0.0,0.0,0,0,0,0,0,0,0,0,0,0,0
2025/05/07 10:38:03.440396667,1746607083,439957810,joy,-0.0,-0.0,1.0,-0.0,-0.0,1.0,0.0,0.0,0,0,0,0,0,0,0,0,0,0,0
2025/05/07 10:38:03.541225471,1746607083,540252819,joy,-0.0,-0.0,1.0,-0.0,-0.0,1.0,0.0,0.0,0,0,0,0,0,0,0,0,0,0,0
2025/05/07 10:38:03.590922682,1746607083,590582453,joy,-0.0,-0.0,1.0,-0.0,-0.0,1.0,0.0,0.0,0,0,0,0,0,0,0,0,0,0,0
2025/05/07 10:38:03.641101917,1746607083,640648204,joy,-0.0,-0.0,1.0,-0.0,-0.0,1.0,0.0,0.0,0,0,0,0,0,0,0,0,0,0,0
2025/05/07 10:38:03.691390800,1746607083,691051844,joy,-0.0,-0.0,1.0,-0.0,-0.0,1.0,0.0,0.0,0,0,0,0,0,0,0,0,0,0,0
2025/05/07 10:38:03.741403126,1746607083,741117752,joy,-0.0,-0.0,1.0,-0.0,-0.0,1.0,0.0,0.0,0,0,0,0,0,0,0,0,0,0,0
2025/05/07 10:38:03.842621412,1746607083,841829469,joy,-0.0,-0.0,1.0,-0.0,-0.0,1.0,0.0,0.0,0,0,0,0,0,0,0,0,0,0,0
2025/05/07 10:38:03.944059584,1746607083,943578199,joy,-0.0,-0.0,1.0,-0.0,-0.0,1.0,0.0,0.0,0,0,0,0,0,0,0,0,0,0,0
2025/05/07 10:38:03.994510223,1746607083,994003818,joy,-0.0,-0.0,1.0,-0.0,-0.0,1.0,0.0,0.0,0,0,0,0,0,0,0,0,0,0,0
2025/05/07 10:38:04.94200720,1746607084,93799127,joy,-0.0,-0.0,1.0,-0.0,-0.0,1.0,0.0,0.0,0,0,0,0,0,0,0,0,0,0,0
2025/05/07 10:38:04.144429223,1746607084,143919159,joy,-0.0,-0.0,1.0,-0.0,-0.0,1.0,0.0,0.0,0,0,0,0,0,0,0,0,0,0,0
2025/05/07 10:38:04.194900562,1746607084,194556650,joy,-0.0,-0.0,1.0,-0.0,-0.0,1.0,0.0,0.0,0,0,0,0,0,0,0,0,0,0,0
2025/05/07 10:38:04.245189949,1746607084,244750633,joy,-0.0,-0.0,1.0,-0.0,-0.0,1.0,0.0,0.0,0,0,0,0,0,0,0,0,0,0,0
2025/05/07 10:38:04.297422539,1746607084,296968587,joy,-0.0,-0.0,1.0,-0.0,-0.0,1.0,0.0,0.0,0,0,0,0,0,0,0,0,0,0,0
2025/05/07 10:38:04.348016991,1746607084,347702752,joy,-0.0,-0.0,1.0,-0.0,-0.0,1.0,0.0,0.0,0,0,0,0,0,0,0,0,0,0,0
2025/05/07 10:38:04.398639797,1746607084,398363251,joy,-0.0,-0.0,1.0,-0.0,-0.0,1.0,0.0,0.0,0,0,0,0,0,0,0,0,0,0,0
2025/05/07 10:38:04.498491436,1746607084,498166978,joy,-0.0,-0.0,1.0,-0.0,-0.0,1.0,0.0,0.0,0,0,0,0,0,0,0,0,0,0,0
2025/05/07 10:38:04.549111256,1746607084,548676619,joy,-0.0,-0.0,1.0,-0.0,-0.0,1.0,0.0,0.0,0,0,0,0,0,0,0,0,0,0,0
2025/05/07 10:38:04.600022680,1746607084,598812969,joy,-0.0,-0.0,1.0,-0.0,-0.0,1.0,0.0,0.0,0,0,0,0,0,0,0,0,0,0,0
2025/05/07 10:38:04.649522821,1746607084,649276662,joy,-0.0,-0.0,1.0,-0.0,-0.0,1.0,0.0,0.0,0,0,0,0,0,0,0,0,0,0,0
2025/05/07 10:38:04.749705092,1746607084,749124755,joy,-0.0,-0.0,1.0,-0.0,-0.0,1.0,0.0,0.0,0,0,0,0,0,0,0,0,0,0,0
2025/05/07 10:38:04.850776603,1746607084,849844521,joy,-0.0,-0.0,1.0,-0.0,-0.0,1.0,0.0,0.0,0,0,0,0,0,0,0,0,0,0,0
2025/05/07 10:38:04.902524647,1746607084,902142550,joy,-0.0,-0.0,1.0,-0.0,-0.0,1.0,0.0,0.0,0,0,0,0,0,0,0,0,0,0,0
2025/05/07 10:38:04.953122140,1746607084,952425553,joy,-0.0,-0.0,1.0,-0.0,-0.0,1.0,0.0,0.0,0,0,0,0,0,0,0,0,0,0,0
2025/05/07 10:38:05.50977877,1746607085,50743400,joy,-0.0,-0.0,1.0,-0.0,-0.0,1.0,0.0,0.0,0,0,0,0,0,0,0,0,0,0,0
2025/05/07 10:38:05.101211673,1746607085,100823537,joy,-0.0,-0.0,1.0,-0.0,-0.0,1.0,0.0,0.0,0,0,0,0,0,0,0,0,0,0,0
2025/05/07 10:38:05.152046250,1746607085,151640014,joy,-0.0,-0.0,1.0,-0.0,-0.0,1.0,0.0,0.0,0,0,0,0,0,0,0,0,0,0,0
2025/05/07 10:38:05.203926206,1746607085,203643500,joy,-0.0,-0.0,1.0,-0.0,-0.0,1.0,0.0,0.0,0,0,0,0,0,0,0,0,0,0,0
2025/05/07 10:38:05.254653242,1746607085,254300665,joy,-0.0,-0.0,1.0,-0.0,-0.0,1.0,0.0,0.0,0,0,0,0,0,0,0,0,0,0,0
2025/05/07 10:38:05.354787604,1746607085,354478810,joy,-0.0,-0.0,1.0,-0.0,-0.0,1.0,0.0,0.0,0,0,0,0,0,0,0,0,0,0,0
2025/05/07 10:38:05.455031766,1746607085,454665978,joy,-0.0,-0.0,1.0,-0.0,-0.0,1.0,0.0,0.0,0,0,0,0,0,0,0,0,0,0,0
2025/05/07 10:38:05.506558128,1746607085,505382243,joy,-0.0,-0.0,1.0,-0.0,-0.0,1.0,0.0,0.0,0,0,0,0,0,0,0,0,0,0,0
2025/05/07 10:38:05.556441166,1746607085,556193396,joy,-0.0,-0.0,1.0,-0.0,-0.0,1.0,0.0,0.0,0,0,0,0,0,0,0,0,0,0,0
2025/05/07 10:38:05.610358238,1746607085,606394082,joy,-0.0,-0.0,1.0,-0.0,-0.0,1.0,0.0,0.0,0,0,0,0,0,0,0,0,0,0,0
2025/05/07 10:38:05.707832028,1746607085,706617506,joy,-0.0,-0.0,1.0,-0.0,-0.0,1.0,0.0,0.0,0,0,0,0,0,0,0,0,0,0,0
2025/05/07 10:38:05.757173693,1746607085,756854449,joy,-0.0,-0.0,1.0,-0.0,-0.0,1.0,0.0,0.0,0,0,0,0,0,0,0,0,0,0,0
2025/05/07 10:38:05.807590447,1746607085,807328378,joy,-0.0,-0.0,1.0,-0.0,-0.0,1.0,0.0,0.0,0,0,0,0,0,0,0,0,0,0,0
2025/05/07 10:38:05.908644196,1746607085,908232641,joy,-0.0,-0.0,1.0,-0.0,-0.0,1.0,0.0,0.0,0,0,0,0,0,0,0,0,0,0,0
2025/05/07 10:38:05.959320243,1746607085,958769289,joy,-0.0,-0.0,1.0,-0.0,-0.0,1.0,0.0,0.0,0,0,0,0,0,0,0,0,0,0,0
2025/05/07 10:38:06.10406348,1746607086,10074257,joy,-0.0,-0.0,1.0,-0.0,-0.0,1.0,0.0,0.0,0,0,0,0,0,0,0,0,0,0,0
2025/05/07 10:38:06.63469618,1746607086,62072723,joy,-0.0,-0.0,1.0,-0.0,-0.0,1.0,0.0,0.0,0,0,0,0,0,0,0,0,0,0,0
2025/05/07 10:38:06.115514827,1746607086,112327953,joy,-0.0,-0.0,1.0,-0.0,-0.0,1.0,0.0,0.0,0,0,0,0,0,0,0,0,0,0,0
2025/05/07 10:38:06.212933072,1746607086,212675829,joy,-0.0,-0.0,1.0,-0.0,-0.0,1.0,0.0,0.0,0,0,0,0,0,0,0,0,0,0,0
2025/05/07 10:38:06.264136182,1746607086,263613124,joy,-0.0,-0.0,1.0,-0.0,-0.0,1.0,0.0,0.0,0,0,0,0,0,0,0,0,0,0,0
2025/05/07 10:38:06.314791157,1746607086,314452999,joy,-0.0,-0.0,1.0,-0.0,-0.0,1.0,0.0,0.0,0,0,0,0,0,0,0,0,0,0,0
2025/05/07 10:38:06.365789911,1746607086,365396279,joy,-0.0,-0.0,1.0,-0.0,-0.0,1.0,0.0,0.0,0,0,0,0,0,0,0,0,0,0,0
2025/05/07 10:38:06.466436563,1746607086,466071442,joy,-0.0,-0.0,1.0,-0.0,-0.0,1.0,0.0,0.0,0,0,0,0,0,0,0,0,0,0,0
2025/05/07 10:38:06.517656967,1746607086,516095005,joy,-0.0,-0.0,1.0,-0.0,-0.0,1.0,0.0,0.0,0,0,0,0,0,0,0,0,0,0,0
2025/05/07 10:38:06.616864608,1746607086,616545133,joy,-0.0,-0.0,1.0,-0.0,-0.0,1.0,0.0,0.0,0,0,0,0,0,0,0,0,0,0,0
2025/05/07 10:38:06.667783033,1746607086,667518326,joy,-0.0,-0.0,1.0,-0.0,-0.0,1.0,0.0,0.0,0,0,0,0,0,0,0,0,0,0,0
2025/05/07 10:38:06.718175672,1746607086,717678262,joy,-0.0,-0.0,1.0,-0.0,-0.0,1.0,0.0,0.0,0,0,0,0,0,0,0,0,0,0,0
2025/05/07 10:38:06.768975370,1746607086,768531262,joy,-0.0,-0.0,1.0,-0.0,-0.0,1.0,0.0,0.0,0,0,0,0,0,0,0,0,0,0,0
2025/05/07 10:38:06.869771719,1746607086,868696804,joy,-0.0,-0.0,1.0,-0.0,-0.0,1.0,0.0,0.0,0,0,0,0,0,0,0,0,0,0,0
2025/05/07 10:38:06.922054415,1746607086,920514957,joy,-0.0,-0.0,1.0,-0.0,-0.0,1.0,0.0,0.0,0,0,0,0,0,0,0,0,0,0,0
2025/05/07 10:38:07.20574267,1746607087,20363912,joy,-0.0,-0.0,1.0,-0.0,-0.0,1.0,0.0,0.0,0,0,0,0,0,0,0,0,0,0,0
2025/05/07 10:38:07.120523725,1746607087,119489990,joy,-0.0,-0.0,1.0,-0.0,-0.0,1.0,0.0,0.0,0,0,0,0,0,0,0,0,0,0,0
2025/05/07 10:38:07.170823087,1746607087,170566825,joy,-0.0,-0.0,1.0,-0.0,-0.0,1.0,0.0,0.0,0,0,0,0,0,0,0,0,0,0,0
2025/05/07 10:38:07.223767140,1746607087,221085788,joy,-0.0,-0.0,1.0,-0.0,-0.0,1.0,0.0,0.0,0,0,0,0,0,0,0,0,0,0,0
2025/05/07 10:38:07.274500056,1746607087,273629738,joy,-0.0,-0.0,1.0,-0.0,-0.0,1.0,0.0,0.0,0,0,0,0,0,0,0,0,0,0,0
2025/05/07 10:38:07.324502535,1746607087,324228329,joy,-0.0,-0.0,1.0,-0.0,-0.0,1.0,0.0,0.0,0,0,0,0,0,0,0,0,0,0,0
2025/05/07 10:38:07.425375265,1746607087,424877539,joy,-0.0,-0.0,1.0,-0.0,-0.0,1.0,0.0,0.0,0,0,0,0,0,0,0,0,0,0,0
2025/05/07 10:38:07.525183538,1746607087,524661191,joy,-0.0,-0.0,1.0,-0.0,-0.0,1.0,0.0,0.0,0,0,0,0,0,0,0,0,0,0,0
2025/05/07 10:38:07.575300290,1746607087,574927859,joy,-0.0,-0.0,1.0,-0.0,-0.0,1.0,0.0,0.0,0,0,0,0,0,0,0,0,0,0,0
2025/05/07 10:38:07.675730464,1746607087,675311972,joy,-0.0,-0.0,1.0,-0.0,-0.0,1.0,0.0,0.0,0,0,0,0,0,0,0,0,0,0,0
2025/05/07 10:38:07.775582290,1746607087,774726655,joy,-0.0,-0.0,1.0,-0.0,-0.0,1.0,0.0,0.0,0,0,0,0,0,0,0,0,0,0,0
2025/05/07 10:38:07.826318033,1746607087,825123671,joy,-0.0,-0.0,1.0,-0.0,-0.0,1.0,0.0,0.0,0,0,0,0,0,0,0,0,0,0,0
2025/05/07 10:38:07.875632781,1746607087,875185565,joy,-0.0,-0.0,1.0,-0.0,-0.0,1.0,0.0,0.0,0,0,0,0,0,0,0,0,0,0,0
2025/05/07 10:38:07.927286640,1746607087,926788575,joy,-0.0,-0.0,1.0,-0.0,-0.0,1.0,0.0,0.0,0,0,0,0,0,0,0,0,0,0,0
2025/05/07 10:38:07.978676478,1746607087,977462612,joy,-0.0,-0.0,1.0,-0.0,-0.0,1.0,0.0,0.0,0,0,0,0,0,0,0,0,0,0,0
2025/05/07 10:38:08.29768558,1746607088,28190180,joy,-0.0,-0.0,1.0,-0.0,-0.0,1.0,0.0,0.0,0,0,0,0,0,0,0,0,0,0,0
2025/05/07 10:38:08.127413372,1746607088,127142951,joy,-0.0,-0.0,1.0,-0.0,-0.0,1.0,0.0,0.0,0,0,0,0,0,0,0,0,0,0,0
2025/05/07 10:38:08.228235559,1746607088,227817320,joy,-0.0,-0.0,1.0,-0.0,-0.0,1.0,0.0,0.0,0,0,0,0,0,0,0,0,0,0,0
2025/05/07 10:38:08.278558253,1746607088,278159507,joy,-0.0,-0.0,1.0,-0.0,-0.0,1.0,0.0,0.0,0,0,0,0,0,0,0,0,0,0,0
2025/05/07 10:38:08.379189542,1746607088,378758453,joy,-0.0,-0.0,1.0,-0.0,-0.0,1.0,0.0,0.0,0,0,0,0,0,0,0,0,0,0,0
2025/05/07 10:38:08.430679396,1746607088,429090804,joy,-0.0,-0.0,1.0,-0.0,-0.0,1.0,0.0,0.0,0,0,0,0,0,0,0,0,0,0,0
2025/05/07 10:38:08.480297603,1746607088,479538328,joy,-0.0,-0.0,1.0,-0.0,-0.0,1.0,0.0,0.0,0,0,0,0,0,0,0,0,0,0,0
2025/05/07 10:38:08.607460795,1746607088,579343535,joy,-0.0,-0.0,1.0,-0.0,-0.0,1.0,0.0,0.0,0,0,0,0,0,0,0,0,0,0,0
2025/05/07 10:38:08.679239222,1746607088,678820463,joy,-0.0,-0.0,1.0,-0.0,-0.0,1.0,0.0,0.0,0,0,0,0,0,0,0,0,0,0,0
2025/05/07 10:38:08.729406510,1746607088,729108288,joy,-0.0,-0.0,1.0,-0.0,-0.0,1.0,0.0,0.0,0,0,0,0,0,0,0,0,0,0,0
2025/05/07 10:38:08.780817975,1746607088,779137344,joy,-0.0,-0.0,1.0,-0.0,-0.0,1.0,0.0,0.0,0,0,0,0,0,0,0,0,0,0,0
2025/05/07 10:38:08.881263240,1746607088,879275959,joy,-0.0,-0.0,1.0,-0.0,-0.0,1.0,0.0,0.0,0,0,0,0,0,0,0,0,0,0,0
2025/05/07 10:38:08.930457690,1746607088,930054341,joy,-0.0,-0.0,1.0,-0.0,-0.0,1.0,0.0,0.0,0,0,0,0,0,0,0,0,0,0,0
2025/05/07 10:38:09.30613941,1746607089,30292968,joy,-0.0,-0.0,1.0,-0.0,-0.0,1.0,0.0,0.0,0,0,0,0,0,0,0,0,0,0,0
2025/05/07 10:38:09.132681034,1746607089,129779519,joy,-0.0,-0.0,1.0,-0.0,-0.0,1.0,0.0,0.0,0,0,0,0,0,0,0,0,0,0,0
2025/05/07 10:38:09.229970750,1746607089,229665437,joy,-0.0,-0.0,1.0,-0.0,-0.0,1.0,0.0,0.0,0,0,0,0,0,0,0,0,0,0,0
2025/05/07 10:38:09.280578075,1746607089,280186084,joy,-0.0,-0.0,1.0,-0.0,-0.0,1.0,0.0,0.0,0,0,0,0,0,0,0,0,0,0,0
2025/05/07 10:38:09.395380601,1746607089,379942922,joy,-0.0,-0.0,1.0,-0.0,-0.0,1.0,0.0,0.0,0,0,0,0,0,0,0,0,0,0,0
2025/05/07 10:38:09.480115904,1746607089,479832968,joy,-0.0,-0.0,1.0,-0.0,-0.0,1.0,0.0,0.0,0,0,0,0,0,0,0,0,0,0,0
2025/05/07 10:38:09.534148389,1746607089,532037927,joy,-0.0,-0.0,1.0,-0.0,-0.0,1.0,0.0,0.0,0,0,0,0,0,0,0,0,0,0,0
2025/05/07 10:38:09.582363705,1746607089,582056185,joy,-0.0,-0.0,1.0,-0.0,-0.0,1.0,0.0,0.0,0,0,0,0,0,0,0,0,0,0,0
2025/05/07 10:38:09.632432331,1746607089,632103630,joy,-0.0,-0.0,1.0,-0.0,-0.0,1.0,0.0,0.0,0,0,0,0,0,0,0,0,0,0,0
2025/05/07 10:38:09.683618660,1746607089,682999068,joy,-0.0,-0.0,1.0,-0.0,-0.0,1.0,0.0,0.0,0,0,0,0,0,0,0,0,0,0,0
2025/05/07 10:38:09.784424782,1746607089,782821142,joy,-0.0,-0.0,1.0,-0.0,-0.0,1.0,0.0,0.0,0,0,0,0,0,0,0,0,0,0,0
2025/05/07 10:38:09.833772514,1746607089,833405584,joy,-0.0,-0.0,1.0,-0.0,-0.0,1.0,0.0,0.0,0,0,0,0,0,0,0,0,0,0,0
2025/05/07 10:38:09.890133870,1746607089,889595874,joy,-0.0,-0.0,1.0,-0.0,-0.0,1.0,0.0,0.0,1,0,0,0,0,0,0,0,0,0,0
2025/05/07 10:38:09.941726508,1746607089,941071183,joy,-0.0,-0.0,1.0,-0.0,-0.0,1.0,0.0,0.0,1,0,0,0,0,0,0,0,0,0,0
2025/05/07 10:38:09.991670379,1746607089,991118482,joy,-0.0,-0.0,1.0,-0.0,-0.0,1.0,0.0,0.0,1,0,0,0,0,0,0,0,0,0,0
2025/05/07 10:38:10.42137109,1746607090,41440207,joy,-0.0,-0.0,1.0,-0.0,-0.0,1.0,0.0,0.0,1,0,0,0,0,0,0,0,0,0,0
2025/05/07 10:38:10.143594878,1746607090,139644973,joy,-0.0,-0.0,1.0,-0.0,-0.0,1.0,0.0,0.0,1,0,0,0,0,0,0,0,0,0,0
2025/05/07 10:38:10.154373805,1746607090,153526171,joy,-0.0,-0.0,1.0,-0.0,-0.0,1.0,0.0,0.0,0,0,0,0,0,0,0,0,0,0,0
2025/05/07 10:38:10.203433071,1746607090,203128062,joy,-0.0,-0.0,1.0,-0.0,-0.0,1.0,0.0,0.0,0,0,0,0,0,0,0,0,0,0,0
2025/05/07 10:38:10.302968735,1746607090,302682418,joy,-0.0,-0.0,1.0,-0.0,-0.0,1.0,0.0,0.0,0,0,0,0,0,0,0,0,0,0,0
2025/05/07 10:38:10.353961978,1746607090,353633413,joy,-0.0,-0.0,1.0,-0.0,-0.0,1.0,0.0,0.0,0,0,0,0,0,0,0,0,0,0,0
2025/05/07 10:38:10.403988681,1746607090,403698554,joy,-0.0,-0.0,1.0,-0.0,-0.0,1.0,0.0,0.0,0,0,0,0,0,0,0,0,0,0,0
2025/05/07 10:38:10.454348060,1746607090,454062392,joy,-0.0,-0.0,1.0,-0.0,-0.0,1.0,0.0,0.0,0,0,0,0,0,0,0,0,0,0,0
2025/05/07 10:38:10.504653394,1746607090,504349319,joy,-0.0,-0.0,1.0,-0.0,-0.0,1.0,0.0,0.0,0,0,0,0,0,0,0,0,0,0,0
2025/05/07 10:38:10.554722913,1746607090,554511954,joy,-0.0,-0.0,1.0,-0.0,-0.0,1.0,0.0,0.0,0,0,0,0,0,0,0,0,0,0,0
2025/05/07 10:38:10.654229234,1746607090,654024040,joy,-0.0,-0.0,1.0,-0.0,-0.0,1.0,0.0,0.0,0,0,0,0,0,0,0,0,0,0,0
2025/05/07 10:38:10.755276905,1746607090,754174392,joy,-0.0,-0.0,1.0,-0.0,-0.0,1.0,0.0,0.0,0,0,0,0,0,0,0,0,0,0,0
2025/05/07 10:38:10.807061206,1746607090,804265403,joy,-0.0,-0.0,1.0,-0.0,-0.0,1.0,0.0,0.0,0,0,0,0,0,0,0,0,0,0,0
2025/05/07 10:38:10.854734820,1746607090,854450850,joy,-0.0,-0.0,1.0,-0.0,-0.0,1.0,0.0,0.0,0,0,0,0,0,0,0,0,0,0,0
2025/05/07 10:38:10.906169741,1746607090,905663693,joy,-0.0,-0.0,1.0,-0.0,-0.0,1.0,0.0,0.0,0,0,0,0,0,0,0,0,0,0,0
2025/05/07 10:38:10.956106650,1746607090,955838476,joy,-0.0,-0.0,1.0,-0.0,-0.0,1.0,0.0,0.0,0,0,0,0,0,0,0,0,0,0,0
2025/05/07 10:38:11.55891614,1746607091,55511502,joy,-0.0,-0.0,1.0,-0.0,-0.0,1.0,0.0,0.0,0,0,0,0,0,0,0,0,0,0,0
2025/05/07 10:38:11.155407927,1746607091,154983178,joy,-0.0,-0.0,1.0,-0.0,-0.0,1.0,0.0,0.0,0,0,0,0,0,0,0,0,0,0,0
2025/05/07 10:38:11.255946993,1746607091,255626779,joy,-0.0,-0.0,1.0,-0.0,-0.0,1.0,0.0,0.0,0,0,0,0,0,0,0,0,0,0,0
2025/05/07 10:38:11.306558877,1746607091,306257899,joy,-0.0,-0.0,1.0,-0.0,-0.0,1.0,0.0,0.0,0,0,0,0,0,0,0,0,0,0,0
2025/05/07 10:38:11.406947035,1746607091,406597357,joy,-0.0,-0.0,1.0,-0.0,-0.0,1.0,0.0,0.0,0,0,0,0,0,0,0,0,0,0,0
2025/05/07 10:38:11.463316285,1746607091,456695597,joy,-0.0,-0.0,1.0,-0.0,-0.0,1.0,0.0,0.0,0,0,0,0,0,0,0,0,0,0,0
2025/05/07 10:38:11.508297578,1746607091,507617204,joy,-0.0,-0.0,1.0,-0.0,-0.0,1.0,0.0,0.0,0,0,0,0,0,0,0,0,0,0,0
2025/05/07 10:38:11.558779305,1746607091,558465743,joy,-0.0,-0.0,1.0,-0.0,-0.0,1.0,0.0,0.0,0,0,0,0,0,0,0,0,0,0,0
2025/05/07 10:38:11.608744614,1746607091,608584252,joy,-0.0,-0.0,1.0,-0.0,-0.0,1.0,0.0,0.0,0,0,0,0,0,0,0,0,0,0,0
2025/05/07 10:38:11.707949254,1746607091,707667717,joy,-0.0,-0.0,1.0,-0.0,-0.0,1.0,0.0,0.0,0,0,0,0,0,0,0,0,0,0,0
2025/05/07 10:38:11.758713405,1746607091,758428586,joy,-0.0,-0.0,1.0,-0.0,-0.0,1.0,0.0,0.0,0,0,0,0,0,0,0,0,0,0,0
2025/05/07 10:38:11.858644559,1746607091,858230802,joy,-0.0,-0.0,1.0,-0.0,-0.0,1.0,0.0,0.0,0,0,0,0,0,0,0,0,0,0,0
2025/05/07 10:38:11.909361439,1746607091,909178209,joy,-0.0,-0.0,1.0,-0.0,-0.0,1.0,0.0,0.0,0,0,0,0,0,0,0,0,0,0,0
2025/05/07 10:38:12.29347266,1746607092,8776923,joy,-0.0,-0.0,1.0,-0.0,-0.0,1.0,0.0,0.0,0,0,0,0,0,0,0,0,0,0,0
2025/05/07 10:38:12.108300055,1746607092,108157140,joy,-0.0,-0.0,1.0,-0.0,-0.0,1.0,0.0,0.0,0,0,0,0,0,0,0,0,0,0,0
2025/05/07 10:38:12.158509446,1746607092,158219620,joy,-0.0,-0.0,1.0,-0.0,-0.0,1.0,0.0,0.0,0,0,0,0,0,0,0,0,0,0,0
2025/05/07 10:38:12.208609393,1746607092,208438306,joy,-0.0,-0.0,1.0,-0.0,-0.0,1.0,0.0,0.0,0,0,0,0,0,0,0,0,0,0,0
2025/05/07 10:38:12.325977575,1746607092,308760486,joy,-0.0,-0.0,1.0,-0.0,-0.0,1.0,0.0,0.0,0,0,0,0,0,0,0,0,0,0,0
2025/05/07 10:38:12.359939004,1746607092,359413401,joy,-0.0,-0.0,1.0,-0.0,-0.0,1.0,0.0,0.0,0,0,0,0,0,0,0,0,0,0,0
2025/05/07 10:38:12.459838467,1746607092,459495524,joy,-0.0,-0.0,1.0,-0.0,-0.0,1.0,0.0,0.0,0,0,0,0,0,0,0,0,0,0,0
2025/05/07 10:38:12.559341854,1746607092,559094994,joy,-0.0,-0.0,1.0,-0.0,-0.0,1.0,0.0,0.0,0,0,0,0,0,0,0,0,0,0,0
2025/05/07 10:38:12.610690903,1746607092,609335155,joy,-0.0,-0.0,1.0,-0.0,-0.0,1.0,0.0,0.0,0,0,0,0,0,0,0,0,0,0,0
2025/05/07 10:38:12.708892688,1746607092,708766361,joy,-0.0,-0.0,1.0,-0.0,-0.0,1.0,0.0,0.0,0,0,0,0,0,0,0,0,0,0,0
2025/05/07 10:38:12.759881308,1746607092,759614228,joy,-0.0,-0.0,1.0,-0.0,-0.0,1.0,0.0,0.0,0,0,0,0,0,0,0,0,0,0,0
2025/05/07 10:38:12.809859825,1746607092,809689077,joy,-0.0,-0.0,1.0,-0.0,-0.0,1.0,0.0,0.0,0,0,0,0,0,0,0,0,0,0,0
2025/05/07 10:38:12.860956064,1746607092,860707499,joy,-0.0,-0.0,1.0,-0.0,-0.0,1.0,0.0,0.0,0,0,0,0,0,0,0,0,0,0,0
2025/05/07 10:38:12.912591549,1746607092,912384668,joy,-0.0,-0.0,1.0,-0.0,-0.0,1.0,0.0,0.0,0,0,0,0,0,0,0,0,0,0,0
2025/05/07 10:38:13.12258270,1746607093,11914550,joy,-0.0,-0.0,1.0,-0.0,-0.0,1.0,0.0,0.0,0,0,0,0,0,0,0,0,0,0,0
2025/05/07 10:38:13.111366343,1746607093,111188907,joy,-0.0,-0.0,1.0,-0.0,-0.0,1.0,0.0,0.0,0,0,0,0,0,0,0,0,0,0,0
2025/05/07 10:38:13.211028186,1746607093,210815250,joy,-0.0,-0.0,1.0,-0.0,-0.0,1.0,0.0,0.0,0,0,0,0,0,0,0,0,0,0,0
2025/05/07 10:38:13.261246767,1746607093,261013262,joy,-0.0,-0.0,1.0,-0.0,-0.0,1.0,0.0,0.0,0,0,0,0,0,0,0,0,0,0,0
2025/05/07 10:38:13.311821864,1746607093,311634062,joy,-0.0,-0.0,1.0,-0.0,-0.0,1.0,0.0,0.0,0,0,0,0,0,0,0,0,0,0,0
2025/05/07 10:38:13.362056450,1746607093,361764207,joy,-0.0,-0.0,1.0,-0.0,-0.0,1.0,0.0,0.0,0,0,0,0,0,0,0,0,0,0,0
2025/05/07 10:38:13.412538049,1746607093,412361688,joy,-0.0,-0.0,1.0,-0.0,-0.0,1.0,0.0,0.0,0,0,0,0,0,0,0,0,0,0,0
2025/05/07 10:38:13.512280323,1746607093,512005648,joy,-0.0,-0.0,1.0,-0.0,-0.0,1.0,0.0,0.0,0,0,0,0,0,0,0,0,0,0,0
2025/05/07 10:38:13.612527816,1746607093,612190723,joy,-0.0,-0.0,1.0,-0.0,-0.0,1.0,0.0,0.0,0,0,0,0,0,0,0,0,0,0,0
2025/05/07 10:38:13.663124674,1746607093,662457454,joy,-0.0,-0.0,1.0,-0.0,-0.0,1.0,0.0,0.0,0,0,0,0,0,0,0,0,0,0,0
2025/05/07 10:38:13.762723959,1746607093,762444600,joy,-0.0,-0.0,1.0,-0.0,-0.0,1.0,0.0,0.0,0,0,0,0,0,0,0,0,0,0,0
2025/05/07 10:38:13.862572014,1746607093,862238792,joy,-0.0,-0.0,1.0,-0.0,-0.0,1.0,0.0,0.0,0,0,0,0,0,0,0,0,0,0,0
2025/05/07 10:38:13.914550898,1746607093,913688692,joy,-0.0,-0.0,1.0,-0.0,-0.0,1.0,0.0,0.0,0,0,0,0,0,0,0,0,0,0,0
2025/05/07 10:38:13.966598676,1746607093,965025809,joy,-0.0,-0.0,1.0,-0.0,-0.0,1.0,0.0,0.0,0,0,0,0,0,0,0,0,0,0,0
2025/05/07 10:38:14.16388928,1746607094,16107965,joy,-0.0,-0.0,1.0,-0.0,-0.0,1.0,0.0,0.0,0,0,0,0,0,0,0,0,0,0,0
2025/05/07 10:38:14.115451304,1746607094,115165683,joy,-0.0,-0.0,1.0,-0.0,-0.0,1.0,0.0,0.0,0,0,0,0,0,0,0,0,0,0,0
2025/05/07 10:38:14.165822591,1746607094,165199926,joy,-0.0,-0.0,1.0,-0.0,-0.0,1.0,0.0,0.0,0,0,0,0,0,0,0,0,0,0,0
2025/05/07 10:38:14.265201944,1746607094,264861272,joy,-0.0,-0.0,1.0,-0.0,-0.0,1.0,0.0,0.0,0,0,0,0,0,0,0,0,0,0,0
2025/05/07 10:38:14.365957181,1746607094,365594346,joy,-0.0,-0.0,1.0,-0.0,-0.0,1.0,0.0,0.0,0,0,0,0,0,0,0,0,0,0,0
2025/05/07 10:38:14.377933717,1746607094,377639306,joy,-0.0,-0.0010167482541874051,1.0,-0.0,-0.0,1.0,0.0,0.0,0,0,0,0,0,0,0,0,0,0,0
2025/05/07 10:38:14.382358764,1746607094,382015152,joy,-0.0,-0.009272808209061623,1.0,-0.0,-0.0,1.0,0.0,0.0,0,0,0,0,0,0,0,0,0,0,0
2025/05/07 10:38:14.385623662,1746607094,385304964,joy,-0.0,-0.034040987491607666,1.0,-0.0,-0.0,1.0,0.0,0.0,0,0,0,0,0,0,0,0,0,0,0
2025/05/07 10:38:14.389870608,1746607094,389712797,joy,-0.0,-0.050553105771541595,1.0,-0.0,-0.0,1.0,0.0,0.0,0,0,0,0,0,0,0,0,0,0,0
2025/05/07 10:38:14.394275636,1746607094,394070538,joy,-0.0,-0.07532128691673279,1.0,-0.0,-0.0,1.0,0.0,0.0,0,0,0,0,0,0,0,0,0,0,0
2025/05/07 10:38:14.397533536,1746607094,397337058,joy,-0.0,-0.10008946806192398,1.0,-0.0,-0.0,1.0,0.0,0.0,0,0,0,0,0,0,0,0,0,0,0
2025/05/07 10:38:14.401913847,1746607094,401698198,joy,-0.0,-0.10834552347660065,1.0,-0.0,-0.0,1.0,0.0,0.0,0,0,0,0,0,0,0,0,0,0,0
2025/05/07 10:38:14.406396306,1746607094,406086085,joy,-0.0,-0.12485764175653458,1.0,-0.0,-0.0,1.0,0.0,0.0,0,0,0,0,0,0,0,0,0,0,0
2025/05/07 10:38:14.409515997,1746607094,409337163,joy,-0.0,-0.13311371207237244,1.0,-0.0,-0.0,1.0,0.0,0.0,0,0,0,0,0,0,0,0,0,0,0
2025/05/07 10:38:14.413965716,1746607094,413719755,joy,-0.0,-0.14962582290172577,1.0,-0.0,-0.0,1.0,0.0,0.0,0,0,0,0,0,0,0,0,0,0,0
2025/05/07 10:38:14.418243724,1746607094,418063733,joy,-0.0,-0.15788188576698303,1.0,-0.0,-0.0,1.0,0.0,0.0,0,0,0,0,0,0,0,0,0,0,0
2025/05/07 10:38:14.421799131,1746607094,421467240,joy,-0.0,-0.17439399659633636,1.0,-0.0,-0.0,1.0,0.0,0.0,0,0,0,0,0,0,0,0,0,0,0
2025/05/07 10:38:14.426085289,1746607094,425882492,joy,-0.0,-0.18265005946159363,1.0,-0.0,-0.0,1.0,0.0,0.0,0,0,0,0,0,0,0,0,0,0,0
2025/05/07 10:38:14.429344557,1746607094,429182475,joy,-0.0,-0.20741824805736542,1.0,-0.0,-0.0,1.0,0.0,0.0,0,0,0,0,0,0,0,0,0,0,0
2025/05/07 10:38:14.433713768,1746607094,433526839,joy,-0.0,-0.22393035888671875,1.0,-0.0,-0.0,1.0,0.0,0.0,0,0,0,0,0,0,0,0,0,0,0
2025/05/07 10:38:14.438055576,1746607094,437866820,joy,-0.0,-0.232186421751976,1.0,-0.0,-0.0,1.0,0.0,0.0,0,0,0,0,0,0,0,0,0,0,0
2025/05/07 10:38:14.442353618,1746607094,442182627,joy,-0.0,-0.24869854748249054,1.0,-0.0,-0.0,1.0,0.0,0.0,0,0,0,0,0,0,0,0,0,0,0
2025/05/07 10:38:14.445639856,1746607094,445472824,joy,-0.0,-0.2569546103477478,1.0,-0.0,-0.0,1.0,0.0,0.0,0,0,0,0,0,0,0,0,0,0,0
2025/05/07 10:38:14.449932132,1746607094,449770062,joy,-0.0,-0.27346670627593994,1.0,-0.0,-0.0,1.0,0.0,0.0,0,0,0,0,0,0,0,0,0,0,0
2025/05/07 10:38:14.457409300,1746607094,457210333,joy,-0.0,-0.2817227840423584,1.0,-0.0,-0.0,1.0,0.0,0.0,0,0,0,0,0,0,0,0,0,0,0
2025/05/07 10:38:14.461749279,1746607094,461514911,joy,-0.0,-0.2982349097728729,1.0,-0.0,-0.0,1.0,0.0,0.0,0,0,0,0,0,0,0,0,0,0,0
2025/05/07 10:38:14.478189773,1746607094,477925218,joy,-0.0,-0.306490957736969,1.0,-0.0,-0.0,1.0,0.0,0.0,0,0,0,0,0,0,0,0,0,0,0
2025/05/07 10:38:14.528902282,1746607094,528687082,joy,-0.0,-0.306490957736969,1.0,-0.0,-0.0,1.0,0.0,0.0,0,0,0,0,0,0,0,0,0,0,0
2025/05/07 10:38:14.534747750,1746607094,534127532,joy,-0.0,-0.3230030834674835,1.0,-0.0,-0.0,1.0,0.0,0.0,0,0,0,0,0,0,0,0,0,0,0
2025/05/07 10:38:14.546317437,1746607094,546099407,joy,-0.0,-0.3312591314315796,1.0,-0.0,-0.0,1.0,0.0,0.0,0,0,0,0,0,0,0,0,0,0,0
2025/05/07 10:38:14.553917094,1746607094,553659548,joy,-0.0,-0.3477712571620941,1.0,-0.0,-0.0,1.0,0.0,0.0,0,0,0,0,0,0,0,0,0,0,0
2025/05/07 10:38:14.561458845,1746607094,561197691,joy,-0.0,-0.3560273051261902,1.0,-0.0,-0.0,1.0,0.0,0.0,0,0,0,0,0,0,0,0,0,0,0
2025/05/07 10:38:14.565760537,1746607094,565516008,joy,-0.0,-0.3725394308567047,1.0,-0.0,-0.0,1.0,0.0,0.0,0,0,0,0,0,0,0,0,0,0,0
2025/05/07 10:38:14.570421511,1746607094,569928321,joy,-0.0,-0.38079550862312317,1.0,-0.0,-0.0,1.0,0.0,0.0,0,0,0,0,0,0,0,0,0,0,0
2025/05/07 10:38:14.577875441,1746607094,577624448,joy,-0.0,-0.3973076045513153,1.0,-0.0,-0.0,1.0,0.0,0.0,0,0,0,0,0,0,0,0,0,0,0
2025/05/07 10:38:14.582215727,1746607094,581961087,joy,-0.0,-0.40556368231773376,1.0,-0.0,-0.0,1.0,0.0,0.0,0,0,0,0,0,0,0,0,0,0,0
2025/05/07 10:38:14.585415397,1746607094,585241733,joy,-0.0,-0.4220758080482483,1.0,-0.0,-0.0,1.0,0.0,0.0,0,0,0,0,0,0,0,0,0,0,0
2025/05/07 10:38:14.594041526,1746607094,593825990,joy,-0.0,-0.43033185601234436,1.0,-0.0,-0.0,1.0,0.0,0.0,0,0,0,0,0,0,0,0,0,0,0
2025/05/07 10:38:14.598309221,1746607094,598143297,joy,-0.0,-0.4468439817428589,1.0,-0.0,-0.0,1.0,0.0,0.0,0,0,0,0,0,0,0,0,0,0,0
2025/05/07 10:38:14.605969698,1746607094,605679494,joy,-0.0,-0.45510002970695496,1.0,-0.0,-0.0,1.0,0.0,0.0,0,0,0,0,0,0,0,0,0,0,0
2025/05/07 10:38:14.610133923,1746607094,609995935,joy,-0.0,-0.4716121554374695,1.0,-0.0,-0.0,1.0,0.0,0.0,0,0,0,0,0,0,0,0,0,0,0
2025/05/07 10:38:14.613439208,1746607094,613249195,joy,-0.0,-0.47986820340156555,1.0,-0.0,-0.0,1.0,0.0,0.0,0,0,0,0,0,0,0,0,0,0,0
2025/05/07 10:38:14.622208942,1746607094,621928233,joy,-0.0,-0.5046364068984985,1.0,-0.0,-0.0,1.0,0.0,0.0,0,0,0,0,0,0,0,0,0,0,0
2025/05/07 10:38:14.625514484,1746607094,625213008,joy,-0.0,-0.5211485028266907,1.0,-0.0,-0.0,1.0,0.0,0.0,0,0,0,0,0,0,0,0,0,0,0
2025/05/07 10:38:14.630300281,1746607094,629804089,joy,-0.0,-0.5294045805931091,1.0,-0.0,-0.0,1.0,0.0,0.0,0,0,0,0,0,0,0,0,0,0,0
2025/05/07 10:38:14.633409055,1746607094,633202270,joy,-0.0,-0.5459166765213013,1.0,-0.0,-0.0,1.0,0.0,0.0,0,0,0,0,0,0,0,0,0,0,0
2025/05/07 10:38:14.638154068,1746607094,637559748,joy,-0.0,-0.5541727542877197,1.0,-0.0,-0.0,1.0,0.0,0.0,0,0,0,0,0,0,0,0,0,0,0
2025/05/07 10:38:14.646450162,1746607094,646208877,joy,-0.0,-0.5706848502159119,1.0,-0.0,-0.0,1.0,0.0,0.0,0,0,0,0,0,0,0,0,0,0,0
2025/05/07 10:38:14.658429557,1746607094,658184845,joy,-0.0,-0.5789409279823303,1.0,-0.0,-0.0,1.0,0.0,0.0,0,0,0,0,0,0,0,0,0,0,0
2025/05/07 10:38:14.670287483,1746607094,670090140,joy,-0.0,-0.5954530239105225,1.0,-0.0,-0.0,1.0,0.0,0.0,0,0,0,0,0,0,0,0,0,0,0
2025/05/07 10:38:14.694209570,1746607094,693962690,joy,-0.0,-0.6037091016769409,1.0,-0.0,-0.0,1.0,0.0,0.0,0,0,0,0,0,0,0,0,0,0,0
2025/05/07 10:38:14.725539272,1746607094,725282421,joy,-0.0,-0.6202212572097778,1.0,-0.0,-0.0,1.0,0.0,0.0,0,0,0,0,0,0,0,0,0,0,0
2025/05/07 10:38:14.825352235,1746607094,825053115,joy,-0.0,-0.6202212572097778,1.0,-0.0,-0.0,1.0,0.0,0.0,0,0,0,0,0,0,0,0,0,0,0
2025/05/07 10:38:14.875316083,1746607094,875137263,joy,-0.0,-0.6202212572097778,1.0,-0.0,-0.0,1.0,0.0,0.0,0,0,0,0,0,0,0,0,0,0,0
2025/05/07 10:38:14.926236376,1746607094,925881808,joy,-0.0,-0.6202212572097778,1.0,-0.0,-0.0,1.0,0.0,0.0,0,0,0,0,0,0,0,0,0,0,0
2025/05/07 10:38:14.976553937,1746607094,976231440,joy,-0.0,-0.6202212572097778,1.0,-0.0,-0.0,1.0,0.0,0.0,0,0,0,0,0,0,0,0,0,0,0
2025/05/07 10:38:15.74942305,1746607095,74765109,joy,-0.0,-0.6202212572097778,1.0,-0.0,-0.0,1.0,0.0,0.0,0,0,0,0,0,0,0,0,0,0,0
2025/05/07 10:38:15.125801305,1746607095,125512255,joy,-0.0,-0.6202212572097778,1.0,-0.0,-0.0,1.0,0.0,0.0,0,0,0,0,0,0,0,0,0,0,0
2025/05/07 10:38:15.226306850,1746607095,225641631,joy,-0.0,-0.6202212572097778,1.0,-0.0,-0.0,1.0,0.0,0.0,0,0,0,0,0,0,0,0,0,0,0
2025/05/07 10:38:15.265724577,1746607095,265398155,joy,-0.0,-0.6284772753715515,1.0,-0.0,-0.0,1.0,0.0,0.0,0,0,0,0,0,0,0,0,0,0,0
2025/05/07 10:38:15.286066460,1746607095,285862810,joy,-0.0,-0.6449894309043884,1.0,-0.0,-0.0,1.0,0.0,0.0,0,0,0,0,0,0,0,0,0,0,0
2025/05/07 10:38:15.290579601,1746607095,290247727,joy,-0.0,-0.6532454490661621,1.0,-0.0,-0.0,1.0,0.0,0.0,0,0,0,0,0,0,0,0,0,0,0
2025/05/07 10:38:15.303423675,1746607095,302091848,joy,-0.0,-0.669757604598999,1.0,-0.0,-0.0,1.0,0.0,0.0,0,0,0,0,0,0,0,0,0,0,0
2025/05/07 10:38:15.303543844,1746607095,302162859,joy,-0.0,-0.6780136227607727,1.0,-0.0,-0.0,1.0,0.0,0.0,0,0,0,0,0,0,0,0,0,0,0
2025/05/07 10:38:15.311361950,1746607095,308141998,joy,-0.0,-0.6945257782936096,1.0,-0.0,-0.0,1.0,0.0,0.0,0,0,0,0,0,0,0,0,0,0,0
2025/05/07 10:38:15.311440156,1746607095,310095320,joy,-0.0,-0.7027818560600281,1.0,-0.0,-0.0,1.0,0.0,0.0,0,0,0,0,0,0,0,0,0,0,0
2025/05/07 10:38:15.318296018,1746607095,317384261,joy,-0.0,-0.7192939519882202,1.0,-0.0,-0.0,1.0,0.0,0.0,0,0,0,0,0,0,0,0,0,0,0
2025/05/07 10:38:15.330423857,1746607095,330075812,joy,-0.0,-0.7275500297546387,1.0,-0.0,-0.0,1.0,0.0,0.0,0,0,0,0,0,0,0,0,0,0,0
2025/05/07 10:38:15.338110033,1746607095,337453312,joy,-0.0,-0.7440621256828308,1.0,-0.0,-0.0,1.0,0.0,0.0,0,0,0,0,0,0,0,0,0,0,0
2025/05/07 10:38:15.372775561,1746607095,353214791,joy,-0.0,-0.7523182034492493,1.0,-0.0,-0.0,1.0,0.0,0.0,0,0,0,0,0,0,0,0,0,0,0
2025/05/07 10:38:15.420730662,1746607095,419832915,joy,-0.0,-0.7688302993774414,1.0,-0.0,-0.0,1.0,0.0,0.0,0,0,0,0,0,0,0,0,0,0,0
2025/05/07 10:38:15.434631257,1746607095,433898391,joy,-0.0,-0.7770863771438599,1.0,-0.0,-0.0,1.0,0.0,0.0,0,0,0,0,0,0,0,0,0,0,0
2025/05/07 10:38:15.445262925,1746607095,442529322,joy,-0.0,-0.793598473072052,1.0,-0.0,-0.0,1.0,0.0,0.0,0,0,0,0,0,0,0,0,0,0,0
2025/05/07 10:38:15.453122089,1746607095,452096517,joy,-0.0,-0.8018545508384705,1.0,-0.0,-0.0,1.0,0.0,0.0,0,0,0,0,0,0,0,0,0,0,0
2025/05/07 10:38:15.453948877,1746607095,453402140,joy,-0.0,-0.8183666467666626,1.0,-0.0,-0.0,1.0,0.0,0.0,0,0,0,0,0,0,0,0,0,0,0
2025/05/07 10:38:15.458236866,1746607095,457810346,joy,-0.0,-0.826622724533081,1.0,-0.0,-0.0,1.0,0.0,0.0,0,0,0,0,0,0,0,0,0,0,0
2025/05/07 10:38:15.469922775,1746607095,469739981,joy,-0.0,-0.8431348204612732,1.0,-0.0,-0.0,1.0,0.0,0.0,0,0,0,0,0,0,0,0,0,0,0
2025/05/07 10:38:15.482029181,1746607095,481691396,joy,-0.0,-0.8513908982276917,1.0,-0.0,-0.0,1.0,0.0,0.0,0,0,0,0,0,0,0,0,0,0,0
2025/05/07 10:38:15.493764038,1746607095,493529167,joy,-0.0,-0.8679030537605286,1.0,-0.0,-0.0,1.0,0.0,0.0,0,0,0,0,0,0,0,0,0,0,0
2025/05/07 10:38:15.501382320,1746607095,501212415,joy,-0.0,-0.8761590719223022,1.0,-0.0,-0.0,1.0,0.0,0.0,0,0,0,0,0,0,0,0,0,0,0
2025/05/07 10:38:15.517536812,1746607095,517394873,joy,-0.0,-0.8926712274551392,1.0,-0.0,-0.0,1.0,0.0,0.0,0,0,0,0,0,0,0,0,0,0,0
2025/05/07 10:38:15.529528149,1746607095,529329267,joy,-0.0,-0.9009272456169128,1.0,-0.0,-0.0,1.0,0.0,0.0,0,0,0,0,0,0,0,0,0,0,0
2025/05/07 10:38:15.538322601,1746607095,538029938,joy,-0.0,-0.9174394011497498,1.0,-0.0,-0.0,1.0,0.0,0.0,0,0,0,0,0,0,0,0,0,0,0
2025/05/07 10:38:15.546226158,1746607095,545779489,joy,-0.0,-0.9256954193115234,1.0,-0.0,-0.0,1.0,0.0,0.0,0,0,0,0,0,0,0,0,0,0,0
2025/05/07 10:38:15.550467207,1746607095,550170063,joy,-0.0,-0.9422075748443604,1.0,-0.0,-0.0,1.0,0.0,0.0,0,0,0,0,0,0,0,0,0,0,0
2025/05/07 10:38:15.553796746,1746607095,553470849,joy,0.001048872945830226,-0.9422075748443604,1.0,-0.0,-0.0,1.0,0.0,0.0,0,0,0,0,0,0,0,0,0,0,0
2025/05/07 10:38:15.558250915,1746607095,557905193,joy,0.001048872945830226,-0.966975748538971,1.0,-0.0,-0.0,1.0,0.0,0.0,0,0,0,0,0,0,0,0,0,0,0
2025/05/07 10:38:15.565863835,1746607095,565553887,joy,0.017560992389917374,-0.966975748538971,1.0,-0.0,-0.0,1.0,0.0,0.0,0,0,0,0,0,0,0,0,0,0,0
2025/05/07 10:38:15.565969731,1746607095,565594162,joy,0.017560992389917374,-0.9752318263053894,1.0,-0.0,-0.0,1.0,0.0,0.0,0,0,0,0,0,0,0,0,0,0,0
2025/05/07 10:38:15.570220887,1746607095,569953149,joy,0.017560992389917374,-0.9917439222335815,1.0,-0.0,-0.0,1.0,0.0,0.0,0,0,0,0,0,0,0,0,0,0,0
2025/05/07 10:38:15.573452685,1746607095,573266129,joy,0.017560992389917374,-1.0,1.0,-0.0,-0.0,1.0,0.0,0.0,0,0,0,0,0,0,0,0,0,0,0
2025/05/07 10:38:15.577798906,1746607095,577667137,joy,0.02581705152988434,-1.0,1.0,-0.0,-0.0,1.0,0.0,0.0,0,0,0,0,0,0,0,0,0,0,0
2025/05/07 10:38:15.594346357,1746607095,594011202,joy,0.042329173535108566,-1.0,1.0,-0.0,-0.0,1.0,0.0,0.0,0,0,0,0,0,0,0,0,0,0,0
2025/05/07 10:38:15.613686502,1746607095,613501018,joy,0.05058523267507553,-1.0,1.0,-0.0,-0.0,1.0,0.0,0.0,0,0,0,0,0,0,0,0,0,0,0
2025/05/07 10:38:15.713146129,1746607095,712976645,joy,0.05058523267507553,-1.0,1.0,-0.0,-0.0,1.0,0.0,0.0,0,0,0,0,0,0,0,0,0,0,0
2025/05/07 10:38:15.763459217,1746607095,763176705,joy,0.05058523267507553,-1.0,1.0,-0.0,-0.0,1.0,0.0,0.0,0,0,0,0,0,0,0,0,0,0,0
2025/05/07 10:38:15.864199121,1746607095,863738312,joy,0.05058523267507553,-1.0,1.0,-0.0,-0.0,1.0,0.0,0.0,0,0,0,0,0,0,0,0,0,0,0
2025/05/07 10:38:15.906381423,1746607095,906063639,joy,0.06709735095500946,-1.0,1.0,-0.0,-0.0,1.0,0.0,0.0,0,0,0,0,0,0,0,0,0,0,0
2025/05/07 10:38:15.913845606,1746607095,913650009,joy,0.07535341382026672,-1.0,1.0,-0.0,-0.0,1.0,0.0,0.0,0,0,0,0,0,0,0,0,0,0,0
2025/05/07 10:38:15.921584319,1746607095,921211141,joy,0.09186553210020065,-1.0,1.0,-0.0,-0.0,1.0,0.0,0.0,0,0,0,0,0,0,0,0,0,0,0
2025/05/07 10:38:15.930417059,1746607095,930169820,joy,0.10012158751487732,-1.0,1.0,-0.0,-0.0,1.0,0.0,0.0,0,0,0,0,0,0,0,0,0,0,0
2025/05/07 10:38:15.933725856,1746607095,933514973,joy,0.11663371324539185,-1.0,1.0,-0.0,-0.0,1.0,0.0,0.0,0,0,0,0,0,0,0,0,0,0,0
2025/05/07 10:38:15.942419373,1746607095,942234688,joy,0.12488976866006851,-1.0,1.0,-0.0,-0.0,1.0,0.0,0.0,0,0,0,0,0,0,0,0,0,0,0
2025/05/07 10:38:15.954135512,1746607095,953646518,joy,0.14140188694000244,-1.0,1.0,-0.0,-0.0,1.0,0.0,0.0,0,0,0,0,0,0,0,0,0,0,0
2025/05/07 10:38:15.974531992,1746607095,974205094,joy,0.1496579498052597,-1.0,1.0,-0.0,-0.0,1.0,0.0,0.0,0,0,0,0,0,0,0,0,0,0,0
2025/05/07 10:38:16.73266039,1746607096,73037475,joy,0.1496579498052597,-1.0,1.0,-0.0,-0.0,1.0,0.0,0.0,0,0,0,0,0,0,0,0,0,0,0
2025/05/07 10:38:16.173136574,1746607096,172850135,joy,0.1496579498052597,-1.0,1.0,-0.0,-0.0,1.0,0.0,0.0,0,0,0,0,0,0,0,0,0,0,0
2025/05/07 10:38:16.223566738,1746607096,223289687,joy,0.1496579498052597,-1.0,1.0,-0.0,-0.0,1.0,0.0,0.0,0,0,0,0,0,0,0,0,0,0,0
2025/05/07 10:38:16.273574973,1746607096,273406939,joy,0.1496579498052597,-1.0,1.0,-0.0,-0.0,1.0,0.0,0.0,0,0,0,0,0,0,0,0,0,0,0
2025/05/07 10:38:16.323655953,1746607096,323410969,joy,0.1496579498052597,-1.0,1.0,-0.0,-0.0,1.0,0.0,0.0,0,0,0,0,0,0,0,0,0,0,0
