time,set_throttle_stop,setup_allowed,in_charge,in_setup,bank_avaiable,no_menu,menu_off,motor_in_temp_limit,battery_charge_valid,battery_nearly_empty,battery_charging,range_miles_valid,range_minutes_valid,master_error_code,motor_voltage,motor_current,motor_power,motor_speed,motor_pcb_temp,motor_stator_temp,battery_charge,battery_voltage,battery_current,range_miles,range_minutes,temperature_motor_power_switches,temperature_reverse_voltage_protection
2025/05/19 02:27:16.888580361,False,False,False,False,False,False,False,False,False,False,False,False,False,0.0,0.0,0.0,0.0,4.0,0.0,0.0,0.0,0.0,0.0,0.0,0.0,0.0,0.0
2025/05/19 02:27:16.988739346,False,False,False,False,False,False,False,False,False,False,False,False,False,0.0,0.0,0.0,0.0,4.0,0.0,0.0,0.0,0.0,0.0,0.0,0.0,0.0,0.0
2025/05/19 02:27:17.89661971,False,False,False,False,False,False,False,False,False,False,False,False,False,0.0,0.0,0.0,0.0,4.0,0.0,0.0,0.0,0.0,0.0,0.0,0.0,0.0,0.0
2025/05/19 02:27:17.197673806,False,False,False,False,False,False,False,False,False,False,False,False,False,0.0,0.0,0.0,0.0,4.0,0.0,0.0,0.0,0.0,0.0,0.0,0.0,0.0,0.0
2025/05/19 02:27:17.288407456,False,False,False,False,False,False,False,False,False,False,False,False,False,0.0,0.0,0.0,0.0,4.0,0.0,0.0,0.0,0.0,0.0,0.0,0.0,0.0,0.0
2025/05/19 02:27:17.390035044,False,False,False,False,False,False,False,False,False,False,False,False,False,0.0,0.0,0.0,0.0,4.0,0.0,0.0,0.0,0.0,0.0,0.0,0.0,0.0,0.0
2025/05/19 02:27:17.487618244,False,False,False,False,False,False,False,False,False,False,False,False,False,0.0,0.0,0.0,0.0,4.0,0.0,0.0,0.0,0.0,0.0,0.0,0.0,0.0,0.0
2025/05/19 02:27:17.588446139,False,False,False,False,False,False,False,False,False,False,False,False,False,0.0,0.0,0.0,0.0,4.0,0.0,0.0,0.0,0.0,0.0,0.0,0.0,0.0,0.0
2025/05/19 02:27:17.692915103,False,False,False,False,False,False,False,False,False,False,False,False,False,0.0,0.0,0.0,0.0,4.0,0.0,0.0,0.0,0.0,0.0,0.0,0.0,0.0,0.0
2025/05/19 02:27:17.785696510,False,False,False,False,False,False,False,False,False,False,False,False,False,0.0,0.0,0.0,0.0,4.0,0.0,0.0,0.0,0.0,0.0,0.0,0.0,0.0,0.0
2025/05/19 02:27:17.892184506,False,False,False,False,False,False,False,False,False,False,False,False,False,0.0,0.0,0.0,0.0,4.0,0.0,0.0,0.0,0.0,0.0,0.0,0.0,0.0,0.0
2025/05/19 02:27:17.994604447,False,False,False,False,False,False,False,False,False,False,False,False,False,0.0,0.0,0.0,0.0,4.0,0.0,0.0,0.0,0.0,0.0,0.0,0.0,0.0,0.0
2025/05/19 02:27:18.85861421,False,False,False,False,False,False,False,False,False,False,False,False,False,0.0,0.0,0.0,0.0,4.0,0.0,0.0,0.0,0.0,0.0,0.0,0.0,0.0,0.0
2025/05/19 02:27:18.194624927,False,False,False,False,False,False,False,False,False,False,False,False,False,0.0,0.0,0.0,0.0,4.0,0.0,0.0,0.0,0.0,0.0,0.0,0.0,0.0,0.0
2025/05/19 02:27:18.294993893,False,False,False,False,False,False,False,False,False,False,False,False,False,0.0,0.0,0.0,0.0,4.0,0.0,0.0,0.0,0.0,0.0,0.0,0.0,0.0,0.0
2025/05/19 02:27:18.395524038,False,False,False,False,False,False,False,False,False,False,False,False,False,0.0,0.0,0.0,0.0,4.0,0.0,0.0,0.0,0.0,0.0,0.0,0.0,0.0,0.0
2025/05/19 02:27:18.490257942,False,False,False,False,False,False,False,False,False,False,False,False,False,0.0,0.0,0.0,0.0,4.0,0.0,0.0,0.0,0.0,0.0,0.0,0.0,0.0,0.0
2025/05/19 02:27:18.586973374,False,False,False,False,False,False,False,False,False,False,False,False,False,0.0,0.0,0.0,0.0,4.0,0.0,0.0,0.0,0.0,0.0,0.0,0.0,0.0,0.0
2025/05/19 02:27:18.697709176,False,False,False,False,False,False,False,False,False,False,False,False,False,0.0,0.0,0.0,0.0,4.0,0.0,0.0,0.0,0.0,0.0,0.0,0.0,0.0,0.0
2025/05/19 02:27:18.793287876,False,False,False,False,False,False,False,False,False,False,False,False,False,0.0,0.0,0.0,0.0,4.0,0.0,0.0,0.0,0.0,0.0,0.0,0.0,0.0,0.0
2025/05/19 02:27:18.890290641,False,False,False,False,False,False,False,False,False,False,False,False,False,0.0,0.0,0.0,0.0,4.0,0.0,0.0,0.0,0.0,0.0,0.0,0.0,0.0,0.0
2025/05/19 02:27:18.989619597,False,False,False,False,False,False,False,False,False,False,False,False,False,0.0,0.0,0.0,0.0,4.0,0.0,0.0,0.0,0.0,0.0,0.0,0.0,0.0,0.0
2025/05/19 02:27:19.106114953,False,False,False,False,False,False,False,False,False,False,False,False,False,0.0,0.0,0.0,0.0,4.0,0.0,0.0,0.0,0.0,0.0,0.0,0.0,0.0,0.0
2025/05/19 02:27:19.194863989,False,False,False,False,False,False,False,False,False,False,False,False,False,0.0,0.0,0.0,0.0,4.0,0.0,0.0,0.0,0.0,0.0,0.0,0.0,0.0,0.0
2025/05/19 02:27:19.304479967,False,False,False,False,False,False,False,False,False,False,False,False,False,0.0,0.0,0.0,0.0,4.0,0.0,0.0,0.0,0.0,0.0,0.0,0.0,0.0,0.0
2025/05/19 02:27:19.393318098,False,False,False,False,False,False,False,False,False,False,False,False,False,0.0,0.0,0.0,0.0,4.0,0.0,0.0,0.0,0.0,0.0,0.0,0.0,0.0,0.0
2025/05/19 02:27:19.498262613,False,False,False,False,False,False,False,False,False,False,False,False,False,0.0,0.0,0.0,0.0,4.0,0.0,0.0,0.0,0.0,0.0,0.0,0.0,0.0,0.0
2025/05/19 02:27:19.591025398,False,False,False,False,False,False,False,False,False,False,False,False,False,0.0,0.0,0.0,0.0,4.0,0.0,0.0,0.0,0.0,0.0,0.0,0.0,0.0,0.0
2025/05/19 02:27:19.697033229,False,False,False,False,False,False,False,False,False,False,False,False,False,0.0,0.0,0.0,0.0,4.0,0.0,0.0,0.0,0.0,0.0,0.0,0.0,0.0,0.0
2025/05/19 02:27:19.791406257,False,False,False,False,False,False,False,False,False,False,False,False,False,0.0,0.0,0.0,0.0,4.0,0.0,0.0,0.0,0.0,0.0,0.0,0.0,0.0,0.0
2025/05/19 02:27:19.895628822,False,False,False,False,False,False,False,False,False,False,False,False,False,0.0,0.0,0.0,0.0,4.0,0.0,0.0,0.0,0.0,0.0,0.0,0.0,0.0,0.0
2025/05/19 02:27:19.993265749,False,False,False,False,False,False,False,False,False,False,False,False,False,0.0,0.0,0.0,0.0,4.0,0.0,0.0,0.0,0.0,0.0,0.0,0.0,0.0,0.0
2025/05/19 02:27:20.95158627,False,False,False,False,False,False,False,False,False,False,False,False,False,0.0,0.0,0.0,0.0,4.0,0.0,0.0,0.0,0.0,0.0,0.0,0.0,0.0,0.0
2025/05/19 02:27:20.189281621,False,False,False,False,False,False,False,False,False,False,False,False,False,0.0,0.0,0.0,0.0,4.0,0.0,0.0,0.0,0.0,0.0,0.0,0.0,0.0,0.0
2025/05/19 02:27:20.298803429,False,False,False,False,False,False,False,False,False,False,False,False,False,0.0,0.0,0.0,0.0,4.0,0.0,0.0,0.0,0.0,0.0,0.0,0.0,0.0,0.0
2025/05/19 02:27:20.406268622,False,False,False,False,False,False,False,False,False,False,False,False,False,0.0,0.0,0.0,0.0,4.0,0.0,0.0,0.0,0.0,0.0,0.0,0.0,0.0,0.0
2025/05/19 02:27:20.489342722,False,False,False,False,False,False,False,False,False,False,False,False,False,0.0,0.0,0.0,0.0,4.0,0.0,0.0,0.0,0.0,0.0,0.0,0.0,0.0,0.0
2025/05/19 02:27:20.588136990,False,False,False,False,False,False,False,False,False,False,False,False,False,0.0,0.0,0.0,0.0,4.0,0.0,0.0,0.0,0.0,0.0,0.0,0.0,0.0,0.0
2025/05/19 02:27:20.692550290,False,False,False,False,False,False,False,False,False,False,False,False,False,0.0,0.0,0.0,0.0,4.0,0.0,0.0,0.0,0.0,0.0,0.0,0.0,0.0,0.0
2025/05/19 02:27:20.870058167,False,False,False,False,False,False,False,False,False,False,False,False,False,0.0,0.0,0.0,0.0,4.0,0.0,0.0,0.0,0.0,0.0,0.0,0.0,0.0,0.0
2025/05/19 02:27:20.896999268,False,False,False,False,False,False,False,False,False,False,False,False,False,0.0,0.0,0.0,0.0,4.0,0.0,0.0,0.0,0.0,0.0,0.0,0.0,0.0,0.0
2025/05/19 02:27:21.60813239,False,False,False,False,False,False,False,False,False,False,False,False,False,0.0,0.0,0.0,0.0,4.0,0.0,0.0,0.0,0.0,0.0,0.0,0.0,0.0,0.0
2025/05/19 02:27:21.134385929,False,False,False,False,False,False,False,False,False,False,False,False,False,0.0,0.0,0.0,0.0,4.0,0.0,0.0,0.0,0.0,0.0,0.0,0.0,0.0,0.0
2025/05/19 02:27:21.222591668,False,False,False,False,False,False,False,False,False,False,False,False,False,0.0,0.0,0.0,0.0,4.0,0.0,0.0,0.0,0.0,0.0,0.0,0.0,0.0,0.0
2025/05/19 02:27:21.300938354,False,False,False,False,False,False,False,False,False,False,False,False,False,0.0,0.0,0.0,0.0,4.0,0.0,0.0,0.0,0.0,0.0,0.0,0.0,0.0,0.0
2025/05/19 02:27:21.444944051,False,False,False,False,False,False,False,False,False,False,False,False,False,0.0,0.0,0.0,0.0,4.0,0.0,0.0,0.0,0.0,0.0,0.0,0.0,0.0,0.0
2025/05/19 02:27:21.518843481,False,False,False,False,False,False,False,False,False,False,False,False,False,0.0,0.0,0.0,0.0,4.0,0.0,0.0,0.0,0.0,0.0,0.0,0.0,0.0,0.0
2025/05/19 02:27:21.624041608,False,False,False,False,False,False,False,False,False,False,False,False,False,0.0,0.0,0.0,0.0,4.0,0.0,0.0,0.0,0.0,0.0,0.0,0.0,0.0,0.0
2025/05/19 02:27:21.723260672,False,False,False,False,False,False,False,False,False,False,False,False,False,0.0,0.0,0.0,0.0,4.0,0.0,0.0,0.0,0.0,0.0,0.0,0.0,0.0,0.0
2025/05/19 02:27:21.836607897,False,False,False,False,False,False,False,False,False,False,False,False,False,0.0,0.0,0.0,0.0,4.0,0.0,0.0,0.0,0.0,0.0,0.0,0.0,0.0,0.0
2025/05/19 02:27:21.904667759,False,False,False,False,False,False,False,False,False,False,False,False,False,0.0,0.0,0.0,0.0,4.0,0.0,0.0,0.0,0.0,0.0,0.0,0.0,0.0,0.0
2025/05/19 02:27:21.995928741,False,False,False,False,False,False,False,False,False,False,False,False,False,0.0,0.0,0.0,0.0,4.0,0.0,0.0,0.0,0.0,0.0,0.0,0.0,0.0,0.0
2025/05/19 02:27:22.133419678,False,False,False,False,False,False,False,False,False,False,False,False,False,0.0,0.0,0.0,0.0,4.0,0.0,0.0,0.0,0.0,0.0,0.0,0.0,0.0,0.0
2025/05/19 02:27:22.205203357,False,False,False,False,False,False,False,False,False,False,False,False,False,0.0,0.0,0.0,0.0,4.0,0.0,0.0,0.0,0.0,0.0,0.0,0.0,0.0,0.0
2025/05/19 02:27:22.294098611,False,False,False,False,False,False,False,False,False,False,False,False,False,0.0,0.0,0.0,0.0,4.0,0.0,0.0,0.0,0.0,0.0,0.0,0.0,0.0,0.0
2025/05/19 02:27:22.390768874,False,False,False,False,False,False,False,False,False,False,False,False,False,0.0,0.0,0.0,0.0,4.0,0.0,0.0,0.0,0.0,0.0,0.0,0.0,0.0,0.0
2025/05/19 02:27:22.488362303,False,False,False,False,False,False,False,False,False,False,False,False,False,0.0,0.0,0.0,0.0,4.0,0.0,0.0,0.0,0.0,0.0,0.0,0.0,0.0,0.0
2025/05/19 02:27:22.591754245,False,False,False,False,False,False,False,False,False,False,False,False,False,0.0,0.0,0.0,0.0,4.0,0.0,0.0,0.0,0.0,0.0,0.0,0.0,0.0,0.0
2025/05/19 02:27:22.694766340,False,False,False,False,False,False,False,False,False,False,False,False,False,0.0,0.0,0.0,0.0,4.0,0.0,0.0,0.0,0.0,0.0,0.0,0.0,0.0,0.0
2025/05/19 02:27:22.789159503,False,False,False,False,False,False,False,False,False,False,False,False,False,0.0,0.0,0.0,0.0,4.0,0.0,0.0,0.0,0.0,0.0,0.0,0.0,0.0,0.0
2025/05/19 02:27:22.891501175,False,False,False,False,False,False,False,False,False,False,False,False,False,0.0,0.0,0.0,0.0,4.0,0.0,0.0,0.0,0.0,0.0,0.0,0.0,0.0,0.0
2025/05/19 02:27:22.989404622,False,False,False,False,False,False,False,False,False,False,False,False,False,0.0,0.0,0.0,0.0,4.0,0.0,0.0,0.0,0.0,0.0,0.0,0.0,0.0,0.0
2025/05/19 02:27:23.95090107,False,False,False,False,False,False,False,False,False,False,False,False,False,0.0,0.0,0.0,0.0,4.0,0.0,0.0,0.0,0.0,0.0,0.0,0.0,0.0,0.0
2025/05/19 02:27:23.193933584,False,False,False,False,False,False,False,False,False,False,False,False,False,0.0,0.0,0.0,0.0,4.0,0.0,0.0,0.0,0.0,0.0,0.0,0.0,0.0,0.0
2025/05/19 02:27:23.293879335,False,False,False,False,False,False,False,False,False,False,False,False,False,0.0,0.0,0.0,0.0,4.0,0.0,0.0,0.0,0.0,0.0,0.0,0.0,0.0,0.0
2025/05/19 02:27:23.391739654,False,False,False,False,False,False,False,False,False,False,False,False,False,0.0,0.0,0.0,0.0,17.0,0.0,0.0,0.0,0.0,0.0,0.0,0.0,0.0,0.0
2025/05/19 02:27:23.492611715,False,False,False,False,False,False,False,False,False,False,False,False,False,0.0,0.0,0.0,0.0,59.0,0.0,0.0,0.0,0.0,0.0,0.0,0.0,0.0,0.0
2025/05/19 02:27:23.593508882,False,False,False,False,False,False,False,False,False,False,False,False,False,0.0,0.0,0.0,0.0,101.0,0.0,0.0,0.0,0.0,0.0,0.0,0.0,0.0,0.0
2025/05/19 02:27:23.687980288,False,False,False,False,False,False,False,False,False,False,False,False,False,0.0,0.0,0.0,0.0,142.0,0.0,0.0,0.0,0.0,0.0,0.0,0.0,0.0,0.0
2025/05/19 02:27:23.792656638,False,False,False,False,False,False,False,False,False,False,False,False,False,0.0,0.0,0.0,0.0,181.0,0.0,0.0,0.0,0.0,0.0,0.0,0.0,0.0,0.0
2025/05/19 02:27:23.888279705,False,False,False,False,False,False,False,False,False,False,False,False,False,0.0,0.0,0.0,0.0,220.00000000000003,0.0,0.0,0.0,0.0,0.0,0.0,0.0,0.0,0.0
2025/05/19 02:27:23.996239520,False,False,False,False,False,False,False,False,False,False,False,False,False,0.0,0.0,0.0,0.0,244.99999999999997,0.0,0.0,0.0,0.0,0.0,0.0,0.0,0.0,0.0
2025/05/19 02:27:24.89865673,False,False,False,False,False,False,False,False,False,False,False,False,False,0.0,0.0,0.0,0.0,247.00000000000003,0.0,0.0,0.0,0.0,0.0,0.0,0.0,0.0,0.0
2025/05/19 02:27:24.193898580,False,False,False,False,False,False,False,False,False,False,False,False,False,0.0,0.0,0.0,0.0,247.99999999999997,0.0,0.0,0.0,0.0,0.0,0.0,0.0,0.0,0.0
2025/05/19 02:27:24.282851912,False,False,False,False,False,False,False,False,False,False,False,False,False,0.0,0.0,0.0,0.0,249.99999999999997,0.0,0.0,0.0,0.0,0.0,0.0,0.0,0.0,0.0
2025/05/19 02:27:24.387591501,False,False,False,False,False,False,False,False,False,False,False,False,False,0.0,0.0,0.0,0.0,252.0,0.0,0.0,0.0,0.0,0.0,0.0,0.0,0.0,0.0
2025/05/19 02:27:24.488548473,False,False,False,False,False,False,False,False,False,False,False,False,False,0.0,0.0,0.0,0.0,255.0,0.0,0.0,0.0,0.0,0.0,0.0,0.0,0.0,0.0
2025/05/19 02:27:24.592224669,False,False,False,False,False,False,False,False,False,False,False,False,False,0.0,0.0,0.0,0.0,257.0,0.0,0.0,0.0,0.0,0.0,0.0,0.0,0.0,0.0
2025/05/19 02:27:24.696770535,False,False,False,False,False,False,False,False,False,False,False,False,False,0.0,0.0,0.0,0.0,259.0,0.0,0.0,0.0,0.0,0.0,0.0,0.0,0.0,0.0
2025/05/19 02:27:24.784359795,False,False,False,False,False,False,False,False,False,False,False,False,False,0.0,0.0,0.0,0.0,262.0,0.0,0.0,0.0,0.0,0.0,0.0,0.0,0.0,0.0
2025/05/19 02:27:24.888169264,False,False,False,False,False,False,False,False,False,False,False,False,False,0.0,0.0,0.0,0.0,265.0,0.0,0.0,0.0,0.0,0.0,0.0,0.0,0.0,0.0
2025/05/19 02:27:24.987679101,False,False,False,False,False,False,False,False,False,False,False,False,False,0.0,0.0,0.0,0.0,268.0,0.0,0.0,0.0,0.0,0.0,0.0,0.0,0.0,0.0
2025/05/19 02:27:25.89070859,False,False,False,False,False,False,False,False,False,False,False,False,False,0.0,0.0,0.0,0.0,272.0,0.0,0.0,0.0,0.0,0.0,0.0,0.0,0.0,0.0
2025/05/19 02:27:25.190239799,False,False,False,False,False,False,False,False,False,False,False,False,False,0.0,0.0,0.0,0.0,275.0,0.0,0.0,0.0,0.0,0.0,0.0,0.0,0.0,0.0
2025/05/19 02:27:25.284219436,False,False,False,False,False,False,False,False,False,False,False,False,False,0.0,0.0,0.0,0.0,278.99999999999994,0.0,0.0,0.0,0.0,0.0,0.0,0.0,0.0,0.0
2025/05/19 02:27:25.387601229,False,False,False,False,False,False,False,False,False,False,False,False,False,0.0,0.0,0.0,0.0,283.0,0.0,0.0,0.0,0.0,0.0,0.0,0.0,0.0,0.0
2025/05/19 02:27:25.488282511,False,False,False,False,False,False,False,False,False,False,False,False,False,0.0,0.0,0.0,0.0,287.0,0.0,0.0,0.0,0.0,0.0,0.0,0.0,0.0,0.0
2025/05/19 02:27:25.587744758,False,False,False,False,False,False,False,False,False,False,False,False,False,0.0,0.0,0.0,0.0,291.0,0.0,0.0,0.0,0.0,0.0,0.0,0.0,0.0,0.0
2025/05/19 02:27:25.692339080,False,False,False,False,False,False,False,False,False,False,False,False,False,0.0,0.0,0.0,0.0,295.0,0.0,0.0,0.0,0.0,0.0,0.0,0.0,0.0,0.0
2025/05/19 02:27:25.791459173,False,False,False,False,False,False,False,False,False,False,False,False,False,0.0,0.0,0.0,0.0,305.00000000000006,0.0,0.0,0.0,0.0,0.0,0.0,0.0,0.0,0.0
2025/05/19 02:27:25.884958334,False,False,False,False,False,False,False,False,False,False,False,False,False,0.0,0.0,0.0,0.0,305.00000000000006,0.0,0.0,0.0,0.0,0.0,0.0,0.0,0.0,0.0
2025/05/19 02:27:25.984849536,False,False,False,False,False,False,False,False,False,False,False,False,False,0.0,0.0,0.0,0.0,309.99999999999994,0.0,0.0,0.0,0.0,0.0,0.0,0.0,0.0,0.0
2025/05/19 02:27:26.89282461,False,False,False,False,False,False,False,False,False,False,False,False,False,0.0,0.0,0.0,0.0,315.0,0.0,0.0,0.0,0.0,0.0,0.0,0.0,0.0,0.0
2025/05/19 02:27:26.186682106,False,False,False,False,False,False,False,False,False,False,False,False,False,0.0,0.0,0.0,0.0,320.0,0.0,0.0,0.0,0.0,0.0,0.0,0.0,0.0,0.0
2025/05/19 02:27:26.291220962,False,False,False,False,False,False,False,False,False,False,False,False,False,0.0,0.0,0.0,0.0,326.0,0.0,0.0,0.0,0.0,0.0,0.0,0.0,0.0,0.0
2025/05/19 02:27:26.391841199,False,False,False,False,False,False,False,False,False,False,False,False,False,0.0,0.0,0.0,0.0,337.0,0.0,0.0,0.0,0.0,0.0,0.0,0.0,0.0,0.0
2025/05/19 02:27:26.492685879,False,False,False,False,False,False,False,False,False,False,False,False,False,0.0,0.0,0.0,0.0,337.0,0.0,0.0,0.0,0.0,0.0,0.0,0.0,0.0,0.0
2025/05/19 02:27:26.583815460,False,False,False,False,False,False,False,False,False,False,False,False,False,0.0,0.0,0.0,0.0,336.0,0.0,0.0,0.0,0.0,0.0,0.0,0.0,0.0,0.0
2025/05/19 02:27:26.684615457,False,False,False,False,False,False,False,False,False,False,False,False,False,0.0,0.0,0.0,0.0,340.99999999999994,0.0,0.0,0.0,0.0,0.0,0.0,0.0,0.0,0.0
2025/05/19 02:27:26.786344621,False,False,False,False,False,False,False,False,False,False,False,False,False,0.0,0.0,0.0,0.0,347.0,0.0,0.0,0.0,0.0,0.0,0.0,0.0,0.0,0.0
2025/05/19 02:27:26.886930250,False,False,False,False,False,False,False,False,False,False,False,False,False,0.0,0.0,0.0,0.0,353.0,0.0,0.0,0.0,0.0,0.0,0.0,0.0,0.0,0.0
2025/05/19 02:27:26.987620259,False,False,False,False,False,False,False,False,False,False,False,False,False,0.0,0.0,0.0,0.0,360.0,0.0,0.0,0.0,0.0,0.0,0.0,0.0,0.0,0.0
2025/05/19 02:27:27.90372916,False,False,False,False,False,False,False,False,False,False,False,False,False,0.0,0.0,0.0,0.0,367.0,0.0,0.0,0.0,0.0,0.0,0.0,0.0,0.0,0.0
2025/05/19 02:27:27.192341775,False,False,False,False,False,False,False,False,False,False,False,False,False,0.0,0.0,0.0,0.0,374.0,0.0,0.0,0.0,0.0,0.0,0.0,0.0,0.0,0.0
2025/05/19 02:27:27.282421816,False,False,False,False,False,False,False,False,False,False,False,False,False,0.0,0.0,0.0,0.0,380.00000000000006,0.0,0.0,0.0,0.0,0.0,0.0,0.0,0.0,0.0
2025/05/19 02:27:27.386999619,False,False,False,False,False,False,False,False,False,False,False,False,False,0.0,0.0,0.0,0.0,387.99999999999994,0.0,0.0,0.0,0.0,0.0,0.0,0.0,0.0,0.0
2025/05/19 02:27:27.486527334,False,False,False,False,False,False,False,False,False,False,False,False,False,0.0,0.0,0.0,0.0,395.0,0.0,0.0,0.0,0.0,0.0,0.0,0.0,0.0,0.0
2025/05/19 02:27:27.590947705,False,False,False,False,False,False,False,False,False,False,False,False,False,0.0,0.0,0.0,0.0,396.0,0.0,0.0,0.0,0.0,0.0,0.0,0.0,0.0,0.0
2025/05/19 02:27:27.690662138,False,False,False,False,False,False,False,False,False,False,False,False,False,0.0,0.0,0.0,0.0,402.99999999999994,0.0,0.0,0.0,0.0,0.0,0.0,0.0,0.0,0.0
2025/05/19 02:27:27.792752465,False,False,False,False,False,False,False,False,False,False,False,False,False,0.0,0.0,0.0,0.0,410.00000000000006,0.0,0.0,0.0,0.0,0.0,0.0,0.0,0.0,0.0
2025/05/19 02:27:27.882600888,False,False,False,False,False,False,False,False,False,False,False,False,False,0.0,0.0,0.0,0.0,410.00000000000006,0.0,0.0,0.0,0.0,0.0,0.0,0.0,0.0,0.0
2025/05/19 02:27:27.984333212,False,False,False,False,False,False,False,False,False,False,False,False,False,0.0,0.0,0.0,0.0,416.99999999999994,0.0,0.0,0.0,0.0,0.0,0.0,0.0,0.0,0.0
2025/05/19 02:27:28.85520551,False,False,False,False,False,False,False,False,False,False,False,False,False,0.0,0.0,0.0,0.0,419.0,0.0,0.0,0.0,0.0,0.0,0.0,0.0,0.0,0.0
2025/05/19 02:27:28.188912694,False,False,False,False,False,False,False,False,False,False,False,False,False,0.0,0.0,0.0,0.0,419.0,0.0,0.0,0.0,0.0,0.0,0.0,0.0,0.0,0.0
2025/05/19 02:27:28.290295632,False,False,False,False,False,False,False,False,False,False,False,False,False,0.0,0.0,0.0,0.0,418.00000000000006,0.0,0.0,0.0,0.0,0.0,0.0,0.0,0.0,0.0
2025/05/19 02:27:28.389480513,False,False,False,False,False,False,False,False,False,False,False,False,False,0.0,0.0,0.0,0.0,413.0,0.0,0.0,0.0,0.0,0.0,0.0,0.0,0.0,0.0
2025/05/19 02:27:28.495403584,False,False,False,False,False,False,False,False,False,False,False,False,False,0.0,0.0,0.0,0.0,411.00000000000006,0.0,0.0,0.0,0.0,0.0,0.0,0.0,0.0,0.0
2025/05/19 02:27:28.591064289,False,False,False,False,False,False,False,False,False,False,False,False,False,0.0,0.0,0.0,0.0,431.0,0.0,0.0,0.0,0.0,0.0,0.0,0.0,0.0,0.0
2025/05/19 02:27:28.693861625,False,False,False,False,False,False,False,False,False,False,False,False,False,0.0,0.0,0.0,0.0,495.0,0.0,0.0,0.0,0.0,0.0,0.0,0.0,0.0,0.0
2025/05/19 02:27:28.785733275,False,False,False,False,False,False,False,False,False,False,False,False,False,0.0,0.0,0.0,0.0,495.0,0.0,0.0,0.0,0.0,0.0,0.0,0.0,0.0,0.0
2025/05/19 02:27:28.891499328,False,False,False,False,False,False,False,False,False,False,False,False,False,0.0,0.0,0.0,0.0,460.0,0.0,0.0,0.0,0.0,0.0,0.0,0.0,0.0,0.0
2025/05/19 02:27:28.988648252,False,False,False,False,False,False,False,False,False,False,False,False,False,0.0,0.0,0.0,0.0,425.0,0.0,0.0,0.0,0.0,0.0,0.0,0.0,0.0,0.0
2025/05/19 02:27:29.91410399,False,False,False,False,False,False,False,False,False,False,False,False,False,0.0,0.0,0.0,0.0,399.0,0.0,0.0,0.0,0.0,0.0,0.0,0.0,0.0,0.0
2025/05/19 02:27:29.188410643,False,False,False,False,False,False,False,False,False,False,False,False,False,0.0,0.0,0.0,0.0,399.0,0.0,0.0,0.0,0.0,0.0,0.0,0.0,0.0,0.0
2025/05/19 02:27:29.287418503,False,False,False,False,False,False,False,False,False,False,False,False,False,0.0,0.0,0.0,0.0,399.0,0.0,0.0,0.0,0.0,0.0,0.0,0.0,0.0,0.0
2025/05/19 02:27:29.387537108,False,False,False,False,False,False,False,False,False,False,False,False,False,0.0,0.0,0.0,0.0,400.0,0.0,0.0,0.0,0.0,0.0,0.0,0.0,0.0,0.0
2025/05/19 02:27:29.489338334,False,False,False,False,False,False,False,False,False,False,False,False,False,0.0,0.0,0.0,0.0,333.0,0.0,0.0,0.0,0.0,0.0,0.0,0.0,0.0,0.0
2025/05/19 02:27:29.590434376,False,False,False,False,False,False,False,False,False,False,False,False,False,0.0,0.0,0.0,0.0,333.0,0.0,0.0,0.0,0.0,0.0,0.0,0.0,0.0,0.0
2025/05/19 02:27:29.696093618,False,False,False,False,False,False,False,False,False,False,False,False,False,0.0,0.0,0.0,0.0,332.00000000000006,0.0,0.0,0.0,0.0,0.0,0.0,0.0,0.0,0.0
2025/05/19 02:27:29.783448216,False,False,False,False,False,False,False,False,False,False,False,False,False,0.0,0.0,0.0,0.0,366.0,0.0,0.0,0.0,0.0,0.0,0.0,0.0,0.0,0.0
2025/05/19 02:27:29.885428699,False,False,False,False,False,False,False,False,False,False,False,False,False,0.0,0.0,0.0,0.0,366.0,0.0,0.0,0.0,0.0,0.0,0.0,0.0,0.0,0.0
2025/05/19 02:27:29.983559123,False,False,False,False,False,False,False,False,False,False,False,False,False,0.0,0.0,0.0,0.0,387.0,0.0,0.0,0.0,0.0,0.0,0.0,0.0,0.0,0.0
2025/05/19 02:27:30.87318133,False,False,False,False,False,False,False,False,False,False,False,False,False,0.0,0.0,0.0,0.0,389.99999999999994,0.0,0.0,0.0,0.0,0.0,0.0,0.0,0.0,0.0
2025/05/19 02:27:30.185789910,False,False,False,False,False,False,False,False,False,False,False,False,False,0.0,0.0,0.0,0.0,394.0,0.0,0.0,0.0,0.0,0.0,0.0,0.0,0.0,0.0
2025/05/19 02:27:30.288983972,False,False,False,False,False,False,False,False,False,False,False,False,False,0.0,0.0,0.0,0.0,399.0,0.0,0.0,0.0,0.0,0.0,0.0,0.0,0.0,0.0
2025/05/19 02:27:30.387881868,False,False,False,False,False,False,False,False,False,False,False,False,False,0.0,0.0,0.0,0.0,402.99999999999994,0.0,0.0,0.0,0.0,0.0,0.0,0.0,0.0,0.0
2025/05/19 02:27:30.495084721,False,False,False,False,False,False,False,False,False,False,False,False,False,0.0,0.0,0.0,0.0,429.00000000000006,0.0,0.0,0.0,0.0,0.0,0.0,0.0,0.0,0.0
2025/05/19 02:27:30.583902924,False,False,False,False,False,False,False,False,False,False,False,False,False,0.0,0.0,0.0,0.0,429.00000000000006,0.0,0.0,0.0,0.0,0.0,0.0,0.0,0.0,0.0
2025/05/19 02:27:30.683989489,False,False,False,False,False,False,False,False,False,False,False,False,False,0.0,0.0,0.0,0.0,454.0,0.0,0.0,0.0,0.0,0.0,0.0,0.0,0.0,0.0
2025/05/19 02:27:30.785737153,False,False,False,False,False,False,False,False,False,False,False,False,False,0.0,0.0,0.0,0.0,431.0,0.0,0.0,0.0,0.0,0.0,0.0,0.0,0.0,0.0
2025/05/19 02:27:30.888547835,False,False,False,False,False,False,False,False,False,False,False,False,False,0.0,0.0,0.0,0.0,409.0,0.0,0.0,0.0,0.0,0.0,0.0,0.0,0.0,0.0
2025/05/19 02:27:30.990328246,False,False,False,False,False,False,False,False,False,False,False,False,False,0.0,0.0,0.0,0.0,420.0,0.0,0.0,0.0,0.0,0.0,0.0,0.0,0.0,0.0
2025/05/19 02:27:31.90174735,False,False,False,False,False,False,False,False,False,False,False,False,False,0.0,0.0,0.0,0.0,426.00000000000006,0.0,0.0,0.0,0.0,0.0,0.0,0.0,0.0,0.0
2025/05/19 02:27:31.192884010,False,False,False,False,False,False,False,False,False,False,False,False,False,0.0,0.0,0.0,0.0,432.0,0.0,0.0,0.0,0.0,0.0,0.0,0.0,0.0,0.0
2025/05/19 02:27:31.293516959,False,False,False,False,False,False,False,False,False,False,False,False,False,0.0,0.0,0.0,0.0,438.00000000000006,0.0,0.0,0.0,0.0,0.0,0.0,0.0,0.0,0.0
2025/05/19 02:27:31.393433838,False,False,False,False,False,False,False,False,False,False,False,False,False,0.0,0.0,0.0,0.0,444.0,0.0,0.0,0.0,0.0,0.0,0.0,0.0,0.0,0.0
2025/05/19 02:27:31.485235323,False,False,False,False,False,False,False,False,False,False,False,False,False,0.0,0.0,0.0,0.0,449.99999999999994,0.0,0.0,0.0,0.0,0.0,0.0,0.0,0.0,0.0
2025/05/19 02:27:31.583680308,False,False,False,False,False,False,False,False,False,False,False,False,False,0.0,0.0,0.0,0.0,449.99999999999994,0.0,0.0,0.0,0.0,0.0,0.0,0.0,0.0,0.0
2025/05/19 02:27:31.685730800,False,False,False,False,False,False,False,False,False,False,False,False,False,0.0,0.0,0.0,0.0,473.0,0.0,0.0,0.0,0.0,0.0,0.0,0.0,0.0,0.0
2025/05/19 02:27:31.787600244,False,False,False,False,False,False,False,False,False,False,False,False,False,0.0,0.0,0.0,0.0,454.0,0.0,0.0,0.0,0.0,0.0,0.0,0.0,0.0,0.0
2025/05/19 02:27:31.887264211,False,False,False,False,False,False,False,False,False,False,False,False,False,0.0,0.0,0.0,0.0,453.00000000000006,0.0,0.0,0.0,0.0,0.0,0.0,0.0,0.0,0.0
2025/05/19 02:27:31.988993012,False,False,False,False,False,False,False,False,False,False,False,False,False,0.0,0.0,0.0,0.0,465.0,0.0,0.0,0.0,0.0,0.0,0.0,0.0,0.0,0.0
2025/05/19 02:27:32.90370822,False,False,False,False,False,False,False,False,False,False,False,False,False,0.0,0.0,0.0,0.0,472.0,0.0,0.0,0.0,0.0,0.0,0.0,0.0,0.0,0.0
2025/05/19 02:27:32.193732149,False,False,False,False,False,False,False,False,False,False,False,False,False,0.0,0.0,0.0,0.0,478.0,0.0,0.0,0.0,0.0,0.0,0.0,0.0,0.0,0.0
2025/05/19 02:27:32.292229616,False,False,False,False,False,False,False,False,False,False,False,False,False,0.0,0.0,0.0,0.0,478.0,0.0,0.0,0.0,0.0,0.0,0.0,0.0,0.0,0.0
2025/05/19 02:27:32.384353117,False,False,False,False,False,False,False,False,False,False,False,False,False,0.0,0.0,0.0,0.0,484.0,0.0,0.0,0.0,0.0,0.0,0.0,0.0,0.0,0.0
2025/05/19 02:27:32.483737619,False,False,False,False,False,False,False,False,False,False,False,False,False,0.0,0.0,0.0,0.0,491.0,0.0,0.0,0.0,0.0,0.0,0.0,0.0,0.0,0.0
2025/05/19 02:27:32.586771054,False,False,False,False,False,False,False,False,False,False,False,False,False,0.0,0.0,0.0,0.0,497.99999999999994,0.0,0.0,0.0,0.0,0.0,0.0,0.0,0.0,0.0
2025/05/19 02:27:32.687326044,False,False,False,False,False,False,False,False,False,False,False,False,False,0.0,0.0,0.0,0.0,444.0,0.0,0.0,0.0,0.0,0.0,0.0,0.0,0.0,0.0
2025/05/19 02:27:32.790110451,False,False,False,False,False,False,False,False,False,False,False,False,False,0.0,0.0,0.0,0.0,473.0,0.0,0.0,0.0,0.0,0.0,0.0,0.0,0.0,0.0
2025/05/19 02:27:32.888313395,False,False,False,False,False,False,False,False,False,False,False,False,False,0.0,0.0,0.0,0.0,482.0,0.0,0.0,0.0,0.0,0.0,0.0,0.0,0.0,0.0
2025/05/19 02:27:32.989800813,False,False,False,False,False,False,False,False,False,False,False,False,False,0.0,0.0,0.0,0.0,489.0,0.0,0.0,0.0,0.0,0.0,0.0,0.0,0.0,0.0
2025/05/19 02:27:33.89921716,False,False,False,False,False,False,False,False,False,False,False,False,False,0.0,0.0,0.0,0.0,502.0,0.0,0.0,0.0,0.0,0.0,0.0,0.0,0.0,0.0
2025/05/19 02:27:33.192385885,False,False,False,False,False,False,False,False,False,False,False,False,False,0.0,0.0,0.0,0.0,508.0,0.0,0.0,0.0,0.0,0.0,0.0,0.0,0.0,0.0
2025/05/19 02:27:33.291680692,False,False,False,False,False,False,False,False,False,False,False,False,False,0.0,0.0,0.0,0.0,515.0,0.0,0.0,0.0,0.0,0.0,0.0,0.0,0.0,0.0
2025/05/19 02:27:33.392742943,False,False,False,False,False,False,False,False,False,False,False,False,False,0.0,0.0,0.0,0.0,521.0,0.0,0.0,0.0,0.0,0.0,0.0,0.0,0.0,0.0
2025/05/19 02:27:33.482261371,False,False,False,False,False,False,False,False,False,False,False,False,False,0.0,0.0,0.0,0.0,521.0,0.0,0.0,0.0,0.0,0.0,0.0,0.0,0.0,0.0
2025/05/19 02:27:33.585903501,False,False,False,False,False,False,False,False,False,False,False,False,False,0.0,0.0,0.0,0.0,528.0,0.0,0.0,0.0,0.0,0.0,0.0,0.0,0.0,0.0
2025/05/19 02:27:33.684779764,False,False,False,False,False,False,False,False,False,False,False,False,False,0.0,0.0,0.0,0.0,416.00000000000006,0.0,0.0,0.0,0.0,0.0,0.0,0.0,0.0,0.0
2025/05/19 02:27:33.786945548,False,False,False,False,False,False,False,False,False,False,False,False,False,0.0,0.0,0.0,0.0,359.0,0.0,0.0,0.0,0.0,0.0,0.0,0.0,0.0,0.0
2025/05/19 02:27:33.887400197,False,False,False,False,False,False,False,False,False,False,False,False,False,0.0,0.0,0.0,0.0,393.0,0.0,0.0,0.0,0.0,0.0,0.0,0.0,0.0,0.0
2025/05/19 02:27:33.987570845,False,False,False,False,False,False,False,False,False,False,False,False,False,0.0,0.0,0.0,0.0,426.00000000000006,0.0,0.0,0.0,0.0,0.0,0.0,0.0,0.0,0.0
2025/05/19 02:27:34.91646789,False,False,False,False,False,False,False,False,False,False,False,False,False,0.0,0.0,0.0,0.0,457.0,0.0,0.0,0.0,0.0,0.0,0.0,0.0,0.0,0.0
2025/05/19 02:27:34.182870852,False,False,False,False,False,False,False,False,False,False,False,False,False,0.0,0.0,0.0,0.0,486.0000000000001,0.0,0.0,0.0,0.0,0.0,0.0,0.0,0.0,0.0
2025/05/19 02:27:34.285443573,False,False,False,False,False,False,False,False,False,False,False,False,False,0.0,0.0,0.0,0.0,515.0,0.0,0.0,0.0,0.0,0.0,0.0,0.0,0.0,0.0
2025/05/19 02:27:34.386607538,False,False,False,False,False,False,False,False,False,False,False,False,False,0.0,0.0,0.0,0.0,542.0,0.0,0.0,0.0,0.0,0.0,0.0,0.0,0.0,0.0
2025/05/19 02:27:34.492722396,False,False,False,False,False,False,False,False,False,False,False,False,False,0.0,0.0,0.0,0.0,549.0,0.0,0.0,0.0,0.0,0.0,0.0,0.0,0.0,0.0
2025/05/19 02:27:34.591796369,False,False,False,False,False,False,False,False,False,False,False,False,False,0.0,0.0,0.0,0.0,551.0,0.0,0.0,0.0,0.0,0.0,0.0,0.0,0.0,0.0
2025/05/19 02:27:34.691814923,False,False,False,False,False,False,False,False,False,False,False,False,False,0.0,0.0,0.0,0.0,551.0,0.0,0.0,0.0,0.0,0.0,0.0,0.0,0.0,0.0
2025/05/19 02:27:34.782544438,False,False,False,False,False,False,False,False,False,False,False,False,False,0.0,0.0,0.0,0.0,557.0,0.0,0.0,0.0,0.0,0.0,0.0,0.0,0.0,0.0
2025/05/19 02:27:34.884645289,False,False,False,False,False,False,False,False,False,False,False,False,False,0.0,0.0,0.0,0.0,563.0,0.0,0.0,0.0,0.0,0.0,0.0,0.0,0.0,0.0
2025/05/19 02:27:34.984388811,False,False,False,False,False,False,False,False,False,False,False,False,False,0.0,0.0,0.0,0.0,569.0,0.0,0.0,0.0,0.0,0.0,0.0,0.0,0.0,0.0
2025/05/19 02:27:35.87740034,False,False,False,False,False,False,False,False,False,False,False,False,False,0.0,0.0,0.0,0.0,574.0,0.0,0.0,0.0,0.0,0.0,0.0,0.0,0.0,0.0
2025/05/19 02:27:35.186782878,False,False,False,False,False,False,False,False,False,False,False,False,False,0.0,0.0,0.0,0.0,580.0,0.0,0.0,0.0,0.0,0.0,0.0,0.0,0.0,0.0
2025/05/19 02:27:35.291191881,False,False,False,False,False,False,False,False,False,False,False,False,False,0.0,0.0,0.0,0.0,585.0,0.0,0.0,0.0,0.0,0.0,0.0,0.0,0.0,0.0
2025/05/19 02:27:35.391756623,False,False,False,False,False,False,False,False,False,False,False,False,False,0.0,0.0,0.0,0.0,591.0,0.0,0.0,0.0,0.0,0.0,0.0,0.0,0.0,0.0
2025/05/19 02:27:35.493628891,False,False,False,False,False,False,False,False,False,False,False,False,False,0.0,0.0,0.0,0.0,599.0,0.0,0.0,0.0,0.0,0.0,0.0,0.0,0.0,0.0
2025/05/19 02:27:35.593002480,False,False,False,False,False,False,False,False,False,False,False,False,False,0.0,0.0,0.0,0.0,589.0,0.0,0.0,0.0,0.0,0.0,0.0,0.0,0.0,0.0
2025/05/19 02:27:35.687839941,False,False,False,False,False,False,False,False,False,False,False,False,False,0.0,0.0,0.0,0.0,589.0,0.0,0.0,0.0,0.0,0.0,0.0,0.0,0.0,0.0
2025/05/19 02:27:35.786159735,False,False,False,False,False,False,False,False,False,False,False,False,False,0.0,0.0,0.0,0.0,585.0,0.0,0.0,0.0,0.0,0.0,0.0,0.0,0.0,0.0
2025/05/19 02:27:35.893781557,False,False,False,False,False,False,False,False,False,False,False,False,False,0.0,0.0,0.0,0.0,591.0,0.0,0.0,0.0,0.0,0.0,0.0,0.0,0.0,0.0
2025/05/19 02:27:35.989506072,False,False,False,False,False,False,False,False,False,False,False,False,False,0.0,0.0,0.0,0.0,601.0,0.0,0.0,0.0,0.0,0.0,0.0,0.0,0.0,0.0
2025/05/19 02:27:36.93390961,False,False,False,False,False,False,False,False,False,False,False,False,False,0.0,0.0,0.0,0.0,606.0,0.0,0.0,0.0,0.0,0.0,0.0,0.0,0.0,0.0
2025/05/19 02:27:36.193666381,False,False,False,False,False,False,False,False,False,False,False,False,False,0.0,0.0,0.0,0.0,611.0,0.0,0.0,0.0,0.0,0.0,0.0,0.0,0.0,0.0
2025/05/19 02:27:36.284054377,False,False,False,False,False,False,False,False,False,False,False,False,False,0.0,0.0,0.0,0.0,611.0,0.0,0.0,0.0,0.0,0.0,0.0,0.0,0.0,0.0
2025/05/19 02:27:36.383665295,False,False,False,False,False,False,False,False,False,False,False,False,False,0.0,0.0,0.0,0.0,616.0,0.0,0.0,0.0,0.0,0.0,0.0,0.0,0.0,0.0
2025/05/19 02:27:36.485380044,False,False,False,False,False,False,False,False,False,False,False,False,False,0.0,0.0,0.0,0.0,619.9999999999999,0.0,0.0,0.0,0.0,0.0,0.0,0.0,0.0,0.0
2025/05/19 02:27:36.585520818,False,False,False,False,False,False,False,False,False,False,False,False,False,0.0,0.0,0.0,0.0,625.0,0.0,0.0,0.0,0.0,0.0,0.0,0.0,0.0,0.0
2025/05/19 02:27:36.690454824,False,False,False,False,False,False,False,False,False,False,False,False,False,0.0,0.0,0.0,0.0,603.0,0.0,0.0,0.0,0.0,0.0,0.0,0.0,0.0,0.0
2025/05/19 02:27:36.789220369,False,False,False,False,False,False,False,False,False,False,False,False,False,0.0,0.0,0.0,0.0,608.0,0.0,0.0,0.0,0.0,0.0,0.0,0.0,0.0,0.0
2025/05/19 02:27:36.892704842,False,False,False,False,False,False,False,False,False,False,False,False,False,0.0,0.0,0.0,0.0,617.0,0.0,0.0,0.0,0.0,0.0,0.0,0.0,0.0,0.0
2025/05/19 02:27:36.993021059,False,False,False,False,False,False,False,False,False,False,False,False,False,0.0,0.0,0.0,0.0,622.0,0.0,0.0,0.0,0.0,0.0,0.0,0.0,0.0,0.0
2025/05/19 02:27:37.91741237,False,False,False,False,False,False,False,False,False,False,False,False,False,0.0,0.0,0.0,0.0,626.0,0.0,0.0,0.0,0.0,0.0,0.0,0.0,0.0,0.0
2025/05/19 02:27:37.185172222,False,False,False,False,False,False,False,False,False,False,False,False,False,0.0,0.0,0.0,0.0,626.0,0.0,0.0,0.0,0.0,0.0,0.0,0.0,0.0,0.0
2025/05/19 02:27:37.285089991,False,False,False,False,False,False,False,False,False,False,False,False,False,0.0,0.0,0.0,0.0,631.0,0.0,0.0,0.0,0.0,0.0,0.0,0.0,0.0,0.0
2025/05/19 02:27:37.385580943,False,False,False,False,False,False,False,False,False,False,False,False,False,0.0,0.0,0.0,0.0,634.9999999999999,0.0,0.0,0.0,0.0,0.0,0.0,0.0,0.0,0.0
2025/05/19 02:27:37.487611654,False,False,False,False,False,False,False,False,False,False,False,False,False,0.0,0.0,0.0,0.0,638.9999999999999,0.0,0.0,0.0,0.0,0.0,0.0,0.0,0.0,0.0
2025/05/19 02:27:37.593907899,False,False,False,False,False,False,False,False,False,False,False,False,False,0.0,0.0,0.0,0.0,630.0,0.0,0.0,0.0,0.0,0.0,0.0,0.0,0.0,0.0
2025/05/19 02:27:37.685005342,False,False,False,False,False,False,False,False,False,False,False,False,False,0.0,0.0,0.0,0.0,630.0,0.0,0.0,0.0,0.0,0.0,0.0,0.0,0.0,0.0
2025/05/19 02:27:37.784876325,False,False,False,False,False,False,False,False,False,False,False,False,False,0.0,0.0,0.0,0.0,638.9999999999999,0.0,0.0,0.0,0.0,0.0,0.0,0.0,0.0,0.0
2025/05/19 02:27:37.887411245,False,False,False,False,False,False,False,False,False,False,False,False,False,0.0,0.0,0.0,0.0,643.0,0.0,0.0,0.0,0.0,0.0,0.0,0.0,0.0,0.0
2025/05/19 02:27:37.993026871,False,False,False,False,False,False,False,False,False,False,False,False,False,0.0,0.0,0.0,0.0,647.0,0.0,0.0,0.0,0.0,0.0,0.0,0.0,0.0,0.0
2025/05/19 02:27:38.92736860,False,False,False,False,False,False,False,False,False,False,False,False,False,0.0,0.0,0.0,0.0,655.0000000000001,0.0,0.0,0.0,0.0,0.0,0.0,0.0,0.0,0.0
2025/05/19 02:27:38.194251212,False,False,False,False,False,False,False,False,False,False,False,False,False,0.0,0.0,0.0,0.0,659.0,0.0,0.0,0.0,0.0,0.0,0.0,0.0,0.0,0.0
2025/05/19 02:27:38.292594103,False,False,False,False,False,False,False,False,False,False,False,False,False,0.0,0.0,0.0,0.0,662.9999999999999,0.0,0.0,0.0,0.0,0.0,0.0,0.0,0.0,0.0
2025/05/19 02:27:38.383378723,False,False,False,False,False,False,False,False,False,False,False,False,False,0.0,0.0,0.0,0.0,662.9999999999999,0.0,0.0,0.0,0.0,0.0,0.0,0.0,0.0,0.0
2025/05/19 02:27:38.483510920,False,False,False,False,False,False,False,False,False,False,False,False,False,0.0,0.0,0.0,0.0,666.9999999999999,0.0,0.0,0.0,0.0,0.0,0.0,0.0,0.0,0.0
2025/05/19 02:27:38.587693758,False,False,False,False,False,False,False,False,False,False,False,False,False,0.0,0.0,0.0,0.0,638.9999999999999,0.0,0.0,0.0,0.0,0.0,0.0,0.0,0.0,0.0
2025/05/19 02:27:38.685612253,False,False,False,False,False,False,False,False,False,False,False,False,False,0.0,0.0,0.0,0.0,661.0,0.0,0.0,0.0,0.0,0.0,0.0,0.0,0.0,0.0
2025/05/19 02:27:38.787713103,False,False,False,False,False,False,False,False,False,False,False,False,False,0.0,0.0,0.0,0.0,666.0,0.0,0.0,0.0,0.0,0.0,0.0,0.0,0.0,0.0
2025/05/19 02:27:38.888450790,False,False,False,False,False,False,False,False,False,False,False,False,False,0.0,0.0,0.0,0.0,670.0,0.0,0.0,0.0,0.0,0.0,0.0,0.0,0.0,0.0
2025/05/19 02:27:38.989898144,False,False,False,False,False,False,False,False,False,False,False,False,False,0.0,0.0,0.0,0.0,673.0,0.0,0.0,0.0,0.0,0.0,0.0,0.0,0.0,0.0
2025/05/19 02:27:39.93254947,False,False,False,False,False,False,False,False,False,False,False,False,False,0.0,0.0,0.0,0.0,677.0,0.0,0.0,0.0,0.0,0.0,0.0,0.0,0.0,0.0
2025/05/19 02:27:39.191349944,False,False,False,False,False,False,False,False,False,False,False,False,False,0.0,0.0,0.0,0.0,683.9999999999999,0.0,0.0,0.0,0.0,0.0,0.0,0.0,0.0,0.0
2025/05/19 02:27:39.288111906,False,False,False,False,False,False,False,False,False,False,False,False,False,0.0,0.0,0.0,0.0,683.9999999999999,0.0,0.0,0.0,0.0,0.0,0.0,0.0,0.0,0.0
2025/05/19 02:27:39.388016548,False,False,False,False,False,False,False,False,False,False,False,False,False,0.0,0.0,0.0,0.0,687.0000000000001,0.0,0.0,0.0,0.0,0.0,0.0,0.0,0.0,0.0
2025/05/19 02:27:39.488385787,False,False,False,False,False,False,False,False,False,False,False,False,False,0.0,0.0,0.0,0.0,690.0000000000001,0.0,0.0,0.0,0.0,0.0,0.0,0.0,0.0,0.0
2025/05/19 02:27:39.590968369,False,False,False,False,False,False,False,False,False,False,False,False,False,0.0,0.0,0.0,0.0,692.0,0.0,0.0,0.0,0.0,0.0,0.0,0.0,0.0,0.0
2025/05/19 02:27:39.694631943,False,False,False,False,False,False,False,False,False,False,False,False,False,0.0,0.0,0.0,0.0,698.0,0.0,0.0,0.0,0.0,0.0,0.0,0.0,0.0,0.0
2025/05/19 02:27:39.783813374,False,False,False,False,False,False,False,False,False,False,False,False,False,0.0,0.0,0.0,0.0,698.0,0.0,0.0,0.0,0.0,0.0,0.0,0.0,0.0,0.0
2025/05/19 02:27:39.886436641,False,False,False,False,False,False,False,False,False,False,False,False,False,0.0,0.0,0.0,0.0,701.0,0.0,0.0,0.0,0.0,0.0,0.0,0.0,0.0,0.0
2025/05/19 02:27:39.987095176,False,False,False,False,False,False,False,False,False,False,False,False,False,0.0,0.0,0.0,0.0,704.0,0.0,0.0,0.0,0.0,0.0,0.0,0.0,0.0,0.0
2025/05/19 02:27:40.91372537,False,False,False,False,False,False,False,False,False,False,False,False,False,0.0,0.0,0.0,0.0,706.9999999999999,0.0,0.0,0.0,0.0,0.0,0.0,0.0,0.0,0.0
2025/05/19 02:27:40.191399818,False,False,False,False,False,False,False,False,False,False,False,False,False,0.0,0.0,0.0,0.0,709.9999999999999,0.0,0.0,0.0,0.0,0.0,0.0,0.0,0.0,0.0
2025/05/19 02:27:40.283356582,False,False,False,False,False,False,False,False,False,False,False,False,False,0.0,0.0,0.0,0.0,713.0,0.0,0.0,0.0,0.0,0.0,0.0,0.0,0.0,0.0
2025/05/19 02:27:40.383849050,False,False,False,False,False,False,False,False,False,False,False,False,False,0.0,0.0,0.0,0.0,716.0,0.0,0.0,0.0,0.0,0.0,0.0,0.0,0.0,0.0
2025/05/19 02:27:40.485212651,False,False,False,False,False,False,False,False,False,False,False,False,False,0.0,0.0,0.0,0.0,719.0,0.0,0.0,0.0,0.0,0.0,0.0,0.0,0.0,0.0
2025/05/19 02:27:40.587726406,False,False,False,False,False,False,False,False,False,False,False,False,False,0.0,0.0,0.0,0.0,717.0,0.0,0.0,0.0,0.0,0.0,0.0,0.0,0.0,0.0
2025/05/19 02:27:40.690357326,False,False,False,False,False,False,False,False,False,False,False,False,False,0.0,0.0,0.0,0.0,720.0,0.0,0.0,0.0,0.0,0.0,0.0,0.0,0.0,0.0
2025/05/19 02:27:40.787992166,False,False,False,False,False,False,False,False,False,False,False,False,False,0.0,0.0,0.0,0.0,721.9999999999999,0.0,0.0,0.0,0.0,0.0,0.0,0.0,0.0,0.0
2025/05/19 02:27:40.892917261,False,False,False,False,False,False,False,False,False,False,False,False,False,0.0,0.0,0.0,0.0,725.0,0.0,0.0,0.0,0.0,0.0,0.0,0.0,0.0,0.0
2025/05/19 02:27:40.992308494,False,False,False,False,False,False,False,False,False,False,False,False,False,0.0,0.0,0.0,0.0,730.0000000000001,0.0,0.0,0.0,0.0,0.0,0.0,0.0,0.0,0.0
2025/05/19 02:27:41.93546278,False,False,False,False,False,False,False,False,False,False,False,False,False,0.0,0.0,0.0,0.0,732.9999999999999,0.0,0.0,0.0,0.0,0.0,0.0,0.0,0.0,0.0
2025/05/19 02:27:41.184078088,False,False,False,False,False,False,False,False,False,False,False,False,False,0.0,0.0,0.0,0.0,732.9999999999999,0.0,0.0,0.0,0.0,0.0,0.0,0.0,0.0,0.0
2025/05/19 02:27:41.285322437,False,False,False,False,False,False,False,False,False,False,False,False,False,0.0,0.0,0.0,0.0,735.0,0.0,0.0,0.0,0.0,0.0,0.0,0.0,0.0,0.0
2025/05/19 02:27:41.385400704,False,False,False,False,False,False,False,False,False,False,False,False,False,0.0,0.0,0.0,0.0,737.9999999999999,0.0,0.0,0.0,0.0,0.0,0.0,0.0,0.0,0.0
2025/05/19 02:27:41.488434172,False,False,False,False,False,False,False,False,False,False,False,False,False,0.0,0.0,0.0,0.0,739.9999999999999,0.0,0.0,0.0,0.0,0.0,0.0,0.0,0.0,0.0
2025/05/19 02:27:41.589922381,False,False,False,False,False,False,False,False,False,False,False,False,False,0.0,0.0,0.0,0.0,702.9999999999999,0.0,0.0,0.0,0.0,0.0,0.0,0.0,0.0,0.0
2025/05/19 02:27:41.691985138,False,False,False,False,False,False,False,False,False,False,False,False,False,0.0,0.0,0.0,0.0,713.9999999999999,0.0,0.0,0.0,0.0,0.0,0.0,0.0,0.0,0.0
2025/05/19 02:27:41.792274455,False,False,False,False,False,False,False,False,False,False,False,False,False,0.0,0.0,0.0,0.0,737.0000000000001,0.0,0.0,0.0,0.0,0.0,0.0,0.0,0.0,0.0
2025/05/19 02:27:41.892243785,False,False,False,False,False,False,False,False,False,False,False,False,False,0.0,0.0,0.0,0.0,737.0000000000001,0.0,0.0,0.0,0.0,0.0,0.0,0.0,0.0,0.0
2025/05/19 02:27:41.982821936,False,False,False,False,False,False,False,False,False,False,False,False,False,0.0,0.0,0.0,0.0,739.0,0.0,0.0,0.0,0.0,0.0,0.0,0.0,0.0,0.0
2025/05/19 02:27:42.86260289,False,False,False,False,False,False,False,False,False,False,False,False,False,0.0,0.0,0.0,0.0,741.0000000000001,0.0,0.0,0.0,0.0,0.0,0.0,0.0,0.0,0.0
2025/05/19 02:27:42.186056794,False,False,False,False,False,False,False,False,False,False,False,False,False,0.0,0.0,0.0,0.0,744.0,0.0,0.0,0.0,0.0,0.0,0.0,0.0,0.0,0.0
2025/05/19 02:27:42.289155506,False,False,False,False,False,False,False,False,False,False,False,False,False,0.0,0.0,0.0,0.0,746.0,0.0,0.0,0.0,0.0,0.0,0.0,0.0,0.0,0.0
2025/05/19 02:27:42.391593705,False,False,False,False,False,False,False,False,False,False,False,False,False,0.0,0.0,0.0,0.0,750.0,0.0,0.0,0.0,0.0,0.0,0.0,0.0,0.0,0.0
2025/05/19 02:27:42.494290364,False,False,False,False,False,False,False,False,False,False,False,False,False,0.0,0.0,0.0,0.0,750.0,0.0,0.0,0.0,0.0,0.0,0.0,0.0,0.0,0.0
2025/05/19 02:27:42.594400939,False,False,False,False,False,False,False,False,False,False,False,False,False,0.0,0.0,0.0,0.0,777.0,0.0,0.0,0.0,0.0,0.0,0.0,0.0,0.0,0.0
2025/05/19 02:27:42.683185620,False,False,False,False,False,False,False,False,False,False,False,False,False,0.0,0.0,0.0,0.0,777.0,0.0,0.0,0.0,0.0,0.0,0.0,0.0,0.0,0.0
2025/05/19 02:27:42.784868247,False,False,False,False,False,False,False,False,False,False,False,False,False,0.0,0.0,0.0,0.0,764.0,0.0,0.0,0.0,0.0,0.0,0.0,0.0,0.0,0.0
2025/05/19 02:27:42.885082340,False,False,False,False,False,False,False,False,False,False,False,False,False,0.0,0.0,0.0,0.0,752.0,0.0,0.0,0.0,0.0,0.0,0.0,0.0,0.0,0.0
2025/05/19 02:27:42.987915854,False,False,False,False,False,False,False,False,False,False,False,False,False,0.0,0.0,0.0,0.0,737.9999999999999,0.0,0.0,0.0,0.0,0.0,0.0,0.0,0.0,0.0
2025/05/19 02:27:43.86672768,False,False,False,False,False,False,False,False,False,False,False,False,False,0.0,0.0,0.0,0.0,736.0,0.0,0.0,0.0,0.0,0.0,0.0,0.0,0.0,0.0
2025/05/19 02:27:43.187844822,False,False,False,False,False,False,False,False,False,False,False,False,False,0.0,0.0,0.0,0.0,737.9999999999999,0.0,0.0,0.0,0.0,0.0,0.0,0.0,0.0,0.0
2025/05/19 02:27:43.288534348,False,False,False,False,False,False,False,False,False,False,False,False,False,0.0,0.0,0.0,0.0,739.9999999999999,0.0,0.0,0.0,0.0,0.0,0.0,0.0,0.0,0.0
2025/05/19 02:27:43.391493558,False,False,False,False,False,False,False,False,False,False,False,False,False,0.0,0.0,0.0,0.0,742.0,0.0,0.0,0.0,0.0,0.0,0.0,0.0,0.0,0.0
2025/05/19 02:27:43.489689797,False,False,False,False,False,False,False,False,False,False,False,False,False,0.0,0.0,0.0,0.0,744.0,0.0,0.0,0.0,0.0,0.0,0.0,0.0,0.0,0.0
2025/05/19 02:27:43.592035315,False,False,False,False,False,False,False,False,False,False,False,False,False,0.0,0.0,0.0,0.0,711.0,0.0,0.0,0.0,0.0,0.0,0.0,0.0,0.0,0.0
2025/05/19 02:27:43.691718236,False,False,False,False,False,False,False,False,False,False,False,False,False,0.0,0.0,0.0,0.0,713.0,0.0,0.0,0.0,0.0,0.0,0.0,0.0,0.0,0.0
2025/05/19 02:27:43.783017301,False,False,False,False,False,False,False,False,False,False,False,False,False,0.0,0.0,0.0,0.0,713.0,0.0,0.0,0.0,0.0,0.0,0.0,0.0,0.0,0.0
2025/05/19 02:27:43.883459637,False,False,False,False,False,False,False,False,False,False,False,False,False,0.0,0.0,0.0,0.0,715.0000000000001,0.0,0.0,0.0,0.0,0.0,0.0,0.0,0.0,0.0
2025/05/19 02:27:43.984762588,False,False,False,False,False,False,False,False,False,False,False,False,False,0.0,0.0,0.0,0.0,717.0,0.0,0.0,0.0,0.0,0.0,0.0,0.0,0.0,0.0
2025/05/19 02:27:44.85411723,False,False,False,False,False,False,False,False,False,False,False,False,False,0.0,0.0,0.0,0.0,719.0,0.0,0.0,0.0,0.0,0.0,0.0,0.0,0.0,0.0
2025/05/19 02:27:44.189396810,False,False,False,False,False,False,False,False,False,False,False,False,False,0.0,0.0,0.0,0.0,721.0,0.0,0.0,0.0,0.0,0.0,0.0,0.0,0.0,0.0
2025/05/19 02:27:44.289442961,False,False,False,False,False,False,False,False,False,False,False,False,False,0.0,0.0,0.0,0.0,723.0,0.0,0.0,0.0,0.0,0.0,0.0,0.0,0.0,0.0
2025/05/19 02:27:44.395553646,False,False,False,False,False,False,False,False,False,False,False,False,False,0.0,0.0,0.0,0.0,725.0,0.0,0.0,0.0,0.0,0.0,0.0,0.0,0.0,0.0
2025/05/19 02:27:44.491586688,False,False,False,False,False,False,False,False,False,False,False,False,False,0.0,0.0,0.0,0.0,699.9999999999999,0.0,0.0,0.0,0.0,0.0,0.0,0.0,0.0,0.0
2025/05/19 02:27:44.583720480,False,False,False,False,False,False,False,False,False,False,False,False,False,0.0,0.0,0.0,0.0,699.9999999999999,0.0,0.0,0.0,0.0,0.0,0.0,0.0,0.0,0.0
2025/05/19 02:27:44.682808358,False,False,False,False,False,False,False,False,False,False,False,False,False,0.0,0.0,0.0,0.0,683.9999999999999,0.0,0.0,0.0,0.0,0.0,0.0,0.0,0.0,0.0
2025/05/19 02:27:44.788252831,False,False,False,False,False,False,False,False,False,False,False,False,False,0.0,0.0,0.0,0.0,687.0000000000001,0.0,0.0,0.0,0.0,0.0,0.0,0.0,0.0,0.0
2025/05/19 02:27:44.887771604,False,False,False,False,False,False,False,False,False,False,False,False,False,0.0,0.0,0.0,0.0,689.0,0.0,0.0,0.0,0.0,0.0,0.0,0.0,0.0,0.0
2025/05/19 02:27:44.989407910,False,False,False,False,False,False,False,False,False,False,False,False,False,0.0,0.0,0.0,0.0,691.0,0.0,0.0,0.0,0.0,0.0,0.0,0.0,0.0,0.0
2025/05/19 02:27:45.89222419,False,False,False,False,False,False,False,False,False,False,False,False,False,0.0,0.0,0.0,0.0,692.9999999999999,0.0,0.0,0.0,0.0,0.0,0.0,0.0,0.0,0.0
2025/05/19 02:27:45.189825912,False,False,False,False,False,False,False,False,False,False,False,False,False,0.0,0.0,0.0,0.0,695.0,0.0,0.0,0.0,0.0,0.0,0.0,0.0,0.0,0.0
2025/05/19 02:27:45.284860492,False,False,False,False,False,False,False,False,False,False,False,False,False,0.0,0.0,0.0,0.0,697.0,0.0,0.0,0.0,0.0,0.0,0.0,0.0,0.0,0.0
2025/05/19 02:27:45.385565079,False,False,False,False,False,False,False,False,False,False,False,False,False,0.0,0.0,0.0,0.0,699.0,0.0,0.0,0.0,0.0,0.0,0.0,0.0,0.0,0.0
2025/05/19 02:27:45.489004803,False,False,False,False,False,False,False,False,False,False,False,False,False,0.0,0.0,0.0,0.0,701.0,0.0,0.0,0.0,0.0,0.0,0.0,0.0,0.0,0.0
2025/05/19 02:27:45.588133999,False,False,False,False,False,False,False,False,False,False,False,False,False,0.0,0.0,0.0,0.0,651.0,0.0,0.0,0.0,0.0,0.0,0.0,0.0,0.0,0.0
2025/05/19 02:27:45.685545897,False,False,False,False,False,False,False,False,False,False,False,False,False,0.0,0.0,0.0,0.0,654.0,0.0,0.0,0.0,0.0,0.0,0.0,0.0,0.0,0.0
2025/05/19 02:27:45.789575762,False,False,False,False,False,False,False,False,False,False,False,False,False,0.0,0.0,0.0,0.0,655.9999999999999,0.0,0.0,0.0,0.0,0.0,0.0,0.0,0.0,0.0
2025/05/19 02:27:45.898170451,False,False,False,False,False,False,False,False,False,False,False,False,False,0.0,0.0,0.0,0.0,658.0,0.0,0.0,0.0,0.0,0.0,0.0,0.0,0.0,0.0
2025/05/19 02:27:45.986706258,False,False,False,False,False,False,False,False,False,False,False,False,False,0.0,0.0,0.0,0.0,659.9999999999999,0.0,0.0,0.0,0.0,0.0,0.0,0.0,0.0,0.0
2025/05/19 02:27:46.84962571,False,False,False,False,False,False,False,False,False,False,False,False,False,0.0,0.0,0.0,0.0,662.0,0.0,0.0,0.0,0.0,0.0,0.0,0.0,0.0,0.0
2025/05/19 02:27:46.186435964,False,False,False,False,False,False,False,False,False,False,False,False,False,0.0,0.0,0.0,0.0,664.0000000000001,0.0,0.0,0.0,0.0,0.0,0.0,0.0,0.0,0.0
2025/05/19 02:27:46.286240782,False,False,False,False,False,False,False,False,False,False,False,False,False,0.0,0.0,0.0,0.0,666.0,0.0,0.0,0.0,0.0,0.0,0.0,0.0,0.0,0.0
2025/05/19 02:27:46.388046718,False,False,False,False,False,False,False,False,False,False,False,False,False,0.0,0.0,0.0,0.0,668.0000000000001,0.0,0.0,0.0,0.0,0.0,0.0,0.0,0.0,0.0
2025/05/19 02:27:46.490987029,False,False,False,False,False,False,False,False,False,False,False,False,False,0.0,0.0,0.0,0.0,670.0,0.0,0.0,0.0,0.0,0.0,0.0,0.0,0.0,0.0
2025/05/19 02:27:46.590221418,False,False,False,False,False,False,False,False,False,False,False,False,False,0.0,0.0,0.0,0.0,616.0,0.0,0.0,0.0,0.0,0.0,0.0,0.0,0.0,0.0
2025/05/19 02:27:46.683356834,False,False,False,False,False,False,False,False,False,False,False,False,False,0.0,0.0,0.0,0.0,617.9999999999999,0.0,0.0,0.0,0.0,0.0,0.0,0.0,0.0,0.0
2025/05/19 02:27:46.784780851,False,False,False,False,False,False,False,False,False,False,False,False,False,0.0,0.0,0.0,0.0,619.9999999999999,0.0,0.0,0.0,0.0,0.0,0.0,0.0,0.0,0.0
2025/05/19 02:27:46.885773718,False,False,False,False,False,False,False,False,False,False,False,False,False,0.0,0.0,0.0,0.0,622.0,0.0,0.0,0.0,0.0,0.0,0.0,0.0,0.0,0.0
2025/05/19 02:27:46.989213685,False,False,False,False,False,False,False,False,False,False,False,False,False,0.0,0.0,0.0,0.0,624.0,0.0,0.0,0.0,0.0,0.0,0.0,0.0,0.0,0.0
2025/05/19 02:27:47.88325888,False,False,False,False,False,False,False,False,False,False,False,False,False,0.0,0.0,0.0,0.0,628.0,0.0,0.0,0.0,0.0,0.0,0.0,0.0,0.0,0.0
2025/05/19 02:27:47.189984739,False,False,False,False,False,False,False,False,False,False,False,False,False,0.0,0.0,0.0,0.0,628.0,0.0,0.0,0.0,0.0,0.0,0.0,0.0,0.0,0.0
2025/05/19 02:27:47.293525940,False,False,False,False,False,False,False,False,False,False,False,False,False,0.0,0.0,0.0,0.0,630.0,0.0,0.0,0.0,0.0,0.0,0.0,0.0,0.0,0.0
2025/05/19 02:27:47.393392838,False,False,False,False,False,False,False,False,False,False,False,False,False,0.0,0.0,0.0,0.0,634.0000000000001,0.0,0.0,0.0,0.0,0.0,0.0,0.0,0.0,0.0
2025/05/19 02:27:47.483883553,False,False,False,False,False,False,False,False,False,False,False,False,False,0.0,0.0,0.0,0.0,634.0000000000001,0.0,0.0,0.0,0.0,0.0,0.0,0.0,0.0,0.0
2025/05/19 02:27:47.584250500,False,False,False,False,False,False,False,False,False,False,False,False,False,0.0,0.0,0.0,0.0,546.9999999999999,0.0,0.0,0.0,0.0,0.0,0.0,0.0,0.0,0.0
2025/05/19 02:27:47.685648681,False,False,False,False,False,False,False,False,False,False,False,False,False,0.0,0.0,0.0,0.0,574.0,0.0,0.0,0.0,0.0,0.0,0.0,0.0,0.0,0.0
2025/05/19 02:27:47.786091917,False,False,False,False,False,False,False,False,False,False,False,False,False,0.0,0.0,0.0,0.0,588.0,0.0,0.0,0.0,0.0,0.0,0.0,0.0,0.0,0.0
2025/05/19 02:27:47.890852639,False,False,False,False,False,False,False,False,False,False,False,False,False,0.0,0.0,0.0,0.0,590.0,0.0,0.0,0.0,0.0,0.0,0.0,0.0,0.0,0.0
2025/05/19 02:27:47.987960421,False,False,False,False,False,False,False,False,False,False,False,False,False,0.0,0.0,0.0,0.0,593.0,0.0,0.0,0.0,0.0,0.0,0.0,0.0,0.0,0.0
2025/05/19 02:27:48.91719440,False,False,False,False,False,False,False,False,False,False,False,False,False,0.0,0.0,0.0,0.0,595.0,0.0,0.0,0.0,0.0,0.0,0.0,0.0,0.0,0.0
2025/05/19 02:27:48.191034286,False,False,False,False,False,False,False,False,False,False,False,False,False,0.0,0.0,0.0,0.0,597.0,0.0,0.0,0.0,0.0,0.0,0.0,0.0,0.0,0.0
2025/05/19 02:27:48.293238035,False,False,False,False,False,False,False,False,False,False,False,False,False,0.0,0.0,0.0,0.0,601.0,0.0,0.0,0.0,0.0,0.0,0.0,0.0,0.0,0.0
2025/05/19 02:27:48.392137734,False,False,False,False,False,False,False,False,False,False,False,False,False,0.0,0.0,0.0,0.0,602.0,0.0,0.0,0.0,0.0,0.0,0.0,0.0,0.0,0.0
2025/05/19 02:27:48.485163286,False,False,False,False,False,False,False,False,False,False,False,False,False,0.0,0.0,0.0,0.0,602.0,0.0,0.0,0.0,0.0,0.0,0.0,0.0,0.0,0.0
2025/05/19 02:27:48.585935272,False,False,False,False,False,False,False,False,False,False,False,False,False,0.0,0.0,0.0,0.0,514.0,0.0,0.0,0.0,0.0,0.0,0.0,0.0,0.0,0.0
2025/05/19 02:27:48.688262286,False,False,False,False,False,False,False,False,False,False,False,False,False,0.0,0.0,0.0,0.0,514.0,0.0,0.0,0.0,0.0,0.0,0.0,0.0,0.0,0.0
2025/05/19 02:27:48.787065670,False,False,False,False,False,False,False,False,False,False,False,False,False,0.0,0.0,0.0,0.0,542.0,0.0,0.0,0.0,0.0,0.0,0.0,0.0,0.0,0.0
2025/05/19 02:27:48.890502512,False,False,False,False,False,False,False,False,False,False,False,False,False,0.0,0.0,0.0,0.0,569.0,0.0,0.0,0.0,0.0,0.0,0.0,0.0,0.0,0.0
2025/05/19 02:27:48.990488708,False,False,False,False,False,False,False,False,False,False,False,False,False,0.0,0.0,0.0,0.0,575.0,0.0,0.0,0.0,0.0,0.0,0.0,0.0,0.0,0.0
2025/05/19 02:27:49.94416478,False,False,False,False,False,False,False,False,False,False,False,False,False,0.0,0.0,0.0,0.0,575.0,0.0,0.0,0.0,0.0,0.0,0.0,0.0,0.0,0.0
2025/05/19 02:27:49.184769541,False,False,False,False,False,False,False,False,False,False,False,False,False,0.0,0.0,0.0,0.0,576.0,0.0,0.0,0.0,0.0,0.0,0.0,0.0,0.0,0.0
2025/05/19 02:27:49.286145539,False,False,False,False,False,False,False,False,False,False,False,False,False,0.0,0.0,0.0,0.0,578.0,0.0,0.0,0.0,0.0,0.0,0.0,0.0,0.0,0.0
2025/05/19 02:27:49.387492722,False,False,False,False,False,False,False,False,False,False,False,False,False,0.0,0.0,0.0,0.0,580.0,0.0,0.0,0.0,0.0,0.0,0.0,0.0,0.0,0.0
2025/05/19 02:27:49.486971770,False,False,False,False,False,False,False,False,False,False,False,False,False,0.0,0.0,0.0,0.0,582.0,0.0,0.0,0.0,0.0,0.0,0.0,0.0,0.0,0.0
2025/05/19 02:27:49.588923037,False,False,False,False,False,False,False,False,False,False,False,False,False,0.0,0.0,0.0,0.0,554.0,0.0,0.0,0.0,0.0,0.0,0.0,0.0,0.0,0.0
2025/05/19 02:27:49.691083670,False,False,False,False,False,False,False,False,False,False,False,False,False,0.0,0.0,0.0,0.0,557.9999999999999,0.0,0.0,0.0,0.0,0.0,0.0,0.0,0.0,0.0
2025/05/19 02:27:49.794375857,False,False,False,False,False,False,False,False,False,False,False,False,False,0.0,0.0,0.0,0.0,559.9999999999999,0.0,0.0,0.0,0.0,0.0,0.0,0.0,0.0,0.0
2025/05/19 02:27:49.884602729,False,False,False,False,False,False,False,False,False,False,False,False,False,0.0,0.0,0.0,0.0,559.9999999999999,0.0,0.0,0.0,0.0,0.0,0.0,0.0,0.0,0.0
2025/05/19 02:27:49.986245655,False,False,False,False,False,False,False,False,False,False,False,False,False,0.0,0.0,0.0,0.0,561.0,0.0,0.0,0.0,0.0,0.0,0.0,0.0,0.0,0.0
2025/05/19 02:27:50.88018934,False,False,False,False,False,False,False,False,False,False,False,False,False,0.0,0.0,0.0,0.0,563.0,0.0,0.0,0.0,0.0,0.0,0.0,0.0,0.0,0.0
2025/05/19 02:27:50.190520251,False,False,False,False,False,False,False,False,False,False,False,False,False,0.0,0.0,0.0,0.0,565.0,0.0,0.0,0.0,0.0,0.0,0.0,0.0,0.0,0.0
2025/05/19 02:27:50.290547744,False,False,False,False,False,False,False,False,False,False,False,False,False,0.0,0.0,0.0,0.0,566.0,0.0,0.0,0.0,0.0,0.0,0.0,0.0,0.0,0.0
2025/05/19 02:27:50.391797814,False,False,False,False,False,False,False,False,False,False,False,False,False,0.0,0.0,0.0,0.0,568.0,0.0,0.0,0.0,0.0,0.0,0.0,0.0,0.0,0.0
2025/05/19 02:27:50.490435379,False,False,False,False,False,False,False,False,False,False,False,False,False,0.0,0.0,0.0,0.0,570.0,0.0,0.0,0.0,0.0,0.0,0.0,0.0,0.0,0.0
2025/05/19 02:27:50.591351895,False,False,False,False,False,False,False,False,False,False,False,False,False,0.0,0.0,0.0,0.0,544.0,0.0,0.0,0.0,0.0,0.0,0.0,0.0,0.0,0.0
2025/05/19 02:27:50.692144930,False,False,False,False,False,False,False,False,False,False,False,False,False,0.0,0.0,0.0,0.0,546.9999999999999,0.0,0.0,0.0,0.0,0.0,0.0,0.0,0.0,0.0
2025/05/19 02:27:50.784402816,False,False,False,False,False,False,False,False,False,False,False,False,False,0.0,0.0,0.0,0.0,546.9999999999999,0.0,0.0,0.0,0.0,0.0,0.0,0.0,0.0,0.0
2025/05/19 02:27:50.884162451,False,False,False,False,False,False,False,False,False,False,False,False,False,0.0,0.0,0.0,0.0,549.0,0.0,0.0,0.0,0.0,0.0,0.0,0.0,0.0,0.0
2025/05/19 02:27:50.985374843,False,False,False,False,False,False,False,False,False,False,False,False,False,0.0,0.0,0.0,0.0,550.0,0.0,0.0,0.0,0.0,0.0,0.0,0.0,0.0,0.0
2025/05/19 02:27:51.89579451,False,False,False,False,False,False,False,False,False,False,False,False,False,0.0,0.0,0.0,0.0,552.0,0.0,0.0,0.0,0.0,0.0,0.0,0.0,0.0,0.0
2025/05/19 02:27:51.194911411,False,False,False,False,False,False,False,False,False,False,False,False,False,0.0,0.0,0.0,0.0,554.0,0.0,0.0,0.0,0.0,0.0,0.0,0.0,0.0,0.0
2025/05/19 02:27:51.290434067,False,False,False,False,False,False,False,False,False,False,False,False,False,0.0,0.0,0.0,0.0,555.0,0.0,0.0,0.0,0.0,0.0,0.0,0.0,0.0,0.0
2025/05/19 02:27:51.393444977,False,False,False,False,False,False,False,False,False,False,False,False,False,0.0,0.0,0.0,0.0,557.9999999999999,0.0,0.0,0.0,0.0,0.0,0.0,0.0,0.0,0.0
2025/05/19 02:27:51.491760763,False,False,False,False,False,False,False,False,False,False,False,False,False,0.0,0.0,0.0,0.0,528.0,0.0,0.0,0.0,0.0,0.0,0.0,0.0,0.0,0.0
2025/05/19 02:27:51.594137777,False,False,False,False,False,False,False,False,False,False,False,False,False,0.0,0.0,0.0,0.0,530.0,0.0,0.0,0.0,0.0,0.0,0.0,0.0,0.0,0.0
2025/05/19 02:27:51.685027415,False,False,False,False,False,False,False,False,False,False,False,False,False,0.0,0.0,0.0,0.0,530.0,0.0,0.0,0.0,0.0,0.0,0.0,0.0,0.0,0.0
2025/05/19 02:27:51.784884793,False,False,False,False,False,False,False,False,False,False,False,False,False,0.0,0.0,0.0,0.0,531.0,0.0,0.0,0.0,0.0,0.0,0.0,0.0,0.0,0.0
2025/05/19 02:27:51.885674413,False,False,False,False,False,False,False,False,False,False,False,False,False,0.0,0.0,0.0,0.0,533.0,0.0,0.0,0.0,0.0,0.0,0.0,0.0,0.0,0.0
2025/05/19 02:27:51.991669757,False,False,False,False,False,False,False,False,False,False,False,False,False,0.0,0.0,0.0,0.0,533.9999999999999,0.0,0.0,0.0,0.0,0.0,0.0,0.0,0.0,0.0
2025/05/19 02:27:52.89697169,False,False,False,False,False,False,False,False,False,False,False,False,False,0.0,0.0,0.0,0.0,536.0,0.0,0.0,0.0,0.0,0.0,0.0,0.0,0.0,0.0
2025/05/19 02:27:52.195344469,False,False,False,False,False,False,False,False,False,False,False,False,False,0.0,0.0,0.0,0.0,539.0,0.0,0.0,0.0,0.0,0.0,0.0,0.0,0.0,0.0
2025/05/19 02:27:52.293406717,False,False,False,False,False,False,False,False,False,False,False,False,False,0.0,0.0,0.0,0.0,540.0,0.0,0.0,0.0,0.0,0.0,0.0,0.0,0.0,0.0
2025/05/19 02:27:52.386691020,False,False,False,False,False,False,False,False,False,False,False,False,False,0.0,0.0,0.0,0.0,540.0,0.0,0.0,0.0,0.0,0.0,0.0,0.0,0.0,0.0
2025/05/19 02:27:52.484272388,False,False,False,False,False,False,False,False,False,False,False,False,False,0.0,0.0,0.0,0.0,542.0,0.0,0.0,0.0,0.0,0.0,0.0,0.0,0.0,0.0
2025/05/19 02:27:52.591242247,False,False,False,False,False,False,False,False,False,False,False,False,False,0.0,0.0,0.0,0.0,443.0,0.0,0.0,0.0,0.0,0.0,0.0,0.0,0.0,0.0
2025/05/19 02:27:52.693116531,False,False,False,False,False,False,False,False,False,False,False,False,False,0.0,0.0,0.0,0.0,443.0,0.0,0.0,0.0,0.0,0.0,0.0,0.0,0.0,0.0
2025/05/19 02:27:52.793102764,False,False,False,False,False,False,False,False,False,False,False,False,False,0.0,0.0,0.0,0.0,473.0,0.0,0.0,0.0,0.0,0.0,0.0,0.0,0.0,0.0
2025/05/19 02:27:52.884124638,False,False,False,False,False,False,False,False,False,False,False,False,False,0.0,0.0,0.0,0.0,502.0,0.0,0.0,0.0,0.0,0.0,0.0,0.0,0.0,0.0
2025/05/19 02:27:52.984872838,False,False,False,False,False,False,False,False,False,False,False,False,False,0.0,0.0,0.0,0.0,516.0,0.0,0.0,0.0,0.0,0.0,0.0,0.0,0.0,0.0
2025/05/19 02:27:53.85980132,False,False,False,False,False,False,False,False,False,False,False,False,False,0.0,0.0,0.0,0.0,518.0,0.0,0.0,0.0,0.0,0.0,0.0,0.0,0.0,0.0
2025/05/19 02:27:53.188164303,False,False,False,False,False,False,False,False,False,False,False,False,False,0.0,0.0,0.0,0.0,519.0,0.0,0.0,0.0,0.0,0.0,0.0,0.0,0.0,0.0
2025/05/19 02:27:53.291790314,False,False,False,False,False,False,False,False,False,False,False,False,False,0.0,0.0,0.0,0.0,520.0,0.0,0.0,0.0,0.0,0.0,0.0,0.0,0.0,0.0
2025/05/19 02:27:53.393178931,False,False,False,False,False,False,False,False,False,False,False,False,False,0.0,0.0,0.0,0.0,523.0,0.0,0.0,0.0,0.0,0.0,0.0,0.0,0.0,0.0
2025/05/19 02:27:53.495497943,False,False,False,False,False,False,False,False,False,False,False,False,False,0.0,0.0,0.0,0.0,389.99999999999994,0.0,0.0,0.0,0.0,0.0,0.0,0.0,0.0,0.0
2025/05/19 02:27:53.582994904,False,False,False,False,False,False,False,False,False,False,False,False,False,0.0,0.0,0.0,0.0,389.99999999999994,0.0,0.0,0.0,0.0,0.0,0.0,0.0,0.0,0.0
2025/05/19 02:27:53.686527554,False,False,False,False,False,False,False,False,False,False,False,False,False,0.0,0.0,0.0,0.0,289.0,0.0,0.0,0.0,0.0,0.0,0.0,0.0,0.0,0.0
2025/05/19 02:27:53.787014913,False,False,False,False,False,False,False,False,False,False,False,False,False,0.0,0.0,0.0,0.0,324.0,0.0,0.0,0.0,0.0,0.0,0.0,0.0,0.0,0.0
2025/05/19 02:27:53.890327555,False,False,False,False,False,False,False,False,False,False,False,False,False,0.0,0.0,0.0,0.0,358.0,0.0,0.0,0.0,0.0,0.0,0.0,0.0,0.0,0.0
2025/05/19 02:27:53.990711819,False,False,False,False,False,False,False,False,False,False,False,False,False,0.0,0.0,0.0,0.0,389.99999999999994,0.0,0.0,0.0,0.0,0.0,0.0,0.0,0.0,0.0
2025/05/19 02:27:54.92022539,False,False,False,False,False,False,False,False,False,False,False,False,False,0.0,0.0,0.0,0.0,422.0,0.0,0.0,0.0,0.0,0.0,0.0,0.0,0.0,0.0
2025/05/19 02:27:54.194360810,False,False,False,False,False,False,False,False,False,False,False,False,False,0.0,0.0,0.0,0.0,454.0,0.0,0.0,0.0,0.0,0.0,0.0,0.0,0.0,0.0
2025/05/19 02:27:54.292576826,False,False,False,False,False,False,False,False,False,False,False,False,False,0.0,0.0,0.0,0.0,499.0000000000001,0.0,0.0,0.0,0.0,0.0,0.0,0.0,0.0,0.0
2025/05/19 02:27:54.383236623,False,False,False,False,False,False,False,False,False,False,False,False,False,0.0,0.0,0.0,0.0,499.0000000000001,0.0,0.0,0.0,0.0,0.0,0.0,0.0,0.0,0.0
2025/05/19 02:27:54.485253842,False,False,False,False,False,False,False,False,False,False,False,False,False,0.0,0.0,0.0,0.0,499.99999999999994,0.0,0.0,0.0,0.0,0.0,0.0,0.0,0.0,0.0
2025/05/19 02:27:54.586649884,False,False,False,False,False,False,False,False,False,False,False,False,False,0.0,0.0,0.0,0.0,482.0,0.0,0.0,0.0,0.0,0.0,0.0,0.0,0.0,0.0
2025/05/19 02:27:54.689133253,False,False,False,False,False,False,False,False,False,False,False,False,False,0.0,0.0,0.0,0.0,484.0,0.0,0.0,0.0,0.0,0.0,0.0,0.0,0.0,0.0
2025/05/19 02:27:54.788795870,False,False,False,False,False,False,False,False,False,False,False,False,False,0.0,0.0,0.0,0.0,484.99999999999994,0.0,0.0,0.0,0.0,0.0,0.0,0.0,0.0,0.0
2025/05/19 02:27:54.893149688,False,False,False,False,False,False,False,False,False,False,False,False,False,0.0,0.0,0.0,0.0,486.99999999999994,0.0,0.0,0.0,0.0,0.0,0.0,0.0,0.0,0.0
2025/05/19 02:27:54.997101871,False,False,False,False,False,False,False,False,False,False,False,False,False,0.0,0.0,0.0,0.0,489.0,0.0,0.0,0.0,0.0,0.0,0.0,0.0,0.0,0.0
2025/05/19 02:27:55.84754372,False,False,False,False,False,False,False,False,False,False,False,False,False,0.0,0.0,0.0,0.0,489.0,0.0,0.0,0.0,0.0,0.0,0.0,0.0,0.0,0.0
2025/05/19 02:27:55.184611442,False,False,False,False,False,False,False,False,False,False,False,False,False,0.0,0.0,0.0,0.0,489.99999999999994,0.0,0.0,0.0,0.0,0.0,0.0,0.0,0.0,0.0
2025/05/19 02:27:55.286753318,False,False,False,False,False,False,False,False,False,False,False,False,False,0.0,0.0,0.0,0.0,491.0,0.0,0.0,0.0,0.0,0.0,0.0,0.0,0.0,0.0
2025/05/19 02:27:55.386978838,False,False,False,False,False,False,False,False,False,False,False,False,False,0.0,0.0,0.0,0.0,491.99999999999994,0.0,0.0,0.0,0.0,0.0,0.0,0.0,0.0,0.0
2025/05/19 02:27:55.490352640,False,False,False,False,False,False,False,False,False,False,False,False,False,0.0,0.0,0.0,0.0,484.0,0.0,0.0,0.0,0.0,0.0,0.0,0.0,0.0,0.0
2025/05/19 02:27:55.591282199,False,False,False,False,False,False,False,False,False,False,False,False,False,0.0,0.0,0.0,0.0,486.0000000000001,0.0,0.0,0.0,0.0,0.0,0.0,0.0,0.0,0.0
2025/05/19 02:27:55.691561996,False,False,False,False,False,False,False,False,False,False,False,False,False,0.0,0.0,0.0,0.0,486.0000000000001,0.0,0.0,0.0,0.0,0.0,0.0,0.0,0.0,0.0
2025/05/19 02:27:55.785041630,False,False,False,False,False,False,False,False,False,False,False,False,False,0.0,0.0,0.0,0.0,486.99999999999994,0.0,0.0,0.0,0.0,0.0,0.0,0.0,0.0,0.0
2025/05/19 02:27:55.884334892,False,False,False,False,False,False,False,False,False,False,False,False,False,0.0,0.0,0.0,0.0,488.0,0.0,0.0,0.0,0.0,0.0,0.0,0.0,0.0,0.0
2025/05/19 02:27:55.986740747,False,False,False,False,False,False,False,False,False,False,False,False,False,0.0,0.0,0.0,0.0,489.99999999999994,0.0,0.0,0.0,0.0,0.0,0.0,0.0,0.0,0.0
2025/05/19 02:27:56.85341997,False,False,False,False,False,False,False,False,False,False,False,False,False,0.0,0.0,0.0,0.0,489.99999999999994,0.0,0.0,0.0,0.0,0.0,0.0,0.0,0.0,0.0
2025/05/19 02:27:56.187735869,False,False,False,False,False,False,False,False,False,False,False,False,False,0.0,0.0,0.0,0.0,491.0,0.0,0.0,0.0,0.0,0.0,0.0,0.0,0.0,0.0
2025/05/19 02:27:56.289931030,False,False,False,False,False,False,False,False,False,False,False,False,False,0.0,0.0,0.0,0.0,491.99999999999994,0.0,0.0,0.0,0.0,0.0,0.0,0.0,0.0,0.0
2025/05/19 02:27:56.394141481,False,False,False,False,False,False,False,False,False,False,False,False,False,0.0,0.0,0.0,0.0,494.00000000000006,0.0,0.0,0.0,0.0,0.0,0.0,0.0,0.0,0.0
2025/05/19 02:27:56.493326914,False,False,False,False,False,False,False,False,False,False,False,False,False,0.0,0.0,0.0,0.0,473.0,0.0,0.0,0.0,0.0,0.0,0.0,0.0,0.0,0.0
2025/05/19 02:27:56.583752836,False,False,False,False,False,False,False,False,False,False,False,False,False,0.0,0.0,0.0,0.0,473.0,0.0,0.0,0.0,0.0,0.0,0.0,0.0,0.0,0.0
2025/05/19 02:27:56.685747123,False,False,False,False,False,False,False,False,False,False,False,False,False,0.0,0.0,0.0,0.0,473.99999999999994,0.0,0.0,0.0,0.0,0.0,0.0,0.0,0.0,0.0
2025/05/19 02:27:56.787993462,False,False,False,False,False,False,False,False,False,False,False,False,False,0.0,0.0,0.0,0.0,475.99999999999994,0.0,0.0,0.0,0.0,0.0,0.0,0.0,0.0,0.0
2025/05/19 02:27:56.889814875,False,False,False,False,False,False,False,False,False,False,False,False,False,0.0,0.0,0.0,0.0,476.99999999999994,0.0,0.0,0.0,0.0,0.0,0.0,0.0,0.0,0.0
2025/05/19 02:27:56.994638055,False,False,False,False,False,False,False,False,False,False,False,False,False,0.0,0.0,0.0,0.0,410.00000000000006,0.0,0.0,0.0,0.0,0.0,0.0,0.0,0.0,0.0
2025/05/19 02:27:57.90505877,False,False,False,False,False,False,False,False,False,False,False,False,False,0.0,0.0,0.0,0.0,413.0,0.0,0.0,0.0,0.0,0.0,0.0,0.0,0.0,0.0
2025/05/19 02:27:57.193323686,False,False,False,False,False,False,False,False,False,False,False,False,False,0.0,0.0,0.0,0.0,444.0,0.0,0.0,0.0,0.0,0.0,0.0,0.0,0.0,0.0
2025/05/19 02:27:57.292877596,False,False,False,False,False,False,False,False,False,False,False,False,False,0.0,0.0,0.0,0.0,456.0,0.0,0.0,0.0,0.0,0.0,0.0,0.0,0.0,0.0
2025/05/19 02:27:57.387368546,False,False,False,False,False,False,False,False,False,False,False,False,False,0.0,0.0,0.0,0.0,456.0,0.0,0.0,0.0,0.0,0.0,0.0,0.0,0.0,0.0
2025/05/19 02:27:57.487076106,False,False,False,False,False,False,False,False,False,False,False,False,False,0.0,0.0,0.0,0.0,457.0,0.0,0.0,0.0,0.0,0.0,0.0,0.0,0.0,0.0
2025/05/19 02:27:57.595116350,False,False,False,False,False,False,False,False,False,False,False,False,False,0.0,0.0,0.0,0.0,459.0,0.0,0.0,0.0,0.0,0.0,0.0,0.0,0.0,0.0
2025/05/19 02:27:57.693017353,False,False,False,False,False,False,False,False,False,False,False,False,False,0.0,0.0,0.0,0.0,460.0,0.0,0.0,0.0,0.0,0.0,0.0,0.0,0.0,0.0
2025/05/19 02:27:57.795307636,False,False,False,False,False,False,False,False,False,False,False,False,False,0.0,0.0,0.0,0.0,460.99999999999994,0.0,0.0,0.0,0.0,0.0,0.0,0.0,0.0,0.0
2025/05/19 02:27:57.892853096,False,False,False,False,False,False,False,False,False,False,False,False,False,0.0,0.0,0.0,0.0,460.99999999999994,0.0,0.0,0.0,0.0,0.0,0.0,0.0,0.0,0.0
2025/05/19 02:27:57.984269338,False,False,False,False,False,False,False,False,False,False,False,False,False,0.0,0.0,0.0,0.0,462.0,0.0,0.0,0.0,0.0,0.0,0.0,0.0,0.0,0.0
2025/05/19 02:27:58.83642895,False,False,False,False,False,False,False,False,False,False,False,False,False,0.0,0.0,0.0,0.0,405.0,0.0,0.0,0.0,0.0,0.0,0.0,0.0,0.0,0.0
2025/05/19 02:27:58.184661963,False,False,False,False,False,False,False,False,False,False,False,False,False,0.0,0.0,0.0,0.0,422.0,0.0,0.0,0.0,0.0,0.0,0.0,0.0,0.0,0.0
2025/05/19 02:27:58.285188439,False,False,False,False,False,False,False,False,False,False,False,False,False,0.0,0.0,0.0,0.0,424.00000000000006,0.0,0.0,0.0,0.0,0.0,0.0,0.0,0.0,0.0
2025/05/19 02:27:58.388654363,False,False,False,False,False,False,False,False,False,False,False,False,False,0.0,0.0,0.0,0.0,425.0,0.0,0.0,0.0,0.0,0.0,0.0,0.0,0.0,0.0
2025/05/19 02:27:58.488198101,False,False,False,False,False,False,False,False,False,False,False,False,False,0.0,0.0,0.0,0.0,426.00000000000006,0.0,0.0,0.0,0.0,0.0,0.0,0.0,0.0,0.0
2025/05/19 02:27:58.593574531,False,False,False,False,False,False,False,False,False,False,False,False,False,0.0,0.0,0.0,0.0,428.0,0.0,0.0,0.0,0.0,0.0,0.0,0.0,0.0,0.0
2025/05/19 02:27:58.692133051,False,False,False,False,False,False,False,False,False,False,False,False,False,0.0,0.0,0.0,0.0,429.00000000000006,0.0,0.0,0.0,0.0,0.0,0.0,0.0,0.0,0.0
2025/05/19 02:27:58.784518180,False,False,False,False,False,False,False,False,False,False,False,False,False,0.0,0.0,0.0,0.0,429.00000000000006,0.0,0.0,0.0,0.0,0.0,0.0,0.0,0.0,0.0
2025/05/19 02:27:58.883858167,False,False,False,False,False,False,False,False,False,False,False,False,False,0.0,0.0,0.0,0.0,429.99999999999994,0.0,0.0,0.0,0.0,0.0,0.0,0.0,0.0,0.0
2025/05/19 02:27:58.990740787,False,False,False,False,False,False,False,False,False,False,False,False,False,0.0,0.0,0.0,0.0,429.99999999999994,0.0,0.0,0.0,0.0,0.0,0.0,0.0,0.0,0.0
2025/05/19 02:27:59.94246682,False,False,False,False,False,False,False,False,False,False,False,False,False,0.0,0.0,0.0,0.0,402.99999999999994,0.0,0.0,0.0,0.0,0.0,0.0,0.0,0.0,0.0
2025/05/19 02:27:59.184046468,False,False,False,False,False,False,False,False,False,False,False,False,False,0.0,0.0,0.0,0.0,402.99999999999994,0.0,0.0,0.0,0.0,0.0,0.0,0.0,0.0,0.0
2025/05/19 02:27:59.285378746,False,False,False,False,False,False,False,False,False,False,False,False,False,0.0,0.0,0.0,0.0,404.0,0.0,0.0,0.0,0.0,0.0,0.0,0.0,0.0,0.0
2025/05/19 02:27:59.384438805,False,False,False,False,False,False,False,False,False,False,False,False,False,0.0,0.0,0.0,0.0,405.0,0.0,0.0,0.0,0.0,0.0,0.0,0.0,0.0,0.0
2025/05/19 02:27:59.485700903,False,False,False,False,False,False,False,False,False,False,False,False,False,0.0,0.0,0.0,0.0,406.0,0.0,0.0,0.0,0.0,0.0,0.0,0.0,0.0,0.0
2025/05/19 02:27:59.587011422,False,False,False,False,False,False,False,False,False,False,False,False,False,0.0,0.0,0.0,0.0,407.00000000000006,0.0,0.0,0.0,0.0,0.0,0.0,0.0,0.0,0.0
2025/05/19 02:27:59.688977801,False,False,False,False,False,False,False,False,False,False,False,False,False,0.0,0.0,0.0,0.0,408.0,0.0,0.0,0.0,0.0,0.0,0.0,0.0,0.0,0.0
2025/05/19 02:27:59.791687544,False,False,False,False,False,False,False,False,False,False,False,False,False,0.0,0.0,0.0,0.0,409.0,0.0,0.0,0.0,0.0,0.0,0.0,0.0,0.0,0.0
2025/05/19 02:27:59.891478131,False,False,False,False,False,False,False,False,False,False,False,False,False,0.0,0.0,0.0,0.0,410.00000000000006,0.0,0.0,0.0,0.0,0.0,0.0,0.0,0.0,0.0
2025/05/19 02:27:59.992420204,False,False,False,False,False,False,False,False,False,False,False,False,False,0.0,0.0,0.0,0.0,412.0,0.0,0.0,0.0,0.0,0.0,0.0,0.0,0.0,0.0
2025/05/19 02:28:00.83680521,False,False,False,False,False,False,False,False,False,False,False,False,False,0.0,0.0,0.0,0.0,412.0,0.0,0.0,0.0,0.0,0.0,0.0,0.0,0.0,0.0
2025/05/19 02:28:00.184891636,False,False,False,False,False,False,False,False,False,False,False,False,False,0.0,0.0,0.0,0.0,399.0,0.0,0.0,0.0,0.0,0.0,0.0,0.0,0.0,0.0
2025/05/19 02:28:00.286855251,False,False,False,False,False,False,False,False,False,False,False,False,False,0.0,0.0,0.0,0.0,400.0,0.0,0.0,0.0,0.0,0.0,0.0,0.0,0.0,0.0
2025/05/19 02:28:00.387188183,False,False,False,False,False,False,False,False,False,False,False,False,False,0.0,0.0,0.0,0.0,400.99999999999994,0.0,0.0,0.0,0.0,0.0,0.0,0.0,0.0,0.0
2025/05/19 02:28:00.487989765,False,False,False,False,False,False,False,False,False,False,False,False,False,0.0,0.0,0.0,0.0,402.0,0.0,0.0,0.0,0.0,0.0,0.0,0.0,0.0,0.0
2025/05/19 02:28:00.588457648,False,False,False,False,False,False,False,False,False,False,False,False,False,0.0,0.0,0.0,0.0,402.0,0.0,0.0,0.0,0.0,0.0,0.0,0.0,0.0,0.0
2025/05/19 02:28:00.693004544,False,False,False,False,False,False,False,False,False,False,False,False,False,0.0,0.0,0.0,0.0,402.99999999999994,0.0,0.0,0.0,0.0,0.0,0.0,0.0,0.0,0.0
2025/05/19 02:28:00.792652575,False,False,False,False,False,False,False,False,False,False,False,False,False,0.0,0.0,0.0,0.0,405.0,0.0,0.0,0.0,0.0,0.0,0.0,0.0,0.0,0.0
2025/05/19 02:28:00.896162422,False,False,False,False,False,False,False,False,False,False,False,False,False,0.0,0.0,0.0,0.0,406.0,0.0,0.0,0.0,0.0,0.0,0.0,0.0,0.0,0.0
2025/05/19 02:28:00.983756533,False,False,False,False,False,False,False,False,False,False,False,False,False,0.0,0.0,0.0,0.0,406.0,0.0,0.0,0.0,0.0,0.0,0.0,0.0,0.0,0.0
2025/05/19 02:28:01.84613249,False,False,False,False,False,False,False,False,False,False,False,False,False,0.0,0.0,0.0,0.0,407.00000000000006,0.0,0.0,0.0,0.0,0.0,0.0,0.0,0.0,0.0
2025/05/19 02:28:01.184099600,False,False,False,False,False,False,False,False,False,False,False,False,False,0.0,0.0,0.0,0.0,351.00000000000006,0.0,0.0,0.0,0.0,0.0,0.0,0.0,0.0,0.0
2025/05/19 02:28:01.287640479,False,False,False,False,False,False,False,False,False,False,False,False,False,0.0,0.0,0.0,0.0,384.0,0.0,0.0,0.0,0.0,0.0,0.0,0.0,0.0,0.0
2025/05/19 02:28:01.389800853,False,False,False,False,False,False,False,False,False,False,False,False,False,0.0,0.0,0.0,0.0,386.0,0.0,0.0,0.0,0.0,0.0,0.0,0.0,0.0,0.0
2025/05/19 02:28:01.490332244,False,False,False,False,False,False,False,False,False,False,False,False,False,0.0,0.0,0.0,0.0,386.0,0.0,0.0,0.0,0.0,0.0,0.0,0.0,0.0,0.0
2025/05/19 02:28:01.590528403,False,False,False,False,False,False,False,False,False,False,False,False,False,0.0,0.0,0.0,0.0,387.0,0.0,0.0,0.0,0.0,0.0,0.0,0.0,0.0,0.0
2025/05/19 02:28:01.693508403,False,False,False,False,False,False,False,False,False,False,False,False,False,0.0,0.0,0.0,0.0,389.0,0.0,0.0,0.0,0.0,0.0,0.0,0.0,0.0,0.0
2025/05/19 02:28:01.792089937,False,False,False,False,False,False,False,False,False,False,False,False,False,0.0,0.0,0.0,0.0,389.99999999999994,0.0,0.0,0.0,0.0,0.0,0.0,0.0,0.0,0.0
2025/05/19 02:28:01.883807150,False,False,False,False,False,False,False,False,False,False,False,False,False,0.0,0.0,0.0,0.0,389.99999999999994,0.0,0.0,0.0,0.0,0.0,0.0,0.0,0.0,0.0
2025/05/19 02:28:01.984753285,False,False,False,False,False,False,False,False,False,False,False,False,False,0.0,0.0,0.0,0.0,389.99999999999994,0.0,0.0,0.0,0.0,0.0,0.0,0.0,0.0,0.0
2025/05/19 02:28:02.87261924,False,False,False,False,False,False,False,False,False,False,False,False,False,0.0,0.0,0.0,0.0,391.00000000000006,0.0,0.0,0.0,0.0,0.0,0.0,0.0,0.0,0.0
2025/05/19 02:28:02.187107583,False,False,False,False,False,False,False,False,False,False,False,False,False,0.0,0.0,0.0,0.0,320.0,0.0,0.0,0.0,0.0,0.0,0.0,0.0,0.0,0.0
2025/05/19 02:28:02.288630135,False,False,False,False,False,False,False,False,False,False,False,False,False,0.0,0.0,0.0,0.0,354.0,0.0,0.0,0.0,0.0,0.0,0.0,0.0,0.0,0.0
2025/05/19 02:28:02.389637099,False,False,False,False,False,False,False,False,False,False,False,False,False,0.0,0.0,0.0,0.0,369.99999999999994,0.0,0.0,0.0,0.0,0.0,0.0,0.0,0.0,0.0
2025/05/19 02:28:02.489752099,False,False,False,False,False,False,False,False,False,False,False,False,False,0.0,0.0,0.0,0.0,371.0,0.0,0.0,0.0,0.0,0.0,0.0,0.0,0.0,0.0
2025/05/19 02:28:02.592222698,False,False,False,False,False,False,False,False,False,False,False,False,False,0.0,0.0,0.0,0.0,371.0,0.0,0.0,0.0,0.0,0.0,0.0,0.0,0.0,0.0
2025/05/19 02:28:02.690863085,False,False,False,False,False,False,False,False,False,False,False,False,False,0.0,0.0,0.0,0.0,371.0,0.0,0.0,0.0,0.0,0.0,0.0,0.0,0.0,0.0
2025/05/19 02:28:02.793204721,False,False,False,False,False,False,False,False,False,False,False,False,False,0.0,0.0,0.0,0.0,373.0,0.0,0.0,0.0,0.0,0.0,0.0,0.0,0.0,0.0
2025/05/19 02:28:02.883297579,False,False,False,False,False,False,False,False,False,False,False,False,False,0.0,0.0,0.0,0.0,374.0,0.0,0.0,0.0,0.0,0.0,0.0,0.0,0.0,0.0
2025/05/19 02:28:02.987741656,False,False,False,False,False,False,False,False,False,False,False,False,False,0.0,0.0,0.0,0.0,374.0,0.0,0.0,0.0,0.0,0.0,0.0,0.0,0.0,0.0
2025/05/19 02:28:03.88213013,False,False,False,False,False,False,False,False,False,False,False,False,False,0.0,0.0,0.0,0.0,374.0,0.0,0.0,0.0,0.0,0.0,0.0,0.0,0.0,0.0
2025/05/19 02:28:03.190500874,False,False,False,False,False,False,False,False,False,False,False,False,False,0.0,0.0,0.0,0.0,294.0,0.0,0.0,0.0,0.0,0.0,0.0,0.0,0.0,0.0
2025/05/19 02:28:03.289858087,False,False,False,False,False,False,False,False,False,False,False,False,False,0.0,0.0,0.0,0.0,307.0,0.0,0.0,0.0,0.0,0.0,0.0,0.0,0.0,0.0
2025/05/19 02:28:03.392498092,False,False,False,False,False,False,False,False,False,False,False,False,False,0.0,0.0,0.0,0.0,341.99999999999994,0.0,0.0,0.0,0.0,0.0,0.0,0.0,0.0,0.0
2025/05/19 02:28:03.484815402,False,False,False,False,False,False,False,False,False,False,False,False,False,0.0,0.0,0.0,0.0,341.99999999999994,0.0,0.0,0.0,0.0,0.0,0.0,0.0,0.0,0.0
2025/05/19 02:28:03.586220336,False,False,False,False,False,False,False,False,False,False,False,False,False,0.0,0.0,0.0,0.0,364.00000000000006,0.0,0.0,0.0,0.0,0.0,0.0,0.0,0.0,0.0
2025/05/19 02:28:03.685977723,False,False,False,False,False,False,False,False,False,False,False,False,False,0.0,0.0,0.0,0.0,364.00000000000006,0.0,0.0,0.0,0.0,0.0,0.0,0.0,0.0,0.0
2025/05/19 02:28:03.788247209,False,False,False,False,False,False,False,False,False,False,False,False,False,0.0,0.0,0.0,0.0,366.0,0.0,0.0,0.0,0.0,0.0,0.0,0.0,0.0,0.0
2025/05/19 02:28:03.889750288,False,False,False,False,False,False,False,False,False,False,False,False,False,0.0,0.0,0.0,0.0,366.0,0.0,0.0,0.0,0.0,0.0,0.0,0.0,0.0,0.0
2025/05/19 02:28:03.989788143,False,False,False,False,False,False,False,False,False,False,False,False,False,0.0,0.0,0.0,0.0,367.0,0.0,0.0,0.0,0.0,0.0,0.0,0.0,0.0,0.0
2025/05/19 02:28:04.91041014,False,False,False,False,False,False,False,False,False,False,False,False,False,0.0,0.0,0.0,0.0,308.0,0.0,0.0,0.0,0.0,0.0,0.0,0.0,0.0,0.0
2025/05/19 02:28:04.194929534,False,False,False,False,False,False,False,False,False,False,False,False,False,0.0,0.0,0.0,0.0,343.00000000000006,0.0,0.0,0.0,0.0,0.0,0.0,0.0,0.0,0.0
2025/05/19 02:28:04.292796146,False,False,False,False,False,False,False,False,False,False,False,False,False,0.0,0.0,0.0,0.0,359.0,0.0,0.0,0.0,0.0,0.0,0.0,0.0,0.0,0.0
2025/05/19 02:28:04.394848754,False,False,False,False,False,False,False,False,False,False,False,False,False,0.0,0.0,0.0,0.0,360.0,0.0,0.0,0.0,0.0,0.0,0.0,0.0,0.0,0.0
2025/05/19 02:28:04.484782859,False,False,False,False,False,False,False,False,False,False,False,False,False,0.0,0.0,0.0,0.0,360.0,0.0,0.0,0.0,0.0,0.0,0.0,0.0,0.0,0.0
2025/05/19 02:28:04.586677095,False,False,False,False,False,False,False,False,False,False,False,False,False,0.0,0.0,0.0,0.0,360.99999999999994,0.0,0.0,0.0,0.0,0.0,0.0,0.0,0.0,0.0
2025/05/19 02:28:04.685537154,False,False,False,False,False,False,False,False,False,False,False,False,False,0.0,0.0,0.0,0.0,360.99999999999994,0.0,0.0,0.0,0.0,0.0,0.0,0.0,0.0,0.0
2025/05/19 02:28:04.789937842,False,False,False,False,False,False,False,False,False,False,False,False,False,0.0,0.0,0.0,0.0,362.0,0.0,0.0,0.0,0.0,0.0,0.0,0.0,0.0,0.0
2025/05/19 02:28:04.890735284,False,False,False,False,False,False,False,False,False,False,False,False,False,0.0,0.0,0.0,0.0,363.00000000000006,0.0,0.0,0.0,0.0,0.0,0.0,0.0,0.0,0.0
2025/05/19 02:28:04.993966463,False,False,False,False,False,False,False,False,False,False,False,False,False,0.0,0.0,0.0,0.0,364.00000000000006,0.0,0.0,0.0,0.0,0.0,0.0,0.0,0.0,0.0
2025/05/19 02:28:05.93525729,False,False,False,False,False,False,False,False,False,False,False,False,False,0.0,0.0,0.0,0.0,364.00000000000006,0.0,0.0,0.0,0.0,0.0,0.0,0.0,0.0,0.0
2025/05/19 02:28:05.186006772,False,False,False,False,False,False,False,False,False,False,False,False,False,0.0,0.0,0.0,0.0,359.0,0.0,0.0,0.0,0.0,0.0,0.0,0.0,0.0,0.0
2025/05/19 02:28:05.286783967,False,False,False,False,False,False,False,False,False,False,False,False,False,0.0,0.0,0.0,0.0,359.0,0.0,0.0,0.0,0.0,0.0,0.0,0.0,0.0,0.0
2025/05/19 02:28:05.390284658,False,False,False,False,False,False,False,False,False,False,False,False,False,0.0,0.0,0.0,0.0,360.0,0.0,0.0,0.0,0.0,0.0,0.0,0.0,0.0,0.0
2025/05/19 02:28:05.489983126,False,False,False,False,False,False,False,False,False,False,False,False,False,0.0,0.0,0.0,0.0,360.99999999999994,0.0,0.0,0.0,0.0,0.0,0.0,0.0,0.0,0.0
2025/05/19 02:28:05.591710298,False,False,False,False,False,False,False,False,False,False,False,False,False,0.0,0.0,0.0,0.0,360.99999999999994,0.0,0.0,0.0,0.0,0.0,0.0,0.0,0.0,0.0
2025/05/19 02:28:05.691965656,False,False,False,False,False,False,False,False,False,False,False,False,False,0.0,0.0,0.0,0.0,362.0,0.0,0.0,0.0,0.0,0.0,0.0,0.0,0.0,0.0
2025/05/19 02:28:05.783718729,False,False,False,False,False,False,False,False,False,False,False,False,False,0.0,0.0,0.0,0.0,362.0,0.0,0.0,0.0,0.0,0.0,0.0,0.0,0.0,0.0
2025/05/19 02:28:05.883253368,False,False,False,False,False,False,False,False,False,False,False,False,False,0.0,0.0,0.0,0.0,363.00000000000006,0.0,0.0,0.0,0.0,0.0,0.0,0.0,0.0,0.0
2025/05/19 02:28:05.986446517,False,False,False,False,False,False,False,False,False,False,False,False,False,0.0,0.0,0.0,0.0,363.00000000000006,0.0,0.0,0.0,0.0,0.0,0.0,0.0,0.0,0.0
2025/05/19 02:28:06.85398167,False,False,False,False,False,False,False,False,False,False,False,False,False,0.0,0.0,0.0,0.0,364.00000000000006,0.0,0.0,0.0,0.0,0.0,0.0,0.0,0.0,0.0
2025/05/19 02:28:06.187870370,False,False,False,False,False,False,False,False,False,False,False,False,False,0.0,0.0,0.0,0.0,356.99999999999994,0.0,0.0,0.0,0.0,0.0,0.0,0.0,0.0,0.0
2025/05/19 02:28:06.288431402,False,False,False,False,False,False,False,False,False,False,False,False,False,0.0,0.0,0.0,0.0,358.0,0.0,0.0,0.0,0.0,0.0,0.0,0.0,0.0,0.0
2025/05/19 02:28:06.388588885,False,False,False,False,False,False,False,False,False,False,False,False,False,0.0,0.0,0.0,0.0,359.0,0.0,0.0,0.0,0.0,0.0,0.0,0.0,0.0,0.0
2025/05/19 02:28:06.490608881,False,False,False,False,False,False,False,False,False,False,False,False,False,0.0,0.0,0.0,0.0,359.0,0.0,0.0,0.0,0.0,0.0,0.0,0.0,0.0,0.0
2025/05/19 02:28:06.591405168,False,False,False,False,False,False,False,False,False,False,False,False,False,0.0,0.0,0.0,0.0,360.0,0.0,0.0,0.0,0.0,0.0,0.0,0.0,0.0,0.0
2025/05/19 02:28:06.693737376,False,False,False,False,False,False,False,False,False,False,False,False,False,0.0,0.0,0.0,0.0,360.99999999999994,0.0,0.0,0.0,0.0,0.0,0.0,0.0,0.0,0.0
2025/05/19 02:28:06.785537966,False,False,False,False,False,False,False,False,False,False,False,False,False,0.0,0.0,0.0,0.0,360.99999999999994,0.0,0.0,0.0,0.0,0.0,0.0,0.0,0.0,0.0
2025/05/19 02:28:06.888083555,False,False,False,False,False,False,False,False,False,False,False,False,False,0.0,0.0,0.0,0.0,360.99999999999994,0.0,0.0,0.0,0.0,0.0,0.0,0.0,0.0,0.0
2025/05/19 02:28:06.986148639,False,False,False,False,False,False,False,False,False,False,False,False,False,0.0,0.0,0.0,0.0,362.0,0.0,0.0,0.0,0.0,0.0,0.0,0.0,0.0,0.0
2025/05/19 02:28:07.87505667,False,False,False,False,False,False,False,False,False,False,False,False,False,0.0,0.0,0.0,0.0,362.0,0.0,0.0,0.0,0.0,0.0,0.0,0.0,0.0,0.0
2025/05/19 02:28:07.188973530,False,False,False,False,False,False,False,False,False,False,False,False,False,0.0,0.0,0.0,0.0,345.00000000000006,0.0,0.0,0.0,0.0,0.0,0.0,0.0,0.0,0.0
2025/05/19 02:28:07.291150658,False,False,False,False,False,False,False,False,False,False,False,False,False,0.0,0.0,0.0,0.0,345.00000000000006,0.0,0.0,0.0,0.0,0.0,0.0,0.0,0.0,0.0
2025/05/19 02:28:07.391843733,False,False,False,False,False,False,False,False,False,False,False,False,False,0.0,0.0,0.0,0.0,346.0,0.0,0.0,0.0,0.0,0.0,0.0,0.0,0.0,0.0
2025/05/19 02:28:07.495372270,False,False,False,False,False,False,False,False,False,False,False,False,False,0.0,0.0,0.0,0.0,347.0,0.0,0.0,0.0,0.0,0.0,0.0,0.0,0.0,0.0
2025/05/19 02:28:07.591984681,False,False,False,False,False,False,False,False,False,False,False,False,False,0.0,0.0,0.0,0.0,347.0,0.0,0.0,0.0,0.0,0.0,0.0,0.0,0.0,0.0
2025/05/19 02:28:07.683807952,False,False,False,False,False,False,False,False,False,False,False,False,False,0.0,0.0,0.0,0.0,347.0,0.0,0.0,0.0,0.0,0.0,0.0,0.0,0.0,0.0
2025/05/19 02:28:07.783976490,False,False,False,False,False,False,False,False,False,False,False,False,False,0.0,0.0,0.0,0.0,348.0,0.0,0.0,0.0,0.0,0.0,0.0,0.0,0.0,0.0
2025/05/19 02:28:07.885605999,False,False,False,False,False,False,False,False,False,False,False,False,False,0.0,0.0,0.0,0.0,348.0,0.0,0.0,0.0,0.0,0.0,0.0,0.0,0.0,0.0
2025/05/19 02:28:07.988789497,False,False,False,False,False,False,False,False,False,False,False,False,False,0.0,0.0,0.0,0.0,349.0,0.0,0.0,0.0,0.0,0.0,0.0,0.0,0.0,0.0
2025/05/19 02:28:08.89776431,False,False,False,False,False,False,False,False,False,False,False,False,False,0.0,0.0,0.0,0.0,323.0,0.0,0.0,0.0,0.0,0.0,0.0,0.0,0.0,0.0
2025/05/19 02:28:08.193002088,False,False,False,False,False,False,False,False,False,False,False,False,False,0.0,0.0,0.0,0.0,324.0,0.0,0.0,0.0,0.0,0.0,0.0,0.0,0.0,0.0
2025/05/19 02:28:08.293513498,False,False,False,False,False,False,False,False,False,False,False,False,False,0.0,0.0,0.0,0.0,324.0,0.0,0.0,0.0,0.0,0.0,0.0,0.0,0.0,0.0
2025/05/19 02:28:08.382746441,False,False,False,False,False,False,False,False,False,False,False,False,False,0.0,0.0,0.0,0.0,324.0,0.0,0.0,0.0,0.0,0.0,0.0,0.0,0.0,0.0
2025/05/19 02:28:08.485031379,False,False,False,False,False,False,False,False,False,False,False,False,False,0.0,0.0,0.0,0.0,325.0,0.0,0.0,0.0,0.0,0.0,0.0,0.0,0.0,0.0
2025/05/19 02:28:08.584948126,False,False,False,False,False,False,False,False,False,False,False,False,False,0.0,0.0,0.0,0.0,325.0,0.0,0.0,0.0,0.0,0.0,0.0,0.0,0.0,0.0
2025/05/19 02:28:08.688683400,False,False,False,False,False,False,False,False,False,False,False,False,False,0.0,0.0,0.0,0.0,326.0,0.0,0.0,0.0,0.0,0.0,0.0,0.0,0.0,0.0
2025/05/19 02:28:08.788547778,False,False,False,False,False,False,False,False,False,False,False,False,False,0.0,0.0,0.0,0.0,326.0,0.0,0.0,0.0,0.0,0.0,0.0,0.0,0.0,0.0
2025/05/19 02:28:08.892621729,False,False,False,False,False,False,False,False,False,False,False,False,False,0.0,0.0,0.0,0.0,327.0,0.0,0.0,0.0,0.0,0.0,0.0,0.0,0.0,0.0
2025/05/19 02:28:08.991361362,False,False,False,False,False,False,False,False,False,False,False,False,False,0.0,0.0,0.0,0.0,327.0,0.0,0.0,0.0,0.0,0.0,0.0,0.0,0.0,0.0
2025/05/19 02:28:09.93941097,False,False,False,False,False,False,False,False,False,False,False,False,False,0.0,0.0,0.0,0.0,327.99999999999994,0.0,0.0,0.0,0.0,0.0,0.0,0.0,0.0,0.0
2025/05/19 02:28:09.182512158,False,False,False,False,False,False,False,False,False,False,False,False,False,0.0,0.0,0.0,0.0,260.0,0.0,0.0,0.0,0.0,0.0,0.0,0.0,0.0,0.0
2025/05/19 02:28:09.286731914,False,False,False,False,False,False,False,False,False,False,False,False,False,0.0,0.0,0.0,0.0,271.0,0.0,0.0,0.0,0.0,0.0,0.0,0.0,0.0,0.0
2025/05/19 02:28:09.385590949,False,False,False,False,False,False,False,False,False,False,False,False,False,0.0,0.0,0.0,0.0,306.00000000000006,0.0,0.0,0.0,0.0,0.0,0.0,0.0,0.0,0.0
2025/05/19 02:28:09.488982465,False,False,False,False,False,False,False,False,False,False,False,False,False,0.0,0.0,0.0,0.0,309.99999999999994,0.0,0.0,0.0,0.0,0.0,0.0,0.0,0.0,0.0
2025/05/19 02:28:09.587917309,False,False,False,False,False,False,False,False,False,False,False,False,False,0.0,0.0,0.0,0.0,309.99999999999994,0.0,0.0,0.0,0.0,0.0,0.0,0.0,0.0,0.0
2025/05/19 02:28:09.689834974,False,False,False,False,False,False,False,False,False,False,False,False,False,0.0,0.0,0.0,0.0,311.0,0.0,0.0,0.0,0.0,0.0,0.0,0.0,0.0,0.0
2025/05/19 02:28:09.792017066,False,False,False,False,False,False,False,False,False,False,False,False,False,0.0,0.0,0.0,0.0,311.0,0.0,0.0,0.0,0.0,0.0,0.0,0.0,0.0,0.0
2025/05/19 02:28:09.884396367,False,False,False,False,False,False,False,False,False,False,False,False,False,0.0,0.0,0.0,0.0,312.0,0.0,0.0,0.0,0.0,0.0,0.0,0.0,0.0,0.0
2025/05/19 02:28:09.985246570,False,False,False,False,False,False,False,False,False,False,False,False,False,0.0,0.0,0.0,0.0,312.0,0.0,0.0,0.0,0.0,0.0,0.0,0.0,0.0,0.0
2025/05/19 02:28:10.86750815,False,False,False,False,False,False,False,False,False,False,False,False,False,0.0,0.0,0.0,0.0,312.0,0.0,0.0,0.0,0.0,0.0,0.0,0.0,0.0,0.0
2025/05/19 02:28:10.187334023,False,False,False,False,False,False,False,False,False,False,False,False,False,0.0,0.0,0.0,0.0,303.0,0.0,0.0,0.0,0.0,0.0,0.0,0.0,0.0,0.0
2025/05/19 02:28:10.288382301,False,False,False,False,False,False,False,False,False,False,False,False,False,0.0,0.0,0.0,0.0,304.0,0.0,0.0,0.0,0.0,0.0,0.0,0.0,0.0,0.0
2025/05/19 02:28:10.389668652,False,False,False,False,False,False,False,False,False,False,False,False,False,0.0,0.0,0.0,0.0,304.0,0.0,0.0,0.0,0.0,0.0,0.0,0.0,0.0,0.0
2025/05/19 02:28:10.491504773,False,False,False,False,False,False,False,False,False,False,False,False,False,0.0,0.0,0.0,0.0,305.00000000000006,0.0,0.0,0.0,0.0,0.0,0.0,0.0,0.0,0.0
2025/05/19 02:28:10.594753288,False,False,False,False,False,False,False,False,False,False,False,False,False,0.0,0.0,0.0,0.0,305.00000000000006,0.0,0.0,0.0,0.0,0.0,0.0,0.0,0.0,0.0
2025/05/19 02:28:10.686967864,False,False,False,False,False,False,False,False,False,False,False,False,False,0.0,0.0,0.0,0.0,305.00000000000006,0.0,0.0,0.0,0.0,0.0,0.0,0.0,0.0,0.0
2025/05/19 02:28:10.789944860,False,False,False,False,False,False,False,False,False,False,False,False,False,0.0,0.0,0.0,0.0,306.00000000000006,0.0,0.0,0.0,0.0,0.0,0.0,0.0,0.0,0.0
2025/05/19 02:28:10.891877873,False,False,False,False,False,False,False,False,False,False,False,False,False,0.0,0.0,0.0,0.0,306.00000000000006,0.0,0.0,0.0,0.0,0.0,0.0,0.0,0.0,0.0
2025/05/19 02:28:10.987931600,False,False,False,False,False,False,False,False,False,False,False,False,False,0.0,0.0,0.0,0.0,307.0,0.0,0.0,0.0,0.0,0.0,0.0,0.0,0.0,0.0
2025/05/19 02:28:11.86620652,False,False,False,False,False,False,False,False,False,False,False,False,False,0.0,0.0,0.0,0.0,307.0,0.0,0.0,0.0,0.0,0.0,0.0,0.0,0.0,0.0
2025/05/19 02:28:11.188261447,False,False,False,False,False,False,False,False,False,False,False,False,False,0.0,0.0,0.0,0.0,251.0,0.0,0.0,0.0,0.0,0.0,0.0,0.0,0.0,0.0
2025/05/19 02:28:11.287018019,False,False,False,False,False,False,False,False,False,False,False,False,False,0.0,0.0,0.0,0.0,247.99999999999997,0.0,0.0,0.0,0.0,0.0,0.0,0.0,0.0,0.0
2025/05/19 02:28:11.390033995,False,False,False,False,False,False,False,False,False,False,False,False,False,0.0,0.0,0.0,0.0,300.0,0.0,0.0,0.0,0.0,0.0,0.0,0.0,0.0,0.0
2025/05/19 02:28:11.491967211,False,False,False,False,False,False,False,False,False,False,False,False,False,0.0,0.0,0.0,0.0,300.0,0.0,0.0,0.0,0.0,0.0,0.0,0.0,0.0,0.0
2025/05/19 02:28:11.593936603,False,False,False,False,False,False,False,False,False,False,False,False,False,0.0,0.0,0.0,0.0,300.0,0.0,0.0,0.0,0.0,0.0,0.0,0.0,0.0,0.0
2025/05/19 02:28:11.693101737,False,False,False,False,False,False,False,False,False,False,False,False,False,0.0,0.0,0.0,0.0,301.0,0.0,0.0,0.0,0.0,0.0,0.0,0.0,0.0,0.0
2025/05/19 02:28:11.784927078,False,False,False,False,False,False,False,False,False,False,False,False,False,0.0,0.0,0.0,0.0,301.0,0.0,0.0,0.0,0.0,0.0,0.0,0.0,0.0,0.0
2025/05/19 02:28:11.887677951,False,False,False,False,False,False,False,False,False,False,False,False,False,0.0,0.0,0.0,0.0,301.0,0.0,0.0,0.0,0.0,0.0,0.0,0.0,0.0,0.0
2025/05/19 02:28:12.157784,False,False,False,False,False,False,False,False,False,False,False,False,False,0.0,0.0,0.0,0.0,302.0,0.0,0.0,0.0,0.0,0.0,0.0,0.0,0.0,0.0
2025/05/19 02:28:12.90498168,False,False,False,False,False,False,False,False,False,False,False,False,False,0.0,0.0,0.0,0.0,253.0,0.0,0.0,0.0,0.0,0.0,0.0,0.0,0.0,0.0
2025/05/19 02:28:12.192891323,False,False,False,False,False,False,False,False,False,False,False,False,False,0.0,0.0,0.0,0.0,289.0,0.0,0.0,0.0,0.0,0.0,0.0,0.0,0.0,0.0
2025/05/19 02:28:12.291846778,False,False,False,False,False,False,False,False,False,False,False,False,False,0.0,0.0,0.0,0.0,289.0,0.0,0.0,0.0,0.0,0.0,0.0,0.0,0.0,0.0
2025/05/19 02:28:12.383739483,False,False,False,False,False,False,False,False,False,False,False,False,False,0.0,0.0,0.0,0.0,290.0,0.0,0.0,0.0,0.0,0.0,0.0,0.0,0.0,0.0
2025/05/19 02:28:12.485754318,False,False,False,False,False,False,False,False,False,False,False,False,False,0.0,0.0,0.0,0.0,290.0,0.0,0.0,0.0,0.0,0.0,0.0,0.0,0.0,0.0
2025/05/19 02:28:12.587314178,False,False,False,False,False,False,False,False,False,False,False,False,False,0.0,0.0,0.0,0.0,290.0,0.0,0.0,0.0,0.0,0.0,0.0,0.0,0.0,0.0
2025/05/19 02:28:12.688596988,False,False,False,False,False,False,False,False,False,False,False,False,False,0.0,0.0,0.0,0.0,291.0,0.0,0.0,0.0,0.0,0.0,0.0,0.0,0.0,0.0
2025/05/19 02:28:12.791085118,False,False,False,False,False,False,False,False,False,False,False,False,False,0.0,0.0,0.0,0.0,291.0,0.0,0.0,0.0,0.0,0.0,0.0,0.0,0.0,0.0
2025/05/19 02:28:12.892521497,False,False,False,False,False,False,False,False,False,False,False,False,False,0.0,0.0,0.0,0.0,292.0,0.0,0.0,0.0,0.0,0.0,0.0,0.0,0.0,0.0
2025/05/19 02:28:12.983465986,False,False,False,False,False,False,False,False,False,False,False,False,False,0.0,0.0,0.0,0.0,292.0,0.0,0.0,0.0,0.0,0.0,0.0,0.0,0.0,0.0
2025/05/19 02:28:13.85411208,False,False,False,False,False,False,False,False,False,False,False,False,False,0.0,0.0,0.0,0.0,292.0,0.0,0.0,0.0,0.0,0.0,0.0,0.0,0.0,0.0
2025/05/19 02:28:13.186324443,False,False,False,False,False,False,False,False,False,False,False,False,False,0.0,0.0,0.0,0.0,283.0,0.0,0.0,0.0,0.0,0.0,0.0,0.0,0.0,0.0
2025/05/19 02:28:13.290209592,False,False,False,False,False,False,False,False,False,False,False,False,False,0.0,0.0,0.0,0.0,283.0,0.0,0.0,0.0,0.0,0.0,0.0,0.0,0.0,0.0
2025/05/19 02:28:13.387886142,False,False,False,False,False,False,False,False,False,False,False,False,False,0.0,0.0,0.0,0.0,283.0,0.0,0.0,0.0,0.0,0.0,0.0,0.0,0.0,0.0
2025/05/19 02:28:13.491352308,False,False,False,False,False,False,False,False,False,False,False,False,False,0.0,0.0,0.0,0.0,284.0,0.0,0.0,0.0,0.0,0.0,0.0,0.0,0.0,0.0
2025/05/19 02:28:13.591629805,False,False,False,False,False,False,False,False,False,False,False,False,False,0.0,0.0,0.0,0.0,284.0,0.0,0.0,0.0,0.0,0.0,0.0,0.0,0.0,0.0
2025/05/19 02:28:13.693898254,False,False,False,False,False,False,False,False,False,False,False,False,False,0.0,0.0,0.0,0.0,285.0,0.0,0.0,0.0,0.0,0.0,0.0,0.0,0.0,0.0
2025/05/19 02:28:13.793427577,False,False,False,False,False,False,False,False,False,False,False,False,False,0.0,0.0,0.0,0.0,285.0,0.0,0.0,0.0,0.0,0.0,0.0,0.0,0.0,0.0
2025/05/19 02:28:13.893664341,False,False,False,False,False,False,False,False,False,False,False,False,False,0.0,0.0,0.0,0.0,285.0,0.0,0.0,0.0,0.0,0.0,0.0,0.0,0.0,0.0
2025/05/19 02:28:13.983656078,False,False,False,False,False,False,False,False,False,False,False,False,False,0.0,0.0,0.0,0.0,285.0,0.0,0.0,0.0,0.0,0.0,0.0,0.0,0.0,0.0
2025/05/19 02:28:14.85781411,False,False,False,False,False,False,False,False,False,False,False,False,False,0.0,0.0,0.0,0.0,286.0,0.0,0.0,0.0,0.0,0.0,0.0,0.0,0.0,0.0
2025/05/19 02:28:14.186231626,False,False,False,False,False,False,False,False,False,False,False,False,False,0.0,0.0,0.0,0.0,178.00000000000003,0.0,0.0,0.0,0.0,0.0,0.0,0.0,0.0,0.0
2025/05/19 02:28:14.286438058,False,False,False,False,False,False,False,False,False,False,False,False,False,0.0,0.0,0.0,0.0,206.99999999999997,0.0,0.0,0.0,0.0,0.0,0.0,0.0,0.0,0.0
2025/05/19 02:28:14.387749633,False,False,False,False,False,False,False,False,False,False,False,False,False,0.0,0.0,0.0,0.0,244.0,0.0,0.0,0.0,0.0,0.0,0.0,0.0,0.0,0.0
2025/05/19 02:28:14.493029488,False,False,False,False,False,False,False,False,False,False,False,False,False,0.0,0.0,0.0,0.0,281.0,0.0,0.0,0.0,0.0,0.0,0.0,0.0,0.0,0.0
2025/05/19 02:28:14.593433124,False,False,False,False,False,False,False,False,False,False,False,False,False,0.0,0.0,0.0,0.0,286.0,0.0,0.0,0.0,0.0,0.0,0.0,0.0,0.0,0.0
2025/05/19 02:28:14.694455479,False,False,False,False,False,False,False,False,False,False,False,False,False,0.0,0.0,0.0,0.0,286.0,0.0,0.0,0.0,0.0,0.0,0.0,0.0,0.0,0.0
2025/05/19 02:28:14.785534401,False,False,False,False,False,False,False,False,False,False,False,False,False,0.0,0.0,0.0,0.0,286.0,0.0,0.0,0.0,0.0,0.0,0.0,0.0,0.0,0.0
2025/05/19 02:28:14.885063650,False,False,False,False,False,False,False,False,False,False,False,False,False,0.0,0.0,0.0,0.0,286.0,0.0,0.0,0.0,0.0,0.0,0.0,0.0,0.0,0.0
2025/05/19 02:28:14.986478418,False,False,False,False,False,False,False,False,False,False,False,False,False,0.0,0.0,0.0,0.0,286.0,0.0,0.0,0.0,0.0,0.0,0.0,0.0,0.0,0.0
2025/05/19 02:28:15.92732471,False,False,False,False,False,False,False,False,False,False,False,False,False,0.0,0.0,0.0,0.0,201.0,0.0,0.0,0.0,0.0,0.0,0.0,0.0,0.0,0.0
2025/05/19 02:28:15.191351346,False,False,False,False,False,False,False,False,False,False,False,False,False,0.0,0.0,0.0,0.0,239.0,0.0,0.0,0.0,0.0,0.0,0.0,0.0,0.0,0.0
2025/05/19 02:28:15.293921016,False,False,False,False,False,False,False,False,False,False,False,False,False,0.0,0.0,0.0,0.0,276.0,0.0,0.0,0.0,0.0,0.0,0.0,0.0,0.0,0.0
2025/05/19 02:28:15.394079345,False,False,False,False,False,False,False,False,False,False,False,False,False,0.0,0.0,0.0,0.0,286.0,0.0,0.0,0.0,0.0,0.0,0.0,0.0,0.0,0.0
2025/05/19 02:28:15.484896839,False,False,False,False,False,False,False,False,False,False,False,False,False,0.0,0.0,0.0,0.0,286.0,0.0,0.0,0.0,0.0,0.0,0.0,0.0,0.0,0.0
2025/05/19 02:28:15.583381866,False,False,False,False,False,False,False,False,False,False,False,False,False,0.0,0.0,0.0,0.0,286.0,0.0,0.0,0.0,0.0,0.0,0.0,0.0,0.0,0.0
2025/05/19 02:28:15.685673939,False,False,False,False,False,False,False,False,False,False,False,False,False,0.0,0.0,0.0,0.0,287.0,0.0,0.0,0.0,0.0,0.0,0.0,0.0,0.0,0.0
2025/05/19 02:28:15.785952282,False,False,False,False,False,False,False,False,False,False,False,False,False,0.0,0.0,0.0,0.0,287.0,0.0,0.0,0.0,0.0,0.0,0.0,0.0,0.0,0.0
2025/05/19 02:28:15.891277000,False,False,False,False,False,False,False,False,False,False,False,False,False,0.0,0.0,0.0,0.0,287.0,0.0,0.0,0.0,0.0,0.0,0.0,0.0,0.0,0.0
2025/05/19 02:28:15.991072215,False,False,False,False,False,False,False,False,False,False,False,False,False,0.0,0.0,0.0,0.0,287.0,0.0,0.0,0.0,0.0,0.0,0.0,0.0,0.0,0.0
2025/05/19 02:28:16.92728471,False,False,False,False,False,False,False,False,False,False,False,False,False,0.0,0.0,0.0,0.0,284.0,0.0,0.0,0.0,0.0,0.0,0.0,0.0,0.0,0.0
2025/05/19 02:28:16.198244601,False,False,False,False,False,False,False,False,False,False,False,False,False,0.0,0.0,0.0,0.0,284.0,0.0,0.0,0.0,0.0,0.0,0.0,0.0,0.0,0.0
2025/05/19 02:28:16.287259078,False,False,False,False,False,False,False,False,False,False,False,False,False,0.0,0.0,0.0,0.0,284.0,0.0,0.0,0.0,0.0,0.0,0.0,0.0,0.0,0.0
2025/05/19 02:28:16.390472709,False,False,False,False,False,False,False,False,False,False,False,False,False,0.0,0.0,0.0,0.0,285.0,0.0,0.0,0.0,0.0,0.0,0.0,0.0,0.0,0.0
2025/05/19 02:28:16.484287404,False,False,False,False,False,False,False,False,False,False,False,False,False,0.0,0.0,0.0,0.0,285.0,0.0,0.0,0.0,0.0,0.0,0.0,0.0,0.0,0.0
2025/05/19 02:28:16.585612046,False,False,False,False,False,False,False,False,False,False,False,False,False,0.0,0.0,0.0,0.0,285.0,0.0,0.0,0.0,0.0,0.0,0.0,0.0,0.0,0.0
2025/05/19 02:28:16.690689413,False,False,False,False,False,False,False,False,False,False,False,False,False,0.0,0.0,0.0,0.0,285.0,0.0,0.0,0.0,0.0,0.0,0.0,0.0,0.0,0.0
2025/05/19 02:28:16.792333341,False,False,False,False,False,False,False,False,False,False,False,False,False,0.0,0.0,0.0,0.0,286.0,0.0,0.0,0.0,0.0,0.0,0.0,0.0,0.0,0.0
2025/05/19 02:28:16.890846765,False,False,False,False,False,False,False,False,False,False,False,False,False,0.0,0.0,0.0,0.0,286.0,0.0,0.0,0.0,0.0,0.0,0.0,0.0,0.0,0.0
2025/05/19 02:28:16.991221155,False,False,False,False,False,False,False,False,False,False,False,False,False,0.0,0.0,0.0,0.0,286.0,0.0,0.0,0.0,0.0,0.0,0.0,0.0,0.0,0.0
2025/05/19 02:28:17.92657892,False,False,False,False,False,False,False,False,False,False,False,False,False,0.0,0.0,0.0,0.0,283.0,0.0,0.0,0.0,0.0,0.0,0.0,0.0,0.0,0.0
2025/05/19 02:28:17.184248003,False,False,False,False,False,False,False,False,False,False,False,False,False,0.0,0.0,0.0,0.0,283.0,0.0,0.0,0.0,0.0,0.0,0.0,0.0,0.0,0.0
2025/05/19 02:28:17.286165573,False,False,False,False,False,False,False,False,False,False,False,False,False,0.0,0.0,0.0,0.0,284.0,0.0,0.0,0.0,0.0,0.0,0.0,0.0,0.0,0.0
2025/05/19 02:28:17.388493925,False,False,False,False,False,False,False,False,False,False,False,False,False,0.0,0.0,0.0,0.0,284.0,0.0,0.0,0.0,0.0,0.0,0.0,0.0,0.0,0.0
2025/05/19 02:28:17.490680229,False,False,False,False,False,False,False,False,False,False,False,False,False,0.0,0.0,0.0,0.0,284.0,0.0,0.0,0.0,0.0,0.0,0.0,0.0,0.0,0.0
2025/05/19 02:28:17.591688089,False,False,False,False,False,False,False,False,False,False,False,False,False,0.0,0.0,0.0,0.0,284.0,0.0,0.0,0.0,0.0,0.0,0.0,0.0,0.0,0.0
2025/05/19 02:28:17.692255271,False,False,False,False,False,False,False,False,False,False,False,False,False,0.0,0.0,0.0,0.0,285.0,0.0,0.0,0.0,0.0,0.0,0.0,0.0,0.0,0.0
2025/05/19 02:28:17.793392803,False,False,False,False,False,False,False,False,False,False,False,False,False,0.0,0.0,0.0,0.0,285.0,0.0,0.0,0.0,0.0,0.0,0.0,0.0,0.0,0.0
2025/05/19 02:28:17.882508052,False,False,False,False,False,False,False,False,False,False,False,False,False,0.0,0.0,0.0,0.0,285.0,0.0,0.0,0.0,0.0,0.0,0.0,0.0,0.0,0.0
2025/05/19 02:28:17.985460469,False,False,False,False,False,False,False,False,False,False,False,False,False,0.0,0.0,0.0,0.0,285.0,0.0,0.0,0.0,0.0,0.0,0.0,0.0,0.0,0.0
2025/05/19 02:28:18.86092154,False,False,False,False,False,False,False,False,False,False,False,False,False,0.0,0.0,0.0,0.0,285.0,0.0,0.0,0.0,0.0,0.0,0.0,0.0,0.0,0.0
2025/05/19 02:28:18.192389309,False,False,False,False,False,False,False,False,False,False,False,False,False,0.0,0.0,0.0,0.0,253.0,0.0,0.0,0.0,0.0,0.0,0.0,0.0,0.0,0.0
2025/05/19 02:28:18.283524711,False,False,False,False,False,False,False,False,False,False,False,False,False,0.0,0.0,0.0,0.0,275.0,0.0,0.0,0.0,0.0,0.0,0.0,0.0,0.0,0.0
2025/05/19 02:28:18.410446651,False,False,False,False,False,False,False,False,False,False,False,False,False,0.0,0.0,0.0,0.0,275.0,0.0,0.0,0.0,0.0,0.0,0.0,0.0,0.0,0.0
2025/05/19 02:28:18.487840906,False,False,False,False,False,False,False,False,False,False,False,False,False,0.0,0.0,0.0,0.0,276.0,0.0,0.0,0.0,0.0,0.0,0.0,0.0,0.0,0.0
2025/05/19 02:28:18.592586391,False,False,False,False,False,False,False,False,False,False,False,False,False,0.0,0.0,0.0,0.0,276.0,0.0,0.0,0.0,0.0,0.0,0.0,0.0,0.0,0.0
2025/05/19 02:28:18.692099604,False,False,False,False,False,False,False,False,False,False,False,False,False,0.0,0.0,0.0,0.0,276.0,0.0,0.0,0.0,0.0,0.0,0.0,0.0,0.0,0.0
2025/05/19 02:28:18.797600421,False,False,False,False,False,False,False,False,False,False,False,False,False,0.0,0.0,0.0,0.0,276.0,0.0,0.0,0.0,0.0,0.0,0.0,0.0,0.0,0.0
2025/05/19 02:28:18.882533481,False,False,False,False,False,False,False,False,False,False,False,False,False,0.0,0.0,0.0,0.0,276.0,0.0,0.0,0.0,0.0,0.0,0.0,0.0,0.0,0.0
2025/05/19 02:28:18.985645963,False,False,False,False,False,False,False,False,False,False,False,False,False,0.0,0.0,0.0,0.0,277.0,0.0,0.0,0.0,0.0,0.0,0.0,0.0,0.0,0.0
2025/05/19 02:28:19.85036744,False,False,False,False,False,False,False,False,False,False,False,False,False,0.0,0.0,0.0,0.0,277.0,0.0,0.0,0.0,0.0,0.0,0.0,0.0,0.0,0.0
2025/05/19 02:28:19.188577923,False,False,False,False,False,False,False,False,False,False,False,False,False,0.0,0.0,0.0,0.0,186.0,0.0,0.0,0.0,0.0,0.0,0.0,0.0,0.0,0.0
2025/05/19 02:28:19.288609100,False,False,False,False,False,False,False,False,False,False,False,False,False,0.0,0.0,0.0,0.0,224.0,0.0,0.0,0.0,0.0,0.0,0.0,0.0,0.0,0.0
2025/05/19 02:28:19.395289320,False,False,False,False,False,False,False,False,False,False,False,False,False,0.0,0.0,0.0,0.0,257.0,0.0,0.0,0.0,0.0,0.0,0.0,0.0,0.0,0.0
2025/05/19 02:28:19.498790396,False,False,False,False,False,False,False,False,False,False,False,False,False,0.0,0.0,0.0,0.0,257.0,0.0,0.0,0.0,0.0,0.0,0.0,0.0,0.0,0.0
2025/05/19 02:28:19.584254325,False,False,False,False,False,False,False,False,False,False,False,False,False,0.0,0.0,0.0,0.0,257.0,0.0,0.0,0.0,0.0,0.0,0.0,0.0,0.0,0.0
2025/05/19 02:28:19.688185261,False,False,False,False,False,False,False,False,False,False,False,False,False,0.0,0.0,0.0,0.0,257.0,0.0,0.0,0.0,0.0,0.0,0.0,0.0,0.0,0.0
2025/05/19 02:28:19.790539797,False,False,False,False,False,False,False,False,False,False,False,False,False,0.0,0.0,0.0,0.0,258.0,0.0,0.0,0.0,0.0,0.0,0.0,0.0,0.0,0.0
2025/05/19 02:28:19.890957685,False,False,False,False,False,False,False,False,False,False,False,False,False,0.0,0.0,0.0,0.0,258.0,0.0,0.0,0.0,0.0,0.0,0.0,0.0,0.0,0.0
2025/05/19 02:28:19.995513427,False,False,False,False,False,False,False,False,False,False,False,False,False,0.0,0.0,0.0,0.0,243.00000000000006,0.0,0.0,0.0,0.0,0.0,0.0,0.0,0.0,0.0
2025/05/19 02:28:20.95344583,False,False,False,False,False,False,False,False,False,False,False,False,False,0.0,0.0,0.0,0.0,243.00000000000006,0.0,0.0,0.0,0.0,0.0,0.0,0.0,0.0,0.0
2025/05/19 02:28:20.197435234,False,False,False,False,False,False,False,False,False,False,False,False,False,0.0,0.0,0.0,0.0,243.00000000000006,0.0,0.0,0.0,0.0,0.0,0.0,0.0,0.0,0.0
2025/05/19 02:28:20.285312219,False,False,False,False,False,False,False,False,False,False,False,False,False,0.0,0.0,0.0,0.0,243.00000000000006,0.0,0.0,0.0,0.0,0.0,0.0,0.0,0.0,0.0
2025/05/19 02:28:20.387540813,False,False,False,False,False,False,False,False,False,False,False,False,False,0.0,0.0,0.0,0.0,244.0,0.0,0.0,0.0,0.0,0.0,0.0,0.0,0.0,0.0
2025/05/19 02:28:20.488654974,False,False,False,False,False,False,False,False,False,False,False,False,False,0.0,0.0,0.0,0.0,244.0,0.0,0.0,0.0,0.0,0.0,0.0,0.0,0.0,0.0
2025/05/19 02:28:20.592974117,False,False,False,False,False,False,False,False,False,False,False,False,False,0.0,0.0,0.0,0.0,244.0,0.0,0.0,0.0,0.0,0.0,0.0,0.0,0.0,0.0
2025/05/19 02:28:20.684393589,False,False,False,False,False,False,False,False,False,False,False,False,False,0.0,0.0,0.0,0.0,244.0,0.0,0.0,0.0,0.0,0.0,0.0,0.0,0.0,0.0
2025/05/19 02:28:20.786290609,False,False,False,False,False,False,False,False,False,False,False,False,False,0.0,0.0,0.0,0.0,244.0,0.0,0.0,0.0,0.0,0.0,0.0,0.0,0.0,0.0
2025/05/19 02:28:20.885715009,False,False,False,False,False,False,False,False,False,False,False,False,False,0.0,0.0,0.0,0.0,244.0,0.0,0.0,0.0,0.0,0.0,0.0,0.0,0.0,0.0
2025/05/19 02:28:20.989050735,False,False,False,False,False,False,False,False,False,False,False,False,False,0.0,0.0,0.0,0.0,243.00000000000006,0.0,0.0,0.0,0.0,0.0,0.0,0.0,0.0,0.0
2025/05/19 02:28:21.87671933,False,False,False,False,False,False,False,False,False,False,False,False,False,0.0,0.0,0.0,0.0,243.00000000000006,0.0,0.0,0.0,0.0,0.0,0.0,0.0,0.0,0.0
2025/05/19 02:28:21.188795157,False,False,False,False,False,False,False,False,False,False,False,False,False,0.0,0.0,0.0,0.0,243.00000000000006,0.0,0.0,0.0,0.0,0.0,0.0,0.0,0.0,0.0
2025/05/19 02:28:21.292212465,False,False,False,False,False,False,False,False,False,False,False,False,False,0.0,0.0,0.0,0.0,243.00000000000006,0.0,0.0,0.0,0.0,0.0,0.0,0.0,0.0,0.0
2025/05/19 02:28:21.393241782,False,False,False,False,False,False,False,False,False,False,False,False,False,0.0,0.0,0.0,0.0,243.00000000000006,0.0,0.0,0.0,0.0,0.0,0.0,0.0,0.0,0.0
2025/05/19 02:28:21.484110606,False,False,False,False,False,False,False,False,False,False,False,False,False,0.0,0.0,0.0,0.0,244.0,0.0,0.0,0.0,0.0,0.0,0.0,0.0,0.0,0.0
2025/05/19 02:28:21.587165143,False,False,False,False,False,False,False,False,False,False,False,False,False,0.0,0.0,0.0,0.0,244.0,0.0,0.0,0.0,0.0,0.0,0.0,0.0,0.0,0.0
2025/05/19 02:28:21.688045371,False,False,False,False,False,False,False,False,False,False,False,False,False,0.0,0.0,0.0,0.0,244.0,0.0,0.0,0.0,0.0,0.0,0.0,0.0,0.0,0.0
2025/05/19 02:28:21.788172187,False,False,False,False,False,False,False,False,False,False,False,False,False,0.0,0.0,0.0,0.0,244.0,0.0,0.0,0.0,0.0,0.0,0.0,0.0,0.0,0.0
2025/05/19 02:28:21.892605114,False,False,False,False,False,False,False,False,False,False,False,False,False,0.0,0.0,0.0,0.0,244.0,0.0,0.0,0.0,0.0,0.0,0.0,0.0,0.0,0.0
2025/05/19 02:28:21.983232340,False,False,False,False,False,False,False,False,False,False,False,False,False,0.0,0.0,0.0,0.0,245.99999999999997,0.0,0.0,0.0,0.0,0.0,0.0,0.0,0.0,0.0
2025/05/19 02:28:22.84601060,False,False,False,False,False,False,False,False,False,False,False,False,False,0.0,0.0,0.0,0.0,247.00000000000003,0.0,0.0,0.0,0.0,0.0,0.0,0.0,0.0,0.0
2025/05/19 02:28:22.185357881,False,False,False,False,False,False,False,False,False,False,False,False,False,0.0,0.0,0.0,0.0,247.00000000000003,0.0,0.0,0.0,0.0,0.0,0.0,0.0,0.0,0.0
2025/05/19 02:28:22.289147307,False,False,False,False,False,False,False,False,False,False,False,False,False,0.0,0.0,0.0,0.0,247.00000000000003,0.0,0.0,0.0,0.0,0.0,0.0,0.0,0.0,0.0
2025/05/19 02:28:22.391504919,False,False,False,False,False,False,False,False,False,False,False,False,False,0.0,0.0,0.0,0.0,247.00000000000003,0.0,0.0,0.0,0.0,0.0,0.0,0.0,0.0,0.0
2025/05/19 02:28:22.491213366,False,False,False,False,False,False,False,False,False,False,False,False,False,0.0,0.0,0.0,0.0,247.99999999999997,0.0,0.0,0.0,0.0,0.0,0.0,0.0,0.0,0.0
2025/05/19 02:28:22.593243863,False,False,False,False,False,False,False,False,False,False,False,False,False,0.0,0.0,0.0,0.0,247.99999999999997,0.0,0.0,0.0,0.0,0.0,0.0,0.0,0.0,0.0
2025/05/19 02:28:22.694199520,False,False,False,False,False,False,False,False,False,False,False,False,False,0.0,0.0,0.0,0.0,247.99999999999997,0.0,0.0,0.0,0.0,0.0,0.0,0.0,0.0,0.0
2025/05/19 02:28:22.783314284,False,False,False,False,False,False,False,False,False,False,False,False,False,0.0,0.0,0.0,0.0,247.99999999999997,0.0,0.0,0.0,0.0,0.0,0.0,0.0,0.0,0.0
2025/05/19 02:28:22.884514624,False,False,False,False,False,False,False,False,False,False,False,False,False,0.0,0.0,0.0,0.0,247.99999999999997,0.0,0.0,0.0,0.0,0.0,0.0,0.0,0.0,0.0
2025/05/19 02:28:22.986245135,False,False,False,False,False,False,False,False,False,False,False,False,False,0.0,0.0,0.0,0.0,174.0,0.0,0.0,0.0,0.0,0.0,0.0,0.0,0.0,0.0
2025/05/19 02:28:23.89474439,False,False,False,False,False,False,False,False,False,False,False,False,False,0.0,0.0,0.0,0.0,107.0,0.0,0.0,0.0,0.0,0.0,0.0,0.0,0.0,0.0
2025/05/19 02:28:23.190540157,False,False,False,False,False,False,False,False,False,False,False,False,False,0.0,0.0,0.0,0.0,186.0,0.0,0.0,0.0,0.0,0.0,0.0,0.0,0.0,0.0
2025/05/19 02:28:23.294421203,False,False,False,False,False,False,False,False,False,False,False,False,False,0.0,0.0,0.0,0.0,224.0,0.0,0.0,0.0,0.0,0.0,0.0,0.0,0.0,0.0
2025/05/19 02:28:23.394405687,False,False,False,False,False,False,False,False,False,False,False,False,False,0.0,0.0,0.0,0.0,224.0,0.0,0.0,0.0,0.0,0.0,0.0,0.0,0.0,0.0
2025/05/19 02:28:23.484469600,False,False,False,False,False,False,False,False,False,False,False,False,False,0.0,0.0,0.0,0.0,242.0,0.0,0.0,0.0,0.0,0.0,0.0,0.0,0.0,0.0
2025/05/19 02:28:23.586283290,False,False,False,False,False,False,False,False,False,False,False,False,False,0.0,0.0,0.0,0.0,242.0,0.0,0.0,0.0,0.0,0.0,0.0,0.0,0.0,0.0
2025/05/19 02:28:23.686455740,False,False,False,False,False,False,False,False,False,False,False,False,False,0.0,0.0,0.0,0.0,243.00000000000006,0.0,0.0,0.0,0.0,0.0,0.0,0.0,0.0,0.0
2025/05/19 02:28:23.787302029,False,False,False,False,False,False,False,False,False,False,False,False,False,0.0,0.0,0.0,0.0,243.00000000000006,0.0,0.0,0.0,0.0,0.0,0.0,0.0,0.0,0.0
2025/05/19 02:28:23.891148797,False,False,False,False,False,False,False,False,False,False,False,False,False,0.0,0.0,0.0,0.0,243.00000000000006,0.0,0.0,0.0,0.0,0.0,0.0,0.0,0.0,0.0
2025/05/19 02:28:23.989792587,False,False,False,False,False,False,False,False,False,False,False,False,False,0.0,0.0,0.0,0.0,200.0,0.0,0.0,0.0,0.0,0.0,0.0,0.0,0.0,0.0
2025/05/19 02:28:24.91373987,False,False,False,False,False,False,False,False,False,False,False,False,False,0.0,0.0,0.0,0.0,236.0,0.0,0.0,0.0,0.0,0.0,0.0,0.0,0.0,0.0
2025/05/19 02:28:24.194205133,False,False,False,False,False,False,False,False,False,False,False,False,False,0.0,0.0,0.0,0.0,241.0,0.0,0.0,0.0,0.0,0.0,0.0,0.0,0.0,0.0
2025/05/19 02:28:24.283991091,False,False,False,False,False,False,False,False,False,False,False,False,False,0.0,0.0,0.0,0.0,241.0,0.0,0.0,0.0,0.0,0.0,0.0,0.0,0.0,0.0
2025/05/19 02:28:24.384158517,False,False,False,False,False,False,False,False,False,False,False,False,False,0.0,0.0,0.0,0.0,241.0,0.0,0.0,0.0,0.0,0.0,0.0,0.0,0.0,0.0
2025/05/19 02:28:24.486768812,False,False,False,False,False,False,False,False,False,False,False,False,False,0.0,0.0,0.0,0.0,241.0,0.0,0.0,0.0,0.0,0.0,0.0,0.0,0.0,0.0
2025/05/19 02:28:24.586604656,False,False,False,False,False,False,False,False,False,False,False,False,False,0.0,0.0,0.0,0.0,241.0,0.0,0.0,0.0,0.0,0.0,0.0,0.0,0.0,0.0
2025/05/19 02:28:24.688157531,False,False,False,False,False,False,False,False,False,False,False,False,False,0.0,0.0,0.0,0.0,241.0,0.0,0.0,0.0,0.0,0.0,0.0,0.0,0.0,0.0
2025/05/19 02:28:24.788889790,False,False,False,False,False,False,False,False,False,False,False,False,False,0.0,0.0,0.0,0.0,241.0,0.0,0.0,0.0,0.0,0.0,0.0,0.0,0.0,0.0
2025/05/19 02:28:24.887443810,False,False,False,False,False,False,False,False,False,False,False,False,False,0.0,0.0,0.0,0.0,241.0,0.0,0.0,0.0,0.0,0.0,0.0,0.0,0.0,0.0
2025/05/19 02:28:24.985532685,False,False,False,False,False,False,False,False,False,False,False,False,False,0.0,0.0,0.0,0.0,242.0,0.0,0.0,0.0,0.0,0.0,0.0,0.0,0.0,0.0
2025/05/19 02:28:25.86221471,False,False,False,False,False,False,False,False,False,False,False,False,False,0.0,0.0,0.0,0.0,243.00000000000006,0.0,0.0,0.0,0.0,0.0,0.0,0.0,0.0,0.0
2025/05/19 02:28:25.189374060,False,False,False,False,False,False,False,False,False,False,False,False,False,0.0,0.0,0.0,0.0,243.00000000000006,0.0,0.0,0.0,0.0,0.0,0.0,0.0,0.0,0.0
2025/05/19 02:28:25.288395745,False,False,False,False,False,False,False,False,False,False,False,False,False,0.0,0.0,0.0,0.0,243.00000000000006,0.0,0.0,0.0,0.0,0.0,0.0,0.0,0.0,0.0
2025/05/19 02:28:25.390330702,False,False,False,False,False,False,False,False,False,False,False,False,False,0.0,0.0,0.0,0.0,243.00000000000006,0.0,0.0,0.0,0.0,0.0,0.0,0.0,0.0,0.0
2025/05/19 02:28:25.491106108,False,False,False,False,False,False,False,False,False,False,False,False,False,0.0,0.0,0.0,0.0,243.00000000000006,0.0,0.0,0.0,0.0,0.0,0.0,0.0,0.0,0.0
2025/05/19 02:28:25.594483808,False,False,False,False,False,False,False,False,False,False,False,False,False,0.0,0.0,0.0,0.0,243.00000000000006,0.0,0.0,0.0,0.0,0.0,0.0,0.0,0.0,0.0
2025/05/19 02:28:25.684489535,False,False,False,False,False,False,False,False,False,False,False,False,False,0.0,0.0,0.0,0.0,243.00000000000006,0.0,0.0,0.0,0.0,0.0,0.0,0.0,0.0,0.0
2025/05/19 02:28:25.784476945,False,False,False,False,False,False,False,False,False,False,False,False,False,0.0,0.0,0.0,0.0,243.00000000000006,0.0,0.0,0.0,0.0,0.0,0.0,0.0,0.0,0.0
2025/05/19 02:28:25.885741484,False,False,False,False,False,False,False,False,False,False,False,False,False,0.0,0.0,0.0,0.0,244.0,0.0,0.0,0.0,0.0,0.0,0.0,0.0,0.0,0.0
2025/05/19 02:28:25.988695583,False,False,False,False,False,False,False,False,False,False,False,False,False,0.0,0.0,0.0,0.0,95.00000000000001,0.0,0.0,0.0,0.0,0.0,0.0,0.0,0.0,0.0
2025/05/19 02:28:26.88400104,False,False,False,False,False,False,False,False,False,False,False,False,False,0.0,0.0,0.0,0.0,118.0,0.0,0.0,0.0,0.0,0.0,0.0,0.0,0.0,0.0
2025/05/19 02:28:26.192662748,False,False,False,False,False,False,False,False,False,False,False,False,False,0.0,0.0,0.0,0.0,197.0,0.0,0.0,0.0,0.0,0.0,0.0,0.0,0.0,0.0
2025/05/19 02:28:26.293024907,False,False,False,False,False,False,False,False,False,False,False,False,False,0.0,0.0,0.0,0.0,235.00000000000003,0.0,0.0,0.0,0.0,0.0,0.0,0.0,0.0,0.0
2025/05/19 02:28:26.394683034,False,False,False,False,False,False,False,False,False,False,False,False,False,0.0,0.0,0.0,0.0,235.00000000000003,0.0,0.0,0.0,0.0,0.0,0.0,0.0,0.0,0.0
2025/05/19 02:28:26.485142880,False,False,False,False,False,False,False,False,False,False,False,False,False,0.0,0.0,0.0,0.0,242.0,0.0,0.0,0.0,0.0,0.0,0.0,0.0,0.0,0.0
2025/05/19 02:28:26.588589996,False,False,False,False,False,False,False,False,False,False,False,False,False,0.0,0.0,0.0,0.0,242.0,0.0,0.0,0.0,0.0,0.0,0.0,0.0,0.0,0.0
2025/05/19 02:28:26.689739609,False,False,False,False,False,False,False,False,False,False,False,False,False,0.0,0.0,0.0,0.0,242.0,0.0,0.0,0.0,0.0,0.0,0.0,0.0,0.0,0.0
2025/05/19 02:28:26.792022788,False,False,False,False,False,False,False,False,False,False,False,False,False,0.0,0.0,0.0,0.0,242.0,0.0,0.0,0.0,0.0,0.0,0.0,0.0,0.0,0.0
2025/05/19 02:28:26.891569399,False,False,False,False,False,False,False,False,False,False,False,False,False,0.0,0.0,0.0,0.0,241.0,0.0,0.0,0.0,0.0,0.0,0.0,0.0,0.0,0.0
2025/05/19 02:28:26.993731416,False,False,False,False,False,False,False,False,False,False,False,False,False,0.0,0.0,0.0,0.0,241.0,0.0,0.0,0.0,0.0,0.0,0.0,0.0,0.0,0.0
2025/05/19 02:28:27.85146744,False,False,False,False,False,False,False,False,False,False,False,False,False,0.0,0.0,0.0,0.0,241.0,0.0,0.0,0.0,0.0,0.0,0.0,0.0,0.0,0.0
2025/05/19 02:28:27.186550728,False,False,False,False,False,False,False,False,False,False,False,False,False,0.0,0.0,0.0,0.0,241.0,0.0,0.0,0.0,0.0,0.0,0.0,0.0,0.0,0.0
2025/05/19 02:28:27.287650461,False,False,False,False,False,False,False,False,False,False,False,False,False,0.0,0.0,0.0,0.0,241.0,0.0,0.0,0.0,0.0,0.0,0.0,0.0,0.0,0.0
2025/05/19 02:28:27.391741408,False,False,False,False,False,False,False,False,False,False,False,False,False,0.0,0.0,0.0,0.0,242.0,0.0,0.0,0.0,0.0,0.0,0.0,0.0,0.0,0.0
2025/05/19 02:28:27.496181310,False,False,False,False,False,False,False,False,False,False,False,False,False,0.0,0.0,0.0,0.0,242.0,0.0,0.0,0.0,0.0,0.0,0.0,0.0,0.0,0.0
2025/05/19 02:28:27.584395736,False,False,False,False,False,False,False,False,False,False,False,False,False,0.0,0.0,0.0,0.0,242.0,0.0,0.0,0.0,0.0,0.0,0.0,0.0,0.0,0.0
2025/05/19 02:28:27.684307530,False,False,False,False,False,False,False,False,False,False,False,False,False,0.0,0.0,0.0,0.0,242.0,0.0,0.0,0.0,0.0,0.0,0.0,0.0,0.0,0.0
2025/05/19 02:28:27.788326564,False,False,False,False,False,False,False,False,False,False,False,False,False,0.0,0.0,0.0,0.0,242.0,0.0,0.0,0.0,0.0,0.0,0.0,0.0,0.0,0.0
2025/05/19 02:28:27.886095141,False,False,False,False,False,False,False,False,False,False,False,False,False,0.0,0.0,0.0,0.0,242.0,0.0,0.0,0.0,0.0,0.0,0.0,0.0,0.0,0.0
2025/05/19 02:28:27.987919873,False,False,False,False,False,False,False,False,False,False,False,False,False,0.0,0.0,0.0,0.0,248.99999999999997,0.0,0.0,0.0,0.0,0.0,0.0,0.0,0.0,0.0
2025/05/19 02:28:28.88688355,False,False,False,False,False,False,False,False,False,False,False,False,False,0.0,0.0,0.0,0.0,248.99999999999997,0.0,0.0,0.0,0.0,0.0,0.0,0.0,0.0,0.0
2025/05/19 02:28:28.190092792,False,False,False,False,False,False,False,False,False,False,False,False,False,0.0,0.0,0.0,0.0,248.99999999999997,0.0,0.0,0.0,0.0,0.0,0.0,0.0,0.0,0.0
2025/05/19 02:28:28.292010052,False,False,False,False,False,False,False,False,False,False,False,False,False,0.0,0.0,0.0,0.0,248.99999999999997,0.0,0.0,0.0,0.0,0.0,0.0,0.0,0.0,0.0
2025/05/19 02:28:28.395540923,False,False,False,False,False,False,False,False,False,False,False,False,False,0.0,0.0,0.0,0.0,248.99999999999997,0.0,0.0,0.0,0.0,0.0,0.0,0.0,0.0,0.0
2025/05/19 02:28:28.494439695,False,False,False,False,False,False,False,False,False,False,False,False,False,0.0,0.0,0.0,0.0,248.99999999999997,0.0,0.0,0.0,0.0,0.0,0.0,0.0,0.0,0.0
2025/05/19 02:28:28.585157345,False,False,False,False,False,False,False,False,False,False,False,False,False,0.0,0.0,0.0,0.0,248.99999999999997,0.0,0.0,0.0,0.0,0.0,0.0,0.0,0.0,0.0
2025/05/19 02:28:28.686197684,False,False,False,False,False,False,False,False,False,False,False,False,False,0.0,0.0,0.0,0.0,248.99999999999997,0.0,0.0,0.0,0.0,0.0,0.0,0.0,0.0,0.0
2025/05/19 02:28:28.788062757,False,False,False,False,False,False,False,False,False,False,False,False,False,0.0,0.0,0.0,0.0,249.99999999999997,0.0,0.0,0.0,0.0,0.0,0.0,0.0,0.0,0.0
2025/05/19 02:28:28.889359348,False,False,False,False,False,False,False,False,False,False,False,False,False,0.0,0.0,0.0,0.0,249.99999999999997,0.0,0.0,0.0,0.0,0.0,0.0,0.0,0.0,0.0
2025/05/19 02:28:28.990051551,False,False,False,False,False,False,False,False,False,False,False,False,False,0.0,0.0,0.0,0.0,191.0,0.0,0.0,0.0,0.0,0.0,0.0,0.0,0.0,0.0
2025/05/19 02:28:29.93367044,False,False,False,False,False,False,False,False,False,False,False,False,False,0.0,0.0,0.0,0.0,220.00000000000003,0.0,0.0,0.0,0.0,0.0,0.0,0.0,0.0,0.0
2025/05/19 02:28:29.195249393,False,False,False,False,False,False,False,False,False,False,False,False,False,0.0,0.0,0.0,0.0,243.00000000000006,0.0,0.0,0.0,0.0,0.0,0.0,0.0,0.0,0.0
2025/05/19 02:28:29.293493441,False,False,False,False,False,False,False,False,False,False,False,False,False,0.0,0.0,0.0,0.0,243.00000000000006,0.0,0.0,0.0,0.0,0.0,0.0,0.0,0.0,0.0
2025/05/19 02:28:29.382036005,False,False,False,False,False,False,False,False,False,False,False,False,False,0.0,0.0,0.0,0.0,243.00000000000006,0.0,0.0,0.0,0.0,0.0,0.0,0.0,0.0,0.0
2025/05/19 02:28:29.485290307,False,False,False,False,False,False,False,False,False,False,False,False,False,0.0,0.0,0.0,0.0,243.00000000000006,0.0,0.0,0.0,0.0,0.0,0.0,0.0,0.0,0.0
2025/05/19 02:28:29.586082937,False,False,False,False,False,False,False,False,False,False,False,False,False,0.0,0.0,0.0,0.0,243.00000000000006,0.0,0.0,0.0,0.0,0.0,0.0,0.0,0.0,0.0
2025/05/19 02:28:29.689623113,False,False,False,False,False,False,False,False,False,False,False,False,False,0.0,0.0,0.0,0.0,243.00000000000006,0.0,0.0,0.0,0.0,0.0,0.0,0.0,0.0,0.0
2025/05/19 02:28:29.788241103,False,False,False,False,False,False,False,False,False,False,False,False,False,0.0,0.0,0.0,0.0,243.00000000000006,0.0,0.0,0.0,0.0,0.0,0.0,0.0,0.0,0.0
2025/05/19 02:28:29.895342451,False,False,False,False,False,False,False,False,False,False,False,False,False,0.0,0.0,0.0,0.0,226.0,0.0,0.0,0.0,0.0,0.0,0.0,0.0,0.0,0.0
2025/05/19 02:28:29.992812861,False,False,False,False,False,False,False,False,False,False,False,False,False,0.0,0.0,0.0,0.0,226.0,0.0,0.0,0.0,0.0,0.0,0.0,0.0,0.0,0.0
2025/05/19 02:28:30.85278190,False,False,False,False,False,False,False,False,False,False,False,False,False,0.0,0.0,0.0,0.0,224.0,0.0,0.0,0.0,0.0,0.0,0.0,0.0,0.0,0.0
2025/05/19 02:28:30.186840592,False,False,False,False,False,False,False,False,False,False,False,False,False,0.0,0.0,0.0,0.0,224.0,0.0,0.0,0.0,0.0,0.0,0.0,0.0,0.0,0.0
2025/05/19 02:28:30.288332475,False,False,False,False,False,False,False,False,False,False,False,False,False,0.0,0.0,0.0,0.0,224.0,0.0,0.0,0.0,0.0,0.0,0.0,0.0,0.0,0.0
2025/05/19 02:28:30.390274303,False,False,False,False,False,False,False,False,False,False,False,False,False,0.0,0.0,0.0,0.0,224.0,0.0,0.0,0.0,0.0,0.0,0.0,0.0,0.0,0.0
2025/05/19 02:28:30.492115938,False,False,False,False,False,False,False,False,False,False,False,False,False,0.0,0.0,0.0,0.0,224.0,0.0,0.0,0.0,0.0,0.0,0.0,0.0,0.0,0.0
2025/05/19 02:28:30.590876787,False,False,False,False,False,False,False,False,False,False,False,False,False,0.0,0.0,0.0,0.0,224.99999999999997,0.0,0.0,0.0,0.0,0.0,0.0,0.0,0.0,0.0
2025/05/19 02:28:30.694221536,False,False,False,False,False,False,False,False,False,False,False,False,False,0.0,0.0,0.0,0.0,224.99999999999997,0.0,0.0,0.0,0.0,0.0,0.0,0.0,0.0,0.0
2025/05/19 02:28:30.792240443,False,False,False,False,False,False,False,False,False,False,False,False,False,0.0,0.0,0.0,0.0,224.99999999999997,0.0,0.0,0.0,0.0,0.0,0.0,0.0,0.0,0.0
2025/05/19 02:28:30.885206423,False,False,False,False,False,False,False,False,False,False,False,False,False,0.0,0.0,0.0,0.0,224.99999999999997,0.0,0.0,0.0,0.0,0.0,0.0,0.0,0.0,0.0
2025/05/19 02:28:30.986413074,False,False,False,False,False,False,False,False,False,False,False,False,False,0.0,0.0,0.0,0.0,117.0,0.0,0.0,0.0,0.0,0.0,0.0,0.0,0.0,0.0
2025/05/19 02:28:31.86682438,False,False,False,False,False,False,False,False,False,False,False,False,False,0.0,0.0,0.0,0.0,145.0,0.0,0.0,0.0,0.0,0.0,0.0,0.0,0.0,0.0
2025/05/19 02:28:31.192649130,False,False,False,False,False,False,False,False,False,False,False,False,False,0.0,0.0,0.0,0.0,184.99999999999997,0.0,0.0,0.0,0.0,0.0,0.0,0.0,0.0,0.0
2025/05/19 02:28:31.291457506,False,False,False,False,False,False,False,False,False,False,False,False,False,0.0,0.0,0.0,0.0,214.99999999999997,0.0,0.0,0.0,0.0,0.0,0.0,0.0,0.0,0.0
2025/05/19 02:28:31.391872496,False,False,False,False,False,False,False,False,False,False,False,False,False,0.0,0.0,0.0,0.0,214.99999999999997,0.0,0.0,0.0,0.0,0.0,0.0,0.0,0.0,0.0
2025/05/19 02:28:31.496363973,False,False,False,False,False,False,False,False,False,False,False,False,False,0.0,0.0,0.0,0.0,214.99999999999997,0.0,0.0,0.0,0.0,0.0,0.0,0.0,0.0,0.0
2025/05/19 02:28:31.584691554,False,False,False,False,False,False,False,False,False,False,False,False,False,0.0,0.0,0.0,0.0,214.99999999999997,0.0,0.0,0.0,0.0,0.0,0.0,0.0,0.0,0.0
2025/05/19 02:28:31.686487702,False,False,False,False,False,False,False,False,False,False,False,False,False,0.0,0.0,0.0,0.0,214.99999999999997,0.0,0.0,0.0,0.0,0.0,0.0,0.0,0.0,0.0
2025/05/19 02:28:31.785445722,False,False,False,False,False,False,False,False,False,False,False,False,False,0.0,0.0,0.0,0.0,214.99999999999997,0.0,0.0,0.0,0.0,0.0,0.0,0.0,0.0,0.0
2025/05/19 02:28:31.891534675,False,False,False,False,False,False,False,False,False,False,False,False,False,0.0,0.0,0.0,0.0,214.99999999999997,0.0,0.0,0.0,0.0,0.0,0.0,0.0,0.0,0.0
2025/05/19 02:28:31.994035096,False,False,False,False,False,False,False,False,False,False,False,False,False,0.0,0.0,0.0,0.0,223.0,0.0,0.0,0.0,0.0,0.0,0.0,0.0,0.0,0.0
2025/05/19 02:28:32.94883150,False,False,False,False,False,False,False,False,False,False,False,False,False,0.0,0.0,0.0,0.0,223.0,0.0,0.0,0.0,0.0,0.0,0.0,0.0,0.0,0.0
2025/05/19 02:28:32.186060183,False,False,False,False,False,False,False,False,False,False,False,False,False,0.0,0.0,0.0,0.0,223.0,0.0,0.0,0.0,0.0,0.0,0.0,0.0,0.0,0.0
2025/05/19 02:28:32.287778840,False,False,False,False,False,False,False,False,False,False,False,False,False,0.0,0.0,0.0,0.0,223.0,0.0,0.0,0.0,0.0,0.0,0.0,0.0,0.0,0.0
2025/05/19 02:28:32.387074068,False,False,False,False,False,False,False,False,False,False,False,False,False,0.0,0.0,0.0,0.0,223.0,0.0,0.0,0.0,0.0,0.0,0.0,0.0,0.0,0.0
2025/05/19 02:28:32.488601766,False,False,False,False,False,False,False,False,False,False,False,False,False,0.0,0.0,0.0,0.0,223.0,0.0,0.0,0.0,0.0,0.0,0.0,0.0,0.0,0.0
2025/05/19 02:28:32.588492482,False,False,False,False,False,False,False,False,False,False,False,False,False,0.0,0.0,0.0,0.0,223.0,0.0,0.0,0.0,0.0,0.0,0.0,0.0,0.0,0.0
2025/05/19 02:28:32.692404122,False,False,False,False,False,False,False,False,False,False,False,False,False,0.0,0.0,0.0,0.0,223.0,0.0,0.0,0.0,0.0,0.0,0.0,0.0,0.0,0.0
2025/05/19 02:28:32.793166779,False,False,False,False,False,False,False,False,False,False,False,False,False,0.0,0.0,0.0,0.0,224.0,0.0,0.0,0.0,0.0,0.0,0.0,0.0,0.0,0.0
2025/05/19 02:28:32.886436086,False,False,False,False,False,False,False,False,False,False,False,False,False,0.0,0.0,0.0,0.0,224.0,0.0,0.0,0.0,0.0,0.0,0.0,0.0,0.0,0.0
2025/05/19 02:28:32.983547025,False,False,False,False,False,False,False,False,False,False,False,False,False,0.0,0.0,0.0,0.0,124.99999999999999,0.0,0.0,0.0,0.0,0.0,0.0,0.0,0.0,0.0
2025/05/19 02:28:33.91695975,False,False,False,False,False,False,False,False,False,False,False,False,False,0.0,0.0,0.0,0.0,110.00000000000001,0.0,0.0,0.0,0.0,0.0,0.0,0.0,0.0,0.0
2025/05/19 02:28:33.186244855,False,False,False,False,False,False,False,False,False,False,False,False,False,0.0,0.0,0.0,0.0,151.0,0.0,0.0,0.0,0.0,0.0,0.0,0.0,0.0,0.0
2025/05/19 02:28:33.289891563,False,False,False,False,False,False,False,False,False,False,False,False,False,0.0,0.0,0.0,0.0,190.00000000000003,0.0,0.0,0.0,0.0,0.0,0.0,0.0,0.0,0.0
2025/05/19 02:28:33.389800547,False,False,False,False,False,False,False,False,False,False,False,False,False,0.0,0.0,0.0,0.0,231.0,0.0,0.0,0.0,0.0,0.0,0.0,0.0,0.0,0.0
2025/05/19 02:28:33.494834602,False,False,False,False,False,False,False,False,False,False,False,False,False,0.0,0.0,0.0,0.0,231.0,0.0,0.0,0.0,0.0,0.0,0.0,0.0,0.0,0.0
2025/05/19 02:28:33.593866433,False,False,False,False,False,False,False,False,False,False,False,False,False,0.0,0.0,0.0,0.0,231.0,0.0,0.0,0.0,0.0,0.0,0.0,0.0,0.0,0.0
2025/05/19 02:28:33.693530878,False,False,False,False,False,False,False,False,False,False,False,False,False,0.0,0.0,0.0,0.0,231.0,0.0,0.0,0.0,0.0,0.0,0.0,0.0,0.0,0.0
2025/05/19 02:28:33.783481288,False,False,False,False,False,False,False,False,False,False,False,False,False,0.0,0.0,0.0,0.0,231.0,0.0,0.0,0.0,0.0,0.0,0.0,0.0,0.0,0.0
2025/05/19 02:28:33.886650917,False,False,False,False,False,False,False,False,False,False,False,False,False,0.0,0.0,0.0,0.0,231.0,0.0,0.0,0.0,0.0,0.0,0.0,0.0,0.0,0.0
2025/05/19 02:28:33.989652452,False,False,False,False,False,False,False,False,False,False,False,False,False,0.0,0.0,0.0,0.0,231.0,0.0,0.0,0.0,0.0,0.0,0.0,0.0,0.0,0.0
2025/05/19 02:28:34.89037549,False,False,False,False,False,False,False,False,False,False,False,False,False,0.0,0.0,0.0,0.0,231.0,0.0,0.0,0.0,0.0,0.0,0.0,0.0,0.0,0.0
2025/05/19 02:28:34.190212922,False,False,False,False,False,False,False,False,False,False,False,False,False,0.0,0.0,0.0,0.0,231.0,0.0,0.0,0.0,0.0,0.0,0.0,0.0,0.0,0.0
2025/05/19 02:28:34.285411572,False,False,False,False,False,False,False,False,False,False,False,False,False,0.0,0.0,0.0,0.0,231.0,0.0,0.0,0.0,0.0,0.0,0.0,0.0,0.0,0.0
2025/05/19 02:28:34.385268021,False,False,False,False,False,False,False,False,False,False,False,False,False,0.0,0.0,0.0,0.0,231.0,0.0,0.0,0.0,0.0,0.0,0.0,0.0,0.0,0.0
2025/05/19 02:28:34.485905153,False,False,False,False,False,False,False,False,False,False,False,False,False,0.0,0.0,0.0,0.0,231.0,0.0,0.0,0.0,0.0,0.0,0.0,0.0,0.0,0.0
2025/05/19 02:28:34.586845077,False,False,False,False,False,False,False,False,False,False,False,False,False,0.0,0.0,0.0,0.0,231.0,0.0,0.0,0.0,0.0,0.0,0.0,0.0,0.0,0.0
2025/05/19 02:28:34.688043472,False,False,False,False,False,False,False,False,False,False,False,False,False,0.0,0.0,0.0,0.0,231.0,0.0,0.0,0.0,0.0,0.0,0.0,0.0,0.0,0.0
2025/05/19 02:28:34.789898621,False,False,False,False,False,False,False,False,False,False,False,False,False,0.0,0.0,0.0,0.0,231.0,0.0,0.0,0.0,0.0,0.0,0.0,0.0,0.0,0.0
2025/05/19 02:28:34.889420326,False,False,False,False,False,False,False,False,False,False,False,False,False,0.0,0.0,0.0,0.0,231.0,0.0,0.0,0.0,0.0,0.0,0.0,0.0,0.0,0.0
2025/05/19 02:28:34.992223076,False,False,False,False,False,False,False,False,False,False,False,False,False,0.0,0.0,0.0,0.0,233.0,0.0,0.0,0.0,0.0,0.0,0.0,0.0,0.0,0.0
2025/05/19 02:28:35.92489740,False,False,False,False,False,False,False,False,False,False,False,False,False,0.0,0.0,0.0,0.0,233.0,0.0,0.0,0.0,0.0,0.0,0.0,0.0,0.0,0.0
2025/05/19 02:28:35.194078683,False,False,False,False,False,False,False,False,False,False,False,False,False,0.0,0.0,0.0,0.0,233.0,0.0,0.0,0.0,0.0,0.0,0.0,0.0,0.0,0.0
2025/05/19 02:28:35.282799272,False,False,False,False,False,False,False,False,False,False,False,False,False,0.0,0.0,0.0,0.0,233.0,0.0,0.0,0.0,0.0,0.0,0.0,0.0,0.0,0.0
2025/05/19 02:28:35.383769589,False,False,False,False,False,False,False,False,False,False,False,False,False,0.0,0.0,0.0,0.0,233.0,0.0,0.0,0.0,0.0,0.0,0.0,0.0,0.0,0.0
2025/05/19 02:28:35.486070945,False,False,False,False,False,False,False,False,False,False,False,False,False,0.0,0.0,0.0,0.0,234.0,0.0,0.0,0.0,0.0,0.0,0.0,0.0,0.0,0.0
2025/05/19 02:28:35.592566189,False,False,False,False,False,False,False,False,False,False,False,False,False,0.0,0.0,0.0,0.0,234.0,0.0,0.0,0.0,0.0,0.0,0.0,0.0,0.0,0.0
2025/05/19 02:28:35.694378526,False,False,False,False,False,False,False,False,False,False,False,False,False,0.0,0.0,0.0,0.0,234.0,0.0,0.0,0.0,0.0,0.0,0.0,0.0,0.0,0.0
2025/05/19 02:28:35.794797985,False,False,False,False,False,False,False,False,False,False,False,False,False,0.0,0.0,0.0,0.0,234.0,0.0,0.0,0.0,0.0,0.0,0.0,0.0,0.0,0.0
2025/05/19 02:28:35.884410224,False,False,False,False,False,False,False,False,False,False,False,False,False,0.0,0.0,0.0,0.0,234.0,0.0,0.0,0.0,0.0,0.0,0.0,0.0,0.0,0.0
2025/05/19 02:28:35.988164320,False,False,False,False,False,False,False,False,False,False,False,False,False,0.0,0.0,0.0,0.0,233.0,0.0,0.0,0.0,0.0,0.0,0.0,0.0,0.0,0.0
2025/05/19 02:28:36.87405059,False,False,False,False,False,False,False,False,False,False,False,False,False,0.0,0.0,0.0,0.0,233.0,0.0,0.0,0.0,0.0,0.0,0.0,0.0,0.0,0.0
2025/05/19 02:28:36.190356729,False,False,False,False,False,False,False,False,False,False,False,False,False,0.0,0.0,0.0,0.0,233.0,0.0,0.0,0.0,0.0,0.0,0.0,0.0,0.0,0.0
2025/05/19 02:28:36.289958135,False,False,False,False,False,False,False,False,False,False,False,False,False,0.0,0.0,0.0,0.0,233.0,0.0,0.0,0.0,0.0,0.0,0.0,0.0,0.0,0.0
2025/05/19 02:28:36.393014913,False,False,False,False,False,False,False,False,False,False,False,False,False,0.0,0.0,0.0,0.0,233.0,0.0,0.0,0.0,0.0,0.0,0.0,0.0,0.0,0.0
2025/05/19 02:28:36.491390592,False,False,False,False,False,False,False,False,False,False,False,False,False,0.0,0.0,0.0,0.0,233.0,0.0,0.0,0.0,0.0,0.0,0.0,0.0,0.0,0.0
2025/05/19 02:28:36.594177254,False,False,False,False,False,False,False,False,False,False,False,False,False,0.0,0.0,0.0,0.0,233.0,0.0,0.0,0.0,0.0,0.0,0.0,0.0,0.0,0.0
2025/05/19 02:28:36.684106884,False,False,False,False,False,False,False,False,False,False,False,False,False,0.0,0.0,0.0,0.0,233.0,0.0,0.0,0.0,0.0,0.0,0.0,0.0,0.0,0.0
2025/05/19 02:28:36.786993869,False,False,False,False,False,False,False,False,False,False,False,False,False,0.0,0.0,0.0,0.0,233.0,0.0,0.0,0.0,0.0,0.0,0.0,0.0,0.0,0.0
2025/05/19 02:28:36.887400513,False,False,False,False,False,False,False,False,False,False,False,False,False,0.0,0.0,0.0,0.0,233.0,0.0,0.0,0.0,0.0,0.0,0.0,0.0,0.0,0.0
2025/05/19 02:28:36.992980644,False,False,False,False,False,False,False,False,False,False,False,False,False,0.0,0.0,0.0,0.0,233.0,0.0,0.0,0.0,0.0,0.0,0.0,0.0,0.0,0.0
2025/05/19 02:28:37.88149238,False,False,False,False,False,False,False,False,False,False,False,False,False,0.0,0.0,0.0,0.0,228.0,0.0,0.0,0.0,0.0,0.0,0.0,0.0,0.0,0.0
2025/05/19 02:28:37.192739345,False,False,False,False,False,False,False,False,False,False,False,False,False,0.0,0.0,0.0,0.0,228.0,0.0,0.0,0.0,0.0,0.0,0.0,0.0,0.0,0.0
2025/05/19 02:28:37.294917063,False,False,False,False,False,False,False,False,False,False,False,False,False,0.0,0.0,0.0,0.0,228.99999999999997,0.0,0.0,0.0,0.0,0.0,0.0,0.0,0.0,0.0
2025/05/19 02:28:37.384739798,False,False,False,False,False,False,False,False,False,False,False,False,False,0.0,0.0,0.0,0.0,228.99999999999997,0.0,0.0,0.0,0.0,0.0,0.0,0.0,0.0,0.0
2025/05/19 02:28:37.484476857,False,False,False,False,False,False,False,False,False,False,False,False,False,0.0,0.0,0.0,0.0,228.99999999999997,0.0,0.0,0.0,0.0,0.0,0.0,0.0,0.0,0.0
2025/05/19 02:28:37.586721178,False,False,False,False,False,False,False,False,False,False,False,False,False,0.0,0.0,0.0,0.0,228.99999999999997,0.0,0.0,0.0,0.0,0.0,0.0,0.0,0.0,0.0
2025/05/19 02:28:37.689318219,False,False,False,False,False,False,False,False,False,False,False,False,False,0.0,0.0,0.0,0.0,228.99999999999997,0.0,0.0,0.0,0.0,0.0,0.0,0.0,0.0,0.0
2025/05/19 02:28:37.789178929,False,False,False,False,False,False,False,False,False,False,False,False,False,0.0,0.0,0.0,0.0,228.99999999999997,0.0,0.0,0.0,0.0,0.0,0.0,0.0,0.0,0.0
2025/05/19 02:28:37.893922353,False,False,False,False,False,False,False,False,False,False,False,False,False,0.0,0.0,0.0,0.0,228.99999999999997,0.0,0.0,0.0,0.0,0.0,0.0,0.0,0.0,0.0
2025/05/19 02:28:37.982790988,False,False,False,False,False,False,False,False,False,False,False,False,False,0.0,0.0,0.0,0.0,228.99999999999997,0.0,0.0,0.0,0.0,0.0,0.0,0.0,0.0,0.0
2025/05/19 02:28:38.84184130,False,False,False,False,False,False,False,False,False,False,False,False,False,0.0,0.0,0.0,0.0,224.0,0.0,0.0,0.0,0.0,0.0,0.0,0.0,0.0,0.0
2025/05/19 02:28:38.185944708,False,False,False,False,False,False,False,False,False,False,False,False,False,0.0,0.0,0.0,0.0,224.0,0.0,0.0,0.0,0.0,0.0,0.0,0.0,0.0,0.0
2025/05/19 02:28:38.286142360,False,False,False,False,False,False,False,False,False,False,False,False,False,0.0,0.0,0.0,0.0,224.0,0.0,0.0,0.0,0.0,0.0,0.0,0.0,0.0,0.0
2025/05/19 02:28:38.388634929,False,False,False,False,False,False,False,False,False,False,False,False,False,0.0,0.0,0.0,0.0,224.0,0.0,0.0,0.0,0.0,0.0,0.0,0.0,0.0,0.0
2025/05/19 02:28:38.490880923,False,False,False,False,False,False,False,False,False,False,False,False,False,0.0,0.0,0.0,0.0,224.0,0.0,0.0,0.0,0.0,0.0,0.0,0.0,0.0,0.0
2025/05/19 02:28:38.591165888,False,False,False,False,False,False,False,False,False,False,False,False,False,0.0,0.0,0.0,0.0,224.0,0.0,0.0,0.0,0.0,0.0,0.0,0.0,0.0,0.0
2025/05/19 02:28:38.691818668,False,False,False,False,False,False,False,False,False,False,False,False,False,0.0,0.0,0.0,0.0,224.0,0.0,0.0,0.0,0.0,0.0,0.0,0.0,0.0,0.0
2025/05/19 02:28:38.792089940,False,False,False,False,False,False,False,False,False,False,False,False,False,0.0,0.0,0.0,0.0,224.0,0.0,0.0,0.0,0.0,0.0,0.0,0.0,0.0,0.0
2025/05/19 02:28:38.893740501,False,False,False,False,False,False,False,False,False,False,False,False,False,0.0,0.0,0.0,0.0,224.0,0.0,0.0,0.0,0.0,0.0,0.0,0.0,0.0,0.0
2025/05/19 02:28:38.982739822,False,False,False,False,False,False,False,False,False,False,False,False,False,0.0,0.0,0.0,0.0,224.0,0.0,0.0,0.0,0.0,0.0,0.0,0.0,0.0,0.0
2025/05/19 02:28:39.86038091,False,False,False,False,False,False,False,False,False,False,False,False,False,0.0,0.0,0.0,0.0,184.99999999999997,0.0,0.0,0.0,0.0,0.0,0.0,0.0,0.0,0.0
2025/05/19 02:28:39.187011593,False,False,False,False,False,False,False,False,False,False,False,False,False,0.0,0.0,0.0,0.0,219.00000000000003,0.0,0.0,0.0,0.0,0.0,0.0,0.0,0.0,0.0
2025/05/19 02:28:39.292187920,False,False,False,False,False,False,False,False,False,False,False,False,False,0.0,0.0,0.0,0.0,219.00000000000003,0.0,0.0,0.0,0.0,0.0,0.0,0.0,0.0,0.0
2025/05/19 02:28:39.394382490,False,False,False,False,False,False,False,False,False,False,False,False,False,0.0,0.0,0.0,0.0,219.00000000000003,0.0,0.0,0.0,0.0,0.0,0.0,0.0,0.0,0.0
2025/05/19 02:28:39.484792897,False,False,False,False,False,False,False,False,False,False,False,False,False,0.0,0.0,0.0,0.0,219.00000000000003,0.0,0.0,0.0,0.0,0.0,0.0,0.0,0.0,0.0
2025/05/19 02:28:39.586169224,False,False,False,False,False,False,False,False,False,False,False,False,False,0.0,0.0,0.0,0.0,219.00000000000003,0.0,0.0,0.0,0.0,0.0,0.0,0.0,0.0,0.0
2025/05/19 02:28:39.686632754,False,False,False,False,False,False,False,False,False,False,False,False,False,0.0,0.0,0.0,0.0,220.00000000000003,0.0,0.0,0.0,0.0,0.0,0.0,0.0,0.0,0.0
2025/05/19 02:28:39.787793122,False,False,False,False,False,False,False,False,False,False,False,False,False,0.0,0.0,0.0,0.0,220.00000000000003,0.0,0.0,0.0,0.0,0.0,0.0,0.0,0.0,0.0
2025/05/19 02:28:39.894680384,False,False,False,False,False,False,False,False,False,False,False,False,False,0.0,0.0,0.0,0.0,220.00000000000003,0.0,0.0,0.0,0.0,0.0,0.0,0.0,0.0,0.0
2025/05/19 02:28:39.994211721,False,False,False,False,False,False,False,False,False,False,False,False,False,0.0,0.0,0.0,0.0,154.99999999999997,0.0,0.0,0.0,0.0,0.0,0.0,0.0,0.0,0.0
2025/05/19 02:28:40.85397723,False,False,False,False,False,False,False,False,False,False,False,False,False,0.0,0.0,0.0,0.0,154.99999999999997,0.0,0.0,0.0,0.0,0.0,0.0,0.0,0.0,0.0
2025/05/19 02:28:40.184774392,False,False,False,False,False,False,False,False,False,False,False,False,False,0.0,0.0,0.0,0.0,193.99999999999997,0.0,0.0,0.0,0.0,0.0,0.0,0.0,0.0,0.0
2025/05/19 02:28:40.285778030,False,False,False,False,False,False,False,False,False,False,False,False,False,0.0,0.0,0.0,0.0,214.0,0.0,0.0,0.0,0.0,0.0,0.0,0.0,0.0,0.0
2025/05/19 02:28:40.386260113,False,False,False,False,False,False,False,False,False,False,False,False,False,0.0,0.0,0.0,0.0,214.0,0.0,0.0,0.0,0.0,0.0,0.0,0.0,0.0,0.0
2025/05/19 02:28:40.490768860,False,False,False,False,False,False,False,False,False,False,False,False,False,0.0,0.0,0.0,0.0,214.0,0.0,0.0,0.0,0.0,0.0,0.0,0.0,0.0,0.0
2025/05/19 02:28:40.593532475,False,False,False,False,False,False,False,False,False,False,False,False,False,0.0,0.0,0.0,0.0,214.0,0.0,0.0,0.0,0.0,0.0,0.0,0.0,0.0,0.0
2025/05/19 02:28:40.691110622,False,False,False,False,False,False,False,False,False,False,False,False,False,0.0,0.0,0.0,0.0,214.99999999999997,0.0,0.0,0.0,0.0,0.0,0.0,0.0,0.0,0.0
2025/05/19 02:28:40.793012631,False,False,False,False,False,False,False,False,False,False,False,False,False,0.0,0.0,0.0,0.0,214.99999999999997,0.0,0.0,0.0,0.0,0.0,0.0,0.0,0.0,0.0
2025/05/19 02:28:40.892885193,False,False,False,False,False,False,False,False,False,False,False,False,False,0.0,0.0,0.0,0.0,214.99999999999997,0.0,0.0,0.0,0.0,0.0,0.0,0.0,0.0,0.0
2025/05/19 02:28:40.986263401,False,False,False,False,False,False,False,False,False,False,False,False,False,0.0,0.0,0.0,0.0,214.99999999999997,0.0,0.0,0.0,0.0,0.0,0.0,0.0,0.0,0.0
2025/05/19 02:28:41.89485539,False,False,False,False,False,False,False,False,False,False,False,False,False,0.0,0.0,0.0,0.0,213.00000000000003,0.0,0.0,0.0,0.0,0.0,0.0,0.0,0.0,0.0
2025/05/19 02:28:41.192648589,False,False,False,False,False,False,False,False,False,False,False,False,False,0.0,0.0,0.0,0.0,213.00000000000003,0.0,0.0,0.0,0.0,0.0,0.0,0.0,0.0,0.0
2025/05/19 02:28:41.295843015,False,False,False,False,False,False,False,False,False,False,False,False,False,0.0,0.0,0.0,0.0,213.00000000000003,0.0,0.0,0.0,0.0,0.0,0.0,0.0,0.0,0.0
2025/05/19 02:28:41.382986664,False,False,False,False,False,False,False,False,False,False,False,False,False,0.0,0.0,0.0,0.0,213.00000000000003,0.0,0.0,0.0,0.0,0.0,0.0,0.0,0.0,0.0
2025/05/19 02:28:41.485439270,False,False,False,False,False,False,False,False,False,False,False,False,False,0.0,0.0,0.0,0.0,213.00000000000003,0.0,0.0,0.0,0.0,0.0,0.0,0.0,0.0,0.0
2025/05/19 02:28:41.587376134,False,False,False,False,False,False,False,False,False,False,False,False,False,0.0,0.0,0.0,0.0,213.00000000000003,0.0,0.0,0.0,0.0,0.0,0.0,0.0,0.0,0.0
2025/05/19 02:28:41.689882278,False,False,False,False,False,False,False,False,False,False,False,False,False,0.0,0.0,0.0,0.0,213.00000000000003,0.0,0.0,0.0,0.0,0.0,0.0,0.0,0.0,0.0
2025/05/19 02:28:41.793274543,False,False,False,False,False,False,False,False,False,False,False,False,False,0.0,0.0,0.0,0.0,213.00000000000003,0.0,0.0,0.0,0.0,0.0,0.0,0.0,0.0,0.0
2025/05/19 02:28:41.884810990,False,False,False,False,False,False,False,False,False,False,False,False,False,0.0,0.0,0.0,0.0,213.00000000000003,0.0,0.0,0.0,0.0,0.0,0.0,0.0,0.0,0.0
2025/05/19 02:28:41.987400368,False,False,False,False,False,False,False,False,False,False,False,False,False,0.0,0.0,0.0,0.0,213.00000000000003,0.0,0.0,0.0,0.0,0.0,0.0,0.0,0.0,0.0
2025/05/19 02:28:42.88075186,False,False,False,False,False,False,False,False,False,False,False,False,False,0.0,0.0,0.0,0.0,198.0,0.0,0.0,0.0,0.0,0.0,0.0,0.0,0.0,0.0
2025/05/19 02:28:42.194200901,False,False,False,False,False,False,False,False,False,False,False,False,False,0.0,0.0,0.0,0.0,219.00000000000003,0.0,0.0,0.0,0.0,0.0,0.0,0.0,0.0,0.0
2025/05/19 02:28:42.292006122,False,False,False,False,False,False,False,False,False,False,False,False,False,0.0,0.0,0.0,0.0,220.00000000000003,0.0,0.0,0.0,0.0,0.0,0.0,0.0,0.0,0.0
2025/05/19 02:28:42.395714541,False,False,False,False,False,False,False,False,False,False,False,False,False,0.0,0.0,0.0,0.0,220.00000000000003,0.0,0.0,0.0,0.0,0.0,0.0,0.0,0.0,0.0
2025/05/19 02:28:42.483913943,False,False,False,False,False,False,False,False,False,False,False,False,False,0.0,0.0,0.0,0.0,220.00000000000003,0.0,0.0,0.0,0.0,0.0,0.0,0.0,0.0,0.0
2025/05/19 02:28:42.584377299,False,False,False,False,False,False,False,False,False,False,False,False,False,0.0,0.0,0.0,0.0,220.00000000000003,0.0,0.0,0.0,0.0,0.0,0.0,0.0,0.0,0.0
2025/05/19 02:28:42.685528309,False,False,False,False,False,False,False,False,False,False,False,False,False,0.0,0.0,0.0,0.0,220.00000000000003,0.0,0.0,0.0,0.0,0.0,0.0,0.0,0.0,0.0
2025/05/19 02:28:42.787045479,False,False,False,False,False,False,False,False,False,False,False,False,False,0.0,0.0,0.0,0.0,220.00000000000003,0.0,0.0,0.0,0.0,0.0,0.0,0.0,0.0,0.0
2025/05/19 02:28:42.890498056,False,False,False,False,False,False,False,False,False,False,False,False,False,0.0,0.0,0.0,0.0,220.00000000000003,0.0,0.0,0.0,0.0,0.0,0.0,0.0,0.0,0.0
2025/05/19 02:28:42.993446291,False,False,False,False,False,False,False,False,False,False,False,False,False,0.0,0.0,0.0,0.0,221.0,0.0,0.0,0.0,0.0,0.0,0.0,0.0,0.0,0.0
2025/05/19 02:28:43.93026543,False,False,False,False,False,False,False,False,False,False,False,False,False,0.0,0.0,0.0,0.0,221.0,0.0,0.0,0.0,0.0,0.0,0.0,0.0,0.0,0.0
2025/05/19 02:28:43.185031484,False,False,False,False,False,False,False,False,False,False,False,False,False,0.0,0.0,0.0,0.0,221.0,0.0,0.0,0.0,0.0,0.0,0.0,0.0,0.0,0.0
2025/05/19 02:28:43.283711344,False,False,False,False,False,False,False,False,False,False,False,False,False,0.0,0.0,0.0,0.0,221.0,0.0,0.0,0.0,0.0,0.0,0.0,0.0,0.0,0.0
2025/05/19 02:28:43.386661482,False,False,False,False,False,False,False,False,False,False,False,False,False,0.0,0.0,0.0,0.0,221.0,0.0,0.0,0.0,0.0,0.0,0.0,0.0,0.0,0.0
2025/05/19 02:28:43.485709997,False,False,False,False,False,False,False,False,False,False,False,False,False,0.0,0.0,0.0,0.0,221.0,0.0,0.0,0.0,0.0,0.0,0.0,0.0,0.0,0.0
2025/05/19 02:28:43.588368207,False,False,False,False,False,False,False,False,False,False,False,False,False,0.0,0.0,0.0,0.0,221.0,0.0,0.0,0.0,0.0,0.0,0.0,0.0,0.0,0.0
2025/05/19 02:28:43.689483850,False,False,False,False,False,False,False,False,False,False,False,False,False,0.0,0.0,0.0,0.0,209.00000000000003,0.0,0.0,0.0,0.0,0.0,0.0,0.0,0.0,0.0
2025/05/19 02:28:43.792145639,False,False,False,False,False,False,False,False,False,False,False,False,False,0.0,0.0,0.0,0.0,222.0,0.0,0.0,0.0,0.0,0.0,0.0,0.0,0.0,0.0
2025/05/19 02:28:43.890631939,False,False,False,False,False,False,False,False,False,False,False,False,False,0.0,0.0,0.0,0.0,222.0,0.0,0.0,0.0,0.0,0.0,0.0,0.0,0.0,0.0
2025/05/19 02:28:43.996033810,False,False,False,False,False,False,False,False,False,False,False,False,False,0.0,0.0,0.0,0.0,222.0,0.0,0.0,0.0,0.0,0.0,0.0,0.0,0.0,0.0
2025/05/19 02:28:44.84286568,False,False,False,False,False,False,False,False,False,False,False,False,False,0.0,0.0,0.0,0.0,222.0,0.0,0.0,0.0,0.0,0.0,0.0,0.0,0.0,0.0
2025/05/19 02:28:44.187515284,False,False,False,False,False,False,False,False,False,False,False,False,False,0.0,0.0,0.0,0.0,222.0,0.0,0.0,0.0,0.0,0.0,0.0,0.0,0.0,0.0
2025/05/19 02:28:44.287543940,False,False,False,False,False,False,False,False,False,False,False,False,False,0.0,0.0,0.0,0.0,222.0,0.0,0.0,0.0,0.0,0.0,0.0,0.0,0.0,0.0
2025/05/19 02:28:44.389497628,False,False,False,False,False,False,False,False,False,False,False,False,False,0.0,0.0,0.0,0.0,222.0,0.0,0.0,0.0,0.0,0.0,0.0,0.0,0.0,0.0
2025/05/19 02:28:44.489610740,False,False,False,False,False,False,False,False,False,False,False,False,False,0.0,0.0,0.0,0.0,222.0,0.0,0.0,0.0,0.0,0.0,0.0,0.0,0.0,0.0
2025/05/19 02:28:44.593084077,False,False,False,False,False,False,False,False,False,False,False,False,False,0.0,0.0,0.0,0.0,222.0,0.0,0.0,0.0,0.0,0.0,0.0,0.0,0.0,0.0
2025/05/19 02:28:44.691931297,False,False,False,False,False,False,False,False,False,False,False,False,False,0.0,0.0,0.0,0.0,222.0,0.0,0.0,0.0,0.0,0.0,0.0,0.0,0.0,0.0
2025/05/19 02:28:44.784184703,False,False,False,False,False,False,False,False,False,False,False,False,False,0.0,0.0,0.0,0.0,222.0,0.0,0.0,0.0,0.0,0.0,0.0,0.0,0.0,0.0
2025/05/19 02:28:44.883640206,False,False,False,False,False,False,False,False,False,False,False,False,False,0.0,0.0,0.0,0.0,222.0,0.0,0.0,0.0,0.0,0.0,0.0,0.0,0.0,0.0
2025/05/19 02:28:44.984342089,False,False,False,False,False,False,False,False,False,False,False,False,False,0.0,0.0,0.0,0.0,222.0,0.0,0.0,0.0,0.0,0.0,0.0,0.0,0.0,0.0
2025/05/19 02:28:45.84749154,False,False,False,False,False,False,False,False,False,False,False,False,False,0.0,0.0,0.0,0.0,222.0,0.0,0.0,0.0,0.0,0.0,0.0,0.0,0.0,0.0
2025/05/19 02:28:45.193260489,False,False,False,False,False,False,False,False,False,False,False,False,False,0.0,0.0,0.0,0.0,222.0,0.0,0.0,0.0,0.0,0.0,0.0,0.0,0.0,0.0
2025/05/19 02:28:45.294031115,False,False,False,False,False,False,False,False,False,False,False,False,False,0.0,0.0,0.0,0.0,222.0,0.0,0.0,0.0,0.0,0.0,0.0,0.0,0.0,0.0
2025/05/19 02:28:45.385907843,False,False,False,False,False,False,False,False,False,False,False,False,False,0.0,0.0,0.0,0.0,222.0,0.0,0.0,0.0,0.0,0.0,0.0,0.0,0.0,0.0
2025/05/19 02:28:45.483894619,False,False,False,False,False,False,False,False,False,False,False,False,False,0.0,0.0,0.0,0.0,222.0,0.0,0.0,0.0,0.0,0.0,0.0,0.0,0.0,0.0
2025/05/19 02:28:45.587039329,False,False,False,False,False,False,False,False,False,False,False,False,False,0.0,0.0,0.0,0.0,222.0,0.0,0.0,0.0,0.0,0.0,0.0,0.0,0.0,0.0
2025/05/19 02:28:45.696252053,False,False,False,False,False,False,False,False,False,False,False,False,False,0.0,0.0,0.0,0.0,223.0,0.0,0.0,0.0,0.0,0.0,0.0,0.0,0.0,0.0
2025/05/19 02:28:45.797802460,False,False,False,False,False,False,False,False,False,False,False,False,False,0.0,0.0,0.0,0.0,223.0,0.0,0.0,0.0,0.0,0.0,0.0,0.0,0.0,0.0
2025/05/19 02:28:45.886404470,False,False,False,False,False,False,False,False,False,False,False,False,False,0.0,0.0,0.0,0.0,223.0,0.0,0.0,0.0,0.0,0.0,0.0,0.0,0.0,0.0
2025/05/19 02:28:45.988478998,False,False,False,False,False,False,False,False,False,False,False,False,False,0.0,0.0,0.0,0.0,223.0,0.0,0.0,0.0,0.0,0.0,0.0,0.0,0.0,0.0
2025/05/19 02:28:46.90533384,False,False,False,False,False,False,False,False,False,False,False,False,False,0.0,0.0,0.0,0.0,223.0,0.0,0.0,0.0,0.0,0.0,0.0,0.0,0.0,0.0
2025/05/19 02:28:46.191681699,False,False,False,False,False,False,False,False,False,False,False,False,False,0.0,0.0,0.0,0.0,223.0,0.0,0.0,0.0,0.0,0.0,0.0,0.0,0.0,0.0
2025/05/19 02:28:46.286596050,False,False,False,False,False,False,False,False,False,False,False,False,False,0.0,0.0,0.0,0.0,223.0,0.0,0.0,0.0,0.0,0.0,0.0,0.0,0.0,0.0
2025/05/19 02:28:46.387230786,False,False,False,False,False,False,False,False,False,False,False,False,False,0.0,0.0,0.0,0.0,223.0,0.0,0.0,0.0,0.0,0.0,0.0,0.0,0.0,0.0
2025/05/19 02:28:46.486753169,False,False,False,False,False,False,False,False,False,False,False,False,False,0.0,0.0,0.0,0.0,223.0,0.0,0.0,0.0,0.0,0.0,0.0,0.0,0.0,0.0
2025/05/19 02:28:46.588915013,False,False,False,False,False,False,False,False,False,False,False,False,False,0.0,0.0,0.0,0.0,223.0,0.0,0.0,0.0,0.0,0.0,0.0,0.0,0.0,0.0
2025/05/19 02:28:46.688919176,False,False,False,False,False,False,False,False,False,False,False,False,False,0.0,0.0,0.0,0.0,173.0,0.0,0.0,0.0,0.0,0.0,0.0,0.0,0.0,0.0
2025/05/19 02:28:46.794307551,False,False,False,False,False,False,False,False,False,False,False,False,False,0.0,0.0,0.0,0.0,212.00000000000003,0.0,0.0,0.0,0.0,0.0,0.0,0.0,0.0,0.0
2025/05/19 02:28:46.892003954,False,False,False,False,False,False,False,False,False,False,False,False,False,0.0,0.0,0.0,0.0,212.00000000000003,0.0,0.0,0.0,0.0,0.0,0.0,0.0,0.0,0.0
2025/05/19 02:28:46.986789738,False,False,False,False,False,False,False,False,False,False,False,False,False,0.0,0.0,0.0,0.0,214.99999999999997,0.0,0.0,0.0,0.0,0.0,0.0,0.0,0.0,0.0
2025/05/19 02:28:47.86993477,False,False,False,False,False,False,False,False,False,False,False,False,False,0.0,0.0,0.0,0.0,214.99999999999997,0.0,0.0,0.0,0.0,0.0,0.0,0.0,0.0,0.0
2025/05/19 02:28:47.197843707,False,False,False,False,False,False,False,False,False,False,False,False,False,0.0,0.0,0.0,0.0,214.99999999999997,0.0,0.0,0.0,0.0,0.0,0.0,0.0,0.0,0.0
2025/05/19 02:28:47.292864202,False,False,False,False,False,False,False,False,False,False,False,False,False,0.0,0.0,0.0,0.0,214.99999999999997,0.0,0.0,0.0,0.0,0.0,0.0,0.0,0.0,0.0
2025/05/19 02:28:47.383368933,False,False,False,False,False,False,False,False,False,False,False,False,False,0.0,0.0,0.0,0.0,214.99999999999997,0.0,0.0,0.0,0.0,0.0,0.0,0.0,0.0,0.0
2025/05/19 02:28:47.484359945,False,False,False,False,False,False,False,False,False,False,False,False,False,0.0,0.0,0.0,0.0,214.99999999999997,0.0,0.0,0.0,0.0,0.0,0.0,0.0,0.0,0.0
2025/05/19 02:28:47.587841251,False,False,False,False,False,False,False,False,False,False,False,False,False,0.0,0.0,0.0,0.0,214.99999999999997,0.0,0.0,0.0,0.0,0.0,0.0,0.0,0.0,0.0
2025/05/19 02:28:47.686997845,False,False,False,False,False,False,False,False,False,False,False,False,False,0.0,0.0,0.0,0.0,186.0,0.0,0.0,0.0,0.0,0.0,0.0,0.0,0.0,0.0
2025/05/19 02:28:47.791670509,False,False,False,False,False,False,False,False,False,False,False,False,False,0.0,0.0,0.0,0.0,208.00000000000003,0.0,0.0,0.0,0.0,0.0,0.0,0.0,0.0,0.0
2025/05/19 02:28:47.893529884,False,False,False,False,False,False,False,False,False,False,False,False,False,0.0,0.0,0.0,0.0,208.00000000000003,0.0,0.0,0.0,0.0,0.0,0.0,0.0,0.0,0.0
2025/05/19 02:28:47.986739010,False,False,False,False,False,False,False,False,False,False,False,False,False,0.0,0.0,0.0,0.0,208.00000000000003,0.0,0.0,0.0,0.0,0.0,0.0,0.0,0.0,0.0
2025/05/19 02:28:48.84284731,False,False,False,False,False,False,False,False,False,False,False,False,False,0.0,0.0,0.0,0.0,208.00000000000003,0.0,0.0,0.0,0.0,0.0,0.0,0.0,0.0,0.0
2025/05/19 02:28:48.192141598,False,False,False,False,False,False,False,False,False,False,False,False,False,0.0,0.0,0.0,0.0,208.00000000000003,0.0,0.0,0.0,0.0,0.0,0.0,0.0,0.0,0.0
2025/05/19 02:28:48.291001327,False,False,False,False,False,False,False,False,False,False,False,False,False,0.0,0.0,0.0,0.0,208.00000000000003,0.0,0.0,0.0,0.0,0.0,0.0,0.0,0.0,0.0
2025/05/19 02:28:48.392304840,False,False,False,False,False,False,False,False,False,False,False,False,False,0.0,0.0,0.0,0.0,208.00000000000003,0.0,0.0,0.0,0.0,0.0,0.0,0.0,0.0,0.0
2025/05/19 02:28:48.494172443,False,False,False,False,False,False,False,False,False,False,False,False,False,0.0,0.0,0.0,0.0,208.00000000000003,0.0,0.0,0.0,0.0,0.0,0.0,0.0,0.0,0.0
2025/05/19 02:28:48.589861760,False,False,False,False,False,False,False,False,False,False,False,False,False,0.0,0.0,0.0,0.0,208.00000000000003,0.0,0.0,0.0,0.0,0.0,0.0,0.0,0.0,0.0
2025/05/19 02:28:48.685252700,False,False,False,False,False,False,False,False,False,False,False,False,False,0.0,0.0,0.0,0.0,209.00000000000003,0.0,0.0,0.0,0.0,0.0,0.0,0.0,0.0,0.0
2025/05/19 02:28:48.787727672,False,False,False,False,False,False,False,False,False,False,False,False,False,0.0,0.0,0.0,0.0,209.00000000000003,0.0,0.0,0.0,0.0,0.0,0.0,0.0,0.0,0.0
2025/05/19 02:28:48.889344108,False,False,False,False,False,False,False,False,False,False,False,False,False,0.0,0.0,0.0,0.0,209.00000000000003,0.0,0.0,0.0,0.0,0.0,0.0,0.0,0.0,0.0
2025/05/19 02:28:48.992341954,False,False,False,False,False,False,False,False,False,False,False,False,False,0.0,0.0,0.0,0.0,209.00000000000003,0.0,0.0,0.0,0.0,0.0,0.0,0.0,0.0,0.0
2025/05/19 02:28:49.96176627,False,False,False,False,False,False,False,False,False,False,False,False,False,0.0,0.0,0.0,0.0,209.00000000000003,0.0,0.0,0.0,0.0,0.0,0.0,0.0,0.0,0.0
2025/05/19 02:28:49.184481299,False,False,False,False,False,False,False,False,False,False,False,False,False,0.0,0.0,0.0,0.0,209.00000000000003,0.0,0.0,0.0,0.0,0.0,0.0,0.0,0.0,0.0
2025/05/19 02:28:49.286398999,False,False,False,False,False,False,False,False,False,False,False,False,False,0.0,0.0,0.0,0.0,209.00000000000003,0.0,0.0,0.0,0.0,0.0,0.0,0.0,0.0,0.0
2025/05/19 02:28:49.389310471,False,False,False,False,False,False,False,False,False,False,False,False,False,0.0,0.0,0.0,0.0,209.00000000000003,0.0,0.0,0.0,0.0,0.0,0.0,0.0,0.0,0.0
2025/05/19 02:28:49.490210639,False,False,False,False,False,False,False,False,False,False,False,False,False,0.0,0.0,0.0,0.0,209.00000000000003,0.0,0.0,0.0,0.0,0.0,0.0,0.0,0.0,0.0
2025/05/19 02:28:49.590259263,False,False,False,False,False,False,False,False,False,False,False,False,False,0.0,0.0,0.0,0.0,209.00000000000003,0.0,0.0,0.0,0.0,0.0,0.0,0.0,0.0,0.0
2025/05/19 02:28:49.691020231,False,False,False,False,False,False,False,False,False,False,False,False,False,0.0,0.0,0.0,0.0,214.0,0.0,0.0,0.0,0.0,0.0,0.0,0.0,0.0,0.0
2025/05/19 02:28:49.792665362,False,False,False,False,False,False,False,False,False,False,False,False,False,0.0,0.0,0.0,0.0,214.99999999999997,0.0,0.0,0.0,0.0,0.0,0.0,0.0,0.0,0.0
2025/05/19 02:28:49.885115928,False,False,False,False,False,False,False,False,False,False,False,False,False,0.0,0.0,0.0,0.0,214.99999999999997,0.0,0.0,0.0,0.0,0.0,0.0,0.0,0.0,0.0
2025/05/19 02:28:49.984254098,False,False,False,False,False,False,False,False,False,False,False,False,False,0.0,0.0,0.0,0.0,214.99999999999997,0.0,0.0,0.0,0.0,0.0,0.0,0.0,0.0,0.0
2025/05/19 02:28:50.88615325,False,False,False,False,False,False,False,False,False,False,False,False,False,0.0,0.0,0.0,0.0,214.99999999999997,0.0,0.0,0.0,0.0,0.0,0.0,0.0,0.0,0.0
2025/05/19 02:28:50.186810629,False,False,False,False,False,False,False,False,False,False,False,False,False,0.0,0.0,0.0,0.0,214.99999999999997,0.0,0.0,0.0,0.0,0.0,0.0,0.0,0.0,0.0
2025/05/19 02:28:50.291721462,False,False,False,False,False,False,False,False,False,False,False,False,False,0.0,0.0,0.0,0.0,214.99999999999997,0.0,0.0,0.0,0.0,0.0,0.0,0.0,0.0,0.0
2025/05/19 02:28:50.388430797,False,False,False,False,False,False,False,False,False,False,False,False,False,0.0,0.0,0.0,0.0,214.99999999999997,0.0,0.0,0.0,0.0,0.0,0.0,0.0,0.0,0.0
2025/05/19 02:28:50.492650423,False,False,False,False,False,False,False,False,False,False,False,False,False,0.0,0.0,0.0,0.0,214.99999999999997,0.0,0.0,0.0,0.0,0.0,0.0,0.0,0.0,0.0
2025/05/19 02:28:50.591358827,False,False,False,False,False,False,False,False,False,False,False,False,False,0.0,0.0,0.0,0.0,162.0,0.0,0.0,0.0,0.0,0.0,0.0,0.0,0.0,0.0
2025/05/19 02:28:50.693512803,False,False,False,False,False,False,False,False,False,False,False,False,False,0.0,0.0,0.0,0.0,162.0,0.0,0.0,0.0,0.0,0.0,0.0,0.0,0.0,0.0
2025/05/19 02:28:50.786642349,False,False,False,False,False,False,False,False,False,False,False,False,False,0.0,0.0,0.0,0.0,202.0,0.0,0.0,0.0,0.0,0.0,0.0,0.0,0.0,0.0
2025/05/19 02:28:50.892521367,False,False,False,False,False,False,False,False,False,False,False,False,False,0.0,0.0,0.0,0.0,14.0,0.0,0.0,0.0,0.0,0.0,0.0,0.0,0.0,0.0
2025/05/19 02:28:50.991851467,False,False,False,False,False,False,False,False,False,False,False,False,False,0.0,0.0,0.0,0.0,27.0,0.0,0.0,0.0,0.0,0.0,0.0,0.0,0.0,0.0
2025/05/19 02:28:51.95002148,False,False,False,False,False,False,False,False,False,False,False,False,False,0.0,0.0,0.0,0.0,71.0,0.0,0.0,0.0,0.0,0.0,0.0,0.0,0.0,0.0
2025/05/19 02:28:51.184054455,False,False,False,False,False,False,False,False,False,False,False,False,False,0.0,0.0,0.0,0.0,71.0,0.0,0.0,0.0,0.0,0.0,0.0,0.0,0.0,0.0
2025/05/19 02:28:51.286123081,False,False,False,False,False,False,False,False,False,False,False,False,False,0.0,0.0,0.0,0.0,76.0,0.0,0.0,0.0,0.0,0.0,0.0,0.0,0.0,0.0
2025/05/19 02:28:51.385532148,False,False,False,False,False,False,False,False,False,False,False,False,False,0.0,0.0,0.0,0.0,77.0,0.0,0.0,0.0,0.0,0.0,0.0,0.0,0.0,0.0
2025/05/19 02:28:51.488724632,False,False,False,False,False,False,False,False,False,False,False,False,False,0.0,0.0,0.0,0.0,77.0,0.0,0.0,0.0,0.0,0.0,0.0,0.0,0.0,0.0
2025/05/19 02:28:51.589714817,False,False,False,False,False,False,False,False,False,False,False,False,False,0.0,0.0,0.0,0.0,74.0,0.0,0.0,0.0,0.0,0.0,0.0,0.0,0.0,0.0
2025/05/19 02:28:51.694399291,False,False,False,False,False,False,False,False,False,False,False,False,False,0.0,0.0,0.0,0.0,64.0,0.0,0.0,0.0,0.0,0.0,0.0,0.0,0.0,0.0
2025/05/19 02:28:51.784612353,False,False,False,False,False,False,False,False,False,False,False,False,False,0.0,0.0,0.0,0.0,64.0,0.0,0.0,0.0,0.0,0.0,0.0,0.0,0.0,0.0
2025/05/19 02:28:51.888833530,False,False,False,False,False,False,False,False,False,False,False,False,False,0.0,0.0,0.0,0.0,59.99999999999999,0.0,0.0,0.0,0.0,0.0,0.0,0.0,0.0,0.0
2025/05/19 02:28:51.987679078,False,False,False,False,False,False,False,False,False,False,False,False,False,0.0,0.0,0.0,0.0,55.00000000000001,0.0,0.0,0.0,0.0,0.0,0.0,0.0,0.0,0.0
2025/05/19 02:28:52.92427231,False,False,False,False,False,False,False,False,False,False,False,False,False,0.0,0.0,0.0,0.0,51.0,0.0,0.0,0.0,0.0,0.0,0.0,0.0,0.0,0.0
2025/05/19 02:28:52.190836473,False,False,False,False,False,False,False,False,False,False,False,False,False,0.0,0.0,0.0,0.0,42.0,0.0,0.0,0.0,0.0,0.0,0.0,0.0,0.0,0.0
2025/05/19 02:28:52.293025856,False,False,False,False,False,False,False,False,False,False,False,False,False,0.0,0.0,0.0,0.0,42.0,0.0,0.0,0.0,0.0,0.0,0.0,0.0,0.0,0.0
2025/05/19 02:28:52.383178457,False,False,False,False,False,False,False,False,False,False,False,False,False,0.0,0.0,0.0,0.0,34.0,0.0,0.0,0.0,0.0,0.0,0.0,0.0,0.0,0.0
2025/05/19 02:28:52.487618605,False,False,False,False,False,False,False,False,False,False,False,False,False,0.0,0.0,0.0,0.0,34.0,0.0,0.0,0.0,0.0,0.0,0.0,0.0,0.0,0.0
2025/05/19 02:28:52.589797989,False,False,False,False,False,False,False,False,False,False,False,False,False,0.0,0.0,0.0,0.0,29.999999999999996,0.0,0.0,0.0,0.0,0.0,0.0,0.0,0.0,0.0
2025/05/19 02:28:52.691136406,False,False,False,False,False,False,False,False,False,False,False,False,False,0.0,0.0,0.0,0.0,30.999999999999996,0.0,0.0,0.0,0.0,0.0,0.0,0.0,0.0,0.0
2025/05/19 02:28:52.789268153,False,False,False,False,False,False,False,False,False,False,False,False,False,0.0,0.0,0.0,0.0,25.0,0.0,0.0,0.0,0.0,0.0,0.0,0.0,0.0,0.0
2025/05/19 02:28:52.891806604,False,False,False,False,False,False,False,False,False,False,False,False,False,0.0,0.0,0.0,0.0,25.0,0.0,0.0,0.0,0.0,0.0,0.0,0.0,0.0,0.0
2025/05/19 02:28:52.991400381,False,False,False,False,False,False,False,False,False,False,False,False,False,0.0,0.0,0.0,0.0,22.0,0.0,0.0,0.0,0.0,0.0,0.0,0.0,0.0,0.0
2025/05/19 02:28:53.83948475,False,False,False,False,False,False,False,False,False,False,False,False,False,0.0,0.0,0.0,0.0,19.0,0.0,0.0,0.0,0.0,0.0,0.0,0.0,0.0,0.0
2025/05/19 02:28:53.183762503,False,False,False,False,False,False,False,False,False,False,False,False,False,0.0,0.0,0.0,0.0,16.0,0.0,0.0,0.0,0.0,0.0,0.0,0.0,0.0,0.0
2025/05/19 02:28:53.287721481,False,False,False,False,False,False,False,False,False,False,False,False,False,0.0,0.0,0.0,0.0,14.0,0.0,0.0,0.0,0.0,0.0,0.0,0.0,0.0,0.0
2025/05/19 02:28:53.387460612,False,False,False,False,False,False,False,False,False,False,False,False,False,0.0,0.0,0.0,0.0,11.0,0.0,0.0,0.0,0.0,0.0,0.0,0.0,0.0,0.0
2025/05/19 02:28:53.488445134,False,False,False,False,False,False,False,False,False,False,False,False,False,0.0,0.0,0.0,0.0,9.0,0.0,0.0,0.0,0.0,0.0,0.0,0.0,0.0,0.0
2025/05/19 02:28:53.590175607,False,False,False,False,False,False,False,False,False,False,False,False,False,0.0,0.0,0.0,0.0,7.0,0.0,0.0,0.0,0.0,0.0,0.0,0.0,0.0,0.0
2025/05/19 02:28:53.693457073,False,False,False,False,False,False,False,False,False,False,False,False,False,0.0,0.0,0.0,0.0,9.0,0.0,0.0,0.0,0.0,0.0,0.0,0.0,0.0,0.0
2025/05/19 02:28:53.784731996,False,False,False,False,False,False,False,False,False,False,False,False,False,0.0,0.0,0.0,0.0,9.0,0.0,0.0,0.0,0.0,0.0,0.0,0.0,0.0,0.0
2025/05/19 02:28:53.888194088,False,False,False,False,False,False,False,False,False,False,False,False,False,0.0,0.0,0.0,0.0,7.0,0.0,0.0,0.0,0.0,0.0,0.0,0.0,0.0,0.0
2025/05/19 02:28:53.986230467,False,False,False,False,False,False,False,False,False,False,False,False,False,0.0,0.0,0.0,0.0,6.0,0.0,0.0,0.0,0.0,0.0,0.0,0.0,0.0,0.0
2025/05/19 02:28:54.86866284,False,False,False,False,False,False,False,False,False,False,False,False,False,0.0,0.0,0.0,0.0,4.0,0.0,0.0,0.0,0.0,0.0,0.0,0.0,0.0,0.0
2025/05/19 02:28:54.189489810,False,False,False,False,False,False,False,False,False,False,False,False,False,0.0,0.0,0.0,0.0,4.0,0.0,0.0,0.0,0.0,0.0,0.0,0.0,0.0,0.0
2025/05/19 02:28:54.290079149,False,False,False,False,False,False,False,False,False,False,False,False,False,0.0,0.0,0.0,0.0,4.0,0.0,0.0,0.0,0.0,0.0,0.0,0.0,0.0,0.0
2025/05/19 02:28:54.393790149,False,False,False,False,False,False,False,False,False,False,False,False,False,0.0,0.0,0.0,0.0,4.0,0.0,0.0,0.0,0.0,0.0,0.0,0.0,0.0,0.0
2025/05/19 02:28:54.494079642,False,False,False,False,False,False,False,False,False,False,False,False,False,0.0,0.0,0.0,0.0,4.0,0.0,0.0,0.0,0.0,0.0,0.0,0.0,0.0,0.0
2025/05/19 02:28:54.593852185,False,False,False,False,False,False,False,False,False,False,False,False,False,0.0,0.0,0.0,0.0,4.0,0.0,0.0,0.0,0.0,0.0,0.0,0.0,0.0,0.0
2025/05/19 02:28:54.683699687,False,False,False,False,False,False,False,False,False,False,False,False,False,0.0,0.0,0.0,0.0,4.0,0.0,0.0,0.0,0.0,0.0,0.0,0.0,0.0,0.0
2025/05/19 02:28:54.785179999,False,False,False,False,False,False,False,False,False,False,False,False,False,0.0,0.0,0.0,0.0,4.0,0.0,0.0,0.0,0.0,0.0,0.0,0.0,0.0,0.0
2025/05/19 02:28:54.886670718,False,False,False,False,False,False,False,False,False,False,False,False,False,0.0,0.0,0.0,0.0,4.0,0.0,0.0,0.0,0.0,0.0,0.0,0.0,0.0,0.0
2025/05/19 02:28:54.989530023,False,False,False,False,False,False,False,False,False,False,False,False,False,0.0,0.0,0.0,0.0,4.0,0.0,0.0,0.0,0.0,0.0,0.0,0.0,0.0,0.0
2025/05/19 02:28:55.88967121,False,False,False,False,False,False,False,False,False,False,False,False,False,0.0,0.0,0.0,0.0,4.0,0.0,0.0,0.0,0.0,0.0,0.0,0.0,0.0,0.0
2025/05/19 02:28:55.194282028,False,False,False,False,False,False,False,False,False,False,False,False,False,0.0,0.0,0.0,0.0,4.0,0.0,0.0,0.0,0.0,0.0,0.0,0.0,0.0,0.0
2025/05/19 02:28:55.293574364,False,False,False,False,False,False,False,False,False,False,False,False,False,0.0,0.0,0.0,0.0,4.0,0.0,0.0,0.0,0.0,0.0,0.0,0.0,0.0,0.0
2025/05/19 02:28:55.385703758,False,False,False,False,False,False,False,False,False,False,False,False,False,0.0,0.0,0.0,0.0,4.0,0.0,0.0,0.0,0.0,0.0,0.0,0.0,0.0,0.0
2025/05/19 02:28:55.483703058,False,False,False,False,False,False,False,False,False,False,False,False,False,0.0,0.0,0.0,0.0,4.0,0.0,0.0,0.0,0.0,0.0,0.0,0.0,0.0,0.0
2025/05/19 02:28:55.587178704,False,False,False,False,False,False,False,False,False,False,False,False,False,0.0,0.0,0.0,0.0,4.0,0.0,0.0,0.0,0.0,0.0,0.0,0.0,0.0,0.0
2025/05/19 02:28:55.687440278,False,False,False,False,False,False,False,False,False,False,False,False,False,0.0,0.0,0.0,0.0,4.0,0.0,0.0,0.0,0.0,0.0,0.0,0.0,0.0,0.0
2025/05/19 02:28:55.791681411,False,False,False,False,False,False,False,False,False,False,False,False,False,0.0,0.0,0.0,0.0,4.0,0.0,0.0,0.0,0.0,0.0,0.0,0.0,0.0,0.0
2025/05/19 02:28:55.892385668,False,False,False,False,False,False,False,False,False,False,False,False,False,0.0,0.0,0.0,0.0,4.0,0.0,0.0,0.0,0.0,0.0,0.0,0.0,0.0,0.0
2025/05/19 02:28:55.984290163,False,False,False,False,False,False,False,False,False,False,False,False,False,0.0,0.0,0.0,0.0,4.0,0.0,0.0,0.0,0.0,0.0,0.0,0.0,0.0,0.0
2025/05/19 02:28:56.84109512,False,False,False,False,False,False,False,False,False,False,False,False,False,0.0,0.0,0.0,0.0,4.0,0.0,0.0,0.0,0.0,0.0,0.0,0.0,0.0,0.0
2025/05/19 02:28:56.185732124,False,False,False,False,False,False,False,False,False,False,False,False,False,0.0,0.0,0.0,0.0,4.0,0.0,0.0,0.0,0.0,0.0,0.0,0.0,0.0,0.0
2025/05/19 02:28:56.286637447,False,False,False,False,False,False,False,False,False,False,False,False,False,0.0,0.0,0.0,0.0,4.0,0.0,0.0,0.0,0.0,0.0,0.0,0.0,0.0,0.0
2025/05/19 02:28:56.392522542,False,False,False,False,False,False,False,False,False,False,False,False,False,0.0,0.0,0.0,0.0,4.0,0.0,0.0,0.0,0.0,0.0,0.0,0.0,0.0,0.0
2025/05/19 02:28:56.489571006,False,False,False,False,False,False,False,False,False,False,False,False,False,0.0,0.0,0.0,0.0,4.0,0.0,0.0,0.0,0.0,0.0,0.0,0.0,0.0,0.0
2025/05/19 02:28:56.592930176,False,False,False,False,False,False,False,False,False,False,False,False,False,0.0,0.0,0.0,0.0,4.0,0.0,0.0,0.0,0.0,0.0,0.0,0.0,0.0,0.0
2025/05/19 02:28:56.691915200,False,False,False,False,False,False,False,False,False,False,False,False,False,0.0,0.0,0.0,0.0,4.0,0.0,0.0,0.0,0.0,0.0,0.0,0.0,0.0,0.0
2025/05/19 02:28:56.794074241,False,False,False,False,False,False,False,False,False,False,False,False,False,0.0,0.0,0.0,0.0,4.0,0.0,0.0,0.0,0.0,0.0,0.0,0.0,0.0,0.0
2025/05/19 02:28:56.882790326,False,False,False,False,False,False,False,False,False,False,False,False,False,0.0,0.0,0.0,0.0,4.0,0.0,0.0,0.0,0.0,0.0,0.0,0.0,0.0,0.0
2025/05/19 02:28:56.991960521,False,False,False,False,False,False,False,False,False,False,False,False,False,0.0,0.0,0.0,0.0,4.0,0.0,0.0,0.0,0.0,0.0,0.0,0.0,0.0,0.0
2025/05/19 02:28:57.85526502,False,False,False,False,False,False,False,False,False,False,False,False,False,0.0,0.0,0.0,0.0,4.0,0.0,0.0,0.0,0.0,0.0,0.0,0.0,0.0,0.0
2025/05/19 02:28:57.192688310,False,False,False,False,False,False,False,False,False,False,False,False,False,0.0,0.0,0.0,0.0,4.0,0.0,0.0,0.0,0.0,0.0,0.0,0.0,0.0,0.0
2025/05/19 02:28:57.288667554,False,False,False,False,False,False,False,False,False,False,False,False,False,0.0,0.0,0.0,0.0,4.0,0.0,0.0,0.0,0.0,0.0,0.0,0.0,0.0,0.0
2025/05/19 02:28:57.391857683,False,False,False,False,False,False,False,False,False,False,False,False,False,0.0,0.0,0.0,0.0,4.0,0.0,0.0,0.0,0.0,0.0,0.0,0.0,0.0,0.0
2025/05/19 02:28:57.490997835,False,False,False,False,False,False,False,False,False,False,False,False,False,0.0,0.0,0.0,0.0,4.0,0.0,0.0,0.0,0.0,0.0,0.0,0.0,0.0,0.0
2025/05/19 02:28:57.594310210,False,False,False,False,False,False,False,False,False,False,False,False,False,0.0,0.0,0.0,0.0,4.0,0.0,0.0,0.0,0.0,0.0,0.0,0.0,0.0,0.0
2025/05/19 02:28:57.683336384,False,False,False,False,False,False,False,False,False,False,False,False,False,0.0,0.0,0.0,0.0,5.0,0.0,0.0,0.0,0.0,0.0,0.0,0.0,0.0,0.0
2025/05/19 02:28:57.792109043,False,False,False,False,False,False,False,False,False,False,False,False,False,0.0,0.0,0.0,0.0,6.0,0.0,0.0,0.0,0.0,0.0,0.0,0.0,0.0,0.0
2025/05/19 02:28:57.893134293,False,False,False,False,False,False,False,False,False,False,False,False,False,0.0,0.0,0.0,0.0,7.0,0.0,0.0,0.0,0.0,0.0,0.0,0.0,0.0,0.0
2025/05/19 02:28:57.991737063,False,False,False,False,False,False,False,False,False,False,False,False,False,0.0,0.0,0.0,0.0,8.0,0.0,0.0,0.0,0.0,0.0,0.0,0.0,0.0,0.0
2025/05/19 02:28:58.94816372,False,False,False,False,False,False,False,False,False,False,False,False,False,0.0,0.0,0.0,0.0,9.0,0.0,0.0,0.0,0.0,0.0,0.0,0.0,0.0,0.0
2025/05/19 02:28:58.184715745,False,False,False,False,False,False,False,False,False,False,False,False,False,0.0,0.0,0.0,0.0,9.0,0.0,0.0,0.0,0.0,0.0,0.0,0.0,0.0,0.0
2025/05/19 02:28:58.283765964,False,False,False,False,False,False,False,False,False,False,False,False,False,0.0,0.0,0.0,0.0,9.0,0.0,0.0,0.0,0.0,0.0,0.0,0.0,0.0,0.0
2025/05/19 02:28:58.388031543,False,False,False,False,False,False,False,False,False,False,False,False,False,0.0,0.0,0.0,0.0,10.0,0.0,0.0,0.0,0.0,0.0,0.0,0.0,0.0,0.0
2025/05/19 02:28:58.485036532,False,False,False,False,False,False,False,False,False,False,False,False,False,0.0,0.0,0.0,0.0,11.0,0.0,0.0,0.0,0.0,0.0,0.0,0.0,0.0,0.0
2025/05/19 02:28:58.588721398,False,False,False,False,False,False,False,False,False,False,False,False,False,0.0,0.0,0.0,0.0,17.0,0.0,0.0,0.0,0.0,0.0,0.0,0.0,0.0,0.0
2025/05/19 02:28:58.689379520,False,False,False,False,False,False,False,False,False,False,False,False,False,0.0,0.0,0.0,0.0,17.0,0.0,0.0,0.0,0.0,0.0,0.0,0.0,0.0,0.0
2025/05/19 02:28:58.790657543,False,False,False,False,False,False,False,False,False,False,False,False,False,0.0,0.0,0.0,0.0,18.0,0.0,0.0,0.0,0.0,0.0,0.0,0.0,0.0,0.0
2025/05/19 02:28:58.892019370,False,False,False,False,False,False,False,False,False,False,False,False,False,0.0,0.0,0.0,0.0,19.0,0.0,0.0,0.0,0.0,0.0,0.0,0.0,0.0,0.0
2025/05/19 02:28:58.993789999,False,False,False,False,False,False,False,False,False,False,False,False,False,0.0,0.0,0.0,0.0,19.0,0.0,0.0,0.0,0.0,0.0,0.0,0.0,0.0,0.0
2025/05/19 02:28:59.84781829,False,False,False,False,False,False,False,False,False,False,False,False,False,0.0,0.0,0.0,0.0,19.0,0.0,0.0,0.0,0.0,0.0,0.0,0.0,0.0,0.0
2025/05/19 02:28:59.188793506,False,False,False,False,False,False,False,False,False,False,False,False,False,0.0,0.0,0.0,0.0,17.0,0.0,0.0,0.0,0.0,0.0,0.0,0.0,0.0,0.0
2025/05/19 02:28:59.286051390,False,False,False,False,False,False,False,False,False,False,False,False,False,0.0,0.0,0.0,0.0,20.0,0.0,0.0,0.0,0.0,0.0,0.0,0.0,0.0,0.0
2025/05/19 02:28:59.387420926,False,False,False,False,False,False,False,False,False,False,False,False,False,0.0,0.0,0.0,0.0,20.0,0.0,0.0,0.0,0.0,0.0,0.0,0.0,0.0,0.0
2025/05/19 02:28:59.488007025,False,False,False,False,False,False,False,False,False,False,False,False,False,0.0,0.0,0.0,0.0,18.0,0.0,0.0,0.0,0.0,0.0,0.0,0.0,0.0,0.0
2025/05/19 02:28:59.590754448,False,False,False,False,False,False,False,False,False,False,False,False,False,0.0,0.0,0.0,0.0,21.0,0.0,0.0,0.0,0.0,0.0,0.0,0.0,0.0,0.0
2025/05/19 02:28:59.691716205,False,False,False,False,False,False,False,False,False,False,False,False,False,0.0,0.0,0.0,0.0,24.0,0.0,0.0,0.0,0.0,0.0,0.0,0.0,0.0,0.0
2025/05/19 02:28:59.792390449,False,False,False,False,False,False,False,False,False,False,False,False,False,0.0,0.0,0.0,0.0,20.0,0.0,0.0,0.0,0.0,0.0,0.0,0.0,0.0,0.0
2025/05/19 02:28:59.895183383,False,False,False,False,False,False,False,False,False,False,False,False,False,0.0,0.0,0.0,0.0,25.0,0.0,0.0,0.0,0.0,0.0,0.0,0.0,0.0,0.0
2025/05/19 02:28:59.983207170,False,False,False,False,False,False,False,False,False,False,False,False,False,0.0,0.0,0.0,0.0,25.0,0.0,0.0,0.0,0.0,0.0,0.0,0.0,0.0,0.0
2025/05/19 02:29:00.86420802,False,False,False,False,False,False,False,False,False,False,False,False,False,0.0,0.0,0.0,0.0,20.0,0.0,0.0,0.0,0.0,0.0,0.0,0.0,0.0,0.0
2025/05/19 02:29:00.185785151,False,False,False,False,False,False,False,False,False,False,False,False,False,0.0,0.0,0.0,0.0,25.0,0.0,0.0,0.0,0.0,0.0,0.0,0.0,0.0,0.0
2025/05/19 02:29:00.290047476,False,False,False,False,False,False,False,False,False,False,False,False,False,0.0,0.0,0.0,0.0,21.0,0.0,0.0,0.0,0.0,0.0,0.0,0.0,0.0,0.0
2025/05/19 02:29:00.390436894,False,False,False,False,False,False,False,False,False,False,False,False,False,0.0,0.0,0.0,0.0,20.0,0.0,0.0,0.0,0.0,0.0,0.0,0.0,0.0,0.0
2025/05/19 02:29:00.512627513,False,False,False,False,False,False,False,False,False,False,False,False,False,0.0,0.0,0.0,0.0,20.0,0.0,0.0,0.0,0.0,0.0,0.0,0.0,0.0,0.0
2025/05/19 02:29:00.591556899,False,False,False,False,False,False,False,False,False,False,False,False,False,0.0,0.0,0.0,0.0,23.0,0.0,0.0,0.0,0.0,0.0,0.0,0.0,0.0,0.0
2025/05/19 02:29:00.684482290,False,False,False,False,False,False,False,False,False,False,False,False,False,0.0,0.0,0.0,0.0,23.0,0.0,0.0,0.0,0.0,0.0,0.0,0.0,0.0,0.0
2025/05/19 02:29:00.789173515,False,False,False,False,False,False,False,False,False,False,False,False,False,0.0,0.0,0.0,0.0,22.0,0.0,0.0,0.0,0.0,0.0,0.0,0.0,0.0,0.0
2025/05/19 02:29:00.890985183,False,False,False,False,False,False,False,False,False,False,False,False,False,0.0,0.0,0.0,0.0,18.0,0.0,0.0,0.0,0.0,0.0,0.0,0.0,0.0,0.0
2025/05/19 02:29:00.990156802,False,False,False,False,False,False,False,False,False,False,False,False,False,0.0,0.0,0.0,0.0,18.0,0.0,0.0,0.0,0.0,0.0,0.0,0.0,0.0,0.0
2025/05/19 02:29:01.92904317,False,False,False,False,False,False,False,False,False,False,False,False,False,0.0,0.0,0.0,0.0,18.0,0.0,0.0,0.0,0.0,0.0,0.0,0.0,0.0,0.0
2025/05/19 02:29:01.192611468,False,False,False,False,False,False,False,False,False,False,False,False,False,0.0,0.0,0.0,0.0,18.0,0.0,0.0,0.0,0.0,0.0,0.0,0.0,0.0,0.0
2025/05/19 02:29:01.283763828,False,False,False,False,False,False,False,False,False,False,False,False,False,0.0,0.0,0.0,0.0,18.0,0.0,0.0,0.0,0.0,0.0,0.0,0.0,0.0,0.0
2025/05/19 02:29:01.385215171,False,False,False,False,False,False,False,False,False,False,False,False,False,0.0,0.0,0.0,0.0,22.0,0.0,0.0,0.0,0.0,0.0,0.0,0.0,0.0,0.0
2025/05/19 02:29:01.486905387,False,False,False,False,False,False,False,False,False,False,False,False,False,0.0,0.0,0.0,0.0,22.0,0.0,0.0,0.0,0.0,0.0,0.0,0.0,0.0,0.0
2025/05/19 02:29:01.587222359,False,False,False,False,False,False,False,False,False,False,False,False,False,0.0,0.0,0.0,0.0,22.0,0.0,0.0,0.0,0.0,0.0,0.0,0.0,0.0,0.0
2025/05/19 02:29:01.690170352,False,False,False,False,False,False,False,False,False,False,False,False,False,0.0,0.0,0.0,0.0,27.0,0.0,0.0,0.0,0.0,0.0,0.0,0.0,0.0,0.0
2025/05/19 02:29:01.790409543,False,False,False,False,False,False,False,False,False,False,False,False,False,0.0,0.0,0.0,0.0,19.0,0.0,0.0,0.0,0.0,0.0,0.0,0.0,0.0,0.0
2025/05/19 02:29:01.892074793,False,False,False,False,False,False,False,False,False,False,False,False,False,0.0,0.0,0.0,0.0,19.0,0.0,0.0,0.0,0.0,0.0,0.0,0.0,0.0,0.0
2025/05/19 02:29:01.993230193,False,False,False,False,False,False,False,False,False,False,False,False,False,0.0,0.0,0.0,0.0,19.0,0.0,0.0,0.0,0.0,0.0,0.0,0.0,0.0,0.0
2025/05/19 02:29:02.85757651,False,False,False,False,False,False,False,False,False,False,False,False,False,0.0,0.0,0.0,0.0,19.0,0.0,0.0,0.0,0.0,0.0,0.0,0.0,0.0,0.0
2025/05/19 02:29:02.183779464,False,False,False,False,False,False,False,False,False,False,False,False,False,0.0,0.0,0.0,0.0,23.0,0.0,0.0,0.0,0.0,0.0,0.0,0.0,0.0,0.0
2025/05/19 02:29:02.285475792,False,False,False,False,False,False,False,False,False,False,False,False,False,0.0,0.0,0.0,0.0,19.0,0.0,0.0,0.0,0.0,0.0,0.0,0.0,0.0,0.0
2025/05/19 02:29:02.387349651,False,False,False,False,False,False,False,False,False,False,False,False,False,0.0,0.0,0.0,0.0,19.0,0.0,0.0,0.0,0.0,0.0,0.0,0.0,0.0,0.0
2025/05/19 02:29:02.489339264,False,False,False,False,False,False,False,False,False,False,False,False,False,0.0,0.0,0.0,0.0,19.0,0.0,0.0,0.0,0.0,0.0,0.0,0.0,0.0,0.0
2025/05/19 02:29:02.589572788,False,False,False,False,False,False,False,False,False,False,False,False,False,0.0,0.0,0.0,0.0,19.0,0.0,0.0,0.0,0.0,0.0,0.0,0.0,0.0,0.0
2025/05/19 02:29:02.687093116,False,False,False,False,False,False,False,False,False,False,False,False,False,0.0,0.0,0.0,0.0,34.0,0.0,0.0,0.0,0.0,0.0,0.0,0.0,0.0,0.0
2025/05/19 02:29:02.786210385,False,False,False,False,False,False,False,False,False,False,False,False,False,0.0,0.0,0.0,0.0,34.99999999999999,0.0,0.0,0.0,0.0,0.0,0.0,0.0,0.0,0.0
2025/05/19 02:29:02.886327014,False,False,False,False,False,False,False,False,False,False,False,False,False,0.0,0.0,0.0,0.0,39.0,0.0,0.0,0.0,0.0,0.0,0.0,0.0,0.0,0.0
2025/05/19 02:29:02.986910243,False,False,False,False,False,False,False,False,False,False,False,False,False,0.0,0.0,0.0,0.0,34.0,0.0,0.0,0.0,0.0,0.0,0.0,0.0,0.0,0.0
2025/05/19 02:29:03.94011040,False,False,False,False,False,False,False,False,False,False,False,False,False,0.0,0.0,0.0,0.0,34.0,0.0,0.0,0.0,0.0,0.0,0.0,0.0,0.0,0.0
2025/05/19 02:29:03.190935784,False,False,False,False,False,False,False,False,False,False,False,False,False,0.0,0.0,0.0,0.0,34.0,0.0,0.0,0.0,0.0,0.0,0.0,0.0,0.0,0.0
2025/05/19 02:29:03.293588628,False,False,False,False,False,False,False,False,False,False,False,False,False,0.0,0.0,0.0,0.0,36.0,0.0,0.0,0.0,0.0,0.0,0.0,0.0,0.0,0.0
2025/05/19 02:29:03.382913126,False,False,False,False,False,False,False,False,False,False,False,False,False,0.0,0.0,0.0,0.0,36.0,0.0,0.0,0.0,0.0,0.0,0.0,0.0,0.0,0.0
2025/05/19 02:29:03.486321350,False,False,False,False,False,False,False,False,False,False,False,False,False,0.0,0.0,0.0,0.0,39.0,0.0,0.0,0.0,0.0,0.0,0.0,0.0,0.0,0.0
2025/05/19 02:29:03.584042541,False,False,False,False,False,False,False,False,False,False,False,False,False,0.0,0.0,0.0,0.0,38.0,0.0,0.0,0.0,0.0,0.0,0.0,0.0,0.0,0.0
2025/05/19 02:29:03.685706232,False,False,False,False,False,False,False,False,False,False,False,False,False,0.0,0.0,0.0,0.0,52.00000000000001,0.0,0.0,0.0,0.0,0.0,0.0,0.0,0.0,0.0
2025/05/19 02:29:03.785847190,False,False,False,False,False,False,False,False,False,False,False,False,False,0.0,0.0,0.0,0.0,30.999999999999996,0.0,0.0,0.0,0.0,0.0,0.0,0.0,0.0,0.0
2025/05/19 02:29:03.890633760,False,False,False,False,False,False,False,False,False,False,False,False,False,0.0,0.0,0.0,0.0,59.0,0.0,0.0,0.0,0.0,0.0,0.0,0.0,0.0,0.0
2025/05/19 02:29:03.990708011,False,False,False,False,False,False,False,False,False,False,False,False,False,0.0,0.0,0.0,0.0,66.0,0.0,0.0,0.0,0.0,0.0,0.0,0.0,0.0,0.0
2025/05/19 02:29:04.93771859,False,False,False,False,False,False,False,False,False,False,False,False,False,0.0,0.0,0.0,0.0,69.0,0.0,0.0,0.0,0.0,0.0,0.0,0.0,0.0,0.0
2025/05/19 02:29:04.192563674,False,False,False,False,False,False,False,False,False,False,False,False,False,0.0,0.0,0.0,0.0,66.0,0.0,0.0,0.0,0.0,0.0,0.0,0.0,0.0,0.0
2025/05/19 02:29:04.290262027,False,False,False,False,False,False,False,False,False,False,False,False,False,0.0,0.0,0.0,0.0,66.0,0.0,0.0,0.0,0.0,0.0,0.0,0.0,0.0,0.0
2025/05/19 02:29:04.388806520,False,False,False,False,False,False,False,False,False,False,False,False,False,0.0,0.0,0.0,0.0,67.0,0.0,0.0,0.0,0.0,0.0,0.0,0.0,0.0,0.0
2025/05/19 02:29:04.490869240,False,False,False,False,False,False,False,False,False,False,False,False,False,0.0,0.0,0.0,0.0,65.0,0.0,0.0,0.0,0.0,0.0,0.0,0.0,0.0,0.0
2025/05/19 02:29:04.591520934,False,False,False,False,False,False,False,False,False,False,False,False,False,0.0,0.0,0.0,0.0,61.99999999999999,0.0,0.0,0.0,0.0,0.0,0.0,0.0,0.0,0.0
2025/05/19 02:29:04.694698270,False,False,False,False,False,False,False,False,False,False,False,False,False,0.0,0.0,0.0,0.0,67.0,0.0,0.0,0.0,0.0,0.0,0.0,0.0,0.0,0.0
2025/05/19 02:29:04.784242090,False,False,False,False,False,False,False,False,False,False,False,False,False,0.0,0.0,0.0,0.0,67.0,0.0,0.0,0.0,0.0,0.0,0.0,0.0,0.0,0.0
2025/05/19 02:29:04.890047253,False,False,False,False,False,False,False,False,False,False,False,False,False,0.0,0.0,0.0,0.0,94.0,0.0,0.0,0.0,0.0,0.0,0.0,0.0,0.0,0.0
2025/05/19 02:29:04.987487056,False,False,False,False,False,False,False,False,False,False,False,False,False,0.0,0.0,0.0,0.0,103.0,0.0,0.0,0.0,0.0,0.0,0.0,0.0,0.0,0.0
2025/05/19 02:29:05.89563375,False,False,False,False,False,False,False,False,False,False,False,False,False,0.0,0.0,0.0,0.0,100.0,0.0,0.0,0.0,0.0,0.0,0.0,0.0,0.0,0.0
2025/05/19 02:29:05.192840843,False,False,False,False,False,False,False,False,False,False,False,False,False,0.0,0.0,0.0,0.0,101.0,0.0,0.0,0.0,0.0,0.0,0.0,0.0,0.0,0.0
2025/05/19 02:29:05.285788497,False,False,False,False,False,False,False,False,False,False,False,False,False,0.0,0.0,0.0,0.0,101.0,0.0,0.0,0.0,0.0,0.0,0.0,0.0,0.0,0.0
2025/05/19 02:29:05.387191058,False,False,False,False,False,False,False,False,False,False,False,False,False,0.0,0.0,0.0,0.0,106.00000000000001,0.0,0.0,0.0,0.0,0.0,0.0,0.0,0.0,0.0
2025/05/19 02:29:05.489026768,False,False,False,False,False,False,False,False,False,False,False,False,False,0.0,0.0,0.0,0.0,106.00000000000001,0.0,0.0,0.0,0.0,0.0,0.0,0.0,0.0,0.0
2025/05/19 02:29:05.589233628,False,False,False,False,False,False,False,False,False,False,False,False,False,0.0,0.0,0.0,0.0,105.0,0.0,0.0,0.0,0.0,0.0,0.0,0.0,0.0,0.0
2025/05/19 02:29:05.689967992,False,False,False,False,False,False,False,False,False,False,False,False,False,0.0,0.0,0.0,0.0,134.0,0.0,0.0,0.0,0.0,0.0,0.0,0.0,0.0,0.0
2025/05/19 02:29:05.792861170,False,False,False,False,False,False,False,False,False,False,False,False,False,0.0,0.0,0.0,0.0,128.0,0.0,0.0,0.0,0.0,0.0,0.0,0.0,0.0,0.0
2025/05/19 02:29:05.892533412,False,False,False,False,False,False,False,False,False,False,False,False,False,0.0,0.0,0.0,0.0,128.0,0.0,0.0,0.0,0.0,0.0,0.0,0.0,0.0,0.0
2025/05/19 02:29:05.992930972,False,False,False,False,False,False,False,False,False,False,False,False,False,0.0,0.0,0.0,0.0,132.0,0.0,0.0,0.0,0.0,0.0,0.0,0.0,0.0,0.0
2025/05/19 02:29:06.82259291,False,False,False,False,False,False,False,False,False,False,False,False,False,0.0,0.0,0.0,0.0,133.0,0.0,0.0,0.0,0.0,0.0,0.0,0.0,0.0,0.0
2025/05/19 02:29:06.184881929,False,False,False,False,False,False,False,False,False,False,False,False,False,0.0,0.0,0.0,0.0,133.0,0.0,0.0,0.0,0.0,0.0,0.0,0.0,0.0,0.0
2025/05/19 02:29:06.286940934,False,False,False,False,False,False,False,False,False,False,False,False,False,0.0,0.0,0.0,0.0,133.0,0.0,0.0,0.0,0.0,0.0,0.0,0.0,0.0,0.0
2025/05/19 02:29:06.388183702,False,False,False,False,False,False,False,False,False,False,False,False,False,0.0,0.0,0.0,0.0,134.0,0.0,0.0,0.0,0.0,0.0,0.0,0.0,0.0,0.0
2025/05/19 02:29:06.489130530,False,False,False,False,False,False,False,False,False,False,False,False,False,0.0,0.0,0.0,0.0,130.0,0.0,0.0,0.0,0.0,0.0,0.0,0.0,0.0,0.0
2025/05/19 02:29:06.593209299,False,False,False,False,False,False,False,False,False,False,False,False,False,0.0,0.0,0.0,0.0,146.0,0.0,0.0,0.0,0.0,0.0,0.0,0.0,0.0,0.0
2025/05/19 02:29:06.688675185,False,False,False,False,False,False,False,False,False,False,False,False,False,0.0,0.0,0.0,0.0,146.0,0.0,0.0,0.0,0.0,0.0,0.0,0.0,0.0,0.0
2025/05/19 02:29:06.785753163,False,False,False,False,False,False,False,False,False,False,False,False,False,0.0,0.0,0.0,0.0,152.0,0.0,0.0,0.0,0.0,0.0,0.0,0.0,0.0,0.0
2025/05/19 02:29:06.887166003,False,False,False,False,False,False,False,False,False,False,False,False,False,0.0,0.0,0.0,0.0,152.0,0.0,0.0,0.0,0.0,0.0,0.0,0.0,0.0,0.0
2025/05/19 02:29:06.992229537,False,False,False,False,False,False,False,False,False,False,False,False,False,0.0,0.0,0.0,0.0,148.0,0.0,0.0,0.0,0.0,0.0,0.0,0.0,0.0,0.0
2025/05/19 02:29:07.91181666,False,False,False,False,False,False,False,False,False,False,False,False,False,0.0,0.0,0.0,0.0,152.0,0.0,0.0,0.0,0.0,0.0,0.0,0.0,0.0,0.0
2025/05/19 02:29:07.191876784,False,False,False,False,False,False,False,False,False,False,False,False,False,0.0,0.0,0.0,0.0,149.0,0.0,0.0,0.0,0.0,0.0,0.0,0.0,0.0,0.0
2025/05/19 02:29:07.283717742,False,False,False,False,False,False,False,False,False,False,False,False,False,0.0,0.0,0.0,0.0,154.0,0.0,0.0,0.0,0.0,0.0,0.0,0.0,0.0,0.0
2025/05/19 02:29:07.385456953,False,False,False,False,False,False,False,False,False,False,False,False,False,0.0,0.0,0.0,0.0,154.0,0.0,0.0,0.0,0.0,0.0,0.0,0.0,0.0,0.0
2025/05/19 02:29:07.485541228,False,False,False,False,False,False,False,False,False,False,False,False,False,0.0,0.0,0.0,0.0,153.00000000000003,0.0,0.0,0.0,0.0,0.0,0.0,0.0,0.0,0.0
2025/05/19 02:29:07.587887957,False,False,False,False,False,False,False,False,False,False,False,False,False,0.0,0.0,0.0,0.0,154.99999999999997,0.0,0.0,0.0,0.0,0.0,0.0,0.0,0.0,0.0
2025/05/19 02:29:07.687595372,False,False,False,False,False,False,False,False,False,False,False,False,False,0.0,0.0,0.0,0.0,148.0,0.0,0.0,0.0,0.0,0.0,0.0,0.0,0.0,0.0
2025/05/19 02:29:07.790378544,False,False,False,False,False,False,False,False,False,False,False,False,False,0.0,0.0,0.0,0.0,147.0,0.0,0.0,0.0,0.0,0.0,0.0,0.0,0.0,0.0
2025/05/19 02:29:07.890786736,False,False,False,False,False,False,False,False,False,False,False,False,False,0.0,0.0,0.0,0.0,148.0,0.0,0.0,0.0,0.0,0.0,0.0,0.0,0.0,0.0
2025/05/19 02:29:07.997762946,False,False,False,False,False,False,False,False,False,False,False,False,False,0.0,0.0,0.0,0.0,148.0,0.0,0.0,0.0,0.0,0.0,0.0,0.0,0.0,0.0
2025/05/19 02:29:08.83706427,False,False,False,False,False,False,False,False,False,False,False,False,False,0.0,0.0,0.0,0.0,148.0,0.0,0.0,0.0,0.0,0.0,0.0,0.0,0.0,0.0
2025/05/19 02:29:08.184487407,False,False,False,False,False,False,False,False,False,False,False,False,False,0.0,0.0,0.0,0.0,149.0,0.0,0.0,0.0,0.0,0.0,0.0,0.0,0.0,0.0
2025/05/19 02:29:08.285127502,False,False,False,False,False,False,False,False,False,False,False,False,False,0.0,0.0,0.0,0.0,149.0,0.0,0.0,0.0,0.0,0.0,0.0,0.0,0.0,0.0
2025/05/19 02:29:08.386579283,False,False,False,False,False,False,False,False,False,False,False,False,False,0.0,0.0,0.0,0.0,147.0,0.0,0.0,0.0,0.0,0.0,0.0,0.0,0.0,0.0
2025/05/19 02:29:08.488794031,False,False,False,False,False,False,False,False,False,False,False,False,False,0.0,0.0,0.0,0.0,147.0,0.0,0.0,0.0,0.0,0.0,0.0,0.0,0.0,0.0
2025/05/19 02:29:08.589770150,False,False,False,False,False,False,False,False,False,False,False,False,False,0.0,0.0,0.0,0.0,150.0,0.0,0.0,0.0,0.0,0.0,0.0,0.0,0.0,0.0
2025/05/19 02:29:08.689149832,False,False,False,False,False,False,False,False,False,False,False,False,False,0.0,0.0,0.0,0.0,154.99999999999997,0.0,0.0,0.0,0.0,0.0,0.0,0.0,0.0,0.0
2025/05/19 02:29:08.791931480,False,False,False,False,False,False,False,False,False,False,False,False,False,0.0,0.0,0.0,0.0,161.0,0.0,0.0,0.0,0.0,0.0,0.0,0.0,0.0,0.0
2025/05/19 02:29:08.892276033,False,False,False,False,False,False,False,False,False,False,False,False,False,0.0,0.0,0.0,0.0,162.0,0.0,0.0,0.0,0.0,0.0,0.0,0.0,0.0,0.0
2025/05/19 02:29:08.994798223,False,False,False,False,False,False,False,False,False,False,False,False,False,0.0,0.0,0.0,0.0,163.0,0.0,0.0,0.0,0.0,0.0,0.0,0.0,0.0,0.0
2025/05/19 02:29:09.83728630,False,False,False,False,False,False,False,False,False,False,False,False,False,0.0,0.0,0.0,0.0,163.0,0.0,0.0,0.0,0.0,0.0,0.0,0.0,0.0,0.0
2025/05/19 02:29:09.188485856,False,False,False,False,False,False,False,False,False,False,False,False,False,0.0,0.0,0.0,0.0,163.0,0.0,0.0,0.0,0.0,0.0,0.0,0.0,0.0,0.0
2025/05/19 02:29:09.287880139,False,False,False,False,False,False,False,False,False,False,False,False,False,0.0,0.0,0.0,0.0,163.99999999999997,0.0,0.0,0.0,0.0,0.0,0.0,0.0,0.0,0.0
2025/05/19 02:29:09.389970378,False,False,False,False,False,False,False,False,False,False,False,False,False,0.0,0.0,0.0,0.0,163.99999999999997,0.0,0.0,0.0,0.0,0.0,0.0,0.0,0.0,0.0
2025/05/19 02:29:09.489600045,False,False,False,False,False,False,False,False,False,False,False,False,False,0.0,0.0,0.0,0.0,166.00000000000003,0.0,0.0,0.0,0.0,0.0,0.0,0.0,0.0,0.0
2025/05/19 02:29:09.591890111,False,False,False,False,False,False,False,False,False,False,False,False,False,0.0,0.0,0.0,0.0,161.0,0.0,0.0,0.0,0.0,0.0,0.0,0.0,0.0,0.0
2025/05/19 02:29:09.692115897,False,False,False,False,False,False,False,False,False,False,False,False,False,0.0,0.0,0.0,0.0,161.0,0.0,0.0,0.0,0.0,0.0,0.0,0.0,0.0,0.0
2025/05/19 02:29:09.802119583,False,False,False,False,False,False,False,False,False,False,False,False,False,0.0,0.0,0.0,0.0,161.0,0.0,0.0,0.0,0.0,0.0,0.0,0.0,0.0,0.0
2025/05/19 02:29:09.883781065,False,False,False,False,False,False,False,False,False,False,False,False,False,0.0,0.0,0.0,0.0,161.0,0.0,0.0,0.0,0.0,0.0,0.0,0.0,0.0,0.0
2025/05/19 02:29:09.987246324,False,False,False,False,False,False,False,False,False,False,False,False,False,0.0,0.0,0.0,0.0,163.0,0.0,0.0,0.0,0.0,0.0,0.0,0.0,0.0,0.0
2025/05/19 02:29:10.85656527,False,False,False,False,False,False,False,False,False,False,False,False,False,0.0,0.0,0.0,0.0,163.99999999999997,0.0,0.0,0.0,0.0,0.0,0.0,0.0,0.0,0.0
2025/05/19 02:29:10.190745331,False,False,False,False,False,False,False,False,False,False,False,False,False,0.0,0.0,0.0,0.0,163.99999999999997,0.0,0.0,0.0,0.0,0.0,0.0,0.0,0.0,0.0
2025/05/19 02:29:10.289787615,False,False,False,False,False,False,False,False,False,False,False,False,False,0.0,0.0,0.0,0.0,164.99999999999997,0.0,0.0,0.0,0.0,0.0,0.0,0.0,0.0,0.0
2025/05/19 02:29:10.390683242,False,False,False,False,False,False,False,False,False,False,False,False,False,0.0,0.0,0.0,0.0,166.00000000000003,0.0,0.0,0.0,0.0,0.0,0.0,0.0,0.0,0.0
2025/05/19 02:29:10.491047497,False,False,False,False,False,False,False,False,False,False,False,False,False,0.0,0.0,0.0,0.0,167.00000000000003,0.0,0.0,0.0,0.0,0.0,0.0,0.0,0.0,0.0
2025/05/19 02:29:10.593960570,False,False,False,False,False,False,False,False,False,False,False,False,False,0.0,0.0,0.0,0.0,161.0,0.0,0.0,0.0,0.0,0.0,0.0,0.0,0.0,0.0
2025/05/19 02:29:10.682251139,False,False,False,False,False,False,False,False,False,False,False,False,False,0.0,0.0,0.0,0.0,161.0,0.0,0.0,0.0,0.0,0.0,0.0,0.0,0.0,0.0
2025/05/19 02:29:10.785231047,False,False,False,False,False,False,False,False,False,False,False,False,False,0.0,0.0,0.0,0.0,162.0,0.0,0.0,0.0,0.0,0.0,0.0,0.0,0.0,0.0
2025/05/19 02:29:10.884119296,False,False,False,False,False,False,False,False,False,False,False,False,False,0.0,0.0,0.0,0.0,163.0,0.0,0.0,0.0,0.0,0.0,0.0,0.0,0.0,0.0
2025/05/19 02:29:10.988383673,False,False,False,False,False,False,False,False,False,False,False,False,False,0.0,0.0,0.0,0.0,163.0,0.0,0.0,0.0,0.0,0.0,0.0,0.0,0.0,0.0
2025/05/19 02:29:11.86064205,False,False,False,False,False,False,False,False,False,False,False,False,False,0.0,0.0,0.0,0.0,163.99999999999997,0.0,0.0,0.0,0.0,0.0,0.0,0.0,0.0,0.0
2025/05/19 02:29:11.190539068,False,False,False,False,False,False,False,False,False,False,False,False,False,0.0,0.0,0.0,0.0,164.99999999999997,0.0,0.0,0.0,0.0,0.0,0.0,0.0,0.0,0.0
2025/05/19 02:29:11.290129984,False,False,False,False,False,False,False,False,False,False,False,False,False,0.0,0.0,0.0,0.0,166.00000000000003,0.0,0.0,0.0,0.0,0.0,0.0,0.0,0.0,0.0
2025/05/19 02:29:11.392641114,False,False,False,False,False,False,False,False,False,False,False,False,False,0.0,0.0,0.0,0.0,166.00000000000003,0.0,0.0,0.0,0.0,0.0,0.0,0.0,0.0,0.0
2025/05/19 02:29:11.497520971,False,False,False,False,False,False,False,False,False,False,False,False,False,0.0,0.0,0.0,0.0,167.00000000000003,0.0,0.0,0.0,0.0,0.0,0.0,0.0,0.0,0.0
2025/05/19 02:29:11.587603344,False,False,False,False,False,False,False,False,False,False,False,False,False,0.0,0.0,0.0,0.0,167.00000000000003,0.0,0.0,0.0,0.0,0.0,0.0,0.0,0.0,0.0
2025/05/19 02:29:11.687664816,False,False,False,False,False,False,False,False,False,False,False,False,False,0.0,0.0,0.0,0.0,137.00000000000003,0.0,0.0,0.0,0.0,0.0,0.0,0.0,0.0,0.0
2025/05/19 02:29:11.790443949,False,False,False,False,False,False,False,False,False,False,False,False,False,0.0,0.0,0.0,0.0,136.0,0.0,0.0,0.0,0.0,0.0,0.0,0.0,0.0,0.0
2025/05/19 02:29:11.894694581,False,False,False,False,False,False,False,False,False,False,False,False,False,0.0,0.0,0.0,0.0,137.00000000000003,0.0,0.0,0.0,0.0,0.0,0.0,0.0,0.0,0.0
2025/05/19 02:29:11.985296563,False,False,False,False,False,False,False,False,False,False,False,False,False,0.0,0.0,0.0,0.0,137.00000000000003,0.0,0.0,0.0,0.0,0.0,0.0,0.0,0.0,0.0
2025/05/19 02:29:12.85332932,False,False,False,False,False,False,False,False,False,False,False,False,False,0.0,0.0,0.0,0.0,138.0,0.0,0.0,0.0,0.0,0.0,0.0,0.0,0.0,0.0
2025/05/19 02:29:12.187363769,False,False,False,False,False,False,False,False,False,False,False,False,False,0.0,0.0,0.0,0.0,139.0,0.0,0.0,0.0,0.0,0.0,0.0,0.0,0.0,0.0
2025/05/19 02:29:12.287057389,False,False,False,False,False,False,False,False,False,False,False,False,False,0.0,0.0,0.0,0.0,139.0,0.0,0.0,0.0,0.0,0.0,0.0,0.0,0.0,0.0
2025/05/19 02:29:12.388403615,False,False,False,False,False,False,False,False,False,False,False,False,False,0.0,0.0,0.0,0.0,139.99999999999997,0.0,0.0,0.0,0.0,0.0,0.0,0.0,0.0,0.0
2025/05/19 02:29:12.491351366,False,False,False,False,False,False,False,False,False,False,False,False,False,0.0,0.0,0.0,0.0,139.99999999999997,0.0,0.0,0.0,0.0,0.0,0.0,0.0,0.0,0.0
2025/05/19 02:29:12.589436668,False,False,False,False,False,False,False,False,False,False,False,False,False,0.0,0.0,0.0,0.0,141.0,0.0,0.0,0.0,0.0,0.0,0.0,0.0,0.0,0.0
2025/05/19 02:29:12.694084882,False,False,False,False,False,False,False,False,False,False,False,False,False,0.0,0.0,0.0,0.0,95.00000000000001,0.0,0.0,0.0,0.0,0.0,0.0,0.0,0.0,0.0
2025/05/19 02:29:12.791419452,False,False,False,False,False,False,False,False,False,False,False,False,False,0.0,0.0,0.0,0.0,96.0,0.0,0.0,0.0,0.0,0.0,0.0,0.0,0.0,0.0
2025/05/19 02:29:12.894627076,False,False,False,False,False,False,False,False,False,False,False,False,False,0.0,0.0,0.0,0.0,96.0,0.0,0.0,0.0,0.0,0.0,0.0,0.0,0.0,0.0
2025/05/19 02:29:12.984074798,False,False,False,False,False,False,False,False,False,False,False,False,False,0.0,0.0,0.0,0.0,96.0,0.0,0.0,0.0,0.0,0.0,0.0,0.0,0.0,0.0
2025/05/19 02:29:13.83773002,False,False,False,False,False,False,False,False,False,False,False,False,False,0.0,0.0,0.0,0.0,96.99999999999999,0.0,0.0,0.0,0.0,0.0,0.0,0.0,0.0,0.0
2025/05/19 02:29:13.184808471,False,False,False,False,False,False,False,False,False,False,False,False,False,0.0,0.0,0.0,0.0,96.99999999999999,0.0,0.0,0.0,0.0,0.0,0.0,0.0,0.0,0.0
2025/05/19 02:29:13.286369208,False,False,False,False,False,False,False,False,False,False,False,False,False,0.0,0.0,0.0,0.0,98.0,0.0,0.0,0.0,0.0,0.0,0.0,0.0,0.0,0.0
2025/05/19 02:29:13.389227524,False,False,False,False,False,False,False,False,False,False,False,False,False,0.0,0.0,0.0,0.0,98.0,0.0,0.0,0.0,0.0,0.0,0.0,0.0,0.0,0.0
2025/05/19 02:29:13.493920402,False,False,False,False,False,False,False,False,False,False,False,False,False,0.0,0.0,0.0,0.0,99.0,0.0,0.0,0.0,0.0,0.0,0.0,0.0,0.0,0.0
2025/05/19 02:29:13.584714403,False,False,False,False,False,False,False,False,False,False,False,False,False,0.0,0.0,0.0,0.0,100.0,0.0,0.0,0.0,0.0,0.0,0.0,0.0,0.0,0.0
2025/05/19 02:29:13.688730660,False,False,False,False,False,False,False,False,False,False,False,False,False,0.0,0.0,0.0,0.0,38.0,0.0,0.0,0.0,0.0,0.0,0.0,0.0,0.0,0.0
2025/05/19 02:29:13.788197694,False,False,False,False,False,False,False,False,False,False,False,False,False,0.0,0.0,0.0,0.0,7.0,0.0,0.0,0.0,0.0,0.0,0.0,0.0,0.0,0.0
2025/05/19 02:29:13.893476803,False,False,False,False,False,False,False,False,False,False,False,False,False,0.0,0.0,0.0,0.0,63.0,0.0,0.0,0.0,0.0,0.0,0.0,0.0,0.0,0.0
2025/05/19 02:29:13.983217000,False,False,False,False,False,False,False,False,False,False,False,False,False,0.0,0.0,0.0,0.0,63.0,0.0,0.0,0.0,0.0,0.0,0.0,0.0,0.0,0.0
2025/05/19 02:29:14.87140072,False,False,False,False,False,False,False,False,False,False,False,False,False,0.0,0.0,0.0,0.0,63.0,0.0,0.0,0.0,0.0,0.0,0.0,0.0,0.0,0.0
2025/05/19 02:29:14.189366715,False,False,False,False,False,False,False,False,False,False,False,False,False,0.0,0.0,0.0,0.0,64.0,0.0,0.0,0.0,0.0,0.0,0.0,0.0,0.0,0.0
2025/05/19 02:29:14.284448253,False,False,False,False,False,False,False,False,False,False,False,False,False,0.0,0.0,0.0,0.0,64.0,0.0,0.0,0.0,0.0,0.0,0.0,0.0,0.0,0.0
2025/05/19 02:29:14.385989634,False,False,False,False,False,False,False,False,False,False,False,False,False,0.0,0.0,0.0,0.0,65.0,0.0,0.0,0.0,0.0,0.0,0.0,0.0,0.0,0.0
2025/05/19 02:29:14.489572344,False,False,False,False,False,False,False,False,False,False,False,False,False,0.0,0.0,0.0,0.0,65.0,0.0,0.0,0.0,0.0,0.0,0.0,0.0,0.0,0.0
2025/05/19 02:29:14.591256615,False,False,False,False,False,False,False,False,False,False,False,False,False,0.0,0.0,0.0,0.0,66.0,0.0,0.0,0.0,0.0,0.0,0.0,0.0,0.0,0.0
2025/05/19 02:29:14.695454568,False,False,False,False,False,False,False,False,False,False,False,False,False,0.0,0.0,0.0,0.0,48.0,0.0,0.0,0.0,0.0,0.0,0.0,0.0,0.0,0.0
2025/05/19 02:29:14.782794707,False,False,False,False,False,False,False,False,False,False,False,False,False,0.0,0.0,0.0,0.0,48.0,0.0,0.0,0.0,0.0,0.0,0.0,0.0,0.0,0.0
2025/05/19 02:29:14.885084515,False,False,False,False,False,False,False,False,False,False,False,False,False,0.0,0.0,0.0,0.0,48.0,0.0,0.0,0.0,0.0,0.0,0.0,0.0,0.0,0.0
2025/05/19 02:29:14.986330799,False,False,False,False,False,False,False,False,False,False,False,False,False,0.0,0.0,0.0,0.0,49.0,0.0,0.0,0.0,0.0,0.0,0.0,0.0,0.0,0.0
2025/05/19 02:29:15.89805917,False,False,False,False,False,False,False,False,False,False,False,False,False,0.0,0.0,0.0,0.0,49.0,0.0,0.0,0.0,0.0,0.0,0.0,0.0,0.0,0.0
2025/05/19 02:29:15.189161819,False,False,False,False,False,False,False,False,False,False,False,False,False,0.0,0.0,0.0,0.0,50.0,0.0,0.0,0.0,0.0,0.0,0.0,0.0,0.0,0.0
2025/05/19 02:29:15.283792995,False,False,False,False,False,False,False,False,False,False,False,False,False,0.0,0.0,0.0,0.0,51.0,0.0,0.0,0.0,0.0,0.0,0.0,0.0,0.0,0.0
2025/05/19 02:29:15.384144700,False,False,False,False,False,False,False,False,False,False,False,False,False,0.0,0.0,0.0,0.0,51.0,0.0,0.0,0.0,0.0,0.0,0.0,0.0,0.0,0.0
2025/05/19 02:29:15.486588557,False,False,False,False,False,False,False,False,False,False,False,False,False,0.0,0.0,0.0,0.0,51.0,0.0,0.0,0.0,0.0,0.0,0.0,0.0,0.0,0.0
2025/05/19 02:29:15.590661396,False,False,False,False,False,False,False,False,False,False,False,False,False,0.0,0.0,0.0,0.0,51.0,0.0,0.0,0.0,0.0,0.0,0.0,0.0,0.0,0.0
2025/05/19 02:29:15.683617186,False,False,False,False,False,False,False,False,False,False,False,False,False,0.0,0.0,0.0,0.0,27.0,0.0,0.0,0.0,0.0,0.0,0.0,0.0,0.0,0.0
2025/05/19 02:29:15.783980694,False,False,False,False,False,False,False,False,False,False,False,False,False,0.0,0.0,0.0,0.0,27.0,0.0,0.0,0.0,0.0,0.0,0.0,0.0,0.0,0.0
2025/05/19 02:29:15.884546532,False,False,False,False,False,False,False,False,False,False,False,False,False,0.0,0.0,0.0,0.0,28.0,0.0,0.0,0.0,0.0,0.0,0.0,0.0,0.0,0.0
2025/05/19 02:29:15.984662590,False,False,False,False,False,False,False,False,False,False,False,False,False,0.0,0.0,0.0,0.0,28.0,0.0,0.0,0.0,0.0,0.0,0.0,0.0,0.0,0.0
2025/05/19 02:29:16.90713719,False,False,False,False,False,False,False,False,False,False,False,False,False,0.0,0.0,0.0,0.0,28.0,0.0,0.0,0.0,0.0,0.0,0.0,0.0,0.0,0.0
2025/05/19 02:29:16.188986113,False,False,False,False,False,False,False,False,False,False,False,False,False,0.0,0.0,0.0,0.0,29.000000000000004,0.0,0.0,0.0,0.0,0.0,0.0,0.0,0.0,0.0
2025/05/19 02:29:16.291402098,False,False,False,False,False,False,False,False,False,False,False,False,False,0.0,0.0,0.0,0.0,29.000000000000004,0.0,0.0,0.0,0.0,0.0,0.0,0.0,0.0,0.0
2025/05/19 02:29:16.393919811,False,False,False,False,False,False,False,False,False,False,False,False,False,0.0,0.0,0.0,0.0,29.000000000000004,0.0,0.0,0.0,0.0,0.0,0.0,0.0,0.0,0.0
2025/05/19 02:29:16.482838958,False,False,False,False,False,False,False,False,False,False,False,False,False,0.0,0.0,0.0,0.0,29.999999999999996,0.0,0.0,0.0,0.0,0.0,0.0,0.0,0.0,0.0
2025/05/19 02:29:16.582934796,False,False,False,False,False,False,False,False,False,False,False,False,False,0.0,0.0,0.0,0.0,29.999999999999996,0.0,0.0,0.0,0.0,0.0,0.0,0.0,0.0,0.0
2025/05/19 02:29:16.684556805,False,False,False,False,False,False,False,False,False,False,False,False,False,0.0,0.0,0.0,0.0,4.0,0.0,0.0,0.0,0.0,0.0,0.0,0.0,0.0,0.0
2025/05/19 02:29:16.785697521,False,False,False,False,False,False,False,False,False,False,False,False,False,0.0,0.0,0.0,0.0,4.0,0.0,0.0,0.0,0.0,0.0,0.0,0.0,0.0,0.0
2025/05/19 02:29:16.888259579,False,False,False,False,False,False,False,False,False,False,False,False,False,0.0,0.0,0.0,0.0,4.0,0.0,0.0,0.0,0.0,0.0,0.0,0.0,0.0,0.0
2025/05/19 02:29:16.987372419,False,False,False,False,False,False,False,False,False,False,False,False,False,0.0,0.0,0.0,0.0,4.0,0.0,0.0,0.0,0.0,0.0,0.0,0.0,0.0,0.0
2025/05/19 02:29:17.87799385,False,False,False,False,False,False,False,False,False,False,False,False,False,0.0,0.0,0.0,0.0,4.0,0.0,0.0,0.0,0.0,0.0,0.0,0.0,0.0,0.0
2025/05/19 02:29:17.190772030,False,False,False,False,False,False,False,False,False,False,False,False,False,0.0,0.0,0.0,0.0,4.0,0.0,0.0,0.0,0.0,0.0,0.0,0.0,0.0,0.0
2025/05/19 02:29:17.292347449,False,False,False,False,False,False,False,False,False,False,False,False,False,0.0,0.0,0.0,0.0,4.0,0.0,0.0,0.0,0.0,0.0,0.0,0.0,0.0,0.0
2025/05/19 02:29:17.393523434,False,False,False,False,False,False,False,False,False,False,False,False,False,0.0,0.0,0.0,0.0,4.0,0.0,0.0,0.0,0.0,0.0,0.0,0.0,0.0,0.0
2025/05/19 02:29:17.492985496,False,False,False,False,False,False,False,False,False,False,False,False,False,0.0,0.0,0.0,0.0,4.0,0.0,0.0,0.0,0.0,0.0,0.0,0.0,0.0,0.0
2025/05/19 02:29:17.583344706,False,False,False,False,False,False,False,False,False,False,False,False,False,0.0,0.0,0.0,0.0,4.0,0.0,0.0,0.0,0.0,0.0,0.0,0.0,0.0,0.0
2025/05/19 02:29:17.684478742,False,False,False,False,False,False,False,False,False,False,False,False,False,0.0,0.0,0.0,0.0,4.0,0.0,0.0,0.0,0.0,0.0,0.0,0.0,0.0,0.0
2025/05/19 02:29:17.787143751,False,False,False,False,False,False,False,False,False,False,False,False,False,0.0,0.0,0.0,0.0,4.0,0.0,0.0,0.0,0.0,0.0,0.0,0.0,0.0,0.0
2025/05/19 02:29:17.892453920,False,False,False,False,False,False,False,False,False,False,False,False,False,0.0,0.0,0.0,0.0,4.0,0.0,0.0,0.0,0.0,0.0,0.0,0.0,0.0,0.0
2025/05/19 02:29:17.994006783,False,False,False,False,False,False,False,False,False,False,False,False,False,0.0,0.0,0.0,0.0,4.0,0.0,0.0,0.0,0.0,0.0,0.0,0.0,0.0,0.0
2025/05/19 02:29:18.83442851,False,False,False,False,False,False,False,False,False,False,False,False,False,0.0,0.0,0.0,0.0,4.0,0.0,0.0,0.0,0.0,0.0,0.0,0.0,0.0,0.0
2025/05/19 02:29:18.183986495,False,False,False,False,False,False,False,False,False,False,False,False,False,0.0,0.0,0.0,0.0,4.0,0.0,0.0,0.0,0.0,0.0,0.0,0.0,0.0,0.0
2025/05/19 02:29:18.285880346,False,False,False,False,False,False,False,False,False,False,False,False,False,0.0,0.0,0.0,0.0,4.0,0.0,0.0,0.0,0.0,0.0,0.0,0.0,0.0,0.0
2025/05/19 02:29:18.389901659,False,False,False,False,False,False,False,False,False,False,False,False,False,0.0,0.0,0.0,0.0,4.0,0.0,0.0,0.0,0.0,0.0,0.0,0.0,0.0,0.0
2025/05/19 02:29:18.489151338,False,False,False,False,False,False,False,False,False,False,False,False,False,0.0,0.0,0.0,0.0,4.0,0.0,0.0,0.0,0.0,0.0,0.0,0.0,0.0,0.0
2025/05/19 02:29:18.593199135,False,False,False,False,False,False,False,False,False,False,False,False,False,0.0,0.0,0.0,0.0,4.0,0.0,0.0,0.0,0.0,0.0,0.0,0.0,0.0,0.0
2025/05/19 02:29:18.683740584,False,False,False,False,False,False,False,False,False,False,False,False,False,0.0,0.0,0.0,0.0,4.0,0.0,0.0,0.0,0.0,0.0,0.0,0.0,0.0,0.0
2025/05/19 02:29:18.783544266,False,False,False,False,False,False,False,False,False,False,False,False,False,0.0,0.0,0.0,0.0,4.0,0.0,0.0,0.0,0.0,0.0,0.0,0.0,0.0,0.0
2025/05/19 02:29:18.884086922,False,False,False,False,False,False,False,False,False,False,False,False,False,0.0,0.0,0.0,0.0,4.0,0.0,0.0,0.0,0.0,0.0,0.0,0.0,0.0,0.0
2025/05/19 02:29:18.985638552,False,False,False,False,False,False,False,False,False,False,False,False,False,0.0,0.0,0.0,0.0,4.0,0.0,0.0,0.0,0.0,0.0,0.0,0.0,0.0,0.0
2025/05/19 02:29:19.89040472,False,False,False,False,False,False,False,False,False,False,False,False,False,0.0,0.0,0.0,0.0,4.0,0.0,0.0,0.0,0.0,0.0,0.0,0.0,0.0,0.0
2025/05/19 02:29:19.192387911,False,False,False,False,False,False,False,False,False,False,False,False,False,0.0,0.0,0.0,0.0,4.0,0.0,0.0,0.0,0.0,0.0,0.0,0.0,0.0,0.0
2025/05/19 02:29:19.289982322,False,False,False,False,False,False,False,False,False,False,False,False,False,0.0,0.0,0.0,0.0,4.0,0.0,0.0,0.0,0.0,0.0,0.0,0.0,0.0,0.0
2025/05/19 02:29:19.392943033,False,False,False,False,False,False,False,False,False,False,False,False,False,0.0,0.0,0.0,0.0,4.0,0.0,0.0,0.0,0.0,0.0,0.0,0.0,0.0,0.0
2025/05/19 02:29:19.484397045,False,False,False,False,False,False,False,False,False,False,False,False,False,0.0,0.0,0.0,0.0,4.0,0.0,0.0,0.0,0.0,0.0,0.0,0.0,0.0,0.0
2025/05/19 02:29:19.591700941,False,False,False,False,False,False,False,False,False,False,False,False,False,0.0,0.0,0.0,0.0,4.0,0.0,0.0,0.0,0.0,0.0,0.0,0.0,0.0,0.0
2025/05/19 02:29:19.689891129,False,False,False,False,False,False,False,False,False,False,False,False,False,0.0,0.0,0.0,0.0,4.0,0.0,0.0,0.0,0.0,0.0,0.0,0.0,0.0,0.0
2025/05/19 02:29:19.796562409,False,False,False,False,False,False,False,False,False,False,False,False,False,0.0,0.0,0.0,0.0,4.0,0.0,0.0,0.0,0.0,0.0,0.0,0.0,0.0,0.0
2025/05/19 02:29:19.892756762,False,False,False,False,False,False,False,False,False,False,False,False,False,0.0,0.0,0.0,0.0,4.0,0.0,0.0,0.0,0.0,0.0,0.0,0.0,0.0,0.0
2025/05/19 02:29:20.114616,False,False,False,False,False,False,False,False,False,False,False,False,False,0.0,0.0,0.0,0.0,4.0,0.0,0.0,0.0,0.0,0.0,0.0,0.0,0.0,0.0
2025/05/19 02:29:20.85792218,False,False,False,False,False,False,False,False,False,False,False,False,False,0.0,0.0,0.0,0.0,4.0,0.0,0.0,0.0,0.0,0.0,0.0,0.0,0.0,0.0
2025/05/19 02:29:20.186875941,False,False,False,False,False,False,False,False,False,False,False,False,False,0.0,0.0,0.0,0.0,4.0,0.0,0.0,0.0,0.0,0.0,0.0,0.0,0.0,0.0
2025/05/19 02:29:20.286209520,False,False,False,False,False,False,False,False,False,False,False,False,False,0.0,0.0,0.0,0.0,4.0,0.0,0.0,0.0,0.0,0.0,0.0,0.0,0.0,0.0
2025/05/19 02:29:20.400849457,False,False,False,False,False,False,False,False,False,False,False,False,False,0.0,0.0,0.0,0.0,4.0,0.0,0.0,0.0,0.0,0.0,0.0,0.0,0.0,0.0
2025/05/19 02:29:20.488890655,False,False,False,False,False,False,False,False,False,False,False,False,False,0.0,0.0,0.0,0.0,4.0,0.0,0.0,0.0,0.0,0.0,0.0,0.0,0.0,0.0
2025/05/19 02:29:20.588617337,False,False,False,False,False,False,False,False,False,False,False,False,False,0.0,0.0,0.0,0.0,4.0,0.0,0.0,0.0,0.0,0.0,0.0,0.0,0.0,0.0
2025/05/19 02:29:20.692385973,False,False,False,False,False,False,False,False,False,False,False,False,False,0.0,0.0,0.0,0.0,4.0,0.0,0.0,0.0,0.0,0.0,0.0,0.0,0.0,0.0
2025/05/19 02:29:20.792335180,False,False,False,False,False,False,False,False,False,False,False,False,False,0.0,0.0,0.0,0.0,4.0,0.0,0.0,0.0,0.0,0.0,0.0,0.0,0.0,0.0
2025/05/19 02:29:20.885909123,False,False,False,False,False,False,False,False,False,False,False,False,False,0.0,0.0,0.0,0.0,4.0,0.0,0.0,0.0,0.0,0.0,0.0,0.0,0.0,0.0
2025/05/19 02:29:20.985099290,False,False,False,False,False,False,False,False,False,False,False,False,False,0.0,0.0,0.0,0.0,4.0,0.0,0.0,0.0,0.0,0.0,0.0,0.0,0.0,0.0
2025/05/19 02:29:21.87574285,False,False,False,False,False,False,False,False,False,False,False,False,False,0.0,0.0,0.0,0.0,4.0,0.0,0.0,0.0,0.0,0.0,0.0,0.0,0.0,0.0
2025/05/19 02:29:21.188309597,False,False,False,False,False,False,False,False,False,False,False,False,False,0.0,0.0,0.0,0.0,4.0,0.0,0.0,0.0,0.0,0.0,0.0,0.0,0.0,0.0
2025/05/19 02:29:21.289477000,False,False,False,False,False,False,False,False,False,False,False,False,False,0.0,0.0,0.0,0.0,4.0,0.0,0.0,0.0,0.0,0.0,0.0,0.0,0.0,0.0
2025/05/19 02:29:21.389353451,False,False,False,False,False,False,False,False,False,False,False,False,False,0.0,0.0,0.0,0.0,4.0,0.0,0.0,0.0,0.0,0.0,0.0,0.0,0.0,0.0
2025/05/19 02:29:21.492512783,False,False,False,False,False,False,False,False,False,False,False,False,False,0.0,0.0,0.0,0.0,4.0,0.0,0.0,0.0,0.0,0.0,0.0,0.0,0.0,0.0
2025/05/19 02:29:21.591859620,False,False,False,False,False,False,False,False,False,False,False,False,False,0.0,0.0,0.0,0.0,4.0,0.0,0.0,0.0,0.0,0.0,0.0,0.0,0.0,0.0
2025/05/19 02:29:21.697700592,False,False,False,False,False,False,False,False,False,False,False,False,False,0.0,0.0,0.0,0.0,4.0,0.0,0.0,0.0,0.0,0.0,0.0,0.0,0.0,0.0
2025/05/19 02:29:21.790425897,False,False,False,False,False,False,False,False,False,False,False,False,False,0.0,0.0,0.0,0.0,4.0,0.0,0.0,0.0,0.0,0.0,0.0,0.0,0.0,0.0
2025/05/19 02:29:21.895597407,False,False,False,False,False,False,False,False,False,False,False,False,False,0.0,0.0,0.0,0.0,4.0,0.0,0.0,0.0,0.0,0.0,0.0,0.0,0.0,0.0
2025/05/19 02:29:21.994063798,False,False,False,False,False,False,False,False,False,False,False,False,False,0.0,0.0,0.0,0.0,4.0,0.0,0.0,0.0,0.0,0.0,0.0,0.0,0.0,0.0
2025/05/19 02:29:22.87986946,False,False,False,False,False,False,False,False,False,False,False,False,False,0.0,0.0,0.0,0.0,4.0,0.0,0.0,0.0,0.0,0.0,0.0,0.0,0.0,0.0
2025/05/19 02:29:22.187869847,False,False,False,False,False,False,False,False,False,False,False,False,False,0.0,0.0,0.0,0.0,4.0,0.0,0.0,0.0,0.0,0.0,0.0,0.0,0.0,0.0
2025/05/19 02:29:22.291584251,False,False,False,False,False,False,False,False,False,False,False,False,False,0.0,0.0,0.0,0.0,4.0,0.0,0.0,0.0,0.0,0.0,0.0,0.0,0.0,0.0
2025/05/19 02:29:22.390223699,False,False,False,False,False,False,False,False,False,False,False,False,False,0.0,0.0,0.0,0.0,4.0,0.0,0.0,0.0,0.0,0.0,0.0,0.0,0.0,0.0
2025/05/19 02:29:22.484459468,False,False,False,False,False,False,False,False,False,False,False,False,False,0.0,0.0,0.0,0.0,4.0,0.0,0.0,0.0,0.0,0.0,0.0,0.0,0.0,0.0
2025/05/19 02:29:22.583854156,False,False,False,False,False,False,False,False,False,False,False,False,False,0.0,0.0,0.0,0.0,4.0,0.0,0.0,0.0,0.0,0.0,0.0,0.0,0.0,0.0
2025/05/19 02:29:22.685042207,False,False,False,False,False,False,False,False,False,False,False,False,False,0.0,0.0,0.0,0.0,4.0,0.0,0.0,0.0,0.0,0.0,0.0,0.0,0.0,0.0
2025/05/19 02:29:22.785908087,False,False,False,False,False,False,False,False,False,False,False,False,False,0.0,0.0,0.0,0.0,4.0,0.0,0.0,0.0,0.0,0.0,0.0,0.0,0.0,0.0
2025/05/19 02:29:22.889569612,False,False,False,False,False,False,False,False,False,False,False,False,False,0.0,0.0,0.0,0.0,4.0,0.0,0.0,0.0,0.0,0.0,0.0,0.0,0.0,0.0
2025/05/19 02:29:22.989313143,False,False,False,False,False,False,False,False,False,False,False,False,False,0.0,0.0,0.0,0.0,4.0,0.0,0.0,0.0,0.0,0.0,0.0,0.0,0.0,0.0
2025/05/19 02:29:23.94779319,False,False,False,False,False,False,False,False,False,False,False,False,False,0.0,0.0,0.0,0.0,4.0,0.0,0.0,0.0,0.0,0.0,0.0,0.0,0.0,0.0
2025/05/19 02:29:23.183146143,False,False,False,False,False,False,False,False,False,False,False,False,False,0.0,0.0,0.0,0.0,4.0,0.0,0.0,0.0,0.0,0.0,0.0,0.0,0.0,0.0
2025/05/19 02:29:23.287945715,False,False,False,False,False,False,False,False,False,False,False,False,False,0.0,0.0,0.0,0.0,4.0,0.0,0.0,0.0,0.0,0.0,0.0,0.0,0.0,0.0
2025/05/19 02:29:23.388793582,False,False,False,False,False,False,False,False,False,False,False,False,False,0.0,0.0,0.0,0.0,4.0,0.0,0.0,0.0,0.0,0.0,0.0,0.0,0.0,0.0
2025/05/19 02:29:23.497761983,False,False,False,False,False,False,False,False,False,False,False,False,False,0.0,0.0,0.0,0.0,4.0,0.0,0.0,0.0,0.0,0.0,0.0,0.0,0.0,0.0
2025/05/19 02:29:23.592673444,False,False,False,False,False,False,False,False,False,False,False,False,False,0.0,0.0,0.0,0.0,4.0,0.0,0.0,0.0,0.0,0.0,0.0,0.0,0.0,0.0
2025/05/19 02:29:23.684770304,False,False,False,False,False,False,False,False,False,False,False,False,False,0.0,0.0,0.0,0.0,4.0,0.0,0.0,0.0,0.0,0.0,0.0,0.0,0.0,0.0
2025/05/19 02:29:23.783965153,False,False,False,False,False,False,False,False,False,False,False,False,False,0.0,0.0,0.0,0.0,4.0,0.0,0.0,0.0,0.0,0.0,0.0,0.0,0.0,0.0
2025/05/19 02:29:23.887846348,False,False,False,False,False,False,False,False,False,False,False,False,False,0.0,0.0,0.0,0.0,4.0,0.0,0.0,0.0,0.0,0.0,0.0,0.0,0.0,0.0
2025/05/19 02:29:23.989642318,False,False,False,False,False,False,False,False,False,False,False,False,False,0.0,0.0,0.0,0.0,4.0,0.0,0.0,0.0,0.0,0.0,0.0,0.0,0.0,0.0
2025/05/19 02:29:24.95697139,False,False,False,False,False,False,False,False,False,False,False,False,False,0.0,0.0,0.0,0.0,4.0,0.0,0.0,0.0,0.0,0.0,0.0,0.0,0.0,0.0
2025/05/19 02:29:24.184165875,False,False,False,False,False,False,False,False,False,False,False,False,False,0.0,0.0,0.0,0.0,4.0,0.0,0.0,0.0,0.0,0.0,0.0,0.0,0.0,0.0
2025/05/19 02:29:24.290137830,False,False,False,False,False,False,False,False,False,False,False,False,False,0.0,0.0,0.0,0.0,4.0,0.0,0.0,0.0,0.0,0.0,0.0,0.0,0.0,0.0
2025/05/19 02:29:24.394287313,False,False,False,False,False,False,False,False,False,False,False,False,False,0.0,0.0,0.0,0.0,4.0,0.0,0.0,0.0,0.0,0.0,0.0,0.0,0.0,0.0
2025/05/19 02:29:24.495246127,False,False,False,False,False,False,False,False,False,False,False,False,False,0.0,0.0,0.0,0.0,4.0,0.0,0.0,0.0,0.0,0.0,0.0,0.0,0.0,0.0
2025/05/19 02:29:24.582515806,False,False,False,False,False,False,False,False,False,False,False,False,False,0.0,0.0,0.0,0.0,4.0,0.0,0.0,0.0,0.0,0.0,0.0,0.0,0.0,0.0
2025/05/19 02:29:24.683968054,False,False,False,False,False,False,False,False,False,False,False,False,False,0.0,0.0,0.0,0.0,4.0,0.0,0.0,0.0,0.0,0.0,0.0,0.0,0.0,0.0
2025/05/19 02:29:24.785040524,False,False,False,False,False,False,False,False,False,False,False,False,False,0.0,0.0,0.0,0.0,4.0,0.0,0.0,0.0,0.0,0.0,0.0,0.0,0.0,0.0
2025/05/19 02:29:24.887084815,False,False,False,False,False,False,False,False,False,False,False,False,False,0.0,0.0,0.0,0.0,4.0,0.0,0.0,0.0,0.0,0.0,0.0,0.0,0.0,0.0
2025/05/19 02:29:24.990487087,False,False,False,False,False,False,False,False,False,False,False,False,False,0.0,0.0,0.0,0.0,4.0,0.0,0.0,0.0,0.0,0.0,0.0,0.0,0.0,0.0
2025/05/19 02:29:25.91225456,False,False,False,False,False,False,False,False,False,False,False,False,False,0.0,0.0,0.0,0.0,4.0,0.0,0.0,0.0,0.0,0.0,0.0,0.0,0.0,0.0
2025/05/19 02:29:25.194966264,False,False,False,False,False,False,False,False,False,False,False,False,False,0.0,0.0,0.0,0.0,4.0,0.0,0.0,0.0,0.0,0.0,0.0,0.0,0.0,0.0
2025/05/19 02:29:25.284736130,False,False,False,False,False,False,False,False,False,False,False,False,False,0.0,0.0,0.0,0.0,4.0,0.0,0.0,0.0,0.0,0.0,0.0,0.0,0.0,0.0
2025/05/19 02:29:25.384952863,False,False,False,False,False,False,False,False,False,False,False,False,False,0.0,0.0,0.0,0.0,4.0,0.0,0.0,0.0,0.0,0.0,0.0,0.0,0.0,0.0
2025/05/19 02:29:25.490278359,False,False,False,False,False,False,False,False,False,False,False,False,False,0.0,0.0,0.0,0.0,4.0,0.0,0.0,0.0,0.0,0.0,0.0,0.0,0.0,0.0
2025/05/19 02:29:25.592698972,False,False,False,False,False,False,False,False,False,False,False,False,False,0.0,0.0,0.0,0.0,4.0,0.0,0.0,0.0,0.0,0.0,0.0,0.0,0.0,0.0
2025/05/19 02:29:25.693095054,False,False,False,False,False,False,False,False,False,False,False,False,False,0.0,0.0,0.0,0.0,4.0,0.0,0.0,0.0,0.0,0.0,0.0,0.0,0.0,0.0
2025/05/19 02:29:25.787948637,False,False,False,False,False,False,False,False,False,False,False,False,False,0.0,0.0,0.0,0.0,4.0,0.0,0.0,0.0,0.0,0.0,0.0,0.0,0.0,0.0
2025/05/19 02:29:25.893284266,False,False,False,False,False,False,False,False,False,False,False,False,False,0.0,0.0,0.0,0.0,4.0,0.0,0.0,0.0,0.0,0.0,0.0,0.0,0.0,0.0
2025/05/19 02:29:25.982467346,False,False,False,False,False,False,False,False,False,False,False,False,False,0.0,0.0,0.0,0.0,4.0,0.0,0.0,0.0,0.0,0.0,0.0,0.0,0.0,0.0
2025/05/19 02:29:26.85846648,False,False,False,False,False,False,False,False,False,False,False,False,False,0.0,0.0,0.0,0.0,4.0,0.0,0.0,0.0,0.0,0.0,0.0,0.0,0.0,0.0
2025/05/19 02:29:26.185131153,False,False,False,False,False,False,False,False,False,False,False,False,False,0.0,0.0,0.0,0.0,4.0,0.0,0.0,0.0,0.0,0.0,0.0,0.0,0.0,0.0
2025/05/19 02:29:26.289877234,False,False,False,False,False,False,False,False,False,False,False,False,False,0.0,0.0,0.0,0.0,4.0,0.0,0.0,0.0,0.0,0.0,0.0,0.0,0.0,0.0
2025/05/19 02:29:26.389424474,False,False,False,False,False,False,False,False,False,False,False,False,False,0.0,0.0,0.0,0.0,4.0,0.0,0.0,0.0,0.0,0.0,0.0,0.0,0.0,0.0
2025/05/19 02:29:26.489406023,False,False,False,False,False,False,False,False,False,False,False,False,False,0.0,0.0,0.0,0.0,4.0,0.0,0.0,0.0,0.0,0.0,0.0,0.0,0.0,0.0
2025/05/19 02:29:26.591023355,False,False,False,False,False,False,False,False,False,False,False,False,False,0.0,0.0,0.0,0.0,4.0,0.0,0.0,0.0,0.0,0.0,0.0,0.0,0.0,0.0
2025/05/19 02:29:26.693280781,False,False,False,False,False,False,False,False,False,False,False,False,False,0.0,0.0,0.0,0.0,4.0,0.0,0.0,0.0,0.0,0.0,0.0,0.0,0.0,0.0
2025/05/19 02:29:26.783996872,False,False,False,False,False,False,False,False,False,False,False,False,False,0.0,0.0,0.0,0.0,4.0,0.0,0.0,0.0,0.0,0.0,0.0,0.0,0.0,0.0
2025/05/19 02:29:26.885446921,False,False,False,False,False,False,False,False,False,False,False,False,False,0.0,0.0,0.0,0.0,4.0,0.0,0.0,0.0,0.0,0.0,0.0,0.0,0.0,0.0
2025/05/19 02:29:26.986654321,False,False,False,False,False,False,False,False,False,False,False,False,False,0.0,0.0,0.0,0.0,4.0,0.0,0.0,0.0,0.0,0.0,0.0,0.0,0.0,0.0
2025/05/19 02:29:27.86344894,False,False,False,False,False,False,False,False,False,False,False,False,False,0.0,0.0,0.0,0.0,4.0,0.0,0.0,0.0,0.0,0.0,0.0,0.0,0.0,0.0
2025/05/19 02:29:27.189194528,False,False,False,False,False,False,False,False,False,False,False,False,False,0.0,0.0,0.0,0.0,10.0,0.0,0.0,0.0,0.0,0.0,0.0,0.0,0.0,0.0
2025/05/19 02:29:27.290153040,False,False,False,False,False,False,False,False,False,False,False,False,False,0.0,0.0,0.0,0.0,10.0,0.0,0.0,0.0,0.0,0.0,0.0,0.0,0.0,0.0
2025/05/19 02:29:27.390780820,False,False,False,False,False,False,False,False,False,False,False,False,False,0.0,0.0,0.0,0.0,10.0,0.0,0.0,0.0,0.0,0.0,0.0,0.0,0.0,0.0
2025/05/19 02:29:27.483672686,False,False,False,False,False,False,False,False,False,False,False,False,False,0.0,0.0,0.0,0.0,10.0,0.0,0.0,0.0,0.0,0.0,0.0,0.0,0.0,0.0
2025/05/19 02:29:27.585488338,False,False,False,False,False,False,False,False,False,False,False,False,False,0.0,0.0,0.0,0.0,10.0,0.0,0.0,0.0,0.0,0.0,0.0,0.0,0.0,0.0
2025/05/19 02:29:27.687326185,False,False,False,False,False,False,False,False,False,False,False,False,False,0.0,0.0,0.0,0.0,10.0,0.0,0.0,0.0,0.0,0.0,0.0,0.0,0.0,0.0
2025/05/19 02:29:27.787752789,False,False,False,False,False,False,False,False,False,False,False,False,False,0.0,0.0,0.0,0.0,10.0,0.0,0.0,0.0,0.0,0.0,0.0,0.0,0.0,0.0
2025/05/19 02:29:27.890665597,False,False,False,False,False,False,False,False,False,False,False,False,False,0.0,0.0,0.0,0.0,10.0,0.0,0.0,0.0,0.0,0.0,0.0,0.0,0.0,0.0
2025/05/19 02:29:27.991090503,False,False,False,False,False,False,False,False,False,False,False,False,False,0.0,0.0,0.0,0.0,4.0,0.0,0.0,0.0,0.0,0.0,0.0,0.0,0.0,0.0
2025/05/19 02:29:28.93894644,False,False,False,False,False,False,False,False,False,False,False,False,False,0.0,0.0,0.0,0.0,4.0,0.0,0.0,0.0,0.0,0.0,0.0,0.0,0.0,0.0
2025/05/19 02:29:28.195033853,False,False,False,False,False,False,False,False,False,False,False,False,False,0.0,0.0,0.0,0.0,17.0,0.0,0.0,0.0,0.0,0.0,0.0,0.0,0.0,0.0
2025/05/19 02:29:28.283268622,False,False,False,False,False,False,False,False,False,False,False,False,False,0.0,0.0,0.0,0.0,17.0,0.0,0.0,0.0,0.0,0.0,0.0,0.0,0.0,0.0
2025/05/19 02:29:28.384766566,False,False,False,False,False,False,False,False,False,False,False,False,False,0.0,0.0,0.0,0.0,17.0,0.0,0.0,0.0,0.0,0.0,0.0,0.0,0.0,0.0
2025/05/19 02:29:28.487749881,False,False,False,False,False,False,False,False,False,False,False,False,False,0.0,0.0,0.0,0.0,17.0,0.0,0.0,0.0,0.0,0.0,0.0,0.0,0.0,0.0
2025/05/19 02:29:28.593814346,False,False,False,False,False,False,False,False,False,False,False,False,False,0.0,0.0,0.0,0.0,17.0,0.0,0.0,0.0,0.0,0.0,0.0,0.0,0.0,0.0
2025/05/19 02:29:28.684092721,False,False,False,False,False,False,False,False,False,False,False,False,False,0.0,0.0,0.0,0.0,17.0,0.0,0.0,0.0,0.0,0.0,0.0,0.0,0.0,0.0
2025/05/19 02:29:28.786182385,False,False,False,False,False,False,False,False,False,False,False,False,False,0.0,0.0,0.0,0.0,17.0,0.0,0.0,0.0,0.0,0.0,0.0,0.0,0.0,0.0
2025/05/19 02:29:28.886793045,False,False,False,False,False,False,False,False,False,False,False,False,False,0.0,0.0,0.0,0.0,17.0,0.0,0.0,0.0,0.0,0.0,0.0,0.0,0.0,0.0
2025/05/19 02:29:28.989173407,False,False,False,False,False,False,False,False,False,False,False,False,False,0.0,0.0,0.0,0.0,17.0,0.0,0.0,0.0,0.0,0.0,0.0,0.0,0.0,0.0
2025/05/19 02:29:29.91144062,False,False,False,False,False,False,False,False,False,False,False,False,False,0.0,0.0,0.0,0.0,25.0,0.0,0.0,0.0,0.0,0.0,0.0,0.0,0.0,0.0
2025/05/19 02:29:29.192998362,False,False,False,False,False,False,False,False,False,False,False,False,False,0.0,0.0,0.0,0.0,42.0,0.0,0.0,0.0,0.0,0.0,0.0,0.0,0.0,0.0
2025/05/19 02:29:29.293867270,False,False,False,False,False,False,False,False,False,False,False,False,False,0.0,0.0,0.0,0.0,42.0,0.0,0.0,0.0,0.0,0.0,0.0,0.0,0.0,0.0
2025/05/19 02:29:29.387075840,False,False,False,False,False,False,False,False,False,False,False,False,False,0.0,0.0,0.0,0.0,42.0,0.0,0.0,0.0,0.0,0.0,0.0,0.0,0.0,0.0
2025/05/19 02:29:29.484792239,False,False,False,False,False,False,False,False,False,False,False,False,False,0.0,0.0,0.0,0.0,42.0,0.0,0.0,0.0,0.0,0.0,0.0,0.0,0.0,0.0
2025/05/19 02:29:29.586542598,False,False,False,False,False,False,False,False,False,False,False,False,False,0.0,0.0,0.0,0.0,42.0,0.0,0.0,0.0,0.0,0.0,0.0,0.0,0.0,0.0
2025/05/19 02:29:29.689042546,False,False,False,False,False,False,False,False,False,False,False,False,False,0.0,0.0,0.0,0.0,42.0,0.0,0.0,0.0,0.0,0.0,0.0,0.0,0.0,0.0
2025/05/19 02:29:29.791968290,False,False,False,False,False,False,False,False,False,False,False,False,False,0.0,0.0,0.0,0.0,42.0,0.0,0.0,0.0,0.0,0.0,0.0,0.0,0.0,0.0
2025/05/19 02:29:29.887659683,False,False,False,False,False,False,False,False,False,False,False,False,False,0.0,0.0,0.0,0.0,42.0,0.0,0.0,0.0,0.0,0.0,0.0,0.0,0.0,0.0
2025/05/19 02:29:29.986193939,False,False,False,False,False,False,False,False,False,False,False,False,False,0.0,0.0,0.0,0.0,42.0,0.0,0.0,0.0,0.0,0.0,0.0,0.0,0.0,0.0
2025/05/19 02:29:30.87416308,False,False,False,False,False,False,False,False,False,False,False,False,False,0.0,0.0,0.0,0.0,51.0,0.0,0.0,0.0,0.0,0.0,0.0,0.0,0.0,0.0
2025/05/19 02:29:30.188882999,False,False,False,False,False,False,False,False,False,False,False,False,False,0.0,0.0,0.0,0.0,74.0,0.0,0.0,0.0,0.0,0.0,0.0,0.0,0.0,0.0
2025/05/19 02:29:30.291257994,False,False,False,False,False,False,False,False,False,False,False,False,False,0.0,0.0,0.0,0.0,74.0,0.0,0.0,0.0,0.0,0.0,0.0,0.0,0.0,0.0
2025/05/19 02:29:30.393953692,False,False,False,False,False,False,False,False,False,False,False,False,False,0.0,0.0,0.0,0.0,74.0,0.0,0.0,0.0,0.0,0.0,0.0,0.0,0.0,0.0
2025/05/19 02:29:30.483757835,False,False,False,False,False,False,False,False,False,False,False,False,False,0.0,0.0,0.0,0.0,74.0,0.0,0.0,0.0,0.0,0.0,0.0,0.0,0.0,0.0
2025/05/19 02:29:30.584137421,False,False,False,False,False,False,False,False,False,False,False,False,False,0.0,0.0,0.0,0.0,74.0,0.0,0.0,0.0,0.0,0.0,0.0,0.0,0.0,0.0
2025/05/19 02:29:30.686502492,False,False,False,False,False,False,False,False,False,False,False,False,False,0.0,0.0,0.0,0.0,74.0,0.0,0.0,0.0,0.0,0.0,0.0,0.0,0.0,0.0
2025/05/19 02:29:30.787504167,False,False,False,False,False,False,False,False,False,False,False,False,False,0.0,0.0,0.0,0.0,74.0,0.0,0.0,0.0,0.0,0.0,0.0,0.0,0.0,0.0
2025/05/19 02:29:30.890707279,False,False,False,False,False,False,False,False,False,False,False,False,False,0.0,0.0,0.0,0.0,74.0,0.0,0.0,0.0,0.0,0.0,0.0,0.0,0.0,0.0
2025/05/19 02:29:30.985927996,False,False,False,False,False,False,False,False,False,False,False,False,False,0.0,0.0,0.0,0.0,74.0,0.0,0.0,0.0,0.0,0.0,0.0,0.0,0.0,0.0
2025/05/19 02:29:31.84287520,False,False,False,False,False,False,False,False,False,False,False,False,False,0.0,0.0,0.0,0.0,86.0,0.0,0.0,0.0,0.0,0.0,0.0,0.0,0.0,0.0
2025/05/19 02:29:31.185910522,False,False,False,False,False,False,False,False,False,False,False,False,False,0.0,0.0,0.0,0.0,102.0,0.0,0.0,0.0,0.0,0.0,0.0,0.0,0.0,0.0
2025/05/19 02:29:31.285552759,False,False,False,False,False,False,False,False,False,False,False,False,False,0.0,0.0,0.0,0.0,102.0,0.0,0.0,0.0,0.0,0.0,0.0,0.0,0.0,0.0
2025/05/19 02:29:31.388380712,False,False,False,False,False,False,False,False,False,False,False,False,False,0.0,0.0,0.0,0.0,102.0,0.0,0.0,0.0,0.0,0.0,0.0,0.0,0.0,0.0
2025/05/19 02:29:31.489900596,False,False,False,False,False,False,False,False,False,False,False,False,False,0.0,0.0,0.0,0.0,102.0,0.0,0.0,0.0,0.0,0.0,0.0,0.0,0.0,0.0
2025/05/19 02:29:31.592809079,False,False,False,False,False,False,False,False,False,False,False,False,False,0.0,0.0,0.0,0.0,102.0,0.0,0.0,0.0,0.0,0.0,0.0,0.0,0.0,0.0
2025/05/19 02:29:31.683599764,False,False,False,False,False,False,False,False,False,False,False,False,False,0.0,0.0,0.0,0.0,102.0,0.0,0.0,0.0,0.0,0.0,0.0,0.0,0.0,0.0
2025/05/19 02:29:31.783971225,False,False,False,False,False,False,False,False,False,False,False,False,False,0.0,0.0,0.0,0.0,102.0,0.0,0.0,0.0,0.0,0.0,0.0,0.0,0.0,0.0
2025/05/19 02:29:31.885371115,False,False,False,False,False,False,False,False,False,False,False,False,False,0.0,0.0,0.0,0.0,102.0,0.0,0.0,0.0,0.0,0.0,0.0,0.0,0.0,0.0
2025/05/19 02:29:31.986224595,False,False,False,False,False,False,False,False,False,False,False,False,False,0.0,0.0,0.0,0.0,102.0,0.0,0.0,0.0,0.0,0.0,0.0,0.0,0.0,0.0
2025/05/19 02:29:32.87149085,False,False,False,False,False,False,False,False,False,False,False,False,False,0.0,0.0,0.0,0.0,115.0,0.0,0.0,0.0,0.0,0.0,0.0,0.0,0.0,0.0
2025/05/19 02:29:32.191034476,False,False,False,False,False,False,False,False,False,False,False,False,False,0.0,0.0,0.0,0.0,115.0,0.0,0.0,0.0,0.0,0.0,0.0,0.0,0.0,0.0
2025/05/19 02:29:32.290314170,False,False,False,False,False,False,False,False,False,False,False,False,False,0.0,0.0,0.0,0.0,115.0,0.0,0.0,0.0,0.0,0.0,0.0,0.0,0.0,0.0
2025/05/19 02:29:32.394418971,False,False,False,False,False,False,False,False,False,False,False,False,False,0.0,0.0,0.0,0.0,115.0,0.0,0.0,0.0,0.0,0.0,0.0,0.0,0.0,0.0
2025/05/19 02:29:32.492769703,False,False,False,False,False,False,False,False,False,False,False,False,False,0.0,0.0,0.0,0.0,115.0,0.0,0.0,0.0,0.0,0.0,0.0,0.0,0.0,0.0
2025/05/19 02:29:32.590144013,False,False,False,False,False,False,False,False,False,False,False,False,False,0.0,0.0,0.0,0.0,115.0,0.0,0.0,0.0,0.0,0.0,0.0,0.0,0.0,0.0
2025/05/19 02:29:32.690804571,False,False,False,False,False,False,False,False,False,False,False,False,False,0.0,0.0,0.0,0.0,115.0,0.0,0.0,0.0,0.0,0.0,0.0,0.0,0.0,0.0
2025/05/19 02:29:32.794645220,False,False,False,False,False,False,False,False,False,False,False,False,False,0.0,0.0,0.0,0.0,115.0,0.0,0.0,0.0,0.0,0.0,0.0,0.0,0.0,0.0
2025/05/19 02:29:32.893413102,False,False,False,False,False,False,False,False,False,False,False,False,False,0.0,0.0,0.0,0.0,115.0,0.0,0.0,0.0,0.0,0.0,0.0,0.0,0.0,0.0
2025/05/19 02:29:32.986089410,False,False,False,False,False,False,False,False,False,False,False,False,False,0.0,0.0,0.0,0.0,115.0,0.0,0.0,0.0,0.0,0.0,0.0,0.0,0.0,0.0
2025/05/19 02:29:33.84084059,False,False,False,False,False,False,False,False,False,False,False,False,False,0.0,0.0,0.0,0.0,119.99999999999999,0.0,0.0,0.0,0.0,0.0,0.0,0.0,0.0,0.0
2025/05/19 02:29:33.187813029,False,False,False,False,False,False,False,False,False,False,False,False,False,0.0,0.0,0.0,0.0,119.99999999999999,0.0,0.0,0.0,0.0,0.0,0.0,0.0,0.0,0.0
2025/05/19 02:29:33.288190106,False,False,False,False,False,False,False,False,False,False,False,False,False,0.0,0.0,0.0,0.0,119.99999999999999,0.0,0.0,0.0,0.0,0.0,0.0,0.0,0.0,0.0
2025/05/19 02:29:33.390897622,False,False,False,False,False,False,False,False,False,False,False,False,False,0.0,0.0,0.0,0.0,119.99999999999999,0.0,0.0,0.0,0.0,0.0,0.0,0.0,0.0,0.0
2025/05/19 02:29:33.490342795,False,False,False,False,False,False,False,False,False,False,False,False,False,0.0,0.0,0.0,0.0,119.99999999999999,0.0,0.0,0.0,0.0,0.0,0.0,0.0,0.0,0.0
2025/05/19 02:29:33.591437505,False,False,False,False,False,False,False,False,False,False,False,False,False,0.0,0.0,0.0,0.0,119.99999999999999,0.0,0.0,0.0,0.0,0.0,0.0,0.0,0.0,0.0
2025/05/19 02:29:33.691296560,False,False,False,False,False,False,False,False,False,False,False,False,False,0.0,0.0,0.0,0.0,119.99999999999999,0.0,0.0,0.0,0.0,0.0,0.0,0.0,0.0,0.0
2025/05/19 02:29:33.786132190,False,False,False,False,False,False,False,False,False,False,False,False,False,0.0,0.0,0.0,0.0,119.99999999999999,0.0,0.0,0.0,0.0,0.0,0.0,0.0,0.0,0.0
2025/05/19 02:29:33.883635232,False,False,False,False,False,False,False,False,False,False,False,False,False,0.0,0.0,0.0,0.0,119.99999999999999,0.0,0.0,0.0,0.0,0.0,0.0,0.0,0.0,0.0
2025/05/19 02:29:33.985296724,False,False,False,False,False,False,False,False,False,False,False,False,False,0.0,0.0,0.0,0.0,119.99999999999999,0.0,0.0,0.0,0.0,0.0,0.0,0.0,0.0,0.0
2025/05/19 02:29:34.87106955,False,False,False,False,False,False,False,False,False,False,False,False,False,0.0,0.0,0.0,0.0,113.0,0.0,0.0,0.0,0.0,0.0,0.0,0.0,0.0,0.0
2025/05/19 02:29:34.189433293,False,False,False,False,False,False,False,False,False,False,False,False,False,0.0,0.0,0.0,0.0,113.0,0.0,0.0,0.0,0.0,0.0,0.0,0.0,0.0,0.0
2025/05/19 02:29:34.287718614,False,False,False,False,False,False,False,False,False,False,False,False,False,0.0,0.0,0.0,0.0,114.0,0.0,0.0,0.0,0.0,0.0,0.0,0.0,0.0,0.0
2025/05/19 02:29:34.389282853,False,False,False,False,False,False,False,False,False,False,False,False,False,0.0,0.0,0.0,0.0,114.0,0.0,0.0,0.0,0.0,0.0,0.0,0.0,0.0,0.0
2025/05/19 02:29:34.489685864,False,False,False,False,False,False,False,False,False,False,False,False,False,0.0,0.0,0.0,0.0,114.0,0.0,0.0,0.0,0.0,0.0,0.0,0.0,0.0,0.0
2025/05/19 02:29:34.594116082,False,False,False,False,False,False,False,False,False,False,False,False,False,0.0,0.0,0.0,0.0,114.0,0.0,0.0,0.0,0.0,0.0,0.0,0.0,0.0,0.0
2025/05/19 02:29:34.684233948,False,False,False,False,False,False,False,False,False,False,False,False,False,0.0,0.0,0.0,0.0,114.0,0.0,0.0,0.0,0.0,0.0,0.0,0.0,0.0,0.0
2025/05/19 02:29:34.785033935,False,False,False,False,False,False,False,False,False,False,False,False,False,0.0,0.0,0.0,0.0,114.0,0.0,0.0,0.0,0.0,0.0,0.0,0.0,0.0,0.0
2025/05/19 02:29:34.885938440,False,False,False,False,False,False,False,False,False,False,False,False,False,0.0,0.0,0.0,0.0,114.0,0.0,0.0,0.0,0.0,0.0,0.0,0.0,0.0,0.0
2025/05/19 02:29:34.989256478,False,False,False,False,False,False,False,False,False,False,False,False,False,0.0,0.0,0.0,0.0,112.0,0.0,0.0,0.0,0.0,0.0,0.0,0.0,0.0,0.0
2025/05/19 02:29:35.86303868,False,False,False,False,False,False,False,False,False,False,False,False,False,0.0,0.0,0.0,0.0,112.0,0.0,0.0,0.0,0.0,0.0,0.0,0.0,0.0,0.0
2025/05/19 02:29:35.194509107,False,False,False,False,False,False,False,False,False,False,False,False,False,0.0,0.0,0.0,0.0,112.0,0.0,0.0,0.0,0.0,0.0,0.0,0.0,0.0,0.0
2025/05/19 02:29:35.290018427,False,False,False,False,False,False,False,False,False,False,False,False,False,0.0,0.0,0.0,0.0,112.0,0.0,0.0,0.0,0.0,0.0,0.0,0.0,0.0,0.0
2025/05/19 02:29:35.392033166,False,False,False,False,False,False,False,False,False,False,False,False,False,0.0,0.0,0.0,0.0,112.0,0.0,0.0,0.0,0.0,0.0,0.0,0.0,0.0,0.0
2025/05/19 02:29:35.493666954,False,False,False,False,False,False,False,False,False,False,False,False,False,0.0,0.0,0.0,0.0,112.0,0.0,0.0,0.0,0.0,0.0,0.0,0.0,0.0,0.0
2025/05/19 02:29:35.586220813,False,False,False,False,False,False,False,False,False,False,False,False,False,0.0,0.0,0.0,0.0,112.0,0.0,0.0,0.0,0.0,0.0,0.0,0.0,0.0,0.0
2025/05/19 02:29:35.684351661,False,False,False,False,False,False,False,False,False,False,False,False,False,0.0,0.0,0.0,0.0,112.0,0.0,0.0,0.0,0.0,0.0,0.0,0.0,0.0,0.0
2025/05/19 02:29:35.790223690,False,False,False,False,False,False,False,False,False,False,False,False,False,0.0,0.0,0.0,0.0,112.0,0.0,0.0,0.0,0.0,0.0,0.0,0.0,0.0,0.0
2025/05/19 02:29:35.890297454,False,False,False,False,False,False,False,False,False,False,False,False,False,0.0,0.0,0.0,0.0,113.0,0.0,0.0,0.0,0.0,0.0,0.0,0.0,0.0,0.0
2025/05/19 02:29:35.991624410,False,False,False,False,False,False,False,False,False,False,False,False,False,0.0,0.0,0.0,0.0,113.0,0.0,0.0,0.0,0.0,0.0,0.0,0.0,0.0,0.0
2025/05/19 02:29:36.84852332,False,False,False,False,False,False,False,False,False,False,False,False,False,0.0,0.0,0.0,0.0,34.99999999999999,0.0,0.0,0.0,0.0,0.0,0.0,0.0,0.0,0.0
2025/05/19 02:29:36.186573753,False,False,False,False,False,False,False,False,False,False,False,False,False,0.0,0.0,0.0,0.0,77.0,0.0,0.0,0.0,0.0,0.0,0.0,0.0,0.0,0.0
2025/05/19 02:29:36.285966446,False,False,False,False,False,False,False,False,False,False,False,False,False,0.0,0.0,0.0,0.0,113.0,0.0,0.0,0.0,0.0,0.0,0.0,0.0,0.0,0.0
2025/05/19 02:29:36.389457723,False,False,False,False,False,False,False,False,False,False,False,False,False,0.0,0.0,0.0,0.0,113.0,0.0,0.0,0.0,0.0,0.0,0.0,0.0,0.0,0.0
2025/05/19 02:29:36.488619677,False,False,False,False,False,False,False,False,False,False,False,False,False,0.0,0.0,0.0,0.0,113.0,0.0,0.0,0.0,0.0,0.0,0.0,0.0,0.0,0.0
2025/05/19 02:29:36.592080826,False,False,False,False,False,False,False,False,False,False,False,False,False,0.0,0.0,0.0,0.0,113.0,0.0,0.0,0.0,0.0,0.0,0.0,0.0,0.0,0.0
2025/05/19 02:29:36.691727578,False,False,False,False,False,False,False,False,False,False,False,False,False,0.0,0.0,0.0,0.0,113.0,0.0,0.0,0.0,0.0,0.0,0.0,0.0,0.0,0.0
2025/05/19 02:29:36.784133582,False,False,False,False,False,False,False,False,False,False,False,False,False,0.0,0.0,0.0,0.0,113.0,0.0,0.0,0.0,0.0,0.0,0.0,0.0,0.0,0.0
2025/05/19 02:29:36.883457693,False,False,False,False,False,False,False,False,False,False,False,False,False,0.0,0.0,0.0,0.0,113.0,0.0,0.0,0.0,0.0,0.0,0.0,0.0,0.0,0.0
2025/05/19 02:29:36.987177928,False,False,False,False,False,False,False,False,False,False,False,False,False,0.0,0.0,0.0,0.0,118.0,0.0,0.0,0.0,0.0,0.0,0.0,0.0,0.0,0.0
2025/05/19 02:29:37.86227067,False,False,False,False,False,False,False,False,False,False,False,False,False,0.0,0.0,0.0,0.0,118.0,0.0,0.0,0.0,0.0,0.0,0.0,0.0,0.0,0.0
2025/05/19 02:29:37.193856231,False,False,False,False,False,False,False,False,False,False,False,False,False,0.0,0.0,0.0,0.0,118.0,0.0,0.0,0.0,0.0,0.0,0.0,0.0,0.0,0.0
2025/05/19 02:29:37.292632962,False,False,False,False,False,False,False,False,False,False,False,False,False,0.0,0.0,0.0,0.0,118.0,0.0,0.0,0.0,0.0,0.0,0.0,0.0,0.0,0.0
2025/05/19 02:29:37.384439032,False,False,False,False,False,False,False,False,False,False,False,False,False,0.0,0.0,0.0,0.0,118.0,0.0,0.0,0.0,0.0,0.0,0.0,0.0,0.0,0.0
2025/05/19 02:29:37.484411337,False,False,False,False,False,False,False,False,False,False,False,False,False,0.0,0.0,0.0,0.0,118.0,0.0,0.0,0.0,0.0,0.0,0.0,0.0,0.0,0.0
2025/05/19 02:29:37.585572117,False,False,False,False,False,False,False,False,False,False,False,False,False,0.0,0.0,0.0,0.0,118.0,0.0,0.0,0.0,0.0,0.0,0.0,0.0,0.0,0.0
2025/05/19 02:29:37.685074761,False,False,False,False,False,False,False,False,False,False,False,False,False,0.0,0.0,0.0,0.0,118.99999999999999,0.0,0.0,0.0,0.0,0.0,0.0,0.0,0.0,0.0
2025/05/19 02:29:37.789977300,False,False,False,False,False,False,False,False,False,False,False,False,False,0.0,0.0,0.0,0.0,118.99999999999999,0.0,0.0,0.0,0.0,0.0,0.0,0.0,0.0,0.0
2025/05/19 02:29:37.895318291,False,False,False,False,False,False,False,False,False,False,False,False,False,0.0,0.0,0.0,0.0,118.99999999999999,0.0,0.0,0.0,0.0,0.0,0.0,0.0,0.0,0.0
2025/05/19 02:29:37.991639817,False,False,False,False,False,False,False,False,False,False,False,False,False,0.0,0.0,0.0,0.0,126.0,0.0,0.0,0.0,0.0,0.0,0.0,0.0,0.0,0.0
2025/05/19 02:29:38.91439789,False,False,False,False,False,False,False,False,False,False,False,False,False,0.0,0.0,0.0,0.0,127.0,0.0,0.0,0.0,0.0,0.0,0.0,0.0,0.0,0.0
2025/05/19 02:29:38.184381790,False,False,False,False,False,False,False,False,False,False,False,False,False,0.0,0.0,0.0,0.0,127.0,0.0,0.0,0.0,0.0,0.0,0.0,0.0,0.0,0.0
2025/05/19 02:29:38.283862072,False,False,False,False,False,False,False,False,False,False,False,False,False,0.0,0.0,0.0,0.0,127.0,0.0,0.0,0.0,0.0,0.0,0.0,0.0,0.0,0.0
2025/05/19 02:29:38.385316748,False,False,False,False,False,False,False,False,False,False,False,False,False,0.0,0.0,0.0,0.0,127.0,0.0,0.0,0.0,0.0,0.0,0.0,0.0,0.0,0.0
2025/05/19 02:29:38.485822472,False,False,False,False,False,False,False,False,False,False,False,False,False,0.0,0.0,0.0,0.0,127.0,0.0,0.0,0.0,0.0,0.0,0.0,0.0,0.0,0.0
2025/05/19 02:29:38.589890828,False,False,False,False,False,False,False,False,False,False,False,False,False,0.0,0.0,0.0,0.0,127.0,0.0,0.0,0.0,0.0,0.0,0.0,0.0,0.0,0.0
2025/05/19 02:29:38.693363772,False,False,False,False,False,False,False,False,False,False,False,False,False,0.0,0.0,0.0,0.0,127.0,0.0,0.0,0.0,0.0,0.0,0.0,0.0,0.0,0.0
2025/05/19 02:29:38.793808205,False,False,False,False,False,False,False,False,False,False,False,False,False,0.0,0.0,0.0,0.0,127.0,0.0,0.0,0.0,0.0,0.0,0.0,0.0,0.0,0.0
2025/05/19 02:29:38.883187723,False,False,False,False,False,False,False,False,False,False,False,False,False,0.0,0.0,0.0,0.0,127.0,0.0,0.0,0.0,0.0,0.0,0.0,0.0,0.0,0.0
2025/05/19 02:29:38.984526379,False,False,False,False,False,False,False,False,False,False,False,False,False,0.0,0.0,0.0,0.0,122.0,0.0,0.0,0.0,0.0,0.0,0.0,0.0,0.0,0.0
2025/05/19 02:29:39.86262137,False,False,False,False,False,False,False,False,False,False,False,False,False,0.0,0.0,0.0,0.0,122.0,0.0,0.0,0.0,0.0,0.0,0.0,0.0,0.0,0.0
2025/05/19 02:29:39.193935302,False,False,False,False,False,False,False,False,False,False,False,False,False,0.0,0.0,0.0,0.0,122.0,0.0,0.0,0.0,0.0,0.0,0.0,0.0,0.0,0.0
2025/05/19 02:29:39.292823354,False,False,False,False,False,False,False,False,False,False,False,False,False,0.0,0.0,0.0,0.0,122.0,0.0,0.0,0.0,0.0,0.0,0.0,0.0,0.0,0.0
2025/05/19 02:29:39.384179087,False,False,False,False,False,False,False,False,False,False,False,False,False,0.0,0.0,0.0,0.0,122.0,0.0,0.0,0.0,0.0,0.0,0.0,0.0,0.0,0.0
2025/05/19 02:29:39.484611009,False,False,False,False,False,False,False,False,False,False,False,False,False,0.0,0.0,0.0,0.0,122.0,0.0,0.0,0.0,0.0,0.0,0.0,0.0,0.0,0.0
2025/05/19 02:29:39.585090440,False,False,False,False,False,False,False,False,False,False,False,False,False,0.0,0.0,0.0,0.0,122.0,0.0,0.0,0.0,0.0,0.0,0.0,0.0,0.0,0.0
2025/05/19 02:29:39.687372712,False,False,False,False,False,False,False,False,False,False,False,False,False,0.0,0.0,0.0,0.0,122.0,0.0,0.0,0.0,0.0,0.0,0.0,0.0,0.0,0.0
2025/05/19 02:29:39.789583527,False,False,False,False,False,False,False,False,False,False,False,False,False,0.0,0.0,0.0,0.0,122.0,0.0,0.0,0.0,0.0,0.0,0.0,0.0,0.0,0.0
2025/05/19 02:29:39.891368442,False,False,False,False,False,False,False,False,False,False,False,False,False,0.0,0.0,0.0,0.0,118.99999999999999,0.0,0.0,0.0,0.0,0.0,0.0,0.0,0.0,0.0
2025/05/19 02:29:39.993515782,False,False,False,False,False,False,False,False,False,False,False,False,False,0.0,0.0,0.0,0.0,118.99999999999999,0.0,0.0,0.0,0.0,0.0,0.0,0.0,0.0,0.0
2025/05/19 02:29:40.95735691,False,False,False,False,False,False,False,False,False,False,False,False,False,0.0,0.0,0.0,0.0,118.99999999999999,0.0,0.0,0.0,0.0,0.0,0.0,0.0,0.0,0.0
2025/05/19 02:29:40.184409799,False,False,False,False,False,False,False,False,False,False,False,False,False,0.0,0.0,0.0,0.0,118.99999999999999,0.0,0.0,0.0,0.0,0.0,0.0,0.0,0.0,0.0
2025/05/19 02:29:40.285454612,False,False,False,False,False,False,False,False,False,False,False,False,False,0.0,0.0,0.0,0.0,118.99999999999999,0.0,0.0,0.0,0.0,0.0,0.0,0.0,0.0,0.0
2025/05/19 02:29:40.386269946,False,False,False,False,False,False,False,False,False,False,False,False,False,0.0,0.0,0.0,0.0,118.99999999999999,0.0,0.0,0.0,0.0,0.0,0.0,0.0,0.0,0.0
2025/05/19 02:29:40.486925050,False,False,False,False,False,False,False,False,False,False,False,False,False,0.0,0.0,0.0,0.0,118.99999999999999,0.0,0.0,0.0,0.0,0.0,0.0,0.0,0.0,0.0
2025/05/19 02:29:40.593235007,False,False,False,False,False,False,False,False,False,False,False,False,False,0.0,0.0,0.0,0.0,118.99999999999999,0.0,0.0,0.0,0.0,0.0,0.0,0.0,0.0,0.0
2025/05/19 02:29:40.691226947,False,False,False,False,False,False,False,False,False,False,False,False,False,0.0,0.0,0.0,0.0,118.99999999999999,0.0,0.0,0.0,0.0,0.0,0.0,0.0,0.0,0.0
2025/05/19 02:29:40.783009269,False,False,False,False,False,False,False,False,False,False,False,False,False,0.0,0.0,0.0,0.0,118.99999999999999,0.0,0.0,0.0,0.0,0.0,0.0,0.0,0.0,0.0
2025/05/19 02:29:40.884877982,False,False,False,False,False,False,False,False,False,False,False,False,False,0.0,0.0,0.0,0.0,118.99999999999999,0.0,0.0,0.0,0.0,0.0,0.0,0.0,0.0,0.0
2025/05/19 02:29:40.985165625,False,False,False,False,False,False,False,False,False,False,False,False,False,0.0,0.0,0.0,0.0,4.0,0.0,0.0,0.0,0.0,0.0,0.0,0.0,0.0,0.0
2025/05/19 02:29:41.85437366,False,False,False,False,False,False,False,False,False,False,False,False,False,0.0,0.0,0.0,0.0,38.0,0.0,0.0,0.0,0.0,0.0,0.0,0.0,0.0,0.0
2025/05/19 02:29:41.189074059,False,False,False,False,False,False,False,False,False,False,False,False,False,0.0,0.0,0.0,0.0,80.0,0.0,0.0,0.0,0.0,0.0,0.0,0.0,0.0,0.0
2025/05/19 02:29:41.291302308,False,False,False,False,False,False,False,False,False,False,False,False,False,0.0,0.0,0.0,0.0,122.0,0.0,0.0,0.0,0.0,0.0,0.0,0.0,0.0,0.0
2025/05/19 02:29:41.390064670,False,False,False,False,False,False,False,False,False,False,False,False,False,0.0,0.0,0.0,0.0,131.0,0.0,0.0,0.0,0.0,0.0,0.0,0.0,0.0,0.0
2025/05/19 02:29:41.492279203,False,False,False,False,False,False,False,False,False,False,False,False,False,0.0,0.0,0.0,0.0,131.0,0.0,0.0,0.0,0.0,0.0,0.0,0.0,0.0,0.0
2025/05/19 02:29:41.594192429,False,False,False,False,False,False,False,False,False,False,False,False,False,0.0,0.0,0.0,0.0,131.0,0.0,0.0,0.0,0.0,0.0,0.0,0.0,0.0,0.0
2025/05/19 02:29:41.683372271,False,False,False,False,False,False,False,False,False,False,False,False,False,0.0,0.0,0.0,0.0,131.0,0.0,0.0,0.0,0.0,0.0,0.0,0.0,0.0,0.0
2025/05/19 02:29:41.784713614,False,False,False,False,False,False,False,False,False,False,False,False,False,0.0,0.0,0.0,0.0,131.0,0.0,0.0,0.0,0.0,0.0,0.0,0.0,0.0,0.0
2025/05/19 02:29:41.885853194,False,False,False,False,False,False,False,False,False,False,False,False,False,0.0,0.0,0.0,0.0,131.0,0.0,0.0,0.0,0.0,0.0,0.0,0.0,0.0,0.0
2025/05/19 02:29:41.988965838,False,False,False,False,False,False,False,False,False,False,False,False,False,0.0,0.0,0.0,0.0,43.0,0.0,0.0,0.0,0.0,0.0,0.0,0.0,0.0,0.0
2025/05/19 02:29:42.95466645,False,False,False,False,False,False,False,False,False,False,False,False,False,0.0,0.0,0.0,0.0,43.0,0.0,0.0,0.0,0.0,0.0,0.0,0.0,0.0,0.0
2025/05/19 02:29:42.191865517,False,False,False,False,False,False,False,False,False,False,False,False,False,0.0,0.0,0.0,0.0,85.0,0.0,0.0,0.0,0.0,0.0,0.0,0.0,0.0,0.0
2025/05/19 02:29:42.294803758,False,False,False,False,False,False,False,False,False,False,False,False,False,0.0,0.0,0.0,0.0,137.00000000000003,0.0,0.0,0.0,0.0,0.0,0.0,0.0,0.0,0.0
2025/05/19 02:29:42.383193092,False,False,False,False,False,False,False,False,False,False,False,False,False,0.0,0.0,0.0,0.0,137.00000000000003,0.0,0.0,0.0,0.0,0.0,0.0,0.0,0.0,0.0
2025/05/19 02:29:42.484960282,False,False,False,False,False,False,False,False,False,False,False,False,False,0.0,0.0,0.0,0.0,137.00000000000003,0.0,0.0,0.0,0.0,0.0,0.0,0.0,0.0,0.0
2025/05/19 02:29:42.585151539,False,False,False,False,False,False,False,False,False,False,False,False,False,0.0,0.0,0.0,0.0,137.00000000000003,0.0,0.0,0.0,0.0,0.0,0.0,0.0,0.0,0.0
2025/05/19 02:29:42.688094548,False,False,False,False,False,False,False,False,False,False,False,False,False,0.0,0.0,0.0,0.0,137.00000000000003,0.0,0.0,0.0,0.0,0.0,0.0,0.0,0.0,0.0
2025/05/19 02:29:42.791492881,False,False,False,False,False,False,False,False,False,False,False,False,False,0.0,0.0,0.0,0.0,137.00000000000003,0.0,0.0,0.0,0.0,0.0,0.0,0.0,0.0,0.0
2025/05/19 02:29:42.884300116,False,False,False,False,False,False,False,False,False,False,False,False,False,0.0,0.0,0.0,0.0,137.00000000000003,0.0,0.0,0.0,0.0,0.0,0.0,0.0,0.0,0.0
2025/05/19 02:29:42.985904274,False,False,False,False,False,False,False,False,False,False,False,False,False,0.0,0.0,0.0,0.0,137.00000000000003,0.0,0.0,0.0,0.0,0.0,0.0,0.0,0.0,0.0
2025/05/19 02:29:43.88217760,False,False,False,False,False,False,False,False,False,False,False,False,False,0.0,0.0,0.0,0.0,122.99999999999999,0.0,0.0,0.0,0.0,0.0,0.0,0.0,0.0,0.0
2025/05/19 02:29:43.188325807,False,False,False,False,False,False,False,False,False,False,False,False,False,0.0,0.0,0.0,0.0,122.99999999999999,0.0,0.0,0.0,0.0,0.0,0.0,0.0,0.0,0.0
2025/05/19 02:29:43.291506598,False,False,False,False,False,False,False,False,False,False,False,False,False,0.0,0.0,0.0,0.0,122.99999999999999,0.0,0.0,0.0,0.0,0.0,0.0,0.0,0.0,0.0
2025/05/19 02:29:43.391255735,False,False,False,False,False,False,False,False,False,False,False,False,False,0.0,0.0,0.0,0.0,122.99999999999999,0.0,0.0,0.0,0.0,0.0,0.0,0.0,0.0,0.0
2025/05/19 02:29:43.485639051,False,False,False,False,False,False,False,False,False,False,False,False,False,0.0,0.0,0.0,0.0,122.99999999999999,0.0,0.0,0.0,0.0,0.0,0.0,0.0,0.0,0.0
2025/05/19 02:29:43.583213142,False,False,False,False,False,False,False,False,False,False,False,False,False,0.0,0.0,0.0,0.0,122.99999999999999,0.0,0.0,0.0,0.0,0.0,0.0,0.0,0.0,0.0
2025/05/19 02:29:43.685930973,False,False,False,False,False,False,False,False,False,False,False,False,False,0.0,0.0,0.0,0.0,122.99999999999999,0.0,0.0,0.0,0.0,0.0,0.0,0.0,0.0,0.0
2025/05/19 02:29:43.787180024,False,False,False,False,False,False,False,False,False,False,False,False,False,0.0,0.0,0.0,0.0,122.99999999999999,0.0,0.0,0.0,0.0,0.0,0.0,0.0,0.0,0.0
2025/05/19 02:29:43.888920407,False,False,False,False,False,False,False,False,False,False,False,False,False,0.0,0.0,0.0,0.0,122.99999999999999,0.0,0.0,0.0,0.0,0.0,0.0,0.0,0.0,0.0
2025/05/19 02:29:43.990691643,False,False,False,False,False,False,False,False,False,False,False,False,False,0.0,0.0,0.0,0.0,118.0,0.0,0.0,0.0,0.0,0.0,0.0,0.0,0.0,0.0
2025/05/19 02:29:44.93942382,False,False,False,False,False,False,False,False,False,False,False,False,False,0.0,0.0,0.0,0.0,118.99999999999999,0.0,0.0,0.0,0.0,0.0,0.0,0.0,0.0,0.0
2025/05/19 02:29:44.184269407,False,False,False,False,False,False,False,False,False,False,False,False,False,0.0,0.0,0.0,0.0,118.99999999999999,0.0,0.0,0.0,0.0,0.0,0.0,0.0,0.0,0.0
2025/05/19 02:29:44.288218177,False,False,False,False,False,False,False,False,False,False,False,False,False,0.0,0.0,0.0,0.0,118.99999999999999,0.0,0.0,0.0,0.0,0.0,0.0,0.0,0.0,0.0
2025/05/19 02:29:44.387642403,False,False,False,False,False,False,False,False,False,False,False,False,False,0.0,0.0,0.0,0.0,118.99999999999999,0.0,0.0,0.0,0.0,0.0,0.0,0.0,0.0,0.0
2025/05/19 02:29:44.488124393,False,False,False,False,False,False,False,False,False,False,False,False,False,0.0,0.0,0.0,0.0,118.99999999999999,0.0,0.0,0.0,0.0,0.0,0.0,0.0,0.0,0.0
2025/05/19 02:29:44.589564258,False,False,False,False,False,False,False,False,False,False,False,False,False,0.0,0.0,0.0,0.0,118.99999999999999,0.0,0.0,0.0,0.0,0.0,0.0,0.0,0.0,0.0
2025/05/19 02:29:44.691120522,False,False,False,False,False,False,False,False,False,False,False,False,False,0.0,0.0,0.0,0.0,118.99999999999999,0.0,0.0,0.0,0.0,0.0,0.0,0.0,0.0,0.0
2025/05/19 02:29:44.793956108,False,False,False,False,False,False,False,False,False,False,False,False,False,0.0,0.0,0.0,0.0,118.99999999999999,0.0,0.0,0.0,0.0,0.0,0.0,0.0,0.0,0.0
2025/05/19 02:29:44.884918806,False,False,False,False,False,False,False,False,False,False,False,False,False,0.0,0.0,0.0,0.0,118.99999999999999,0.0,0.0,0.0,0.0,0.0,0.0,0.0,0.0,0.0
2025/05/19 02:29:44.983458880,False,False,False,False,False,False,False,False,False,False,False,False,False,0.0,0.0,0.0,0.0,4.0,0.0,0.0,0.0,0.0,0.0,0.0,0.0,0.0,0.0
2025/05/19 02:29:45.86667149,False,False,False,False,False,False,False,False,False,False,False,False,False,0.0,0.0,0.0,0.0,17.0,0.0,0.0,0.0,0.0,0.0,0.0,0.0,0.0,0.0
2025/05/19 02:29:45.186012358,False,False,False,False,False,False,False,False,False,False,False,False,False,0.0,0.0,0.0,0.0,59.0,0.0,0.0,0.0,0.0,0.0,0.0,0.0,0.0,0.0
2025/05/19 02:29:45.289543778,False,False,False,False,False,False,False,False,False,False,False,False,False,0.0,0.0,0.0,0.0,128.0,0.0,0.0,0.0,0.0,0.0,0.0,0.0,0.0,0.0
2025/05/19 02:29:45.390891615,False,False,False,False,False,False,False,False,False,False,False,False,False,0.0,0.0,0.0,0.0,128.0,0.0,0.0,0.0,0.0,0.0,0.0,0.0,0.0,0.0
2025/05/19 02:29:45.491571646,False,False,False,False,False,False,False,False,False,False,False,False,False,0.0,0.0,0.0,0.0,128.0,0.0,0.0,0.0,0.0,0.0,0.0,0.0,0.0,0.0
2025/05/19 02:29:45.584073743,False,False,False,False,False,False,False,False,False,False,False,False,False,0.0,0.0,0.0,0.0,128.0,0.0,0.0,0.0,0.0,0.0,0.0,0.0,0.0,0.0
2025/05/19 02:29:45.684839133,False,False,False,False,False,False,False,False,False,False,False,False,False,0.0,0.0,0.0,0.0,128.0,0.0,0.0,0.0,0.0,0.0,0.0,0.0,0.0,0.0
2025/05/19 02:29:45.788741220,False,False,False,False,False,False,False,False,False,False,False,False,False,0.0,0.0,0.0,0.0,128.0,0.0,0.0,0.0,0.0,0.0,0.0,0.0,0.0,0.0
2025/05/19 02:29:45.893611289,False,False,False,False,False,False,False,False,False,False,False,False,False,0.0,0.0,0.0,0.0,136.0,0.0,0.0,0.0,0.0,0.0,0.0,0.0,0.0,0.0
2025/05/19 02:29:45.993302124,False,False,False,False,False,False,False,False,False,False,False,False,False,0.0,0.0,0.0,0.0,136.0,0.0,0.0,0.0,0.0,0.0,0.0,0.0,0.0,0.0
2025/05/19 02:29:46.84227108,False,False,False,False,False,False,False,False,False,False,False,False,False,0.0,0.0,0.0,0.0,144.0,0.0,0.0,0.0,0.0,0.0,0.0,0.0,0.0,0.0
2025/05/19 02:29:46.185753599,False,False,False,False,False,False,False,False,False,False,False,False,False,0.0,0.0,0.0,0.0,144.0,0.0,0.0,0.0,0.0,0.0,0.0,0.0,0.0,0.0
2025/05/19 02:29:46.284918077,False,False,False,False,False,False,False,False,False,False,False,False,False,0.0,0.0,0.0,0.0,144.0,0.0,0.0,0.0,0.0,0.0,0.0,0.0,0.0,0.0
2025/05/19 02:29:46.392949912,False,False,False,False,False,False,False,False,False,False,False,False,False,0.0,0.0,0.0,0.0,144.0,0.0,0.0,0.0,0.0,0.0,0.0,0.0,0.0,0.0
2025/05/19 02:29:46.492593374,False,False,False,False,False,False,False,False,False,False,False,False,False,0.0,0.0,0.0,0.0,144.0,0.0,0.0,0.0,0.0,0.0,0.0,0.0,0.0,0.0
2025/05/19 02:29:46.593731882,False,False,False,False,False,False,False,False,False,False,False,False,False,0.0,0.0,0.0,0.0,144.0,0.0,0.0,0.0,0.0,0.0,0.0,0.0,0.0,0.0
2025/05/19 02:29:46.683550861,False,False,False,False,False,False,False,False,False,False,False,False,False,0.0,0.0,0.0,0.0,144.0,0.0,0.0,0.0,0.0,0.0,0.0,0.0,0.0,0.0
2025/05/19 02:29:46.787884549,False,False,False,False,False,False,False,False,False,False,False,False,False,0.0,0.0,0.0,0.0,144.0,0.0,0.0,0.0,0.0,0.0,0.0,0.0,0.0,0.0
2025/05/19 02:29:46.889334224,False,False,False,False,False,False,False,False,False,False,False,False,False,0.0,0.0,0.0,0.0,144.0,0.0,0.0,0.0,0.0,0.0,0.0,0.0,0.0,0.0
2025/05/19 02:29:46.993724748,False,False,False,False,False,False,False,False,False,False,False,False,False,0.0,0.0,0.0,0.0,144.0,0.0,0.0,0.0,0.0,0.0,0.0,0.0,0.0,0.0
2025/05/19 02:29:47.90958812,False,False,False,False,False,False,False,False,False,False,False,False,False,0.0,0.0,0.0,0.0,119.99999999999999,0.0,0.0,0.0,0.0,0.0,0.0,0.0,0.0,0.0
2025/05/19 02:29:47.196199587,False,False,False,False,False,False,False,False,False,False,False,False,False,0.0,0.0,0.0,0.0,147.0,0.0,0.0,0.0,0.0,0.0,0.0,0.0,0.0,0.0
2025/05/19 02:29:47.283866876,False,False,False,False,False,False,False,False,False,False,False,False,False,0.0,0.0,0.0,0.0,147.0,0.0,0.0,0.0,0.0,0.0,0.0,0.0,0.0,0.0
2025/05/19 02:29:47.385415504,False,False,False,False,False,False,False,False,False,False,False,False,False,0.0,0.0,0.0,0.0,147.0,0.0,0.0,0.0,0.0,0.0,0.0,0.0,0.0,0.0
2025/05/19 02:29:47.484128098,False,False,False,False,False,False,False,False,False,False,False,False,False,0.0,0.0,0.0,0.0,147.0,0.0,0.0,0.0,0.0,0.0,0.0,0.0,0.0,0.0
2025/05/19 02:29:47.586636744,False,False,False,False,False,False,False,False,False,False,False,False,False,0.0,0.0,0.0,0.0,147.0,0.0,0.0,0.0,0.0,0.0,0.0,0.0,0.0,0.0
2025/05/19 02:29:47.686766856,False,False,False,False,False,False,False,False,False,False,False,False,False,0.0,0.0,0.0,0.0,147.0,0.0,0.0,0.0,0.0,0.0,0.0,0.0,0.0,0.0
2025/05/19 02:29:47.794190779,False,False,False,False,False,False,False,False,False,False,False,False,False,0.0,0.0,0.0,0.0,147.0,0.0,0.0,0.0,0.0,0.0,0.0,0.0,0.0,0.0
2025/05/19 02:29:47.895353113,False,False,False,False,False,False,False,False,False,False,False,False,False,0.0,0.0,0.0,0.0,121.0,0.0,0.0,0.0,0.0,0.0,0.0,0.0,0.0,0.0
2025/05/19 02:29:47.983391027,False,False,False,False,False,False,False,False,False,False,False,False,False,0.0,0.0,0.0,0.0,121.0,0.0,0.0,0.0,0.0,0.0,0.0,0.0,0.0,0.0
2025/05/19 02:29:48.83432262,False,False,False,False,False,False,False,False,False,False,False,False,False,0.0,0.0,0.0,0.0,144.0,0.0,0.0,0.0,0.0,0.0,0.0,0.0,0.0,0.0
2025/05/19 02:29:48.184969001,False,False,False,False,False,False,False,False,False,False,False,False,False,0.0,0.0,0.0,0.0,144.0,0.0,0.0,0.0,0.0,0.0,0.0,0.0,0.0,0.0
2025/05/19 02:29:48.285114042,False,False,False,False,False,False,False,False,False,False,False,False,False,0.0,0.0,0.0,0.0,144.0,0.0,0.0,0.0,0.0,0.0,0.0,0.0,0.0,0.0
2025/05/19 02:29:48.389777620,False,False,False,False,False,False,False,False,False,False,False,False,False,0.0,0.0,0.0,0.0,144.0,0.0,0.0,0.0,0.0,0.0,0.0,0.0,0.0,0.0
2025/05/19 02:29:48.489613640,False,False,False,False,False,False,False,False,False,False,False,False,False,0.0,0.0,0.0,0.0,144.0,0.0,0.0,0.0,0.0,0.0,0.0,0.0,0.0,0.0
2025/05/19 02:29:48.583122112,False,False,False,False,False,False,False,False,False,False,False,False,False,0.0,0.0,0.0,0.0,144.0,0.0,0.0,0.0,0.0,0.0,0.0,0.0,0.0,0.0
2025/05/19 02:29:48.684825962,False,False,False,False,False,False,False,False,False,False,False,False,False,0.0,0.0,0.0,0.0,144.0,0.0,0.0,0.0,0.0,0.0,0.0,0.0,0.0,0.0
2025/05/19 02:29:48.788046717,False,False,False,False,False,False,False,False,False,False,False,False,False,0.0,0.0,0.0,0.0,144.0,0.0,0.0,0.0,0.0,0.0,0.0,0.0,0.0,0.0
2025/05/19 02:29:48.888523054,False,False,False,False,False,False,False,False,False,False,False,False,False,0.0,0.0,0.0,0.0,144.0,0.0,0.0,0.0,0.0,0.0,0.0,0.0,0.0,0.0
2025/05/19 02:29:48.990548488,False,False,False,False,False,False,False,False,False,False,False,False,False,0.0,0.0,0.0,0.0,14.0,0.0,0.0,0.0,0.0,0.0,0.0,0.0,0.0,0.0
2025/05/19 02:29:49.92933647,False,False,False,False,False,False,False,False,False,False,False,False,False,0.0,0.0,0.0,0.0,56.0,0.0,0.0,0.0,0.0,0.0,0.0,0.0,0.0,0.0
2025/05/19 02:29:49.194499237,False,False,False,False,False,False,False,False,False,False,False,False,False,0.0,0.0,0.0,0.0,139.0,0.0,0.0,0.0,0.0,0.0,0.0,0.0,0.0,0.0
2025/05/19 02:29:49.284174315,False,False,False,False,False,False,False,False,False,False,False,False,False,0.0,0.0,0.0,0.0,139.0,0.0,0.0,0.0,0.0,0.0,0.0,0.0,0.0,0.0
2025/05/19 02:29:49.385773259,False,False,False,False,False,False,False,False,False,False,False,False,False,0.0,0.0,0.0,0.0,141.0,0.0,0.0,0.0,0.0,0.0,0.0,0.0,0.0,0.0
2025/05/19 02:29:49.488836809,False,False,False,False,False,False,False,False,False,False,False,False,False,0.0,0.0,0.0,0.0,141.0,0.0,0.0,0.0,0.0,0.0,0.0,0.0,0.0,0.0
2025/05/19 02:29:49.591542872,False,False,False,False,False,False,False,False,False,False,False,False,False,0.0,0.0,0.0,0.0,141.0,0.0,0.0,0.0,0.0,0.0,0.0,0.0,0.0,0.0
2025/05/19 02:29:49.693931042,False,False,False,False,False,False,False,False,False,False,False,False,False,0.0,0.0,0.0,0.0,141.0,0.0,0.0,0.0,0.0,0.0,0.0,0.0,0.0,0.0
2025/05/19 02:29:49.785491373,False,False,False,False,False,False,False,False,False,False,False,False,False,0.0,0.0,0.0,0.0,141.0,0.0,0.0,0.0,0.0,0.0,0.0,0.0,0.0,0.0
2025/05/19 02:29:49.887755453,False,False,False,False,False,False,False,False,False,False,False,False,False,0.0,0.0,0.0,0.0,141.0,0.0,0.0,0.0,0.0,0.0,0.0,0.0,0.0,0.0
2025/05/19 02:29:49.986482869,False,False,False,False,False,False,False,False,False,False,False,False,False,0.0,0.0,0.0,0.0,138.0,0.0,0.0,0.0,0.0,0.0,0.0,0.0,0.0,0.0
2025/05/19 02:29:50.88288584,False,False,False,False,False,False,False,False,False,False,False,False,False,0.0,0.0,0.0,0.0,138.0,0.0,0.0,0.0,0.0,0.0,0.0,0.0,0.0,0.0
2025/05/19 02:29:50.188873086,False,False,False,False,False,False,False,False,False,False,False,False,False,0.0,0.0,0.0,0.0,138.0,0.0,0.0,0.0,0.0,0.0,0.0,0.0,0.0,0.0
2025/05/19 02:29:50.290585349,False,False,False,False,False,False,False,False,False,False,False,False,False,0.0,0.0,0.0,0.0,138.0,0.0,0.0,0.0,0.0,0.0,0.0,0.0,0.0,0.0
2025/05/19 02:29:50.390511888,False,False,False,False,False,False,False,False,False,False,False,False,False,0.0,0.0,0.0,0.0,138.0,0.0,0.0,0.0,0.0,0.0,0.0,0.0,0.0,0.0
2025/05/19 02:29:50.497402704,False,False,False,False,False,False,False,False,False,False,False,False,False,0.0,0.0,0.0,0.0,138.0,0.0,0.0,0.0,0.0,0.0,0.0,0.0,0.0,0.0
2025/05/19 02:29:50.583493671,False,False,False,False,False,False,False,False,False,False,False,False,False,0.0,0.0,0.0,0.0,138.0,0.0,0.0,0.0,0.0,0.0,0.0,0.0,0.0,0.0
2025/05/19 02:29:50.683996362,False,False,False,False,False,False,False,False,False,False,False,False,False,0.0,0.0,0.0,0.0,138.0,0.0,0.0,0.0,0.0,0.0,0.0,0.0,0.0,0.0
2025/05/19 02:29:50.785380417,False,False,False,False,False,False,False,False,False,False,False,False,False,0.0,0.0,0.0,0.0,138.0,0.0,0.0,0.0,0.0,0.0,0.0,0.0,0.0,0.0
2025/05/19 02:29:50.886090295,False,False,False,False,False,False,False,False,False,False,False,False,False,0.0,0.0,0.0,0.0,138.0,0.0,0.0,0.0,0.0,0.0,0.0,0.0,0.0,0.0
2025/05/19 02:29:50.989897198,False,False,False,False,False,False,False,False,False,False,False,False,False,0.0,0.0,0.0,0.0,135.0,0.0,0.0,0.0,0.0,0.0,0.0,0.0,0.0,0.0
2025/05/19 02:29:51.89633460,False,False,False,False,False,False,False,False,False,False,False,False,False,0.0,0.0,0.0,0.0,135.0,0.0,0.0,0.0,0.0,0.0,0.0,0.0,0.0,0.0
2025/05/19 02:29:51.190940518,False,False,False,False,False,False,False,False,False,False,False,False,False,0.0,0.0,0.0,0.0,135.0,0.0,0.0,0.0,0.0,0.0,0.0,0.0,0.0,0.0
2025/05/19 02:29:51.291752571,False,False,False,False,False,False,False,False,False,False,False,False,False,0.0,0.0,0.0,0.0,135.0,0.0,0.0,0.0,0.0,0.0,0.0,0.0,0.0,0.0
2025/05/19 02:29:51.384336758,False,False,False,False,False,False,False,False,False,False,False,False,False,0.0,0.0,0.0,0.0,135.0,0.0,0.0,0.0,0.0,0.0,0.0,0.0,0.0,0.0
2025/05/19 02:29:51.485445998,False,False,False,False,False,False,False,False,False,False,False,False,False,0.0,0.0,0.0,0.0,135.0,0.0,0.0,0.0,0.0,0.0,0.0,0.0,0.0,0.0
2025/05/19 02:29:51.586433657,False,False,False,False,False,False,False,False,False,False,False,False,False,0.0,0.0,0.0,0.0,135.0,0.0,0.0,0.0,0.0,0.0,0.0,0.0,0.0,0.0
2025/05/19 02:29:51.688654678,False,False,False,False,False,False,False,False,False,False,False,False,False,0.0,0.0,0.0,0.0,135.0,0.0,0.0,0.0,0.0,0.0,0.0,0.0,0.0,0.0
2025/05/19 02:29:51.789708298,False,False,False,False,False,False,False,False,False,False,False,False,False,0.0,0.0,0.0,0.0,135.0,0.0,0.0,0.0,0.0,0.0,0.0,0.0,0.0,0.0
2025/05/19 02:29:51.890843206,False,False,False,False,False,False,False,False,False,False,False,False,False,0.0,0.0,0.0,0.0,139.99999999999997,0.0,0.0,0.0,0.0,0.0,0.0,0.0,0.0,0.0
2025/05/19 02:29:51.993257177,False,False,False,False,False,False,False,False,False,False,False,False,False,0.0,0.0,0.0,0.0,139.99999999999997,0.0,0.0,0.0,0.0,0.0,0.0,0.0,0.0,0.0
2025/05/19 02:29:52.93782429,False,False,False,False,False,False,False,False,False,False,False,False,False,0.0,0.0,0.0,0.0,139.99999999999997,0.0,0.0,0.0,0.0,0.0,0.0,0.0,0.0,0.0
2025/05/19 02:29:52.184066736,False,False,False,False,False,False,False,False,False,False,False,False,False,0.0,0.0,0.0,0.0,139.99999999999997,0.0,0.0,0.0,0.0,0.0,0.0,0.0,0.0,0.0
2025/05/19 02:29:52.285435915,False,False,False,False,False,False,False,False,False,False,False,False,False,0.0,0.0,0.0,0.0,139.99999999999997,0.0,0.0,0.0,0.0,0.0,0.0,0.0,0.0,0.0
2025/05/19 02:29:52.385564538,False,False,False,False,False,False,False,False,False,False,False,False,False,0.0,0.0,0.0,0.0,139.99999999999997,0.0,0.0,0.0,0.0,0.0,0.0,0.0,0.0,0.0
2025/05/19 02:29:52.486794310,False,False,False,False,False,False,False,False,False,False,False,False,False,0.0,0.0,0.0,0.0,139.99999999999997,0.0,0.0,0.0,0.0,0.0,0.0,0.0,0.0,0.0
2025/05/19 02:29:52.585981783,False,False,False,False,False,False,False,False,False,False,False,False,False,0.0,0.0,0.0,0.0,139.99999999999997,0.0,0.0,0.0,0.0,0.0,0.0,0.0,0.0,0.0
2025/05/19 02:29:52.690845689,False,False,False,False,False,False,False,False,False,False,False,False,False,0.0,0.0,0.0,0.0,139.99999999999997,0.0,0.0,0.0,0.0,0.0,0.0,0.0,0.0,0.0
2025/05/19 02:29:52.788603084,False,False,False,False,False,False,False,False,False,False,False,False,False,0.0,0.0,0.0,0.0,139.99999999999997,0.0,0.0,0.0,0.0,0.0,0.0,0.0,0.0,0.0
2025/05/19 02:29:52.886833695,False,False,False,False,False,False,False,False,False,False,False,False,False,0.0,0.0,0.0,0.0,145.0,0.0,0.0,0.0,0.0,0.0,0.0,0.0,0.0,0.0
2025/05/19 02:29:52.985185707,False,False,False,False,False,False,False,False,False,False,False,False,False,0.0,0.0,0.0,0.0,145.0,0.0,0.0,0.0,0.0,0.0,0.0,0.0,0.0,0.0
2025/05/19 02:29:53.86052812,False,False,False,False,False,False,False,False,False,False,False,False,False,0.0,0.0,0.0,0.0,145.0,0.0,0.0,0.0,0.0,0.0,0.0,0.0,0.0,0.0
2025/05/19 02:29:53.186175443,False,False,False,False,False,False,False,False,False,False,False,False,False,0.0,0.0,0.0,0.0,145.0,0.0,0.0,0.0,0.0,0.0,0.0,0.0,0.0,0.0
2025/05/19 02:29:53.288770470,False,False,False,False,False,False,False,False,False,False,False,False,False,0.0,0.0,0.0,0.0,145.0,0.0,0.0,0.0,0.0,0.0,0.0,0.0,0.0,0.0
2025/05/19 02:29:53.388545734,False,False,False,False,False,False,False,False,False,False,False,False,False,0.0,0.0,0.0,0.0,145.0,0.0,0.0,0.0,0.0,0.0,0.0,0.0,0.0,0.0
2025/05/19 02:29:53.489479167,False,False,False,False,False,False,False,False,False,False,False,False,False,0.0,0.0,0.0,0.0,145.0,0.0,0.0,0.0,0.0,0.0,0.0,0.0,0.0,0.0
2025/05/19 02:29:53.592786077,False,False,False,False,False,False,False,False,False,False,False,False,False,0.0,0.0,0.0,0.0,145.0,0.0,0.0,0.0,0.0,0.0,0.0,0.0,0.0,0.0
2025/05/19 02:29:53.684017340,False,False,False,False,False,False,False,False,False,False,False,False,False,0.0,0.0,0.0,0.0,145.0,0.0,0.0,0.0,0.0,0.0,0.0,0.0,0.0,0.0
2025/05/19 02:29:53.788414088,False,False,False,False,False,False,False,False,False,False,False,False,False,0.0,0.0,0.0,0.0,145.0,0.0,0.0,0.0,0.0,0.0,0.0,0.0,0.0,0.0
2025/05/19 02:29:53.892633646,False,False,False,False,False,False,False,False,False,False,False,False,False,0.0,0.0,0.0,0.0,66.0,0.0,0.0,0.0,0.0,0.0,0.0,0.0,0.0,0.0
2025/05/19 02:29:53.988297418,False,False,False,False,False,False,False,False,False,False,False,False,False,0.0,0.0,0.0,0.0,66.0,0.0,0.0,0.0,0.0,0.0,0.0,0.0,0.0,0.0
2025/05/19 02:29:54.91377419,False,False,False,False,False,False,False,False,False,False,False,False,False,0.0,0.0,0.0,0.0,21.0,0.0,0.0,0.0,0.0,0.0,0.0,0.0,0.0,0.0
2025/05/19 02:29:54.191064768,False,False,False,False,False,False,False,False,False,False,False,False,False,0.0,0.0,0.0,0.0,105.0,0.0,0.0,0.0,0.0,0.0,0.0,0.0,0.0,0.0
2025/05/19 02:29:54.295844286,False,False,False,False,False,False,False,False,False,False,False,False,False,0.0,0.0,0.0,0.0,105.0,0.0,0.0,0.0,0.0,0.0,0.0,0.0,0.0,0.0
2025/05/19 02:29:54.385528228,False,False,False,False,False,False,False,False,False,False,False,False,False,0.0,0.0,0.0,0.0,146.0,0.0,0.0,0.0,0.0,0.0,0.0,0.0,0.0,0.0
2025/05/19 02:29:54.486713663,False,False,False,False,False,False,False,False,False,False,False,False,False,0.0,0.0,0.0,0.0,148.0,0.0,0.0,0.0,0.0,0.0,0.0,0.0,0.0,0.0
2025/05/19 02:29:54.587456733,False,False,False,False,False,False,False,False,False,False,False,False,False,0.0,0.0,0.0,0.0,148.0,0.0,0.0,0.0,0.0,0.0,0.0,0.0,0.0,0.0
2025/05/19 02:29:54.689395690,False,False,False,False,False,False,False,False,False,False,False,False,False,0.0,0.0,0.0,0.0,148.0,0.0,0.0,0.0,0.0,0.0,0.0,0.0,0.0,0.0
2025/05/19 02:29:54.789230554,False,False,False,False,False,False,False,False,False,False,False,False,False,0.0,0.0,0.0,0.0,148.0,0.0,0.0,0.0,0.0,0.0,0.0,0.0,0.0,0.0
2025/05/19 02:29:54.893284786,False,False,False,False,False,False,False,False,False,False,False,False,False,0.0,0.0,0.0,0.0,148.0,0.0,0.0,0.0,0.0,0.0,0.0,0.0,0.0,0.0
2025/05/19 02:29:54.984696117,False,False,False,False,False,False,False,False,False,False,False,False,False,0.0,0.0,0.0,0.0,139.0,0.0,0.0,0.0,0.0,0.0,0.0,0.0,0.0,0.0
2025/05/19 02:29:55.86533732,False,False,False,False,False,False,False,False,False,False,False,False,False,0.0,0.0,0.0,0.0,139.0,0.0,0.0,0.0,0.0,0.0,0.0,0.0,0.0,0.0
2025/05/19 02:29:55.191192290,False,False,False,False,False,False,False,False,False,False,False,False,False,0.0,0.0,0.0,0.0,139.0,0.0,0.0,0.0,0.0,0.0,0.0,0.0,0.0,0.0
2025/05/19 02:29:55.290057588,False,False,False,False,False,False,False,False,False,False,False,False,False,0.0,0.0,0.0,0.0,139.0,0.0,0.0,0.0,0.0,0.0,0.0,0.0,0.0,0.0
2025/05/19 02:29:55.389903285,False,False,False,False,False,False,False,False,False,False,False,False,False,0.0,0.0,0.0,0.0,139.0,0.0,0.0,0.0,0.0,0.0,0.0,0.0,0.0,0.0
2025/05/19 02:29:55.496376031,False,False,False,False,False,False,False,False,False,False,False,False,False,0.0,0.0,0.0,0.0,139.0,0.0,0.0,0.0,0.0,0.0,0.0,0.0,0.0,0.0
2025/05/19 02:29:55.583582974,False,False,False,False,False,False,False,False,False,False,False,False,False,0.0,0.0,0.0,0.0,139.0,0.0,0.0,0.0,0.0,0.0,0.0,0.0,0.0,0.0
2025/05/19 02:29:55.685326012,False,False,False,False,False,False,False,False,False,False,False,False,False,0.0,0.0,0.0,0.0,139.0,0.0,0.0,0.0,0.0,0.0,0.0,0.0,0.0,0.0
2025/05/19 02:29:55.784746142,False,False,False,False,False,False,False,False,False,False,False,False,False,0.0,0.0,0.0,0.0,139.0,0.0,0.0,0.0,0.0,0.0,0.0,0.0,0.0,0.0
2025/05/19 02:29:55.888603212,False,False,False,False,False,False,False,False,False,False,False,False,False,0.0,0.0,0.0,0.0,139.0,0.0,0.0,0.0,0.0,0.0,0.0,0.0,0.0,0.0
2025/05/19 02:29:55.989313953,False,False,False,False,False,False,False,False,False,False,False,False,False,0.0,0.0,0.0,0.0,138.0,0.0,0.0,0.0,0.0,0.0,0.0,0.0,0.0,0.0
2025/05/19 02:29:56.89752192,False,False,False,False,False,False,False,False,False,False,False,False,False,0.0,0.0,0.0,0.0,138.0,0.0,0.0,0.0,0.0,0.0,0.0,0.0,0.0,0.0
2025/05/19 02:29:56.191124795,False,False,False,False,False,False,False,False,False,False,False,False,False,0.0,0.0,0.0,0.0,138.0,0.0,0.0,0.0,0.0,0.0,0.0,0.0,0.0,0.0
2025/05/19 02:29:56.294672882,False,False,False,False,False,False,False,False,False,False,False,False,False,0.0,0.0,0.0,0.0,138.0,0.0,0.0,0.0,0.0,0.0,0.0,0.0,0.0,0.0
2025/05/19 02:29:56.382617196,False,False,False,False,False,False,False,False,False,False,False,False,False,0.0,0.0,0.0,0.0,138.0,0.0,0.0,0.0,0.0,0.0,0.0,0.0,0.0,0.0
2025/05/19 02:29:56.484759635,False,False,False,False,False,False,False,False,False,False,False,False,False,0.0,0.0,0.0,0.0,138.0,0.0,0.0,0.0,0.0,0.0,0.0,0.0,0.0,0.0
2025/05/19 02:29:56.584924049,False,False,False,False,False,False,False,False,False,False,False,False,False,0.0,0.0,0.0,0.0,138.0,0.0,0.0,0.0,0.0,0.0,0.0,0.0,0.0,0.0
2025/05/19 02:29:56.689389142,False,False,False,False,False,False,False,False,False,False,False,False,False,0.0,0.0,0.0,0.0,46.0,0.0,0.0,0.0,0.0,0.0,0.0,0.0,0.0,0.0
2025/05/19 02:29:56.789455370,False,False,False,False,False,False,False,False,False,False,False,False,False,0.0,0.0,0.0,0.0,129.0,0.0,0.0,0.0,0.0,0.0,0.0,0.0,0.0,0.0
2025/05/19 02:29:56.891462286,False,False,False,False,False,False,False,False,False,False,False,False,False,0.0,0.0,0.0,0.0,136.0,0.0,0.0,0.0,0.0,0.0,0.0,0.0,0.0,0.0
2025/05/19 02:29:56.991994885,False,False,False,False,False,False,False,False,False,False,False,False,False,0.0,0.0,0.0,0.0,136.0,0.0,0.0,0.0,0.0,0.0,0.0,0.0,0.0,0.0
2025/05/19 02:29:57.85253945,False,False,False,False,False,False,False,False,False,False,False,False,False,0.0,0.0,0.0,0.0,136.0,0.0,0.0,0.0,0.0,0.0,0.0,0.0,0.0,0.0
2025/05/19 02:29:57.185620381,False,False,False,False,False,False,False,False,False,False,False,False,False,0.0,0.0,0.0,0.0,136.0,0.0,0.0,0.0,0.0,0.0,0.0,0.0,0.0,0.0
2025/05/19 02:29:57.289151035,False,False,False,False,False,False,False,False,False,False,False,False,False,0.0,0.0,0.0,0.0,136.0,0.0,0.0,0.0,0.0,0.0,0.0,0.0,0.0,0.0
2025/05/19 02:29:57.390605121,False,False,False,False,False,False,False,False,False,False,False,False,False,0.0,0.0,0.0,0.0,136.0,0.0,0.0,0.0,0.0,0.0,0.0,0.0,0.0,0.0
2025/05/19 02:29:57.491992813,False,False,False,False,False,False,False,False,False,False,False,False,False,0.0,0.0,0.0,0.0,136.0,0.0,0.0,0.0,0.0,0.0,0.0,0.0,0.0,0.0
2025/05/19 02:29:57.592349822,False,False,False,False,False,False,False,False,False,False,False,False,False,0.0,0.0,0.0,0.0,61.0,0.0,0.0,0.0,0.0,0.0,0.0,0.0,0.0,0.0
2025/05/19 02:29:57.684701600,False,False,False,False,False,False,False,False,False,False,False,False,False,0.0,0.0,0.0,0.0,61.0,0.0,0.0,0.0,0.0,0.0,0.0,0.0,0.0,0.0
2025/05/19 02:29:57.786926318,False,False,False,False,False,False,False,False,False,False,False,False,False,0.0,0.0,0.0,0.0,102.0,0.0,0.0,0.0,0.0,0.0,0.0,0.0,0.0,0.0
2025/05/19 02:29:57.890157598,False,False,False,False,False,False,False,False,False,False,False,False,False,0.0,0.0,0.0,0.0,132.0,0.0,0.0,0.0,0.0,0.0,0.0,0.0,0.0,0.0
2025/05/19 02:29:57.991995893,False,False,False,False,False,False,False,False,False,False,False,False,False,0.0,0.0,0.0,0.0,132.0,0.0,0.0,0.0,0.0,0.0,0.0,0.0,0.0,0.0
2025/05/19 02:29:58.84430217,False,False,False,False,False,False,False,False,False,False,False,False,False,0.0,0.0,0.0,0.0,132.0,0.0,0.0,0.0,0.0,0.0,0.0,0.0,0.0,0.0
2025/05/19 02:29:58.184959803,False,False,False,False,False,False,False,False,False,False,False,False,False,0.0,0.0,0.0,0.0,129.0,0.0,0.0,0.0,0.0,0.0,0.0,0.0,0.0,0.0
2025/05/19 02:29:58.286701283,False,False,False,False,False,False,False,False,False,False,False,False,False,0.0,0.0,0.0,0.0,129.0,0.0,0.0,0.0,0.0,0.0,0.0,0.0,0.0,0.0
2025/05/19 02:29:58.386507506,False,False,False,False,False,False,False,False,False,False,False,False,False,0.0,0.0,0.0,0.0,129.0,0.0,0.0,0.0,0.0,0.0,0.0,0.0,0.0,0.0
2025/05/19 02:29:58.486997859,False,False,False,False,False,False,False,False,False,False,False,False,False,0.0,0.0,0.0,0.0,129.0,0.0,0.0,0.0,0.0,0.0,0.0,0.0,0.0,0.0
2025/05/19 02:29:58.587517406,False,False,False,False,False,False,False,False,False,False,False,False,False,0.0,0.0,0.0,0.0,129.0,0.0,0.0,0.0,0.0,0.0,0.0,0.0,0.0,0.0
2025/05/19 02:29:58.690366843,False,False,False,False,False,False,False,False,False,False,False,False,False,0.0,0.0,0.0,0.0,129.0,0.0,0.0,0.0,0.0,0.0,0.0,0.0,0.0,0.0
2025/05/19 02:29:58.783144737,False,False,False,False,False,False,False,False,False,False,False,False,False,0.0,0.0,0.0,0.0,129.0,0.0,0.0,0.0,0.0,0.0,0.0,0.0,0.0,0.0
2025/05/19 02:29:58.884822385,False,False,False,False,False,False,False,False,False,False,False,False,False,0.0,0.0,0.0,0.0,129.0,0.0,0.0,0.0,0.0,0.0,0.0,0.0,0.0,0.0
2025/05/19 02:29:58.985383491,False,False,False,False,False,False,False,False,False,False,False,False,False,0.0,0.0,0.0,0.0,129.0,0.0,0.0,0.0,0.0,0.0,0.0,0.0,0.0,0.0
2025/05/19 02:29:59.89016461,False,False,False,False,False,False,False,False,False,False,False,False,False,0.0,0.0,0.0,0.0,129.0,0.0,0.0,0.0,0.0,0.0,0.0,0.0,0.0,0.0
2025/05/19 02:29:59.189580542,False,False,False,False,False,False,False,False,False,False,False,False,False,0.0,0.0,0.0,0.0,121.0,0.0,0.0,0.0,0.0,0.0,0.0,0.0,0.0,0.0
2025/05/19 02:29:59.291708420,False,False,False,False,False,False,False,False,False,False,False,False,False,0.0,0.0,0.0,0.0,121.0,0.0,0.0,0.0,0.0,0.0,0.0,0.0,0.0,0.0
2025/05/19 02:29:59.394394778,False,False,False,False,False,False,False,False,False,False,False,False,False,0.0,0.0,0.0,0.0,121.0,0.0,0.0,0.0,0.0,0.0,0.0,0.0,0.0,0.0
2025/05/19 02:29:59.483464332,False,False,False,False,False,False,False,False,False,False,False,False,False,0.0,0.0,0.0,0.0,121.0,0.0,0.0,0.0,0.0,0.0,0.0,0.0,0.0,0.0
2025/05/19 02:29:59.583840184,False,False,False,False,False,False,False,False,False,False,False,False,False,0.0,0.0,0.0,0.0,121.0,0.0,0.0,0.0,0.0,0.0,0.0,0.0,0.0,0.0
2025/05/19 02:29:59.689005100,False,False,False,False,False,False,False,False,False,False,False,False,False,0.0,0.0,0.0,0.0,121.0,0.0,0.0,0.0,0.0,0.0,0.0,0.0,0.0,0.0
2025/05/19 02:29:59.787566538,False,False,False,False,False,False,False,False,False,False,False,False,False,0.0,0.0,0.0,0.0,122.0,0.0,0.0,0.0,0.0,0.0,0.0,0.0,0.0,0.0
2025/05/19 02:29:59.891609344,False,False,False,False,False,False,False,False,False,False,False,False,False,0.0,0.0,0.0,0.0,122.0,0.0,0.0,0.0,0.0,0.0,0.0,0.0,0.0,0.0
2025/05/19 02:29:59.991851663,False,False,False,False,False,False,False,False,False,False,False,False,False,0.0,0.0,0.0,0.0,122.0,0.0,0.0,0.0,0.0,0.0,0.0,0.0,0.0,0.0
2025/05/19 02:30:00.85779396,False,False,False,False,False,False,False,False,False,False,False,False,False,0.0,0.0,0.0,0.0,122.0,0.0,0.0,0.0,0.0,0.0,0.0,0.0,0.0,0.0
2025/05/19 02:30:00.189701403,False,False,False,False,False,False,False,False,False,False,False,False,False,0.0,0.0,0.0,0.0,118.99999999999999,0.0,0.0,0.0,0.0,0.0,0.0,0.0,0.0,0.0
2025/05/19 02:30:00.293850442,False,False,False,False,False,False,False,False,False,False,False,False,False,0.0,0.0,0.0,0.0,118.99999999999999,0.0,0.0,0.0,0.0,0.0,0.0,0.0,0.0,0.0
2025/05/19 02:30:00.392269473,False,False,False,False,False,False,False,False,False,False,False,False,False,0.0,0.0,0.0,0.0,118.99999999999999,0.0,0.0,0.0,0.0,0.0,0.0,0.0,0.0,0.0
2025/05/19 02:30:00.484508987,False,False,False,False,False,False,False,False,False,False,False,False,False,0.0,0.0,0.0,0.0,118.99999999999999,0.0,0.0,0.0,0.0,0.0,0.0,0.0,0.0,0.0
2025/05/19 02:30:00.584095699,False,False,False,False,False,False,False,False,False,False,False,False,False,0.0,0.0,0.0,0.0,118.99999999999999,0.0,0.0,0.0,0.0,0.0,0.0,0.0,0.0,0.0
2025/05/19 02:30:00.686376658,False,False,False,False,False,False,False,False,False,False,False,False,False,0.0,0.0,0.0,0.0,118.99999999999999,0.0,0.0,0.0,0.0,0.0,0.0,0.0,0.0,0.0
2025/05/19 02:30:00.786584956,False,False,False,False,False,False,False,False,False,False,False,False,False,0.0,0.0,0.0,0.0,118.99999999999999,0.0,0.0,0.0,0.0,0.0,0.0,0.0,0.0,0.0
2025/05/19 02:30:00.888121035,False,False,False,False,False,False,False,False,False,False,False,False,False,0.0,0.0,0.0,0.0,118.99999999999999,0.0,0.0,0.0,0.0,0.0,0.0,0.0,0.0,0.0
2025/05/19 02:30:00.990659481,False,False,False,False,False,False,False,False,False,False,False,False,False,0.0,0.0,0.0,0.0,118.99999999999999,0.0,0.0,0.0,0.0,0.0,0.0,0.0,0.0,0.0
2025/05/19 02:30:01.100592995,False,False,False,False,False,False,False,False,False,False,False,False,False,0.0,0.0,0.0,0.0,118.99999999999999,0.0,0.0,0.0,0.0,0.0,0.0,0.0,0.0,0.0
2025/05/19 02:30:01.184627256,False,False,False,False,False,False,False,False,False,False,False,False,False,0.0,0.0,0.0,0.0,112.0,0.0,0.0,0.0,0.0,0.0,0.0,0.0,0.0,0.0
2025/05/19 02:30:01.287565107,False,False,False,False,False,False,False,False,False,False,False,False,False,0.0,0.0,0.0,0.0,112.0,0.0,0.0,0.0,0.0,0.0,0.0,0.0,0.0,0.0
2025/05/19 02:30:01.388994129,False,False,False,False,False,False,False,False,False,False,False,False,False,0.0,0.0,0.0,0.0,112.0,0.0,0.0,0.0,0.0,0.0,0.0,0.0,0.0,0.0
2025/05/19 02:30:01.489885174,False,False,False,False,False,False,False,False,False,False,False,False,False,0.0,0.0,0.0,0.0,112.0,0.0,0.0,0.0,0.0,0.0,0.0,0.0,0.0,0.0
2025/05/19 02:30:01.593215442,False,False,False,False,False,False,False,False,False,False,False,False,False,0.0,0.0,0.0,0.0,112.0,0.0,0.0,0.0,0.0,0.0,0.0,0.0,0.0,0.0
2025/05/19 02:30:01.695926476,False,False,False,False,False,False,False,False,False,False,False,False,False,0.0,0.0,0.0,0.0,112.0,0.0,0.0,0.0,0.0,0.0,0.0,0.0,0.0,0.0
2025/05/19 02:30:01.782536629,False,False,False,False,False,False,False,False,False,False,False,False,False,0.0,0.0,0.0,0.0,112.0,0.0,0.0,0.0,0.0,0.0,0.0,0.0,0.0,0.0
2025/05/19 02:30:01.884540169,False,False,False,False,False,False,False,False,False,False,False,False,False,0.0,0.0,0.0,0.0,112.0,0.0,0.0,0.0,0.0,0.0,0.0,0.0,0.0,0.0
2025/05/19 02:30:01.985043640,False,False,False,False,False,False,False,False,False,False,False,False,False,0.0,0.0,0.0,0.0,112.0,0.0,0.0,0.0,0.0,0.0,0.0,0.0,0.0,0.0
2025/05/19 02:30:02.88733897,False,False,False,False,False,False,False,False,False,False,False,False,False,0.0,0.0,0.0,0.0,112.0,0.0,0.0,0.0,0.0,0.0,0.0,0.0,0.0,0.0
2025/05/19 02:30:02.189979936,False,False,False,False,False,False,False,False,False,False,False,False,False,0.0,0.0,0.0,0.0,33.0,0.0,0.0,0.0,0.0,0.0,0.0,0.0,0.0,0.0
2025/05/19 02:30:02.295549400,False,False,False,False,False,False,False,False,False,False,False,False,False,0.0,0.0,0.0,0.0,76.0,0.0,0.0,0.0,0.0,0.0,0.0,0.0,0.0,0.0
2025/05/19 02:30:02.384546159,False,False,False,False,False,False,False,False,False,False,False,False,False,0.0,0.0,0.0,0.0,105.0,0.0,0.0,0.0,0.0,0.0,0.0,0.0,0.0,0.0
2025/05/19 02:30:02.485505508,False,False,False,False,False,False,False,False,False,False,False,False,False,0.0,0.0,0.0,0.0,105.0,0.0,0.0,0.0,0.0,0.0,0.0,0.0,0.0,0.0
2025/05/19 02:30:02.590489781,False,False,False,False,False,False,False,False,False,False,False,False,False,0.0,0.0,0.0,0.0,105.0,0.0,0.0,0.0,0.0,0.0,0.0,0.0,0.0,0.0
2025/05/19 02:30:02.692357124,False,False,False,False,False,False,False,False,False,False,False,False,False,0.0,0.0,0.0,0.0,105.0,0.0,0.0,0.0,0.0,0.0,0.0,0.0,0.0,0.0
2025/05/19 02:30:02.794085105,False,False,False,False,False,False,False,False,False,False,False,False,False,0.0,0.0,0.0,0.0,105.0,0.0,0.0,0.0,0.0,0.0,0.0,0.0,0.0,0.0
2025/05/19 02:30:02.884552130,False,False,False,False,False,False,False,False,False,False,False,False,False,0.0,0.0,0.0,0.0,105.0,0.0,0.0,0.0,0.0,0.0,0.0,0.0,0.0,0.0
2025/05/19 02:30:02.984124179,False,False,False,False,False,False,False,False,False,False,False,False,False,0.0,0.0,0.0,0.0,105.0,0.0,0.0,0.0,0.0,0.0,0.0,0.0,0.0,0.0
2025/05/19 02:30:03.88099640,False,False,False,False,False,False,False,False,False,False,False,False,False,0.0,0.0,0.0,0.0,105.0,0.0,0.0,0.0,0.0,0.0,0.0,0.0,0.0,0.0
2025/05/19 02:30:03.186429166,False,False,False,False,False,False,False,False,False,False,False,False,False,0.0,0.0,0.0,0.0,4.0,0.0,0.0,0.0,0.0,0.0,0.0,0.0,0.0,0.0
2025/05/19 02:30:03.287879500,False,False,False,False,False,False,False,False,False,False,False,False,False,0.0,0.0,0.0,0.0,4.0,0.0,0.0,0.0,0.0,0.0,0.0,0.0,0.0,0.0
2025/05/19 02:30:03.392036313,False,False,False,False,False,False,False,False,False,False,False,False,False,0.0,0.0,0.0,0.0,4.0,0.0,0.0,0.0,0.0,0.0,0.0,0.0,0.0,0.0
2025/05/19 02:30:03.486300087,False,False,False,False,False,False,False,False,False,False,False,False,False,0.0,0.0,0.0,0.0,4.0,0.0,0.0,0.0,0.0,0.0,0.0,0.0,0.0,0.0
2025/05/19 02:30:03.585182332,False,False,False,False,False,False,False,False,False,False,False,False,False,0.0,0.0,0.0,0.0,4.0,0.0,0.0,0.0,0.0,0.0,0.0,0.0,0.0,0.0
2025/05/19 02:30:03.685846875,False,False,False,False,False,False,False,False,False,False,False,False,False,0.0,0.0,0.0,0.0,4.0,0.0,0.0,0.0,0.0,0.0,0.0,0.0,0.0,0.0
2025/05/19 02:30:03.785614629,False,False,False,False,False,False,False,False,False,False,False,False,False,0.0,0.0,0.0,0.0,4.0,0.0,0.0,0.0,0.0,0.0,0.0,0.0,0.0,0.0
2025/05/19 02:30:03.889199896,False,False,False,False,False,False,False,False,False,False,False,False,False,0.0,0.0,0.0,0.0,4.0,0.0,0.0,0.0,0.0,0.0,0.0,0.0,0.0,0.0
2025/05/19 02:30:03.993880248,False,False,False,False,False,False,False,False,False,False,False,False,False,0.0,0.0,0.0,0.0,4.0,0.0,0.0,0.0,0.0,0.0,0.0,0.0,0.0,0.0
2025/05/19 02:30:04.94212711,False,False,False,False,False,False,False,False,False,False,False,False,False,0.0,0.0,0.0,0.0,4.0,0.0,0.0,0.0,0.0,0.0,0.0,0.0,0.0,0.0
2025/05/19 02:30:04.183638556,False,False,False,False,False,False,False,False,False,False,False,False,False,0.0,0.0,0.0,0.0,4.0,0.0,0.0,0.0,0.0,0.0,0.0,0.0,0.0,0.0
2025/05/19 02:30:04.285213405,False,False,False,False,False,False,False,False,False,False,False,False,False,0.0,0.0,0.0,0.0,4.0,0.0,0.0,0.0,0.0,0.0,0.0,0.0,0.0,0.0
2025/05/19 02:30:04.385754146,False,False,False,False,False,False,False,False,False,False,False,False,False,0.0,0.0,0.0,0.0,4.0,0.0,0.0,0.0,0.0,0.0,0.0,0.0,0.0,0.0
2025/05/19 02:30:04.488802302,False,False,False,False,False,False,False,False,False,False,False,False,False,0.0,0.0,0.0,0.0,4.0,0.0,0.0,0.0,0.0,0.0,0.0,0.0,0.0,0.0
2025/05/19 02:30:04.588478789,False,False,False,False,False,False,False,False,False,False,False,False,False,0.0,0.0,0.0,0.0,7.0,0.0,0.0,0.0,0.0,0.0,0.0,0.0,0.0,0.0
2025/05/19 02:30:04.690641637,False,False,False,False,False,False,False,False,False,False,False,False,False,0.0,0.0,0.0,0.0,7.0,0.0,0.0,0.0,0.0,0.0,0.0,0.0,0.0,0.0
2025/05/19 02:30:04.791887439,False,False,False,False,False,False,False,False,False,False,False,False,False,0.0,0.0,0.0,0.0,8.0,0.0,0.0,0.0,0.0,0.0,0.0,0.0,0.0,0.0
2025/05/19 02:30:04.885918837,False,False,False,False,False,False,False,False,False,False,False,False,False,0.0,0.0,0.0,0.0,10.0,0.0,0.0,0.0,0.0,0.0,0.0,0.0,0.0,0.0
2025/05/19 02:30:04.984859296,False,False,False,False,False,False,False,False,False,False,False,False,False,0.0,0.0,0.0,0.0,11.0,0.0,0.0,0.0,0.0,0.0,0.0,0.0,0.0,0.0
2025/05/19 02:30:05.87122780,False,False,False,False,False,False,False,False,False,False,False,False,False,0.0,0.0,0.0,0.0,12.0,0.0,0.0,0.0,0.0,0.0,0.0,0.0,0.0,0.0
2025/05/19 02:30:05.187708306,False,False,False,False,False,False,False,False,False,False,False,False,False,0.0,0.0,0.0,0.0,58.00000000000001,0.0,0.0,0.0,0.0,0.0,0.0,0.0,0.0,0.0
2025/05/19 02:30:05.289365967,False,False,False,False,False,False,False,False,False,False,False,False,False,0.0,0.0,0.0,0.0,76.0,0.0,0.0,0.0,0.0,0.0,0.0,0.0,0.0,0.0
2025/05/19 02:30:05.390967806,False,False,False,False,False,False,False,False,False,False,False,False,False,0.0,0.0,0.0,0.0,76.0,0.0,0.0,0.0,0.0,0.0,0.0,0.0,0.0,0.0
2025/05/19 02:30:05.486798148,False,False,False,False,False,False,False,False,False,False,False,False,False,0.0,0.0,0.0,0.0,93.0,0.0,0.0,0.0,0.0,0.0,0.0,0.0,0.0,0.0
2025/05/19 02:30:05.585439456,False,False,False,False,False,False,False,False,False,False,False,False,False,0.0,0.0,0.0,0.0,110.00000000000001,0.0,0.0,0.0,0.0,0.0,0.0,0.0,0.0,0.0
2025/05/19 02:30:05.685212874,False,False,False,False,False,False,False,False,False,False,False,False,False,0.0,0.0,0.0,0.0,126.0,0.0,0.0,0.0,0.0,0.0,0.0,0.0,0.0,0.0
2025/05/19 02:30:05.787768280,False,False,False,False,False,False,False,False,False,False,False,False,False,0.0,0.0,0.0,0.0,158.0,0.0,0.0,0.0,0.0,0.0,0.0,0.0,0.0,0.0
2025/05/19 02:30:05.887787322,False,False,False,False,False,False,False,False,False,False,False,False,False,0.0,0.0,0.0,0.0,158.0,0.0,0.0,0.0,0.0,0.0,0.0,0.0,0.0,0.0
2025/05/19 02:30:05.990538502,False,False,False,False,False,False,False,False,False,False,False,False,False,0.0,0.0,0.0,0.0,182.00000000000003,0.0,0.0,0.0,0.0,0.0,0.0,0.0,0.0,0.0
2025/05/19 02:30:06.88431076,False,False,False,False,False,False,False,False,False,False,False,False,False,0.0,0.0,0.0,0.0,4.0,0.0,0.0,0.0,0.0,0.0,0.0,0.0,0.0,0.0
2025/05/19 02:30:06.186385748,False,False,False,False,False,False,False,False,False,False,False,False,False,0.0,0.0,0.0,0.0,4.0,0.0,0.0,0.0,0.0,0.0,0.0,0.0,0.0,0.0
2025/05/19 02:30:06.289723991,False,False,False,False,False,False,False,False,False,False,False,False,False,0.0,0.0,0.0,0.0,4.0,0.0,0.0,0.0,0.0,0.0,0.0,0.0,0.0,0.0
2025/05/19 02:30:06.389865371,False,False,False,False,False,False,False,False,False,False,False,False,False,0.0,0.0,0.0,0.0,4.0,0.0,0.0,0.0,0.0,0.0,0.0,0.0,0.0,0.0
2025/05/19 02:30:06.491493523,False,False,False,False,False,False,False,False,False,False,False,False,False,0.0,0.0,0.0,0.0,4.0,0.0,0.0,0.0,0.0,0.0,0.0,0.0,0.0,0.0
2025/05/19 02:30:06.590413218,False,False,False,False,False,False,False,False,False,False,False,False,False,0.0,0.0,0.0,0.0,4.0,0.0,0.0,0.0,0.0,0.0,0.0,0.0,0.0,0.0
2025/05/19 02:30:06.694143234,False,False,False,False,False,False,False,False,False,False,False,False,False,0.0,0.0,0.0,0.0,4.0,0.0,0.0,0.0,0.0,0.0,0.0,0.0,0.0,0.0
2025/05/19 02:30:06.791847325,False,False,False,False,False,False,False,False,False,False,False,False,False,0.0,0.0,0.0,0.0,4.0,0.0,0.0,0.0,0.0,0.0,0.0,0.0,0.0,0.0
2025/05/19 02:30:06.883107591,False,False,False,False,False,False,False,False,False,False,False,False,False,0.0,0.0,0.0,0.0,4.0,0.0,0.0,0.0,0.0,0.0,0.0,0.0,0.0,0.0
2025/05/19 02:30:06.984328788,False,False,False,False,False,False,False,False,False,False,False,False,False,0.0,0.0,0.0,0.0,4.0,0.0,0.0,0.0,0.0,0.0,0.0,0.0,0.0,0.0
2025/05/19 02:30:07.86800019,False,False,False,False,False,False,False,False,False,False,False,False,False,0.0,0.0,0.0,0.0,4.0,0.0,0.0,0.0,0.0,0.0,0.0,0.0,0.0,0.0
2025/05/19 02:30:07.187474501,False,False,False,False,False,False,False,False,False,False,False,False,False,0.0,0.0,0.0,0.0,17.0,0.0,0.0,0.0,0.0,0.0,0.0,0.0,0.0,0.0
2025/05/19 02:30:07.290127451,False,False,False,False,False,False,False,False,False,False,False,False,False,0.0,0.0,0.0,0.0,45.0,0.0,0.0,0.0,0.0,0.0,0.0,0.0,0.0,0.0
2025/05/19 02:30:07.389403510,False,False,False,False,False,False,False,False,False,False,False,False,False,0.0,0.0,0.0,0.0,59.99999999999999,0.0,0.0,0.0,0.0,0.0,0.0,0.0,0.0,0.0
2025/05/19 02:30:07.500582623,False,False,False,False,False,False,False,False,False,False,False,False,False,0.0,0.0,0.0,0.0,92.0,0.0,0.0,0.0,0.0,0.0,0.0,0.0,0.0,0.0
2025/05/19 02:30:07.582911011,False,False,False,False,False,False,False,False,False,False,False,False,False,0.0,0.0,0.0,0.0,92.0,0.0,0.0,0.0,0.0,0.0,0.0,0.0,0.0,0.0
2025/05/19 02:30:07.684825093,False,False,False,False,False,False,False,False,False,False,False,False,False,0.0,0.0,0.0,0.0,91.00000000000001,0.0,0.0,0.0,0.0,0.0,0.0,0.0,0.0,0.0
2025/05/19 02:30:07.786383510,False,False,False,False,False,False,False,False,False,False,False,False,False,0.0,0.0,0.0,0.0,91.00000000000001,0.0,0.0,0.0,0.0,0.0,0.0,0.0,0.0,0.0
2025/05/19 02:30:07.889118836,False,False,False,False,False,False,False,False,False,False,False,False,False,0.0,0.0,0.0,0.0,81.0,0.0,0.0,0.0,0.0,0.0,0.0,0.0,0.0,0.0
2025/05/19 02:30:07.989075975,False,False,False,False,False,False,False,False,False,False,False,False,False,0.0,0.0,0.0,0.0,81.0,0.0,0.0,0.0,0.0,0.0,0.0,0.0,0.0,0.0
2025/05/19 02:30:08.91764543,False,False,False,False,False,False,False,False,False,False,False,False,False,0.0,0.0,0.0,0.0,80.0,0.0,0.0,0.0,0.0,0.0,0.0,0.0,0.0,0.0
2025/05/19 02:30:08.193609478,False,False,False,False,False,False,False,False,False,False,False,False,False,0.0,0.0,0.0,0.0,80.0,0.0,0.0,0.0,0.0,0.0,0.0,0.0,0.0,0.0
2025/05/19 02:30:08.295706416,False,False,False,False,False,False,False,False,False,False,False,False,False,0.0,0.0,0.0,0.0,79.0,0.0,0.0,0.0,0.0,0.0,0.0,0.0,0.0,0.0
2025/05/19 02:30:08.383201227,False,False,False,False,False,False,False,False,False,False,False,False,False,0.0,0.0,0.0,0.0,79.0,0.0,0.0,0.0,0.0,0.0,0.0,0.0,0.0,0.0
2025/05/19 02:30:08.484914064,False,False,False,False,False,False,False,False,False,False,False,False,False,0.0,0.0,0.0,0.0,79.0,0.0,0.0,0.0,0.0,0.0,0.0,0.0,0.0,0.0
2025/05/19 02:30:08.587590110,False,False,False,False,False,False,False,False,False,False,False,False,False,0.0,0.0,0.0,0.0,78.0,0.0,0.0,0.0,0.0,0.0,0.0,0.0,0.0,0.0
2025/05/19 02:30:08.691823067,False,False,False,False,False,False,False,False,False,False,False,False,False,0.0,0.0,0.0,0.0,78.0,0.0,0.0,0.0,0.0,0.0,0.0,0.0,0.0,0.0
2025/05/19 02:30:08.789971911,False,False,False,False,False,False,False,False,False,False,False,False,False,0.0,0.0,0.0,0.0,4.0,0.0,0.0,0.0,0.0,0.0,0.0,0.0,0.0,0.0
2025/05/19 02:30:08.897748963,False,False,False,False,False,False,False,False,False,False,False,False,False,0.0,0.0,0.0,0.0,4.0,0.0,0.0,0.0,0.0,0.0,0.0,0.0,0.0,0.0
2025/05/19 02:30:08.992087217,False,False,False,False,False,False,False,False,False,False,False,False,False,0.0,0.0,0.0,0.0,4.0,0.0,0.0,0.0,0.0,0.0,0.0,0.0,0.0,0.0
2025/05/19 02:30:09.84641730,False,False,False,False,False,False,False,False,False,False,False,False,False,0.0,0.0,0.0,0.0,4.0,0.0,0.0,0.0,0.0,0.0,0.0,0.0,0.0,0.0
2025/05/19 02:30:09.184732478,False,False,False,False,False,False,False,False,False,False,False,False,False,0.0,0.0,0.0,0.0,4.0,0.0,0.0,0.0,0.0,0.0,0.0,0.0,0.0,0.0
2025/05/19 02:30:09.286225437,False,False,False,False,False,False,False,False,False,False,False,False,False,0.0,0.0,0.0,0.0,4.0,0.0,0.0,0.0,0.0,0.0,0.0,0.0,0.0,0.0
2025/05/19 02:30:09.385646984,False,False,False,False,False,False,False,False,False,False,False,False,False,0.0,0.0,0.0,0.0,4.0,0.0,0.0,0.0,0.0,0.0,0.0,0.0,0.0,0.0
2025/05/19 02:30:09.487613689,False,False,False,False,False,False,False,False,False,False,False,False,False,0.0,0.0,0.0,0.0,4.0,0.0,0.0,0.0,0.0,0.0,0.0,0.0,0.0,0.0
2025/05/19 02:30:09.588379510,False,False,False,False,False,False,False,False,False,False,False,False,False,0.0,0.0,0.0,0.0,4.0,0.0,0.0,0.0,0.0,0.0,0.0,0.0,0.0,0.0
2025/05/19 02:30:09.690043369,False,False,False,False,False,False,False,False,False,False,False,False,False,0.0,0.0,0.0,0.0,4.0,0.0,0.0,0.0,0.0,0.0,0.0,0.0,0.0,0.0
2025/05/19 02:30:09.790364008,False,False,False,False,False,False,False,False,False,False,False,False,False,0.0,0.0,0.0,0.0,4.0,0.0,0.0,0.0,0.0,0.0,0.0,0.0,0.0,0.0
2025/05/19 02:30:09.891637412,False,False,False,False,False,False,False,False,False,False,False,False,False,0.0,0.0,0.0,0.0,4.0,0.0,0.0,0.0,0.0,0.0,0.0,0.0,0.0,0.0
2025/05/19 02:30:09.991657302,False,False,False,False,False,False,False,False,False,False,False,False,False,0.0,0.0,0.0,0.0,4.0,0.0,0.0,0.0,0.0,0.0,0.0,0.0,0.0,0.0
2025/05/19 02:30:10.88723400,False,False,False,False,False,False,False,False,False,False,False,False,False,0.0,0.0,0.0,0.0,4.0,0.0,0.0,0.0,0.0,0.0,0.0,0.0,0.0,0.0
2025/05/19 02:30:10.183870548,False,False,False,False,False,False,False,False,False,False,False,False,False,0.0,0.0,0.0,0.0,4.0,0.0,0.0,0.0,0.0,0.0,0.0,0.0,0.0,0.0
2025/05/19 02:30:10.286149036,False,False,False,False,False,False,False,False,False,False,False,False,False,0.0,0.0,0.0,0.0,4.0,0.0,0.0,0.0,0.0,0.0,0.0,0.0,0.0,0.0
2025/05/19 02:30:10.385983666,False,False,False,False,False,False,False,False,False,False,False,False,False,0.0,0.0,0.0,0.0,4.0,0.0,0.0,0.0,0.0,0.0,0.0,0.0,0.0,0.0
2025/05/19 02:30:10.490395397,False,False,False,False,False,False,False,False,False,False,False,False,False,0.0,0.0,0.0,0.0,4.0,0.0,0.0,0.0,0.0,0.0,0.0,0.0,0.0,0.0
2025/05/19 02:30:10.591942962,False,False,False,False,False,False,False,False,False,False,False,False,False,0.0,0.0,0.0,0.0,4.0,0.0,0.0,0.0,0.0,0.0,0.0,0.0,0.0,0.0
2025/05/19 02:30:10.689267581,False,False,False,False,False,False,False,False,False,False,False,False,False,0.0,0.0,0.0,0.0,4.0,0.0,0.0,0.0,0.0,0.0,0.0,0.0,0.0,0.0
2025/05/19 02:30:10.787152428,False,False,False,False,False,False,False,False,False,False,False,False,False,0.0,0.0,0.0,0.0,4.0,0.0,0.0,0.0,0.0,0.0,0.0,0.0,0.0,0.0
2025/05/19 02:30:10.889629967,False,False,False,False,False,False,False,False,False,False,False,False,False,0.0,0.0,0.0,0.0,4.0,0.0,0.0,0.0,0.0,0.0,0.0,0.0,0.0,0.0
2025/05/19 02:30:10.992033550,False,False,False,False,False,False,False,False,False,False,False,False,False,0.0,0.0,0.0,0.0,4.0,0.0,0.0,0.0,0.0,0.0,0.0,0.0,0.0,0.0
2025/05/19 02:30:11.85173118,False,False,False,False,False,False,False,False,False,False,False,False,False,0.0,0.0,0.0,0.0,4.0,0.0,0.0,0.0,0.0,0.0,0.0,0.0,0.0,0.0
2025/05/19 02:30:11.188691894,False,False,False,False,False,False,False,False,False,False,False,False,False,0.0,0.0,0.0,0.0,4.0,0.0,0.0,0.0,0.0,0.0,0.0,0.0,0.0,0.0
2025/05/19 02:30:11.288662495,False,False,False,False,False,False,False,False,False,False,False,False,False,0.0,0.0,0.0,0.0,4.0,0.0,0.0,0.0,0.0,0.0,0.0,0.0,0.0,0.0
2025/05/19 02:30:11.392593035,False,False,False,False,False,False,False,False,False,False,False,False,False,0.0,0.0,0.0,0.0,4.0,0.0,0.0,0.0,0.0,0.0,0.0,0.0,0.0,0.0
2025/05/19 02:30:11.490767466,False,False,False,False,False,False,False,False,False,False,False,False,False,0.0,0.0,0.0,0.0,4.0,0.0,0.0,0.0,0.0,0.0,0.0,0.0,0.0,0.0
2025/05/19 02:30:11.589246232,False,False,False,False,False,False,False,False,False,False,False,False,False,0.0,0.0,0.0,0.0,4.0,0.0,0.0,0.0,0.0,0.0,0.0,0.0,0.0,0.0
2025/05/19 02:30:11.690846872,False,False,False,False,False,False,False,False,False,False,False,False,False,0.0,0.0,0.0,0.0,4.0,0.0,0.0,0.0,0.0,0.0,0.0,0.0,0.0,0.0
2025/05/19 02:30:11.794293302,False,False,False,False,False,False,False,False,False,False,False,False,False,0.0,0.0,0.0,0.0,4.0,0.0,0.0,0.0,0.0,0.0,0.0,0.0,0.0,0.0
2025/05/19 02:30:11.885989205,False,False,False,False,False,False,False,False,False,False,False,False,False,0.0,0.0,0.0,0.0,4.0,0.0,0.0,0.0,0.0,0.0,0.0,0.0,0.0,0.0
2025/05/19 02:30:11.985656336,False,False,False,False,False,False,False,False,False,False,False,False,False,0.0,0.0,0.0,0.0,4.0,0.0,0.0,0.0,0.0,0.0,0.0,0.0,0.0,0.0
2025/05/19 02:30:12.91110054,False,False,False,False,False,False,False,False,False,False,False,False,False,0.0,0.0,0.0,0.0,4.0,0.0,0.0,0.0,0.0,0.0,0.0,0.0,0.0,0.0
2025/05/19 02:30:12.188352771,False,False,False,False,False,False,False,False,False,False,False,False,False,0.0,0.0,0.0,0.0,4.0,0.0,0.0,0.0,0.0,0.0,0.0,0.0,0.0,0.0
2025/05/19 02:30:12.290392983,False,False,False,False,False,False,False,False,False,False,False,False,False,0.0,0.0,0.0,0.0,4.0,0.0,0.0,0.0,0.0,0.0,0.0,0.0,0.0,0.0
2025/05/19 02:30:12.389553004,False,False,False,False,False,False,False,False,False,False,False,False,False,0.0,0.0,0.0,0.0,4.0,0.0,0.0,0.0,0.0,0.0,0.0,0.0,0.0,0.0
2025/05/19 02:30:12.491904063,False,False,False,False,False,False,False,False,False,False,False,False,False,0.0,0.0,0.0,0.0,4.0,0.0,0.0,0.0,0.0,0.0,0.0,0.0,0.0,0.0
2025/05/19 02:30:12.592493070,False,False,False,False,False,False,False,False,False,False,False,False,False,0.0,0.0,0.0,0.0,4.0,0.0,0.0,0.0,0.0,0.0,0.0,0.0,0.0,0.0
2025/05/19 02:30:12.685989580,False,False,False,False,False,False,False,False,False,False,False,False,False,0.0,0.0,0.0,0.0,4.0,0.0,0.0,0.0,0.0,0.0,0.0,0.0,0.0,0.0
2025/05/19 02:30:12.784825793,False,False,False,False,False,False,False,False,False,False,False,False,False,0.0,0.0,0.0,0.0,4.0,0.0,0.0,0.0,0.0,0.0,0.0,0.0,0.0,0.0
2025/05/19 02:30:12.888014599,False,False,False,False,False,False,False,False,False,False,False,False,False,0.0,0.0,0.0,0.0,4.0,0.0,0.0,0.0,0.0,0.0,0.0,0.0,0.0,0.0
2025/05/19 02:30:12.985291306,False,False,False,False,False,False,False,False,False,False,False,False,False,0.0,0.0,0.0,0.0,4.0,0.0,0.0,0.0,0.0,0.0,0.0,0.0,0.0,0.0
2025/05/19 02:30:13.86984130,False,False,False,False,False,False,False,False,False,False,False,False,False,0.0,0.0,0.0,0.0,4.0,0.0,0.0,0.0,0.0,0.0,0.0,0.0,0.0,0.0
2025/05/19 02:30:13.188134754,False,False,False,False,False,False,False,False,False,False,False,False,False,0.0,0.0,0.0,0.0,4.0,0.0,0.0,0.0,0.0,0.0,0.0,0.0,0.0,0.0
2025/05/19 02:30:13.290972194,False,False,False,False,False,False,False,False,False,False,False,False,False,0.0,0.0,0.0,0.0,4.0,0.0,0.0,0.0,0.0,0.0,0.0,0.0,0.0,0.0
2025/05/19 02:30:13.390130578,False,False,False,False,False,False,False,False,False,False,False,False,False,0.0,0.0,0.0,0.0,4.0,0.0,0.0,0.0,0.0,0.0,0.0,0.0,0.0,0.0
2025/05/19 02:30:13.492622447,False,False,False,False,False,False,False,False,False,False,False,False,False,0.0,0.0,0.0,0.0,4.0,0.0,0.0,0.0,0.0,0.0,0.0,0.0,0.0,0.0
2025/05/19 02:30:13.593443242,False,False,False,False,False,False,False,False,False,False,False,False,False,0.0,0.0,0.0,0.0,4.0,0.0,0.0,0.0,0.0,0.0,0.0,0.0,0.0,0.0
2025/05/19 02:30:13.684147539,False,False,False,False,False,False,False,False,False,False,False,False,False,0.0,0.0,0.0,0.0,4.0,0.0,0.0,0.0,0.0,0.0,0.0,0.0,0.0,0.0
2025/05/19 02:30:13.785176730,False,False,False,False,False,False,False,False,False,False,False,False,False,0.0,0.0,0.0,0.0,4.0,0.0,0.0,0.0,0.0,0.0,0.0,0.0,0.0,0.0
2025/05/19 02:30:13.888759376,False,False,False,False,False,False,False,False,False,False,False,False,False,0.0,0.0,0.0,0.0,4.0,0.0,0.0,0.0,0.0,0.0,0.0,0.0,0.0,0.0
2025/05/19 02:30:13.991075782,False,False,False,False,False,False,False,False,False,False,False,False,False,0.0,0.0,0.0,0.0,4.0,0.0,0.0,0.0,0.0,0.0,0.0,0.0,0.0,0.0
2025/05/19 02:30:14.89717179,False,False,False,False,False,False,False,False,False,False,False,False,False,0.0,0.0,0.0,0.0,4.0,0.0,0.0,0.0,0.0,0.0,0.0,0.0,0.0,0.0
2025/05/19 02:30:14.189732132,False,False,False,False,False,False,False,False,False,False,False,False,False,0.0,0.0,0.0,0.0,4.0,0.0,0.0,0.0,0.0,0.0,0.0,0.0,0.0,0.0
2025/05/19 02:30:14.291687580,False,False,False,False,False,False,False,False,False,False,False,False,False,0.0,0.0,0.0,0.0,4.0,0.0,0.0,0.0,0.0,0.0,0.0,0.0,0.0,0.0
2025/05/19 02:30:14.383039537,False,False,False,False,False,False,False,False,False,False,False,False,False,0.0,0.0,0.0,0.0,4.0,0.0,0.0,0.0,0.0,0.0,0.0,0.0,0.0,0.0
2025/05/19 02:30:14.485772784,False,False,False,False,False,False,False,False,False,False,False,False,False,0.0,0.0,0.0,0.0,4.0,0.0,0.0,0.0,0.0,0.0,0.0,0.0,0.0,0.0
2025/05/19 02:30:14.587334420,False,False,False,False,False,False,False,False,False,False,False,False,False,0.0,0.0,0.0,0.0,4.0,0.0,0.0,0.0,0.0,0.0,0.0,0.0,0.0,0.0
2025/05/19 02:30:14.687675533,False,False,False,False,False,False,False,False,False,False,False,False,False,0.0,0.0,0.0,0.0,4.0,0.0,0.0,0.0,0.0,0.0,0.0,0.0,0.0,0.0
2025/05/19 02:30:14.788341686,False,False,False,False,False,False,False,False,False,False,False,False,False,0.0,0.0,0.0,0.0,42.0,0.0,0.0,0.0,0.0,0.0,0.0,0.0,0.0,0.0
2025/05/19 02:30:14.890863874,False,False,False,False,False,False,False,False,False,False,False,False,False,0.0,0.0,0.0,0.0,56.0,0.0,0.0,0.0,0.0,0.0,0.0,0.0,0.0,0.0
2025/05/19 02:30:14.989239285,False,False,False,False,False,False,False,False,False,False,False,False,False,0.0,0.0,0.0,0.0,56.0,0.0,0.0,0.0,0.0,0.0,0.0,0.0,0.0,0.0
2025/05/19 02:30:15.92753526,False,False,False,False,False,False,False,False,False,False,False,False,False,0.0,0.0,0.0,0.0,56.0,0.0,0.0,0.0,0.0,0.0,0.0,0.0,0.0,0.0
2025/05/19 02:30:15.191608541,False,False,False,False,False,False,False,False,False,False,False,False,False,0.0,0.0,0.0,0.0,55.00000000000001,0.0,0.0,0.0,0.0,0.0,0.0,0.0,0.0,0.0
2025/05/19 02:30:15.288036416,False,False,False,False,False,False,False,False,False,False,False,False,False,0.0,0.0,0.0,0.0,54.0,0.0,0.0,0.0,0.0,0.0,0.0,0.0,0.0,0.0
2025/05/19 02:30:15.388082371,False,False,False,False,False,False,False,False,False,False,False,False,False,0.0,0.0,0.0,0.0,54.0,0.0,0.0,0.0,0.0,0.0,0.0,0.0,0.0,0.0
2025/05/19 02:30:15.489525573,False,False,False,False,False,False,False,False,False,False,False,False,False,0.0,0.0,0.0,0.0,53.00000000000001,0.0,0.0,0.0,0.0,0.0,0.0,0.0,0.0,0.0
2025/05/19 02:30:15.589962494,False,False,False,False,False,False,False,False,False,False,False,False,False,0.0,0.0,0.0,0.0,53.00000000000001,0.0,0.0,0.0,0.0,0.0,0.0,0.0,0.0,0.0
2025/05/19 02:30:15.692182432,False,False,False,False,False,False,False,False,False,False,False,False,False,0.0,0.0,0.0,0.0,52.00000000000001,0.0,0.0,0.0,0.0,0.0,0.0,0.0,0.0,0.0
2025/05/19 02:30:15.791199313,False,False,False,False,False,False,False,False,False,False,False,False,False,0.0,0.0,0.0,0.0,59.99999999999999,0.0,0.0,0.0,0.0,0.0,0.0,0.0,0.0,0.0
2025/05/19 02:30:15.889271204,False,False,False,False,False,False,False,False,False,False,False,False,False,0.0,0.0,0.0,0.0,69.99999999999999,0.0,0.0,0.0,0.0,0.0,0.0,0.0,0.0,0.0
2025/05/19 02:30:15.984194875,False,False,False,False,False,False,False,False,False,False,False,False,False,0.0,0.0,0.0,0.0,69.99999999999999,0.0,0.0,0.0,0.0,0.0,0.0,0.0,0.0,0.0
2025/05/19 02:30:16.86023156,False,False,False,False,False,False,False,False,False,False,False,False,False,0.0,0.0,0.0,0.0,69.0,0.0,0.0,0.0,0.0,0.0,0.0,0.0,0.0,0.0
2025/05/19 02:30:16.187368291,False,False,False,False,False,False,False,False,False,False,False,False,False,0.0,0.0,0.0,0.0,69.0,0.0,0.0,0.0,0.0,0.0,0.0,0.0,0.0,0.0
2025/05/19 02:30:16.289110068,False,False,False,False,False,False,False,False,False,False,False,False,False,0.0,0.0,0.0,0.0,68.0,0.0,0.0,0.0,0.0,0.0,0.0,0.0,0.0,0.0
2025/05/19 02:30:16.390949889,False,False,False,False,False,False,False,False,False,False,False,False,False,0.0,0.0,0.0,0.0,67.0,0.0,0.0,0.0,0.0,0.0,0.0,0.0,0.0,0.0
2025/05/19 02:30:16.492482028,False,False,False,False,False,False,False,False,False,False,False,False,False,0.0,0.0,0.0,0.0,67.0,0.0,0.0,0.0,0.0,0.0,0.0,0.0,0.0,0.0
2025/05/19 02:30:16.585300106,False,False,False,False,False,False,False,False,False,False,False,False,False,0.0,0.0,0.0,0.0,67.0,0.0,0.0,0.0,0.0,0.0,0.0,0.0,0.0,0.0
2025/05/19 02:30:16.694672062,False,False,False,False,False,False,False,False,False,False,False,False,False,0.0,0.0,0.0,0.0,67.0,0.0,0.0,0.0,0.0,0.0,0.0,0.0,0.0,0.0
2025/05/19 02:30:16.784924560,False,False,False,False,False,False,False,False,False,False,False,False,False,0.0,0.0,0.0,0.0,23.0,0.0,0.0,0.0,0.0,0.0,0.0,0.0,0.0,0.0
2025/05/19 02:30:16.891636262,False,False,False,False,False,False,False,False,False,False,False,False,False,0.0,0.0,0.0,0.0,20.0,0.0,0.0,0.0,0.0,0.0,0.0,0.0,0.0,0.0
2025/05/19 02:30:16.989907300,False,False,False,False,False,False,False,False,False,False,False,False,False,0.0,0.0,0.0,0.0,20.0,0.0,0.0,0.0,0.0,0.0,0.0,0.0,0.0,0.0
2025/05/19 02:30:17.85208808,False,False,False,False,False,False,False,False,False,False,False,False,False,0.0,0.0,0.0,0.0,19.0,0.0,0.0,0.0,0.0,0.0,0.0,0.0,0.0,0.0
2025/05/19 02:30:17.185151420,False,False,False,False,False,False,False,False,False,False,False,False,False,0.0,0.0,0.0,0.0,19.0,0.0,0.0,0.0,0.0,0.0,0.0,0.0,0.0,0.0
2025/05/19 02:30:17.287711911,False,False,False,False,False,False,False,False,False,False,False,False,False,0.0,0.0,0.0,0.0,18.0,0.0,0.0,0.0,0.0,0.0,0.0,0.0,0.0,0.0
2025/05/19 02:30:17.387144648,False,False,False,False,False,False,False,False,False,False,False,False,False,0.0,0.0,0.0,0.0,17.0,0.0,0.0,0.0,0.0,0.0,0.0,0.0,0.0,0.0
2025/05/19 02:30:17.488610190,False,False,False,False,False,False,False,False,False,False,False,False,False,0.0,0.0,0.0,0.0,17.0,0.0,0.0,0.0,0.0,0.0,0.0,0.0,0.0,0.0
2025/05/19 02:30:17.588897622,False,False,False,False,False,False,False,False,False,False,False,False,False,0.0,0.0,0.0,0.0,17.0,0.0,0.0,0.0,0.0,0.0,0.0,0.0,0.0,0.0
2025/05/19 02:30:17.692280387,False,False,False,False,False,False,False,False,False,False,False,False,False,0.0,0.0,0.0,0.0,16.0,0.0,0.0,0.0,0.0,0.0,0.0,0.0,0.0,0.0
2025/05/19 02:30:17.792481909,False,False,False,False,False,False,False,False,False,False,False,False,False,0.0,0.0,0.0,0.0,4.0,0.0,0.0,0.0,0.0,0.0,0.0,0.0,0.0,0.0
2025/05/19 02:30:17.885598879,False,False,False,False,False,False,False,False,False,False,False,False,False,0.0,0.0,0.0,0.0,4.0,0.0,0.0,0.0,0.0,0.0,0.0,0.0,0.0,0.0
2025/05/19 02:30:17.986181036,False,False,False,False,False,False,False,False,False,False,False,False,False,0.0,0.0,0.0,0.0,4.0,0.0,0.0,0.0,0.0,0.0,0.0,0.0,0.0,0.0
2025/05/19 02:30:18.92271008,False,False,False,False,False,False,False,False,False,False,False,False,False,0.0,0.0,0.0,0.0,4.0,0.0,0.0,0.0,0.0,0.0,0.0,0.0,0.0,0.0
2025/05/19 02:30:18.189511055,False,False,False,False,False,False,False,False,False,False,False,False,False,0.0,0.0,0.0,0.0,4.0,0.0,0.0,0.0,0.0,0.0,0.0,0.0,0.0,0.0
2025/05/19 02:30:18.292048337,False,False,False,False,False,False,False,False,False,False,False,False,False,0.0,0.0,0.0,0.0,4.0,0.0,0.0,0.0,0.0,0.0,0.0,0.0,0.0,0.0
2025/05/19 02:30:18.391722348,False,False,False,False,False,False,False,False,False,False,False,False,False,0.0,0.0,0.0,0.0,4.0,0.0,0.0,0.0,0.0,0.0,0.0,0.0,0.0,0.0
2025/05/19 02:30:18.484066328,False,False,False,False,False,False,False,False,False,False,False,False,False,0.0,0.0,0.0,0.0,4.0,0.0,0.0,0.0,0.0,0.0,0.0,0.0,0.0,0.0
2025/05/19 02:30:18.583464995,False,False,False,False,False,False,False,False,False,False,False,False,False,0.0,0.0,0.0,0.0,4.0,0.0,0.0,0.0,0.0,0.0,0.0,0.0,0.0,0.0
2025/05/19 02:30:18.685857607,False,False,False,False,False,False,False,False,False,False,False,False,False,0.0,0.0,0.0,0.0,4.0,0.0,0.0,0.0,0.0,0.0,0.0,0.0,0.0,0.0
2025/05/19 02:30:18.785906024,False,False,False,False,False,False,False,False,False,False,False,False,False,0.0,0.0,0.0,0.0,18.0,0.0,0.0,0.0,0.0,0.0,0.0,0.0,0.0,0.0
2025/05/19 02:30:18.888696975,False,False,False,False,False,False,False,False,False,False,False,False,False,0.0,0.0,0.0,0.0,33.0,0.0,0.0,0.0,0.0,0.0,0.0,0.0,0.0,0.0
2025/05/19 02:30:18.987120161,False,False,False,False,False,False,False,False,False,False,False,False,False,0.0,0.0,0.0,0.0,33.0,0.0,0.0,0.0,0.0,0.0,0.0,0.0,0.0,0.0
2025/05/19 02:30:19.89838645,False,False,False,False,False,False,False,False,False,False,False,False,False,0.0,0.0,0.0,0.0,32.0,0.0,0.0,0.0,0.0,0.0,0.0,0.0,0.0,0.0
2025/05/19 02:30:19.190107655,False,False,False,False,False,False,False,False,False,False,False,False,False,0.0,0.0,0.0,0.0,32.0,0.0,0.0,0.0,0.0,0.0,0.0,0.0,0.0,0.0
2025/05/19 02:30:19.293678833,False,False,False,False,False,False,False,False,False,False,False,False,False,0.0,0.0,0.0,0.0,32.0,0.0,0.0,0.0,0.0,0.0,0.0,0.0,0.0,0.0
2025/05/19 02:30:19.394713961,False,False,False,False,False,False,False,False,False,False,False,False,False,0.0,0.0,0.0,0.0,30.999999999999996,0.0,0.0,0.0,0.0,0.0,0.0,0.0,0.0,0.0
2025/05/19 02:30:19.495284217,False,False,False,False,False,False,False,False,False,False,False,False,False,0.0,0.0,0.0,0.0,30.999999999999996,0.0,0.0,0.0,0.0,0.0,0.0,0.0,0.0,0.0
2025/05/19 02:30:19.584695299,False,False,False,False,False,False,False,False,False,False,False,False,False,0.0,0.0,0.0,0.0,30.999999999999996,0.0,0.0,0.0,0.0,0.0,0.0,0.0,0.0,0.0
2025/05/19 02:30:19.686835450,False,False,False,False,False,False,False,False,False,False,False,False,False,0.0,0.0,0.0,0.0,30.999999999999996,0.0,0.0,0.0,0.0,0.0,0.0,0.0,0.0,0.0
2025/05/19 02:30:19.787919424,False,False,False,False,False,False,False,False,False,False,False,False,False,0.0,0.0,0.0,0.0,4.0,0.0,0.0,0.0,0.0,0.0,0.0,0.0,0.0,0.0
2025/05/19 02:30:19.892076894,False,False,False,False,False,False,False,False,False,False,False,False,False,0.0,0.0,0.0,0.0,4.0,0.0,0.0,0.0,0.0,0.0,0.0,0.0,0.0,0.0
2025/05/19 02:30:19.991242152,False,False,False,False,False,False,False,False,False,False,False,False,False,0.0,0.0,0.0,0.0,4.0,0.0,0.0,0.0,0.0,0.0,0.0,0.0,0.0,0.0
2025/05/19 02:30:20.93038284,False,False,False,False,False,False,False,False,False,False,False,False,False,0.0,0.0,0.0,0.0,4.0,0.0,0.0,0.0,0.0,0.0,0.0,0.0,0.0,0.0
2025/05/19 02:30:20.192545745,False,False,False,False,False,False,False,False,False,False,False,False,False,0.0,0.0,0.0,0.0,4.0,0.0,0.0,0.0,0.0,0.0,0.0,0.0,0.0,0.0
2025/05/19 02:30:20.285772541,False,False,False,False,False,False,False,False,False,False,False,False,False,0.0,0.0,0.0,0.0,4.0,0.0,0.0,0.0,0.0,0.0,0.0,0.0,0.0,0.0
2025/05/19 02:30:20.389458323,False,False,False,False,False,False,False,False,False,False,False,False,False,0.0,0.0,0.0,0.0,4.0,0.0,0.0,0.0,0.0,0.0,0.0,0.0,0.0,0.0
2025/05/19 02:30:20.485401409,False,False,False,False,False,False,False,False,False,False,False,False,False,0.0,0.0,0.0,0.0,4.0,0.0,0.0,0.0,0.0,0.0,0.0,0.0,0.0,0.0
2025/05/19 02:30:20.584909266,False,False,False,False,False,False,False,False,False,False,False,False,False,0.0,0.0,0.0,0.0,4.0,0.0,0.0,0.0,0.0,0.0,0.0,0.0,0.0,0.0
2025/05/19 02:30:20.687631318,False,False,False,False,False,False,False,False,False,False,False,False,False,0.0,0.0,0.0,0.0,4.0,0.0,0.0,0.0,0.0,0.0,0.0,0.0,0.0,0.0
2025/05/19 02:30:20.786404423,False,False,False,False,False,False,False,False,False,False,False,False,False,0.0,0.0,0.0,0.0,4.0,0.0,0.0,0.0,0.0,0.0,0.0,0.0,0.0,0.0
2025/05/19 02:30:20.889099357,False,False,False,False,False,False,False,False,False,False,False,False,False,0.0,0.0,0.0,0.0,4.0,0.0,0.0,0.0,0.0,0.0,0.0,0.0,0.0,0.0
2025/05/19 02:30:20.988448871,False,False,False,False,False,False,False,False,False,False,False,False,False,0.0,0.0,0.0,0.0,4.0,0.0,0.0,0.0,0.0,0.0,0.0,0.0,0.0,0.0
2025/05/19 02:30:21.91007282,False,False,False,False,False,False,False,False,False,False,False,False,False,0.0,0.0,0.0,0.0,4.0,0.0,0.0,0.0,0.0,0.0,0.0,0.0,0.0,0.0
2025/05/19 02:30:21.193953401,False,False,False,False,False,False,False,False,False,False,False,False,False,0.0,0.0,0.0,0.0,4.0,0.0,0.0,0.0,0.0,0.0,0.0,0.0,0.0,0.0
2025/05/19 02:30:21.293790919,False,False,False,False,False,False,False,False,False,False,False,False,False,0.0,0.0,0.0,0.0,4.0,0.0,0.0,0.0,0.0,0.0,0.0,0.0,0.0,0.0
2025/05/19 02:30:21.382557464,False,False,False,False,False,False,False,False,False,False,False,False,False,0.0,0.0,0.0,0.0,4.0,0.0,0.0,0.0,0.0,0.0,0.0,0.0,0.0,0.0
2025/05/19 02:30:21.484936570,False,False,False,False,False,False,False,False,False,False,False,False,False,0.0,0.0,0.0,0.0,4.0,0.0,0.0,0.0,0.0,0.0,0.0,0.0,0.0,0.0
2025/05/19 02:30:21.584619969,False,False,False,False,False,False,False,False,False,False,False,False,False,0.0,0.0,0.0,0.0,4.0,0.0,0.0,0.0,0.0,0.0,0.0,0.0,0.0,0.0
2025/05/19 02:30:21.687709321,False,False,False,False,False,False,False,False,False,False,False,False,False,0.0,0.0,0.0,0.0,4.0,0.0,0.0,0.0,0.0,0.0,0.0,0.0,0.0,0.0
2025/05/19 02:30:21.789514437,False,False,False,False,False,False,False,False,False,False,False,False,False,0.0,0.0,0.0,0.0,13.000000000000002,0.0,0.0,0.0,0.0,0.0,0.0,0.0,0.0,0.0
2025/05/19 02:30:21.890357096,False,False,False,False,False,False,False,False,False,False,False,False,False,0.0,0.0,0.0,0.0,24.0,0.0,0.0,0.0,0.0,0.0,0.0,0.0,0.0,0.0
2025/05/19 02:30:21.989762935,False,False,False,False,False,False,False,False,False,False,False,False,False,0.0,0.0,0.0,0.0,24.0,0.0,0.0,0.0,0.0,0.0,0.0,0.0,0.0,0.0
2025/05/19 02:30:22.86102255,False,False,False,False,False,False,False,False,False,False,False,False,False,0.0,0.0,0.0,0.0,23.0,0.0,0.0,0.0,0.0,0.0,0.0,0.0,0.0,0.0
2025/05/19 02:30:22.188647511,False,False,False,False,False,False,False,False,False,False,False,False,False,0.0,0.0,0.0,0.0,23.0,0.0,0.0,0.0,0.0,0.0,0.0,0.0,0.0,0.0
2025/05/19 02:30:22.297055515,False,False,False,False,False,False,False,False,False,False,False,False,False,0.0,0.0,0.0,0.0,23.0,0.0,0.0,0.0,0.0,0.0,0.0,0.0,0.0,0.0
2025/05/19 02:30:22.394438784,False,False,False,False,False,False,False,False,False,False,False,False,False,0.0,0.0,0.0,0.0,23.0,0.0,0.0,0.0,0.0,0.0,0.0,0.0,0.0,0.0
2025/05/19 02:30:22.490612426,False,False,False,False,False,False,False,False,False,False,False,False,False,0.0,0.0,0.0,0.0,22.0,0.0,0.0,0.0,0.0,0.0,0.0,0.0,0.0,0.0
2025/05/19 02:30:22.591962912,False,False,False,False,False,False,False,False,False,False,False,False,False,0.0,0.0,0.0,0.0,22.0,0.0,0.0,0.0,0.0,0.0,0.0,0.0,0.0,0.0
2025/05/19 02:30:22.683301617,False,False,False,False,False,False,False,False,False,False,False,False,False,0.0,0.0,0.0,0.0,22.0,0.0,0.0,0.0,0.0,0.0,0.0,0.0,0.0,0.0
2025/05/19 02:30:22.783215861,False,False,False,False,False,False,False,False,False,False,False,False,False,0.0,0.0,0.0,0.0,34.99999999999999,0.0,0.0,0.0,0.0,0.0,0.0,0.0,0.0,0.0
2025/05/19 02:30:22.885116379,False,False,False,False,False,False,False,False,False,False,False,False,False,0.0,0.0,0.0,0.0,66.0,0.0,0.0,0.0,0.0,0.0,0.0,0.0,0.0,0.0
2025/05/19 02:30:22.986476879,False,False,False,False,False,False,False,False,False,False,False,False,False,0.0,0.0,0.0,0.0,81.99999999999999,0.0,0.0,0.0,0.0,0.0,0.0,0.0,0.0,0.0
2025/05/19 02:30:23.92347687,False,False,False,False,False,False,False,False,False,False,False,False,False,0.0,0.0,0.0,0.0,99.0,0.0,0.0,0.0,0.0,0.0,0.0,0.0,0.0,0.0
2025/05/19 02:30:23.193167815,False,False,False,False,False,False,False,False,False,False,False,False,False,0.0,0.0,0.0,0.0,105.0,0.0,0.0,0.0,0.0,0.0,0.0,0.0,0.0,0.0
2025/05/19 02:30:23.295813224,False,False,False,False,False,False,False,False,False,False,False,False,False,0.0,0.0,0.0,0.0,105.0,0.0,0.0,0.0,0.0,0.0,0.0,0.0,0.0,0.0
2025/05/19 02:30:23.382790010,False,False,False,False,False,False,False,False,False,False,False,False,False,0.0,0.0,0.0,0.0,105.0,0.0,0.0,0.0,0.0,0.0,0.0,0.0,0.0,0.0
2025/05/19 02:30:23.485120142,False,False,False,False,False,False,False,False,False,False,False,False,False,0.0,0.0,0.0,0.0,105.0,0.0,0.0,0.0,0.0,0.0,0.0,0.0,0.0,0.0
2025/05/19 02:30:23.584414318,False,False,False,False,False,False,False,False,False,False,False,False,False,0.0,0.0,0.0,0.0,105.0,0.0,0.0,0.0,0.0,0.0,0.0,0.0,0.0,0.0
2025/05/19 02:30:23.691766971,False,False,False,False,False,False,False,False,False,False,False,False,False,0.0,0.0,0.0,0.0,47.0,0.0,0.0,0.0,0.0,0.0,0.0,0.0,0.0,0.0
2025/05/19 02:30:23.791368616,False,False,False,False,False,False,False,False,False,False,False,False,False,0.0,0.0,0.0,0.0,38.0,0.0,0.0,0.0,0.0,0.0,0.0,0.0,0.0,0.0
2025/05/19 02:30:23.886551778,False,False,False,False,False,False,False,False,False,False,False,False,False,0.0,0.0,0.0,0.0,38.0,0.0,0.0,0.0,0.0,0.0,0.0,0.0,0.0,0.0
2025/05/19 02:30:23.984708717,False,False,False,False,False,False,False,False,False,False,False,False,False,0.0,0.0,0.0,0.0,38.0,0.0,0.0,0.0,0.0,0.0,0.0,0.0,0.0,0.0
2025/05/19 02:30:24.86228001,False,False,False,False,False,False,False,False,False,False,False,False,False,0.0,0.0,0.0,0.0,38.0,0.0,0.0,0.0,0.0,0.0,0.0,0.0,0.0,0.0
2025/05/19 02:30:24.186813510,False,False,False,False,False,False,False,False,False,False,False,False,False,0.0,0.0,0.0,0.0,38.0,0.0,0.0,0.0,0.0,0.0,0.0,0.0,0.0,0.0
2025/05/19 02:30:24.290768850,False,False,False,False,False,False,False,False,False,False,False,False,False,0.0,0.0,0.0,0.0,38.0,0.0,0.0,0.0,0.0,0.0,0.0,0.0,0.0,0.0
2025/05/19 02:30:24.390238580,False,False,False,False,False,False,False,False,False,False,False,False,False,0.0,0.0,0.0,0.0,37.0,0.0,0.0,0.0,0.0,0.0,0.0,0.0,0.0,0.0
2025/05/19 02:30:24.485507511,False,False,False,False,False,False,False,False,False,False,False,False,False,0.0,0.0,0.0,0.0,37.0,0.0,0.0,0.0,0.0,0.0,0.0,0.0,0.0,0.0
2025/05/19 02:30:24.584408472,False,False,False,False,False,False,False,False,False,False,False,False,False,0.0,0.0,0.0,0.0,37.0,0.0,0.0,0.0,0.0,0.0,0.0,0.0,0.0,0.0
2025/05/19 02:30:24.687483211,False,False,False,False,False,False,False,False,False,False,False,False,False,0.0,0.0,0.0,0.0,37.0,0.0,0.0,0.0,0.0,0.0,0.0,0.0,0.0,0.0
2025/05/19 02:30:24.786798036,False,False,False,False,False,False,False,False,False,False,False,False,False,0.0,0.0,0.0,0.0,4.0,0.0,0.0,0.0,0.0,0.0,0.0,0.0,0.0,0.0
2025/05/19 02:30:24.890347744,False,False,False,False,False,False,False,False,False,False,False,False,False,0.0,0.0,0.0,0.0,4.0,0.0,0.0,0.0,0.0,0.0,0.0,0.0,0.0,0.0
2025/05/19 02:30:24.989255368,False,False,False,False,False,False,False,False,False,False,False,False,False,0.0,0.0,0.0,0.0,4.0,0.0,0.0,0.0,0.0,0.0,0.0,0.0,0.0,0.0
2025/05/19 02:30:25.91253377,False,False,False,False,False,False,False,False,False,False,False,False,False,0.0,0.0,0.0,0.0,4.0,0.0,0.0,0.0,0.0,0.0,0.0,0.0,0.0,0.0
2025/05/19 02:30:25.191487462,False,False,False,False,False,False,False,False,False,False,False,False,False,0.0,0.0,0.0,0.0,4.0,0.0,0.0,0.0,0.0,0.0,0.0,0.0,0.0,0.0
2025/05/19 02:30:25.292986980,False,False,False,False,False,False,False,False,False,False,False,False,False,0.0,0.0,0.0,0.0,4.0,0.0,0.0,0.0,0.0,0.0,0.0,0.0,0.0,0.0
2025/05/19 02:30:25.385379246,False,False,False,False,False,False,False,False,False,False,False,False,False,0.0,0.0,0.0,0.0,4.0,0.0,0.0,0.0,0.0,0.0,0.0,0.0,0.0,0.0
2025/05/19 02:30:25.499852650,False,False,False,False,False,False,False,False,False,False,False,False,False,0.0,0.0,0.0,0.0,4.0,0.0,0.0,0.0,0.0,0.0,0.0,0.0,0.0,0.0
2025/05/19 02:30:25.589792602,False,False,False,False,False,False,False,False,False,False,False,False,False,0.0,0.0,0.0,0.0,4.0,0.0,0.0,0.0,0.0,0.0,0.0,0.0,0.0,0.0
2025/05/19 02:30:25.686376811,False,False,False,False,False,False,False,False,False,False,False,False,False,0.0,0.0,0.0,0.0,4.0,0.0,0.0,0.0,0.0,0.0,0.0,0.0,0.0,0.0
2025/05/19 02:30:25.786085476,False,False,False,False,False,False,False,False,False,False,False,False,False,0.0,0.0,0.0,0.0,4.0,0.0,0.0,0.0,0.0,0.0,0.0,0.0,0.0,0.0
2025/05/19 02:30:25.887273954,False,False,False,False,False,False,False,False,False,False,False,False,False,0.0,0.0,0.0,0.0,4.0,0.0,0.0,0.0,0.0,0.0,0.0,0.0,0.0,0.0
2025/05/19 02:30:25.985360755,False,False,False,False,False,False,False,False,False,False,False,False,False,0.0,0.0,0.0,0.0,4.0,0.0,0.0,0.0,0.0,0.0,0.0,0.0,0.0,0.0
2025/05/19 02:30:26.88643547,False,False,False,False,False,False,False,False,False,False,False,False,False,0.0,0.0,0.0,0.0,4.0,0.0,0.0,0.0,0.0,0.0,0.0,0.0,0.0,0.0
2025/05/19 02:30:26.188771958,False,False,False,False,False,False,False,False,False,False,False,False,False,0.0,0.0,0.0,0.0,4.0,0.0,0.0,0.0,0.0,0.0,0.0,0.0,0.0,0.0
2025/05/19 02:30:26.291820687,False,False,False,False,False,False,False,False,False,False,False,False,False,0.0,0.0,0.0,0.0,4.0,0.0,0.0,0.0,0.0,0.0,0.0,0.0,0.0,0.0
2025/05/19 02:30:26.391604917,False,False,False,False,False,False,False,False,False,False,False,False,False,0.0,0.0,0.0,0.0,4.0,0.0,0.0,0.0,0.0,0.0,0.0,0.0,0.0,0.0
2025/05/19 02:30:26.485077598,False,False,False,False,False,False,False,False,False,False,False,False,False,0.0,0.0,0.0,0.0,4.0,0.0,0.0,0.0,0.0,0.0,0.0,0.0,0.0,0.0
2025/05/19 02:30:26.583510753,False,False,False,False,False,False,False,False,False,False,False,False,False,0.0,0.0,0.0,0.0,4.0,0.0,0.0,0.0,0.0,0.0,0.0,0.0,0.0,0.0
2025/05/19 02:30:26.685625750,False,False,False,False,False,False,False,False,False,False,False,False,False,0.0,0.0,0.0,0.0,4.0,0.0,0.0,0.0,0.0,0.0,0.0,0.0,0.0,0.0
2025/05/19 02:30:26.785086990,False,False,False,False,False,False,False,False,False,False,False,False,False,0.0,0.0,0.0,0.0,4.0,0.0,0.0,0.0,0.0,0.0,0.0,0.0,0.0,0.0
2025/05/19 02:30:26.889290567,False,False,False,False,False,False,False,False,False,False,False,False,False,0.0,0.0,0.0,0.0,4.0,0.0,0.0,0.0,0.0,0.0,0.0,0.0,0.0,0.0
2025/05/19 02:30:26.994057174,False,False,False,False,False,False,False,False,False,False,False,False,False,0.0,0.0,0.0,0.0,4.0,0.0,0.0,0.0,0.0,0.0,0.0,0.0,0.0,0.0
2025/05/19 02:30:27.84950005,False,False,False,False,False,False,False,False,False,False,False,False,False,0.0,0.0,0.0,0.0,4.0,0.0,0.0,0.0,0.0,0.0,0.0,0.0,0.0,0.0
2025/05/19 02:30:27.185894602,False,False,False,False,False,False,False,False,False,False,False,False,False,0.0,0.0,0.0,0.0,4.0,0.0,0.0,0.0,0.0,0.0,0.0,0.0,0.0,0.0
2025/05/19 02:30:27.288634838,False,False,False,False,False,False,False,False,False,False,False,False,False,0.0,0.0,0.0,0.0,4.0,0.0,0.0,0.0,0.0,0.0,0.0,0.0,0.0,0.0
2025/05/19 02:30:27.390249103,False,False,False,False,False,False,False,False,False,False,False,False,False,0.0,0.0,0.0,0.0,4.0,0.0,0.0,0.0,0.0,0.0,0.0,0.0,0.0,0.0
2025/05/19 02:30:27.491052830,False,False,False,False,False,False,False,False,False,False,False,False,False,0.0,0.0,0.0,0.0,4.0,0.0,0.0,0.0,0.0,0.0,0.0,0.0,0.0,0.0
2025/05/19 02:30:27.590507552,False,False,False,False,False,False,False,False,False,False,False,False,False,0.0,0.0,0.0,0.0,4.0,0.0,0.0,0.0,0.0,0.0,0.0,0.0,0.0,0.0
2025/05/19 02:30:27.694608164,False,False,False,False,False,False,False,False,False,False,False,False,False,0.0,0.0,0.0,0.0,4.0,0.0,0.0,0.0,0.0,0.0,0.0,0.0,0.0,0.0
2025/05/19 02:30:27.785207199,False,False,False,False,False,False,False,False,False,False,False,False,False,0.0,0.0,0.0,0.0,4.0,0.0,0.0,0.0,0.0,0.0,0.0,0.0,0.0,0.0
2025/05/19 02:30:27.889069842,False,False,False,False,False,False,False,False,False,False,False,False,False,0.0,0.0,0.0,0.0,4.0,0.0,0.0,0.0,0.0,0.0,0.0,0.0,0.0,0.0
2025/05/19 02:30:27.988719842,False,False,False,False,False,False,False,False,False,False,False,False,False,0.0,0.0,0.0,0.0,4.0,0.0,0.0,0.0,0.0,0.0,0.0,0.0,0.0,0.0
2025/05/19 02:30:28.89231083,False,False,False,False,False,False,False,False,False,False,False,False,False,0.0,0.0,0.0,0.0,4.0,0.0,0.0,0.0,0.0,0.0,0.0,0.0,0.0,0.0
2025/05/19 02:30:28.191035577,False,False,False,False,False,False,False,False,False,False,False,False,False,0.0,0.0,0.0,0.0,4.0,0.0,0.0,0.0,0.0,0.0,0.0,0.0,0.0,0.0
2025/05/19 02:30:28.293379608,False,False,False,False,False,False,False,False,False,False,False,False,False,0.0,0.0,0.0,0.0,4.0,0.0,0.0,0.0,0.0,0.0,0.0,0.0,0.0,0.0
2025/05/19 02:30:28.384556074,False,False,False,False,False,False,False,False,False,False,False,False,False,0.0,0.0,0.0,0.0,4.0,0.0,0.0,0.0,0.0,0.0,0.0,0.0,0.0,0.0
2025/05/19 02:30:28.484502324,False,False,False,False,False,False,False,False,False,False,False,False,False,0.0,0.0,0.0,0.0,4.0,0.0,0.0,0.0,0.0,0.0,0.0,0.0,0.0,0.0
2025/05/19 02:30:28.584985453,False,False,False,False,False,False,False,False,False,False,False,False,False,0.0,0.0,0.0,0.0,4.0,0.0,0.0,0.0,0.0,0.0,0.0,0.0,0.0,0.0
2025/05/19 02:30:28.687883643,False,False,False,False,False,False,False,False,False,False,False,False,False,0.0,0.0,0.0,0.0,4.0,0.0,0.0,0.0,0.0,0.0,0.0,0.0,0.0,0.0
2025/05/19 02:30:28.788083330,False,False,False,False,False,False,False,False,False,False,False,False,False,0.0,0.0,0.0,0.0,17.0,0.0,0.0,0.0,0.0,0.0,0.0,0.0,0.0,0.0
2025/05/19 02:30:28.890837696,False,False,False,False,False,False,False,False,False,False,False,False,False,0.0,0.0,0.0,0.0,38.0,0.0,0.0,0.0,0.0,0.0,0.0,0.0,0.0,0.0
2025/05/19 02:30:28.990856512,False,False,False,False,False,False,False,False,False,False,False,False,False,0.0,0.0,0.0,0.0,56.0,0.0,0.0,0.0,0.0,0.0,0.0,0.0,0.0,0.0
2025/05/19 02:30:29.83957079,False,False,False,False,False,False,False,False,False,False,False,False,False,0.0,0.0,0.0,0.0,61.0,0.0,0.0,0.0,0.0,0.0,0.0,0.0,0.0,0.0
2025/05/19 02:30:29.185596086,False,False,False,False,False,False,False,False,False,False,False,False,False,0.0,0.0,0.0,0.0,61.0,0.0,0.0,0.0,0.0,0.0,0.0,0.0,0.0,0.0
2025/05/19 02:30:29.289539366,False,False,False,False,False,False,False,False,False,False,False,False,False,0.0,0.0,0.0,0.0,61.0,0.0,0.0,0.0,0.0,0.0,0.0,0.0,0.0,0.0
2025/05/19 02:30:29.389178398,False,False,False,False,False,False,False,False,False,False,False,False,False,0.0,0.0,0.0,0.0,61.0,0.0,0.0,0.0,0.0,0.0,0.0,0.0,0.0,0.0
2025/05/19 02:30:29.492878142,False,False,False,False,False,False,False,False,False,False,False,False,False,0.0,0.0,0.0,0.0,61.0,0.0,0.0,0.0,0.0,0.0,0.0,0.0,0.0,0.0
2025/05/19 02:30:29.591942456,False,False,False,False,False,False,False,False,False,False,False,False,False,0.0,0.0,0.0,0.0,61.0,0.0,0.0,0.0,0.0,0.0,0.0,0.0,0.0,0.0
2025/05/19 02:30:29.686874221,False,False,False,False,False,False,False,False,False,False,False,False,False,0.0,0.0,0.0,0.0,61.0,0.0,0.0,0.0,0.0,0.0,0.0,0.0,0.0,0.0
2025/05/19 02:30:29.785570908,False,False,False,False,False,False,False,False,False,False,False,False,False,0.0,0.0,0.0,0.0,61.0,0.0,0.0,0.0,0.0,0.0,0.0,0.0,0.0,0.0
2025/05/19 02:30:29.888873928,False,False,False,False,False,False,False,False,False,False,False,False,False,0.0,0.0,0.0,0.0,39.0,0.0,0.0,0.0,0.0,0.0,0.0,0.0,0.0,0.0
2025/05/19 02:30:29.989179445,False,False,False,False,False,False,False,False,False,False,False,False,False,0.0,0.0,0.0,0.0,39.0,0.0,0.0,0.0,0.0,0.0,0.0,0.0,0.0,0.0
2025/05/19 02:30:30.99035255,False,False,False,False,False,False,False,False,False,False,False,False,False,0.0,0.0,0.0,0.0,39.0,0.0,0.0,0.0,0.0,0.0,0.0,0.0,0.0,0.0
2025/05/19 02:30:30.189880379,False,False,False,False,False,False,False,False,False,False,False,False,False,0.0,0.0,0.0,0.0,39.0,0.0,0.0,0.0,0.0,0.0,0.0,0.0,0.0,0.0
2025/05/19 02:30:30.291118648,False,False,False,False,False,False,False,False,False,False,False,False,False,0.0,0.0,0.0,0.0,39.0,0.0,0.0,0.0,0.0,0.0,0.0,0.0,0.0,0.0
2025/05/19 02:30:30.390697075,False,False,False,False,False,False,False,False,False,False,False,False,False,0.0,0.0,0.0,0.0,39.0,0.0,0.0,0.0,0.0,0.0,0.0,0.0,0.0,0.0
2025/05/19 02:30:30.482787699,False,False,False,False,False,False,False,False,False,False,False,False,False,0.0,0.0,0.0,0.0,39.0,0.0,0.0,0.0,0.0,0.0,0.0,0.0,0.0,0.0
2025/05/19 02:30:30.583788027,False,False,False,False,False,False,False,False,False,False,False,False,False,0.0,0.0,0.0,0.0,39.0,0.0,0.0,0.0,0.0,0.0,0.0,0.0,0.0,0.0
2025/05/19 02:30:30.685033692,False,False,False,False,False,False,False,False,False,False,False,False,False,0.0,0.0,0.0,0.0,38.0,0.0,0.0,0.0,0.0,0.0,0.0,0.0,0.0,0.0
2025/05/19 02:30:30.785067952,False,False,False,False,False,False,False,False,False,False,False,False,False,0.0,0.0,0.0,0.0,38.0,0.0,0.0,0.0,0.0,0.0,0.0,0.0,0.0,0.0
2025/05/19 02:30:30.887256748,False,False,False,False,False,False,False,False,False,False,False,False,False,0.0,0.0,0.0,0.0,4.0,0.0,0.0,0.0,0.0,0.0,0.0,0.0,0.0,0.0
2025/05/19 02:30:30.987412617,False,False,False,False,False,False,False,False,False,False,False,False,False,0.0,0.0,0.0,0.0,4.0,0.0,0.0,0.0,0.0,0.0,0.0,0.0,0.0,0.0
2025/05/19 02:30:31.89020747,False,False,False,False,False,False,False,False,False,False,False,False,False,0.0,0.0,0.0,0.0,4.0,0.0,0.0,0.0,0.0,0.0,0.0,0.0,0.0,0.0
2025/05/19 02:30:31.188545597,False,False,False,False,False,False,False,False,False,False,False,False,False,0.0,0.0,0.0,0.0,4.0,0.0,0.0,0.0,0.0,0.0,0.0,0.0,0.0,0.0
2025/05/19 02:30:31.290981296,False,False,False,False,False,False,False,False,False,False,False,False,False,0.0,0.0,0.0,0.0,4.0,0.0,0.0,0.0,0.0,0.0,0.0,0.0,0.0,0.0
2025/05/19 02:30:31.391306178,False,False,False,False,False,False,False,False,False,False,False,False,False,0.0,0.0,0.0,0.0,4.0,0.0,0.0,0.0,0.0,0.0,0.0,0.0,0.0,0.0
2025/05/19 02:30:31.492163724,False,False,False,False,False,False,False,False,False,False,False,False,False,0.0,0.0,0.0,0.0,4.0,0.0,0.0,0.0,0.0,0.0,0.0,0.0,0.0,0.0
2025/05/19 02:30:31.585038816,False,False,False,False,False,False,False,False,False,False,False,False,False,0.0,0.0,0.0,0.0,4.0,0.0,0.0,0.0,0.0,0.0,0.0,0.0,0.0,0.0
2025/05/19 02:30:31.685757051,False,False,False,False,False,False,False,False,False,False,False,False,False,0.0,0.0,0.0,0.0,4.0,0.0,0.0,0.0,0.0,0.0,0.0,0.0,0.0,0.0
2025/05/19 02:30:31.785420414,False,False,False,False,False,False,False,False,False,False,False,False,False,0.0,0.0,0.0,0.0,4.0,0.0,0.0,0.0,0.0,0.0,0.0,0.0,0.0,0.0
2025/05/19 02:30:31.887335045,False,False,False,False,False,False,False,False,False,False,False,False,False,0.0,0.0,0.0,0.0,4.0,0.0,0.0,0.0,0.0,0.0,0.0,0.0,0.0,0.0
2025/05/19 02:30:31.987418864,False,False,False,False,False,False,False,False,False,False,False,False,False,0.0,0.0,0.0,0.0,4.0,0.0,0.0,0.0,0.0,0.0,0.0,0.0,0.0,0.0
2025/05/19 02:30:32.89441649,False,False,False,False,False,False,False,False,False,False,False,False,False,0.0,0.0,0.0,0.0,4.0,0.0,0.0,0.0,0.0,0.0,0.0,0.0,0.0,0.0
2025/05/19 02:30:32.189514615,False,False,False,False,False,False,False,False,False,False,False,False,False,0.0,0.0,0.0,0.0,4.0,0.0,0.0,0.0,0.0,0.0,0.0,0.0,0.0,0.0
2025/05/19 02:30:32.292286198,False,False,False,False,False,False,False,False,False,False,False,False,False,0.0,0.0,0.0,0.0,4.0,0.0,0.0,0.0,0.0,0.0,0.0,0.0,0.0,0.0
2025/05/19 02:30:32.384754480,False,False,False,False,False,False,False,False,False,False,False,False,False,0.0,0.0,0.0,0.0,4.0,0.0,0.0,0.0,0.0,0.0,0.0,0.0,0.0,0.0
2025/05/19 02:30:32.488934118,False,False,False,False,False,False,False,False,False,False,False,False,False,0.0,0.0,0.0,0.0,4.0,0.0,0.0,0.0,0.0,0.0,0.0,0.0,0.0,0.0
2025/05/19 02:30:32.587854239,False,False,False,False,False,False,False,False,False,False,False,False,False,0.0,0.0,0.0,0.0,4.0,0.0,0.0,0.0,0.0,0.0,0.0,0.0,0.0,0.0
2025/05/19 02:30:32.689416626,False,False,False,False,False,False,False,False,False,False,False,False,False,0.0,0.0,0.0,0.0,4.0,0.0,0.0,0.0,0.0,0.0,0.0,0.0,0.0,0.0
2025/05/19 02:30:32.788567498,False,False,False,False,False,False,False,False,False,False,False,False,False,0.0,0.0,0.0,0.0,4.0,0.0,0.0,0.0,0.0,0.0,0.0,0.0,0.0,0.0
2025/05/19 02:30:32.898103617,False,False,False,False,False,False,False,False,False,False,False,False,False,0.0,0.0,0.0,0.0,4.0,0.0,0.0,0.0,0.0,0.0,0.0,0.0,0.0,0.0
2025/05/19 02:30:32.984098658,False,False,False,False,False,False,False,False,False,False,False,False,False,0.0,0.0,0.0,0.0,4.0,0.0,0.0,0.0,0.0,0.0,0.0,0.0,0.0,0.0
2025/05/19 02:30:33.85148347,False,False,False,False,False,False,False,False,False,False,False,False,False,0.0,0.0,0.0,0.0,4.0,0.0,0.0,0.0,0.0,0.0,0.0,0.0,0.0,0.0
2025/05/19 02:30:33.185252947,False,False,False,False,False,False,False,False,False,False,False,False,False,0.0,0.0,0.0,0.0,4.0,0.0,0.0,0.0,0.0,0.0,0.0,0.0,0.0,0.0
2025/05/19 02:30:33.288574314,False,False,False,False,False,False,False,False,False,False,False,False,False,0.0,0.0,0.0,0.0,4.0,0.0,0.0,0.0,0.0,0.0,0.0,0.0,0.0,0.0
2025/05/19 02:30:33.385520312,False,False,False,False,False,False,False,False,False,False,False,False,False,0.0,0.0,0.0,0.0,4.0,0.0,0.0,0.0,0.0,0.0,0.0,0.0,0.0,0.0
2025/05/19 02:30:33.488456608,False,False,False,False,False,False,False,False,False,False,False,False,False,0.0,0.0,0.0,0.0,4.0,0.0,0.0,0.0,0.0,0.0,0.0,0.0,0.0,0.0
2025/05/19 02:30:33.589923725,False,False,False,False,False,False,False,False,False,False,False,False,False,0.0,0.0,0.0,0.0,4.0,0.0,0.0,0.0,0.0,0.0,0.0,0.0,0.0,0.0
2025/05/19 02:30:33.690293652,False,False,False,False,False,False,False,False,False,False,False,False,False,0.0,0.0,0.0,0.0,4.0,0.0,0.0,0.0,0.0,0.0,0.0,0.0,0.0,0.0
2025/05/19 02:30:33.791410817,False,False,False,False,False,False,False,False,False,False,False,False,False,0.0,0.0,0.0,0.0,17.0,0.0,0.0,0.0,0.0,0.0,0.0,0.0,0.0,0.0
2025/05/19 02:30:33.892528813,False,False,False,False,False,False,False,False,False,False,False,False,False,0.0,0.0,0.0,0.0,48.0,0.0,0.0,0.0,0.0,0.0,0.0,0.0,0.0,0.0
2025/05/19 02:30:33.992049335,False,False,False,False,False,False,False,False,False,False,False,False,False,0.0,0.0,0.0,0.0,61.0,0.0,0.0,0.0,0.0,0.0,0.0,0.0,0.0,0.0
2025/05/19 02:30:34.84978900,False,False,False,False,False,False,False,False,False,False,False,False,False,0.0,0.0,0.0,0.0,61.0,0.0,0.0,0.0,0.0,0.0,0.0,0.0,0.0,0.0
2025/05/19 02:30:34.183442868,False,False,False,False,False,False,False,False,False,False,False,False,False,0.0,0.0,0.0,0.0,61.0,0.0,0.0,0.0,0.0,0.0,0.0,0.0,0.0,0.0
2025/05/19 02:30:34.287396573,False,False,False,False,False,False,False,False,False,False,False,False,False,0.0,0.0,0.0,0.0,61.0,0.0,0.0,0.0,0.0,0.0,0.0,0.0,0.0,0.0
2025/05/19 02:30:34.388537427,False,False,False,False,False,False,False,False,False,False,False,False,False,0.0,0.0,0.0,0.0,61.0,0.0,0.0,0.0,0.0,0.0,0.0,0.0,0.0,0.0
2025/05/19 02:30:34.490069257,False,False,False,False,False,False,False,False,False,False,False,False,False,0.0,0.0,0.0,0.0,61.0,0.0,0.0,0.0,0.0,0.0,0.0,0.0,0.0,0.0
2025/05/19 02:30:34.589316874,False,False,False,False,False,False,False,False,False,False,False,False,False,0.0,0.0,0.0,0.0,61.0,0.0,0.0,0.0,0.0,0.0,0.0,0.0,0.0,0.0
2025/05/19 02:30:34.693243254,False,False,False,False,False,False,False,False,False,False,False,False,False,0.0,0.0,0.0,0.0,61.0,0.0,0.0,0.0,0.0,0.0,0.0,0.0,0.0,0.0
2025/05/19 02:30:34.785394140,False,False,False,False,False,False,False,False,False,False,False,False,False,0.0,0.0,0.0,0.0,61.0,0.0,0.0,0.0,0.0,0.0,0.0,0.0,0.0,0.0
2025/05/19 02:30:34.886584700,False,False,False,False,False,False,False,False,False,False,False,False,False,0.0,0.0,0.0,0.0,73.0,0.0,0.0,0.0,0.0,0.0,0.0,0.0,0.0,0.0
2025/05/19 02:30:34.985356513,False,False,False,False,False,False,False,False,False,False,False,False,False,0.0,0.0,0.0,0.0,96.99999999999999,0.0,0.0,0.0,0.0,0.0,0.0,0.0,0.0,0.0
2025/05/19 02:30:35.93180361,False,False,False,False,False,False,False,False,False,False,False,False,False,0.0,0.0,0.0,0.0,114.0,0.0,0.0,0.0,0.0,0.0,0.0,0.0,0.0,0.0
2025/05/19 02:30:35.190602557,False,False,False,False,False,False,False,False,False,False,False,False,False,0.0,0.0,0.0,0.0,127.0,0.0,0.0,0.0,0.0,0.0,0.0,0.0,0.0,0.0
2025/05/19 02:30:35.291112030,False,False,False,False,False,False,False,False,False,False,False,False,False,0.0,0.0,0.0,0.0,127.0,0.0,0.0,0.0,0.0,0.0,0.0,0.0,0.0,0.0
2025/05/19 02:30:35.390320649,False,False,False,False,False,False,False,False,False,False,False,False,False,0.0,0.0,0.0,0.0,127.0,0.0,0.0,0.0,0.0,0.0,0.0,0.0,0.0,0.0
2025/05/19 02:30:35.492671200,False,False,False,False,False,False,False,False,False,False,False,False,False,0.0,0.0,0.0,0.0,127.0,0.0,0.0,0.0,0.0,0.0,0.0,0.0,0.0,0.0
2025/05/19 02:30:35.582983637,False,False,False,False,False,False,False,False,False,False,False,False,False,0.0,0.0,0.0,0.0,127.0,0.0,0.0,0.0,0.0,0.0,0.0,0.0,0.0,0.0
2025/05/19 02:30:35.685707329,False,False,False,False,False,False,False,False,False,False,False,False,False,0.0,0.0,0.0,0.0,127.0,0.0,0.0,0.0,0.0,0.0,0.0,0.0,0.0,0.0
2025/05/19 02:30:35.789422113,False,False,False,False,False,False,False,False,False,False,False,False,False,0.0,0.0,0.0,0.0,127.0,0.0,0.0,0.0,0.0,0.0,0.0,0.0,0.0,0.0
2025/05/19 02:30:35.891579496,False,False,False,False,False,False,False,False,False,False,False,False,False,0.0,0.0,0.0,0.0,127.0,0.0,0.0,0.0,0.0,0.0,0.0,0.0,0.0,0.0
2025/05/19 02:30:35.990315928,False,False,False,False,False,False,False,False,False,False,False,False,False,0.0,0.0,0.0,0.0,127.0,0.0,0.0,0.0,0.0,0.0,0.0,0.0,0.0,0.0
2025/05/19 02:30:36.89403880,False,False,False,False,False,False,False,False,False,False,False,False,False,0.0,0.0,0.0,0.0,127.0,0.0,0.0,0.0,0.0,0.0,0.0,0.0,0.0,0.0
2025/05/19 02:30:36.187371659,False,False,False,False,False,False,False,False,False,False,False,False,False,0.0,0.0,0.0,0.0,139.0,0.0,0.0,0.0,0.0,0.0,0.0,0.0,0.0,0.0
2025/05/19 02:30:36.290968276,False,False,False,False,False,False,False,False,False,False,False,False,False,0.0,0.0,0.0,0.0,158.0,0.0,0.0,0.0,0.0,0.0,0.0,0.0,0.0,0.0
2025/05/19 02:30:36.390200359,False,False,False,False,False,False,False,False,False,False,False,False,False,0.0,0.0,0.0,0.0,167.00000000000003,0.0,0.0,0.0,0.0,0.0,0.0,0.0,0.0,0.0
2025/05/19 02:30:36.492240314,False,False,False,False,False,False,False,False,False,False,False,False,False,0.0,0.0,0.0,0.0,167.00000000000003,0.0,0.0,0.0,0.0,0.0,0.0,0.0,0.0,0.0
2025/05/19 02:30:36.584024622,False,False,False,False,False,False,False,False,False,False,False,False,False,0.0,0.0,0.0,0.0,167.00000000000003,0.0,0.0,0.0,0.0,0.0,0.0,0.0,0.0,0.0
2025/05/19 02:30:36.686823013,False,False,False,False,False,False,False,False,False,False,False,False,False,0.0,0.0,0.0,0.0,167.00000000000003,0.0,0.0,0.0,0.0,0.0,0.0,0.0,0.0,0.0
2025/05/19 02:30:36.784899246,False,False,False,False,False,False,False,False,False,False,False,False,False,0.0,0.0,0.0,0.0,167.00000000000003,0.0,0.0,0.0,0.0,0.0,0.0,0.0,0.0,0.0
2025/05/19 02:30:36.888506678,False,False,False,False,False,False,False,False,False,False,False,False,False,0.0,0.0,0.0,0.0,167.00000000000003,0.0,0.0,0.0,0.0,0.0,0.0,0.0,0.0,0.0
2025/05/19 02:30:36.987139059,False,False,False,False,False,False,False,False,False,False,False,False,False,0.0,0.0,0.0,0.0,167.00000000000003,0.0,0.0,0.0,0.0,0.0,0.0,0.0,0.0,0.0
2025/05/19 02:30:37.90989552,False,False,False,False,False,False,False,False,False,False,False,False,False,0.0,0.0,0.0,0.0,167.00000000000003,0.0,0.0,0.0,0.0,0.0,0.0,0.0,0.0,0.0
2025/05/19 02:30:37.191313547,False,False,False,False,False,False,False,False,False,False,False,False,False,0.0,0.0,0.0,0.0,119.99999999999999,0.0,0.0,0.0,0.0,0.0,0.0,0.0,0.0,0.0
2025/05/19 02:30:37.284997235,False,False,False,False,False,False,False,False,False,False,False,False,False,0.0,0.0,0.0,0.0,119.99999999999999,0.0,0.0,0.0,0.0,0.0,0.0,0.0,0.0,0.0
2025/05/19 02:30:37.387349993,False,False,False,False,False,False,False,False,False,False,False,False,False,0.0,0.0,0.0,0.0,119.99999999999999,0.0,0.0,0.0,0.0,0.0,0.0,0.0,0.0,0.0
2025/05/19 02:30:37.512048642,False,False,False,False,False,False,False,False,False,False,False,False,False,0.0,0.0,0.0,0.0,119.99999999999999,0.0,0.0,0.0,0.0,0.0,0.0,0.0,0.0,0.0
2025/05/19 02:30:37.590836989,False,False,False,False,False,False,False,False,False,False,False,False,False,0.0,0.0,0.0,0.0,119.99999999999999,0.0,0.0,0.0,0.0,0.0,0.0,0.0,0.0,0.0
2025/05/19 02:30:37.691009833,False,False,False,False,False,False,False,False,False,False,False,False,False,0.0,0.0,0.0,0.0,119.99999999999999,0.0,0.0,0.0,0.0,0.0,0.0,0.0,0.0,0.0
2025/05/19 02:30:37.791476009,False,False,False,False,False,False,False,False,False,False,False,False,False,0.0,0.0,0.0,0.0,119.99999999999999,0.0,0.0,0.0,0.0,0.0,0.0,0.0,0.0,0.0
2025/05/19 02:30:37.885052346,False,False,False,False,False,False,False,False,False,False,False,False,False,0.0,0.0,0.0,0.0,119.99999999999999,0.0,0.0,0.0,0.0,0.0,0.0,0.0,0.0,0.0
2025/05/19 02:30:37.986386357,False,False,False,False,False,False,False,False,False,False,False,False,False,0.0,0.0,0.0,0.0,119.99999999999999,0.0,0.0,0.0,0.0,0.0,0.0,0.0,0.0,0.0
2025/05/19 02:30:38.88172571,False,False,False,False,False,False,False,False,False,False,False,False,False,0.0,0.0,0.0,0.0,119.99999999999999,0.0,0.0,0.0,0.0,0.0,0.0,0.0,0.0,0.0
2025/05/19 02:30:38.188336084,False,False,False,False,False,False,False,False,False,False,False,False,False,0.0,0.0,0.0,0.0,147.0,0.0,0.0,0.0,0.0,0.0,0.0,0.0,0.0,0.0
2025/05/19 02:30:38.290469777,False,False,False,False,False,False,False,False,False,False,False,False,False,0.0,0.0,0.0,0.0,147.0,0.0,0.0,0.0,0.0,0.0,0.0,0.0,0.0,0.0
2025/05/19 02:30:38.388946408,False,False,False,False,False,False,False,False,False,False,False,False,False,0.0,0.0,0.0,0.0,147.0,0.0,0.0,0.0,0.0,0.0,0.0,0.0,0.0,0.0
2025/05/19 02:30:38.491408321,False,False,False,False,False,False,False,False,False,False,False,False,False,0.0,0.0,0.0,0.0,147.0,0.0,0.0,0.0,0.0,0.0,0.0,0.0,0.0,0.0
2025/05/19 02:30:38.590618180,False,False,False,False,False,False,False,False,False,False,False,False,False,0.0,0.0,0.0,0.0,147.0,0.0,0.0,0.0,0.0,0.0,0.0,0.0,0.0,0.0
2025/05/19 02:30:38.685883171,False,False,False,False,False,False,False,False,False,False,False,False,False,0.0,0.0,0.0,0.0,147.0,0.0,0.0,0.0,0.0,0.0,0.0,0.0,0.0,0.0
2025/05/19 02:30:38.785412476,False,False,False,False,False,False,False,False,False,False,False,False,False,0.0,0.0,0.0,0.0,147.0,0.0,0.0,0.0,0.0,0.0,0.0,0.0,0.0,0.0
2025/05/19 02:30:38.892149787,False,False,False,False,False,False,False,False,False,False,False,False,False,0.0,0.0,0.0,0.0,147.0,0.0,0.0,0.0,0.0,0.0,0.0,0.0,0.0,0.0
2025/05/19 02:30:38.989212437,False,False,False,False,False,False,False,False,False,False,False,False,False,0.0,0.0,0.0,0.0,147.0,0.0,0.0,0.0,0.0,0.0,0.0,0.0,0.0,0.0
2025/05/19 02:30:39.91039766,False,False,False,False,False,False,False,False,False,False,False,False,False,0.0,0.0,0.0,0.0,147.0,0.0,0.0,0.0,0.0,0.0,0.0,0.0,0.0,0.0
2025/05/19 02:30:39.182499911,False,False,False,False,False,False,False,False,False,False,False,False,False,0.0,0.0,0.0,0.0,147.0,0.0,0.0,0.0,0.0,0.0,0.0,0.0,0.0,0.0
2025/05/19 02:30:39.284983885,False,False,False,False,False,False,False,False,False,False,False,False,False,0.0,0.0,0.0,0.0,159.00000000000003,0.0,0.0,0.0,0.0,0.0,0.0,0.0,0.0,0.0
2025/05/19 02:30:39.384191110,False,False,False,False,False,False,False,False,False,False,False,False,False,0.0,0.0,0.0,0.0,181.0,0.0,0.0,0.0,0.0,0.0,0.0,0.0,0.0,0.0
2025/05/19 02:30:39.488214220,False,False,False,False,False,False,False,False,False,False,False,False,False,0.0,0.0,0.0,0.0,197.0,0.0,0.0,0.0,0.0,0.0,0.0,0.0,0.0,0.0
2025/05/19 02:30:39.590566047,False,False,False,False,False,False,False,False,False,False,False,False,False,0.0,0.0,0.0,0.0,202.0,0.0,0.0,0.0,0.0,0.0,0.0,0.0,0.0,0.0
2025/05/19 02:30:39.691008348,False,False,False,False,False,False,False,False,False,False,False,False,False,0.0,0.0,0.0,0.0,202.0,0.0,0.0,0.0,0.0,0.0,0.0,0.0,0.0,0.0
2025/05/19 02:30:39.791000075,False,False,False,False,False,False,False,False,False,False,False,False,False,0.0,0.0,0.0,0.0,202.0,0.0,0.0,0.0,0.0,0.0,0.0,0.0,0.0,0.0
2025/05/19 02:30:39.894663397,False,False,False,False,False,False,False,False,False,False,False,False,False,0.0,0.0,0.0,0.0,202.0,0.0,0.0,0.0,0.0,0.0,0.0,0.0,0.0,0.0
2025/05/19 02:30:39.982483135,False,False,False,False,False,False,False,False,False,False,False,False,False,0.0,0.0,0.0,0.0,202.0,0.0,0.0,0.0,0.0,0.0,0.0,0.0,0.0,0.0
2025/05/19 02:30:40.83574795,False,False,False,False,False,False,False,False,False,False,False,False,False,0.0,0.0,0.0,0.0,202.0,0.0,0.0,0.0,0.0,0.0,0.0,0.0,0.0,0.0
2025/05/19 02:30:40.184798726,False,False,False,False,False,False,False,False,False,False,False,False,False,0.0,0.0,0.0,0.0,210.0,0.0,0.0,0.0,0.0,0.0,0.0,0.0,0.0,0.0
2025/05/19 02:30:40.286357886,False,False,False,False,False,False,False,False,False,False,False,False,False,0.0,0.0,0.0,0.0,227.0,0.0,0.0,0.0,0.0,0.0,0.0,0.0,0.0,0.0
2025/05/19 02:30:40.386010374,False,False,False,False,False,False,False,False,False,False,False,False,False,0.0,0.0,0.0,0.0,237.99999999999997,0.0,0.0,0.0,0.0,0.0,0.0,0.0,0.0,0.0
2025/05/19 02:30:40.490391110,False,False,False,False,False,False,False,False,False,False,False,False,False,0.0,0.0,0.0,0.0,237.99999999999997,0.0,0.0,0.0,0.0,0.0,0.0,0.0,0.0,0.0
2025/05/19 02:30:40.589438773,False,False,False,False,False,False,False,False,False,False,False,False,False,0.0,0.0,0.0,0.0,237.99999999999997,0.0,0.0,0.0,0.0,0.0,0.0,0.0,0.0,0.0
2025/05/19 02:30:40.691725409,False,False,False,False,False,False,False,False,False,False,False,False,False,0.0,0.0,0.0,0.0,237.99999999999997,0.0,0.0,0.0,0.0,0.0,0.0,0.0,0.0,0.0
2025/05/19 02:30:40.791931153,False,False,False,False,False,False,False,False,False,False,False,False,False,0.0,0.0,0.0,0.0,237.99999999999997,0.0,0.0,0.0,0.0,0.0,0.0,0.0,0.0,0.0
2025/05/19 02:30:40.885003657,False,False,False,False,False,False,False,False,False,False,False,False,False,0.0,0.0,0.0,0.0,237.99999999999997,0.0,0.0,0.0,0.0,0.0,0.0,0.0,0.0,0.0
2025/05/19 02:30:40.985388454,False,False,False,False,False,False,False,False,False,False,False,False,False,0.0,0.0,0.0,0.0,237.99999999999997,0.0,0.0,0.0,0.0,0.0,0.0,0.0,0.0,0.0
2025/05/19 02:30:41.89808273,False,False,False,False,False,False,False,False,False,False,False,False,False,0.0,0.0,0.0,0.0,237.99999999999997,0.0,0.0,0.0,0.0,0.0,0.0,0.0,0.0,0.0
2025/05/19 02:30:41.188410918,False,False,False,False,False,False,False,False,False,False,False,False,False,0.0,0.0,0.0,0.0,75.0,0.0,0.0,0.0,0.0,0.0,0.0,0.0,0.0,0.0
2025/05/19 02:30:41.292606177,False,False,False,False,False,False,False,False,False,False,False,False,False,0.0,0.0,0.0,0.0,75.0,0.0,0.0,0.0,0.0,0.0,0.0,0.0,0.0,0.0
2025/05/19 02:30:41.393074920,False,False,False,False,False,False,False,False,False,False,False,False,False,0.0,0.0,0.0,0.0,75.0,0.0,0.0,0.0,0.0,0.0,0.0,0.0,0.0,0.0
2025/05/19 02:30:41.485239448,False,False,False,False,False,False,False,False,False,False,False,False,False,0.0,0.0,0.0,0.0,75.0,0.0,0.0,0.0,0.0,0.0,0.0,0.0,0.0,0.0
2025/05/19 02:30:41.583854977,False,False,False,False,False,False,False,False,False,False,False,False,False,0.0,0.0,0.0,0.0,75.0,0.0,0.0,0.0,0.0,0.0,0.0,0.0,0.0,0.0
2025/05/19 02:30:41.685566254,False,False,False,False,False,False,False,False,False,False,False,False,False,0.0,0.0,0.0,0.0,75.0,0.0,0.0,0.0,0.0,0.0,0.0,0.0,0.0,0.0
2025/05/19 02:30:41.786661391,False,False,False,False,False,False,False,False,False,False,False,False,False,0.0,0.0,0.0,0.0,75.0,0.0,0.0,0.0,0.0,0.0,0.0,0.0,0.0,0.0
2025/05/19 02:30:41.888909033,False,False,False,False,False,False,False,False,False,False,False,False,False,0.0,0.0,0.0,0.0,75.0,0.0,0.0,0.0,0.0,0.0,0.0,0.0,0.0,0.0
2025/05/19 02:30:41.991900919,False,False,False,False,False,False,False,False,False,False,False,False,False,0.0,0.0,0.0,0.0,75.0,0.0,0.0,0.0,0.0,0.0,0.0,0.0,0.0,0.0
2025/05/19 02:30:42.95118765,False,False,False,False,False,False,False,False,False,False,False,False,False,0.0,0.0,0.0,0.0,52.00000000000001,0.0,0.0,0.0,0.0,0.0,0.0,0.0,0.0,0.0
2025/05/19 02:30:42.194725664,False,False,False,False,False,False,False,False,False,False,False,False,False,0.0,0.0,0.0,0.0,52.00000000000001,0.0,0.0,0.0,0.0,0.0,0.0,0.0,0.0,0.0
2025/05/19 02:30:42.285168794,False,False,False,False,False,False,False,False,False,False,False,False,False,0.0,0.0,0.0,0.0,52.00000000000001,0.0,0.0,0.0,0.0,0.0,0.0,0.0,0.0,0.0
2025/05/19 02:30:42.385489332,False,False,False,False,False,False,False,False,False,False,False,False,False,0.0,0.0,0.0,0.0,52.00000000000001,0.0,0.0,0.0,0.0,0.0,0.0,0.0,0.0,0.0
2025/05/19 02:30:42.486369564,False,False,False,False,False,False,False,False,False,False,False,False,False,0.0,0.0,0.0,0.0,52.00000000000001,0.0,0.0,0.0,0.0,0.0,0.0,0.0,0.0,0.0
2025/05/19 02:30:42.588313791,False,False,False,False,False,False,False,False,False,False,False,False,False,0.0,0.0,0.0,0.0,52.00000000000001,0.0,0.0,0.0,0.0,0.0,0.0,0.0,0.0,0.0
2025/05/19 02:30:42.691801060,False,False,False,False,False,False,False,False,False,False,False,False,False,0.0,0.0,0.0,0.0,52.00000000000001,0.0,0.0,0.0,0.0,0.0,0.0,0.0,0.0,0.0
2025/05/19 02:30:42.784871418,False,False,False,False,False,False,False,False,False,False,False,False,False,0.0,0.0,0.0,0.0,52.00000000000001,0.0,0.0,0.0,0.0,0.0,0.0,0.0,0.0,0.0
2025/05/19 02:30:42.885933548,False,False,False,False,False,False,False,False,False,False,False,False,False,0.0,0.0,0.0,0.0,52.00000000000001,0.0,0.0,0.0,0.0,0.0,0.0,0.0,0.0,0.0
2025/05/19 02:30:42.986606629,False,False,False,False,False,False,False,False,False,False,False,False,False,0.0,0.0,0.0,0.0,52.00000000000001,0.0,0.0,0.0,0.0,0.0,0.0,0.0,0.0,0.0
2025/05/19 02:30:43.89532852,False,False,False,False,False,False,False,False,False,False,False,False,False,0.0,0.0,0.0,0.0,61.0,0.0,0.0,0.0,0.0,0.0,0.0,0.0,0.0,0.0
2025/05/19 02:30:43.189797303,False,False,False,False,False,False,False,False,False,False,False,False,False,0.0,0.0,0.0,0.0,61.0,0.0,0.0,0.0,0.0,0.0,0.0,0.0,0.0,0.0
2025/05/19 02:30:43.286685585,False,False,False,False,False,False,False,False,False,False,False,False,False,0.0,0.0,0.0,0.0,122.99999999999999,0.0,0.0,0.0,0.0,0.0,0.0,0.0,0.0,0.0
2025/05/19 02:30:43.384723264,False,False,False,False,False,False,False,False,False,False,False,False,False,0.0,0.0,0.0,0.0,122.99999999999999,0.0,0.0,0.0,0.0,0.0,0.0,0.0,0.0,0.0
2025/05/19 02:30:43.486773441,False,False,False,False,False,False,False,False,False,False,False,False,False,0.0,0.0,0.0,0.0,139.99999999999997,0.0,0.0,0.0,0.0,0.0,0.0,0.0,0.0,0.0
2025/05/19 02:30:43.587850837,False,False,False,False,False,False,False,False,False,False,False,False,False,0.0,0.0,0.0,0.0,158.0,0.0,0.0,0.0,0.0,0.0,0.0,0.0,0.0,0.0
2025/05/19 02:30:43.689884348,False,False,False,False,False,False,False,False,False,False,False,False,False,0.0,0.0,0.0,0.0,187.0,0.0,0.0,0.0,0.0,0.0,0.0,0.0,0.0,0.0
2025/05/19 02:30:43.789037818,False,False,False,False,False,False,False,False,False,False,False,False,False,0.0,0.0,0.0,0.0,187.0,0.0,0.0,0.0,0.0,0.0,0.0,0.0,0.0,0.0
2025/05/19 02:30:43.886502207,False,False,False,False,False,False,False,False,False,False,False,False,False,0.0,0.0,0.0,0.0,187.0,0.0,0.0,0.0,0.0,0.0,0.0,0.0,0.0,0.0
2025/05/19 02:30:43.984197155,False,False,False,False,False,False,False,False,False,False,False,False,False,0.0,0.0,0.0,0.0,187.0,0.0,0.0,0.0,0.0,0.0,0.0,0.0,0.0,0.0
2025/05/19 02:30:44.87816626,False,False,False,False,False,False,False,False,False,False,False,False,False,0.0,0.0,0.0,0.0,187.0,0.0,0.0,0.0,0.0,0.0,0.0,0.0,0.0,0.0
2025/05/19 02:30:44.186843934,False,False,False,False,False,False,False,False,False,False,False,False,False,0.0,0.0,0.0,0.0,199.0,0.0,0.0,0.0,0.0,0.0,0.0,0.0,0.0,0.0
2025/05/19 02:30:44.289737691,False,False,False,False,False,False,False,False,False,False,False,False,False,0.0,0.0,0.0,0.0,223.0,0.0,0.0,0.0,0.0,0.0,0.0,0.0,0.0,0.0
2025/05/19 02:30:44.389791261,False,False,False,False,False,False,False,False,False,False,False,False,False,0.0,0.0,0.0,0.0,255.0,0.0,0.0,0.0,0.0,0.0,0.0,0.0,0.0,0.0
2025/05/19 02:30:44.491976628,False,False,False,False,False,False,False,False,False,False,False,False,False,0.0,0.0,0.0,0.0,255.0,0.0,0.0,0.0,0.0,0.0,0.0,0.0,0.0,0.0
2025/05/19 02:30:44.592190904,False,False,False,False,False,False,False,False,False,False,False,False,False,0.0,0.0,0.0,0.0,272.0,0.0,0.0,0.0,0.0,0.0,0.0,0.0,0.0,0.0
2025/05/19 02:30:44.684989586,False,False,False,False,False,False,False,False,False,False,False,False,False,0.0,0.0,0.0,0.0,287.0,0.0,0.0,0.0,0.0,0.0,0.0,0.0,0.0,0.0
2025/05/19 02:30:44.783515770,False,False,False,False,False,False,False,False,False,False,False,False,False,0.0,0.0,0.0,0.0,287.0,0.0,0.0,0.0,0.0,0.0,0.0,0.0,0.0,0.0
2025/05/19 02:30:44.886917070,False,False,False,False,False,False,False,False,False,False,False,False,False,0.0,0.0,0.0,0.0,287.0,0.0,0.0,0.0,0.0,0.0,0.0,0.0,0.0,0.0
2025/05/19 02:30:44.990051396,False,False,False,False,False,False,False,False,False,False,False,False,False,0.0,0.0,0.0,0.0,287.0,0.0,0.0,0.0,0.0,0.0,0.0,0.0,0.0,0.0
2025/05/19 02:30:45.90376095,False,False,False,False,False,False,False,False,False,False,False,False,False,0.0,0.0,0.0,0.0,286.0,0.0,0.0,0.0,0.0,0.0,0.0,0.0,0.0,0.0
2025/05/19 02:30:45.190258612,False,False,False,False,False,False,False,False,False,False,False,False,False,0.0,0.0,0.0,0.0,286.0,0.0,0.0,0.0,0.0,0.0,0.0,0.0,0.0,0.0
2025/05/19 02:30:45.286690934,False,False,False,False,False,False,False,False,False,False,False,False,False,0.0,0.0,0.0,0.0,288.0,0.0,0.0,0.0,0.0,0.0,0.0,0.0,0.0,0.0
2025/05/19 02:30:45.383846334,False,False,False,False,False,False,False,False,False,False,False,False,False,0.0,0.0,0.0,0.0,288.0,0.0,0.0,0.0,0.0,0.0,0.0,0.0,0.0,0.0
2025/05/19 02:30:45.484516953,False,False,False,False,False,False,False,False,False,False,False,False,False,0.0,0.0,0.0,0.0,288.0,0.0,0.0,0.0,0.0,0.0,0.0,0.0,0.0,0.0
2025/05/19 02:30:45.585027223,False,False,False,False,False,False,False,False,False,False,False,False,False,0.0,0.0,0.0,0.0,288.0,0.0,0.0,0.0,0.0,0.0,0.0,0.0,0.0,0.0
2025/05/19 02:30:45.689383755,False,False,False,False,False,False,False,False,False,False,False,False,False,0.0,0.0,0.0,0.0,288.0,0.0,0.0,0.0,0.0,0.0,0.0,0.0,0.0,0.0
2025/05/19 02:30:45.791323325,False,False,False,False,False,False,False,False,False,False,False,False,False,0.0,0.0,0.0,0.0,288.0,0.0,0.0,0.0,0.0,0.0,0.0,0.0,0.0,0.0
2025/05/19 02:30:45.888510182,False,False,False,False,False,False,False,False,False,False,False,False,False,0.0,0.0,0.0,0.0,288.0,0.0,0.0,0.0,0.0,0.0,0.0,0.0,0.0,0.0
2025/05/19 02:30:45.991992998,False,False,False,False,False,False,False,False,False,False,False,False,False,0.0,0.0,0.0,0.0,288.0,0.0,0.0,0.0,0.0,0.0,0.0,0.0,0.0,0.0
2025/05/19 02:30:46.97119030,False,False,False,False,False,False,False,False,False,False,False,False,False,0.0,0.0,0.0,0.0,288.0,0.0,0.0,0.0,0.0,0.0,0.0,0.0,0.0,0.0
2025/05/19 02:30:46.185607679,False,False,False,False,False,False,False,False,False,False,False,False,False,0.0,0.0,0.0,0.0,288.0,0.0,0.0,0.0,0.0,0.0,0.0,0.0,0.0,0.0
2025/05/19 02:30:46.288531909,False,False,False,False,False,False,False,False,False,False,False,False,False,0.0,0.0,0.0,0.0,208.00000000000003,0.0,0.0,0.0,0.0,0.0,0.0,0.0,0.0,0.0
2025/05/19 02:30:46.390011560,False,False,False,False,False,False,False,False,False,False,False,False,False,0.0,0.0,0.0,0.0,208.00000000000003,0.0,0.0,0.0,0.0,0.0,0.0,0.0,0.0,0.0
2025/05/19 02:30:46.484701779,False,False,False,False,False,False,False,False,False,False,False,False,False,0.0,0.0,0.0,0.0,208.00000000000003,0.0,0.0,0.0,0.0,0.0,0.0,0.0,0.0,0.0
2025/05/19 02:30:46.585461365,False,False,False,False,False,False,False,False,False,False,False,False,False,0.0,0.0,0.0,0.0,208.00000000000003,0.0,0.0,0.0,0.0,0.0,0.0,0.0,0.0,0.0
2025/05/19 02:30:46.688437272,False,False,False,False,False,False,False,False,False,False,False,False,False,0.0,0.0,0.0,0.0,208.00000000000003,0.0,0.0,0.0,0.0,0.0,0.0,0.0,0.0,0.0
2025/05/19 02:30:46.791426479,False,False,False,False,False,False,False,False,False,False,False,False,False,0.0,0.0,0.0,0.0,208.00000000000003,0.0,0.0,0.0,0.0,0.0,0.0,0.0,0.0,0.0
2025/05/19 02:30:46.892036750,False,False,False,False,False,False,False,False,False,False,False,False,False,0.0,0.0,0.0,0.0,208.00000000000003,0.0,0.0,0.0,0.0,0.0,0.0,0.0,0.0,0.0
2025/05/19 02:30:46.983066575,False,False,False,False,False,False,False,False,False,False,False,False,False,0.0,0.0,0.0,0.0,208.00000000000003,0.0,0.0,0.0,0.0,0.0,0.0,0.0,0.0,0.0
2025/05/19 02:30:47.84278975,False,False,False,False,False,False,False,False,False,False,False,False,False,0.0,0.0,0.0,0.0,208.00000000000003,0.0,0.0,0.0,0.0,0.0,0.0,0.0,0.0,0.0
2025/05/19 02:30:47.186034956,False,False,False,False,False,False,False,False,False,False,False,False,False,0.0,0.0,0.0,0.0,208.00000000000003,0.0,0.0,0.0,0.0,0.0,0.0,0.0,0.0,0.0
2025/05/19 02:30:47.287576100,False,False,False,False,False,False,False,False,False,False,False,False,False,0.0,0.0,0.0,0.0,131.0,0.0,0.0,0.0,0.0,0.0,0.0,0.0,0.0,0.0
2025/05/19 02:30:47.389599818,False,False,False,False,False,False,False,False,False,False,False,False,False,0.0,0.0,0.0,0.0,131.0,0.0,0.0,0.0,0.0,0.0,0.0,0.0,0.0,0.0
2025/05/19 02:30:47.489184311,False,False,False,False,False,False,False,False,False,False,False,False,False,0.0,0.0,0.0,0.0,131.0,0.0,0.0,0.0,0.0,0.0,0.0,0.0,0.0,0.0
2025/05/19 02:30:47.589719123,False,False,False,False,False,False,False,False,False,False,False,False,False,0.0,0.0,0.0,0.0,131.0,0.0,0.0,0.0,0.0,0.0,0.0,0.0,0.0,0.0
2025/05/19 02:30:47.690865246,False,False,False,False,False,False,False,False,False,False,False,False,False,0.0,0.0,0.0,0.0,131.0,0.0,0.0,0.0,0.0,0.0,0.0,0.0,0.0,0.0
2025/05/19 02:30:47.785443502,False,False,False,False,False,False,False,False,False,False,False,False,False,0.0,0.0,0.0,0.0,131.0,0.0,0.0,0.0,0.0,0.0,0.0,0.0,0.0,0.0
2025/05/19 02:30:47.885207760,False,False,False,False,False,False,False,False,False,False,False,False,False,0.0,0.0,0.0,0.0,131.0,0.0,0.0,0.0,0.0,0.0,0.0,0.0,0.0,0.0
2025/05/19 02:30:47.985804057,False,False,False,False,False,False,False,False,False,False,False,False,False,0.0,0.0,0.0,0.0,131.0,0.0,0.0,0.0,0.0,0.0,0.0,0.0,0.0,0.0
2025/05/19 02:30:48.87480111,False,False,False,False,False,False,False,False,False,False,False,False,False,0.0,0.0,0.0,0.0,131.0,0.0,0.0,0.0,0.0,0.0,0.0,0.0,0.0,0.0
2025/05/19 02:30:48.191135773,False,False,False,False,False,False,False,False,False,False,False,False,False,0.0,0.0,0.0,0.0,143.0,0.0,0.0,0.0,0.0,0.0,0.0,0.0,0.0,0.0
2025/05/19 02:30:48.291382719,False,False,False,False,False,False,False,False,False,False,False,False,False,0.0,0.0,0.0,0.0,183.0,0.0,0.0,0.0,0.0,0.0,0.0,0.0,0.0,0.0
2025/05/19 02:30:48.391694689,False,False,False,False,False,False,False,False,False,False,False,False,False,0.0,0.0,0.0,0.0,183.0,0.0,0.0,0.0,0.0,0.0,0.0,0.0,0.0,0.0
2025/05/19 02:30:48.483308401,False,False,False,False,False,False,False,False,False,False,False,False,False,0.0,0.0,0.0,0.0,206.99999999999997,0.0,0.0,0.0,0.0,0.0,0.0,0.0,0.0,0.0
2025/05/19 02:30:48.585468662,False,False,False,False,False,False,False,False,False,False,False,False,False,0.0,0.0,0.0,0.0,224.0,0.0,0.0,0.0,0.0,0.0,0.0,0.0,0.0,0.0
2025/05/19 02:30:48.684514677,False,False,False,False,False,False,False,False,False,False,False,False,False,0.0,0.0,0.0,0.0,239.99999999999997,0.0,0.0,0.0,0.0,0.0,0.0,0.0,0.0,0.0
2025/05/19 02:30:48.787260419,False,False,False,False,False,False,False,False,False,False,False,False,False,0.0,0.0,0.0,0.0,255.0,0.0,0.0,0.0,0.0,0.0,0.0,0.0,0.0,0.0
2025/05/19 02:30:48.886429036,False,False,False,False,False,False,False,False,False,False,False,False,False,0.0,0.0,0.0,0.0,255.0,0.0,0.0,0.0,0.0,0.0,0.0,0.0,0.0,0.0
2025/05/19 02:30:48.991449497,False,False,False,False,False,False,False,False,False,False,False,False,False,0.0,0.0,0.0,0.0,255.0,0.0,0.0,0.0,0.0,0.0,0.0,0.0,0.0,0.0
2025/05/19 02:30:49.93408785,False,False,False,False,False,False,False,False,False,False,False,False,False,0.0,0.0,0.0,0.0,255.0,0.0,0.0,0.0,0.0,0.0,0.0,0.0,0.0,0.0
2025/05/19 02:30:49.185776367,False,False,False,False,False,False,False,False,False,False,False,False,False,0.0,0.0,0.0,0.0,255.0,0.0,0.0,0.0,0.0,0.0,0.0,0.0,0.0,0.0
2025/05/19 02:30:49.283152584,False,False,False,False,False,False,False,False,False,False,False,False,False,0.0,0.0,0.0,0.0,255.0,0.0,0.0,0.0,0.0,0.0,0.0,0.0,0.0,0.0
2025/05/19 02:30:49.386057428,False,False,False,False,False,False,False,False,False,False,False,False,False,0.0,0.0,0.0,0.0,266.0,0.0,0.0,0.0,0.0,0.0,0.0,0.0,0.0,0.0
2025/05/19 02:30:49.484550947,False,False,False,False,False,False,False,False,False,False,False,False,False,0.0,0.0,0.0,0.0,286.0,0.0,0.0,0.0,0.0,0.0,0.0,0.0,0.0,0.0
2025/05/19 02:30:49.589669095,False,False,False,False,False,False,False,False,False,False,False,False,False,0.0,0.0,0.0,0.0,308.0,0.0,0.0,0.0,0.0,0.0,0.0,0.0,0.0,0.0
2025/05/19 02:30:49.691251054,False,False,False,False,False,False,False,False,False,False,False,False,False,0.0,0.0,0.0,0.0,308.0,0.0,0.0,0.0,0.0,0.0,0.0,0.0,0.0,0.0
2025/05/19 02:30:49.791081449,False,False,False,False,False,False,False,False,False,False,False,False,False,0.0,0.0,0.0,0.0,308.0,0.0,0.0,0.0,0.0,0.0,0.0,0.0,0.0,0.0
2025/05/19 02:30:49.892683591,False,False,False,False,False,False,False,False,False,False,False,False,False,0.0,0.0,0.0,0.0,308.0,0.0,0.0,0.0,0.0,0.0,0.0,0.0,0.0,0.0
2025/05/19 02:30:49.995188040,False,False,False,False,False,False,False,False,False,False,False,False,False,0.0,0.0,0.0,0.0,308.0,0.0,0.0,0.0,0.0,0.0,0.0,0.0,0.0,0.0
2025/05/19 02:30:50.82991601,False,False,False,False,False,False,False,False,False,False,False,False,False,0.0,0.0,0.0,0.0,308.0,0.0,0.0,0.0,0.0,0.0,0.0,0.0,0.0,0.0
2025/05/19 02:30:50.184956085,False,False,False,False,False,False,False,False,False,False,False,False,False,0.0,0.0,0.0,0.0,308.0,0.0,0.0,0.0,0.0,0.0,0.0,0.0,0.0,0.0
2025/05/19 02:30:50.285389568,False,False,False,False,False,False,False,False,False,False,False,False,False,0.0,0.0,0.0,0.0,304.0,0.0,0.0,0.0,0.0,0.0,0.0,0.0,0.0,0.0
2025/05/19 02:30:50.390094719,False,False,False,False,False,False,False,False,False,False,False,False,False,0.0,0.0,0.0,0.0,304.0,0.0,0.0,0.0,0.0,0.0,0.0,0.0,0.0,0.0
2025/05/19 02:30:50.489657856,False,False,False,False,False,False,False,False,False,False,False,False,False,0.0,0.0,0.0,0.0,304.0,0.0,0.0,0.0,0.0,0.0,0.0,0.0,0.0,0.0
2025/05/19 02:30:50.592313645,False,False,False,False,False,False,False,False,False,False,False,False,False,0.0,0.0,0.0,0.0,304.0,0.0,0.0,0.0,0.0,0.0,0.0,0.0,0.0,0.0
2025/05/19 02:30:50.690306716,False,False,False,False,False,False,False,False,False,False,False,False,False,0.0,0.0,0.0,0.0,304.0,0.0,0.0,0.0,0.0,0.0,0.0,0.0,0.0,0.0
2025/05/19 02:30:50.791860873,False,False,False,False,False,False,False,False,False,False,False,False,False,0.0,0.0,0.0,0.0,304.0,0.0,0.0,0.0,0.0,0.0,0.0,0.0,0.0,0.0
2025/05/19 02:30:50.892045132,False,False,False,False,False,False,False,False,False,False,False,False,False,0.0,0.0,0.0,0.0,304.0,0.0,0.0,0.0,0.0,0.0,0.0,0.0,0.0,0.0
2025/05/19 02:30:50.984640193,False,False,False,False,False,False,False,False,False,False,False,False,False,0.0,0.0,0.0,0.0,304.0,0.0,0.0,0.0,0.0,0.0,0.0,0.0,0.0,0.0
2025/05/19 02:30:51.84460925,False,False,False,False,False,False,False,False,False,False,False,False,False,0.0,0.0,0.0,0.0,304.0,0.0,0.0,0.0,0.0,0.0,0.0,0.0,0.0,0.0
2025/05/19 02:30:51.189375959,False,False,False,False,False,False,False,False,False,False,False,False,False,0.0,0.0,0.0,0.0,304.0,0.0,0.0,0.0,0.0,0.0,0.0,0.0,0.0,0.0
2025/05/19 02:30:51.288531762,False,False,False,False,False,False,False,False,False,False,False,False,False,0.0,0.0,0.0,0.0,304.0,0.0,0.0,0.0,0.0,0.0,0.0,0.0,0.0,0.0
2025/05/19 02:30:51.390818286,False,False,False,False,False,False,False,False,False,False,False,False,False,0.0,0.0,0.0,0.0,302.0,0.0,0.0,0.0,0.0,0.0,0.0,0.0,0.0,0.0
2025/05/19 02:30:51.491143845,False,False,False,False,False,False,False,False,False,False,False,False,False,0.0,0.0,0.0,0.0,302.0,0.0,0.0,0.0,0.0,0.0,0.0,0.0,0.0,0.0
2025/05/19 02:30:51.586172045,False,False,False,False,False,False,False,False,False,False,False,False,False,0.0,0.0,0.0,0.0,302.0,0.0,0.0,0.0,0.0,0.0,0.0,0.0,0.0,0.0
2025/05/19 02:30:51.685509867,False,False,False,False,False,False,False,False,False,False,False,False,False,0.0,0.0,0.0,0.0,302.0,0.0,0.0,0.0,0.0,0.0,0.0,0.0,0.0,0.0
2025/05/19 02:30:51.789858840,False,False,False,False,False,False,False,False,False,False,False,False,False,0.0,0.0,0.0,0.0,302.0,0.0,0.0,0.0,0.0,0.0,0.0,0.0,0.0,0.0
2025/05/19 02:30:51.888862407,False,False,False,False,False,False,False,False,False,False,False,False,False,0.0,0.0,0.0,0.0,302.0,0.0,0.0,0.0,0.0,0.0,0.0,0.0,0.0,0.0
2025/05/19 02:30:51.995798161,False,False,False,False,False,False,False,False,False,False,False,False,False,0.0,0.0,0.0,0.0,302.0,0.0,0.0,0.0,0.0,0.0,0.0,0.0,0.0,0.0
2025/05/19 02:30:52.83046004,False,False,False,False,False,False,False,False,False,False,False,False,False,0.0,0.0,0.0,0.0,302.0,0.0,0.0,0.0,0.0,0.0,0.0,0.0,0.0,0.0
2025/05/19 02:30:52.185178559,False,False,False,False,False,False,False,False,False,False,False,False,False,0.0,0.0,0.0,0.0,303.0,0.0,0.0,0.0,0.0,0.0,0.0,0.0,0.0,0.0
2025/05/19 02:30:52.286739527,False,False,False,False,False,False,False,False,False,False,False,False,False,0.0,0.0,0.0,0.0,279.99999999999994,0.0,0.0,0.0,0.0,0.0,0.0,0.0,0.0,0.0
2025/05/19 02:30:52.388292996,False,False,False,False,False,False,False,False,False,False,False,False,False,0.0,0.0,0.0,0.0,278.99999999999994,0.0,0.0,0.0,0.0,0.0,0.0,0.0,0.0,0.0
2025/05/19 02:30:52.489384598,False,False,False,False,False,False,False,False,False,False,False,False,False,0.0,0.0,0.0,0.0,278.99999999999994,0.0,0.0,0.0,0.0,0.0,0.0,0.0,0.0,0.0
2025/05/19 02:30:52.589981604,False,False,False,False,False,False,False,False,False,False,False,False,False,0.0,0.0,0.0,0.0,278.99999999999994,0.0,0.0,0.0,0.0,0.0,0.0,0.0,0.0,0.0
2025/05/19 02:30:52.689893492,False,False,False,False,False,False,False,False,False,False,False,False,False,0.0,0.0,0.0,0.0,278.99999999999994,0.0,0.0,0.0,0.0,0.0,0.0,0.0,0.0,0.0
2025/05/19 02:30:52.791581464,False,False,False,False,False,False,False,False,False,False,False,False,False,0.0,0.0,0.0,0.0,278.99999999999994,0.0,0.0,0.0,0.0,0.0,0.0,0.0,0.0,0.0
2025/05/19 02:30:52.891232931,False,False,False,False,False,False,False,False,False,False,False,False,False,0.0,0.0,0.0,0.0,278.99999999999994,0.0,0.0,0.0,0.0,0.0,0.0,0.0,0.0,0.0
2025/05/19 02:30:52.984896495,False,False,False,False,False,False,False,False,False,False,False,False,False,0.0,0.0,0.0,0.0,278.99999999999994,0.0,0.0,0.0,0.0,0.0,0.0,0.0,0.0,0.0
2025/05/19 02:30:53.86426892,False,False,False,False,False,False,False,False,False,False,False,False,False,0.0,0.0,0.0,0.0,278.99999999999994,0.0,0.0,0.0,0.0,0.0,0.0,0.0,0.0,0.0
2025/05/19 02:30:53.188489000,False,False,False,False,False,False,False,False,False,False,False,False,False,0.0,0.0,0.0,0.0,278.99999999999994,0.0,0.0,0.0,0.0,0.0,0.0,0.0,0.0,0.0
2025/05/19 02:30:53.288422252,False,False,False,False,False,False,False,False,False,False,False,False,False,0.0,0.0,0.0,0.0,284.0,0.0,0.0,0.0,0.0,0.0,0.0,0.0,0.0,0.0
2025/05/19 02:30:53.391106292,False,False,False,False,False,False,False,False,False,False,False,False,False,0.0,0.0,0.0,0.0,294.0,0.0,0.0,0.0,0.0,0.0,0.0,0.0,0.0,0.0
2025/05/19 02:30:53.490557366,False,False,False,False,False,False,False,False,False,False,False,False,False,0.0,0.0,0.0,0.0,294.0,0.0,0.0,0.0,0.0,0.0,0.0,0.0,0.0,0.0
2025/05/19 02:30:53.592028083,False,False,False,False,False,False,False,False,False,False,False,False,False,0.0,0.0,0.0,0.0,294.0,0.0,0.0,0.0,0.0,0.0,0.0,0.0,0.0,0.0
2025/05/19 02:30:53.694693641,False,False,False,False,False,False,False,False,False,False,False,False,False,0.0,0.0,0.0,0.0,294.0,0.0,0.0,0.0,0.0,0.0,0.0,0.0,0.0,0.0
2025/05/19 02:30:53.784366611,False,False,False,False,False,False,False,False,False,False,False,False,False,0.0,0.0,0.0,0.0,294.0,0.0,0.0,0.0,0.0,0.0,0.0,0.0,0.0,0.0
2025/05/19 02:30:53.884297964,False,False,False,False,False,False,False,False,False,False,False,False,False,0.0,0.0,0.0,0.0,294.0,0.0,0.0,0.0,0.0,0.0,0.0,0.0,0.0,0.0
2025/05/19 02:30:53.988903993,False,False,False,False,False,False,False,False,False,False,False,False,False,0.0,0.0,0.0,0.0,294.0,0.0,0.0,0.0,0.0,0.0,0.0,0.0,0.0,0.0
2025/05/19 02:30:54.86270205,False,False,False,False,False,False,False,False,False,False,False,False,False,0.0,0.0,0.0,0.0,294.0,0.0,0.0,0.0,0.0,0.0,0.0,0.0,0.0,0.0
2025/05/19 02:30:54.188942752,False,False,False,False,False,False,False,False,False,False,False,False,False,0.0,0.0,0.0,0.0,301.0,0.0,0.0,0.0,0.0,0.0,0.0,0.0,0.0,0.0
2025/05/19 02:30:54.289588356,False,False,False,False,False,False,False,False,False,False,False,False,False,0.0,0.0,0.0,0.0,301.0,0.0,0.0,0.0,0.0,0.0,0.0,0.0,0.0,0.0
2025/05/19 02:30:54.392324244,False,False,False,False,False,False,False,False,False,False,False,False,False,0.0,0.0,0.0,0.0,309.99999999999994,0.0,0.0,0.0,0.0,0.0,0.0,0.0,0.0,0.0
2025/05/19 02:30:54.492406368,False,False,False,False,False,False,False,False,False,False,False,False,False,0.0,0.0,0.0,0.0,319.0,0.0,0.0,0.0,0.0,0.0,0.0,0.0,0.0,0.0
2025/05/19 02:30:54.585438923,False,False,False,False,False,False,False,False,False,False,False,False,False,0.0,0.0,0.0,0.0,319.0,0.0,0.0,0.0,0.0,0.0,0.0,0.0,0.0,0.0
2025/05/19 02:30:54.685876779,False,False,False,False,False,False,False,False,False,False,False,False,False,0.0,0.0,0.0,0.0,319.0,0.0,0.0,0.0,0.0,0.0,0.0,0.0,0.0,0.0
2025/05/19 02:30:54.786715221,False,False,False,False,False,False,False,False,False,False,False,False,False,0.0,0.0,0.0,0.0,319.0,0.0,0.0,0.0,0.0,0.0,0.0,0.0,0.0,0.0
2025/05/19 02:30:54.887021806,False,False,False,False,False,False,False,False,False,False,False,False,False,0.0,0.0,0.0,0.0,319.0,0.0,0.0,0.0,0.0,0.0,0.0,0.0,0.0,0.0
2025/05/19 02:30:54.991157518,False,False,False,False,False,False,False,False,False,False,False,False,False,0.0,0.0,0.0,0.0,319.0,0.0,0.0,0.0,0.0,0.0,0.0,0.0,0.0,0.0
2025/05/19 02:30:55.89360940,False,False,False,False,False,False,False,False,False,False,False,False,False,0.0,0.0,0.0,0.0,319.0,0.0,0.0,0.0,0.0,0.0,0.0,0.0,0.0,0.0
2025/05/19 02:30:55.185761902,False,False,False,False,False,False,False,False,False,False,False,False,False,0.0,0.0,0.0,0.0,319.0,0.0,0.0,0.0,0.0,0.0,0.0,0.0,0.0,0.0
2025/05/19 02:30:55.285293086,False,False,False,False,False,False,False,False,False,False,False,False,False,0.0,0.0,0.0,0.0,319.0,0.0,0.0,0.0,0.0,0.0,0.0,0.0,0.0,0.0
2025/05/19 02:30:55.389314478,False,False,False,False,False,False,False,False,False,False,False,False,False,0.0,0.0,0.0,0.0,312.0,0.0,0.0,0.0,0.0,0.0,0.0,0.0,0.0,0.0
2025/05/19 02:30:55.486979403,False,False,False,False,False,False,False,False,False,False,False,False,False,0.0,0.0,0.0,0.0,312.0,0.0,0.0,0.0,0.0,0.0,0.0,0.0,0.0,0.0
2025/05/19 02:30:55.590886319,False,False,False,False,False,False,False,False,False,False,False,False,False,0.0,0.0,0.0,0.0,309.99999999999994,0.0,0.0,0.0,0.0,0.0,0.0,0.0,0.0,0.0
2025/05/19 02:30:55.690618940,False,False,False,False,False,False,False,False,False,False,False,False,False,0.0,0.0,0.0,0.0,309.99999999999994,0.0,0.0,0.0,0.0,0.0,0.0,0.0,0.0,0.0
2025/05/19 02:30:55.791875395,False,False,False,False,False,False,False,False,False,False,False,False,False,0.0,0.0,0.0,0.0,309.99999999999994,0.0,0.0,0.0,0.0,0.0,0.0,0.0,0.0,0.0
2025/05/19 02:30:55.892293627,False,False,False,False,False,False,False,False,False,False,False,False,False,0.0,0.0,0.0,0.0,309.99999999999994,0.0,0.0,0.0,0.0,0.0,0.0,0.0,0.0,0.0
2025/05/19 02:30:55.983467440,False,False,False,False,False,False,False,False,False,False,False,False,False,0.0,0.0,0.0,0.0,309.99999999999994,0.0,0.0,0.0,0.0,0.0,0.0,0.0,0.0,0.0
2025/05/19 02:30:56.84338770,False,False,False,False,False,False,False,False,False,False,False,False,False,0.0,0.0,0.0,0.0,309.99999999999994,0.0,0.0,0.0,0.0,0.0,0.0,0.0,0.0,0.0
2025/05/19 02:30:56.187755948,False,False,False,False,False,False,False,False,False,False,False,False,False,0.0,0.0,0.0,0.0,309.99999999999994,0.0,0.0,0.0,0.0,0.0,0.0,0.0,0.0,0.0
2025/05/19 02:30:56.287551262,False,False,False,False,False,False,False,False,False,False,False,False,False,0.0,0.0,0.0,0.0,309.99999999999994,0.0,0.0,0.0,0.0,0.0,0.0,0.0,0.0,0.0
2025/05/19 02:30:56.391728779,False,False,False,False,False,False,False,False,False,False,False,False,False,0.0,0.0,0.0,0.0,309.99999999999994,0.0,0.0,0.0,0.0,0.0,0.0,0.0,0.0,0.0
2025/05/19 02:30:56.488527574,False,False,False,False,False,False,False,False,False,False,False,False,False,0.0,0.0,0.0,0.0,308.99999999999994,0.0,0.0,0.0,0.0,0.0,0.0,0.0,0.0,0.0
2025/05/19 02:30:56.590739555,False,False,False,False,False,False,False,False,False,False,False,False,False,0.0,0.0,0.0,0.0,308.99999999999994,0.0,0.0,0.0,0.0,0.0,0.0,0.0,0.0,0.0
2025/05/19 02:30:56.689926035,False,False,False,False,False,False,False,False,False,False,False,False,False,0.0,0.0,0.0,0.0,308.99999999999994,0.0,0.0,0.0,0.0,0.0,0.0,0.0,0.0,0.0
2025/05/19 02:30:56.791467210,False,False,False,False,False,False,False,False,False,False,False,False,False,0.0,0.0,0.0,0.0,308.99999999999994,0.0,0.0,0.0,0.0,0.0,0.0,0.0,0.0,0.0
2025/05/19 02:30:56.883524253,False,False,False,False,False,False,False,False,False,False,False,False,False,0.0,0.0,0.0,0.0,308.99999999999994,0.0,0.0,0.0,0.0,0.0,0.0,0.0,0.0,0.0
2025/05/19 02:30:56.984857010,False,False,False,False,False,False,False,False,False,False,False,False,False,0.0,0.0,0.0,0.0,308.99999999999994,0.0,0.0,0.0,0.0,0.0,0.0,0.0,0.0,0.0
2025/05/19 02:30:57.84909961,False,False,False,False,False,False,False,False,False,False,False,False,False,0.0,0.0,0.0,0.0,308.99999999999994,0.0,0.0,0.0,0.0,0.0,0.0,0.0,0.0,0.0
2025/05/19 02:30:57.186838878,False,False,False,False,False,False,False,False,False,False,False,False,False,0.0,0.0,0.0,0.0,308.99999999999994,0.0,0.0,0.0,0.0,0.0,0.0,0.0,0.0,0.0
2025/05/19 02:30:57.288543661,False,False,False,False,False,False,False,False,False,False,False,False,False,0.0,0.0,0.0,0.0,308.99999999999994,0.0,0.0,0.0,0.0,0.0,0.0,0.0,0.0,0.0
2025/05/19 02:30:57.388870573,False,False,False,False,False,False,False,False,False,False,False,False,False,0.0,0.0,0.0,0.0,308.99999999999994,0.0,0.0,0.0,0.0,0.0,0.0,0.0,0.0,0.0
2025/05/19 02:30:57.488947971,False,False,False,False,False,False,False,False,False,False,False,False,False,0.0,0.0,0.0,0.0,298.0,0.0,0.0,0.0,0.0,0.0,0.0,0.0,0.0,0.0
2025/05/19 02:30:57.590617538,False,False,False,False,False,False,False,False,False,False,False,False,False,0.0,0.0,0.0,0.0,298.0,0.0,0.0,0.0,0.0,0.0,0.0,0.0,0.0,0.0
2025/05/19 02:30:57.690709781,False,False,False,False,False,False,False,False,False,False,False,False,False,0.0,0.0,0.0,0.0,298.0,0.0,0.0,0.0,0.0,0.0,0.0,0.0,0.0,0.0
2025/05/19 02:30:57.793819338,False,False,False,False,False,False,False,False,False,False,False,False,False,0.0,0.0,0.0,0.0,298.0,0.0,0.0,0.0,0.0,0.0,0.0,0.0,0.0,0.0
2025/05/19 02:30:57.884928292,False,False,False,False,False,False,False,False,False,False,False,False,False,0.0,0.0,0.0,0.0,298.0,0.0,0.0,0.0,0.0,0.0,0.0,0.0,0.0,0.0
2025/05/19 02:30:57.984162726,False,False,False,False,False,False,False,False,False,False,False,False,False,0.0,0.0,0.0,0.0,298.0,0.0,0.0,0.0,0.0,0.0,0.0,0.0,0.0,0.0
2025/05/19 02:30:58.84399670,False,False,False,False,False,False,False,False,False,False,False,False,False,0.0,0.0,0.0,0.0,298.0,0.0,0.0,0.0,0.0,0.0,0.0,0.0,0.0,0.0
2025/05/19 02:30:58.187194319,False,False,False,False,False,False,False,False,False,False,False,False,False,0.0,0.0,0.0,0.0,298.0,0.0,0.0,0.0,0.0,0.0,0.0,0.0,0.0,0.0
2025/05/19 02:30:58.288857048,False,False,False,False,False,False,False,False,False,False,False,False,False,0.0,0.0,0.0,0.0,298.0,0.0,0.0,0.0,0.0,0.0,0.0,0.0,0.0,0.0
2025/05/19 02:30:58.391456980,False,False,False,False,False,False,False,False,False,False,False,False,False,0.0,0.0,0.0,0.0,305.00000000000006,0.0,0.0,0.0,0.0,0.0,0.0,0.0,0.0,0.0
2025/05/19 02:30:58.491514875,False,False,False,False,False,False,False,False,False,False,False,False,False,0.0,0.0,0.0,0.0,308.99999999999994,0.0,0.0,0.0,0.0,0.0,0.0,0.0,0.0,0.0
2025/05/19 02:30:58.595873273,False,False,False,False,False,False,False,False,False,False,False,False,False,0.0,0.0,0.0,0.0,308.99999999999994,0.0,0.0,0.0,0.0,0.0,0.0,0.0,0.0,0.0
2025/05/19 02:30:58.683095074,False,False,False,False,False,False,False,False,False,False,False,False,False,0.0,0.0,0.0,0.0,308.99999999999994,0.0,0.0,0.0,0.0,0.0,0.0,0.0,0.0,0.0
2025/05/19 02:30:58.784451245,False,False,False,False,False,False,False,False,False,False,False,False,False,0.0,0.0,0.0,0.0,308.99999999999994,0.0,0.0,0.0,0.0,0.0,0.0,0.0,0.0,0.0
2025/05/19 02:30:58.884194551,False,False,False,False,False,False,False,False,False,False,False,False,False,0.0,0.0,0.0,0.0,318.00000000000006,0.0,0.0,0.0,0.0,0.0,0.0,0.0,0.0,0.0
2025/05/19 02:30:58.990659905,False,False,False,False,False,False,False,False,False,False,False,False,False,0.0,0.0,0.0,0.0,329.0,0.0,0.0,0.0,0.0,0.0,0.0,0.0,0.0,0.0
2025/05/19 02:30:59.88454169,False,False,False,False,False,False,False,False,False,False,False,False,False,0.0,0.0,0.0,0.0,329.0,0.0,0.0,0.0,0.0,0.0,0.0,0.0,0.0,0.0
2025/05/19 02:30:59.189645916,False,False,False,False,False,False,False,False,False,False,False,False,False,0.0,0.0,0.0,0.0,329.0,0.0,0.0,0.0,0.0,0.0,0.0,0.0,0.0,0.0
2025/05/19 02:30:59.289863403,False,False,False,False,False,False,False,False,False,False,False,False,False,0.0,0.0,0.0,0.0,329.0,0.0,0.0,0.0,0.0,0.0,0.0,0.0,0.0,0.0
2025/05/19 02:30:59.390167131,False,False,False,False,False,False,False,False,False,False,False,False,False,0.0,0.0,0.0,0.0,329.0,0.0,0.0,0.0,0.0,0.0,0.0,0.0,0.0,0.0
2025/05/19 02:30:59.491649638,False,False,False,False,False,False,False,False,False,False,False,False,False,0.0,0.0,0.0,0.0,329.0,0.0,0.0,0.0,0.0,0.0,0.0,0.0,0.0,0.0
2025/05/19 02:30:59.583855088,False,False,False,False,False,False,False,False,False,False,False,False,False,0.0,0.0,0.0,0.0,329.0,0.0,0.0,0.0,0.0,0.0,0.0,0.0,0.0,0.0
2025/05/19 02:30:59.684230792,False,False,False,False,False,False,False,False,False,False,False,False,False,0.0,0.0,0.0,0.0,329.0,0.0,0.0,0.0,0.0,0.0,0.0,0.0,0.0,0.0
2025/05/19 02:30:59.786366260,False,False,False,False,False,False,False,False,False,False,False,False,False,0.0,0.0,0.0,0.0,329.0,0.0,0.0,0.0,0.0,0.0,0.0,0.0,0.0,0.0
2025/05/19 02:30:59.888416419,False,False,False,False,False,False,False,False,False,False,False,False,False,0.0,0.0,0.0,0.0,316.0,0.0,0.0,0.0,0.0,0.0,0.0,0.0,0.0,0.0
2025/05/19 02:30:59.988771779,False,False,False,False,False,False,False,False,False,False,False,False,False,0.0,0.0,0.0,0.0,316.0,0.0,0.0,0.0,0.0,0.0,0.0,0.0,0.0,0.0
2025/05/19 02:31:00.92441303,False,False,False,False,False,False,False,False,False,False,False,False,False,0.0,0.0,0.0,0.0,316.0,0.0,0.0,0.0,0.0,0.0,0.0,0.0,0.0,0.0
2025/05/19 02:31:00.192781569,False,False,False,False,False,False,False,False,False,False,False,False,False,0.0,0.0,0.0,0.0,316.0,0.0,0.0,0.0,0.0,0.0,0.0,0.0,0.0,0.0
2025/05/19 02:31:00.284036227,False,False,False,False,False,False,False,False,False,False,False,False,False,0.0,0.0,0.0,0.0,316.0,0.0,0.0,0.0,0.0,0.0,0.0,0.0,0.0,0.0
2025/05/19 02:31:00.385171437,False,False,False,False,False,False,False,False,False,False,False,False,False,0.0,0.0,0.0,0.0,316.0,0.0,0.0,0.0,0.0,0.0,0.0,0.0,0.0,0.0
2025/05/19 02:31:00.486813733,False,False,False,False,False,False,False,False,False,False,False,False,False,0.0,0.0,0.0,0.0,316.0,0.0,0.0,0.0,0.0,0.0,0.0,0.0,0.0,0.0
2025/05/19 02:31:00.587198817,False,False,False,False,False,False,False,False,False,False,False,False,False,0.0,0.0,0.0,0.0,316.0,0.0,0.0,0.0,0.0,0.0,0.0,0.0,0.0,0.0
2025/05/19 02:31:00.688206624,False,False,False,False,False,False,False,False,False,False,False,False,False,0.0,0.0,0.0,0.0,316.0,0.0,0.0,0.0,0.0,0.0,0.0,0.0,0.0,0.0
2025/05/19 02:31:00.789735490,False,False,False,False,False,False,False,False,False,False,False,False,False,0.0,0.0,0.0,0.0,323.0,0.0,0.0,0.0,0.0,0.0,0.0,0.0,0.0,0.0
2025/05/19 02:31:00.891075783,False,False,False,False,False,False,False,False,False,False,False,False,False,0.0,0.0,0.0,0.0,324.0,0.0,0.0,0.0,0.0,0.0,0.0,0.0,0.0,0.0
2025/05/19 02:31:00.990933631,False,False,False,False,False,False,False,False,False,False,False,False,False,0.0,0.0,0.0,0.0,324.0,0.0,0.0,0.0,0.0,0.0,0.0,0.0,0.0,0.0
2025/05/19 02:31:01.93618073,False,False,False,False,False,False,False,False,False,False,False,False,False,0.0,0.0,0.0,0.0,324.0,0.0,0.0,0.0,0.0,0.0,0.0,0.0,0.0,0.0
2025/05/19 02:31:01.184447926,False,False,False,False,False,False,False,False,False,False,False,False,False,0.0,0.0,0.0,0.0,324.0,0.0,0.0,0.0,0.0,0.0,0.0,0.0,0.0,0.0
2025/05/19 02:31:01.291179185,False,False,False,False,False,False,False,False,False,False,False,False,False,0.0,0.0,0.0,0.0,324.0,0.0,0.0,0.0,0.0,0.0,0.0,0.0,0.0,0.0
2025/05/19 02:31:01.389686697,False,False,False,False,False,False,False,False,False,False,False,False,False,0.0,0.0,0.0,0.0,324.0,0.0,0.0,0.0,0.0,0.0,0.0,0.0,0.0,0.0
2025/05/19 02:31:01.489596547,False,False,False,False,False,False,False,False,False,False,False,False,False,0.0,0.0,0.0,0.0,324.0,0.0,0.0,0.0,0.0,0.0,0.0,0.0,0.0,0.0
2025/05/19 02:31:01.592081291,False,False,False,False,False,False,False,False,False,False,False,False,False,0.0,0.0,0.0,0.0,324.0,0.0,0.0,0.0,0.0,0.0,0.0,0.0,0.0,0.0
2025/05/19 02:31:01.692591510,False,False,False,False,False,False,False,False,False,False,False,False,False,0.0,0.0,0.0,0.0,324.0,0.0,0.0,0.0,0.0,0.0,0.0,0.0,0.0,0.0
2025/05/19 02:31:01.796588529,False,False,False,False,False,False,False,False,False,False,False,False,False,0.0,0.0,0.0,0.0,335.0,0.0,0.0,0.0,0.0,0.0,0.0,0.0,0.0,0.0
2025/05/19 02:31:01.883749160,False,False,False,False,False,False,False,False,False,False,False,False,False,0.0,0.0,0.0,0.0,335.0,0.0,0.0,0.0,0.0,0.0,0.0,0.0,0.0,0.0
2025/05/19 02:31:01.983374130,False,False,False,False,False,False,False,False,False,False,False,False,False,0.0,0.0,0.0,0.0,349.99999999999994,0.0,0.0,0.0,0.0,0.0,0.0,0.0,0.0,0.0
2025/05/19 02:31:02.86020548,False,False,False,False,False,False,False,False,False,False,False,False,False,0.0,0.0,0.0,0.0,349.99999999999994,0.0,0.0,0.0,0.0,0.0,0.0,0.0,0.0,0.0
2025/05/19 02:31:02.186267545,False,False,False,False,False,False,False,False,False,False,False,False,False,0.0,0.0,0.0,0.0,349.99999999999994,0.0,0.0,0.0,0.0,0.0,0.0,0.0,0.0,0.0
2025/05/19 02:31:02.287528225,False,False,False,False,False,False,False,False,False,False,False,False,False,0.0,0.0,0.0,0.0,349.99999999999994,0.0,0.0,0.0,0.0,0.0,0.0,0.0,0.0,0.0
2025/05/19 02:31:02.388643330,False,False,False,False,False,False,False,False,False,False,False,False,False,0.0,0.0,0.0,0.0,349.99999999999994,0.0,0.0,0.0,0.0,0.0,0.0,0.0,0.0,0.0
2025/05/19 02:31:02.489282219,False,False,False,False,False,False,False,False,False,False,False,False,False,0.0,0.0,0.0,0.0,349.99999999999994,0.0,0.0,0.0,0.0,0.0,0.0,0.0,0.0,0.0
2025/05/19 02:31:02.589957356,False,False,False,False,False,False,False,False,False,False,False,False,False,0.0,0.0,0.0,0.0,351.00000000000006,0.0,0.0,0.0,0.0,0.0,0.0,0.0,0.0,0.0
2025/05/19 02:31:02.693242883,False,False,False,False,False,False,False,False,False,False,False,False,False,0.0,0.0,0.0,0.0,351.00000000000006,0.0,0.0,0.0,0.0,0.0,0.0,0.0,0.0,0.0
2025/05/19 02:31:02.793114675,False,False,False,False,False,False,False,False,False,False,False,False,False,0.0,0.0,0.0,0.0,351.00000000000006,0.0,0.0,0.0,0.0,0.0,0.0,0.0,0.0,0.0
2025/05/19 02:31:02.882747025,False,False,False,False,False,False,False,False,False,False,False,False,False,0.0,0.0,0.0,0.0,351.00000000000006,0.0,0.0,0.0,0.0,0.0,0.0,0.0,0.0,0.0
2025/05/19 02:31:02.983888196,False,False,False,False,False,False,False,False,False,False,False,False,False,0.0,0.0,0.0,0.0,358.0,0.0,0.0,0.0,0.0,0.0,0.0,0.0,0.0,0.0
2025/05/19 02:31:03.85348727,False,False,False,False,False,False,False,False,False,False,False,False,False,0.0,0.0,0.0,0.0,364.00000000000006,0.0,0.0,0.0,0.0,0.0,0.0,0.0,0.0,0.0
2025/05/19 02:31:03.185448767,False,False,False,False,False,False,False,False,False,False,False,False,False,0.0,0.0,0.0,0.0,364.00000000000006,0.0,0.0,0.0,0.0,0.0,0.0,0.0,0.0,0.0
2025/05/19 02:31:03.289777589,False,False,False,False,False,False,False,False,False,False,False,False,False,0.0,0.0,0.0,0.0,364.00000000000006,0.0,0.0,0.0,0.0,0.0,0.0,0.0,0.0,0.0
2025/05/19 02:31:03.389531824,False,False,False,False,False,False,False,False,False,False,False,False,False,0.0,0.0,0.0,0.0,364.00000000000006,0.0,0.0,0.0,0.0,0.0,0.0,0.0,0.0,0.0
2025/05/19 02:31:03.493577645,False,False,False,False,False,False,False,False,False,False,False,False,False,0.0,0.0,0.0,0.0,364.00000000000006,0.0,0.0,0.0,0.0,0.0,0.0,0.0,0.0,0.0
2025/05/19 02:31:03.582375973,False,False,False,False,False,False,False,False,False,False,False,False,False,0.0,0.0,0.0,0.0,364.00000000000006,0.0,0.0,0.0,0.0,0.0,0.0,0.0,0.0,0.0
2025/05/19 02:31:03.689297600,False,False,False,False,False,False,False,False,False,False,False,False,False,0.0,0.0,0.0,0.0,364.00000000000006,0.0,0.0,0.0,0.0,0.0,0.0,0.0,0.0,0.0
2025/05/19 02:31:03.790460581,False,False,False,False,False,False,False,False,False,False,False,False,False,0.0,0.0,0.0,0.0,364.00000000000006,0.0,0.0,0.0,0.0,0.0,0.0,0.0,0.0,0.0
2025/05/19 02:31:03.895598911,False,False,False,False,False,False,False,False,False,False,False,False,False,0.0,0.0,0.0,0.0,324.0,0.0,0.0,0.0,0.0,0.0,0.0,0.0,0.0,0.0
2025/05/19 02:31:03.983460770,False,False,False,False,False,False,False,False,False,False,False,False,False,0.0,0.0,0.0,0.0,324.0,0.0,0.0,0.0,0.0,0.0,0.0,0.0,0.0,0.0
2025/05/19 02:31:04.86325979,False,False,False,False,False,False,False,False,False,False,False,False,False,0.0,0.0,0.0,0.0,324.0,0.0,0.0,0.0,0.0,0.0,0.0,0.0,0.0,0.0
2025/05/19 02:31:04.188854897,False,False,False,False,False,False,False,False,False,False,False,False,False,0.0,0.0,0.0,0.0,324.0,0.0,0.0,0.0,0.0,0.0,0.0,0.0,0.0,0.0
2025/05/19 02:31:04.302044032,False,False,False,False,False,False,False,False,False,False,False,False,False,0.0,0.0,0.0,0.0,324.0,0.0,0.0,0.0,0.0,0.0,0.0,0.0,0.0,0.0
2025/05/19 02:31:04.391920553,False,False,False,False,False,False,False,False,False,False,False,False,False,0.0,0.0,0.0,0.0,324.0,0.0,0.0,0.0,0.0,0.0,0.0,0.0,0.0,0.0
2025/05/19 02:31:04.482990159,False,False,False,False,False,False,False,False,False,False,False,False,False,0.0,0.0,0.0,0.0,324.0,0.0,0.0,0.0,0.0,0.0,0.0,0.0,0.0,0.0
2025/05/19 02:31:04.583950099,False,False,False,False,False,False,False,False,False,False,False,False,False,0.0,0.0,0.0,0.0,324.0,0.0,0.0,0.0,0.0,0.0,0.0,0.0,0.0,0.0
2025/05/19 02:31:04.687575030,False,False,False,False,False,False,False,False,False,False,False,False,False,0.0,0.0,0.0,0.0,324.0,0.0,0.0,0.0,0.0,0.0,0.0,0.0,0.0,0.0
2025/05/19 02:31:04.788454727,False,False,False,False,False,False,False,False,False,False,False,False,False,0.0,0.0,0.0,0.0,324.0,0.0,0.0,0.0,0.0,0.0,0.0,0.0,0.0,0.0
2025/05/19 02:31:04.890099448,False,False,False,False,False,False,False,False,False,False,False,False,False,0.0,0.0,0.0,0.0,291.0,0.0,0.0,0.0,0.0,0.0,0.0,0.0,0.0,0.0
2025/05/19 02:31:04.990387371,False,False,False,False,False,False,False,False,False,False,False,False,False,0.0,0.0,0.0,0.0,291.0,0.0,0.0,0.0,0.0,0.0,0.0,0.0,0.0,0.0
2025/05/19 02:31:05.92765846,False,False,False,False,False,False,False,False,False,False,False,False,False,0.0,0.0,0.0,0.0,291.0,0.0,0.0,0.0,0.0,0.0,0.0,0.0,0.0,0.0
2025/05/19 02:31:05.192266819,False,False,False,False,False,False,False,False,False,False,False,False,False,0.0,0.0,0.0,0.0,291.0,0.0,0.0,0.0,0.0,0.0,0.0,0.0,0.0,0.0
2025/05/19 02:31:05.283541243,False,False,False,False,False,False,False,False,False,False,False,False,False,0.0,0.0,0.0,0.0,291.0,0.0,0.0,0.0,0.0,0.0,0.0,0.0,0.0,0.0
2025/05/19 02:31:05.383809770,False,False,False,False,False,False,False,False,False,False,False,False,False,0.0,0.0,0.0,0.0,291.0,0.0,0.0,0.0,0.0,0.0,0.0,0.0,0.0,0.0
2025/05/19 02:31:05.485020245,False,False,False,False,False,False,False,False,False,False,False,False,False,0.0,0.0,0.0,0.0,291.0,0.0,0.0,0.0,0.0,0.0,0.0,0.0,0.0,0.0
2025/05/19 02:31:05.586229903,False,False,False,False,False,False,False,False,False,False,False,False,False,0.0,0.0,0.0,0.0,291.0,0.0,0.0,0.0,0.0,0.0,0.0,0.0,0.0,0.0
2025/05/19 02:31:05.688627883,False,False,False,False,False,False,False,False,False,False,False,False,False,0.0,0.0,0.0,0.0,291.0,0.0,0.0,0.0,0.0,0.0,0.0,0.0,0.0,0.0
2025/05/19 02:31:05.787913255,False,False,False,False,False,False,False,False,False,False,False,False,False,0.0,0.0,0.0,0.0,298.0,0.0,0.0,0.0,0.0,0.0,0.0,0.0,0.0,0.0
2025/05/19 02:31:05.889561501,False,False,False,False,False,False,False,False,False,False,False,False,False,0.0,0.0,0.0,0.0,316.0,0.0,0.0,0.0,0.0,0.0,0.0,0.0,0.0,0.0
2025/05/19 02:31:05.990396122,False,False,False,False,False,False,False,False,False,False,False,False,False,0.0,0.0,0.0,0.0,327.0,0.0,0.0,0.0,0.0,0.0,0.0,0.0,0.0,0.0
2025/05/19 02:31:06.85977557,False,False,False,False,False,False,False,False,False,False,False,False,False,0.0,0.0,0.0,0.0,327.0,0.0,0.0,0.0,0.0,0.0,0.0,0.0,0.0,0.0
2025/05/19 02:31:06.186063866,False,False,False,False,False,False,False,False,False,False,False,False,False,0.0,0.0,0.0,0.0,327.0,0.0,0.0,0.0,0.0,0.0,0.0,0.0,0.0,0.0
2025/05/19 02:31:06.290282073,False,False,False,False,False,False,False,False,False,False,False,False,False,0.0,0.0,0.0,0.0,327.0,0.0,0.0,0.0,0.0,0.0,0.0,0.0,0.0,0.0
2025/05/19 02:31:06.389120231,False,False,False,False,False,False,False,False,False,False,False,False,False,0.0,0.0,0.0,0.0,327.0,0.0,0.0,0.0,0.0,0.0,0.0,0.0,0.0,0.0
2025/05/19 02:31:06.491298405,False,False,False,False,False,False,False,False,False,False,False,False,False,0.0,0.0,0.0,0.0,327.0,0.0,0.0,0.0,0.0,0.0,0.0,0.0,0.0,0.0
2025/05/19 02:31:06.592262180,False,False,False,False,False,False,False,False,False,False,False,False,False,0.0,0.0,0.0,0.0,327.0,0.0,0.0,0.0,0.0,0.0,0.0,0.0,0.0,0.0
2025/05/19 02:31:06.684169774,False,False,False,False,False,False,False,False,False,False,False,False,False,0.0,0.0,0.0,0.0,327.0,0.0,0.0,0.0,0.0,0.0,0.0,0.0,0.0,0.0
2025/05/19 02:31:06.784956821,False,False,False,False,False,False,False,False,False,False,False,False,False,0.0,0.0,0.0,0.0,327.0,0.0,0.0,0.0,0.0,0.0,0.0,0.0,0.0,0.0
2025/05/19 02:31:06.888468383,False,False,False,False,False,False,False,False,False,False,False,False,False,0.0,0.0,0.0,0.0,334.00000000000006,0.0,0.0,0.0,0.0,0.0,0.0,0.0,0.0,0.0
2025/05/19 02:31:06.988877612,False,False,False,False,False,False,False,False,False,False,False,False,False,0.0,0.0,0.0,0.0,338.0,0.0,0.0,0.0,0.0,0.0,0.0,0.0,0.0,0.0
2025/05/19 02:31:07.91538347,False,False,False,False,False,False,False,False,False,False,False,False,False,0.0,0.0,0.0,0.0,338.0,0.0,0.0,0.0,0.0,0.0,0.0,0.0,0.0,0.0
2025/05/19 02:31:07.184166764,False,False,False,False,False,False,False,False,False,False,False,False,False,0.0,0.0,0.0,0.0,338.0,0.0,0.0,0.0,0.0,0.0,0.0,0.0,0.0,0.0
2025/05/19 02:31:07.286255813,False,False,False,False,False,False,False,False,False,False,False,False,False,0.0,0.0,0.0,0.0,338.0,0.0,0.0,0.0,0.0,0.0,0.0,0.0,0.0,0.0
2025/05/19 02:31:07.385713889,False,False,False,False,False,False,False,False,False,False,False,False,False,0.0,0.0,0.0,0.0,338.0,0.0,0.0,0.0,0.0,0.0,0.0,0.0,0.0,0.0
2025/05/19 02:31:07.488882545,False,False,False,False,False,False,False,False,False,False,False,False,False,0.0,0.0,0.0,0.0,338.0,0.0,0.0,0.0,0.0,0.0,0.0,0.0,0.0,0.0
2025/05/19 02:31:07.589574402,False,False,False,False,False,False,False,False,False,False,False,False,False,0.0,0.0,0.0,0.0,338.0,0.0,0.0,0.0,0.0,0.0,0.0,0.0,0.0,0.0
2025/05/19 02:31:07.689651537,False,False,False,False,False,False,False,False,False,False,False,False,False,0.0,0.0,0.0,0.0,338.0,0.0,0.0,0.0,0.0,0.0,0.0,0.0,0.0,0.0
2025/05/19 02:31:07.789458270,False,False,False,False,False,False,False,False,False,False,False,False,False,0.0,0.0,0.0,0.0,338.0,0.0,0.0,0.0,0.0,0.0,0.0,0.0,0.0,0.0
2025/05/19 02:31:07.888208824,False,False,False,False,False,False,False,False,False,False,False,False,False,0.0,0.0,0.0,0.0,360.0,0.0,0.0,0.0,0.0,0.0,0.0,0.0,0.0,0.0
2025/05/19 02:31:07.986804545,False,False,False,False,False,False,False,False,False,False,False,False,False,0.0,0.0,0.0,0.0,360.0,0.0,0.0,0.0,0.0,0.0,0.0,0.0,0.0,0.0
2025/05/19 02:31:08.88104349,False,False,False,False,False,False,False,False,False,False,False,False,False,0.0,0.0,0.0,0.0,360.0,0.0,0.0,0.0,0.0,0.0,0.0,0.0,0.0,0.0
2025/05/19 02:31:08.188059510,False,False,False,False,False,False,False,False,False,False,False,False,False,0.0,0.0,0.0,0.0,360.0,0.0,0.0,0.0,0.0,0.0,0.0,0.0,0.0,0.0
2025/05/19 02:31:08.289971399,False,False,False,False,False,False,False,False,False,False,False,False,False,0.0,0.0,0.0,0.0,360.0,0.0,0.0,0.0,0.0,0.0,0.0,0.0,0.0,0.0
2025/05/19 02:31:08.391913136,False,False,False,False,False,False,False,False,False,False,False,False,False,0.0,0.0,0.0,0.0,360.99999999999994,0.0,0.0,0.0,0.0,0.0,0.0,0.0,0.0,0.0
2025/05/19 02:31:08.492826960,False,False,False,False,False,False,False,False,False,False,False,False,False,0.0,0.0,0.0,0.0,360.99999999999994,0.0,0.0,0.0,0.0,0.0,0.0,0.0,0.0,0.0
2025/05/19 02:31:08.584624985,False,False,False,False,False,False,False,False,False,False,False,False,False,0.0,0.0,0.0,0.0,360.99999999999994,0.0,0.0,0.0,0.0,0.0,0.0,0.0,0.0,0.0
2025/05/19 02:31:08.685917039,False,False,False,False,False,False,False,False,False,False,False,False,False,0.0,0.0,0.0,0.0,360.99999999999994,0.0,0.0,0.0,0.0,0.0,0.0,0.0,0.0,0.0
2025/05/19 02:31:08.788055880,False,False,False,False,False,False,False,False,False,False,False,False,False,0.0,0.0,0.0,0.0,371.0,0.0,0.0,0.0,0.0,0.0,0.0,0.0,0.0,0.0
2025/05/19 02:31:08.891225029,False,False,False,False,False,False,False,False,False,False,False,False,False,0.0,0.0,0.0,0.0,386.0,0.0,0.0,0.0,0.0,0.0,0.0,0.0,0.0,0.0
2025/05/19 02:31:08.991112146,False,False,False,False,False,False,False,False,False,False,False,False,False,0.0,0.0,0.0,0.0,400.0,0.0,0.0,0.0,0.0,0.0,0.0,0.0,0.0,0.0
2025/05/19 02:31:09.92509069,False,False,False,False,False,False,False,False,False,False,False,False,False,0.0,0.0,0.0,0.0,400.0,0.0,0.0,0.0,0.0,0.0,0.0,0.0,0.0,0.0
2025/05/19 02:31:09.185994245,False,False,False,False,False,False,False,False,False,False,False,False,False,0.0,0.0,0.0,0.0,414.99999999999994,0.0,0.0,0.0,0.0,0.0,0.0,0.0,0.0,0.0
2025/05/19 02:31:09.284768839,False,False,False,False,False,False,False,False,False,False,False,False,False,0.0,0.0,0.0,0.0,416.00000000000006,0.0,0.0,0.0,0.0,0.0,0.0,0.0,0.0,0.0
2025/05/19 02:31:09.385981633,False,False,False,False,False,False,False,False,False,False,False,False,False,0.0,0.0,0.0,0.0,416.00000000000006,0.0,0.0,0.0,0.0,0.0,0.0,0.0,0.0,0.0
2025/05/19 02:31:09.487350585,False,False,False,False,False,False,False,False,False,False,False,False,False,0.0,0.0,0.0,0.0,416.00000000000006,0.0,0.0,0.0,0.0,0.0,0.0,0.0,0.0,0.0
2025/05/19 02:31:09.589005523,False,False,False,False,False,False,False,False,False,False,False,False,False,0.0,0.0,0.0,0.0,416.00000000000006,0.0,0.0,0.0,0.0,0.0,0.0,0.0,0.0,0.0
2025/05/19 02:31:09.688611986,False,False,False,False,False,False,False,False,False,False,False,False,False,0.0,0.0,0.0,0.0,416.00000000000006,0.0,0.0,0.0,0.0,0.0,0.0,0.0,0.0,0.0
2025/05/19 02:31:09.793060263,False,False,False,False,False,False,False,False,False,False,False,False,False,0.0,0.0,0.0,0.0,411.00000000000006,0.0,0.0,0.0,0.0,0.0,0.0,0.0,0.0,0.0
2025/05/19 02:31:09.883024138,False,False,False,False,False,False,False,False,False,False,False,False,False,0.0,0.0,0.0,0.0,411.00000000000006,0.0,0.0,0.0,0.0,0.0,0.0,0.0,0.0,0.0
2025/05/19 02:31:09.985470849,False,False,False,False,False,False,False,False,False,False,False,False,False,0.0,0.0,0.0,0.0,411.00000000000006,0.0,0.0,0.0,0.0,0.0,0.0,0.0,0.0,0.0
2025/05/19 02:31:10.86109495,False,False,False,False,False,False,False,False,False,False,False,False,False,0.0,0.0,0.0,0.0,411.00000000000006,0.0,0.0,0.0,0.0,0.0,0.0,0.0,0.0,0.0
2025/05/19 02:31:10.190004344,False,False,False,False,False,False,False,False,False,False,False,False,False,0.0,0.0,0.0,0.0,411.00000000000006,0.0,0.0,0.0,0.0,0.0,0.0,0.0,0.0,0.0
2025/05/19 02:31:10.288933770,False,False,False,False,False,False,False,False,False,False,False,False,False,0.0,0.0,0.0,0.0,411.00000000000006,0.0,0.0,0.0,0.0,0.0,0.0,0.0,0.0,0.0
2025/05/19 02:31:10.393913879,False,False,False,False,False,False,False,False,False,False,False,False,False,0.0,0.0,0.0,0.0,411.00000000000006,0.0,0.0,0.0,0.0,0.0,0.0,0.0,0.0,0.0
2025/05/19 02:31:10.492348922,False,False,False,False,False,False,False,False,False,False,False,False,False,0.0,0.0,0.0,0.0,411.00000000000006,0.0,0.0,0.0,0.0,0.0,0.0,0.0,0.0,0.0
2025/05/19 02:31:10.589178407,False,False,False,False,False,False,False,False,False,False,False,False,False,0.0,0.0,0.0,0.0,411.00000000000006,0.0,0.0,0.0,0.0,0.0,0.0,0.0,0.0,0.0
2025/05/19 02:31:10.684573017,False,False,False,False,False,False,False,False,False,False,False,False,False,0.0,0.0,0.0,0.0,411.00000000000006,0.0,0.0,0.0,0.0,0.0,0.0,0.0,0.0,0.0
2025/05/19 02:31:10.787142970,False,False,False,False,False,False,False,False,False,False,False,False,False,0.0,0.0,0.0,0.0,411.00000000000006,0.0,0.0,0.0,0.0,0.0,0.0,0.0,0.0,0.0
2025/05/19 02:31:10.886324990,False,False,False,False,False,False,False,False,False,False,False,False,False,0.0,0.0,0.0,0.0,396.0,0.0,0.0,0.0,0.0,0.0,0.0,0.0,0.0,0.0
2025/05/19 02:31:10.984625969,False,False,False,False,False,False,False,False,False,False,False,False,False,0.0,0.0,0.0,0.0,396.0,0.0,0.0,0.0,0.0,0.0,0.0,0.0,0.0,0.0
2025/05/19 02:31:11.83767423,False,False,False,False,False,False,False,False,False,False,False,False,False,0.0,0.0,0.0,0.0,396.0,0.0,0.0,0.0,0.0,0.0,0.0,0.0,0.0,0.0
2025/05/19 02:31:11.186150379,False,False,False,False,False,False,False,False,False,False,False,False,False,0.0,0.0,0.0,0.0,396.0,0.0,0.0,0.0,0.0,0.0,0.0,0.0,0.0,0.0
2025/05/19 02:31:11.286785760,False,False,False,False,False,False,False,False,False,False,False,False,False,0.0,0.0,0.0,0.0,396.0,0.0,0.0,0.0,0.0,0.0,0.0,0.0,0.0,0.0
2025/05/19 02:31:11.388979321,False,False,False,False,False,False,False,False,False,False,False,False,False,0.0,0.0,0.0,0.0,396.0,0.0,0.0,0.0,0.0,0.0,0.0,0.0,0.0,0.0
2025/05/19 02:31:11.489966205,False,False,False,False,False,False,False,False,False,False,False,False,False,0.0,0.0,0.0,0.0,396.0,0.0,0.0,0.0,0.0,0.0,0.0,0.0,0.0,0.0
2025/05/19 02:31:11.588419283,False,False,False,False,False,False,False,False,False,False,False,False,False,0.0,0.0,0.0,0.0,396.0,0.0,0.0,0.0,0.0,0.0,0.0,0.0,0.0,0.0
2025/05/19 02:31:11.685944968,False,False,False,False,False,False,False,False,False,False,False,False,False,0.0,0.0,0.0,0.0,396.0,0.0,0.0,0.0,0.0,0.0,0.0,0.0,0.0,0.0
2025/05/19 02:31:11.788587109,False,False,False,False,False,False,False,False,False,False,False,False,False,0.0,0.0,0.0,0.0,333.0,0.0,0.0,0.0,0.0,0.0,0.0,0.0,0.0,0.0
2025/05/19 02:31:11.889630991,False,False,False,False,False,False,False,False,False,False,False,False,False,0.0,0.0,0.0,0.0,333.0,0.0,0.0,0.0,0.0,0.0,0.0,0.0,0.0,0.0
2025/05/19 02:31:11.991656536,False,False,False,False,False,False,False,False,False,False,False,False,False,0.0,0.0,0.0,0.0,333.0,0.0,0.0,0.0,0.0,0.0,0.0,0.0,0.0,0.0
2025/05/19 02:31:12.91668124,False,False,False,False,False,False,False,False,False,False,False,False,False,0.0,0.0,0.0,0.0,333.0,0.0,0.0,0.0,0.0,0.0,0.0,0.0,0.0,0.0
2025/05/19 02:31:12.185518728,False,False,False,False,False,False,False,False,False,False,False,False,False,0.0,0.0,0.0,0.0,333.0,0.0,0.0,0.0,0.0,0.0,0.0,0.0,0.0,0.0
2025/05/19 02:31:12.286361101,False,False,False,False,False,False,False,False,False,False,False,False,False,0.0,0.0,0.0,0.0,333.0,0.0,0.0,0.0,0.0,0.0,0.0,0.0,0.0,0.0
2025/05/19 02:31:12.391317315,False,False,False,False,False,False,False,False,False,False,False,False,False,0.0,0.0,0.0,0.0,333.0,0.0,0.0,0.0,0.0,0.0,0.0,0.0,0.0,0.0
2025/05/19 02:31:12.488943439,False,False,False,False,False,False,False,False,False,False,False,False,False,0.0,0.0,0.0,0.0,333.0,0.0,0.0,0.0,0.0,0.0,0.0,0.0,0.0,0.0
2025/05/19 02:31:12.591009179,False,False,False,False,False,False,False,False,False,False,False,False,False,0.0,0.0,0.0,0.0,333.0,0.0,0.0,0.0,0.0,0.0,0.0,0.0,0.0,0.0
2025/05/19 02:31:12.692373550,False,False,False,False,False,False,False,False,False,False,False,False,False,0.0,0.0,0.0,0.0,333.0,0.0,0.0,0.0,0.0,0.0,0.0,0.0,0.0,0.0
2025/05/19 02:31:12.792675396,False,False,False,False,False,False,False,False,False,False,False,False,False,0.0,0.0,0.0,0.0,333.0,0.0,0.0,0.0,0.0,0.0,0.0,0.0,0.0,0.0
2025/05/19 02:31:12.884644853,False,False,False,False,False,False,False,False,False,False,False,False,False,0.0,0.0,0.0,0.0,292.0,0.0,0.0,0.0,0.0,0.0,0.0,0.0,0.0,0.0
2025/05/19 02:31:12.988772268,False,False,False,False,False,False,False,False,False,False,False,False,False,0.0,0.0,0.0,0.0,292.0,0.0,0.0,0.0,0.0,0.0,0.0,0.0,0.0,0.0
2025/05/19 02:31:13.88634899,False,False,False,False,False,False,False,False,False,False,False,False,False,0.0,0.0,0.0,0.0,292.0,0.0,0.0,0.0,0.0,0.0,0.0,0.0,0.0,0.0
2025/05/19 02:31:13.191562840,False,False,False,False,False,False,False,False,False,False,False,False,False,0.0,0.0,0.0,0.0,292.0,0.0,0.0,0.0,0.0,0.0,0.0,0.0,0.0,0.0
2025/05/19 02:31:13.289951063,False,False,False,False,False,False,False,False,False,False,False,False,False,0.0,0.0,0.0,0.0,292.0,0.0,0.0,0.0,0.0,0.0,0.0,0.0,0.0,0.0
2025/05/19 02:31:13.394449744,False,False,False,False,False,False,False,False,False,False,False,False,False,0.0,0.0,0.0,0.0,292.0,0.0,0.0,0.0,0.0,0.0,0.0,0.0,0.0,0.0
2025/05/19 02:31:13.483769175,False,False,False,False,False,False,False,False,False,False,False,False,False,0.0,0.0,0.0,0.0,292.0,0.0,0.0,0.0,0.0,0.0,0.0,0.0,0.0,0.0
2025/05/19 02:31:13.586283820,False,False,False,False,False,False,False,False,False,False,False,False,False,0.0,0.0,0.0,0.0,292.0,0.0,0.0,0.0,0.0,0.0,0.0,0.0,0.0,0.0
2025/05/19 02:31:13.685752550,False,False,False,False,False,False,False,False,False,False,False,False,False,0.0,0.0,0.0,0.0,292.0,0.0,0.0,0.0,0.0,0.0,0.0,0.0,0.0,0.0
2025/05/19 02:31:13.791736578,False,False,False,False,False,False,False,False,False,False,False,False,False,0.0,0.0,0.0,0.0,292.0,0.0,0.0,0.0,0.0,0.0,0.0,0.0,0.0,0.0
2025/05/19 02:31:13.891776192,False,False,False,False,False,False,False,False,False,False,False,False,False,0.0,0.0,0.0,0.0,295.0,0.0,0.0,0.0,0.0,0.0,0.0,0.0,0.0,0.0
2025/05/19 02:31:13.983797779,False,False,False,False,False,False,False,False,False,False,False,False,False,0.0,0.0,0.0,0.0,295.0,0.0,0.0,0.0,0.0,0.0,0.0,0.0,0.0,0.0
2025/05/19 02:31:14.83517775,False,False,False,False,False,False,False,False,False,False,False,False,False,0.0,0.0,0.0,0.0,295.0,0.0,0.0,0.0,0.0,0.0,0.0,0.0,0.0,0.0
2025/05/19 02:31:14.187593689,False,False,False,False,False,False,False,False,False,False,False,False,False,0.0,0.0,0.0,0.0,295.0,0.0,0.0,0.0,0.0,0.0,0.0,0.0,0.0,0.0
2025/05/19 02:31:14.286773402,False,False,False,False,False,False,False,False,False,False,False,False,False,0.0,0.0,0.0,0.0,295.0,0.0,0.0,0.0,0.0,0.0,0.0,0.0,0.0,0.0
2025/05/19 02:31:14.388722020,False,False,False,False,False,False,False,False,False,False,False,False,False,0.0,0.0,0.0,0.0,295.0,0.0,0.0,0.0,0.0,0.0,0.0,0.0,0.0,0.0
2025/05/19 02:31:14.491988279,False,False,False,False,False,False,False,False,False,False,False,False,False,0.0,0.0,0.0,0.0,295.0,0.0,0.0,0.0,0.0,0.0,0.0,0.0,0.0,0.0
2025/05/19 02:31:14.585288750,False,False,False,False,False,False,False,False,False,False,False,False,False,0.0,0.0,0.0,0.0,295.0,0.0,0.0,0.0,0.0,0.0,0.0,0.0,0.0,0.0
2025/05/19 02:31:14.683916284,False,False,False,False,False,False,False,False,False,False,False,False,False,0.0,0.0,0.0,0.0,295.0,0.0,0.0,0.0,0.0,0.0,0.0,0.0,0.0,0.0
2025/05/19 02:31:14.787508055,False,False,False,False,False,False,False,False,False,False,False,False,False,0.0,0.0,0.0,0.0,295.0,0.0,0.0,0.0,0.0,0.0,0.0,0.0,0.0,0.0
2025/05/19 02:31:14.885700089,False,False,False,False,False,False,False,False,False,False,False,False,False,0.0,0.0,0.0,0.0,303.0,0.0,0.0,0.0,0.0,0.0,0.0,0.0,0.0,0.0
2025/05/19 02:31:14.989418223,False,False,False,False,False,False,False,False,False,False,False,False,False,0.0,0.0,0.0,0.0,320.0,0.0,0.0,0.0,0.0,0.0,0.0,0.0,0.0,0.0
2025/05/19 02:31:15.88919779,False,False,False,False,False,False,False,False,False,False,False,False,False,0.0,0.0,0.0,0.0,320.0,0.0,0.0,0.0,0.0,0.0,0.0,0.0,0.0,0.0
2025/05/19 02:31:15.189999400,False,False,False,False,False,False,False,False,False,False,False,False,False,0.0,0.0,0.0,0.0,320.0,0.0,0.0,0.0,0.0,0.0,0.0,0.0,0.0,0.0
2025/05/19 02:31:15.291356752,False,False,False,False,False,False,False,False,False,False,False,False,False,0.0,0.0,0.0,0.0,320.0,0.0,0.0,0.0,0.0,0.0,0.0,0.0,0.0,0.0
2025/05/19 02:31:15.392317375,False,False,False,False,False,False,False,False,False,False,False,False,False,0.0,0.0,0.0,0.0,320.0,0.0,0.0,0.0,0.0,0.0,0.0,0.0,0.0,0.0
2025/05/19 02:31:15.484137172,False,False,False,False,False,False,False,False,False,False,False,False,False,0.0,0.0,0.0,0.0,320.0,0.0,0.0,0.0,0.0,0.0,0.0,0.0,0.0,0.0
2025/05/19 02:31:15.585763943,False,False,False,False,False,False,False,False,False,False,False,False,False,0.0,0.0,0.0,0.0,320.0,0.0,0.0,0.0,0.0,0.0,0.0,0.0,0.0,0.0
2025/05/19 02:31:15.685979640,False,False,False,False,False,False,False,False,False,False,False,False,False,0.0,0.0,0.0,0.0,320.0,0.0,0.0,0.0,0.0,0.0,0.0,0.0,0.0,0.0
2025/05/19 02:31:15.787375790,False,False,False,False,False,False,False,False,False,False,False,False,False,0.0,0.0,0.0,0.0,320.0,0.0,0.0,0.0,0.0,0.0,0.0,0.0,0.0,0.0
2025/05/19 02:31:15.887003911,False,False,False,False,False,False,False,False,False,False,False,False,False,0.0,0.0,0.0,0.0,329.0,0.0,0.0,0.0,0.0,0.0,0.0,0.0,0.0,0.0
2025/05/19 02:31:15.988629071,False,False,False,False,False,False,False,False,False,False,False,False,False,0.0,0.0,0.0,0.0,334.00000000000006,0.0,0.0,0.0,0.0,0.0,0.0,0.0,0.0,0.0
2025/05/19 02:31:16.88646715,False,False,False,False,False,False,False,False,False,False,False,False,False,0.0,0.0,0.0,0.0,334.00000000000006,0.0,0.0,0.0,0.0,0.0,0.0,0.0,0.0,0.0
2025/05/19 02:31:16.190961428,False,False,False,False,False,False,False,False,False,False,False,False,False,0.0,0.0,0.0,0.0,334.00000000000006,0.0,0.0,0.0,0.0,0.0,0.0,0.0,0.0,0.0
2025/05/19 02:31:16.282169604,False,False,False,False,False,False,False,False,False,False,False,False,False,0.0,0.0,0.0,0.0,334.00000000000006,0.0,0.0,0.0,0.0,0.0,0.0,0.0,0.0,0.0
2025/05/19 02:31:16.386698547,False,False,False,False,False,False,False,False,False,False,False,False,False,0.0,0.0,0.0,0.0,334.00000000000006,0.0,0.0,0.0,0.0,0.0,0.0,0.0,0.0,0.0
2025/05/19 02:31:16.486504893,False,False,False,False,False,False,False,False,False,False,False,False,False,0.0,0.0,0.0,0.0,334.00000000000006,0.0,0.0,0.0,0.0,0.0,0.0,0.0,0.0,0.0
2025/05/19 02:31:16.593034058,False,False,False,False,False,False,False,False,False,False,False,False,False,0.0,0.0,0.0,0.0,334.00000000000006,0.0,0.0,0.0,0.0,0.0,0.0,0.0,0.0,0.0
2025/05/19 02:31:16.692427292,False,False,False,False,False,False,False,False,False,False,False,False,False,0.0,0.0,0.0,0.0,334.00000000000006,0.0,0.0,0.0,0.0,0.0,0.0,0.0,0.0,0.0
2025/05/19 02:31:16.785102534,False,False,False,False,False,False,False,False,False,False,False,False,False,0.0,0.0,0.0,0.0,334.00000000000006,0.0,0.0,0.0,0.0,0.0,0.0,0.0,0.0,0.0
2025/05/19 02:31:16.885584681,False,False,False,False,False,False,False,False,False,False,False,False,False,0.0,0.0,0.0,0.0,336.0,0.0,0.0,0.0,0.0,0.0,0.0,0.0,0.0,0.0
2025/05/19 02:31:16.986411668,False,False,False,False,False,False,False,False,False,False,False,False,False,0.0,0.0,0.0,0.0,336.0,0.0,0.0,0.0,0.0,0.0,0.0,0.0,0.0,0.0
2025/05/19 02:31:17.89568585,False,False,False,False,False,False,False,False,False,False,False,False,False,0.0,0.0,0.0,0.0,336.0,0.0,0.0,0.0,0.0,0.0,0.0,0.0,0.0,0.0
2025/05/19 02:31:17.192567413,False,False,False,False,False,False,False,False,False,False,False,False,False,0.0,0.0,0.0,0.0,336.0,0.0,0.0,0.0,0.0,0.0,0.0,0.0,0.0,0.0
2025/05/19 02:31:17.296139814,False,False,False,False,False,False,False,False,False,False,False,False,False,0.0,0.0,0.0,0.0,336.0,0.0,0.0,0.0,0.0,0.0,0.0,0.0,0.0,0.0
2025/05/19 02:31:17.384864137,False,False,False,False,False,False,False,False,False,False,False,False,False,0.0,0.0,0.0,0.0,336.0,0.0,0.0,0.0,0.0,0.0,0.0,0.0,0.0,0.0
2025/05/19 02:31:17.485838824,False,False,False,False,False,False,False,False,False,False,False,False,False,0.0,0.0,0.0,0.0,336.0,0.0,0.0,0.0,0.0,0.0,0.0,0.0,0.0,0.0
2025/05/19 02:31:17.588768382,False,False,False,False,False,False,False,False,False,False,False,False,False,0.0,0.0,0.0,0.0,336.0,0.0,0.0,0.0,0.0,0.0,0.0,0.0,0.0,0.0
2025/05/19 02:31:17.689677957,False,False,False,False,False,False,False,False,False,False,False,False,False,0.0,0.0,0.0,0.0,336.0,0.0,0.0,0.0,0.0,0.0,0.0,0.0,0.0,0.0
2025/05/19 02:31:17.789311669,False,False,False,False,False,False,False,False,False,False,False,False,False,0.0,0.0,0.0,0.0,338.0,0.0,0.0,0.0,0.0,0.0,0.0,0.0,0.0,0.0
2025/05/19 02:31:17.893804756,False,False,False,False,False,False,False,False,False,False,False,False,False,0.0,0.0,0.0,0.0,338.0,0.0,0.0,0.0,0.0,0.0,0.0,0.0,0.0,0.0
2025/05/19 02:31:17.984011522,False,False,False,False,False,False,False,False,False,False,False,False,False,0.0,0.0,0.0,0.0,338.0,0.0,0.0,0.0,0.0,0.0,0.0,0.0,0.0,0.0
2025/05/19 02:31:18.83524547,False,False,False,False,False,False,False,False,False,False,False,False,False,0.0,0.0,0.0,0.0,338.0,0.0,0.0,0.0,0.0,0.0,0.0,0.0,0.0,0.0
2025/05/19 02:31:18.186668986,False,False,False,False,False,False,False,False,False,False,False,False,False,0.0,0.0,0.0,0.0,338.0,0.0,0.0,0.0,0.0,0.0,0.0,0.0,0.0,0.0
2025/05/19 02:31:18.289624411,False,False,False,False,False,False,False,False,False,False,False,False,False,0.0,0.0,0.0,0.0,338.0,0.0,0.0,0.0,0.0,0.0,0.0,0.0,0.0,0.0
2025/05/19 02:31:18.390510286,False,False,False,False,False,False,False,False,False,False,False,False,False,0.0,0.0,0.0,0.0,338.0,0.0,0.0,0.0,0.0,0.0,0.0,0.0,0.0,0.0
2025/05/19 02:31:18.489849179,False,False,False,False,False,False,False,False,False,False,False,False,False,0.0,0.0,0.0,0.0,338.0,0.0,0.0,0.0,0.0,0.0,0.0,0.0,0.0,0.0
2025/05/19 02:31:18.593201808,False,False,False,False,False,False,False,False,False,False,False,False,False,0.0,0.0,0.0,0.0,338.0,0.0,0.0,0.0,0.0,0.0,0.0,0.0,0.0,0.0
2025/05/19 02:31:18.683555306,False,False,False,False,False,False,False,False,False,False,False,False,False,0.0,0.0,0.0,0.0,338.0,0.0,0.0,0.0,0.0,0.0,0.0,0.0,0.0,0.0
2025/05/19 02:31:18.784620801,False,False,False,False,False,False,False,False,False,False,False,False,False,0.0,0.0,0.0,0.0,338.0,0.0,0.0,0.0,0.0,0.0,0.0,0.0,0.0,0.0
2025/05/19 02:31:18.887872869,False,False,False,False,False,False,False,False,False,False,False,False,False,0.0,0.0,0.0,0.0,343.00000000000006,0.0,0.0,0.0,0.0,0.0,0.0,0.0,0.0,0.0
2025/05/19 02:31:18.990448489,False,False,False,False,False,False,False,False,False,False,False,False,False,0.0,0.0,0.0,0.0,347.0,0.0,0.0,0.0,0.0,0.0,0.0,0.0,0.0,0.0
2025/05/19 02:31:19.93104181,False,False,False,False,False,False,False,False,False,False,False,False,False,0.0,0.0,0.0,0.0,347.0,0.0,0.0,0.0,0.0,0.0,0.0,0.0,0.0,0.0
2025/05/19 02:31:19.184439701,False,False,False,False,False,False,False,False,False,False,False,False,False,0.0,0.0,0.0,0.0,347.0,0.0,0.0,0.0,0.0,0.0,0.0,0.0,0.0,0.0
2025/05/19 02:31:19.289465873,False,False,False,False,False,False,False,False,False,False,False,False,False,0.0,0.0,0.0,0.0,347.0,0.0,0.0,0.0,0.0,0.0,0.0,0.0,0.0,0.0
2025/05/19 02:31:19.390708049,False,False,False,False,False,False,False,False,False,False,False,False,False,0.0,0.0,0.0,0.0,347.0,0.0,0.0,0.0,0.0,0.0,0.0,0.0,0.0,0.0
2025/05/19 02:31:19.494160446,False,False,False,False,False,False,False,False,False,False,False,False,False,0.0,0.0,0.0,0.0,347.0,0.0,0.0,0.0,0.0,0.0,0.0,0.0,0.0,0.0
2025/05/19 02:31:19.584103757,False,False,False,False,False,False,False,False,False,False,False,False,False,0.0,0.0,0.0,0.0,347.0,0.0,0.0,0.0,0.0,0.0,0.0,0.0,0.0,0.0
2025/05/19 02:31:19.685210166,False,False,False,False,False,False,False,False,False,False,False,False,False,0.0,0.0,0.0,0.0,347.0,0.0,0.0,0.0,0.0,0.0,0.0,0.0,0.0,0.0
2025/05/19 02:31:19.785959919,False,False,False,False,False,False,False,False,False,False,False,False,False,0.0,0.0,0.0,0.0,347.0,0.0,0.0,0.0,0.0,0.0,0.0,0.0,0.0,0.0
2025/05/19 02:31:19.890013089,False,False,False,False,False,False,False,False,False,False,False,False,False,0.0,0.0,0.0,0.0,374.0,0.0,0.0,0.0,0.0,0.0,0.0,0.0,0.0,0.0
2025/05/19 02:31:19.992972205,False,False,False,False,False,False,False,False,False,False,False,False,False,0.0,0.0,0.0,0.0,389.0,0.0,0.0,0.0,0.0,0.0,0.0,0.0,0.0,0.0
2025/05/19 02:31:20.92891167,False,False,False,False,False,False,False,False,False,False,False,False,False,0.0,0.0,0.0,0.0,395.0,0.0,0.0,0.0,0.0,0.0,0.0,0.0,0.0,0.0
2025/05/19 02:31:20.184025919,False,False,False,False,False,False,False,False,False,False,False,False,False,0.0,0.0,0.0,0.0,395.0,0.0,0.0,0.0,0.0,0.0,0.0,0.0,0.0,0.0
2025/05/19 02:31:20.283974687,False,False,False,False,False,False,False,False,False,False,False,False,False,0.0,0.0,0.0,0.0,395.0,0.0,0.0,0.0,0.0,0.0,0.0,0.0,0.0,0.0
2025/05/19 02:31:20.385039211,False,False,False,False,False,False,False,False,False,False,False,False,False,0.0,0.0,0.0,0.0,395.0,0.0,0.0,0.0,0.0,0.0,0.0,0.0,0.0,0.0
2025/05/19 02:31:20.491424390,False,False,False,False,False,False,False,False,False,False,False,False,False,0.0,0.0,0.0,0.0,395.0,0.0,0.0,0.0,0.0,0.0,0.0,0.0,0.0,0.0
2025/05/19 02:31:20.593094793,False,False,False,False,False,False,False,False,False,False,False,False,False,0.0,0.0,0.0,0.0,395.0,0.0,0.0,0.0,0.0,0.0,0.0,0.0,0.0,0.0
2025/05/19 02:31:20.690287311,False,False,False,False,False,False,False,False,False,False,False,False,False,0.0,0.0,0.0,0.0,395.0,0.0,0.0,0.0,0.0,0.0,0.0,0.0,0.0,0.0
2025/05/19 02:31:20.785182337,False,False,False,False,False,False,False,False,False,False,False,False,False,0.0,0.0,0.0,0.0,395.0,0.0,0.0,0.0,0.0,0.0,0.0,0.0,0.0,0.0
2025/05/19 02:31:20.889977946,False,False,False,False,False,False,False,False,False,False,False,False,False,0.0,0.0,0.0,0.0,418.00000000000006,0.0,0.0,0.0,0.0,0.0,0.0,0.0,0.0,0.0
2025/05/19 02:31:20.989094161,False,False,False,False,False,False,False,False,False,False,False,False,False,0.0,0.0,0.0,0.0,429.00000000000006,0.0,0.0,0.0,0.0,0.0,0.0,0.0,0.0,0.0
2025/05/19 02:31:21.95940846,False,False,False,False,False,False,False,False,False,False,False,False,False,0.0,0.0,0.0,0.0,429.00000000000006,0.0,0.0,0.0,0.0,0.0,0.0,0.0,0.0,0.0
2025/05/19 02:31:21.182858684,False,False,False,False,False,False,False,False,False,False,False,False,False,0.0,0.0,0.0,0.0,429.00000000000006,0.0,0.0,0.0,0.0,0.0,0.0,0.0,0.0,0.0
2025/05/19 02:31:21.284206424,False,False,False,False,False,False,False,False,False,False,False,False,False,0.0,0.0,0.0,0.0,429.00000000000006,0.0,0.0,0.0,0.0,0.0,0.0,0.0,0.0,0.0
2025/05/19 02:31:21.385593481,False,False,False,False,False,False,False,False,False,False,False,False,False,0.0,0.0,0.0,0.0,429.00000000000006,0.0,0.0,0.0,0.0,0.0,0.0,0.0,0.0,0.0
2025/05/19 02:31:21.491539045,False,False,False,False,False,False,False,False,False,False,False,False,False,0.0,0.0,0.0,0.0,429.00000000000006,0.0,0.0,0.0,0.0,0.0,0.0,0.0,0.0,0.0
2025/05/19 02:31:21.590236182,False,False,False,False,False,False,False,False,False,False,False,False,False,0.0,0.0,0.0,0.0,429.00000000000006,0.0,0.0,0.0,0.0,0.0,0.0,0.0,0.0,0.0
2025/05/19 02:31:21.693128999,False,False,False,False,False,False,False,False,False,False,False,False,False,0.0,0.0,0.0,0.0,429.00000000000006,0.0,0.0,0.0,0.0,0.0,0.0,0.0,0.0,0.0
2025/05/19 02:31:21.792430215,False,False,False,False,False,False,False,False,False,False,False,False,False,0.0,0.0,0.0,0.0,429.00000000000006,0.0,0.0,0.0,0.0,0.0,0.0,0.0,0.0,0.0
2025/05/19 02:31:21.884684109,False,False,False,False,False,False,False,False,False,False,False,False,False,0.0,0.0,0.0,0.0,385.0,0.0,0.0,0.0,0.0,0.0,0.0,0.0,0.0,0.0
2025/05/19 02:31:21.983071916,False,False,False,False,False,False,False,False,False,False,False,False,False,0.0,0.0,0.0,0.0,385.0,0.0,0.0,0.0,0.0,0.0,0.0,0.0,0.0,0.0
2025/05/19 02:31:22.88253939,False,False,False,False,False,False,False,False,False,False,False,False,False,0.0,0.0,0.0,0.0,385.0,0.0,0.0,0.0,0.0,0.0,0.0,0.0,0.0,0.0
2025/05/19 02:31:22.185791779,False,False,False,False,False,False,False,False,False,False,False,False,False,0.0,0.0,0.0,0.0,385.0,0.0,0.0,0.0,0.0,0.0,0.0,0.0,0.0,0.0
2025/05/19 02:31:22.288779612,False,False,False,False,False,False,False,False,False,False,False,False,False,0.0,0.0,0.0,0.0,385.0,0.0,0.0,0.0,0.0,0.0,0.0,0.0,0.0,0.0
2025/05/19 02:31:22.388416850,False,False,False,False,False,False,False,False,False,False,False,False,False,0.0,0.0,0.0,0.0,385.0,0.0,0.0,0.0,0.0,0.0,0.0,0.0,0.0,0.0
2025/05/19 02:31:22.492124848,False,False,False,False,False,False,False,False,False,False,False,False,False,0.0,0.0,0.0,0.0,385.0,0.0,0.0,0.0,0.0,0.0,0.0,0.0,0.0,0.0
2025/05/19 02:31:22.590308303,False,False,False,False,False,False,False,False,False,False,False,False,False,0.0,0.0,0.0,0.0,385.0,0.0,0.0,0.0,0.0,0.0,0.0,0.0,0.0,0.0
2025/05/19 02:31:22.693447530,False,False,False,False,False,False,False,False,False,False,False,False,False,0.0,0.0,0.0,0.0,385.0,0.0,0.0,0.0,0.0,0.0,0.0,0.0,0.0,0.0
2025/05/19 02:31:22.783586211,False,False,False,False,False,False,False,False,False,False,False,False,False,0.0,0.0,0.0,0.0,385.0,0.0,0.0,0.0,0.0,0.0,0.0,0.0,0.0,0.0
2025/05/19 02:31:22.884628074,False,False,False,False,False,False,False,False,False,False,False,False,False,0.0,0.0,0.0,0.0,314.0,0.0,0.0,0.0,0.0,0.0,0.0,0.0,0.0,0.0
2025/05/19 02:31:22.987036248,False,False,False,False,False,False,False,False,False,False,False,False,False,0.0,0.0,0.0,0.0,314.0,0.0,0.0,0.0,0.0,0.0,0.0,0.0,0.0,0.0
2025/05/19 02:31:23.88978857,False,False,False,False,False,False,False,False,False,False,False,False,False,0.0,0.0,0.0,0.0,314.0,0.0,0.0,0.0,0.0,0.0,0.0,0.0,0.0,0.0
2025/05/19 02:31:23.190185955,False,False,False,False,False,False,False,False,False,False,False,False,False,0.0,0.0,0.0,0.0,314.0,0.0,0.0,0.0,0.0,0.0,0.0,0.0,0.0,0.0
2025/05/19 02:31:23.294932098,False,False,False,False,False,False,False,False,False,False,False,False,False,0.0,0.0,0.0,0.0,314.0,0.0,0.0,0.0,0.0,0.0,0.0,0.0,0.0,0.0
2025/05/19 02:31:23.392448794,False,False,False,False,False,False,False,False,False,False,False,False,False,0.0,0.0,0.0,0.0,314.0,0.0,0.0,0.0,0.0,0.0,0.0,0.0,0.0,0.0
2025/05/19 02:31:23.499726227,False,False,False,False,False,False,False,False,False,False,False,False,False,0.0,0.0,0.0,0.0,314.0,0.0,0.0,0.0,0.0,0.0,0.0,0.0,0.0,0.0
2025/05/19 02:31:23.583823818,False,False,False,False,False,False,False,False,False,False,False,False,False,0.0,0.0,0.0,0.0,314.0,0.0,0.0,0.0,0.0,0.0,0.0,0.0,0.0,0.0
2025/05/19 02:31:23.686255031,False,False,False,False,False,False,False,False,False,False,False,False,False,0.0,0.0,0.0,0.0,314.0,0.0,0.0,0.0,0.0,0.0,0.0,0.0,0.0,0.0
2025/05/19 02:31:23.788649708,False,False,False,False,False,False,False,False,False,False,False,False,False,0.0,0.0,0.0,0.0,324.0,0.0,0.0,0.0,0.0,0.0,0.0,0.0,0.0,0.0
2025/05/19 02:31:23.889907031,False,False,False,False,False,False,False,False,False,False,False,False,False,0.0,0.0,0.0,0.0,332.00000000000006,0.0,0.0,0.0,0.0,0.0,0.0,0.0,0.0,0.0
2025/05/19 02:31:23.990084117,False,False,False,False,False,False,False,False,False,False,False,False,False,0.0,0.0,0.0,0.0,332.00000000000006,0.0,0.0,0.0,0.0,0.0,0.0,0.0,0.0,0.0
2025/05/19 02:31:24.92212626,False,False,False,False,False,False,False,False,False,False,False,False,False,0.0,0.0,0.0,0.0,332.00000000000006,0.0,0.0,0.0,0.0,0.0,0.0,0.0,0.0,0.0
2025/05/19 02:31:24.184396981,False,False,False,False,False,False,False,False,False,False,False,False,False,0.0,0.0,0.0,0.0,332.00000000000006,0.0,0.0,0.0,0.0,0.0,0.0,0.0,0.0,0.0
2025/05/19 02:31:24.283926328,False,False,False,False,False,False,False,False,False,False,False,False,False,0.0,0.0,0.0,0.0,332.00000000000006,0.0,0.0,0.0,0.0,0.0,0.0,0.0,0.0,0.0
2025/05/19 02:31:24.385085393,False,False,False,False,False,False,False,False,False,False,False,False,False,0.0,0.0,0.0,0.0,332.00000000000006,0.0,0.0,0.0,0.0,0.0,0.0,0.0,0.0,0.0
2025/05/19 02:31:24.487428732,False,False,False,False,False,False,False,False,False,False,False,False,False,0.0,0.0,0.0,0.0,332.00000000000006,0.0,0.0,0.0,0.0,0.0,0.0,0.0,0.0,0.0
2025/05/19 02:31:24.587428399,False,False,False,False,False,False,False,False,False,False,False,False,False,0.0,0.0,0.0,0.0,332.00000000000006,0.0,0.0,0.0,0.0,0.0,0.0,0.0,0.0,0.0
2025/05/19 02:31:24.689388346,False,False,False,False,False,False,False,False,False,False,False,False,False,0.0,0.0,0.0,0.0,332.00000000000006,0.0,0.0,0.0,0.0,0.0,0.0,0.0,0.0,0.0
2025/05/19 02:31:24.789561699,False,False,False,False,False,False,False,False,False,False,False,False,False,0.0,0.0,0.0,0.0,332.00000000000006,0.0,0.0,0.0,0.0,0.0,0.0,0.0,0.0,0.0
2025/05/19 02:31:24.890846561,False,False,False,False,False,False,False,False,False,False,False,False,False,0.0,0.0,0.0,0.0,338.99999999999994,0.0,0.0,0.0,0.0,0.0,0.0,0.0,0.0,0.0
2025/05/19 02:31:24.982744327,False,False,False,False,False,False,False,False,False,False,False,False,False,0.0,0.0,0.0,0.0,356.00000000000006,0.0,0.0,0.0,0.0,0.0,0.0,0.0,0.0,0.0
2025/05/19 02:31:25.83927057,False,False,False,False,False,False,False,False,False,False,False,False,False,0.0,0.0,0.0,0.0,371.0,0.0,0.0,0.0,0.0,0.0,0.0,0.0,0.0,0.0
2025/05/19 02:31:25.183950168,False,False,False,False,False,False,False,False,False,False,False,False,False,0.0,0.0,0.0,0.0,386.0,0.0,0.0,0.0,0.0,0.0,0.0,0.0,0.0,0.0
2025/05/19 02:31:25.286738040,False,False,False,False,False,False,False,False,False,False,False,False,False,0.0,0.0,0.0,0.0,393.0,0.0,0.0,0.0,0.0,0.0,0.0,0.0,0.0,0.0
2025/05/19 02:31:25.391889457,False,False,False,False,False,False,False,False,False,False,False,False,False,0.0,0.0,0.0,0.0,393.0,0.0,0.0,0.0,0.0,0.0,0.0,0.0,0.0,0.0
2025/05/19 02:31:25.492792777,False,False,False,False,False,False,False,False,False,False,False,False,False,0.0,0.0,0.0,0.0,393.0,0.0,0.0,0.0,0.0,0.0,0.0,0.0,0.0,0.0
2025/05/19 02:31:25.593269371,False,False,False,False,False,False,False,False,False,False,False,False,False,0.0,0.0,0.0,0.0,393.0,0.0,0.0,0.0,0.0,0.0,0.0,0.0,0.0,0.0
2025/05/19 02:31:25.684430300,False,False,False,False,False,False,False,False,False,False,False,False,False,0.0,0.0,0.0,0.0,393.0,0.0,0.0,0.0,0.0,0.0,0.0,0.0,0.0,0.0
2025/05/19 02:31:25.785990819,False,False,False,False,False,False,False,False,False,False,False,False,False,0.0,0.0,0.0,0.0,393.0,0.0,0.0,0.0,0.0,0.0,0.0,0.0,0.0,0.0
2025/05/19 02:31:25.885762447,False,False,False,False,False,False,False,False,False,False,False,False,False,0.0,0.0,0.0,0.0,402.0,0.0,0.0,0.0,0.0,0.0,0.0,0.0,0.0,0.0
2025/05/19 02:31:25.992304378,False,False,False,False,False,False,False,False,False,False,False,False,False,0.0,0.0,0.0,0.0,429.99999999999994,0.0,0.0,0.0,0.0,0.0,0.0,0.0,0.0,0.0
2025/05/19 02:31:26.84113103,False,False,False,False,False,False,False,False,False,False,False,False,False,0.0,0.0,0.0,0.0,437.00000000000006,0.0,0.0,0.0,0.0,0.0,0.0,0.0,0.0,0.0
2025/05/19 02:31:26.185495610,False,False,False,False,False,False,False,False,False,False,False,False,False,0.0,0.0,0.0,0.0,437.00000000000006,0.0,0.0,0.0,0.0,0.0,0.0,0.0,0.0,0.0
2025/05/19 02:31:26.288233833,False,False,False,False,False,False,False,False,False,False,False,False,False,0.0,0.0,0.0,0.0,437.00000000000006,0.0,0.0,0.0,0.0,0.0,0.0,0.0,0.0,0.0
2025/05/19 02:31:26.386249435,False,False,False,False,False,False,False,False,False,False,False,False,False,0.0,0.0,0.0,0.0,437.00000000000006,0.0,0.0,0.0,0.0,0.0,0.0,0.0,0.0,0.0
2025/05/19 02:31:26.490559887,False,False,False,False,False,False,False,False,False,False,False,False,False,0.0,0.0,0.0,0.0,437.00000000000006,0.0,0.0,0.0,0.0,0.0,0.0,0.0,0.0,0.0
2025/05/19 02:31:26.584254436,False,False,False,False,False,False,False,False,False,False,False,False,False,0.0,0.0,0.0,0.0,437.00000000000006,0.0,0.0,0.0,0.0,0.0,0.0,0.0,0.0,0.0
2025/05/19 02:31:26.685008366,False,False,False,False,False,False,False,False,False,False,False,False,False,0.0,0.0,0.0,0.0,437.00000000000006,0.0,0.0,0.0,0.0,0.0,0.0,0.0,0.0,0.0
2025/05/19 02:31:26.786602938,False,False,False,False,False,False,False,False,False,False,False,False,False,0.0,0.0,0.0,0.0,437.00000000000006,0.0,0.0,0.0,0.0,0.0,0.0,0.0,0.0,0.0
2025/05/19 02:31:26.886657580,False,False,False,False,False,False,False,False,False,False,False,False,False,0.0,0.0,0.0,0.0,379.0,0.0,0.0,0.0,0.0,0.0,0.0,0.0,0.0,0.0
2025/05/19 02:31:26.989377123,False,False,False,False,False,False,False,False,False,False,False,False,False,0.0,0.0,0.0,0.0,379.0,0.0,0.0,0.0,0.0,0.0,0.0,0.0,0.0,0.0
2025/05/19 02:31:27.89610617,False,False,False,False,False,False,False,False,False,False,False,False,False,0.0,0.0,0.0,0.0,379.0,0.0,0.0,0.0,0.0,0.0,0.0,0.0,0.0,0.0
2025/05/19 02:31:27.196804990,False,False,False,False,False,False,False,False,False,False,False,False,False,0.0,0.0,0.0,0.0,379.0,0.0,0.0,0.0,0.0,0.0,0.0,0.0,0.0,0.0
2025/05/19 02:31:27.283534280,False,False,False,False,False,False,False,False,False,False,False,False,False,0.0,0.0,0.0,0.0,379.0,0.0,0.0,0.0,0.0,0.0,0.0,0.0,0.0,0.0
2025/05/19 02:31:27.384672606,False,False,False,False,False,False,False,False,False,False,False,False,False,0.0,0.0,0.0,0.0,379.0,0.0,0.0,0.0,0.0,0.0,0.0,0.0,0.0,0.0
2025/05/19 02:31:27.484437765,False,False,False,False,False,False,False,False,False,False,False,False,False,0.0,0.0,0.0,0.0,379.0,0.0,0.0,0.0,0.0,0.0,0.0,0.0,0.0,0.0
2025/05/19 02:31:27.585831852,False,False,False,False,False,False,False,False,False,False,False,False,False,0.0,0.0,0.0,0.0,379.0,0.0,0.0,0.0,0.0,0.0,0.0,0.0,0.0,0.0
2025/05/19 02:31:27.687743987,False,False,False,False,False,False,False,False,False,False,False,False,False,0.0,0.0,0.0,0.0,256.0,0.0,0.0,0.0,0.0,0.0,0.0,0.0,0.0,0.0
2025/05/19 02:31:27.789713871,False,False,False,False,False,False,False,False,False,False,False,False,False,0.0,0.0,0.0,0.0,154.0,0.0,0.0,0.0,0.0,0.0,0.0,0.0,0.0,0.0
2025/05/19 02:31:27.890969744,False,False,False,False,False,False,False,False,False,False,False,False,False,0.0,0.0,0.0,0.0,154.0,0.0,0.0,0.0,0.0,0.0,0.0,0.0,0.0,0.0
2025/05/19 02:31:27.994875418,False,False,False,False,False,False,False,False,False,False,False,False,False,0.0,0.0,0.0,0.0,167.00000000000003,0.0,0.0,0.0,0.0,0.0,0.0,0.0,0.0,0.0
2025/05/19 02:31:28.83425704,False,False,False,False,False,False,False,False,False,False,False,False,False,0.0,0.0,0.0,0.0,167.00000000000003,0.0,0.0,0.0,0.0,0.0,0.0,0.0,0.0,0.0
2025/05/19 02:31:28.187017146,False,False,False,False,False,False,False,False,False,False,False,False,False,0.0,0.0,0.0,0.0,169.0,0.0,0.0,0.0,0.0,0.0,0.0,0.0,0.0,0.0
2025/05/19 02:31:28.286784917,False,False,False,False,False,False,False,False,False,False,False,False,False,0.0,0.0,0.0,0.0,170.0,0.0,0.0,0.0,0.0,0.0,0.0,0.0,0.0,0.0
2025/05/19 02:31:28.388671751,False,False,False,False,False,False,False,False,False,False,False,False,False,0.0,0.0,0.0,0.0,172.0,0.0,0.0,0.0,0.0,0.0,0.0,0.0,0.0,0.0
2025/05/19 02:31:28.489335560,False,False,False,False,False,False,False,False,False,False,False,False,False,0.0,0.0,0.0,0.0,176.0,0.0,0.0,0.0,0.0,0.0,0.0,0.0,0.0,0.0
2025/05/19 02:31:28.592279206,False,False,False,False,False,False,False,False,False,False,False,False,False,0.0,0.0,0.0,0.0,176.0,0.0,0.0,0.0,0.0,0.0,0.0,0.0,0.0,0.0
2025/05/19 02:31:28.692201983,False,False,False,False,False,False,False,False,False,False,False,False,False,0.0,0.0,0.0,0.0,180.0,0.0,0.0,0.0,0.0,0.0,0.0,0.0,0.0,0.0
2025/05/19 02:31:28.786837321,False,False,False,False,False,False,False,False,False,False,False,False,False,0.0,0.0,0.0,0.0,180.0,0.0,0.0,0.0,0.0,0.0,0.0,0.0,0.0,0.0
2025/05/19 02:31:28.886867486,False,False,False,False,False,False,False,False,False,False,False,False,False,0.0,0.0,0.0,0.0,154.0,0.0,0.0,0.0,0.0,0.0,0.0,0.0,0.0,0.0
2025/05/19 02:31:28.990380225,False,False,False,False,False,False,False,False,False,False,False,False,False,0.0,0.0,0.0,0.0,160.0,0.0,0.0,0.0,0.0,0.0,0.0,0.0,0.0,0.0
2025/05/19 02:31:29.89885507,False,False,False,False,False,False,False,False,False,False,False,False,False,0.0,0.0,0.0,0.0,160.0,0.0,0.0,0.0,0.0,0.0,0.0,0.0,0.0,0.0
2025/05/19 02:31:29.197438069,False,False,False,False,False,False,False,False,False,False,False,False,False,0.0,0.0,0.0,0.0,163.99999999999997,0.0,0.0,0.0,0.0,0.0,0.0,0.0,0.0,0.0
2025/05/19 02:31:29.285745485,False,False,False,False,False,False,False,False,False,False,False,False,False,0.0,0.0,0.0,0.0,167.00000000000003,0.0,0.0,0.0,0.0,0.0,0.0,0.0,0.0,0.0
2025/05/19 02:31:29.388308795,False,False,False,False,False,False,False,False,False,False,False,False,False,0.0,0.0,0.0,0.0,174.99999999999997,0.0,0.0,0.0,0.0,0.0,0.0,0.0,0.0,0.0
2025/05/19 02:31:29.489771869,False,False,False,False,False,False,False,False,False,False,False,False,False,0.0,0.0,0.0,0.0,180.0,0.0,0.0,0.0,0.0,0.0,0.0,0.0,0.0,0.0
2025/05/19 02:31:29.590943965,False,False,False,False,False,False,False,False,False,False,False,False,False,0.0,0.0,0.0,0.0,180.0,0.0,0.0,0.0,0.0,0.0,0.0,0.0,0.0,0.0
2025/05/19 02:31:29.683439189,False,False,False,False,False,False,False,False,False,False,False,False,False,0.0,0.0,0.0,0.0,184.0,0.0,0.0,0.0,0.0,0.0,0.0,0.0,0.0,0.0
2025/05/19 02:31:29.784594843,False,False,False,False,False,False,False,False,False,False,False,False,False,0.0,0.0,0.0,0.0,189.00000000000003,0.0,0.0,0.0,0.0,0.0,0.0,0.0,0.0,0.0
2025/05/19 02:31:29.884506359,False,False,False,False,False,False,False,False,False,False,False,False,False,0.0,0.0,0.0,0.0,201.0,0.0,0.0,0.0,0.0,0.0,0.0,0.0,0.0,0.0
2025/05/19 02:31:29.987679866,False,False,False,False,False,False,False,False,False,False,False,False,False,0.0,0.0,0.0,0.0,239.0,0.0,0.0,0.0,0.0,0.0,0.0,0.0,0.0,0.0
2025/05/19 02:31:30.86927197,False,False,False,False,False,False,False,False,False,False,False,False,False,0.0,0.0,0.0,0.0,266.0,0.0,0.0,0.0,0.0,0.0,0.0,0.0,0.0,0.0
2025/05/19 02:31:30.202895010,False,False,False,False,False,False,False,False,False,False,False,False,False,0.0,0.0,0.0,0.0,278.99999999999994,0.0,0.0,0.0,0.0,0.0,0.0,0.0,0.0,0.0
2025/05/19 02:31:30.285866814,False,False,False,False,False,False,False,False,False,False,False,False,False,0.0,0.0,0.0,0.0,278.99999999999994,0.0,0.0,0.0,0.0,0.0,0.0,0.0,0.0,0.0
2025/05/19 02:31:30.385299729,False,False,False,False,False,False,False,False,False,False,False,False,False,0.0,0.0,0.0,0.0,285.0,0.0,0.0,0.0,0.0,0.0,0.0,0.0,0.0,0.0
2025/05/19 02:31:30.485863307,False,False,False,False,False,False,False,False,False,False,False,False,False,0.0,0.0,0.0,0.0,291.0,0.0,0.0,0.0,0.0,0.0,0.0,0.0,0.0,0.0
2025/05/19 02:31:30.590332214,False,False,False,False,False,False,False,False,False,False,False,False,False,0.0,0.0,0.0,0.0,304.0,0.0,0.0,0.0,0.0,0.0,0.0,0.0,0.0,0.0
2025/05/19 02:31:30.691134233,False,False,False,False,False,False,False,False,False,False,False,False,False,0.0,0.0,0.0,0.0,311.0,0.0,0.0,0.0,0.0,0.0,0.0,0.0,0.0,0.0
2025/05/19 02:31:30.793206300,False,False,False,False,False,False,False,False,False,False,False,False,False,0.0,0.0,0.0,0.0,311.0,0.0,0.0,0.0,0.0,0.0,0.0,0.0,0.0,0.0
2025/05/19 02:31:30.883015667,False,False,False,False,False,False,False,False,False,False,False,False,False,0.0,0.0,0.0,0.0,321.0,0.0,0.0,0.0,0.0,0.0,0.0,0.0,0.0,0.0
2025/05/19 02:31:30.984846704,False,False,False,False,False,False,False,False,False,False,False,False,False,0.0,0.0,0.0,0.0,351.00000000000006,0.0,0.0,0.0,0.0,0.0,0.0,0.0,0.0,0.0
2025/05/19 02:31:31.86318940,False,False,False,False,False,False,False,False,False,False,False,False,False,0.0,0.0,0.0,0.0,358.0,0.0,0.0,0.0,0.0,0.0,0.0,0.0,0.0,0.0
2025/05/19 02:31:31.186631101,False,False,False,False,False,False,False,False,False,False,False,False,False,0.0,0.0,0.0,0.0,365.00000000000006,0.0,0.0,0.0,0.0,0.0,0.0,0.0,0.0,0.0
2025/05/19 02:31:31.289738285,False,False,False,False,False,False,False,False,False,False,False,False,False,0.0,0.0,0.0,0.0,380.00000000000006,0.0,0.0,0.0,0.0,0.0,0.0,0.0,0.0,0.0
2025/05/19 02:31:31.393400360,False,False,False,False,False,False,False,False,False,False,False,False,False,0.0,0.0,0.0,0.0,380.00000000000006,0.0,0.0,0.0,0.0,0.0,0.0,0.0,0.0,0.0
2025/05/19 02:31:31.485825245,False,False,False,False,False,False,False,False,False,False,False,False,False,0.0,0.0,0.0,0.0,387.0,0.0,0.0,0.0,0.0,0.0,0.0,0.0,0.0,0.0
2025/05/19 02:31:31.587249298,False,False,False,False,False,False,False,False,False,False,False,False,False,0.0,0.0,0.0,0.0,395.0,0.0,0.0,0.0,0.0,0.0,0.0,0.0,0.0,0.0
2025/05/19 02:31:31.687404484,False,False,False,False,False,False,False,False,False,False,False,False,False,0.0,0.0,0.0,0.0,400.99999999999994,0.0,0.0,0.0,0.0,0.0,0.0,0.0,0.0,0.0
2025/05/19 02:31:31.787948319,False,False,False,False,False,False,False,False,False,False,False,False,False,0.0,0.0,0.0,0.0,411.00000000000006,0.0,0.0,0.0,0.0,0.0,0.0,0.0,0.0,0.0
2025/05/19 02:31:31.892174705,False,False,False,False,False,False,False,False,False,False,False,False,False,0.0,0.0,0.0,0.0,449.0,0.0,0.0,0.0,0.0,0.0,0.0,0.0,0.0,0.0
2025/05/19 02:31:31.993484357,False,False,False,False,False,False,False,False,False,False,False,False,False,0.0,0.0,0.0,0.0,459.0,0.0,0.0,0.0,0.0,0.0,0.0,0.0,0.0,0.0
2025/05/19 02:31:32.85450296,False,False,False,False,False,False,False,False,False,False,False,False,False,0.0,0.0,0.0,0.0,459.0,0.0,0.0,0.0,0.0,0.0,0.0,0.0,0.0,0.0
2025/05/19 02:31:32.184743107,False,False,False,False,False,False,False,False,False,False,False,False,False,0.0,0.0,0.0,0.0,467.0,0.0,0.0,0.0,0.0,0.0,0.0,0.0,0.0,0.0
2025/05/19 02:31:32.287676922,False,False,False,False,False,False,False,False,False,False,False,False,False,0.0,0.0,0.0,0.0,475.0,0.0,0.0,0.0,0.0,0.0,0.0,0.0,0.0,0.0
2025/05/19 02:31:32.386917925,False,False,False,False,False,False,False,False,False,False,False,False,False,0.0,0.0,0.0,0.0,484.0,0.0,0.0,0.0,0.0,0.0,0.0,0.0,0.0,0.0
2025/05/19 02:31:32.492090493,False,False,False,False,False,False,False,False,False,False,False,False,False,0.0,0.0,0.0,0.0,491.99999999999994,0.0,0.0,0.0,0.0,0.0,0.0,0.0,0.0,0.0
2025/05/19 02:31:32.583157044,False,False,False,False,False,False,False,False,False,False,False,False,False,0.0,0.0,0.0,0.0,499.99999999999994,0.0,0.0,0.0,0.0,0.0,0.0,0.0,0.0,0.0
2025/05/19 02:31:32.688346427,False,False,False,False,False,False,False,False,False,False,False,False,False,0.0,0.0,0.0,0.0,517.0,0.0,0.0,0.0,0.0,0.0,0.0,0.0,0.0,0.0
2025/05/19 02:31:32.790669347,False,False,False,False,False,False,False,False,False,False,False,False,False,0.0,0.0,0.0,0.0,517.0,0.0,0.0,0.0,0.0,0.0,0.0,0.0,0.0,0.0
2025/05/19 02:31:32.892646107,False,False,False,False,False,False,False,False,False,False,False,False,False,0.0,0.0,0.0,0.0,517.0,0.0,0.0,0.0,0.0,0.0,0.0,0.0,0.0,0.0
2025/05/19 02:31:32.997085249,False,False,False,False,False,False,False,False,False,False,False,False,False,0.0,0.0,0.0,0.0,521.0,0.0,0.0,0.0,0.0,0.0,0.0,0.0,0.0,0.0
2025/05/19 02:31:33.87058306,False,False,False,False,False,False,False,False,False,False,False,False,False,0.0,0.0,0.0,0.0,521.0,0.0,0.0,0.0,0.0,0.0,0.0,0.0,0.0,0.0
2025/05/19 02:31:33.189349843,False,False,False,False,False,False,False,False,False,False,False,False,False,0.0,0.0,0.0,0.0,522.0,0.0,0.0,0.0,0.0,0.0,0.0,0.0,0.0,0.0
2025/05/19 02:31:33.294973019,False,False,False,False,False,False,False,False,False,False,False,False,False,0.0,0.0,0.0,0.0,521.0,0.0,0.0,0.0,0.0,0.0,0.0,0.0,0.0,0.0
2025/05/19 02:31:33.386657404,False,False,False,False,False,False,False,False,False,False,False,False,False,0.0,0.0,0.0,0.0,521.0,0.0,0.0,0.0,0.0,0.0,0.0,0.0,0.0,0.0
2025/05/19 02:31:33.490556742,False,False,False,False,False,False,False,False,False,False,False,False,False,0.0,0.0,0.0,0.0,519.0,0.0,0.0,0.0,0.0,0.0,0.0,0.0,0.0,0.0
2025/05/19 02:31:33.592670163,False,False,False,False,False,False,False,False,False,False,False,False,False,0.0,0.0,0.0,0.0,519.0,0.0,0.0,0.0,0.0,0.0,0.0,0.0,0.0,0.0
2025/05/19 02:31:33.686163582,False,False,False,False,False,False,False,False,False,False,False,False,False,0.0,0.0,0.0,0.0,519.0,0.0,0.0,0.0,0.0,0.0,0.0,0.0,0.0,0.0
2025/05/19 02:31:33.784497880,False,False,False,False,False,False,False,False,False,False,False,False,False,0.0,0.0,0.0,0.0,518.0,0.0,0.0,0.0,0.0,0.0,0.0,0.0,0.0,0.0
2025/05/19 02:31:33.889967312,False,False,False,False,False,False,False,False,False,False,False,False,False,0.0,0.0,0.0,0.0,497.99999999999994,0.0,0.0,0.0,0.0,0.0,0.0,0.0,0.0,0.0
2025/05/19 02:31:33.989511825,False,False,False,False,False,False,False,False,False,False,False,False,False,0.0,0.0,0.0,0.0,495.99999999999994,0.0,0.0,0.0,0.0,0.0,0.0,0.0,0.0,0.0
2025/05/19 02:31:34.93376886,False,False,False,False,False,False,False,False,False,False,False,False,False,0.0,0.0,0.0,0.0,497.0,0.0,0.0,0.0,0.0,0.0,0.0,0.0,0.0,0.0
2025/05/19 02:31:34.185107768,False,False,False,False,False,False,False,False,False,False,False,False,False,0.0,0.0,0.0,0.0,497.0,0.0,0.0,0.0,0.0,0.0,0.0,0.0,0.0,0.0
2025/05/19 02:31:34.286565783,False,False,False,False,False,False,False,False,False,False,False,False,False,0.0,0.0,0.0,0.0,499.0000000000001,0.0,0.0,0.0,0.0,0.0,0.0,0.0,0.0,0.0
2025/05/19 02:31:34.385341972,False,False,False,False,False,False,False,False,False,False,False,False,False,0.0,0.0,0.0,0.0,501.0,0.0,0.0,0.0,0.0,0.0,0.0,0.0,0.0,0.0
2025/05/19 02:31:34.487553988,False,False,False,False,False,False,False,False,False,False,False,False,False,0.0,0.0,0.0,0.0,506.0,0.0,0.0,0.0,0.0,0.0,0.0,0.0,0.0,0.0
2025/05/19 02:31:34.589827341,False,False,False,False,False,False,False,False,False,False,False,False,False,0.0,0.0,0.0,0.0,508.99999999999994,0.0,0.0,0.0,0.0,0.0,0.0,0.0,0.0,0.0
2025/05/19 02:31:34.690457938,False,False,False,False,False,False,False,False,False,False,False,False,False,0.0,0.0,0.0,0.0,508.99999999999994,0.0,0.0,0.0,0.0,0.0,0.0,0.0,0.0,0.0
2025/05/19 02:31:34.791475928,False,False,False,False,False,False,False,False,False,False,False,False,False,0.0,0.0,0.0,0.0,512.0,0.0,0.0,0.0,0.0,0.0,0.0,0.0,0.0,0.0
2025/05/19 02:31:34.893475235,False,False,False,False,False,False,False,False,False,False,False,False,False,0.0,0.0,0.0,0.0,499.99999999999994,0.0,0.0,0.0,0.0,0.0,0.0,0.0,0.0,0.0
2025/05/19 02:31:34.993601025,False,False,False,False,False,False,False,False,False,False,False,False,False,0.0,0.0,0.0,0.0,499.99999999999994,0.0,0.0,0.0,0.0,0.0,0.0,0.0,0.0,0.0
2025/05/19 02:31:35.83794211,False,False,False,False,False,False,False,False,False,False,False,False,False,0.0,0.0,0.0,0.0,504.0,0.0,0.0,0.0,0.0,0.0,0.0,0.0,0.0,0.0
2025/05/19 02:31:35.184199832,False,False,False,False,False,False,False,False,False,False,False,False,False,0.0,0.0,0.0,0.0,508.99999999999994,0.0,0.0,0.0,0.0,0.0,0.0,0.0,0.0,0.0
2025/05/19 02:31:35.286697283,False,False,False,False,False,False,False,False,False,False,False,False,False,0.0,0.0,0.0,0.0,513.0,0.0,0.0,0.0,0.0,0.0,0.0,0.0,0.0,0.0
2025/05/19 02:31:35.386540574,False,False,False,False,False,False,False,False,False,False,False,False,False,0.0,0.0,0.0,0.0,518.0,0.0,0.0,0.0,0.0,0.0,0.0,0.0,0.0,0.0
2025/05/19 02:31:35.489391902,False,False,False,False,False,False,False,False,False,False,False,False,False,0.0,0.0,0.0,0.0,523.0,0.0,0.0,0.0,0.0,0.0,0.0,0.0,0.0,0.0
2025/05/19 02:31:35.588792718,False,False,False,False,False,False,False,False,False,False,False,False,False,0.0,0.0,0.0,0.0,529.0,0.0,0.0,0.0,0.0,0.0,0.0,0.0,0.0,0.0
2025/05/19 02:31:35.683172801,False,False,False,False,False,False,False,False,False,False,False,False,False,0.0,0.0,0.0,0.0,533.9999999999999,0.0,0.0,0.0,0.0,0.0,0.0,0.0,0.0,0.0
2025/05/19 02:31:35.785211459,False,False,False,False,False,False,False,False,False,False,False,False,False,0.0,0.0,0.0,0.0,540.0,0.0,0.0,0.0,0.0,0.0,0.0,0.0,0.0,0.0
2025/05/19 02:31:35.887190978,False,False,False,False,False,False,False,False,False,False,False,False,False,0.0,0.0,0.0,0.0,488.0,0.0,0.0,0.0,0.0,0.0,0.0,0.0,0.0,0.0
2025/05/19 02:31:35.989311452,False,False,False,False,False,False,False,False,False,False,False,False,False,0.0,0.0,0.0,0.0,494.00000000000006,0.0,0.0,0.0,0.0,0.0,0.0,0.0,0.0,0.0
2025/05/19 02:31:36.91028225,False,False,False,False,False,False,False,False,False,False,False,False,False,0.0,0.0,0.0,0.0,506.99999999999994,0.0,0.0,0.0,0.0,0.0,0.0,0.0,0.0,0.0
2025/05/19 02:31:36.190987503,False,False,False,False,False,False,False,False,False,False,False,False,False,0.0,0.0,0.0,0.0,513.0,0.0,0.0,0.0,0.0,0.0,0.0,0.0,0.0,0.0
2025/05/19 02:31:36.293527129,False,False,False,False,False,False,False,False,False,False,False,False,False,0.0,0.0,0.0,0.0,520.0,0.0,0.0,0.0,0.0,0.0,0.0,0.0,0.0,0.0
2025/05/19 02:31:36.391964399,False,False,False,False,False,False,False,False,False,False,False,False,False,0.0,0.0,0.0,0.0,526.0,0.0,0.0,0.0,0.0,0.0,0.0,0.0,0.0,0.0
2025/05/19 02:31:36.483255727,False,False,False,False,False,False,False,False,False,False,False,False,False,0.0,0.0,0.0,0.0,526.0,0.0,0.0,0.0,0.0,0.0,0.0,0.0,0.0,0.0
2025/05/19 02:31:36.584746863,False,False,False,False,False,False,False,False,False,False,False,False,False,0.0,0.0,0.0,0.0,533.0,0.0,0.0,0.0,0.0,0.0,0.0,0.0,0.0,0.0
2025/05/19 02:31:36.684567643,False,False,False,False,False,False,False,False,False,False,False,False,False,0.0,0.0,0.0,0.0,540.0,0.0,0.0,0.0,0.0,0.0,0.0,0.0,0.0,0.0
2025/05/19 02:31:36.786508913,False,False,False,False,False,False,False,False,False,False,False,False,False,0.0,0.0,0.0,0.0,546.0000000000001,0.0,0.0,0.0,0.0,0.0,0.0,0.0,0.0,0.0
2025/05/19 02:31:36.887942600,False,False,False,False,False,False,False,False,False,False,False,False,False,0.0,0.0,0.0,0.0,520.0,0.0,0.0,0.0,0.0,0.0,0.0,0.0,0.0,0.0
2025/05/19 02:31:36.989804122,False,False,False,False,False,False,False,False,False,False,False,False,False,0.0,0.0,0.0,0.0,527.0,0.0,0.0,0.0,0.0,0.0,0.0,0.0,0.0,0.0
2025/05/19 02:31:37.90454691,False,False,False,False,False,False,False,False,False,False,False,False,False,0.0,0.0,0.0,0.0,533.9999999999999,0.0,0.0,0.0,0.0,0.0,0.0,0.0,0.0,0.0
2025/05/19 02:31:37.192092872,False,False,False,False,False,False,False,False,False,False,False,False,False,0.0,0.0,0.0,0.0,541.0,0.0,0.0,0.0,0.0,0.0,0.0,0.0,0.0,0.0
2025/05/19 02:31:37.292907101,False,False,False,False,False,False,False,False,False,False,False,False,False,0.0,0.0,0.0,0.0,548.0000000000001,0.0,0.0,0.0,0.0,0.0,0.0,0.0,0.0,0.0
2025/05/19 02:31:37.382430357,False,False,False,False,False,False,False,False,False,False,False,False,False,0.0,0.0,0.0,0.0,548.0000000000001,0.0,0.0,0.0,0.0,0.0,0.0,0.0,0.0,0.0
2025/05/19 02:31:37.485429891,False,False,False,False,False,False,False,False,False,False,False,False,False,0.0,0.0,0.0,0.0,555.0,0.0,0.0,0.0,0.0,0.0,0.0,0.0,0.0,0.0
2025/05/19 02:31:37.586167876,False,False,False,False,False,False,False,False,False,False,False,False,False,0.0,0.0,0.0,0.0,562.0,0.0,0.0,0.0,0.0,0.0,0.0,0.0,0.0,0.0
2025/05/19 02:31:37.687668724,False,False,False,False,False,False,False,False,False,False,False,False,False,0.0,0.0,0.0,0.0,567.0000000000001,0.0,0.0,0.0,0.0,0.0,0.0,0.0,0.0,0.0
2025/05/19 02:31:37.787664436,False,False,False,False,False,False,False,False,False,False,False,False,False,0.0,0.0,0.0,0.0,572.9999999999999,0.0,0.0,0.0,0.0,0.0,0.0,0.0,0.0,0.0
2025/05/19 02:31:37.893455309,False,False,False,False,False,False,False,False,False,False,False,False,False,0.0,0.0,0.0,0.0,577.0,0.0,0.0,0.0,0.0,0.0,0.0,0.0,0.0,0.0
2025/05/19 02:31:37.989795365,False,False,False,False,False,False,False,False,False,False,False,False,False,0.0,0.0,0.0,0.0,577.0,0.0,0.0,0.0,0.0,0.0,0.0,0.0,0.0,0.0
2025/05/19 02:31:38.92433792,False,False,False,False,False,False,False,False,False,False,False,False,False,0.0,0.0,0.0,0.0,591.0,0.0,0.0,0.0,0.0,0.0,0.0,0.0,0.0,0.0
2025/05/19 02:31:38.185856990,False,False,False,False,False,False,False,False,False,False,False,False,False,0.0,0.0,0.0,0.0,591.0,0.0,0.0,0.0,0.0,0.0,0.0,0.0,0.0,0.0
2025/05/19 02:31:38.284775700,False,False,False,False,False,False,False,False,False,False,False,False,False,0.0,0.0,0.0,0.0,597.0,0.0,0.0,0.0,0.0,0.0,0.0,0.0,0.0,0.0
2025/05/19 02:31:38.386700328,False,False,False,False,False,False,False,False,False,False,False,False,False,0.0,0.0,0.0,0.0,604.0,0.0,0.0,0.0,0.0,0.0,0.0,0.0,0.0,0.0
2025/05/19 02:31:38.487550407,False,False,False,False,False,False,False,False,False,False,False,False,False,0.0,0.0,0.0,0.0,611.0,0.0,0.0,0.0,0.0,0.0,0.0,0.0,0.0,0.0
2025/05/19 02:31:38.592089890,False,False,False,False,False,False,False,False,False,False,False,False,False,0.0,0.0,0.0,0.0,616.0,0.0,0.0,0.0,0.0,0.0,0.0,0.0,0.0,0.0
2025/05/19 02:31:38.683111219,False,False,False,False,False,False,False,False,False,False,False,False,False,0.0,0.0,0.0,0.0,622.0,0.0,0.0,0.0,0.0,0.0,0.0,0.0,0.0,0.0
2025/05/19 02:31:38.786904113,False,False,False,False,False,False,False,False,False,False,False,False,False,0.0,0.0,0.0,0.0,629.0,0.0,0.0,0.0,0.0,0.0,0.0,0.0,0.0,0.0
2025/05/19 02:31:38.884455819,False,False,False,False,False,False,False,False,False,False,False,False,False,0.0,0.0,0.0,0.0,631.0,0.0,0.0,0.0,0.0,0.0,0.0,0.0,0.0,0.0
2025/05/19 02:31:38.985966560,False,False,False,False,False,False,False,False,False,False,False,False,False,0.0,0.0,0.0,0.0,636.0000000000001,0.0,0.0,0.0,0.0,0.0,0.0,0.0,0.0,0.0
2025/05/19 02:31:39.86677860,False,False,False,False,False,False,False,False,False,False,False,False,False,0.0,0.0,0.0,0.0,641.0000000000001,0.0,0.0,0.0,0.0,0.0,0.0,0.0,0.0,0.0
2025/05/19 02:31:39.187718696,False,False,False,False,False,False,False,False,False,False,False,False,False,0.0,0.0,0.0,0.0,647.0,0.0,0.0,0.0,0.0,0.0,0.0,0.0,0.0,0.0
2025/05/19 02:31:39.289106752,False,False,False,False,False,False,False,False,False,False,False,False,False,0.0,0.0,0.0,0.0,658.0,0.0,0.0,0.0,0.0,0.0,0.0,0.0,0.0,0.0
2025/05/19 02:31:39.391116222,False,False,False,False,False,False,False,False,False,False,False,False,False,0.0,0.0,0.0,0.0,664.0000000000001,0.0,0.0,0.0,0.0,0.0,0.0,0.0,0.0,0.0
2025/05/19 02:31:39.490617879,False,False,False,False,False,False,False,False,False,False,False,False,False,0.0,0.0,0.0,0.0,669.0,0.0,0.0,0.0,0.0,0.0,0.0,0.0,0.0,0.0
2025/05/19 02:31:39.593154208,False,False,False,False,False,False,False,False,False,False,False,False,False,0.0,0.0,0.0,0.0,674.0,0.0,0.0,0.0,0.0,0.0,0.0,0.0,0.0,0.0
2025/05/19 02:31:39.692378175,False,False,False,False,False,False,False,False,False,False,False,False,False,0.0,0.0,0.0,0.0,680.9999999999999,0.0,0.0,0.0,0.0,0.0,0.0,0.0,0.0,0.0
2025/05/19 02:31:39.783140848,False,False,False,False,False,False,False,False,False,False,False,False,False,0.0,0.0,0.0,0.0,680.9999999999999,0.0,0.0,0.0,0.0,0.0,0.0,0.0,0.0,0.0
2025/05/19 02:31:39.883621393,False,False,False,False,False,False,False,False,False,False,False,False,False,0.0,0.0,0.0,0.0,670.0,0.0,0.0,0.0,0.0,0.0,0.0,0.0,0.0,0.0
2025/05/19 02:31:39.985318696,False,False,False,False,False,False,False,False,False,False,False,False,False,0.0,0.0,0.0,0.0,676.0,0.0,0.0,0.0,0.0,0.0,0.0,0.0,0.0,0.0
2025/05/19 02:31:40.85251448,False,False,False,False,False,False,False,False,False,False,False,False,False,0.0,0.0,0.0,0.0,680.9999999999999,0.0,0.0,0.0,0.0,0.0,0.0,0.0,0.0,0.0
2025/05/19 02:31:40.187077759,False,False,False,False,False,False,False,False,False,False,False,False,False,0.0,0.0,0.0,0.0,686.0000000000001,0.0,0.0,0.0,0.0,0.0,0.0,0.0,0.0,0.0
2025/05/19 02:31:40.288399536,False,False,False,False,False,False,False,False,False,False,False,False,False,0.0,0.0,0.0,0.0,696.0,0.0,0.0,0.0,0.0,0.0,0.0,0.0,0.0,0.0
2025/05/19 02:31:40.391417269,False,False,False,False,False,False,False,False,False,False,False,False,False,0.0,0.0,0.0,0.0,699.9999999999999,0.0,0.0,0.0,0.0,0.0,0.0,0.0,0.0,0.0
2025/05/19 02:31:40.491069604,False,False,False,False,False,False,False,False,False,False,False,False,False,0.0,0.0,0.0,0.0,705.0,0.0,0.0,0.0,0.0,0.0,0.0,0.0,0.0,0.0
2025/05/19 02:31:40.583236934,False,False,False,False,False,False,False,False,False,False,False,False,False,0.0,0.0,0.0,0.0,705.0,0.0,0.0,0.0,0.0,0.0,0.0,0.0,0.0,0.0
2025/05/19 02:31:40.685281336,False,False,False,False,False,False,False,False,False,False,False,False,False,0.0,0.0,0.0,0.0,711.0,0.0,0.0,0.0,0.0,0.0,0.0,0.0,0.0,0.0
2025/05/19 02:31:40.787784982,False,False,False,False,False,False,False,False,False,False,False,False,False,0.0,0.0,0.0,0.0,715.0000000000001,0.0,0.0,0.0,0.0,0.0,0.0,0.0,0.0,0.0
2025/05/19 02:31:40.885262988,False,False,False,False,False,False,False,False,False,False,False,False,False,0.0,0.0,0.0,0.0,681.9999999999999,0.0,0.0,0.0,0.0,0.0,0.0,0.0,0.0,0.0
2025/05/19 02:31:40.989964191,False,False,False,False,False,False,False,False,False,False,False,False,False,0.0,0.0,0.0,0.0,689.0,0.0,0.0,0.0,0.0,0.0,0.0,0.0,0.0,0.0
2025/05/19 02:31:41.87466441,False,False,False,False,False,False,False,False,False,False,False,False,False,0.0,0.0,0.0,0.0,692.9999999999999,0.0,0.0,0.0,0.0,0.0,0.0,0.0,0.0,0.0
2025/05/19 02:31:41.191572961,False,False,False,False,False,False,False,False,False,False,False,False,False,0.0,0.0,0.0,0.0,702.0000000000001,0.0,0.0,0.0,0.0,0.0,0.0,0.0,0.0,0.0
2025/05/19 02:31:41.289308340,False,False,False,False,False,False,False,False,False,False,False,False,False,0.0,0.0,0.0,0.0,702.0000000000001,0.0,0.0,0.0,0.0,0.0,0.0,0.0,0.0,0.0
2025/05/19 02:31:41.392502511,False,False,False,False,False,False,False,False,False,False,False,False,False,0.0,0.0,0.0,0.0,711.0,0.0,0.0,0.0,0.0,0.0,0.0,0.0,0.0,0.0
2025/05/19 02:31:41.492425360,False,False,False,False,False,False,False,False,False,False,False,False,False,0.0,0.0,0.0,0.0,715.0000000000001,0.0,0.0,0.0,0.0,0.0,0.0,0.0,0.0,0.0
2025/05/19 02:31:41.583882301,False,False,False,False,False,False,False,False,False,False,False,False,False,0.0,0.0,0.0,0.0,715.0000000000001,0.0,0.0,0.0,0.0,0.0,0.0,0.0,0.0,0.0
2025/05/19 02:31:41.684506500,False,False,False,False,False,False,False,False,False,False,False,False,False,0.0,0.0,0.0,0.0,719.0,0.0,0.0,0.0,0.0,0.0,0.0,0.0,0.0,0.0
2025/05/19 02:31:41.785349657,False,False,False,False,False,False,False,False,False,False,False,False,False,0.0,0.0,0.0,0.0,724.0,0.0,0.0,0.0,0.0,0.0,0.0,0.0,0.0,0.0
2025/05/19 02:31:41.886423325,False,False,False,False,False,False,False,False,False,False,False,False,False,0.0,0.0,0.0,0.0,699.9999999999999,0.0,0.0,0.0,0.0,0.0,0.0,0.0,0.0,0.0
2025/05/19 02:31:41.988178859,False,False,False,False,False,False,False,False,False,False,False,False,False,0.0,0.0,0.0,0.0,705.0,0.0,0.0,0.0,0.0,0.0,0.0,0.0,0.0,0.0
2025/05/19 02:31:42.89284385,False,False,False,False,False,False,False,False,False,False,False,False,False,0.0,0.0,0.0,0.0,713.9999999999999,0.0,0.0,0.0,0.0,0.0,0.0,0.0,0.0,0.0
2025/05/19 02:31:42.190680515,False,False,False,False,False,False,False,False,False,False,False,False,False,0.0,0.0,0.0,0.0,713.9999999999999,0.0,0.0,0.0,0.0,0.0,0.0,0.0,0.0,0.0
2025/05/19 02:31:42.284972607,False,False,False,False,False,False,False,False,False,False,False,False,False,0.0,0.0,0.0,0.0,717.0,0.0,0.0,0.0,0.0,0.0,0.0,0.0,0.0,0.0
2025/05/19 02:31:42.386721020,False,False,False,False,False,False,False,False,False,False,False,False,False,0.0,0.0,0.0,0.0,721.9999999999999,0.0,0.0,0.0,0.0,0.0,0.0,0.0,0.0,0.0
2025/05/19 02:31:42.490192050,False,False,False,False,False,False,False,False,False,False,False,False,False,0.0,0.0,0.0,0.0,728.9999999999999,0.0,0.0,0.0,0.0,0.0,0.0,0.0,0.0,0.0
2025/05/19 02:31:42.596130978,False,False,False,False,False,False,False,False,False,False,False,False,False,0.0,0.0,0.0,0.0,732.0,0.0,0.0,0.0,0.0,0.0,0.0,0.0,0.0,0.0
2025/05/19 02:31:42.683232816,False,False,False,False,False,False,False,False,False,False,False,False,False,0.0,0.0,0.0,0.0,732.0,0.0,0.0,0.0,0.0,0.0,0.0,0.0,0.0,0.0
2025/05/19 02:31:42.787880842,False,False,False,False,False,False,False,False,False,False,False,False,False,0.0,0.0,0.0,0.0,736.0,0.0,0.0,0.0,0.0,0.0,0.0,0.0,0.0,0.0
2025/05/19 02:31:42.887719842,False,False,False,False,False,False,False,False,False,False,False,False,False,0.0,0.0,0.0,0.0,708.0,0.0,0.0,0.0,0.0,0.0,0.0,0.0,0.0,0.0
2025/05/19 02:31:42.989948820,False,False,False,False,False,False,False,False,False,False,False,False,False,0.0,0.0,0.0,0.0,716.0,0.0,0.0,0.0,0.0,0.0,0.0,0.0,0.0,0.0
2025/05/19 02:31:43.91137868,False,False,False,False,False,False,False,False,False,False,False,False,False,0.0,0.0,0.0,0.0,719.0,0.0,0.0,0.0,0.0,0.0,0.0,0.0,0.0,0.0
2025/05/19 02:31:43.191318059,False,False,False,False,False,False,False,False,False,False,False,False,False,0.0,0.0,0.0,0.0,719.0,0.0,0.0,0.0,0.0,0.0,0.0,0.0,0.0,0.0
2025/05/19 02:31:43.296646736,False,False,False,False,False,False,False,False,False,False,False,False,False,0.0,0.0,0.0,0.0,726.0000000000001,0.0,0.0,0.0,0.0,0.0,0.0,0.0,0.0,0.0
2025/05/19 02:31:43.383727244,False,False,False,False,False,False,False,False,False,False,False,False,False,0.0,0.0,0.0,0.0,726.0000000000001,0.0,0.0,0.0,0.0,0.0,0.0,0.0,0.0,0.0
2025/05/19 02:31:43.486950909,False,False,False,False,False,False,False,False,False,False,False,False,False,0.0,0.0,0.0,0.0,730.0000000000001,0.0,0.0,0.0,0.0,0.0,0.0,0.0,0.0,0.0
2025/05/19 02:31:43.585392096,False,False,False,False,False,False,False,False,False,False,False,False,False,0.0,0.0,0.0,0.0,734.0,0.0,0.0,0.0,0.0,0.0,0.0,0.0,0.0,0.0
2025/05/19 02:31:43.689576606,False,False,False,False,False,False,False,False,False,False,False,False,False,0.0,0.0,0.0,0.0,741.0000000000001,0.0,0.0,0.0,0.0,0.0,0.0,0.0,0.0,0.0
2025/05/19 02:31:43.789006487,False,False,False,False,False,False,False,False,False,False,False,False,False,0.0,0.0,0.0,0.0,741.0000000000001,0.0,0.0,0.0,0.0,0.0,0.0,0.0,0.0,0.0
2025/05/19 02:31:43.892406378,False,False,False,False,False,False,False,False,False,False,False,False,False,0.0,0.0,0.0,0.0,702.9999999999999,0.0,0.0,0.0,0.0,0.0,0.0,0.0,0.0,0.0
2025/05/19 02:31:43.992634515,False,False,False,False,False,False,False,False,False,False,False,False,False,0.0,0.0,0.0,0.0,711.0,0.0,0.0,0.0,0.0,0.0,0.0,0.0,0.0,0.0
2025/05/19 02:31:44.84517032,False,False,False,False,False,False,False,False,False,False,False,False,False,0.0,0.0,0.0,0.0,711.0,0.0,0.0,0.0,0.0,0.0,0.0,0.0,0.0,0.0
2025/05/19 02:31:44.186848980,False,False,False,False,False,False,False,False,False,False,False,False,False,0.0,0.0,0.0,0.0,713.9999999999999,0.0,0.0,0.0,0.0,0.0,0.0,0.0,0.0,0.0
2025/05/19 02:31:44.286345243,False,False,False,False,False,False,False,False,False,False,False,False,False,0.0,0.0,0.0,0.0,718.0,0.0,0.0,0.0,0.0,0.0,0.0,0.0,0.0,0.0
2025/05/19 02:31:44.387016101,False,False,False,False,False,False,False,False,False,False,False,False,False,0.0,0.0,0.0,0.0,721.0,0.0,0.0,0.0,0.0,0.0,0.0,0.0,0.0,0.0
2025/05/19 02:31:44.488457872,False,False,False,False,False,False,False,False,False,False,False,False,False,0.0,0.0,0.0,0.0,728.0000000000001,0.0,0.0,0.0,0.0,0.0,0.0,0.0,0.0,0.0
2025/05/19 02:31:44.589801346,False,False,False,False,False,False,False,False,False,False,False,False,False,0.0,0.0,0.0,0.0,731.0,0.0,0.0,0.0,0.0,0.0,0.0,0.0,0.0,0.0
2025/05/19 02:31:44.693766250,False,False,False,False,False,False,False,False,False,False,False,False,False,0.0,0.0,0.0,0.0,734.0,0.0,0.0,0.0,0.0,0.0,0.0,0.0,0.0,0.0
2025/05/19 02:31:44.792562365,False,False,False,False,False,False,False,False,False,False,False,False,False,0.0,0.0,0.0,0.0,734.0,0.0,0.0,0.0,0.0,0.0,0.0,0.0,0.0,0.0
2025/05/19 02:31:44.884963660,False,False,False,False,False,False,False,False,False,False,False,False,False,0.0,0.0,0.0,0.0,705.0,0.0,0.0,0.0,0.0,0.0,0.0,0.0,0.0,0.0
2025/05/19 02:31:44.985413241,False,False,False,False,False,False,False,False,False,False,False,False,False,0.0,0.0,0.0,0.0,708.0,0.0,0.0,0.0,0.0,0.0,0.0,0.0,0.0,0.0
2025/05/19 02:31:45.86581805,False,False,False,False,False,False,False,False,False,False,False,False,False,0.0,0.0,0.0,0.0,711.0,0.0,0.0,0.0,0.0,0.0,0.0,0.0,0.0,0.0
2025/05/19 02:31:45.189992090,False,False,False,False,False,False,False,False,False,False,False,False,False,0.0,0.0,0.0,0.0,718.0,0.0,0.0,0.0,0.0,0.0,0.0,0.0,0.0,0.0
2025/05/19 02:31:45.292313759,False,False,False,False,False,False,False,False,False,False,False,False,False,0.0,0.0,0.0,0.0,721.0,0.0,0.0,0.0,0.0,0.0,0.0,0.0,0.0,0.0
2025/05/19 02:31:45.384738586,False,False,False,False,False,False,False,False,False,False,False,False,False,0.0,0.0,0.0,0.0,721.0,0.0,0.0,0.0,0.0,0.0,0.0,0.0,0.0,0.0
2025/05/19 02:31:45.486167853,False,False,False,False,False,False,False,False,False,False,False,False,False,0.0,0.0,0.0,0.0,724.0,0.0,0.0,0.0,0.0,0.0,0.0,0.0,0.0,0.0
2025/05/19 02:31:45.590333646,False,False,False,False,False,False,False,False,False,False,False,False,False,0.0,0.0,0.0,0.0,727.0,0.0,0.0,0.0,0.0,0.0,0.0,0.0,0.0,0.0
2025/05/19 02:31:45.690674756,False,False,False,False,False,False,False,False,False,False,False,False,False,0.0,0.0,0.0,0.0,732.9999999999999,0.0,0.0,0.0,0.0,0.0,0.0,0.0,0.0,0.0
2025/05/19 02:31:45.792005124,False,False,False,False,False,False,False,False,False,False,False,False,False,0.0,0.0,0.0,0.0,732.9999999999999,0.0,0.0,0.0,0.0,0.0,0.0,0.0,0.0,0.0
2025/05/19 02:31:45.891596929,False,False,False,False,False,False,False,False,False,False,False,False,False,0.0,0.0,0.0,0.0,664.0000000000001,0.0,0.0,0.0,0.0,0.0,0.0,0.0,0.0,0.0
2025/05/19 02:31:45.988165288,False,False,False,False,False,False,False,False,False,False,False,False,False,0.0,0.0,0.0,0.0,664.0000000000001,0.0,0.0,0.0,0.0,0.0,0.0,0.0,0.0,0.0
2025/05/19 02:31:46.90989351,False,False,False,False,False,False,False,False,False,False,False,False,False,0.0,0.0,0.0,0.0,671.0,0.0,0.0,0.0,0.0,0.0,0.0,0.0,0.0,0.0
2025/05/19 02:31:46.191809591,False,False,False,False,False,False,False,False,False,False,False,False,False,0.0,0.0,0.0,0.0,674.0,0.0,0.0,0.0,0.0,0.0,0.0,0.0,0.0,0.0
2025/05/19 02:31:46.283520696,False,False,False,False,False,False,False,False,False,False,False,False,False,0.0,0.0,0.0,0.0,674.0,0.0,0.0,0.0,0.0,0.0,0.0,0.0,0.0,0.0
2025/05/19 02:31:46.384956403,False,False,False,False,False,False,False,False,False,False,False,False,False,0.0,0.0,0.0,0.0,677.9999999999999,0.0,0.0,0.0,0.0,0.0,0.0,0.0,0.0,0.0
2025/05/19 02:31:46.484631392,False,False,False,False,False,False,False,False,False,False,False,False,False,0.0,0.0,0.0,0.0,680.9999999999999,0.0,0.0,0.0,0.0,0.0,0.0,0.0,0.0,0.0
2025/05/19 02:31:46.585996213,False,False,False,False,False,False,False,False,False,False,False,False,False,0.0,0.0,0.0,0.0,683.9999999999999,0.0,0.0,0.0,0.0,0.0,0.0,0.0,0.0,0.0
2025/05/19 02:31:46.687332595,False,False,False,False,False,False,False,False,False,False,False,False,False,0.0,0.0,0.0,0.0,687.0000000000001,0.0,0.0,0.0,0.0,0.0,0.0,0.0,0.0,0.0
2025/05/19 02:31:46.788127053,False,False,False,False,False,False,False,False,False,False,False,False,False,0.0,0.0,0.0,0.0,690.0000000000001,0.0,0.0,0.0,0.0,0.0,0.0,0.0,0.0,0.0
2025/05/19 02:31:46.888332282,False,False,False,False,False,False,False,False,False,False,False,False,False,0.0,0.0,0.0,0.0,627.0000000000001,0.0,0.0,0.0,0.0,0.0,0.0,0.0,0.0,0.0
2025/05/19 02:31:46.990834200,False,False,False,False,False,False,False,False,False,False,False,False,False,0.0,0.0,0.0,0.0,631.0,0.0,0.0,0.0,0.0,0.0,0.0,0.0,0.0,0.0
2025/05/19 02:31:47.91297375,False,False,False,False,False,False,False,False,False,False,False,False,False,0.0,0.0,0.0,0.0,634.0000000000001,0.0,0.0,0.0,0.0,0.0,0.0,0.0,0.0,0.0
2025/05/19 02:31:47.185472269,False,False,False,False,False,False,False,False,False,False,False,False,False,0.0,0.0,0.0,0.0,638.0,0.0,0.0,0.0,0.0,0.0,0.0,0.0,0.0,0.0
2025/05/19 02:31:47.284699122,False,False,False,False,False,False,False,False,False,False,False,False,False,0.0,0.0,0.0,0.0,638.0,0.0,0.0,0.0,0.0,0.0,0.0,0.0,0.0,0.0
2025/05/19 02:31:47.385397616,False,False,False,False,False,False,False,False,False,False,False,False,False,0.0,0.0,0.0,0.0,641.0000000000001,0.0,0.0,0.0,0.0,0.0,0.0,0.0,0.0,0.0
2025/05/19 02:31:47.486719429,False,False,False,False,False,False,False,False,False,False,False,False,False,0.0,0.0,0.0,0.0,644.0,0.0,0.0,0.0,0.0,0.0,0.0,0.0,0.0,0.0
2025/05/19 02:31:47.587582334,False,False,False,False,False,False,False,False,False,False,False,False,False,0.0,0.0,0.0,0.0,647.0,0.0,0.0,0.0,0.0,0.0,0.0,0.0,0.0,0.0
2025/05/19 02:31:47.688130152,False,False,False,False,False,False,False,False,False,False,False,False,False,0.0,0.0,0.0,0.0,653.0000000000001,0.0,0.0,0.0,0.0,0.0,0.0,0.0,0.0,0.0
2025/05/19 02:31:47.791991232,False,False,False,False,False,False,False,False,False,False,False,False,False,0.0,0.0,0.0,0.0,584.0,0.0,0.0,0.0,0.0,0.0,0.0,0.0,0.0,0.0
2025/05/19 02:31:47.890779215,False,False,False,False,False,False,False,False,False,False,False,False,False,0.0,0.0,0.0,0.0,588.0,0.0,0.0,0.0,0.0,0.0,0.0,0.0,0.0,0.0
2025/05/19 02:31:47.992673745,False,False,False,False,False,False,False,False,False,False,False,False,False,0.0,0.0,0.0,0.0,591.0,0.0,0.0,0.0,0.0,0.0,0.0,0.0,0.0,0.0
2025/05/19 02:31:48.84516117,False,False,False,False,False,False,False,False,False,False,False,False,False,0.0,0.0,0.0,0.0,595.0,0.0,0.0,0.0,0.0,0.0,0.0,0.0,0.0,0.0
2025/05/19 02:31:48.185565267,False,False,False,False,False,False,False,False,False,False,False,False,False,0.0,0.0,0.0,0.0,595.0,0.0,0.0,0.0,0.0,0.0,0.0,0.0,0.0,0.0
2025/05/19 02:31:48.286629210,False,False,False,False,False,False,False,False,False,False,False,False,False,0.0,0.0,0.0,0.0,601.0,0.0,0.0,0.0,0.0,0.0,0.0,0.0,0.0,0.0
2025/05/19 02:31:48.389419150,False,False,False,False,False,False,False,False,False,False,False,False,False,0.0,0.0,0.0,0.0,604.0,0.0,0.0,0.0,0.0,0.0,0.0,0.0,0.0,0.0
2025/05/19 02:31:48.491223490,False,False,False,False,False,False,False,False,False,False,False,False,False,0.0,0.0,0.0,0.0,604.0,0.0,0.0,0.0,0.0,0.0,0.0,0.0,0.0,0.0
2025/05/19 02:31:48.593505206,False,False,False,False,False,False,False,False,False,False,False,False,False,0.0,0.0,0.0,0.0,611.0,0.0,0.0,0.0,0.0,0.0,0.0,0.0,0.0,0.0
2025/05/19 02:31:48.691918326,False,False,False,False,False,False,False,False,False,False,False,False,False,0.0,0.0,0.0,0.0,611.0,0.0,0.0,0.0,0.0,0.0,0.0,0.0,0.0,0.0
2025/05/19 02:31:48.783541021,False,False,False,False,False,False,False,False,False,False,False,False,False,0.0,0.0,0.0,0.0,614.0,0.0,0.0,0.0,0.0,0.0,0.0,0.0,0.0,0.0
2025/05/19 02:31:48.885380843,False,False,False,False,False,False,False,False,False,False,False,False,False,0.0,0.0,0.0,0.0,574.0,0.0,0.0,0.0,0.0,0.0,0.0,0.0,0.0,0.0
2025/05/19 02:31:48.985158883,False,False,False,False,False,False,False,False,False,False,False,False,False,0.0,0.0,0.0,0.0,577.0,0.0,0.0,0.0,0.0,0.0,0.0,0.0,0.0,0.0
2025/05/19 02:31:49.89061713,False,False,False,False,False,False,False,False,False,False,False,False,False,0.0,0.0,0.0,0.0,583.0,0.0,0.0,0.0,0.0,0.0,0.0,0.0,0.0,0.0
2025/05/19 02:31:49.188049703,False,False,False,False,False,False,False,False,False,False,False,False,False,0.0,0.0,0.0,0.0,583.0,0.0,0.0,0.0,0.0,0.0,0.0,0.0,0.0,0.0
2025/05/19 02:31:49.291712573,False,False,False,False,False,False,False,False,False,False,False,False,False,0.0,0.0,0.0,0.0,587.0,0.0,0.0,0.0,0.0,0.0,0.0,0.0,0.0,0.0
2025/05/19 02:31:49.390978946,False,False,False,False,False,False,False,False,False,False,False,False,False,0.0,0.0,0.0,0.0,590.0,0.0,0.0,0.0,0.0,0.0,0.0,0.0,0.0,0.0
2025/05/19 02:31:49.493811612,False,False,False,False,False,False,False,False,False,False,False,False,False,0.0,0.0,0.0,0.0,593.0,0.0,0.0,0.0,0.0,0.0,0.0,0.0,0.0,0.0
2025/05/19 02:31:49.584109963,False,False,False,False,False,False,False,False,False,False,False,False,False,0.0,0.0,0.0,0.0,596.0,0.0,0.0,0.0,0.0,0.0,0.0,0.0,0.0,0.0
2025/05/19 02:31:49.684703679,False,False,False,False,False,False,False,False,False,False,False,False,False,0.0,0.0,0.0,0.0,599.0,0.0,0.0,0.0,0.0,0.0,0.0,0.0,0.0,0.0
2025/05/19 02:31:49.784117519,False,False,False,False,False,False,False,False,False,False,False,False,False,0.0,0.0,0.0,0.0,602.0,0.0,0.0,0.0,0.0,0.0,0.0,0.0,0.0,0.0
2025/05/19 02:31:49.886224338,False,False,False,False,False,False,False,False,False,False,False,False,False,0.0,0.0,0.0,0.0,598.0,0.0,0.0,0.0,0.0,0.0,0.0,0.0,0.0,0.0
2025/05/19 02:31:49.988312572,False,False,False,False,False,False,False,False,False,False,False,False,False,0.0,0.0,0.0,0.0,601.0,0.0,0.0,0.0,0.0,0.0,0.0,0.0,0.0,0.0
2025/05/19 02:31:50.90678917,False,False,False,False,False,False,False,False,False,False,False,False,False,0.0,0.0,0.0,0.0,606.0,0.0,0.0,0.0,0.0,0.0,0.0,0.0,0.0,0.0
2025/05/19 02:31:50.190876126,False,False,False,False,False,False,False,False,False,False,False,False,False,0.0,0.0,0.0,0.0,609.0,0.0,0.0,0.0,0.0,0.0,0.0,0.0,0.0,0.0
2025/05/19 02:31:50.283200875,False,False,False,False,False,False,False,False,False,False,False,False,False,0.0,0.0,0.0,0.0,609.0,0.0,0.0,0.0,0.0,0.0,0.0,0.0,0.0,0.0
2025/05/19 02:31:50.387925097,False,False,False,False,False,False,False,False,False,False,False,False,False,0.0,0.0,0.0,0.0,612.0000000000001,0.0,0.0,0.0,0.0,0.0,0.0,0.0,0.0,0.0
2025/05/19 02:31:50.490787263,False,False,False,False,False,False,False,False,False,False,False,False,False,0.0,0.0,0.0,0.0,617.0,0.0,0.0,0.0,0.0,0.0,0.0,0.0,0.0,0.0
2025/05/19 02:31:50.590619047,False,False,False,False,False,False,False,False,False,False,False,False,False,0.0,0.0,0.0,0.0,619.9999999999999,0.0,0.0,0.0,0.0,0.0,0.0,0.0,0.0,0.0
2025/05/19 02:31:50.685619280,False,False,False,False,False,False,False,False,False,False,False,False,False,0.0,0.0,0.0,0.0,619.9999999999999,0.0,0.0,0.0,0.0,0.0,0.0,0.0,0.0,0.0
2025/05/19 02:31:50.786529343,False,False,False,False,False,False,False,False,False,False,False,False,False,0.0,0.0,0.0,0.0,622.0,0.0,0.0,0.0,0.0,0.0,0.0,0.0,0.0,0.0
2025/05/19 02:31:50.890916295,False,False,False,False,False,False,False,False,False,False,False,False,False,0.0,0.0,0.0,0.0,630.0,0.0,0.0,0.0,0.0,0.0,0.0,0.0,0.0,0.0
2025/05/19 02:31:50.987097776,False,False,False,False,False,False,False,False,False,False,False,False,False,0.0,0.0,0.0,0.0,641.0000000000001,0.0,0.0,0.0,0.0,0.0,0.0,0.0,0.0,0.0
2025/05/19 02:31:51.88938381,False,False,False,False,False,False,False,False,False,False,False,False,False,0.0,0.0,0.0,0.0,641.0000000000001,0.0,0.0,0.0,0.0,0.0,0.0,0.0,0.0,0.0
2025/05/19 02:31:51.189686584,False,False,False,False,False,False,False,False,False,False,False,False,False,0.0,0.0,0.0,0.0,643.0,0.0,0.0,0.0,0.0,0.0,0.0,0.0,0.0,0.0
2025/05/19 02:31:51.291903998,False,False,False,False,False,False,False,False,False,False,False,False,False,0.0,0.0,0.0,0.0,648.0,0.0,0.0,0.0,0.0,0.0,0.0,0.0,0.0,0.0
2025/05/19 02:31:51.383525496,False,False,False,False,False,False,False,False,False,False,False,False,False,0.0,0.0,0.0,0.0,648.0,0.0,0.0,0.0,0.0,0.0,0.0,0.0,0.0,0.0
2025/05/19 02:31:51.488761722,False,False,False,False,False,False,False,False,False,False,False,False,False,0.0,0.0,0.0,0.0,650.0,0.0,0.0,0.0,0.0,0.0,0.0,0.0,0.0,0.0
2025/05/19 02:31:51.587058658,False,False,False,False,False,False,False,False,False,False,False,False,False,0.0,0.0,0.0,0.0,652.0,0.0,0.0,0.0,0.0,0.0,0.0,0.0,0.0,0.0
2025/05/19 02:31:51.686257001,False,False,False,False,False,False,False,False,False,False,False,False,False,0.0,0.0,0.0,0.0,654.0,0.0,0.0,0.0,0.0,0.0,0.0,0.0,0.0,0.0
2025/05/19 02:31:51.787508738,False,False,False,False,False,False,False,False,False,False,False,False,False,0.0,0.0,0.0,0.0,658.0,0.0,0.0,0.0,0.0,0.0,0.0,0.0,0.0,0.0
2025/05/19 02:31:51.891421603,False,False,False,False,False,False,False,False,False,False,False,False,False,0.0,0.0,0.0,0.0,662.9999999999999,0.0,0.0,0.0,0.0,0.0,0.0,0.0,0.0,0.0
2025/05/19 02:31:51.984727984,False,False,False,False,False,False,False,False,False,False,False,False,False,0.0,0.0,0.0,0.0,664.9999999999999,0.0,0.0,0.0,0.0,0.0,0.0,0.0,0.0,0.0
2025/05/19 02:31:52.87154813,False,False,False,False,False,False,False,False,False,False,False,False,False,0.0,0.0,0.0,0.0,664.9999999999999,0.0,0.0,0.0,0.0,0.0,0.0,0.0,0.0,0.0
2025/05/19 02:31:52.184142980,False,False,False,False,False,False,False,False,False,False,False,False,False,0.0,0.0,0.0,0.0,666.9999999999999,0.0,0.0,0.0,0.0,0.0,0.0,0.0,0.0,0.0
2025/05/19 02:31:52.290409157,False,False,False,False,False,False,False,False,False,False,False,False,False,0.0,0.0,0.0,0.0,669.0,0.0,0.0,0.0,0.0,0.0,0.0,0.0,0.0,0.0
2025/05/19 02:31:52.387671379,False,False,False,False,False,False,False,False,False,False,False,False,False,0.0,0.0,0.0,0.0,673.0,0.0,0.0,0.0,0.0,0.0,0.0,0.0,0.0,0.0
2025/05/19 02:31:52.488745116,False,False,False,False,False,False,False,False,False,False,False,False,False,0.0,0.0,0.0,0.0,675.0,0.0,0.0,0.0,0.0,0.0,0.0,0.0,0.0,0.0
2025/05/19 02:31:52.590702389,False,False,False,False,False,False,False,False,False,False,False,False,False,0.0,0.0,0.0,0.0,675.0,0.0,0.0,0.0,0.0,0.0,0.0,0.0,0.0,0.0
2025/05/19 02:31:52.690860789,False,False,False,False,False,False,False,False,False,False,False,False,False,0.0,0.0,0.0,0.0,677.0,0.0,0.0,0.0,0.0,0.0,0.0,0.0,0.0,0.0
2025/05/19 02:31:52.793856896,False,False,False,False,False,False,False,False,False,False,False,False,False,0.0,0.0,0.0,0.0,658.0,0.0,0.0,0.0,0.0,0.0,0.0,0.0,0.0,0.0
2025/05/19 02:31:52.882233962,False,False,False,False,False,False,False,False,False,False,False,False,False,0.0,0.0,0.0,0.0,658.0,0.0,0.0,0.0,0.0,0.0,0.0,0.0,0.0,0.0
2025/05/19 02:31:52.984998465,False,False,False,False,False,False,False,False,False,False,False,False,False,0.0,0.0,0.0,0.0,659.9999999999999,0.0,0.0,0.0,0.0,0.0,0.0,0.0,0.0,0.0
2025/05/19 02:31:53.84641711,False,False,False,False,False,False,False,False,False,False,False,False,False,0.0,0.0,0.0,0.0,662.0,0.0,0.0,0.0,0.0,0.0,0.0,0.0,0.0,0.0
2025/05/19 02:31:53.185467013,False,False,False,False,False,False,False,False,False,False,False,False,False,0.0,0.0,0.0,0.0,664.0000000000001,0.0,0.0,0.0,0.0,0.0,0.0,0.0,0.0,0.0
2025/05/19 02:31:53.286105038,False,False,False,False,False,False,False,False,False,False,False,False,False,0.0,0.0,0.0,0.0,666.0,0.0,0.0,0.0,0.0,0.0,0.0,0.0,0.0,0.0
2025/05/19 02:31:53.388449191,False,False,False,False,False,False,False,False,False,False,False,False,False,0.0,0.0,0.0,0.0,668.0000000000001,0.0,0.0,0.0,0.0,0.0,0.0,0.0,0.0,0.0
2025/05/19 02:31:53.490758853,False,False,False,False,False,False,False,False,False,False,False,False,False,0.0,0.0,0.0,0.0,672.0,0.0,0.0,0.0,0.0,0.0,0.0,0.0,0.0,0.0
2025/05/19 02:31:53.592556151,False,False,False,False,False,False,False,False,False,False,False,False,False,0.0,0.0,0.0,0.0,672.0,0.0,0.0,0.0,0.0,0.0,0.0,0.0,0.0,0.0
2025/05/19 02:31:53.692329820,False,False,False,False,False,False,False,False,False,False,False,False,False,0.0,0.0,0.0,0.0,675.0,0.0,0.0,0.0,0.0,0.0,0.0,0.0,0.0,0.0
2025/05/19 02:31:53.798632342,False,False,False,False,False,False,False,False,False,False,False,False,False,0.0,0.0,0.0,0.0,675.0,0.0,0.0,0.0,0.0,0.0,0.0,0.0,0.0,0.0
2025/05/19 02:31:53.884500674,False,False,False,False,False,False,False,False,False,False,False,False,False,0.0,0.0,0.0,0.0,632.0,0.0,0.0,0.0,0.0,0.0,0.0,0.0,0.0,0.0
2025/05/19 02:31:53.984572865,False,False,False,False,False,False,False,False,False,False,False,False,False,0.0,0.0,0.0,0.0,634.0000000000001,0.0,0.0,0.0,0.0,0.0,0.0,0.0,0.0,0.0
2025/05/19 02:31:54.87520747,False,False,False,False,False,False,False,False,False,False,False,False,False,0.0,0.0,0.0,0.0,636.0000000000001,0.0,0.0,0.0,0.0,0.0,0.0,0.0,0.0,0.0
2025/05/19 02:31:54.190772805,False,False,False,False,False,False,False,False,False,False,False,False,False,0.0,0.0,0.0,0.0,638.9999999999999,0.0,0.0,0.0,0.0,0.0,0.0,0.0,0.0,0.0
2025/05/19 02:31:54.291267144,False,False,False,False,False,False,False,False,False,False,False,False,False,0.0,0.0,0.0,0.0,641.0000000000001,0.0,0.0,0.0,0.0,0.0,0.0,0.0,0.0,0.0
2025/05/19 02:31:54.392971523,False,False,False,False,False,False,False,False,False,False,False,False,False,0.0,0.0,0.0,0.0,643.0,0.0,0.0,0.0,0.0,0.0,0.0,0.0,0.0,0.0
2025/05/19 02:31:54.490973153,False,False,False,False,False,False,False,False,False,False,False,False,False,0.0,0.0,0.0,0.0,643.0,0.0,0.0,0.0,0.0,0.0,0.0,0.0,0.0,0.0
2025/05/19 02:31:54.592864057,False,False,False,False,False,False,False,False,False,False,False,False,False,0.0,0.0,0.0,0.0,647.0,0.0,0.0,0.0,0.0,0.0,0.0,0.0,0.0,0.0
2025/05/19 02:31:54.683903902,False,False,False,False,False,False,False,False,False,False,False,False,False,0.0,0.0,0.0,0.0,647.0,0.0,0.0,0.0,0.0,0.0,0.0,0.0,0.0,0.0
2025/05/19 02:31:54.784650274,False,False,False,False,False,False,False,False,False,False,False,False,False,0.0,0.0,0.0,0.0,648.0,0.0,0.0,0.0,0.0,0.0,0.0,0.0,0.0,0.0
2025/05/19 02:31:54.885549291,False,False,False,False,False,False,False,False,False,False,False,False,False,0.0,0.0,0.0,0.0,629.0,0.0,0.0,0.0,0.0,0.0,0.0,0.0,0.0,0.0
2025/05/19 02:31:54.988242750,False,False,False,False,False,False,False,False,False,False,False,False,False,0.0,0.0,0.0,0.0,631.0,0.0,0.0,0.0,0.0,0.0,0.0,0.0,0.0,0.0
2025/05/19 02:31:55.87632993,False,False,False,False,False,False,False,False,False,False,False,False,False,0.0,0.0,0.0,0.0,634.0000000000001,0.0,0.0,0.0,0.0,0.0,0.0,0.0,0.0,0.0
2025/05/19 02:31:55.190521416,False,False,False,False,False,False,False,False,False,False,False,False,False,0.0,0.0,0.0,0.0,636.0000000000001,0.0,0.0,0.0,0.0,0.0,0.0,0.0,0.0,0.0
2025/05/19 02:31:55.292364236,False,False,False,False,False,False,False,False,False,False,False,False,False,0.0,0.0,0.0,0.0,636.9999999999999,0.0,0.0,0.0,0.0,0.0,0.0,0.0,0.0,0.0
2025/05/19 02:31:55.385052008,False,False,False,False,False,False,False,False,False,False,False,False,False,0.0,0.0,0.0,0.0,636.9999999999999,0.0,0.0,0.0,0.0,0.0,0.0,0.0,0.0,0.0
2025/05/19 02:31:55.485498598,False,False,False,False,False,False,False,False,False,False,False,False,False,0.0,0.0,0.0,0.0,638.9999999999999,0.0,0.0,0.0,0.0,0.0,0.0,0.0,0.0,0.0
2025/05/19 02:31:55.587180645,False,False,False,False,False,False,False,False,False,False,False,False,False,0.0,0.0,0.0,0.0,641.0000000000001,0.0,0.0,0.0,0.0,0.0,0.0,0.0,0.0,0.0
2025/05/19 02:31:55.686433201,False,False,False,False,False,False,False,False,False,False,False,False,False,0.0,0.0,0.0,0.0,643.0,0.0,0.0,0.0,0.0,0.0,0.0,0.0,0.0,0.0
2025/05/19 02:31:55.792009512,False,False,False,False,False,False,False,False,False,False,False,False,False,0.0,0.0,0.0,0.0,632.0,0.0,0.0,0.0,0.0,0.0,0.0,0.0,0.0,0.0
2025/05/19 02:31:55.888809672,False,False,False,False,False,False,False,False,False,False,False,False,False,0.0,0.0,0.0,0.0,632.0,0.0,0.0,0.0,0.0,0.0,0.0,0.0,0.0,0.0
2025/05/19 02:31:55.991631253,False,False,False,False,False,False,False,False,False,False,False,False,False,0.0,0.0,0.0,0.0,636.0000000000001,0.0,0.0,0.0,0.0,0.0,0.0,0.0,0.0,0.0
2025/05/19 02:31:56.90746557,False,False,False,False,False,False,False,False,False,False,False,False,False,0.0,0.0,0.0,0.0,636.9999999999999,0.0,0.0,0.0,0.0,0.0,0.0,0.0,0.0,0.0
2025/05/19 02:31:56.193211285,False,False,False,False,False,False,False,False,False,False,False,False,False,0.0,0.0,0.0,0.0,638.9999999999999,0.0,0.0,0.0,0.0,0.0,0.0,0.0,0.0,0.0
2025/05/19 02:31:56.283946710,False,False,False,False,False,False,False,False,False,False,False,False,False,0.0,0.0,0.0,0.0,638.9999999999999,0.0,0.0,0.0,0.0,0.0,0.0,0.0,0.0,0.0
2025/05/19 02:31:56.386504715,False,False,False,False,False,False,False,False,False,False,False,False,False,0.0,0.0,0.0,0.0,640.0,0.0,0.0,0.0,0.0,0.0,0.0,0.0,0.0,0.0
2025/05/19 02:31:56.485485343,False,False,False,False,False,False,False,False,False,False,False,False,False,0.0,0.0,0.0,0.0,642.0,0.0,0.0,0.0,0.0,0.0,0.0,0.0,0.0,0.0
2025/05/19 02:31:56.589253187,False,False,False,False,False,False,False,False,False,False,False,False,False,0.0,0.0,0.0,0.0,643.0,0.0,0.0,0.0,0.0,0.0,0.0,0.0,0.0,0.0
2025/05/19 02:31:56.689091370,False,False,False,False,False,False,False,False,False,False,False,False,False,0.0,0.0,0.0,0.0,646.0,0.0,0.0,0.0,0.0,0.0,0.0,0.0,0.0,0.0
2025/05/19 02:31:56.788693314,False,False,False,False,False,False,False,False,False,False,False,False,False,0.0,0.0,0.0,0.0,646.0,0.0,0.0,0.0,0.0,0.0,0.0,0.0,0.0,0.0
2025/05/19 02:31:56.890100931,False,False,False,False,False,False,False,False,False,False,False,False,False,0.0,0.0,0.0,0.0,629.0,0.0,0.0,0.0,0.0,0.0,0.0,0.0,0.0,0.0
2025/05/19 02:31:56.992412955,False,False,False,False,False,False,False,False,False,False,False,False,False,0.0,0.0,0.0,0.0,629.0,0.0,0.0,0.0,0.0,0.0,0.0,0.0,0.0,0.0
2025/05/19 02:31:57.84736079,False,False,False,False,False,False,False,False,False,False,False,False,False,0.0,0.0,0.0,0.0,632.0,0.0,0.0,0.0,0.0,0.0,0.0,0.0,0.0,0.0
2025/05/19 02:31:57.186025613,False,False,False,False,False,False,False,False,False,False,False,False,False,0.0,0.0,0.0,0.0,632.0,0.0,0.0,0.0,0.0,0.0,0.0,0.0,0.0,0.0
2025/05/19 02:31:57.286976263,False,False,False,False,False,False,False,False,False,False,False,False,False,0.0,0.0,0.0,0.0,634.0000000000001,0.0,0.0,0.0,0.0,0.0,0.0,0.0,0.0,0.0
2025/05/19 02:31:57.388632270,False,False,False,False,False,False,False,False,False,False,False,False,False,0.0,0.0,0.0,0.0,634.9999999999999,0.0,0.0,0.0,0.0,0.0,0.0,0.0,0.0,0.0
2025/05/19 02:31:57.488632026,False,False,False,False,False,False,False,False,False,False,False,False,False,0.0,0.0,0.0,0.0,636.9999999999999,0.0,0.0,0.0,0.0,0.0,0.0,0.0,0.0,0.0
2025/05/19 02:31:57.589318360,False,False,False,False,False,False,False,False,False,False,False,False,False,0.0,0.0,0.0,0.0,638.0,0.0,0.0,0.0,0.0,0.0,0.0,0.0,0.0,0.0
2025/05/19 02:31:57.689847407,False,False,False,False,False,False,False,False,False,False,False,False,False,0.0,0.0,0.0,0.0,641.0000000000001,0.0,0.0,0.0,0.0,0.0,0.0,0.0,0.0,0.0
2025/05/19 02:31:57.792727726,False,False,False,False,False,False,False,False,False,False,False,False,False,0.0,0.0,0.0,0.0,642.0,0.0,0.0,0.0,0.0,0.0,0.0,0.0,0.0,0.0
2025/05/19 02:31:57.893053744,False,False,False,False,False,False,False,False,False,False,False,False,False,0.0,0.0,0.0,0.0,634.9999999999999,0.0,0.0,0.0,0.0,0.0,0.0,0.0,0.0,0.0
2025/05/19 02:31:57.996572692,False,False,False,False,False,False,False,False,False,False,False,False,False,0.0,0.0,0.0,0.0,636.0000000000001,0.0,0.0,0.0,0.0,0.0,0.0,0.0,0.0,0.0
2025/05/19 02:31:58.83410539,False,False,False,False,False,False,False,False,False,False,False,False,False,0.0,0.0,0.0,0.0,636.0000000000001,0.0,0.0,0.0,0.0,0.0,0.0,0.0,0.0,0.0
2025/05/19 02:31:58.184839790,False,False,False,False,False,False,False,False,False,False,False,False,False,0.0,0.0,0.0,0.0,636.9999999999999,0.0,0.0,0.0,0.0,0.0,0.0,0.0,0.0,0.0
2025/05/19 02:31:58.286578571,False,False,False,False,False,False,False,False,False,False,False,False,False,0.0,0.0,0.0,0.0,638.9999999999999,0.0,0.0,0.0,0.0,0.0,0.0,0.0,0.0,0.0
2025/05/19 02:31:58.386541592,False,False,False,False,False,False,False,False,False,False,False,False,False,0.0,0.0,0.0,0.0,640.0,0.0,0.0,0.0,0.0,0.0,0.0,0.0,0.0,0.0
2025/05/19 02:31:58.490165445,False,False,False,False,False,False,False,False,False,False,False,False,False,0.0,0.0,0.0,0.0,643.0,0.0,0.0,0.0,0.0,0.0,0.0,0.0,0.0,0.0
2025/05/19 02:31:58.593545948,False,False,False,False,False,False,False,False,False,False,False,False,False,0.0,0.0,0.0,0.0,644.0,0.0,0.0,0.0,0.0,0.0,0.0,0.0,0.0,0.0
2025/05/19 02:31:58.684624322,False,False,False,False,False,False,False,False,False,False,False,False,False,0.0,0.0,0.0,0.0,644.0,0.0,0.0,0.0,0.0,0.0,0.0,0.0,0.0,0.0
2025/05/19 02:31:58.784254215,False,False,False,False,False,False,False,False,False,False,False,False,False,0.0,0.0,0.0,0.0,645.0,0.0,0.0,0.0,0.0,0.0,0.0,0.0,0.0,0.0
2025/05/19 02:31:58.885751766,False,False,False,False,False,False,False,False,False,False,False,False,False,0.0,0.0,0.0,0.0,646.0,0.0,0.0,0.0,0.0,0.0,0.0,0.0,0.0,0.0
2025/05/19 02:31:58.986063970,False,False,False,False,False,False,False,False,False,False,False,False,False,0.0,0.0,0.0,0.0,624.0,0.0,0.0,0.0,0.0,0.0,0.0,0.0,0.0,0.0
2025/05/19 02:31:59.89933836,False,False,False,False,False,False,False,False,False,False,False,False,False,0.0,0.0,0.0,0.0,625.0,0.0,0.0,0.0,0.0,0.0,0.0,0.0,0.0,0.0
2025/05/19 02:31:59.190183931,False,False,False,False,False,False,False,False,False,False,False,False,False,0.0,0.0,0.0,0.0,628.0,0.0,0.0,0.0,0.0,0.0,0.0,0.0,0.0,0.0
2025/05/19 02:31:59.291654009,False,False,False,False,False,False,False,False,False,False,False,False,False,0.0,0.0,0.0,0.0,629.0,0.0,0.0,0.0,0.0,0.0,0.0,0.0,0.0,0.0
2025/05/19 02:31:59.391630092,False,False,False,False,False,False,False,False,False,False,False,False,False,0.0,0.0,0.0,0.0,630.0,0.0,0.0,0.0,0.0,0.0,0.0,0.0,0.0,0.0
2025/05/19 02:31:59.492798935,False,False,False,False,False,False,False,False,False,False,False,False,False,0.0,0.0,0.0,0.0,630.0,0.0,0.0,0.0,0.0,0.0,0.0,0.0,0.0,0.0
2025/05/19 02:31:59.583132616,False,False,False,False,False,False,False,False,False,False,False,False,False,0.0,0.0,0.0,0.0,631.0,0.0,0.0,0.0,0.0,0.0,0.0,0.0,0.0,0.0
2025/05/19 02:31:59.684434665,False,False,False,False,False,False,False,False,False,False,False,False,False,0.0,0.0,0.0,0.0,632.0,0.0,0.0,0.0,0.0,0.0,0.0,0.0,0.0,0.0
2025/05/19 02:31:59.785036548,False,False,False,False,False,False,False,False,False,False,False,False,False,0.0,0.0,0.0,0.0,633.0,0.0,0.0,0.0,0.0,0.0,0.0,0.0,0.0,0.0
2025/05/19 02:31:59.886616566,False,False,False,False,False,False,False,False,False,False,False,False,False,0.0,0.0,0.0,0.0,634.9999999999999,0.0,0.0,0.0,0.0,0.0,0.0,0.0,0.0,0.0
2025/05/19 02:31:59.989132577,False,False,False,False,False,False,False,False,False,False,False,False,False,0.0,0.0,0.0,0.0,578.0,0.0,0.0,0.0,0.0,0.0,0.0,0.0,0.0,0.0
2025/05/19 02:32:00.90727695,False,False,False,False,False,False,False,False,False,False,False,False,False,0.0,0.0,0.0,0.0,579.0,0.0,0.0,0.0,0.0,0.0,0.0,0.0,0.0,0.0
2025/05/19 02:32:00.191279366,False,False,False,False,False,False,False,False,False,False,False,False,False,0.0,0.0,0.0,0.0,581.0,0.0,0.0,0.0,0.0,0.0,0.0,0.0,0.0,0.0
2025/05/19 02:32:00.284306417,False,False,False,False,False,False,False,False,False,False,False,False,False,0.0,0.0,0.0,0.0,582.0,0.0,0.0,0.0,0.0,0.0,0.0,0.0,0.0,0.0
2025/05/19 02:32:00.385293166,False,False,False,False,False,False,False,False,False,False,False,False,False,0.0,0.0,0.0,0.0,582.0,0.0,0.0,0.0,0.0,0.0,0.0,0.0,0.0,0.0
2025/05/19 02:32:00.486799163,False,False,False,False,False,False,False,False,False,False,False,False,False,0.0,0.0,0.0,0.0,583.0,0.0,0.0,0.0,0.0,0.0,0.0,0.0,0.0,0.0
2025/05/19 02:32:00.590131974,False,False,False,False,False,False,False,False,False,False,False,False,False,0.0,0.0,0.0,0.0,585.0,0.0,0.0,0.0,0.0,0.0,0.0,0.0,0.0,0.0
2025/05/19 02:32:00.690304869,False,False,False,False,False,False,False,False,False,False,False,False,False,0.0,0.0,0.0,0.0,586.0,0.0,0.0,0.0,0.0,0.0,0.0,0.0,0.0,0.0
2025/05/19 02:32:00.792038378,False,False,False,False,False,False,False,False,False,False,False,False,False,0.0,0.0,0.0,0.0,587.0,0.0,0.0,0.0,0.0,0.0,0.0,0.0,0.0,0.0
2025/05/19 02:32:00.893868157,False,False,False,False,False,False,False,False,False,False,False,False,False,0.0,0.0,0.0,0.0,587.0,0.0,0.0,0.0,0.0,0.0,0.0,0.0,0.0,0.0
2025/05/19 02:32:00.984916981,False,False,False,False,False,False,False,False,False,False,False,False,False,0.0,0.0,0.0,0.0,544.0,0.0,0.0,0.0,0.0,0.0,0.0,0.0,0.0,0.0
2025/05/19 02:32:01.85731026,False,False,False,False,False,False,False,False,False,False,False,False,False,0.0,0.0,0.0,0.0,545.0,0.0,0.0,0.0,0.0,0.0,0.0,0.0,0.0,0.0
2025/05/19 02:32:01.187101549,False,False,False,False,False,False,False,False,False,False,False,False,False,0.0,0.0,0.0,0.0,546.0000000000001,0.0,0.0,0.0,0.0,0.0,0.0,0.0,0.0,0.0
2025/05/19 02:32:01.292510001,False,False,False,False,False,False,False,False,False,False,False,False,False,0.0,0.0,0.0,0.0,549.0,0.0,0.0,0.0,0.0,0.0,0.0,0.0,0.0,0.0
2025/05/19 02:32:01.391970413,False,False,False,False,False,False,False,False,False,False,False,False,False,0.0,0.0,0.0,0.0,550.0,0.0,0.0,0.0,0.0,0.0,0.0,0.0,0.0,0.0
2025/05/19 02:32:01.493613928,False,False,False,False,False,False,False,False,False,False,False,False,False,0.0,0.0,0.0,0.0,551.0,0.0,0.0,0.0,0.0,0.0,0.0,0.0,0.0,0.0
2025/05/19 02:32:01.585906744,False,False,False,False,False,False,False,False,False,False,False,False,False,0.0,0.0,0.0,0.0,551.0,0.0,0.0,0.0,0.0,0.0,0.0,0.0,0.0,0.0
2025/05/19 02:32:01.692701268,False,False,False,False,False,False,False,False,False,False,False,False,False,0.0,0.0,0.0,0.0,552.0,0.0,0.0,0.0,0.0,0.0,0.0,0.0,0.0,0.0
2025/05/19 02:32:01.790520601,False,False,False,False,False,False,False,False,False,False,False,False,False,0.0,0.0,0.0,0.0,555.0,0.0,0.0,0.0,0.0,0.0,0.0,0.0,0.0,0.0
2025/05/19 02:32:01.884721509,False,False,False,False,False,False,False,False,False,False,False,False,False,0.0,0.0,0.0,0.0,555.0,0.0,0.0,0.0,0.0,0.0,0.0,0.0,0.0,0.0
2025/05/19 02:32:01.984802791,False,False,False,False,False,False,False,False,False,False,False,False,False,0.0,0.0,0.0,0.0,522.0,0.0,0.0,0.0,0.0,0.0,0.0,0.0,0.0,0.0
2025/05/19 02:32:02.85368370,False,False,False,False,False,False,False,False,False,False,False,False,False,0.0,0.0,0.0,0.0,523.0,0.0,0.0,0.0,0.0,0.0,0.0,0.0,0.0,0.0
2025/05/19 02:32:02.188059251,False,False,False,False,False,False,False,False,False,False,False,False,False,0.0,0.0,0.0,0.0,524.0,0.0,0.0,0.0,0.0,0.0,0.0,0.0,0.0,0.0
2025/05/19 02:32:02.292091558,False,False,False,False,False,False,False,False,False,False,False,False,False,0.0,0.0,0.0,0.0,527.0,0.0,0.0,0.0,0.0,0.0,0.0,0.0,0.0,0.0
2025/05/19 02:32:02.382854839,False,False,False,False,False,False,False,False,False,False,False,False,False,0.0,0.0,0.0,0.0,527.0,0.0,0.0,0.0,0.0,0.0,0.0,0.0,0.0,0.0
2025/05/19 02:32:02.488241728,False,False,False,False,False,False,False,False,False,False,False,False,False,0.0,0.0,0.0,0.0,528.0,0.0,0.0,0.0,0.0,0.0,0.0,0.0,0.0,0.0
2025/05/19 02:32:02.590640961,False,False,False,False,False,False,False,False,False,False,False,False,False,0.0,0.0,0.0,0.0,530.0,0.0,0.0,0.0,0.0,0.0,0.0,0.0,0.0,0.0
2025/05/19 02:32:02.692301218,False,False,False,False,False,False,False,False,False,False,False,False,False,0.0,0.0,0.0,0.0,531.0,0.0,0.0,0.0,0.0,0.0,0.0,0.0,0.0,0.0
2025/05/19 02:32:02.792922804,False,False,False,False,False,False,False,False,False,False,False,False,False,0.0,0.0,0.0,0.0,532.0,0.0,0.0,0.0,0.0,0.0,0.0,0.0,0.0,0.0
2025/05/19 02:32:02.883134560,False,False,False,False,False,False,False,False,False,False,False,False,False,0.0,0.0,0.0,0.0,532.0,0.0,0.0,0.0,0.0,0.0,0.0,0.0,0.0,0.0
2025/05/19 02:32:02.988401209,False,False,False,False,False,False,False,False,False,False,False,False,False,0.0,0.0,0.0,0.0,510.99999999999994,0.0,0.0,0.0,0.0,0.0,0.0,0.0,0.0,0.0
2025/05/19 02:32:03.85210033,False,False,False,False,False,False,False,False,False,False,False,False,False,0.0,0.0,0.0,0.0,512.0,0.0,0.0,0.0,0.0,0.0,0.0,0.0,0.0,0.0
2025/05/19 02:32:03.189203385,False,False,False,False,False,False,False,False,False,False,False,False,False,0.0,0.0,0.0,0.0,514.0,0.0,0.0,0.0,0.0,0.0,0.0,0.0,0.0,0.0
2025/05/19 02:32:03.290537108,False,False,False,False,False,False,False,False,False,False,False,False,False,0.0,0.0,0.0,0.0,515.0,0.0,0.0,0.0,0.0,0.0,0.0,0.0,0.0,0.0
2025/05/19 02:32:03.393266105,False,False,False,False,False,False,False,False,False,False,False,False,False,0.0,0.0,0.0,0.0,516.0,0.0,0.0,0.0,0.0,0.0,0.0,0.0,0.0,0.0
2025/05/19 02:32:03.492843359,False,False,False,False,False,False,False,False,False,False,False,False,False,0.0,0.0,0.0,0.0,517.0,0.0,0.0,0.0,0.0,0.0,0.0,0.0,0.0,0.0
2025/05/19 02:32:03.584949429,False,False,False,False,False,False,False,False,False,False,False,False,False,0.0,0.0,0.0,0.0,517.0,0.0,0.0,0.0,0.0,0.0,0.0,0.0,0.0,0.0
2025/05/19 02:32:03.684583078,False,False,False,False,False,False,False,False,False,False,False,False,False,0.0,0.0,0.0,0.0,519.0,0.0,0.0,0.0,0.0,0.0,0.0,0.0,0.0,0.0
2025/05/19 02:32:03.785994027,False,False,False,False,False,False,False,False,False,False,False,False,False,0.0,0.0,0.0,0.0,520.0,0.0,0.0,0.0,0.0,0.0,0.0,0.0,0.0,0.0
2025/05/19 02:32:03.885440914,False,False,False,False,False,False,False,False,False,False,False,False,False,0.0,0.0,0.0,0.0,521.0,0.0,0.0,0.0,0.0,0.0,0.0,0.0,0.0,0.0
2025/05/19 02:32:04.9885066,False,False,False,False,False,False,False,False,False,False,False,False,False,0.0,0.0,0.0,0.0,506.0,0.0,0.0,0.0,0.0,0.0,0.0,0.0,0.0,0.0
2025/05/19 02:32:04.90344638,False,False,False,False,False,False,False,False,False,False,False,False,False,0.0,0.0,0.0,0.0,508.0,0.0,0.0,0.0,0.0,0.0,0.0,0.0,0.0,0.0
2025/05/19 02:32:04.193663147,False,False,False,False,False,False,False,False,False,False,False,False,False,0.0,0.0,0.0,0.0,508.99999999999994,0.0,0.0,0.0,0.0,0.0,0.0,0.0,0.0,0.0
2025/05/19 02:32:04.293331664,False,False,False,False,False,False,False,False,False,False,False,False,False,0.0,0.0,0.0,0.0,510.0,0.0,0.0,0.0,0.0,0.0,0.0,0.0,0.0,0.0
2025/05/19 02:32:04.383742797,False,False,False,False,False,False,False,False,False,False,False,False,False,0.0,0.0,0.0,0.0,510.0,0.0,0.0,0.0,0.0,0.0,0.0,0.0,0.0,0.0
2025/05/19 02:32:04.484215784,False,False,False,False,False,False,False,False,False,False,False,False,False,0.0,0.0,0.0,0.0,510.99999999999994,0.0,0.0,0.0,0.0,0.0,0.0,0.0,0.0,0.0
2025/05/19 02:32:04.587665457,False,False,False,False,False,False,False,False,False,False,False,False,False,0.0,0.0,0.0,0.0,512.0,0.0,0.0,0.0,0.0,0.0,0.0,0.0,0.0,0.0
2025/05/19 02:32:04.687372925,False,False,False,False,False,False,False,False,False,False,False,False,False,0.0,0.0,0.0,0.0,514.0,0.0,0.0,0.0,0.0,0.0,0.0,0.0,0.0,0.0
2025/05/19 02:32:04.790964843,False,False,False,False,False,False,False,False,False,False,False,False,False,0.0,0.0,0.0,0.0,514.0,0.0,0.0,0.0,0.0,0.0,0.0,0.0,0.0,0.0
2025/05/19 02:32:04.882774209,False,False,False,False,False,False,False,False,False,False,False,False,False,0.0,0.0,0.0,0.0,515.0,0.0,0.0,0.0,0.0,0.0,0.0,0.0,0.0,0.0
2025/05/19 02:32:04.984709137,False,False,False,False,False,False,False,False,False,False,False,False,False,0.0,0.0,0.0,0.0,502.0,0.0,0.0,0.0,0.0,0.0,0.0,0.0,0.0,0.0
2025/05/19 02:32:05.85231874,False,False,False,False,False,False,False,False,False,False,False,False,False,0.0,0.0,0.0,0.0,502.0,0.0,0.0,0.0,0.0,0.0,0.0,0.0,0.0,0.0
2025/05/19 02:32:05.185985699,False,False,False,False,False,False,False,False,False,False,False,False,False,0.0,0.0,0.0,0.0,503.0,0.0,0.0,0.0,0.0,0.0,0.0,0.0,0.0,0.0
2025/05/19 02:32:05.286457854,False,False,False,False,False,False,False,False,False,False,False,False,False,0.0,0.0,0.0,0.0,504.0,0.0,0.0,0.0,0.0,0.0,0.0,0.0,0.0,0.0
2025/05/19 02:32:05.389871566,False,False,False,False,False,False,False,False,False,False,False,False,False,0.0,0.0,0.0,0.0,506.0,0.0,0.0,0.0,0.0,0.0,0.0,0.0,0.0,0.0
2025/05/19 02:32:05.492051183,False,False,False,False,False,False,False,False,False,False,False,False,False,0.0,0.0,0.0,0.0,506.99999999999994,0.0,0.0,0.0,0.0,0.0,0.0,0.0,0.0,0.0
2025/05/19 02:32:05.589406374,False,False,False,False,False,False,False,False,False,False,False,False,False,0.0,0.0,0.0,0.0,508.0,0.0,0.0,0.0,0.0,0.0,0.0,0.0,0.0,0.0
2025/05/19 02:32:05.688855394,False,False,False,False,False,False,False,False,False,False,False,False,False,0.0,0.0,0.0,0.0,508.0,0.0,0.0,0.0,0.0,0.0,0.0,0.0,0.0,0.0
2025/05/19 02:32:05.786861968,False,False,False,False,False,False,False,False,False,False,False,False,False,0.0,0.0,0.0,0.0,508.99999999999994,0.0,0.0,0.0,0.0,0.0,0.0,0.0,0.0,0.0
2025/05/19 02:32:05.886971435,False,False,False,False,False,False,False,False,False,False,False,False,False,0.0,0.0,0.0,0.0,517.0,0.0,0.0,0.0,0.0,0.0,0.0,0.0,0.0,0.0
2025/05/19 02:32:05.988199291,False,False,False,False,False,False,False,False,False,False,False,False,False,0.0,0.0,0.0,0.0,518.0,0.0,0.0,0.0,0.0,0.0,0.0,0.0,0.0,0.0
2025/05/19 02:32:06.89334321,False,False,False,False,False,False,False,False,False,False,False,False,False,0.0,0.0,0.0,0.0,518.0,0.0,0.0,0.0,0.0,0.0,0.0,0.0,0.0,0.0
2025/05/19 02:32:06.191841608,False,False,False,False,False,False,False,False,False,False,False,False,False,0.0,0.0,0.0,0.0,519.0,0.0,0.0,0.0,0.0,0.0,0.0,0.0,0.0,0.0
2025/05/19 02:32:06.293688745,False,False,False,False,False,False,False,False,False,False,False,False,False,0.0,0.0,0.0,0.0,520.0,0.0,0.0,0.0,0.0,0.0,0.0,0.0,0.0,0.0
2025/05/19 02:32:06.394237890,False,False,False,False,False,False,False,False,False,False,False,False,False,0.0,0.0,0.0,0.0,521.0,0.0,0.0,0.0,0.0,0.0,0.0,0.0,0.0,0.0
2025/05/19 02:32:06.488526330,False,False,False,False,False,False,False,False,False,False,False,False,False,0.0,0.0,0.0,0.0,522.0,0.0,0.0,0.0,0.0,0.0,0.0,0.0,0.0,0.0
2025/05/19 02:32:06.589176570,False,False,False,False,False,False,False,False,False,False,False,False,False,0.0,0.0,0.0,0.0,522.0,0.0,0.0,0.0,0.0,0.0,0.0,0.0,0.0,0.0
2025/05/19 02:32:06.690619537,False,False,False,False,False,False,False,False,False,False,False,False,False,0.0,0.0,0.0,0.0,523.0,0.0,0.0,0.0,0.0,0.0,0.0,0.0,0.0,0.0
2025/05/19 02:32:06.791774330,False,False,False,False,False,False,False,False,False,False,False,False,False,0.0,0.0,0.0,0.0,524.0,0.0,0.0,0.0,0.0,0.0,0.0,0.0,0.0,0.0
2025/05/19 02:32:06.890007967,False,False,False,False,False,False,False,False,False,False,False,False,False,0.0,0.0,0.0,0.0,499.0000000000001,0.0,0.0,0.0,0.0,0.0,0.0,0.0,0.0,0.0
2025/05/19 02:32:06.986457603,False,False,False,False,False,False,False,False,False,False,False,False,False,0.0,0.0,0.0,0.0,499.0000000000001,0.0,0.0,0.0,0.0,0.0,0.0,0.0,0.0,0.0
2025/05/19 02:32:07.86635923,False,False,False,False,False,False,False,False,False,False,False,False,False,0.0,0.0,0.0,0.0,499.99999999999994,0.0,0.0,0.0,0.0,0.0,0.0,0.0,0.0,0.0
2025/05/19 02:32:07.187195439,False,False,False,False,False,False,False,False,False,False,False,False,False,0.0,0.0,0.0,0.0,501.0,0.0,0.0,0.0,0.0,0.0,0.0,0.0,0.0,0.0
2025/05/19 02:32:07.289445876,False,False,False,False,False,False,False,False,False,False,False,False,False,0.0,0.0,0.0,0.0,502.0,0.0,0.0,0.0,0.0,0.0,0.0,0.0,0.0,0.0
2025/05/19 02:32:07.389554511,False,False,False,False,False,False,False,False,False,False,False,False,False,0.0,0.0,0.0,0.0,502.0,0.0,0.0,0.0,0.0,0.0,0.0,0.0,0.0,0.0
2025/05/19 02:32:07.490992142,False,False,False,False,False,False,False,False,False,False,False,False,False,0.0,0.0,0.0,0.0,503.0,0.0,0.0,0.0,0.0,0.0,0.0,0.0,0.0,0.0
2025/05/19 02:32:07.583445223,False,False,False,False,False,False,False,False,False,False,False,False,False,0.0,0.0,0.0,0.0,503.0,0.0,0.0,0.0,0.0,0.0,0.0,0.0,0.0,0.0
2025/05/19 02:32:07.684223582,False,False,False,False,False,False,False,False,False,False,False,False,False,0.0,0.0,0.0,0.0,504.0,0.0,0.0,0.0,0.0,0.0,0.0,0.0,0.0,0.0
2025/05/19 02:32:07.784968289,False,False,False,False,False,False,False,False,False,False,False,False,False,0.0,0.0,0.0,0.0,504.99999999999994,0.0,0.0,0.0,0.0,0.0,0.0,0.0,0.0,0.0
2025/05/19 02:32:07.889232749,False,False,False,False,False,False,False,False,False,False,False,False,False,0.0,0.0,0.0,0.0,504.99999999999994,0.0,0.0,0.0,0.0,0.0,0.0,0.0,0.0,0.0
2025/05/19 02:32:07.987361070,False,False,False,False,False,False,False,False,False,False,False,False,False,0.0,0.0,0.0,0.0,443.0,0.0,0.0,0.0,0.0,0.0,0.0,0.0,0.0,0.0
2025/05/19 02:32:08.90207361,False,False,False,False,False,False,False,False,False,False,False,False,False,0.0,0.0,0.0,0.0,444.0,0.0,0.0,0.0,0.0,0.0,0.0,0.0,0.0,0.0
2025/05/19 02:32:08.191591950,False,False,False,False,False,False,False,False,False,False,False,False,False,0.0,0.0,0.0,0.0,444.0,0.0,0.0,0.0,0.0,0.0,0.0,0.0,0.0,0.0
2025/05/19 02:32:08.298012076,False,False,False,False,False,False,False,False,False,False,False,False,False,0.0,0.0,0.0,0.0,444.0,0.0,0.0,0.0,0.0,0.0,0.0,0.0,0.0,0.0
2025/05/19 02:32:08.384266886,False,False,False,False,False,False,False,False,False,False,False,False,False,0.0,0.0,0.0,0.0,445.0,0.0,0.0,0.0,0.0,0.0,0.0,0.0,0.0,0.0
2025/05/19 02:32:08.487443880,False,False,False,False,False,False,False,False,False,False,False,False,False,0.0,0.0,0.0,0.0,446.0,0.0,0.0,0.0,0.0,0.0,0.0,0.0,0.0,0.0
2025/05/19 02:32:08.592403540,False,False,False,False,False,False,False,False,False,False,False,False,False,0.0,0.0,0.0,0.0,446.99999999999994,0.0,0.0,0.0,0.0,0.0,0.0,0.0,0.0,0.0
2025/05/19 02:32:08.683981878,False,False,False,False,False,False,False,False,False,False,False,False,False,0.0,0.0,0.0,0.0,448.0,0.0,0.0,0.0,0.0,0.0,0.0,0.0,0.0,0.0
2025/05/19 02:32:08.785280879,False,False,False,False,False,False,False,False,False,False,False,False,False,0.0,0.0,0.0,0.0,448.0,0.0,0.0,0.0,0.0,0.0,0.0,0.0,0.0,0.0
2025/05/19 02:32:08.887658177,False,False,False,False,False,False,False,False,False,False,False,False,False,0.0,0.0,0.0,0.0,449.0,0.0,0.0,0.0,0.0,0.0,0.0,0.0,0.0,0.0
2025/05/19 02:32:08.988846555,False,False,False,False,False,False,False,False,False,False,False,False,False,0.0,0.0,0.0,0.0,402.99999999999994,0.0,0.0,0.0,0.0,0.0,0.0,0.0,0.0,0.0
2025/05/19 02:32:09.88389818,False,False,False,False,False,False,False,False,False,False,False,False,False,0.0,0.0,0.0,0.0,402.99999999999994,0.0,0.0,0.0,0.0,0.0,0.0,0.0,0.0,0.0
2025/05/19 02:32:09.189947552,False,False,False,False,False,False,False,False,False,False,False,False,False,0.0,0.0,0.0,0.0,405.0,0.0,0.0,0.0,0.0,0.0,0.0,0.0,0.0,0.0
2025/05/19 02:32:09.290959516,False,False,False,False,False,False,False,False,False,False,False,False,False,0.0,0.0,0.0,0.0,405.0,0.0,0.0,0.0,0.0,0.0,0.0,0.0,0.0,0.0
2025/05/19 02:32:09.385424224,False,False,False,False,False,False,False,False,False,False,False,False,False,0.0,0.0,0.0,0.0,405.0,0.0,0.0,0.0,0.0,0.0,0.0,0.0,0.0,0.0
2025/05/19 02:32:09.486616728,False,False,False,False,False,False,False,False,False,False,False,False,False,0.0,0.0,0.0,0.0,406.0,0.0,0.0,0.0,0.0,0.0,0.0,0.0,0.0,0.0
2025/05/19 02:32:09.588811348,False,False,False,False,False,False,False,False,False,False,False,False,False,0.0,0.0,0.0,0.0,407.00000000000006,0.0,0.0,0.0,0.0,0.0,0.0,0.0,0.0,0.0
2025/05/19 02:32:09.688553057,False,False,False,False,False,False,False,False,False,False,False,False,False,0.0,0.0,0.0,0.0,407.00000000000006,0.0,0.0,0.0,0.0,0.0,0.0,0.0,0.0,0.0
2025/05/19 02:32:09.793151177,False,False,False,False,False,False,False,False,False,False,False,False,False,0.0,0.0,0.0,0.0,409.0,0.0,0.0,0.0,0.0,0.0,0.0,0.0,0.0,0.0
2025/05/19 02:32:09.883503075,False,False,False,False,False,False,False,False,False,False,False,False,False,0.0,0.0,0.0,0.0,409.0,0.0,0.0,0.0,0.0,0.0,0.0,0.0,0.0,0.0
2025/05/19 02:32:09.984425689,False,False,False,False,False,False,False,False,False,False,False,False,False,0.0,0.0,0.0,0.0,380.00000000000006,0.0,0.0,0.0,0.0,0.0,0.0,0.0,0.0,0.0
2025/05/19 02:32:10.86787038,False,False,False,False,False,False,False,False,False,False,False,False,False,0.0,0.0,0.0,0.0,381.0,0.0,0.0,0.0,0.0,0.0,0.0,0.0,0.0,0.0
2025/05/19 02:32:10.188641031,False,False,False,False,False,False,False,False,False,False,False,False,False,0.0,0.0,0.0,0.0,382.0,0.0,0.0,0.0,0.0,0.0,0.0,0.0,0.0,0.0
2025/05/19 02:32:10.289229729,False,False,False,False,False,False,False,False,False,False,False,False,False,0.0,0.0,0.0,0.0,383.0,0.0,0.0,0.0,0.0,0.0,0.0,0.0,0.0,0.0
2025/05/19 02:32:10.389699828,False,False,False,False,False,False,False,False,False,False,False,False,False,0.0,0.0,0.0,0.0,384.0,0.0,0.0,0.0,0.0,0.0,0.0,0.0,0.0,0.0
2025/05/19 02:32:10.490953763,False,False,False,False,False,False,False,False,False,False,False,False,False,0.0,0.0,0.0,0.0,384.0,0.0,0.0,0.0,0.0,0.0,0.0,0.0,0.0,0.0
2025/05/19 02:32:10.590871757,False,False,False,False,False,False,False,False,False,False,False,False,False,0.0,0.0,0.0,0.0,384.0,0.0,0.0,0.0,0.0,0.0,0.0,0.0,0.0,0.0
2025/05/19 02:32:10.696656122,False,False,False,False,False,False,False,False,False,False,False,False,False,0.0,0.0,0.0,0.0,385.0,0.0,0.0,0.0,0.0,0.0,0.0,0.0,0.0,0.0
2025/05/19 02:32:10.785406589,False,False,False,False,False,False,False,False,False,False,False,False,False,0.0,0.0,0.0,0.0,385.0,0.0,0.0,0.0,0.0,0.0,0.0,0.0,0.0,0.0
2025/05/19 02:32:10.885226852,False,False,False,False,False,False,False,False,False,False,False,False,False,0.0,0.0,0.0,0.0,386.0,0.0,0.0,0.0,0.0,0.0,0.0,0.0,0.0,0.0
2025/05/19 02:32:10.987990130,False,False,False,False,False,False,False,False,False,False,False,False,False,0.0,0.0,0.0,0.0,392.0,0.0,0.0,0.0,0.0,0.0,0.0,0.0,0.0,0.0
2025/05/19 02:32:11.87934730,False,False,False,False,False,False,False,False,False,False,False,False,False,0.0,0.0,0.0,0.0,393.0,0.0,0.0,0.0,0.0,0.0,0.0,0.0,0.0,0.0
2025/05/19 02:32:11.193358786,False,False,False,False,False,False,False,False,False,False,False,False,False,0.0,0.0,0.0,0.0,402.99999999999994,0.0,0.0,0.0,0.0,0.0,0.0,0.0,0.0,0.0
2025/05/19 02:32:11.294492785,False,False,False,False,False,False,False,False,False,False,False,False,False,0.0,0.0,0.0,0.0,409.0,0.0,0.0,0.0,0.0,0.0,0.0,0.0,0.0,0.0
2025/05/19 02:32:11.384694129,False,False,False,False,False,False,False,False,False,False,False,False,False,0.0,0.0,0.0,0.0,409.0,0.0,0.0,0.0,0.0,0.0,0.0,0.0,0.0,0.0
2025/05/19 02:32:11.485405102,False,False,False,False,False,False,False,False,False,False,False,False,False,0.0,0.0,0.0,0.0,409.0,0.0,0.0,0.0,0.0,0.0,0.0,0.0,0.0,0.0
2025/05/19 02:32:11.589920113,False,False,False,False,False,False,False,False,False,False,False,False,False,0.0,0.0,0.0,0.0,411.00000000000006,0.0,0.0,0.0,0.0,0.0,0.0,0.0,0.0,0.0
2025/05/19 02:32:11.688945003,False,False,False,False,False,False,False,False,False,False,False,False,False,0.0,0.0,0.0,0.0,411.00000000000006,0.0,0.0,0.0,0.0,0.0,0.0,0.0,0.0,0.0
2025/05/19 02:32:11.790248712,False,False,False,False,False,False,False,False,False,False,False,False,False,0.0,0.0,0.0,0.0,411.00000000000006,0.0,0.0,0.0,0.0,0.0,0.0,0.0,0.0,0.0
2025/05/19 02:32:11.890436313,False,False,False,False,False,False,False,False,False,False,False,False,False,0.0,0.0,0.0,0.0,412.0,0.0,0.0,0.0,0.0,0.0,0.0,0.0,0.0,0.0
2025/05/19 02:32:11.993321195,False,False,False,False,False,False,False,False,False,False,False,False,False,0.0,0.0,0.0,0.0,413.0,0.0,0.0,0.0,0.0,0.0,0.0,0.0,0.0,0.0
2025/05/19 02:32:12.83873990,False,False,False,False,False,False,False,False,False,False,False,False,False,0.0,0.0,0.0,0.0,413.0,0.0,0.0,0.0,0.0,0.0,0.0,0.0,0.0,0.0
2025/05/19 02:32:12.188022011,False,False,False,False,False,False,False,False,False,False,False,False,False,0.0,0.0,0.0,0.0,413.0,0.0,0.0,0.0,0.0,0.0,0.0,0.0,0.0,0.0
2025/05/19 02:32:12.285647669,False,False,False,False,False,False,False,False,False,False,False,False,False,0.0,0.0,0.0,0.0,363.00000000000006,0.0,0.0,0.0,0.0,0.0,0.0,0.0,0.0,0.0
2025/05/19 02:32:12.390291437,False,False,False,False,False,False,False,False,False,False,False,False,False,0.0,0.0,0.0,0.0,364.00000000000006,0.0,0.0,0.0,0.0,0.0,0.0,0.0,0.0,0.0
2025/05/19 02:32:12.490160429,False,False,False,False,False,False,False,False,False,False,False,False,False,0.0,0.0,0.0,0.0,364.00000000000006,0.0,0.0,0.0,0.0,0.0,0.0,0.0,0.0,0.0
2025/05/19 02:32:12.592082073,False,False,False,False,False,False,False,False,False,False,False,False,False,0.0,0.0,0.0,0.0,365.00000000000006,0.0,0.0,0.0,0.0,0.0,0.0,0.0,0.0,0.0
2025/05/19 02:32:12.684638819,False,False,False,False,False,False,False,False,False,False,False,False,False,0.0,0.0,0.0,0.0,365.00000000000006,0.0,0.0,0.0,0.0,0.0,0.0,0.0,0.0,0.0
2025/05/19 02:32:12.788197788,False,False,False,False,False,False,False,False,False,False,False,False,False,0.0,0.0,0.0,0.0,365.00000000000006,0.0,0.0,0.0,0.0,0.0,0.0,0.0,0.0,0.0
2025/05/19 02:32:12.889303186,False,False,False,False,False,False,False,False,False,False,False,False,False,0.0,0.0,0.0,0.0,366.0,0.0,0.0,0.0,0.0,0.0,0.0,0.0,0.0,0.0
2025/05/19 02:32:12.990275015,False,False,False,False,False,False,False,False,False,False,False,False,False,0.0,0.0,0.0,0.0,367.0,0.0,0.0,0.0,0.0,0.0,0.0,0.0,0.0,0.0
2025/05/19 02:32:13.91018575,False,False,False,False,False,False,False,False,False,False,False,False,False,0.0,0.0,0.0,0.0,367.0,0.0,0.0,0.0,0.0,0.0,0.0,0.0,0.0,0.0
2025/05/19 02:32:13.193055873,False,False,False,False,False,False,False,False,False,False,False,False,False,0.0,0.0,0.0,0.0,367.0,0.0,0.0,0.0,0.0,0.0,0.0,0.0,0.0,0.0
2025/05/19 02:32:13.283641759,False,False,False,False,False,False,False,False,False,False,False,False,False,0.0,0.0,0.0,0.0,324.0,0.0,0.0,0.0,0.0,0.0,0.0,0.0,0.0,0.0
2025/05/19 02:32:13.385496235,False,False,False,False,False,False,False,False,False,False,False,False,False,0.0,0.0,0.0,0.0,324.0,0.0,0.0,0.0,0.0,0.0,0.0,0.0,0.0,0.0
2025/05/19 02:32:13.487174625,False,False,False,False,False,False,False,False,False,False,False,False,False,0.0,0.0,0.0,0.0,325.0,0.0,0.0,0.0,0.0,0.0,0.0,0.0,0.0,0.0
2025/05/19 02:32:13.592514055,False,False,False,False,False,False,False,False,False,False,False,False,False,0.0,0.0,0.0,0.0,326.0,0.0,0.0,0.0,0.0,0.0,0.0,0.0,0.0,0.0
2025/05/19 02:32:13.689731936,False,False,False,False,False,False,False,False,False,False,False,False,False,0.0,0.0,0.0,0.0,326.0,0.0,0.0,0.0,0.0,0.0,0.0,0.0,0.0,0.0
2025/05/19 02:32:13.792464976,False,False,False,False,False,False,False,False,False,False,False,False,False,0.0,0.0,0.0,0.0,327.0,0.0,0.0,0.0,0.0,0.0,0.0,0.0,0.0,0.0
2025/05/19 02:32:13.884804840,False,False,False,False,False,False,False,False,False,False,False,False,False,0.0,0.0,0.0,0.0,327.0,0.0,0.0,0.0,0.0,0.0,0.0,0.0,0.0,0.0
2025/05/19 02:32:13.984748829,False,False,False,False,False,False,False,False,False,False,False,False,False,0.0,0.0,0.0,0.0,327.0,0.0,0.0,0.0,0.0,0.0,0.0,0.0,0.0,0.0
2025/05/19 02:32:14.86994108,False,False,False,False,False,False,False,False,False,False,False,False,False,0.0,0.0,0.0,0.0,327.99999999999994,0.0,0.0,0.0,0.0,0.0,0.0,0.0,0.0,0.0
2025/05/19 02:32:14.185943321,False,False,False,False,False,False,False,False,False,False,False,False,False,0.0,0.0,0.0,0.0,327.99999999999994,0.0,0.0,0.0,0.0,0.0,0.0,0.0,0.0,0.0
2025/05/19 02:32:14.289277935,False,False,False,False,False,False,False,False,False,False,False,False,False,0.0,0.0,0.0,0.0,247.00000000000003,0.0,0.0,0.0,0.0,0.0,0.0,0.0,0.0,0.0
2025/05/19 02:32:14.389476157,False,False,False,False,False,False,False,False,False,False,False,False,False,0.0,0.0,0.0,0.0,247.99999999999997,0.0,0.0,0.0,0.0,0.0,0.0,0.0,0.0,0.0
2025/05/19 02:32:14.491185786,False,False,False,False,False,False,False,False,False,False,False,False,False,0.0,0.0,0.0,0.0,248.99999999999997,0.0,0.0,0.0,0.0,0.0,0.0,0.0,0.0,0.0
2025/05/19 02:32:14.590923807,False,False,False,False,False,False,False,False,False,False,False,False,False,0.0,0.0,0.0,0.0,248.99999999999997,0.0,0.0,0.0,0.0,0.0,0.0,0.0,0.0,0.0
2025/05/19 02:32:14.692916897,False,False,False,False,False,False,False,False,False,False,False,False,False,0.0,0.0,0.0,0.0,248.99999999999997,0.0,0.0,0.0,0.0,0.0,0.0,0.0,0.0,0.0
2025/05/19 02:32:14.786157636,False,False,False,False,False,False,False,False,False,False,False,False,False,0.0,0.0,0.0,0.0,249.99999999999997,0.0,0.0,0.0,0.0,0.0,0.0,0.0,0.0,0.0
2025/05/19 02:32:14.885137216,False,False,False,False,False,False,False,False,False,False,False,False,False,0.0,0.0,0.0,0.0,249.99999999999997,0.0,0.0,0.0,0.0,0.0,0.0,0.0,0.0,0.0
2025/05/19 02:32:14.984691887,False,False,False,False,False,False,False,False,False,False,False,False,False,0.0,0.0,0.0,0.0,251.0,0.0,0.0,0.0,0.0,0.0,0.0,0.0,0.0,0.0
2025/05/19 02:32:15.87287957,False,False,False,False,False,False,False,False,False,False,False,False,False,0.0,0.0,0.0,0.0,251.0,0.0,0.0,0.0,0.0,0.0,0.0,0.0,0.0,0.0
2025/05/19 02:32:15.189454610,False,False,False,False,False,False,False,False,False,False,False,False,False,0.0,0.0,0.0,0.0,252.0,0.0,0.0,0.0,0.0,0.0,0.0,0.0,0.0,0.0
2025/05/19 02:32:15.289420642,False,False,False,False,False,False,False,False,False,False,False,False,False,0.0,0.0,0.0,0.0,206.0,0.0,0.0,0.0,0.0,0.0,0.0,0.0,0.0,0.0
2025/05/19 02:32:15.389758720,False,False,False,False,False,False,False,False,False,False,False,False,False,0.0,0.0,0.0,0.0,206.99999999999997,0.0,0.0,0.0,0.0,0.0,0.0,0.0,0.0,0.0
2025/05/19 02:32:15.491657007,False,False,False,False,False,False,False,False,False,False,False,False,False,0.0,0.0,0.0,0.0,208.00000000000003,0.0,0.0,0.0,0.0,0.0,0.0,0.0,0.0,0.0
2025/05/19 02:32:15.590559145,False,False,False,False,False,False,False,False,False,False,False,False,False,0.0,0.0,0.0,0.0,208.00000000000003,0.0,0.0,0.0,0.0,0.0,0.0,0.0,0.0,0.0
2025/05/19 02:32:15.693728812,False,False,False,False,False,False,False,False,False,False,False,False,False,0.0,0.0,0.0,0.0,209.00000000000003,0.0,0.0,0.0,0.0,0.0,0.0,0.0,0.0,0.0
2025/05/19 02:32:15.791834611,False,False,False,False,False,False,False,False,False,False,False,False,False,0.0,0.0,0.0,0.0,209.00000000000003,0.0,0.0,0.0,0.0,0.0,0.0,0.0,0.0,0.0
2025/05/19 02:32:15.884390804,False,False,False,False,False,False,False,False,False,False,False,False,False,0.0,0.0,0.0,0.0,209.00000000000003,0.0,0.0,0.0,0.0,0.0,0.0,0.0,0.0,0.0
2025/05/19 02:32:15.984021815,False,False,False,False,False,False,False,False,False,False,False,False,False,0.0,0.0,0.0,0.0,210.0,0.0,0.0,0.0,0.0,0.0,0.0,0.0,0.0,0.0
2025/05/19 02:32:16.88626806,False,False,False,False,False,False,False,False,False,False,False,False,False,0.0,0.0,0.0,0.0,210.0,0.0,0.0,0.0,0.0,0.0,0.0,0.0,0.0,0.0
2025/05/19 02:32:16.188788530,False,False,False,False,False,False,False,False,False,False,False,False,False,0.0,0.0,0.0,0.0,174.99999999999997,0.0,0.0,0.0,0.0,0.0,0.0,0.0,0.0,0.0
2025/05/19 02:32:16.290851214,False,False,False,False,False,False,False,False,False,False,False,False,False,0.0,0.0,0.0,0.0,176.0,0.0,0.0,0.0,0.0,0.0,0.0,0.0,0.0,0.0
2025/05/19 02:32:16.390301913,False,False,False,False,False,False,False,False,False,False,False,False,False,0.0,0.0,0.0,0.0,176.0,0.0,0.0,0.0,0.0,0.0,0.0,0.0,0.0,0.0
2025/05/19 02:32:16.491812047,False,False,False,False,False,False,False,False,False,False,False,False,False,0.0,0.0,0.0,0.0,176.0,0.0,0.0,0.0,0.0,0.0,0.0,0.0,0.0,0.0
2025/05/19 02:32:16.592156760,False,False,False,False,False,False,False,False,False,False,False,False,False,0.0,0.0,0.0,0.0,176.0,0.0,0.0,0.0,0.0,0.0,0.0,0.0,0.0,0.0
2025/05/19 02:32:16.683967090,False,False,False,False,False,False,False,False,False,False,False,False,False,0.0,0.0,0.0,0.0,177.0,0.0,0.0,0.0,0.0,0.0,0.0,0.0,0.0,0.0
2025/05/19 02:32:16.786961357,False,False,False,False,False,False,False,False,False,False,False,False,False,0.0,0.0,0.0,0.0,177.0,0.0,0.0,0.0,0.0,0.0,0.0,0.0,0.0,0.0
2025/05/19 02:32:16.892076811,False,False,False,False,False,False,False,False,False,False,False,False,False,0.0,0.0,0.0,0.0,178.00000000000003,0.0,0.0,0.0,0.0,0.0,0.0,0.0,0.0,0.0
2025/05/19 02:32:16.984170605,False,False,False,False,False,False,False,False,False,False,False,False,False,0.0,0.0,0.0,0.0,178.00000000000003,0.0,0.0,0.0,0.0,0.0,0.0,0.0,0.0,0.0
2025/05/19 02:32:17.86509614,False,False,False,False,False,False,False,False,False,False,False,False,False,0.0,0.0,0.0,0.0,179.0,0.0,0.0,0.0,0.0,0.0,0.0,0.0,0.0,0.0
2025/05/19 02:32:17.187463378,False,False,False,False,False,False,False,False,False,False,False,False,False,0.0,0.0,0.0,0.0,148.0,0.0,0.0,0.0,0.0,0.0,0.0,0.0,0.0,0.0
2025/05/19 02:32:17.287900084,False,False,False,False,False,False,False,False,False,False,False,False,False,0.0,0.0,0.0,0.0,148.0,0.0,0.0,0.0,0.0,0.0,0.0,0.0,0.0,0.0
2025/05/19 02:32:17.393366775,False,False,False,False,False,False,False,False,False,False,False,False,False,0.0,0.0,0.0,0.0,148.0,0.0,0.0,0.0,0.0,0.0,0.0,0.0,0.0,0.0
2025/05/19 02:32:17.492883588,False,False,False,False,False,False,False,False,False,False,False,False,False,0.0,0.0,0.0,0.0,149.0,0.0,0.0,0.0,0.0,0.0,0.0,0.0,0.0,0.0
2025/05/19 02:32:17.592569943,False,False,False,False,False,False,False,False,False,False,False,False,False,0.0,0.0,0.0,0.0,149.0,0.0,0.0,0.0,0.0,0.0,0.0,0.0,0.0,0.0
2025/05/19 02:32:17.691420979,False,False,False,False,False,False,False,False,False,False,False,False,False,0.0,0.0,0.0,0.0,150.0,0.0,0.0,0.0,0.0,0.0,0.0,0.0,0.0,0.0
2025/05/19 02:32:17.792669710,False,False,False,False,False,False,False,False,False,False,False,False,False,0.0,0.0,0.0,0.0,150.0,0.0,0.0,0.0,0.0,0.0,0.0,0.0,0.0,0.0
2025/05/19 02:32:17.883062644,False,False,False,False,False,False,False,False,False,False,False,False,False,0.0,0.0,0.0,0.0,150.0,0.0,0.0,0.0,0.0,0.0,0.0,0.0,0.0,0.0
2025/05/19 02:32:17.986981186,False,False,False,False,False,False,False,False,False,False,False,False,False,0.0,0.0,0.0,0.0,150.0,0.0,0.0,0.0,0.0,0.0,0.0,0.0,0.0,0.0
2025/05/19 02:32:18.89311975,False,False,False,False,False,False,False,False,False,False,False,False,False,0.0,0.0,0.0,0.0,159.00000000000003,0.0,0.0,0.0,0.0,0.0,0.0,0.0,0.0,0.0
2025/05/19 02:32:18.192415382,False,False,False,False,False,False,False,False,False,False,False,False,False,0.0,0.0,0.0,0.0,174.0,0.0,0.0,0.0,0.0,0.0,0.0,0.0,0.0,0.0
2025/05/19 02:32:18.289640598,False,False,False,False,False,False,False,False,False,False,False,False,False,0.0,0.0,0.0,0.0,174.99999999999997,0.0,0.0,0.0,0.0,0.0,0.0,0.0,0.0,0.0
2025/05/19 02:32:18.390733081,False,False,False,False,False,False,False,False,False,False,False,False,False,0.0,0.0,0.0,0.0,174.99999999999997,0.0,0.0,0.0,0.0,0.0,0.0,0.0,0.0,0.0
2025/05/19 02:32:18.491996897,False,False,False,False,False,False,False,False,False,False,False,False,False,0.0,0.0,0.0,0.0,174.99999999999997,0.0,0.0,0.0,0.0,0.0,0.0,0.0,0.0,0.0
2025/05/19 02:32:18.587453526,False,False,False,False,False,False,False,False,False,False,False,False,False,0.0,0.0,0.0,0.0,176.0,0.0,0.0,0.0,0.0,0.0,0.0,0.0,0.0,0.0
2025/05/19 02:32:18.686531633,False,False,False,False,False,False,False,False,False,False,False,False,False,0.0,0.0,0.0,0.0,176.0,0.0,0.0,0.0,0.0,0.0,0.0,0.0,0.0,0.0
2025/05/19 02:32:18.793094846,False,False,False,False,False,False,False,False,False,False,False,False,False,0.0,0.0,0.0,0.0,177.0,0.0,0.0,0.0,0.0,0.0,0.0,0.0,0.0,0.0
2025/05/19 02:32:18.890503268,False,False,False,False,False,False,False,False,False,False,False,False,False,0.0,0.0,0.0,0.0,177.0,0.0,0.0,0.0,0.0,0.0,0.0,0.0,0.0,0.0
2025/05/19 02:32:18.993953057,False,False,False,False,False,False,False,False,False,False,False,False,False,0.0,0.0,0.0,0.0,177.0,0.0,0.0,0.0,0.0,0.0,0.0,0.0,0.0,0.0
2025/05/19 02:32:19.92945268,False,False,False,False,False,False,False,False,False,False,False,False,False,0.0,0.0,0.0,0.0,105.0,0.0,0.0,0.0,0.0,0.0,0.0,0.0,0.0,0.0
2025/05/19 02:32:19.184270284,False,False,False,False,False,False,False,False,False,False,False,False,False,0.0,0.0,0.0,0.0,105.0,0.0,0.0,0.0,0.0,0.0,0.0,0.0,0.0,0.0
2025/05/19 02:32:19.283657786,False,False,False,False,False,False,False,False,False,False,False,False,False,0.0,0.0,0.0,0.0,93.0,0.0,0.0,0.0,0.0,0.0,0.0,0.0,0.0,0.0
2025/05/19 02:32:19.386910864,False,False,False,False,False,False,False,False,False,False,False,False,False,0.0,0.0,0.0,0.0,90.0,0.0,0.0,0.0,0.0,0.0,0.0,0.0,0.0,0.0
2025/05/19 02:32:19.485793535,False,False,False,False,False,False,False,False,False,False,False,False,False,0.0,0.0,0.0,0.0,91.00000000000001,0.0,0.0,0.0,0.0,0.0,0.0,0.0,0.0,0.0
2025/05/19 02:32:19.586356152,False,False,False,False,False,False,False,False,False,False,False,False,False,0.0,0.0,0.0,0.0,91.00000000000001,0.0,0.0,0.0,0.0,0.0,0.0,0.0,0.0,0.0
2025/05/19 02:32:19.691422378,False,False,False,False,False,False,False,False,False,False,False,False,False,0.0,0.0,0.0,0.0,92.0,0.0,0.0,0.0,0.0,0.0,0.0,0.0,0.0,0.0
2025/05/19 02:32:19.791496192,False,False,False,False,False,False,False,False,False,False,False,False,False,0.0,0.0,0.0,0.0,92.0,0.0,0.0,0.0,0.0,0.0,0.0,0.0,0.0,0.0
2025/05/19 02:32:19.893219917,False,False,False,False,False,False,False,False,False,False,False,False,False,0.0,0.0,0.0,0.0,93.0,0.0,0.0,0.0,0.0,0.0,0.0,0.0,0.0,0.0
2025/05/19 02:32:19.988520964,False,False,False,False,False,False,False,False,False,False,False,False,False,0.0,0.0,0.0,0.0,93.0,0.0,0.0,0.0,0.0,0.0,0.0,0.0,0.0,0.0
2025/05/19 02:32:20.87619994,False,False,False,False,False,False,False,False,False,False,False,False,False,0.0,0.0,0.0,0.0,93.0,0.0,0.0,0.0,0.0,0.0,0.0,0.0,0.0,0.0
2025/05/19 02:32:20.187933974,False,False,False,False,False,False,False,False,False,False,False,False,False,0.0,0.0,0.0,0.0,68.0,0.0,0.0,0.0,0.0,0.0,0.0,0.0,0.0,0.0
2025/05/19 02:32:20.293049872,False,False,False,False,False,False,False,False,False,False,False,False,False,0.0,0.0,0.0,0.0,69.0,0.0,0.0,0.0,0.0,0.0,0.0,0.0,0.0,0.0
2025/05/19 02:32:20.392220992,False,False,False,False,False,False,False,False,False,False,False,False,False,0.0,0.0,0.0,0.0,69.0,0.0,0.0,0.0,0.0,0.0,0.0,0.0,0.0,0.0
2025/05/19 02:32:20.493451099,False,False,False,False,False,False,False,False,False,False,False,False,False,0.0,0.0,0.0,0.0,69.0,0.0,0.0,0.0,0.0,0.0,0.0,0.0,0.0,0.0
2025/05/19 02:32:20.582430643,False,False,False,False,False,False,False,False,False,False,False,False,False,0.0,0.0,0.0,0.0,69.0,0.0,0.0,0.0,0.0,0.0,0.0,0.0,0.0,0.0
2025/05/19 02:32:20.684383975,False,False,False,False,False,False,False,False,False,False,False,False,False,0.0,0.0,0.0,0.0,69.99999999999999,0.0,0.0,0.0,0.0,0.0,0.0,0.0,0.0,0.0
2025/05/19 02:32:20.784859502,False,False,False,False,False,False,False,False,False,False,False,False,False,0.0,0.0,0.0,0.0,69.99999999999999,0.0,0.0,0.0,0.0,0.0,0.0,0.0,0.0,0.0
2025/05/19 02:32:20.886628831,False,False,False,False,False,False,False,False,False,False,False,False,False,0.0,0.0,0.0,0.0,71.0,0.0,0.0,0.0,0.0,0.0,0.0,0.0,0.0,0.0
2025/05/19 02:32:20.986810214,False,False,False,False,False,False,False,False,False,False,False,False,False,0.0,0.0,0.0,0.0,71.0,0.0,0.0,0.0,0.0,0.0,0.0,0.0,0.0,0.0
2025/05/19 02:32:21.91224952,False,False,False,False,False,False,False,False,False,False,False,False,False,0.0,0.0,0.0,0.0,72.0,0.0,0.0,0.0,0.0,0.0,0.0,0.0,0.0,0.0
2025/05/19 02:32:21.189667174,False,False,False,False,False,False,False,False,False,False,False,False,False,0.0,0.0,0.0,0.0,14.999999999999998,0.0,0.0,0.0,0.0,0.0,0.0,0.0,0.0,0.0
2025/05/19 02:32:21.293358943,False,False,False,False,False,False,False,False,False,False,False,False,False,0.0,0.0,0.0,0.0,14.999999999999998,0.0,0.0,0.0,0.0,0.0,0.0,0.0,0.0,0.0
2025/05/19 02:32:21.393330011,False,False,False,False,False,False,False,False,False,False,False,False,False,0.0,0.0,0.0,0.0,14.999999999999998,0.0,0.0,0.0,0.0,0.0,0.0,0.0,0.0,0.0
2025/05/19 02:32:21.488009238,False,False,False,False,False,False,False,False,False,False,False,False,False,0.0,0.0,0.0,0.0,14.999999999999998,0.0,0.0,0.0,0.0,0.0,0.0,0.0,0.0,0.0
2025/05/19 02:32:21.591496763,False,False,False,False,False,False,False,False,False,False,False,False,False,0.0,0.0,0.0,0.0,16.0,0.0,0.0,0.0,0.0,0.0,0.0,0.0,0.0,0.0
2025/05/19 02:32:21.691673553,False,False,False,False,False,False,False,False,False,False,False,False,False,0.0,0.0,0.0,0.0,16.0,0.0,0.0,0.0,0.0,0.0,0.0,0.0,0.0,0.0
2025/05/19 02:32:21.791824590,False,False,False,False,False,False,False,False,False,False,False,False,False,0.0,0.0,0.0,0.0,17.0,0.0,0.0,0.0,0.0,0.0,0.0,0.0,0.0,0.0
2025/05/19 02:32:21.887770339,False,False,False,False,False,False,False,False,False,False,False,False,False,0.0,0.0,0.0,0.0,17.0,0.0,0.0,0.0,0.0,0.0,0.0,0.0,0.0,0.0
2025/05/19 02:32:21.983607228,False,False,False,False,False,False,False,False,False,False,False,False,False,0.0,0.0,0.0,0.0,17.0,0.0,0.0,0.0,0.0,0.0,0.0,0.0,0.0,0.0
2025/05/19 02:32:22.86052456,False,False,False,False,False,False,False,False,False,False,False,False,False,0.0,0.0,0.0,0.0,17.0,0.0,0.0,0.0,0.0,0.0,0.0,0.0,0.0,0.0
2025/05/19 02:32:22.186486833,False,False,False,False,False,False,False,False,False,False,False,False,False,0.0,0.0,0.0,0.0,18.0,0.0,0.0,0.0,0.0,0.0,0.0,0.0,0.0,0.0
2025/05/19 02:32:22.286514222,False,False,False,False,False,False,False,False,False,False,False,False,False,0.0,0.0,0.0,0.0,30.999999999999996,0.0,0.0,0.0,0.0,0.0,0.0,0.0,0.0,0.0
2025/05/19 02:32:22.387802617,False,False,False,False,False,False,False,False,False,False,False,False,False,0.0,0.0,0.0,0.0,73.0,0.0,0.0,0.0,0.0,0.0,0.0,0.0,0.0,0.0
2025/05/19 02:32:22.493498447,False,False,False,False,False,False,False,False,False,False,False,False,False,0.0,0.0,0.0,0.0,87.0,0.0,0.0,0.0,0.0,0.0,0.0,0.0,0.0,0.0
2025/05/19 02:32:22.593555851,False,False,False,False,False,False,False,False,False,False,False,False,False,0.0,0.0,0.0,0.0,87.0,0.0,0.0,0.0,0.0,0.0,0.0,0.0,0.0,0.0
2025/05/19 02:32:22.684139878,False,False,False,False,False,False,False,False,False,False,False,False,False,0.0,0.0,0.0,0.0,87.0,0.0,0.0,0.0,0.0,0.0,0.0,0.0,0.0,0.0
2025/05/19 02:32:22.785184383,False,False,False,False,False,False,False,False,False,False,False,False,False,0.0,0.0,0.0,0.0,87.0,0.0,0.0,0.0,0.0,0.0,0.0,0.0,0.0,0.0
2025/05/19 02:32:22.886499921,False,False,False,False,False,False,False,False,False,False,False,False,False,0.0,0.0,0.0,0.0,87.0,0.0,0.0,0.0,0.0,0.0,0.0,0.0,0.0,0.0
2025/05/19 02:32:22.990563275,False,False,False,False,False,False,False,False,False,False,False,False,False,0.0,0.0,0.0,0.0,88.0,0.0,0.0,0.0,0.0,0.0,0.0,0.0,0.0,0.0
2025/05/19 02:32:23.88448710,False,False,False,False,False,False,False,False,False,False,False,False,False,0.0,0.0,0.0,0.0,88.0,0.0,0.0,0.0,0.0,0.0,0.0,0.0,0.0,0.0
2025/05/19 02:32:23.197483193,False,False,False,False,False,False,False,False,False,False,False,False,False,0.0,0.0,0.0,0.0,88.0,0.0,0.0,0.0,0.0,0.0,0.0,0.0,0.0,0.0
2025/05/19 02:32:23.295231574,False,False,False,False,False,False,False,False,False,False,False,False,False,0.0,0.0,0.0,0.0,99.0,0.0,0.0,0.0,0.0,0.0,0.0,0.0,0.0,0.0
2025/05/19 02:32:23.385393927,False,False,False,False,False,False,False,False,False,False,False,False,False,0.0,0.0,0.0,0.0,101.0,0.0,0.0,0.0,0.0,0.0,0.0,0.0,0.0,0.0
2025/05/19 02:32:23.485713077,False,False,False,False,False,False,False,False,False,False,False,False,False,0.0,0.0,0.0,0.0,101.0,0.0,0.0,0.0,0.0,0.0,0.0,0.0,0.0,0.0
2025/05/19 02:32:23.587864212,False,False,False,False,False,False,False,False,False,False,False,False,False,0.0,0.0,0.0,0.0,101.0,0.0,0.0,0.0,0.0,0.0,0.0,0.0,0.0,0.0
2025/05/19 02:32:23.688735140,False,False,False,False,False,False,False,False,False,False,False,False,False,0.0,0.0,0.0,0.0,102.0,0.0,0.0,0.0,0.0,0.0,0.0,0.0,0.0,0.0
2025/05/19 02:32:23.790540954,False,False,False,False,False,False,False,False,False,False,False,False,False,0.0,0.0,0.0,0.0,102.0,0.0,0.0,0.0,0.0,0.0,0.0,0.0,0.0,0.0
2025/05/19 02:32:23.892318954,False,False,False,False,False,False,False,False,False,False,False,False,False,0.0,0.0,0.0,0.0,102.0,0.0,0.0,0.0,0.0,0.0,0.0,0.0,0.0,0.0
2025/05/19 02:32:23.996510258,False,False,False,False,False,False,False,False,False,False,False,False,False,0.0,0.0,0.0,0.0,103.0,0.0,0.0,0.0,0.0,0.0,0.0,0.0,0.0,0.0
2025/05/19 02:32:24.84852946,False,False,False,False,False,False,False,False,False,False,False,False,False,0.0,0.0,0.0,0.0,103.0,0.0,0.0,0.0,0.0,0.0,0.0,0.0,0.0,0.0
2025/05/19 02:32:24.185762845,False,False,False,False,False,False,False,False,False,False,False,False,False,0.0,0.0,0.0,0.0,103.0,0.0,0.0,0.0,0.0,0.0,0.0,0.0,0.0,0.0
2025/05/19 02:32:24.285819256,False,False,False,False,False,False,False,False,False,False,False,False,False,0.0,0.0,0.0,0.0,78.0,0.0,0.0,0.0,0.0,0.0,0.0,0.0,0.0,0.0
2025/05/19 02:32:24.388098085,False,False,False,False,False,False,False,False,False,False,False,False,False,0.0,0.0,0.0,0.0,76.0,0.0,0.0,0.0,0.0,0.0,0.0,0.0,0.0,0.0
2025/05/19 02:32:24.491024863,False,False,False,False,False,False,False,False,False,False,False,False,False,0.0,0.0,0.0,0.0,77.0,0.0,0.0,0.0,0.0,0.0,0.0,0.0,0.0,0.0
2025/05/19 02:32:24.594631127,False,False,False,False,False,False,False,False,False,False,False,False,False,0.0,0.0,0.0,0.0,77.0,0.0,0.0,0.0,0.0,0.0,0.0,0.0,0.0,0.0
2025/05/19 02:32:24.683686388,False,False,False,False,False,False,False,False,False,False,False,False,False,0.0,0.0,0.0,0.0,77.0,0.0,0.0,0.0,0.0,0.0,0.0,0.0,0.0,0.0
2025/05/19 02:32:24.784257200,False,False,False,False,False,False,False,False,False,False,False,False,False,0.0,0.0,0.0,0.0,77.0,0.0,0.0,0.0,0.0,0.0,0.0,0.0,0.0,0.0
2025/05/19 02:32:24.885905497,False,False,False,False,False,False,False,False,False,False,False,False,False,0.0,0.0,0.0,0.0,77.0,0.0,0.0,0.0,0.0,0.0,0.0,0.0,0.0,0.0
2025/05/19 02:32:24.987039944,False,False,False,False,False,False,False,False,False,False,False,False,False,0.0,0.0,0.0,0.0,78.0,0.0,0.0,0.0,0.0,0.0,0.0,0.0,0.0,0.0
2025/05/19 02:32:25.88983131,False,False,False,False,False,False,False,False,False,False,False,False,False,0.0,0.0,0.0,0.0,78.0,0.0,0.0,0.0,0.0,0.0,0.0,0.0,0.0,0.0
2025/05/19 02:32:25.194708108,False,False,False,False,False,False,False,False,False,False,False,False,False,0.0,0.0,0.0,0.0,38.0,0.0,0.0,0.0,0.0,0.0,0.0,0.0,0.0,0.0
2025/05/19 02:32:25.284116067,False,False,False,False,False,False,False,False,False,False,False,False,False,0.0,0.0,0.0,0.0,37.0,0.0,0.0,0.0,0.0,0.0,0.0,0.0,0.0,0.0
2025/05/19 02:32:25.384989814,False,False,False,False,False,False,False,False,False,False,False,False,False,0.0,0.0,0.0,0.0,37.0,0.0,0.0,0.0,0.0,0.0,0.0,0.0,0.0,0.0
2025/05/19 02:32:25.487864119,False,False,False,False,False,False,False,False,False,False,False,False,False,0.0,0.0,0.0,0.0,37.0,0.0,0.0,0.0,0.0,0.0,0.0,0.0,0.0,0.0
2025/05/19 02:32:25.588346079,False,False,False,False,False,False,False,False,False,False,False,False,False,0.0,0.0,0.0,0.0,38.0,0.0,0.0,0.0,0.0,0.0,0.0,0.0,0.0,0.0
2025/05/19 02:32:25.691505821,False,False,False,False,False,False,False,False,False,False,False,False,False,0.0,0.0,0.0,0.0,38.0,0.0,0.0,0.0,0.0,0.0,0.0,0.0,0.0,0.0
2025/05/19 02:32:25.791072117,False,False,False,False,False,False,False,False,False,False,False,False,False,0.0,0.0,0.0,0.0,38.0,0.0,0.0,0.0,0.0,0.0,0.0,0.0,0.0,0.0
2025/05/19 02:32:25.891359833,False,False,False,False,False,False,False,False,False,False,False,False,False,0.0,0.0,0.0,0.0,38.0,0.0,0.0,0.0,0.0,0.0,0.0,0.0,0.0,0.0
2025/05/19 02:32:25.994149255,False,False,False,False,False,False,False,False,False,False,False,False,False,0.0,0.0,0.0,0.0,38.0,0.0,0.0,0.0,0.0,0.0,0.0,0.0,0.0,0.0
2025/05/19 02:32:26.84313026,False,False,False,False,False,False,False,False,False,False,False,False,False,0.0,0.0,0.0,0.0,39.0,0.0,0.0,0.0,0.0,0.0,0.0,0.0,0.0,0.0
2025/05/19 02:32:26.184102484,False,False,False,False,False,False,False,False,False,False,False,False,False,0.0,0.0,0.0,0.0,39.0,0.0,0.0,0.0,0.0,0.0,0.0,0.0,0.0,0.0
2025/05/19 02:32:26.287955782,False,False,False,False,False,False,False,False,False,False,False,False,False,0.0,0.0,0.0,0.0,20.0,0.0,0.0,0.0,0.0,0.0,0.0,0.0,0.0,0.0
2025/05/19 02:32:26.385896417,False,False,False,False,False,False,False,False,False,False,False,False,False,0.0,0.0,0.0,0.0,20.0,0.0,0.0,0.0,0.0,0.0,0.0,0.0,0.0,0.0
2025/05/19 02:32:26.493133765,False,False,False,False,False,False,False,False,False,False,False,False,False,0.0,0.0,0.0,0.0,20.0,0.0,0.0,0.0,0.0,0.0,0.0,0.0,0.0,0.0
2025/05/19 02:32:26.590209715,False,False,False,False,False,False,False,False,False,False,False,False,False,0.0,0.0,0.0,0.0,20.0,0.0,0.0,0.0,0.0,0.0,0.0,0.0,0.0,0.0
2025/05/19 02:32:26.691384541,False,False,False,False,False,False,False,False,False,False,False,False,False,0.0,0.0,0.0,0.0,20.0,0.0,0.0,0.0,0.0,0.0,0.0,0.0,0.0,0.0
2025/05/19 02:32:26.791566125,False,False,False,False,False,False,False,False,False,False,False,False,False,0.0,0.0,0.0,0.0,21.0,0.0,0.0,0.0,0.0,0.0,0.0,0.0,0.0,0.0
2025/05/19 02:32:26.884563047,False,False,False,False,False,False,False,False,False,False,False,False,False,0.0,0.0,0.0,0.0,21.0,0.0,0.0,0.0,0.0,0.0,0.0,0.0,0.0,0.0
2025/05/19 02:32:26.982939854,False,False,False,False,False,False,False,False,False,False,False,False,False,0.0,0.0,0.0,0.0,21.0,0.0,0.0,0.0,0.0,0.0,0.0,0.0,0.0,0.0
2025/05/19 02:32:27.85462374,False,False,False,False,False,False,False,False,False,False,False,False,False,0.0,0.0,0.0,0.0,21.0,0.0,0.0,0.0,0.0,0.0,0.0,0.0,0.0,0.0
2025/05/19 02:32:27.184965335,False,False,False,False,False,False,False,False,False,False,False,False,False,0.0,0.0,0.0,0.0,21.0,0.0,0.0,0.0,0.0,0.0,0.0,0.0,0.0,0.0
2025/05/19 02:32:27.288618733,False,False,False,False,False,False,False,False,False,False,False,False,False,0.0,0.0,0.0,0.0,34.0,0.0,0.0,0.0,0.0,0.0,0.0,0.0,0.0,0.0
2025/05/19 02:32:27.387577807,False,False,False,False,False,False,False,False,False,False,False,False,False,0.0,0.0,0.0,0.0,36.0,0.0,0.0,0.0,0.0,0.0,0.0,0.0,0.0,0.0
2025/05/19 02:32:27.490909087,False,False,False,False,False,False,False,False,False,False,False,False,False,0.0,0.0,0.0,0.0,36.0,0.0,0.0,0.0,0.0,0.0,0.0,0.0,0.0,0.0
2025/05/19 02:32:27.589085632,False,False,False,False,False,False,False,False,False,False,False,False,False,0.0,0.0,0.0,0.0,36.0,0.0,0.0,0.0,0.0,0.0,0.0,0.0,0.0,0.0
2025/05/19 02:32:27.690640545,False,False,False,False,False,False,False,False,False,False,False,False,False,0.0,0.0,0.0,0.0,36.0,0.0,0.0,0.0,0.0,0.0,0.0,0.0,0.0,0.0
2025/05/19 02:32:27.791194906,False,False,False,False,False,False,False,False,False,False,False,False,False,0.0,0.0,0.0,0.0,37.0,0.0,0.0,0.0,0.0,0.0,0.0,0.0,0.0,0.0
2025/05/19 02:32:27.889214241,False,False,False,False,False,False,False,False,False,False,False,False,False,0.0,0.0,0.0,0.0,37.0,0.0,0.0,0.0,0.0,0.0,0.0,0.0,0.0,0.0
2025/05/19 02:32:27.984480719,False,False,False,False,False,False,False,False,False,False,False,False,False,0.0,0.0,0.0,0.0,37.0,0.0,0.0,0.0,0.0,0.0,0.0,0.0,0.0,0.0
2025/05/19 02:32:28.87861085,False,False,False,False,False,False,False,False,False,False,False,False,False,0.0,0.0,0.0,0.0,37.0,0.0,0.0,0.0,0.0,0.0,0.0,0.0,0.0,0.0
2025/05/19 02:32:28.186900781,False,False,False,False,False,False,False,False,False,False,False,False,False,0.0,0.0,0.0,0.0,37.0,0.0,0.0,0.0,0.0,0.0,0.0,0.0,0.0,0.0
2025/05/19 02:32:28.288181099,False,False,False,False,False,False,False,False,False,False,False,False,False,0.0,0.0,0.0,0.0,38.0,0.0,0.0,0.0,0.0,0.0,0.0,0.0,0.0,0.0
2025/05/19 02:32:28.391197670,False,False,False,False,False,False,False,False,False,False,False,False,False,0.0,0.0,0.0,0.0,39.0,0.0,0.0,0.0,0.0,0.0,0.0,0.0,0.0,0.0
2025/05/19 02:32:28.492385128,False,False,False,False,False,False,False,False,False,False,False,False,False,0.0,0.0,0.0,0.0,39.0,0.0,0.0,0.0,0.0,0.0,0.0,0.0,0.0,0.0
2025/05/19 02:32:28.585669115,False,False,False,False,False,False,False,False,False,False,False,False,False,0.0,0.0,0.0,0.0,39.0,0.0,0.0,0.0,0.0,0.0,0.0,0.0,0.0,0.0
2025/05/19 02:32:28.684546200,False,False,False,False,False,False,False,False,False,False,False,False,False,0.0,0.0,0.0,0.0,39.0,0.0,0.0,0.0,0.0,0.0,0.0,0.0,0.0,0.0
2025/05/19 02:32:28.786042543,False,False,False,False,False,False,False,False,False,False,False,False,False,0.0,0.0,0.0,0.0,39.0,0.0,0.0,0.0,0.0,0.0,0.0,0.0,0.0,0.0
2025/05/19 02:32:28.886807352,False,False,False,False,False,False,False,False,False,False,False,False,False,0.0,0.0,0.0,0.0,39.0,0.0,0.0,0.0,0.0,0.0,0.0,0.0,0.0,0.0
2025/05/19 02:32:28.988291425,False,False,False,False,False,False,False,False,False,False,False,False,False,0.0,0.0,0.0,0.0,40.0,0.0,0.0,0.0,0.0,0.0,0.0,0.0,0.0,0.0
2025/05/19 02:32:29.90215003,False,False,False,False,False,False,False,False,False,False,False,False,False,0.0,0.0,0.0,0.0,40.0,0.0,0.0,0.0,0.0,0.0,0.0,0.0,0.0,0.0
2025/05/19 02:32:29.190354581,False,False,False,False,False,False,False,False,False,False,False,False,False,0.0,0.0,0.0,0.0,30.999999999999996,0.0,0.0,0.0,0.0,0.0,0.0,0.0,0.0,0.0
2025/05/19 02:32:29.292511364,False,False,False,False,False,False,False,False,False,False,False,False,False,0.0,0.0,0.0,0.0,29.999999999999996,0.0,0.0,0.0,0.0,0.0,0.0,0.0,0.0,0.0
2025/05/19 02:32:29.384044714,False,False,False,False,False,False,False,False,False,False,False,False,False,0.0,0.0,0.0,0.0,29.999999999999996,0.0,0.0,0.0,0.0,0.0,0.0,0.0,0.0,0.0
2025/05/19 02:32:29.486195853,False,False,False,False,False,False,False,False,False,False,False,False,False,0.0,0.0,0.0,0.0,30.999999999999996,0.0,0.0,0.0,0.0,0.0,0.0,0.0,0.0,0.0
2025/05/19 02:32:29.589589835,False,False,False,False,False,False,False,False,False,False,False,False,False,0.0,0.0,0.0,0.0,30.999999999999996,0.0,0.0,0.0,0.0,0.0,0.0,0.0,0.0,0.0
2025/05/19 02:32:29.690636953,False,False,False,False,False,False,False,False,False,False,False,False,False,0.0,0.0,0.0,0.0,30.999999999999996,0.0,0.0,0.0,0.0,0.0,0.0,0.0,0.0,0.0
2025/05/19 02:32:29.790558971,False,False,False,False,False,False,False,False,False,False,False,False,False,0.0,0.0,0.0,0.0,30.999999999999996,0.0,0.0,0.0,0.0,0.0,0.0,0.0,0.0,0.0
2025/05/19 02:32:29.892987137,False,False,False,False,False,False,False,False,False,False,False,False,False,0.0,0.0,0.0,0.0,30.999999999999996,0.0,0.0,0.0,0.0,0.0,0.0,0.0,0.0,0.0
2025/05/19 02:32:29.994760106,False,False,False,False,False,False,False,False,False,False,False,False,False,0.0,0.0,0.0,0.0,32.0,0.0,0.0,0.0,0.0,0.0,0.0,0.0,0.0,0.0
2025/05/19 02:32:30.83134464,False,False,False,False,False,False,False,False,False,False,False,False,False,0.0,0.0,0.0,0.0,32.0,0.0,0.0,0.0,0.0,0.0,0.0,0.0,0.0,0.0
2025/05/19 02:32:30.189029004,False,False,False,False,False,False,False,False,False,False,False,False,False,0.0,0.0,0.0,0.0,19.0,0.0,0.0,0.0,0.0,0.0,0.0,0.0,0.0,0.0
2025/05/19 02:32:30.289896117,False,False,False,False,False,False,False,False,False,False,False,False,False,0.0,0.0,0.0,0.0,19.0,0.0,0.0,0.0,0.0,0.0,0.0,0.0,0.0,0.0
2025/05/19 02:32:30.392000678,False,False,False,False,False,False,False,False,False,False,False,False,False,0.0,0.0,0.0,0.0,20.0,0.0,0.0,0.0,0.0,0.0,0.0,0.0,0.0,0.0
2025/05/19 02:32:30.492688311,False,False,False,False,False,False,False,False,False,False,False,False,False,0.0,0.0,0.0,0.0,20.0,0.0,0.0,0.0,0.0,0.0,0.0,0.0,0.0,0.0
2025/05/19 02:32:30.586433680,False,False,False,False,False,False,False,False,False,False,False,False,False,0.0,0.0,0.0,0.0,20.0,0.0,0.0,0.0,0.0,0.0,0.0,0.0,0.0,0.0
2025/05/19 02:32:30.688438238,False,False,False,False,False,False,False,False,False,False,False,False,False,0.0,0.0,0.0,0.0,20.0,0.0,0.0,0.0,0.0,0.0,0.0,0.0,0.0,0.0
2025/05/19 02:32:30.788994026,False,False,False,False,False,False,False,False,False,False,False,False,False,0.0,0.0,0.0,0.0,20.0,0.0,0.0,0.0,0.0,0.0,0.0,0.0,0.0,0.0
2025/05/19 02:32:30.890659878,False,False,False,False,False,False,False,False,False,False,False,False,False,0.0,0.0,0.0,0.0,20.0,0.0,0.0,0.0,0.0,0.0,0.0,0.0,0.0,0.0
2025/05/19 02:32:31.10258745,False,False,False,False,False,False,False,False,False,False,False,False,False,0.0,0.0,0.0,0.0,21.0,0.0,0.0,0.0,0.0,0.0,0.0,0.0,0.0,0.0
2025/05/19 02:32:31.92179850,False,False,False,False,False,False,False,False,False,False,False,False,False,0.0,0.0,0.0,0.0,21.0,0.0,0.0,0.0,0.0,0.0,0.0,0.0,0.0,0.0
2025/05/19 02:32:31.186303934,False,False,False,False,False,False,False,False,False,False,False,False,False,0.0,0.0,0.0,0.0,21.0,0.0,0.0,0.0,0.0,0.0,0.0,0.0,0.0,0.0
2025/05/19 02:32:31.284350495,False,False,False,False,False,False,False,False,False,False,False,False,False,0.0,0.0,0.0,0.0,18.0,0.0,0.0,0.0,0.0,0.0,0.0,0.0,0.0,0.0
2025/05/19 02:32:31.386062746,False,False,False,False,False,False,False,False,False,False,False,False,False,0.0,0.0,0.0,0.0,17.0,0.0,0.0,0.0,0.0,0.0,0.0,0.0,0.0,0.0
2025/05/19 02:32:31.489447625,False,False,False,False,False,False,False,False,False,False,False,False,False,0.0,0.0,0.0,0.0,17.0,0.0,0.0,0.0,0.0,0.0,0.0,0.0,0.0,0.0
2025/05/19 02:32:31.590683679,False,False,False,False,False,False,False,False,False,False,False,False,False,0.0,0.0,0.0,0.0,18.0,0.0,0.0,0.0,0.0,0.0,0.0,0.0,0.0,0.0
2025/05/19 02:32:31.690776051,False,False,False,False,False,False,False,False,False,False,False,False,False,0.0,0.0,0.0,0.0,18.0,0.0,0.0,0.0,0.0,0.0,0.0,0.0,0.0,0.0
2025/05/19 02:32:31.791705332,False,False,False,False,False,False,False,False,False,False,False,False,False,0.0,0.0,0.0,0.0,18.0,0.0,0.0,0.0,0.0,0.0,0.0,0.0,0.0,0.0
2025/05/19 02:32:31.887345109,False,False,False,False,False,False,False,False,False,False,False,False,False,0.0,0.0,0.0,0.0,18.0,0.0,0.0,0.0,0.0,0.0,0.0,0.0,0.0,0.0
2025/05/19 02:32:31.984838752,False,False,False,False,False,False,False,False,False,False,False,False,False,0.0,0.0,0.0,0.0,18.0,0.0,0.0,0.0,0.0,0.0,0.0,0.0,0.0,0.0
2025/05/19 02:32:32.84402142,False,False,False,False,False,False,False,False,False,False,False,False,False,0.0,0.0,0.0,0.0,18.0,0.0,0.0,0.0,0.0,0.0,0.0,0.0,0.0,0.0
2025/05/19 02:32:32.186071502,False,False,False,False,False,False,False,False,False,False,False,False,False,0.0,0.0,0.0,0.0,18.0,0.0,0.0,0.0,0.0,0.0,0.0,0.0,0.0,0.0
2025/05/19 02:32:32.289596276,False,False,False,False,False,False,False,False,False,False,False,False,False,0.0,0.0,0.0,0.0,17.0,0.0,0.0,0.0,0.0,0.0,0.0,0.0,0.0,0.0
2025/05/19 02:32:32.390376598,False,False,False,False,False,False,False,False,False,False,False,False,False,0.0,0.0,0.0,0.0,17.0,0.0,0.0,0.0,0.0,0.0,0.0,0.0,0.0,0.0
2025/05/19 02:32:32.492071574,False,False,False,False,False,False,False,False,False,False,False,False,False,0.0,0.0,0.0,0.0,17.0,0.0,0.0,0.0,0.0,0.0,0.0,0.0,0.0,0.0
2025/05/19 02:32:32.584351417,False,False,False,False,False,False,False,False,False,False,False,False,False,0.0,0.0,0.0,0.0,17.0,0.0,0.0,0.0,0.0,0.0,0.0,0.0,0.0,0.0
2025/05/19 02:32:32.687107373,False,False,False,False,False,False,False,False,False,False,False,False,False,0.0,0.0,0.0,0.0,17.0,0.0,0.0,0.0,0.0,0.0,0.0,0.0,0.0,0.0
2025/05/19 02:32:32.786191592,False,False,False,False,False,False,False,False,False,False,False,False,False,0.0,0.0,0.0,0.0,18.0,0.0,0.0,0.0,0.0,0.0,0.0,0.0,0.0,0.0
2025/05/19 02:32:32.890149518,False,False,False,False,False,False,False,False,False,False,False,False,False,0.0,0.0,0.0,0.0,18.0,0.0,0.0,0.0,0.0,0.0,0.0,0.0,0.0,0.0
2025/05/19 02:32:32.988785071,False,False,False,False,False,False,False,False,False,False,False,False,False,0.0,0.0,0.0,0.0,18.0,0.0,0.0,0.0,0.0,0.0,0.0,0.0,0.0,0.0
2025/05/19 02:32:33.91059819,False,False,False,False,False,False,False,False,False,False,False,False,False,0.0,0.0,0.0,0.0,18.0,0.0,0.0,0.0,0.0,0.0,0.0,0.0,0.0,0.0
2025/05/19 02:32:33.192326772,False,False,False,False,False,False,False,False,False,False,False,False,False,0.0,0.0,0.0,0.0,17.0,0.0,0.0,0.0,0.0,0.0,0.0,0.0,0.0,0.0
2025/05/19 02:32:33.289297749,False,False,False,False,False,False,False,False,False,False,False,False,False,0.0,0.0,0.0,0.0,17.0,0.0,0.0,0.0,0.0,0.0,0.0,0.0,0.0,0.0
2025/05/19 02:32:33.386794633,False,False,False,False,False,False,False,False,False,False,False,False,False,0.0,0.0,0.0,0.0,17.0,0.0,0.0,0.0,0.0,0.0,0.0,0.0,0.0,0.0
2025/05/19 02:32:33.489872176,False,False,False,False,False,False,False,False,False,False,False,False,False,0.0,0.0,0.0,0.0,17.0,0.0,0.0,0.0,0.0,0.0,0.0,0.0,0.0,0.0
2025/05/19 02:32:33.589590209,False,False,False,False,False,False,False,False,False,False,False,False,False,0.0,0.0,0.0,0.0,17.0,0.0,0.0,0.0,0.0,0.0,0.0,0.0,0.0,0.0
2025/05/19 02:32:33.690520562,False,False,False,False,False,False,False,False,False,False,False,False,False,0.0,0.0,0.0,0.0,18.0,0.0,0.0,0.0,0.0,0.0,0.0,0.0,0.0,0.0
2025/05/19 02:32:33.789967040,False,False,False,False,False,False,False,False,False,False,False,False,False,0.0,0.0,0.0,0.0,18.0,0.0,0.0,0.0,0.0,0.0,0.0,0.0,0.0,0.0
2025/05/19 02:32:33.893413632,False,False,False,False,False,False,False,False,False,False,False,False,False,0.0,0.0,0.0,0.0,18.0,0.0,0.0,0.0,0.0,0.0,0.0,0.0,0.0,0.0
2025/05/19 02:32:33.993124232,False,False,False,False,False,False,False,False,False,False,False,False,False,0.0,0.0,0.0,0.0,18.0,0.0,0.0,0.0,0.0,0.0,0.0,0.0,0.0,0.0
2025/05/19 02:32:34.86172071,False,False,False,False,False,False,False,False,False,False,False,False,False,0.0,0.0,0.0,0.0,18.0,0.0,0.0,0.0,0.0,0.0,0.0,0.0,0.0,0.0
2025/05/19 02:32:34.185846062,False,False,False,False,False,False,False,False,False,False,False,False,False,0.0,0.0,0.0,0.0,18.0,0.0,0.0,0.0,0.0,0.0,0.0,0.0,0.0,0.0
2025/05/19 02:32:34.290014343,False,False,False,False,False,False,False,False,False,False,False,False,False,0.0,0.0,0.0,0.0,16.0,0.0,0.0,0.0,0.0,0.0,0.0,0.0,0.0,0.0
2025/05/19 02:32:34.389882112,False,False,False,False,False,False,False,False,False,False,False,False,False,0.0,0.0,0.0,0.0,16.0,0.0,0.0,0.0,0.0,0.0,0.0,0.0,0.0,0.0
2025/05/19 02:32:34.491991851,False,False,False,False,False,False,False,False,False,False,False,False,False,0.0,0.0,0.0,0.0,16.0,0.0,0.0,0.0,0.0,0.0,0.0,0.0,0.0,0.0
2025/05/19 02:32:34.591857715,False,False,False,False,False,False,False,False,False,False,False,False,False,0.0,0.0,0.0,0.0,16.0,0.0,0.0,0.0,0.0,0.0,0.0,0.0,0.0,0.0
2025/05/19 02:32:34.684408918,False,False,False,False,False,False,False,False,False,False,False,False,False,0.0,0.0,0.0,0.0,16.0,0.0,0.0,0.0,0.0,0.0,0.0,0.0,0.0,0.0
2025/05/19 02:32:34.785938377,False,False,False,False,False,False,False,False,False,False,False,False,False,0.0,0.0,0.0,0.0,16.0,0.0,0.0,0.0,0.0,0.0,0.0,0.0,0.0,0.0
2025/05/19 02:32:34.886663008,False,False,False,False,False,False,False,False,False,False,False,False,False,0.0,0.0,0.0,0.0,16.0,0.0,0.0,0.0,0.0,0.0,0.0,0.0,0.0,0.0
2025/05/19 02:32:34.986186273,False,False,False,False,False,False,False,False,False,False,False,False,False,0.0,0.0,0.0,0.0,16.0,0.0,0.0,0.0,0.0,0.0,0.0,0.0,0.0,0.0
2025/05/19 02:32:35.88981648,False,False,False,False,False,False,False,False,False,False,False,False,False,0.0,0.0,0.0,0.0,17.0,0.0,0.0,0.0,0.0,0.0,0.0,0.0,0.0,0.0
2025/05/19 02:32:35.191833878,False,False,False,False,False,False,False,False,False,False,False,False,False,0.0,0.0,0.0,0.0,14.0,0.0,0.0,0.0,0.0,0.0,0.0,0.0,0.0,0.0
2025/05/19 02:32:35.292865518,False,False,False,False,False,False,False,False,False,False,False,False,False,0.0,0.0,0.0,0.0,14.0,0.0,0.0,0.0,0.0,0.0,0.0,0.0,0.0,0.0
2025/05/19 02:32:35.385629938,False,False,False,False,False,False,False,False,False,False,False,False,False,0.0,0.0,0.0,0.0,14.0,0.0,0.0,0.0,0.0,0.0,0.0,0.0,0.0,0.0
2025/05/19 02:32:35.486555714,False,False,False,False,False,False,False,False,False,False,False,False,False,0.0,0.0,0.0,0.0,14.0,0.0,0.0,0.0,0.0,0.0,0.0,0.0,0.0,0.0
2025/05/19 02:32:35.587918873,False,False,False,False,False,False,False,False,False,False,False,False,False,0.0,0.0,0.0,0.0,14.999999999999998,0.0,0.0,0.0,0.0,0.0,0.0,0.0,0.0,0.0
2025/05/19 02:32:35.687505482,False,False,False,False,False,False,False,False,False,False,False,False,False,0.0,0.0,0.0,0.0,14.999999999999998,0.0,0.0,0.0,0.0,0.0,0.0,0.0,0.0,0.0
2025/05/19 02:32:35.789474623,False,False,False,False,False,False,False,False,False,False,False,False,False,0.0,0.0,0.0,0.0,14.999999999999998,0.0,0.0,0.0,0.0,0.0,0.0,0.0,0.0,0.0
2025/05/19 02:32:35.891253417,False,False,False,False,False,False,False,False,False,False,False,False,False,0.0,0.0,0.0,0.0,14.999999999999998,0.0,0.0,0.0,0.0,0.0,0.0,0.0,0.0,0.0
2025/05/19 02:32:35.992557688,False,False,False,False,False,False,False,False,False,False,False,False,False,0.0,0.0,0.0,0.0,14.999999999999998,0.0,0.0,0.0,0.0,0.0,0.0,0.0,0.0,0.0
2025/05/19 02:32:36.91143221,False,False,False,False,False,False,False,False,False,False,False,False,False,0.0,0.0,0.0,0.0,14.999999999999998,0.0,0.0,0.0,0.0,0.0,0.0,0.0,0.0,0.0
2025/05/19 02:32:36.193468733,False,False,False,False,False,False,False,False,False,False,False,False,False,0.0,0.0,0.0,0.0,14.999999999999998,0.0,0.0,0.0,0.0,0.0,0.0,0.0,0.0,0.0
2025/05/19 02:32:36.283566563,False,False,False,False,False,False,False,False,False,False,False,False,False,0.0,0.0,0.0,0.0,13.000000000000002,0.0,0.0,0.0,0.0,0.0,0.0,0.0,0.0,0.0
2025/05/19 02:32:36.384051183,False,False,False,False,False,False,False,False,False,False,False,False,False,0.0,0.0,0.0,0.0,13.000000000000002,0.0,0.0,0.0,0.0,0.0,0.0,0.0,0.0,0.0
2025/05/19 02:32:36.486305816,False,False,False,False,False,False,False,False,False,False,False,False,False,0.0,0.0,0.0,0.0,13.000000000000002,0.0,0.0,0.0,0.0,0.0,0.0,0.0,0.0,0.0
2025/05/19 02:32:36.587165122,False,False,False,False,False,False,False,False,False,False,False,False,False,0.0,0.0,0.0,0.0,14.0,0.0,0.0,0.0,0.0,0.0,0.0,0.0,0.0,0.0
2025/05/19 02:32:36.687068117,False,False,False,False,False,False,False,False,False,False,False,False,False,0.0,0.0,0.0,0.0,14.0,0.0,0.0,0.0,0.0,0.0,0.0,0.0,0.0,0.0
2025/05/19 02:32:36.790095465,False,False,False,False,False,False,False,False,False,False,False,False,False,0.0,0.0,0.0,0.0,14.0,0.0,0.0,0.0,0.0,0.0,0.0,0.0,0.0,0.0
2025/05/19 02:32:36.890355730,False,False,False,False,False,False,False,False,False,False,False,False,False,0.0,0.0,0.0,0.0,14.0,0.0,0.0,0.0,0.0,0.0,0.0,0.0,0.0,0.0
2025/05/19 02:32:36.993279120,False,False,False,False,False,False,False,False,False,False,False,False,False,0.0,0.0,0.0,0.0,14.0,0.0,0.0,0.0,0.0,0.0,0.0,0.0,0.0,0.0
2025/05/19 02:32:37.84361851,False,False,False,False,False,False,False,False,False,False,False,False,False,0.0,0.0,0.0,0.0,14.0,0.0,0.0,0.0,0.0,0.0,0.0,0.0,0.0,0.0
2025/05/19 02:32:37.185531989,False,False,False,False,False,False,False,False,False,False,False,False,False,0.0,0.0,0.0,0.0,14.0,0.0,0.0,0.0,0.0,0.0,0.0,0.0,0.0,0.0
2025/05/19 02:32:37.284981243,False,False,False,False,False,False,False,False,False,False,False,False,False,0.0,0.0,0.0,0.0,12.0,0.0,0.0,0.0,0.0,0.0,0.0,0.0,0.0,0.0
2025/05/19 02:32:37.387321460,False,False,False,False,False,False,False,False,False,False,False,False,False,0.0,0.0,0.0,0.0,13.000000000000002,0.0,0.0,0.0,0.0,0.0,0.0,0.0,0.0,0.0
2025/05/19 02:32:37.488901515,False,False,False,False,False,False,False,False,False,False,False,False,False,0.0,0.0,0.0,0.0,13.000000000000002,0.0,0.0,0.0,0.0,0.0,0.0,0.0,0.0,0.0
2025/05/19 02:32:37.593432115,False,False,False,False,False,False,False,False,False,False,False,False,False,0.0,0.0,0.0,0.0,13.000000000000002,0.0,0.0,0.0,0.0,0.0,0.0,0.0,0.0,0.0
2025/05/19 02:32:37.690956975,False,False,False,False,False,False,False,False,False,False,False,False,False,0.0,0.0,0.0,0.0,13.000000000000002,0.0,0.0,0.0,0.0,0.0,0.0,0.0,0.0,0.0
2025/05/19 02:32:37.792264062,False,False,False,False,False,False,False,False,False,False,False,False,False,0.0,0.0,0.0,0.0,13.000000000000002,0.0,0.0,0.0,0.0,0.0,0.0,0.0,0.0,0.0
2025/05/19 02:32:37.883569424,False,False,False,False,False,False,False,False,False,False,False,False,False,0.0,0.0,0.0,0.0,13.000000000000002,0.0,0.0,0.0,0.0,0.0,0.0,0.0,0.0,0.0
2025/05/19 02:32:37.984995567,False,False,False,False,False,False,False,False,False,False,False,False,False,0.0,0.0,0.0,0.0,13.000000000000002,0.0,0.0,0.0,0.0,0.0,0.0,0.0,0.0,0.0
2025/05/19 02:32:38.88614792,False,False,False,False,False,False,False,False,False,False,False,False,False,0.0,0.0,0.0,0.0,13.000000000000002,0.0,0.0,0.0,0.0,0.0,0.0,0.0,0.0,0.0
2025/05/19 02:32:38.190330403,False,False,False,False,False,False,False,False,False,False,False,False,False,0.0,0.0,0.0,0.0,11.0,0.0,0.0,0.0,0.0,0.0,0.0,0.0,0.0,0.0
2025/05/19 02:32:38.292802070,False,False,False,False,False,False,False,False,False,False,False,False,False,0.0,0.0,0.0,0.0,11.0,0.0,0.0,0.0,0.0,0.0,0.0,0.0,0.0,0.0
2025/05/19 02:32:38.394245475,False,False,False,False,False,False,False,False,False,False,False,False,False,0.0,0.0,0.0,0.0,12.0,0.0,0.0,0.0,0.0,0.0,0.0,0.0,0.0,0.0
2025/05/19 02:32:38.484652748,False,False,False,False,False,False,False,False,False,False,False,False,False,0.0,0.0,0.0,0.0,12.0,0.0,0.0,0.0,0.0,0.0,0.0,0.0,0.0,0.0
2025/05/19 02:32:38.585559948,False,False,False,False,False,False,False,False,False,False,False,False,False,0.0,0.0,0.0,0.0,12.0,0.0,0.0,0.0,0.0,0.0,0.0,0.0,0.0,0.0
2025/05/19 02:32:38.685862104,False,False,False,False,False,False,False,False,False,False,False,False,False,0.0,0.0,0.0,0.0,12.0,0.0,0.0,0.0,0.0,0.0,0.0,0.0,0.0,0.0
2025/05/19 02:32:38.787101106,False,False,False,False,False,False,False,False,False,False,False,False,False,0.0,0.0,0.0,0.0,12.0,0.0,0.0,0.0,0.0,0.0,0.0,0.0,0.0,0.0
2025/05/19 02:32:38.921212062,False,False,False,False,False,False,False,False,False,False,False,False,False,0.0,0.0,0.0,0.0,12.0,0.0,0.0,0.0,0.0,0.0,0.0,0.0,0.0,0.0
2025/05/19 02:32:38.992789834,False,False,False,False,False,False,False,False,False,False,False,False,False,0.0,0.0,0.0,0.0,12.0,0.0,0.0,0.0,0.0,0.0,0.0,0.0,0.0,0.0
2025/05/19 02:32:39.90672751,False,False,False,False,False,False,False,False,False,False,False,False,False,0.0,0.0,0.0,0.0,12.0,0.0,0.0,0.0,0.0,0.0,0.0,0.0,0.0,0.0
2025/05/19 02:32:39.189268599,False,False,False,False,False,False,False,False,False,False,False,False,False,0.0,0.0,0.0,0.0,12.0,0.0,0.0,0.0,0.0,0.0,0.0,0.0,0.0,0.0
2025/05/19 02:32:39.292808454,False,False,False,False,False,False,False,False,False,False,False,False,False,0.0,0.0,0.0,0.0,12.0,0.0,0.0,0.0,0.0,0.0,0.0,0.0,0.0,0.0
2025/05/19 02:32:39.391465200,False,False,False,False,False,False,False,False,False,False,False,False,False,0.0,0.0,0.0,0.0,12.0,0.0,0.0,0.0,0.0,0.0,0.0,0.0,0.0,0.0
2025/05/19 02:32:39.488006170,False,False,False,False,False,False,False,False,False,False,False,False,False,0.0,0.0,0.0,0.0,12.0,0.0,0.0,0.0,0.0,0.0,0.0,0.0,0.0,0.0
2025/05/19 02:32:39.585287036,False,False,False,False,False,False,False,False,False,False,False,False,False,0.0,0.0,0.0,0.0,12.0,0.0,0.0,0.0,0.0,0.0,0.0,0.0,0.0,0.0
2025/05/19 02:32:39.685257097,False,False,False,False,False,False,False,False,False,False,False,False,False,0.0,0.0,0.0,0.0,12.0,0.0,0.0,0.0,0.0,0.0,0.0,0.0,0.0,0.0
2025/05/19 02:32:39.786115734,False,False,False,False,False,False,False,False,False,False,False,False,False,0.0,0.0,0.0,0.0,12.0,0.0,0.0,0.0,0.0,0.0,0.0,0.0,0.0,0.0
2025/05/19 02:32:39.888254362,False,False,False,False,False,False,False,False,False,False,False,False,False,0.0,0.0,0.0,0.0,12.0,0.0,0.0,0.0,0.0,0.0,0.0,0.0,0.0,0.0
2025/05/19 02:32:39.988910166,False,False,False,False,False,False,False,False,False,False,False,False,False,0.0,0.0,0.0,0.0,12.0,0.0,0.0,0.0,0.0,0.0,0.0,0.0,0.0,0.0
2025/05/19 02:32:40.89489106,False,False,False,False,False,False,False,False,False,False,False,False,False,0.0,0.0,0.0,0.0,12.0,0.0,0.0,0.0,0.0,0.0,0.0,0.0,0.0,0.0
2025/05/19 02:32:40.189874460,False,False,False,False,False,False,False,False,False,False,False,False,False,0.0,0.0,0.0,0.0,12.0,0.0,0.0,0.0,0.0,0.0,0.0,0.0,0.0,0.0
2025/05/19 02:32:40.291589542,False,False,False,False,False,False,False,False,False,False,False,False,False,0.0,0.0,0.0,0.0,12.0,0.0,0.0,0.0,0.0,0.0,0.0,0.0,0.0,0.0
2025/05/19 02:32:40.383906223,False,False,False,False,False,False,False,False,False,False,False,False,False,0.0,0.0,0.0,0.0,12.0,0.0,0.0,0.0,0.0,0.0,0.0,0.0,0.0,0.0
2025/05/19 02:32:40.486555256,False,False,False,False,False,False,False,False,False,False,False,False,False,0.0,0.0,0.0,0.0,12.0,0.0,0.0,0.0,0.0,0.0,0.0,0.0,0.0,0.0
2025/05/19 02:32:40.586257592,False,False,False,False,False,False,False,False,False,False,False,False,False,0.0,0.0,0.0,0.0,12.0,0.0,0.0,0.0,0.0,0.0,0.0,0.0,0.0,0.0
2025/05/19 02:32:40.686595186,False,False,False,False,False,False,False,False,False,False,False,False,False,0.0,0.0,0.0,0.0,12.0,0.0,0.0,0.0,0.0,0.0,0.0,0.0,0.0,0.0
2025/05/19 02:32:40.790764960,False,False,False,False,False,False,False,False,False,False,False,False,False,0.0,0.0,0.0,0.0,12.0,0.0,0.0,0.0,0.0,0.0,0.0,0.0,0.0,0.0
2025/05/19 02:32:40.890542944,False,False,False,False,False,False,False,False,False,False,False,False,False,0.0,0.0,0.0,0.0,12.0,0.0,0.0,0.0,0.0,0.0,0.0,0.0,0.0,0.0
2025/05/19 02:32:40.991862947,False,False,False,False,False,False,False,False,False,False,False,False,False,0.0,0.0,0.0,0.0,12.0,0.0,0.0,0.0,0.0,0.0,0.0,0.0,0.0,0.0
2025/05/19 02:32:41.92903954,False,False,False,False,False,False,False,False,False,False,False,False,False,0.0,0.0,0.0,0.0,12.0,0.0,0.0,0.0,0.0,0.0,0.0,0.0,0.0,0.0
