time,throttle_reference,angle_reference
2025/05/25 18:47:31.727832471,0,-45
2025/05/25 18:47:31.825821255,0,-45
2025/05/25 18:47:31.930091105,0,-45
2025/05/25 18:47:32.25700270,0,-45
2025/05/25 18:47:32.126087129,0,-45
2025/05/25 18:47:32.225441875,0,-45
2025/05/25 18:47:32.326541457,0,-45
2025/05/25 18:47:32.426447962,0,-45
2025/05/25 18:47:32.525814840,0,-45
2025/05/25 18:47:32.625387205,40,-72
2025/05/25 18:47:32.725556538,37,-72
2025/05/25 18:47:32.825511314,37,-73
2025/05/25 18:47:32.925909930,37,-73
2025/05/25 18:47:33.26616340,36,-73
2025/05/25 18:47:33.125665251,36,-73
2025/05/25 18:47:33.225685124,36,-73
2025/05/25 18:47:33.326308468,36,-73
2025/05/25 18:47:33.426989111,36,-73
2025/05/25 18:47:33.526837537,33,-73
2025/05/25 18:47:33.626500830,30,-73
2025/05/25 18:47:33.725812483,28,-72
2025/05/25 18:47:33.825565544,28,-72
2025/05/25 18:47:33.925756102,26,-72
2025/05/25 18:47:34.27051160,23,-71
2025/05/25 18:47:34.126121084,22,-71
2025/05/25 18:47:34.225767001,22,-71
2025/05/25 18:47:34.327276394,22,-71
2025/05/25 18:47:34.426326756,22,-71
2025/05/25 18:47:34.526141338,22,-71
2025/05/25 18:47:34.626426401,21,-71
2025/05/25 18:47:34.725433944,21,-71
2025/05/25 18:47:34.826042868,79,-72
2025/05/25 18:47:34.925780118,82,-70
2025/05/25 18:47:35.25807229,82,-71
2025/05/25 18:47:35.126370887,82,-71
2025/05/25 18:47:35.226061152,82,-71
2025/05/25 18:47:35.325573952,81,-71
2025/05/25 18:47:35.425541360,81,-71
2025/05/25 18:47:35.525410966,81,-71
2025/05/25 18:47:35.625599343,81,-71
2025/05/25 18:47:35.725625923,81,-71
2025/05/25 18:47:35.825415249,80,-71
2025/05/25 18:47:35.927070231,73,-70
2025/05/25 18:47:36.25778870,71,-70
2025/05/25 18:47:36.126854070,70,-70
2025/05/25 18:47:36.227111839,70,-70
2025/05/25 18:47:36.328835573,70,-70
2025/05/25 18:47:36.425659687,70,-70
2025/05/25 18:47:36.527561613,70,-70
2025/05/25 18:47:36.626266583,69,-70
2025/05/25 18:47:36.725451410,69,-70
2025/05/25 18:47:36.826494850,69,-70
2025/05/25 18:47:36.927167776,64,-70
2025/05/25 18:47:37.27607356,58,-69
2025/05/25 18:47:37.125945389,53,-68
2025/05/25 18:47:37.227652721,53,-67
2025/05/25 18:47:37.326327015,53,-68
2025/05/25 18:47:37.425408831,53,-67
2025/05/25 18:47:37.525449453,53,-68
2025/05/25 18:47:37.625629867,122,-29
2025/05/25 18:47:37.726873778,228,-22
2025/05/25 18:47:37.826226510,299,-25
2025/05/25 18:47:37.925450468,292,-26
2025/05/25 18:47:38.27240810,293,-26
2025/05/25 18:47:38.125911718,294,-26
2025/05/25 18:47:38.225664296,296,-26
2025/05/25 18:47:38.325919616,297,-26
2025/05/25 18:47:38.425953495,298,-26
2025/05/25 18:47:38.525778033,300,-26
2025/05/25 18:47:38.625513971,302,-26
2025/05/25 18:47:38.725607542,304,-25
2025/05/25 18:47:38.825510105,298,-24
2025/05/25 18:47:38.925430485,299,-23
2025/05/25 18:47:39.25473496,302,-23
2025/05/25 18:47:39.125672848,304,-23
2025/05/25 18:47:39.225768232,307,-22
2025/05/25 18:47:39.326847901,310,-22
2025/05/25 18:47:39.425804808,314,-22
2025/05/25 18:47:39.525482960,318,-22
2025/05/25 18:47:39.625544247,321,-22
2025/05/25 18:47:39.725758759,325,-22
2025/05/25 18:47:39.825488402,329,-22
2025/05/25 18:47:39.925423475,317,-21
2025/05/25 18:47:40.25724045,315,-20
2025/05/25 18:47:40.125639985,318,-20
2025/05/25 18:47:40.225760869,324,-19
2025/05/25 18:47:40.325919503,328,-19
2025/05/25 18:47:40.426111395,333,-19
2025/05/25 18:47:40.525489809,339,-19
2025/05/25 18:47:40.625485573,343,-19
2025/05/25 18:47:40.725624124,349,-19
2025/05/25 18:47:40.825533015,343,-19
2025/05/25 18:47:40.925481224,348,-19
2025/05/25 18:47:41.25652974,354,-19
2025/05/25 18:47:41.125610828,359,-19
2025/05/25 18:47:41.225574399,365,-19
2025/05/25 18:47:41.325688758,372,-18
2025/05/25 18:47:41.425421285,378,-18
2025/05/25 18:47:41.525447494,384,-18
2025/05/25 18:47:41.625695778,391,-18
2025/05/25 18:47:41.725416417,398,-18
2025/05/25 18:47:41.825378911,404,-18
2025/05/25 18:47:41.925585716,410,-18
2025/05/25 18:47:42.25527240,418,-18
2025/05/25 18:47:42.125520067,425,-18
2025/05/25 18:47:42.227424831,431,-18
2025/05/25 18:47:42.331767259,433,-18
2025/05/25 18:47:42.426426884,433,-18
2025/05/25 18:47:42.528011313,432,-18
2025/05/25 18:47:42.626385190,431,-18
2025/05/25 18:47:42.725445043,429,-18
2025/05/25 18:47:42.825528936,426,-18
2025/05/25 18:47:42.925543643,454,-17
2025/05/25 18:47:43.25509849,498,-17
2025/05/25 18:47:43.125492793,491,-16
2025/05/25 18:47:43.225495338,484,-16
2025/05/25 18:47:43.325887062,478,-15
2025/05/25 18:47:43.425608828,478,-15
2025/05/25 18:47:43.525641809,478,-15
2025/05/25 18:47:43.625718235,479,-15
2025/05/25 18:47:43.725700548,480,-15
2025/05/25 18:47:43.825479478,493,-18
2025/05/25 18:47:43.925628389,482,-20
2025/05/25 18:47:44.26070544,486,-21
2025/05/25 18:47:44.125461822,490,-22
2025/05/25 18:47:44.225572876,493,-23
2025/05/25 18:47:44.325840656,497,-24
2025/05/25 18:47:44.425535832,501,-25
2025/05/25 18:47:44.525563814,506,-26
2025/05/25 18:47:44.625949532,510,-26
2025/05/25 18:47:44.725822758,514,-26
2025/05/25 18:47:44.825817919,534,-24
2025/05/25 18:47:44.925509090,538,-24
2025/05/25 18:47:45.25655007,538,-23
2025/05/25 18:47:45.125468322,538,-22
2025/05/25 18:47:45.225646379,538,-21
2025/05/25 18:47:45.325909026,539,-20
2025/05/25 18:47:45.425516173,541,-19
2025/05/25 18:47:45.525475569,546,-19
2025/05/25 18:47:45.625676421,550,-19
2025/05/25 18:47:45.725530292,555,-19
2025/05/25 18:47:45.825439993,560,-19
2025/05/25 18:47:45.926703606,579,-19
2025/05/25 18:47:46.25785253,578,-19
2025/05/25 18:47:46.125940518,580,-18
2025/05/25 18:47:46.225820296,585,-18
2025/05/25 18:47:46.325815548,590,-18
2025/05/25 18:47:46.425571384,595,-18
2025/05/25 18:47:46.525491336,599,-18
2025/05/25 18:47:46.625484934,604,-18
2025/05/25 18:47:46.725558995,609,-18
2025/05/25 18:47:46.825463908,615,-18
2025/05/25 18:47:46.926933626,626,-19
2025/05/25 18:47:47.25654697,633,-20
2025/05/25 18:47:47.125570630,639,-21
2025/05/25 18:47:47.225837351,645,-21
2025/05/25 18:47:47.327027856,651,-22
2025/05/25 18:47:47.425643807,657,-23
2025/05/25 18:47:47.525533632,662,-23
2025/05/25 18:47:47.625789902,667,-23
2025/05/25 18:47:47.725630618,672,-22
2025/05/25 18:47:47.825584207,677,-22
2025/05/25 18:47:47.925618936,672,-25
2025/05/25 18:47:48.25530873,638,-25
2025/05/25 18:47:48.125719803,637,-26
2025/05/25 18:47:48.229270007,643,-26
2025/05/25 18:47:48.326517292,649,-27
2025/05/25 18:47:48.426402669,655,-28
2025/05/25 18:47:48.525731260,661,-28
2025/05/25 18:47:48.625509253,667,-28
2025/05/25 18:47:48.726616333,671,-28
2025/05/25 18:47:48.826011184,664,-28
2025/05/25 18:47:48.925565293,661,-27
2025/05/25 18:47:49.25579091,663,-26
2025/05/25 18:47:49.125706005,666,-25
2025/05/25 18:47:49.225797644,668,-25
2025/05/25 18:47:49.326107252,670,-24
2025/05/25 18:47:49.425542885,674,-24
2025/05/25 18:47:49.528137835,679,-23
2025/05/25 18:47:49.626936349,683,-23
2025/05/25 18:47:49.725627893,688,-23
2025/05/25 18:47:49.829241781,676,-23
2025/05/25 18:47:49.925787004,678,-23
2025/05/25 18:47:50.25816597,678,-22
2025/05/25 18:47:50.125633453,680,-21
2025/05/25 18:47:50.225573856,682,-21
2025/05/25 18:47:50.325727335,686,-21
2025/05/25 18:47:50.425645502,690,-21
2025/05/25 18:47:50.525433469,693,-21
2025/05/25 18:47:50.626715833,697,-21
2025/05/25 18:47:50.725692601,701,-20
2025/05/25 18:47:50.827988507,704,-20
2025/05/25 18:47:50.927191268,710,-21
2025/05/25 18:47:51.26777697,712,-21
2025/05/25 18:47:51.125597283,714,-21
2025/05/25 18:47:51.226398325,719,-21
2025/05/25 18:47:51.325593623,722,-21
2025/05/25 18:47:51.431068289,725,-21
2025/05/25 18:47:51.525932622,729,-21
2025/05/25 18:47:51.625439603,733,-21
2025/05/25 18:47:51.725542884,736,-21
2025/05/25 18:47:51.829641032,739,-21
2025/05/25 18:47:51.925880300,744,-21
2025/05/25 18:47:52.25534441,746,-21
2025/05/25 18:47:52.125678268,749,-21
2025/05/25 18:47:52.227185900,752,-21
2025/05/25 18:47:52.326560518,755,-21
2025/05/25 18:47:52.425824229,758,-21
2025/05/25 18:47:52.525617761,761,-20
2025/05/25 18:47:52.626455116,764,-20
2025/05/25 18:47:52.727177513,767,-20
2025/05/25 18:47:52.827510468,755,-21
2025/05/25 18:47:52.925964620,759,-21
2025/05/25 18:47:53.25599083,762,-21
2025/05/25 18:47:53.125613780,765,-21
2025/05/25 18:47:53.225707612,767,-21
2025/05/25 18:47:53.327273858,770,-21
2025/05/25 18:47:53.425678853,772,-21
2025/05/25 18:47:53.527464496,775,-21
2025/05/25 18:47:53.625590481,777,-21
2025/05/25 18:47:53.726225194,780,-21
2025/05/25 18:47:53.826512896,773,-21
2025/05/25 18:47:53.926102293,775,-21
2025/05/25 18:47:54.27997941,777,-21
2025/05/25 18:47:54.126933359,779,-20
2025/05/25 18:47:54.226430679,782,-20
2025/05/25 18:47:54.326594646,784,-20
2025/05/25 18:47:54.426696383,786,-20
2025/05/25 18:47:54.527416717,788,-20
2025/05/25 18:47:54.626807792,791,-20
2025/05/25 18:47:54.725528727,792,-20
2025/05/25 18:47:54.825618338,787,-21
2025/05/25 18:47:54.925715916,788,-21
2025/05/25 18:47:55.25677086,790,-21
2025/05/25 18:47:55.126852098,791,-21
2025/05/25 18:47:55.225683155,794,-21
2025/05/25 18:47:55.327812491,795,-21
2025/05/25 18:47:55.425901774,797,-21
2025/05/25 18:47:55.525538497,799,-21
2025/05/25 18:47:55.626977492,801,-21
2025/05/25 18:47:55.725617572,803,-21
2025/05/25 18:47:55.826556810,800,-22
2025/05/25 18:47:55.925745111,803,-22
2025/05/25 18:47:56.27127920,805,-23
2025/05/25 18:47:56.126168587,808,-23
2025/05/25 18:47:56.225513364,809,-23
2025/05/25 18:47:56.325931381,811,-23
2025/05/25 18:47:56.425608329,812,-23
2025/05/25 18:47:56.527172500,814,-23
2025/05/25 18:47:56.626205290,815,-23
2025/05/25 18:47:56.725797891,817,-23
2025/05/25 18:47:56.825656211,807,-23
2025/05/25 18:47:56.925623474,814,-22
2025/05/25 18:47:57.25872733,813,-22
2025/05/25 18:47:57.125580411,814,-21
2025/05/25 18:47:57.225669264,814,-21
2025/05/25 18:47:57.325855333,814,-21
2025/05/25 18:47:57.426325321,816,-20
2025/05/25 18:47:57.526428811,817,-20
2025/05/25 18:47:57.625800644,818,-20
2025/05/25 18:47:57.726003834,819,-20
2025/05/25 18:47:57.825632434,818,-22
2025/05/25 18:47:57.927476906,819,-22
2025/05/25 18:47:58.25614535,820,-23
2025/05/25 18:47:58.125525163,821,-23
2025/05/25 18:47:58.226589443,822,-23
2025/05/25 18:47:58.325782259,822,-24
2025/05/25 18:47:58.428931712,824,-24
2025/05/25 18:47:58.525925117,825,-24
2025/05/25 18:47:58.625591623,826,-24
2025/05/25 18:47:58.725609743,827,-24
2025/05/25 18:47:58.825589031,822,-24
2025/05/25 18:47:58.925615171,820,-23
2025/05/25 18:47:59.26351709,819,-23
2025/05/25 18:47:59.125542234,817,-23
2025/05/25 18:47:59.225865122,816,-23
2025/05/25 18:47:59.325793365,816,-23
2025/05/25 18:47:59.425761407,817,-23
2025/05/25 18:47:59.528541295,818,-23
2025/05/25 18:47:59.625612447,819,-23
2025/05/25 18:47:59.725632603,820,-23
2025/05/25 18:47:59.825712100,815,-23
2025/05/25 18:47:59.925722660,813,-23
2025/05/25 18:48:00.25787023,811,-22
2025/05/25 18:48:00.126015905,810,-22
2025/05/25 18:48:00.225946379,808,-22
2025/05/25 18:48:00.325659507,808,-22
2025/05/25 18:48:00.425538424,809,-22
2025/05/25 18:48:00.525614327,810,-22
2025/05/25 18:48:00.625898988,811,-22
2025/05/25 18:48:00.726460717,812,-22
2025/05/25 18:48:00.825625794,806,-22
2025/05/25 18:48:00.925614534,804,-22
2025/05/25 18:48:01.25574454,803,-22
2025/05/25 18:48:01.125564422,801,-23
2025/05/25 18:48:01.225940791,800,-23
2025/05/25 18:48:01.326138824,799,-23
2025/05/25 18:48:01.425678344,799,-23
2025/05/25 18:48:01.526201526,799,-23
2025/05/25 18:48:01.625575659,799,-23
2025/05/25 18:48:01.725522354,799,-23
2025/05/25 18:48:01.825613425,784,-24
2025/05/25 18:48:01.925588318,783,-24
2025/05/25 18:48:02.25742230,782,-24
2025/05/25 18:48:02.125552323,780,-24
2025/05/25 18:48:02.225832280,778,-25
2025/05/25 18:48:02.325986919,777,-25
2025/05/25 18:48:02.425815965,776,-25
2025/05/25 18:48:02.525774486,775,-25
2025/05/25 18:48:02.625716889,775,-25
2025/05/25 18:48:02.726197353,775,-25
2025/05/25 18:48:02.825738677,760,-27
2025/05/25 18:48:02.925867815,754,-28
2025/05/25 18:48:03.26356230,756,-28
2025/05/25 18:48:03.125653804,756,-29
2025/05/25 18:48:03.225590026,755,-29
2025/05/25 18:48:03.325708922,754,-29
2025/05/25 18:48:03.425627877,754,-30
2025/05/25 18:48:03.525696915,754,-30
2025/05/25 18:48:03.625608806,754,-30
2025/05/25 18:48:03.725606007,755,-30
2025/05/25 18:48:03.825966091,748,-30
2025/05/25 18:48:03.925645976,745,-29
2025/05/25 18:48:04.25690445,744,-29
2025/05/25 18:48:04.125576584,745,-29
2025/05/25 18:48:04.225619744,746,-29
2025/05/25 18:48:04.326107411,747,-29
2025/05/25 18:48:04.425981637,748,-29
2025/05/25 18:48:04.525869593,749,-29
2025/05/25 18:48:04.625810574,750,-29
2025/05/25 18:48:04.725629716,751,-29
2025/05/25 18:48:04.827034325,744,-29
2025/05/25 18:48:04.925691728,742,-29
2025/05/25 18:48:05.25584493,739,-28
2025/05/25 18:48:05.125610900,738,-28
2025/05/25 18:48:05.225699783,739,-28
2025/05/25 18:48:05.325532090,740,-28
2025/05/25 18:48:05.426626102,741,-28
2025/05/25 18:48:05.526255612,742,-28
2025/05/25 18:48:05.625630735,743,-28
2025/05/25 18:48:05.725925830,744,-28
2025/05/25 18:48:05.825600270,737,-28
2025/05/25 18:48:05.925622394,734,-28
2025/05/25 18:48:06.25574659,732,-28
2025/05/25 18:48:06.125523441,733,-28
2025/05/25 18:48:06.225669545,734,-28
2025/05/25 18:48:06.326178114,735,-27
2025/05/25 18:48:06.425616448,736,-27
2025/05/25 18:48:06.525975589,737,-27
2025/05/25 18:48:06.625767594,738,-27
2025/05/25 18:48:06.725719511,739,-27
2025/05/25 18:48:06.825727244,735,-28
2025/05/25 18:48:06.925555971,719,-29
2025/05/25 18:48:07.25743132,721,-29
2025/05/25 18:48:07.125828551,721,-30
2025/05/25 18:48:07.225877078,720,-30
2025/05/25 18:48:07.328742784,720,-30
2025/05/25 18:48:07.425643114,721,-30
2025/05/25 18:48:07.525738785,722,-30
2025/05/25 18:48:07.626120084,723,-30
2025/05/25 18:48:07.726332228,724,-30
2025/05/25 18:48:07.825681628,729,-32
2025/05/25 18:48:07.925683312,695,-34
2025/05/25 18:48:08.25727187,689,-35
2025/05/25 18:48:08.125855112,692,-35
2025/05/25 18:48:08.226477582,695,-36
2025/05/25 18:48:08.328335767,697,-36
2025/05/25 18:48:08.425696939,699,-37
2025/05/25 18:48:08.525943413,701,-38
2025/05/25 18:48:08.625624014,702,-38
2025/05/25 18:48:08.725674234,702,-38
2025/05/25 18:48:08.825907710,694,-38
2025/05/25 18:48:08.926401435,691,-38
2025/05/25 18:48:09.26203465,688,-37
2025/05/25 18:48:09.125609846,688,-37
2025/05/25 18:48:09.225980461,689,-37
2025/05/25 18:48:09.325920689,690,-37
2025/05/25 18:48:09.426145774,691,-37
2025/05/25 18:48:09.526989789,691,-37
2025/05/25 18:48:09.625615721,692,-37
2025/05/25 18:48:09.728714514,693,-37
2025/05/25 18:48:09.825675280,685,-37
2025/05/25 18:48:09.925771782,682,-36
2025/05/25 18:48:10.25818284,679,-36
2025/05/25 18:48:10.125654983,676,-35
2025/05/25 18:48:10.225684550,674,-35
2025/05/25 18:48:10.327175290,674,-35
2025/05/25 18:48:10.425841537,675,-35
2025/05/25 18:48:10.525863796,675,-35
2025/05/25 18:48:10.626262989,676,-35
2025/05/25 18:48:10.726380453,677,-34
2025/05/25 18:48:10.825960481,669,-35
2025/05/25 18:48:10.926410806,666,-35
2025/05/25 18:48:11.26349684,667,-35
2025/05/25 18:48:11.125756557,667,-35
2025/05/25 18:48:11.225736147,668,-35
2025/05/25 18:48:11.327123802,663,-36
2025/05/25 18:48:11.425753863,666,-37
2025/05/25 18:48:11.525869504,668,-38
2025/05/25 18:48:11.625752282,669,-39
2025/05/25 18:48:11.725718620,670,-39
2025/05/25 18:48:11.825732543,670,-39
2025/05/25 18:48:11.926680469,671,-39
2025/05/25 18:48:12.27326890,671,-39
2025/05/25 18:48:12.130693724,672,-39
2025/05/25 18:48:12.225682828,673,-39
2025/05/25 18:48:12.328621193,667,-40
2025/05/25 18:48:12.426035594,663,-41
2025/05/25 18:48:12.525706359,661,-41
2025/05/25 18:48:12.626268452,661,-41
2025/05/25 18:48:12.725958130,661,-41
2025/05/25 18:48:12.825664396,662,-41
2025/05/25 18:48:12.925748705,662,-41
2025/05/25 18:48:13.26280647,663,-41
2025/05/25 18:48:13.125824743,664,-41
2025/05/25 18:48:13.227199957,664,-41
2025/05/25 18:48:13.327188041,655,-41
2025/05/25 18:48:13.426696363,648,-41
2025/05/25 18:48:13.526078149,648,-41
2025/05/25 18:48:13.625734938,649,-41
2025/05/25 18:48:13.725779249,650,-41
2025/05/25 18:48:13.825879188,650,-41
2025/05/25 18:48:13.925653106,651,-41
2025/05/25 18:48:14.26506209,651,-41
2025/05/25 18:48:14.125798314,652,-41
2025/05/25 18:48:14.226519708,652,-41
2025/05/25 18:48:14.325796910,653,-41
2025/05/25 18:48:14.425683569,645,-41
2025/05/25 18:48:14.525824533,641,-40
2025/05/25 18:48:14.626124130,639,-40
2025/05/25 18:48:14.729276218,639,-40
2025/05/25 18:48:14.827660766,640,-40
2025/05/25 18:48:14.925899514,640,-40
2025/05/25 18:48:15.26888213,641,-40
2025/05/25 18:48:15.125703614,641,-40
2025/05/25 18:48:15.225681728,642,-40
2025/05/25 18:48:15.328951311,642,-40
2025/05/25 18:48:15.426139356,636,-40
2025/05/25 18:48:15.526176843,635,-41
2025/05/25 18:48:15.625849355,635,-41
2025/05/25 18:48:15.725853987,635,-41
2025/05/25 18:48:15.825735450,636,-41
2025/05/25 18:48:15.926986070,636,-41
2025/05/25 18:48:16.27271161,637,-41
2025/05/25 18:48:16.126323738,637,-41
2025/05/25 18:48:16.225674412,638,-41
2025/05/25 18:48:16.326917461,638,-41
2025/05/25 18:48:16.425946820,632,-42
2025/05/25 18:48:16.525884962,632,-43
2025/05/25 18:48:16.628685660,630,-43
2025/05/25 18:48:16.725677075,630,-43
2025/05/25 18:48:16.826321143,630,-43
2025/05/25 18:48:16.926081326,630,-43
2025/05/25 18:48:17.26275882,631,-43
2025/05/25 18:48:17.127044687,631,-43
2025/05/25 18:48:17.225791233,632,-43
2025/05/25 18:48:17.327583659,632,-43
2025/05/25 18:48:17.426036243,630,-44
2025/05/25 18:48:17.525688321,629,-45
2025/05/25 18:48:17.628111086,633,-46
2025/05/25 18:48:17.725742326,635,-46
2025/05/25 18:48:17.830530789,635,-47
2025/05/25 18:48:17.930152311,635,-47
2025/05/25 18:48:18.31402174,635,-47
2025/05/25 18:48:18.126897668,635,-47
2025/05/25 18:48:18.226100723,636,-47
2025/05/25 18:48:18.326087635,636,-47
2025/05/25 18:48:18.426675236,634,-48
2025/05/25 18:48:18.526781005,638,-48
2025/05/25 18:48:18.625611910,638,-48
2025/05/25 18:48:18.727444181,638,-48
2025/05/25 18:48:18.826290117,639,-48
2025/05/25 18:48:18.926882844,639,-48
2025/05/25 18:48:19.25662336,639,-48
2025/05/25 18:48:19.125721628,640,-48
2025/05/25 18:48:19.226514756,640,-48
2025/05/25 18:48:19.325768020,640,-48
2025/05/25 18:48:19.426279147,631,-48
2025/05/25 18:48:19.526180169,629,-48
2025/05/25 18:48:19.626016363,629,-48
2025/05/25 18:48:19.729218062,630,-48
2025/05/25 18:48:19.825663638,630,-48
2025/05/25 18:48:19.925985033,630,-48
2025/05/25 18:48:20.25764902,631,-48
2025/05/25 18:48:20.125875989,631,-48
2025/05/25 18:48:20.227037587,631,-48
2025/05/25 18:48:20.325867891,632,-48
2025/05/25 18:48:20.425672144,623,-48
2025/05/25 18:48:20.525815985,618,-47
2025/05/25 18:48:20.627046789,614,-47
2025/05/25 18:48:20.726588999,615,-47
2025/05/25 18:48:20.826211269,615,-47
2025/05/25 18:48:20.925670850,616,-47
2025/05/25 18:48:21.25743051,616,-46
2025/05/25 18:48:21.125970124,616,-46
2025/05/25 18:48:21.225984614,616,-46
2025/05/25 18:48:21.326135212,617,-46
2025/05/25 18:48:21.426516949,607,-46
2025/05/25 18:48:21.525981549,602,-46
2025/05/25 18:48:21.626062187,596,-46
2025/05/25 18:48:21.725711670,596,-46
2025/05/25 18:48:21.825750885,596,-46
2025/05/25 18:48:21.925678466,597,-46
2025/05/25 18:48:22.25711913,597,-46
2025/05/25 18:48:22.125913195,597,-46
2025/05/25 18:48:22.225668776,597,-46
2025/05/25 18:48:22.326640433,588,-46
2025/05/25 18:48:22.425923793,578,-46
2025/05/25 18:48:22.525793951,572,-45
2025/05/25 18:48:22.625741552,572,-45
2025/05/25 18:48:22.725823317,572,-45
2025/05/25 18:48:22.826509083,572,-45
2025/05/25 18:48:22.925673260,572,-45
2025/05/25 18:48:23.25743734,573,-45
2025/05/25 18:48:23.125748559,573,-45
2025/05/25 18:48:23.227060545,573,-45
2025/05/25 18:48:23.325930584,573,-45
2025/05/25 18:48:23.426407736,572,-46
2025/05/25 18:48:23.525836808,574,-47
2025/05/25 18:48:23.625800940,575,-48
2025/05/25 18:48:23.725694687,574,-49
2025/05/25 18:48:23.827650382,574,-49
2025/05/25 18:48:23.925788316,574,-49
2025/05/25 18:48:24.26725110,574,-49
2025/05/25 18:48:24.127448171,575,-49
2025/05/25 18:48:24.225806141,575,-49
2025/05/25 18:48:24.325815234,575,-49
2025/05/25 18:48:24.426437320,566,-48
2025/05/25 18:48:24.526221745,564,-48
2025/05/25 18:48:24.626322222,564,-48
2025/05/25 18:48:24.725777922,565,-48
2025/05/25 18:48:24.825872480,565,-48
2025/05/25 18:48:24.925791936,565,-48
2025/05/25 18:48:25.25815479,565,-48
2025/05/25 18:48:25.125719003,566,-48
2025/05/25 18:48:25.225670305,566,-48
2025/05/25 18:48:25.325835526,566,-48
2025/05/25 18:48:25.426864691,566,-49
2025/05/25 18:48:25.525990682,571,-50
2025/05/25 18:48:25.626422768,574,-50
2025/05/25 18:48:25.728437200,574,-50
2025/05/25 18:48:25.825704264,573,-50
2025/05/25 18:48:25.925664566,574,-50
2025/05/25 18:48:26.25869210,574,-50
2025/05/25 18:48:26.125881595,574,-50
2025/05/25 18:48:26.225817362,574,-50
2025/05/25 18:48:26.326396814,574,-50
2025/05/25 18:48:26.425665324,574,-51
2025/05/25 18:48:26.525924401,574,-51
2025/05/25 18:48:26.626553300,574,-51
2025/05/25 18:48:26.726515799,574,-51
2025/05/25 18:48:26.825741781,574,-51
2025/05/25 18:48:26.925844910,574,-51
2025/05/25 18:48:27.26005200,574,-51
2025/05/25 18:48:27.125806916,574,-51
2025/05/25 18:48:27.225857728,574,-51
2025/05/25 18:48:27.326457631,575,-51
2025/05/25 18:48:27.425783531,566,-51
2025/05/25 18:48:27.525804492,566,-51
2025/05/25 18:48:27.626758693,567,-51
2025/05/25 18:48:27.726038778,567,-51
2025/05/25 18:48:27.826134609,567,-51
2025/05/25 18:48:27.926567999,567,-51
2025/05/25 18:48:28.26003429,567,-51
2025/05/25 18:48:28.126633440,568,-51
2025/05/25 18:48:28.225818099,567,-51
2025/05/25 18:48:28.326232158,567,-51
2025/05/25 18:48:28.425748302,565,-52
2025/05/25 18:48:28.526675945,568,-52
2025/05/25 18:48:28.627002525,572,-53
2025/05/25 18:48:28.726241759,576,-54
2025/05/25 18:48:28.827153617,579,-54
2025/05/25 18:48:28.926576668,579,-55
2025/05/25 18:48:29.26020352,579,-55
2025/05/25 18:48:29.126320169,580,-55
2025/05/25 18:48:29.225740893,580,-55
2025/05/25 18:48:29.326764185,580,-55
2025/05/25 18:48:29.425815130,576,-56
2025/05/25 18:48:29.526207240,581,-56
2025/05/25 18:48:29.628819948,586,-57
2025/05/25 18:48:29.725785830,589,-57
2025/05/25 18:48:29.827605652,590,-58
2025/05/25 18:48:29.926344003,590,-58
2025/05/25 18:48:30.26783139,590,-58
2025/05/25 18:48:30.125885218,590,-58
2025/05/25 18:48:30.226062751,591,-57
2025/05/25 18:48:30.325844156,591,-57
2025/05/25 18:48:30.426704818,581,-57
2025/05/25 18:48:30.525761730,576,-57
2025/05/25 18:48:30.625767865,571,-56
2025/05/25 18:48:30.726500472,566,-56
2025/05/25 18:48:30.825880585,562,-55
2025/05/25 18:48:30.925967223,560,-54
2025/05/25 18:48:31.27635364,560,-54
2025/05/25 18:48:31.125885479,560,-54
2025/05/25 18:48:31.225740853,561,-54
2025/05/25 18:48:31.327830832,561,-54
2025/05/25 18:48:31.425957782,557,-54
2025/05/25 18:48:31.525873784,556,-54
2025/05/25 18:48:31.626951274,556,-54
2025/05/25 18:48:31.725769121,557,-54
2025/05/25 18:48:31.826757853,557,-54
2025/05/25 18:48:31.926163782,557,-54
2025/05/25 18:48:32.27120309,557,-54
2025/05/25 18:48:32.126696975,557,-54
2025/05/25 18:48:32.225985602,557,-54
2025/05/25 18:48:32.326280807,557,-54
2025/05/25 18:48:32.425793304,563,-56
2025/05/25 18:48:32.525760803,564,-56
2025/05/25 18:48:32.626482588,564,-56
2025/05/25 18:48:32.726084767,564,-56
2025/05/25 18:48:32.825969791,564,-56
2025/05/25 18:48:32.926896363,564,-56
2025/05/25 18:48:33.25860554,564,-56
2025/05/25 18:48:33.126485487,564,-56
2025/05/25 18:48:33.226911214,564,-56
2025/05/25 18:48:33.326872952,564,-56
2025/05/25 18:48:33.426206770,560,-57
2025/05/25 18:48:33.526619192,563,-58
2025/05/25 18:48:33.628200755,566,-58
2025/05/25 18:48:33.725802630,567,-59
2025/05/25 18:48:33.826292558,566,-60
2025/05/25 18:48:33.925899774,565,-60
2025/05/25 18:48:34.26593072,565,-60
2025/05/25 18:48:34.128754507,565,-60
2025/05/25 18:48:34.225793398,556,-60
2025/05/25 18:48:34.326163867,547,-59
2025/05/25 18:48:34.426879811,544,-59
2025/05/25 18:48:34.526322737,545,-59
2025/05/25 18:48:34.629109126,545,-59
2025/05/25 18:48:34.725829887,545,-59
2025/05/25 18:48:34.825749264,545,-59
2025/05/25 18:48:34.925744196,545,-59
2025/05/25 18:48:35.25785707,545,-59
2025/05/25 18:48:35.126094526,545,-59
2025/05/25 18:48:35.226329176,536,-59
2025/05/25 18:48:35.327728246,529,-58
2025/05/25 18:48:35.425950310,523,-58
2025/05/25 18:48:35.526402100,518,-57
2025/05/25 18:48:35.625927443,518,-57
2025/05/25 18:48:35.725872870,518,-57
2025/05/25 18:48:35.826039183,518,-57
2025/05/25 18:48:35.927003135,518,-57
2025/05/25 18:48:36.26004824,518,-57
2025/05/25 18:48:36.127196466,518,-57
2025/05/25 18:48:36.225846316,509,-57
2025/05/25 18:48:36.326710767,503,-56
2025/05/25 18:48:36.425813439,497,-56
2025/05/25 18:48:36.525987427,491,-55
2025/05/25 18:48:36.626571997,487,-54
2025/05/25 18:48:36.725702885,488,-54
2025/05/25 18:48:36.826041974,487,-54
2025/05/25 18:48:36.926614184,488,-54
2025/05/25 18:48:37.30163665,488,-54
2025/05/25 18:48:37.126520604,487,-54
2025/05/25 18:48:37.226125737,514,-54
2025/05/25 18:48:37.326935206,503,-56
2025/05/25 18:48:37.426337071,507,-57
2025/05/25 18:48:37.526698754,511,-58
2025/05/25 18:48:37.625834053,514,-59
2025/05/25 18:48:37.729879642,515,-59
2025/05/25 18:48:37.825786560,515,-60
2025/05/25 18:48:37.925739053,515,-60
2025/05/25 18:48:38.25789242,515,-60
2025/05/25 18:48:38.125981053,515,-60
2025/05/25 18:48:38.226045115,520,-60
2025/05/25 18:48:38.329517996,525,-60
2025/05/25 18:48:38.425798465,525,-60
2025/05/25 18:48:38.527317634,525,-60
2025/05/25 18:48:38.628269234,525,-60
2025/05/25 18:48:38.727406557,525,-60
2025/05/25 18:48:38.826004050,525,-60
2025/05/25 18:48:38.926907875,525,-60
2025/05/25 18:48:39.27568941,525,-60
2025/05/25 18:48:39.126212327,525,-60
2025/05/25 18:48:39.225895138,517,-60
2025/05/25 18:48:39.328329598,513,-60
2025/05/25 18:48:39.425896527,513,-60
2025/05/25 18:48:39.525863705,513,-60
2025/05/25 18:48:39.629869597,513,-59
2025/05/25 18:48:39.725895667,513,-59
2025/05/25 18:48:39.825949252,513,-59
2025/05/25 18:48:39.926912678,513,-59
2025/05/25 18:48:40.30019751,513,-59
2025/05/25 18:48:40.126429345,513,-59
2025/05/25 18:48:40.225976702,525,-60
2025/05/25 18:48:40.327296425,523,-61
2025/05/25 18:48:40.426034575,528,-62
2025/05/25 18:48:40.525811676,532,-63
2025/05/25 18:48:40.629581899,536,-63
2025/05/25 18:48:40.725874428,540,-64
2025/05/25 18:48:40.825815685,543,-65
2025/05/25 18:48:40.925844125,543,-65
2025/05/25 18:48:41.26386907,543,-65
2025/05/25 18:48:41.126212818,543,-65
2025/05/25 18:48:41.230838826,534,-65
2025/05/25 18:48:41.326812610,525,-65
2025/05/25 18:48:41.425898899,519,-64
2025/05/25 18:48:41.525926444,514,-63
2025/05/25 18:48:41.627253273,513,-63
2025/05/25 18:48:41.725843301,513,-63
2025/05/25 18:48:41.825763820,513,-63
2025/05/25 18:48:41.927218965,513,-63
2025/05/25 18:48:42.25800431,513,-63
2025/05/25 18:48:42.125866273,513,-63
2025/05/25 18:48:42.227177094,504,-62
2025/05/25 18:48:42.327749373,497,-62
2025/05/25 18:48:42.426033441,490,-62
2025/05/25 18:48:42.526062924,484,-61
2025/05/25 18:48:42.625819444,478,-60
2025/05/25 18:48:42.726126107,472,-60
2025/05/25 18:48:42.825835785,466,-59
2025/05/25 18:48:42.926357884,466,-59
2025/05/25 18:48:43.27251590,466,-59
2025/05/25 18:48:43.125891872,466,-59
2025/05/25 18:48:43.225865241,483,-59
2025/05/25 18:48:43.325992203,487,-60
2025/05/25 18:48:43.425837481,491,-61
2025/05/25 18:48:43.525805083,493,-62
2025/05/25 18:48:43.627573290,494,-62
2025/05/25 18:48:43.725864311,494,-62
2025/05/25 18:48:43.826792589,494,-62
2025/05/25 18:48:43.928540793,494,-62
2025/05/25 18:48:44.25863372,494,-62
2025/05/25 18:48:44.125781323,493,-62
2025/05/25 18:48:44.226044309,487,-63
2025/05/25 18:48:44.325950496,485,-63
2025/05/25 18:48:44.427690458,485,-63
2025/05/25 18:48:44.525797685,485,-63
2025/05/25 18:48:44.627602744,485,-63
2025/05/25 18:48:44.726317296,485,-63
2025/05/25 18:48:44.825802090,485,-63
2025/05/25 18:48:44.925712358,485,-63
2025/05/25 18:48:45.25746466,485,-63
2025/05/25 18:48:45.125821256,485,-63
2025/05/25 18:48:45.225830119,491,-63
2025/05/25 18:48:45.329672199,500,-64
2025/05/25 18:48:45.425803393,504,-65
2025/05/25 18:48:45.526457237,507,-66
2025/05/25 18:48:45.625836553,507,-66
2025/05/25 18:48:45.726970206,507,-66
2025/05/25 18:48:45.825830486,507,-66
2025/05/25 18:48:45.926192003,507,-66
2025/05/25 18:48:46.25853522,506,-66
2025/05/25 18:48:46.126965449,506,-66
2025/05/25 18:48:46.226806889,498,-66
2025/05/25 18:48:46.326157066,490,-65
2025/05/25 18:48:46.426574039,485,-65
2025/05/25 18:48:46.525880362,482,-64
2025/05/25 18:48:46.625803541,482,-64
2025/05/25 18:48:46.725879316,482,-64
2025/05/25 18:48:46.826666366,482,-64
2025/05/25 18:48:46.926047406,482,-64
2025/05/25 18:48:47.25867210,482,-64
2025/05/25 18:48:47.126080408,481,-64
2025/05/25 18:48:47.225902287,497,-63
2025/05/25 18:48:47.326146392,494,-65
2025/05/25 18:48:47.425927822,500,-65
2025/05/25 18:48:47.525961209,505,-66
2025/05/25 18:48:47.625974501,509,-67
2025/05/25 18:48:47.727712058,512,-67
2025/05/25 18:48:47.825929626,513,-67
2025/05/25 18:48:47.925793877,513,-67
2025/05/25 18:48:48.26284120,513,-67
2025/05/25 18:48:48.126797280,512,-67
2025/05/25 18:48:48.225879090,512,-67
2025/05/25 18:48:48.325833706,507,-67
2025/05/25 18:48:48.425738626,507,-67
2025/05/25 18:48:48.525912916,507,-67
2025/05/25 18:48:48.629390815,507,-67
2025/05/25 18:48:48.726326884,507,-67
2025/05/25 18:48:48.826789251,506,-67
2025/05/25 18:48:48.925993042,506,-67
2025/05/25 18:48:49.26133202,506,-67
2025/05/25 18:48:49.125972864,506,-67
2025/05/25 18:48:49.226912888,496,-67
2025/05/25 18:48:49.326879985,489,-67
2025/05/25 18:48:49.426023909,489,-67
2025/05/25 18:48:49.525932046,489,-67
2025/05/25 18:48:49.626395760,489,-67
2025/05/25 18:48:49.726105240,489,-67
2025/05/25 18:48:49.825848573,489,-67
2025/05/25 18:48:49.925860009,489,-67
2025/05/25 18:48:50.26012457,489,-67
2025/05/25 18:48:50.125864191,489,-67
2025/05/25 18:48:50.227108228,489,-67
2025/05/25 18:48:50.326978231,488,-67
2025/05/25 18:48:50.425860066,488,-67
2025/05/25 18:48:50.528625109,488,-67
2025/05/25 18:48:50.626133755,488,-67
2025/05/25 18:48:50.728575842,488,-67
2025/05/25 18:48:50.826259588,488,-67
2025/05/25 18:48:50.925832835,488,-67
2025/05/25 18:48:51.26995208,487,-67
2025/05/25 18:48:51.126322263,487,-67
2025/05/25 18:48:51.225933086,487,-67
2025/05/25 18:48:51.326326581,482,-68
2025/05/25 18:48:51.426107223,482,-68
2025/05/25 18:48:51.526044463,482,-68
2025/05/25 18:48:51.625968928,482,-68
2025/05/25 18:48:51.727563865,482,-68
2025/05/25 18:48:51.826013642,482,-68
2025/05/25 18:48:51.927036586,482,-68
2025/05/25 18:48:52.25823775,482,-68
2025/05/25 18:48:52.126166012,482,-68
2025/05/25 18:48:52.226193360,482,-68
2025/05/25 18:48:52.326083971,472,-68
2025/05/25 18:48:52.425940168,464,-68
2025/05/25 18:48:52.525868549,463,-68
2025/05/25 18:48:52.626670912,463,-68
2025/05/25 18:48:52.726325534,463,-68
2025/05/25 18:48:52.825821879,463,-68
2025/05/25 18:48:52.926304373,463,-68
2025/05/25 18:48:53.26706572,463,-68
2025/05/25 18:48:53.129073533,463,-68
2025/05/25 18:48:53.227762547,463,-68
2025/05/25 18:48:53.326329445,470,-68
2025/05/25 18:48:53.425916562,474,-68
2025/05/25 18:48:53.526582625,474,-68
2025/05/25 18:48:53.626305887,473,-68
2025/05/25 18:48:53.726334360,473,-68
2025/05/25 18:48:53.826891254,473,-68
2025/05/25 18:48:53.926021749,473,-68
2025/05/25 18:48:54.26832635,473,-68
2025/05/25 18:48:54.126079367,473,-68
2025/05/25 18:48:54.225922834,473,-68
2025/05/25 18:48:54.329068597,479,-69
2025/05/25 18:48:54.428893709,484,-69
2025/05/25 18:48:54.525960904,486,-70
2025/05/25 18:48:54.626067867,486,-70
2025/05/25 18:48:54.726099445,486,-70
2025/05/25 18:48:54.825990522,485,-70
2025/05/25 18:48:54.925941230,485,-70
2025/05/25 18:48:55.26074884,485,-70
2025/05/25 18:48:55.125928549,485,-70
2025/05/25 18:48:55.225932882,485,-70
2025/05/25 18:48:55.327568835,480,-70
2025/05/25 18:48:55.425939589,480,-70
2025/05/25 18:48:55.526036895,480,-70
2025/05/25 18:48:55.626674156,480,-69
2025/05/25 18:48:55.728636080,480,-69
2025/05/25 18:48:55.826823382,480,-69
2025/05/25 18:48:55.928789051,480,-69
2025/05/25 18:48:56.26587958,479,-69
2025/05/25 18:48:56.126423640,479,-69
2025/05/25 18:48:56.226139503,479,-69
2025/05/25 18:48:56.327099106,491,-69
2025/05/25 18:48:56.426248527,492,-69
2025/05/25 18:48:56.528597429,492,-69
2025/05/25 18:48:56.625934894,491,-69
2025/05/25 18:48:56.726021065,491,-69
2025/05/25 18:48:56.825976401,491,-69
2025/05/25 18:48:56.925893514,491,-69
2025/05/25 18:48:57.27995379,491,-69
2025/05/25 18:48:57.127148800,491,-69
2025/05/25 18:48:57.227964576,491,-69
2025/05/25 18:48:57.328044306,482,-69
2025/05/25 18:48:57.427062642,479,-69
2025/05/25 18:48:57.525905421,479,-69
2025/05/25 18:48:57.626020654,479,-69
2025/05/25 18:48:57.728758701,479,-69
2025/05/25 18:48:57.826007943,479,-69
2025/05/25 18:48:57.927679980,485,-69
2025/05/25 18:48:58.25895949,491,-69
2025/05/25 18:48:58.126203852,494,-70
2025/05/25 18:48:58.225982259,494,-70
2025/05/25 18:48:58.328343298,494,-70
2025/05/25 18:48:58.426608318,494,-70
2025/05/25 18:48:58.525948281,494,-70
2025/05/25 18:48:58.628277150,493,-70
2025/05/25 18:48:58.725957164,493,-70
2025/05/25 18:48:58.829626200,493,-70
2025/05/25 18:48:58.929699316,484,-70
2025/05/25 18:48:59.27061812,477,-69
2025/05/25 18:48:59.126730573,474,-69
2025/05/25 18:48:59.226082364,474,-69
2025/05/25 18:48:59.327334480,474,-69
2025/05/25 18:48:59.426864840,474,-69
2025/05/25 18:48:59.525936068,473,-69
2025/05/25 18:48:59.626010258,473,-69
2025/05/25 18:48:59.727142386,473,-69
2025/05/25 18:48:59.827311159,473,-69
2025/05/25 18:48:59.925837353,464,-69
2025/05/25 18:49:00.26347329,457,-69
2025/05/25 18:49:00.125934031,451,-68
2025/05/25 18:49:00.226056939,451,-68
2025/05/25 18:49:00.329340847,451,-68
2025/05/25 18:49:00.425751383,451,-68
2025/05/25 18:49:00.525963917,451,-68
2025/05/25 18:49:00.626030740,451,-68
2025/05/25 18:49:00.726197546,450,-68
2025/05/25 18:49:00.826875484,450,-68
2025/05/25 18:49:00.926968696,464,-67
2025/05/25 18:49:01.28982569,474,-68
2025/05/25 18:49:01.126206344,477,-69
2025/05/25 18:49:01.226468550,478,-70
2025/05/25 18:49:01.327241796,478,-70
2025/05/25 18:49:01.425962528,478,-70
2025/05/25 18:49:01.525946339,478,-70
2025/05/25 18:49:01.626164200,477,-70
2025/05/25 18:49:01.726081039,477,-70
2025/05/25 18:49:01.826033414,477,-70
2025/05/25 18:49:01.925942847,484,-70
2025/05/25 18:49:02.25928933,484,-70
2025/05/25 18:49:02.126089603,484,-70
2025/05/25 18:49:02.226009814,484,-70
2025/05/25 18:49:02.329120958,483,-70
2025/05/25 18:49:02.425912629,483,-70
2025/05/25 18:49:02.526000898,483,-70
2025/05/25 18:49:02.626021437,483,-70
2025/05/25 18:49:02.726030239,483,-70
2025/05/25 18:49:02.826048243,483,-70
2025/05/25 18:49:02.927685922,474,-70
2025/05/25 18:49:03.26000290,467,-69
2025/05/25 18:49:03.125985585,466,-69
2025/05/25 18:49:03.225879029,466,-69
2025/05/25 18:49:03.326951819,466,-69
2025/05/25 18:49:03.426179297,466,-69
2025/05/25 18:49:03.526687477,465,-69
2025/05/25 18:49:03.626178126,465,-69
2025/05/25 18:49:03.728690253,465,-69
2025/05/25 18:49:03.826775958,465,-69
2025/05/25 18:49:03.925887507,464,-68
2025/05/25 18:49:04.26134430,464,-68
2025/05/25 18:49:04.126007272,464,-68
2025/05/25 18:49:04.226243699,464,-68
2025/05/25 18:49:04.329415597,464,-68
2025/05/25 18:49:04.426092816,464,-68
2025/05/25 18:49:04.528360006,464,-68
2025/05/25 18:49:04.627550573,464,-68
2025/05/25 18:49:04.726094221,464,-68
2025/05/25 18:49:04.826153471,464,-68
2025/05/25 18:49:04.927667355,472,-68
2025/05/25 18:49:05.26200689,478,-69
2025/05/25 18:49:05.127339055,485,-71
2025/05/25 18:49:05.226082693,489,-71
2025/05/25 18:49:05.326075190,494,-71
2025/05/25 18:49:05.426030487,500,-71
2025/05/25 18:49:05.526171600,504,-71
2025/05/25 18:49:05.627069581,508,-72
2025/05/25 18:49:05.726612273,510,-73
2025/05/25 18:49:05.825985875,513,-74
2025/05/25 18:49:05.925995686,520,-75
2025/05/25 18:49:06.25952734,523,-76
2025/05/25 18:49:06.126041455,525,-77
2025/05/25 18:49:06.226107414,528,-78
2025/05/25 18:49:06.326285218,531,-79
2025/05/25 18:49:06.426198684,534,-79
2025/05/25 18:49:06.526193765,538,-80
2025/05/25 18:49:06.626484888,542,-81
2025/05/25 18:49:06.726160310,545,-82
2025/05/25 18:49:06.826091686,549,-83
2025/05/25 18:49:06.927623523,552,-83
2025/05/25 18:49:07.25932422,555,-84
2025/05/25 18:49:07.125952106,557,-85
2025/05/25 18:49:07.226178175,560,-85
2025/05/25 18:49:07.326559934,562,-86
2025/05/25 18:49:07.426947349,565,-86
2025/05/25 18:49:07.527123355,567,-86
2025/05/25 18:49:07.626934454,570,-86
2025/05/25 18:49:07.728162217,573,-86
2025/05/25 18:49:07.826096752,576,-86
2025/05/25 18:49:07.926572725,589,-85
2025/05/25 18:49:08.25969104,599,-85
2025/05/25 18:49:08.126022378,602,-86
2025/05/25 18:49:08.226032047,605,-86
2025/05/25 18:49:08.328085957,609,-86
2025/05/25 18:49:08.426792164,613,-86
2025/05/25 18:49:08.526095112,616,-86
2025/05/25 18:49:08.626383992,620,-86
2025/05/25 18:49:08.725974280,624,-86
2025/05/25 18:49:08.826211334,628,-86
2025/05/25 18:49:08.926078236,638,-86
2025/05/25 18:49:09.26669428,644,-86
2025/05/25 18:49:09.126037827,649,-85
2025/05/25 18:49:09.226618751,653,-85
2025/05/25 18:49:09.326246722,657,-85
2025/05/25 18:49:09.426833966,661,-85
2025/05/25 18:49:09.526082210,666,-85
2025/05/25 18:49:09.626188700,671,-85
2025/05/25 18:49:09.726097515,675,-85
2025/05/25 18:49:09.826170329,680,-85
2025/05/25 18:49:09.926012380,673,-85
2025/05/25 18:49:10.28333807,674,-85
2025/05/25 18:49:10.127173749,679,-85
2025/05/25 18:49:10.225915296,684,-85
2025/05/25 18:49:10.326077688,689,-85
2025/05/25 18:49:10.426058636,691,-85
2025/05/25 18:49:10.525986248,692,-85
2025/05/25 18:49:10.626480436,691,-84
2025/05/25 18:49:10.726021225,690,-84
2025/05/25 18:49:10.826588882,689,-84
2025/05/25 18:49:10.926302714,681,-84
2025/05/25 18:49:11.26464782,674,-84
2025/05/25 18:49:11.126012522,668,-84
2025/05/25 18:49:11.226196868,662,-84
2025/05/25 18:49:11.326461174,657,-83
2025/05/25 18:49:11.427154090,655,-83
2025/05/25 18:49:11.527212686,656,-83
2025/05/25 18:49:11.626253221,656,-83
2025/05/25 18:49:11.726888890,658,-83
2025/05/25 18:49:11.826068642,658,-83
2025/05/25 18:49:11.925979283,650,-82
2025/05/25 18:49:12.28218007,646,-82
2025/05/25 18:49:12.126147908,643,-82
2025/05/25 18:49:12.226428062,641,-82
2025/05/25 18:49:12.326458464,643,-81
2025/05/25 18:49:12.426171627,646,-81
2025/05/25 18:49:12.526038174,649,-81
2025/05/25 18:49:12.626006196,652,-81
2025/05/25 18:49:12.726053385,655,-81
2025/05/25 18:49:12.825927187,659,-81
2025/05/25 18:49:12.927585133,651,-80
2025/05/25 18:49:13.26817915,655,-80
2025/05/25 18:49:13.126508934,659,-80
2025/05/25 18:49:13.227755495,662,-80
2025/05/25 18:49:13.327063892,666,-80
2025/05/25 18:49:13.426522477,671,-80
2025/05/25 18:49:13.526084394,675,-80
2025/05/25 18:49:13.626978324,679,-79
2025/05/25 18:49:13.726170678,683,-79
2025/05/25 18:49:13.826248054,687,-79
2025/05/25 18:49:13.926375403,693,-79
2025/05/25 18:49:14.29060867,699,-79
2025/05/25 18:49:14.126175092,704,-79
2025/05/25 18:49:14.226081528,708,-79
2025/05/25 18:49:14.328119136,712,-78
2025/05/25 18:49:14.426368100,716,-78
2025/05/25 18:49:14.526351943,721,-78
2025/05/25 18:49:14.627719587,725,-78
2025/05/25 18:49:14.726414805,729,-78
2025/05/25 18:49:14.826087688,733,-78
2025/05/25 18:49:14.926058016,726,-78
2025/05/25 18:49:15.27304412,725,-78
2025/05/25 18:49:15.126160103,728,-78
2025/05/25 18:49:15.228139256,732,-78
2025/05/25 18:49:15.326055083,736,-77
2025/05/25 18:49:15.438344980,740,-77
2025/05/25 18:49:15.525999937,744,-77
2025/05/25 18:49:15.626256433,748,-77
2025/05/25 18:49:15.726743218,752,-77
2025/05/25 18:49:15.826242264,756,-77
2025/05/25 18:49:15.925985595,748,-77
2025/05/25 18:49:16.26318358,747,-77
2025/05/25 18:49:16.126480642,747,-77
2025/05/25 18:49:16.227567830,746,-77
2025/05/25 18:49:16.326208923,745,-76
2025/05/25 18:49:16.426101895,745,-76
2025/05/25 18:49:16.526148490,744,-76
2025/05/25 18:49:16.627884156,744,-76
2025/05/25 18:49:16.726025104,747,-76
2025/05/25 18:49:16.826957071,751,-76
2025/05/25 18:49:16.927005940,751,-75
2025/05/25 18:49:17.26174295,756,-75
2025/05/25 18:49:17.129655553,759,-75
2025/05/25 18:49:17.227169421,763,-75
2025/05/25 18:49:17.326330584,767,-75
2025/05/25 18:49:17.426594129,770,-75
2025/05/25 18:49:17.526359798,773,-75
2025/05/25 18:49:17.627926199,777,-75
2025/05/25 18:49:17.728246960,780,-75
2025/05/25 18:49:17.827321698,783,-75
2025/05/25 18:49:17.926488311,785,-75
2025/05/25 18:49:18.27346774,790,-74
2025/05/25 18:49:18.128101837,795,-74
2025/05/25 18:49:18.226327656,800,-74
2025/05/25 18:49:18.326474377,803,-74
2025/05/25 18:49:18.427488966,806,-74
2025/05/25 18:49:18.527886958,808,-74
2025/05/25 18:49:18.626210509,811,-74
2025/05/25 18:49:18.726099365,813,-74
2025/05/25 18:49:18.826215649,815,-74
2025/05/25 18:49:18.926303091,816,-74
2025/05/25 18:49:19.26212154,820,-74
2025/05/25 18:49:19.129363042,824,-74
2025/05/25 18:49:19.226092894,828,-74
2025/05/25 18:49:19.328488283,831,-74
2025/05/25 18:49:19.426024418,834,-74
2025/05/25 18:49:19.526081397,836,-74
2025/05/25 18:49:19.626644780,838,-74
2025/05/25 18:49:19.726157220,839,-74
2025/05/25 18:49:19.827259142,841,-74
2025/05/25 18:49:19.926105831,836,-74
2025/05/25 18:49:20.26140813,836,-74
2025/05/25 18:49:20.126058999,838,-74
2025/05/25 18:49:20.226448703,840,-74
2025/05/25 18:49:20.328238924,841,-74
2025/05/25 18:49:20.426064748,843,-74
2025/05/25 18:49:20.527756681,844,-74
2025/05/25 18:49:20.626895836,846,-74
2025/05/25 18:49:20.726605710,847,-74
2025/05/25 18:49:20.827281728,849,-74
2025/05/25 18:49:20.926181385,844,-74
2025/05/25 18:49:21.26156667,843,-74
2025/05/25 18:49:21.127788269,842,-74
2025/05/25 18:49:21.228955271,841,-74
2025/05/25 18:49:21.326804696,840,-73
2025/05/25 18:49:21.426663693,839,-73
2025/05/25 18:49:21.527236904,839,-73
2025/05/25 18:49:21.626681005,840,-73
2025/05/25 18:49:21.726640524,842,-73
2025/05/25 18:49:21.826623609,843,-73
2025/05/25 18:49:21.927458031,839,-73
2025/05/25 18:49:22.26325931,837,-73
2025/05/25 18:49:22.126256677,836,-73
2025/05/25 18:49:22.230451094,838,-73
2025/05/25 18:49:22.327362149,839,-73
2025/05/25 18:49:22.426089931,841,-73
2025/05/25 18:49:22.526317675,842,-73
2025/05/25 18:49:22.627808085,844,-73
2025/05/25 18:49:22.726173782,845,-73
2025/05/25 18:49:22.826410487,846,-73
2025/05/25 18:49:22.927710702,848,-73
2025/05/25 18:49:23.26077088,850,-73
2025/05/25 18:49:23.128021625,852,-73
2025/05/25 18:49:23.226599430,853,-73
2025/05/25 18:49:23.327034641,854,-73
2025/05/25 18:49:23.427280260,855,-73
2025/05/25 18:49:23.526008411,856,-73
2025/05/25 18:49:23.626625113,857,-73
2025/05/25 18:49:23.726123335,858,-73
2025/05/25 18:49:23.826459111,859,-73
2025/05/25 18:49:23.926129001,855,-73
2025/05/25 18:49:24.26582541,855,-74
2025/05/25 18:49:24.126105030,856,-74
2025/05/25 18:49:24.226127042,857,-73
2025/05/25 18:49:24.326458238,858,-73
2025/05/25 18:49:24.427054547,859,-73
2025/05/25 18:49:24.526210468,860,-73
2025/05/25 18:49:24.626569653,860,-73
2025/05/25 18:49:24.726078217,861,-73
2025/05/25 18:49:24.826581644,862,-73
2025/05/25 18:49:24.926381297,859,-73
2025/05/25 18:49:25.26238152,858,-73
2025/05/25 18:49:25.126197102,857,-73
2025/05/25 18:49:25.226191533,856,-73
2025/05/25 18:49:25.326368029,855,-73
2025/05/25 18:49:25.427012018,854,-73
2025/05/25 18:49:25.526810697,853,-73
2025/05/25 18:49:25.626161762,852,-73
2025/05/25 18:49:25.726327996,851,-73
2025/05/25 18:49:25.826601531,850,-73
2025/05/25 18:49:25.926761435,846,-73
2025/05/25 18:49:26.26127633,844,-73
2025/05/25 18:49:26.126147649,843,-73
2025/05/25 18:49:26.226180769,842,-73
2025/05/25 18:49:26.327334093,841,-73
2025/05/25 18:49:26.426183995,839,-73
2025/05/25 18:49:26.526079154,838,-73
2025/05/25 18:49:26.626195707,838,-73
2025/05/25 18:49:26.726091915,839,-73
2025/05/25 18:49:26.825988458,840,-73
2025/05/25 18:49:26.926378380,835,-73
2025/05/25 18:49:27.26273023,834,-73
2025/05/25 18:49:27.127011323,833,-73
2025/05/25 18:49:27.226129186,831,-73
2025/05/25 18:49:27.326266159,830,-73
2025/05/25 18:49:27.426266109,829,-73
2025/05/25 18:49:27.526100368,827,-73
2025/05/25 18:49:27.626366873,826,-73
2025/05/25 18:49:27.725994501,827,-73
2025/05/25 18:49:27.826118270,828,-73
2025/05/25 18:49:27.926579544,829,-73
2025/05/25 18:49:28.26530350,832,-73
2025/05/25 18:49:28.127679866,835,-74
2025/05/25 18:49:28.226197277,838,-74
2025/05/25 18:49:28.326337953,841,-74
2025/05/25 18:49:28.426450578,842,-74
2025/05/25 18:49:28.528116371,843,-74
2025/05/25 18:49:28.626066354,843,-74
2025/05/25 18:49:28.728359803,844,-74
2025/05/25 18:49:28.826567535,845,-74
2025/05/25 18:49:28.926175401,840,-74
2025/05/25 18:49:29.29017262,838,-74
2025/05/25 18:49:29.126111085,836,-74
2025/05/25 18:49:29.226423408,835,-74
2025/05/25 18:49:29.326570909,835,-74
2025/05/25 18:49:29.426251749,835,-74
2025/05/25 18:49:29.526188681,836,-74
2025/05/25 18:49:29.626409731,837,-74
2025/05/25 18:49:29.729178219,838,-74
2025/05/25 18:49:29.826959713,839,-74
2025/05/25 18:49:29.926193268,834,-74
2025/05/25 18:49:30.26301630,832,-73
2025/05/25 18:49:30.126734893,830,-73
2025/05/25 18:49:30.226554826,828,-73
2025/05/25 18:49:30.326139842,827,-73
2025/05/25 18:49:30.426253429,825,-73
2025/05/25 18:49:30.526111147,824,-73
2025/05/25 18:49:30.626403440,825,-73
2025/05/25 18:49:30.726771277,826,-73
2025/05/25 18:49:30.826765803,826,-73
2025/05/25 18:49:30.926082494,821,-73
2025/05/25 18:49:31.28873751,819,-73
2025/05/25 18:49:31.127271486,817,-73
2025/05/25 18:49:31.226038601,816,-73
2025/05/25 18:49:31.326382365,817,-73
2025/05/25 18:49:31.426331392,818,-73
2025/05/25 18:49:31.526375505,819,-73
2025/05/25 18:49:31.626925600,819,-73
2025/05/25 18:49:31.726115884,820,-73
2025/05/25 18:49:31.826120433,821,-73
2025/05/25 18:49:31.929234680,815,-73
2025/05/25 18:49:32.28867647,816,-73
2025/05/25 18:49:32.126400913,816,-73
2025/05/25 18:49:32.227707123,817,-73
2025/05/25 18:49:32.326884638,818,-73
2025/05/25 18:49:32.426204073,819,-73
2025/05/25 18:49:32.526111967,819,-73
2025/05/25 18:49:32.626165575,820,-73
2025/05/25 18:49:32.726127970,821,-73
2025/05/25 18:49:32.826156372,822,-73
2025/05/25 18:49:32.926155370,816,-73
2025/05/25 18:49:33.26622139,812,-73
2025/05/25 18:49:33.127822391,810,-73
2025/05/25 18:49:33.226721346,807,-73
2025/05/25 18:49:33.328093119,805,-72
2025/05/25 18:49:33.426631614,803,-72
2025/05/25 18:49:33.526540304,801,-72
2025/05/25 18:49:33.626168499,799,-72
2025/05/25 18:49:33.726312991,800,-72
2025/05/25 18:49:33.826459474,800,-72
2025/05/25 18:49:33.926912077,794,-72
2025/05/25 18:49:34.27289737,791,-72
2025/05/25 18:49:34.126203020,788,-71
2025/05/25 18:49:34.227242144,786,-71
2025/05/25 18:49:34.326197071,783,-71
2025/05/25 18:49:34.426193336,781,-71
2025/05/25 18:49:34.526515864,779,-71
2025/05/25 18:49:34.626582795,776,-70
2025/05/25 18:49:34.726196721,773,-70
2025/05/25 18:49:34.826448843,771,-70
2025/05/25 18:49:34.927606754,764,-70
2025/05/25 18:49:35.28085994,756,-70
2025/05/25 18:49:35.126301689,753,-70
2025/05/25 18:49:35.227008061,750,-70
2025/05/25 18:49:35.326469778,747,-69
2025/05/25 18:49:35.426273389,744,-69
2025/05/25 18:49:35.526291872,741,-69
2025/05/25 18:49:35.626335758,741,-69
2025/05/25 18:49:35.726237045,742,-69
2025/05/25 18:49:35.826577148,743,-69
2025/05/25 18:49:35.926816850,744,-69
2025/05/25 18:49:36.26770672,759,-69
2025/05/25 18:49:36.126850899,764,-69
2025/05/25 18:49:36.226733422,768,-69
2025/05/25 18:49:36.326596470,773,-69
2025/05/25 18:49:36.426204124,777,-69
2025/05/25 18:49:36.526294833,777,-69
2025/05/25 18:49:36.626552761,778,-69
2025/05/25 18:49:36.726217650,778,-69
2025/05/25 18:49:36.828130979,779,-69
2025/05/25 18:49:36.927897139,780,-69
2025/05/25 18:49:37.26310945,774,-69
2025/05/25 18:49:37.126185085,772,-69
2025/05/25 18:49:37.226362554,765,-68
2025/05/25 18:49:37.326402629,759,-68
2025/05/25 18:49:37.426806266,759,-68
2025/05/25 18:49:37.527191603,759,-68
2025/05/25 18:49:37.628730086,760,-68
2025/05/25 18:49:37.726143927,761,-68
2025/05/25 18:49:37.828791160,761,-68
2025/05/25 18:49:37.927855385,762,-68
2025/05/25 18:49:38.27782605,763,-68
2025/05/25 18:49:38.126285950,763,-68
2025/05/25 18:49:38.227391629,764,-68
2025/05/25 18:49:38.326303527,760,-67
2025/05/25 18:49:38.427578051,759,-67
2025/05/25 18:49:38.528900477,760,-67
2025/05/25 18:49:38.627058133,760,-67
2025/05/25 18:49:38.726100489,761,-67
2025/05/25 18:49:38.827067626,762,-67
2025/05/25 18:49:38.926279999,762,-67
2025/05/25 18:49:39.26248599,763,-67
2025/05/25 18:49:39.126205738,763,-67
2025/05/25 18:49:39.227531587,764,-67
2025/05/25 18:49:39.326523442,757,-66
2025/05/25 18:49:39.426364656,755,-66
2025/05/25 18:49:39.526132071,752,-66
2025/05/25 18:49:39.627806602,752,-66
2025/05/25 18:49:39.726181624,752,-66
2025/05/25 18:49:39.826276388,753,-66
2025/05/25 18:49:39.928123031,754,-66
2025/05/25 18:49:40.27469027,754,-66
2025/05/25 18:49:40.126365330,755,-66
2025/05/25 18:49:40.226601125,755,-66
2025/05/25 18:49:40.327655343,749,-65
2025/05/25 18:49:40.428308598,746,-65
2025/05/25 18:49:40.526449058,743,-65
2025/05/25 18:49:40.629025973,740,-64
2025/05/25 18:49:40.726240553,738,-64
2025/05/25 18:49:40.827499828,738,-64
2025/05/25 18:49:40.927993265,739,-64
2025/05/25 18:49:41.26123970,739,-64
2025/05/25 18:49:41.126268745,740,-64
2025/05/25 18:49:41.227679874,740,-64
2025/05/25 18:49:41.328998272,744,-64
2025/05/25 18:49:41.426482368,748,-64
2025/05/25 18:49:41.526252026,749,-64
2025/05/25 18:49:41.627971042,749,-64
2025/05/25 18:49:41.726333831,750,-64
2025/05/25 18:49:41.826105166,750,-64
2025/05/25 18:49:41.929622998,751,-64
2025/05/25 18:49:42.27578846,751,-64
2025/05/25 18:49:42.126172968,751,-64
2025/05/25 18:49:42.226297450,752,-64
2025/05/25 18:49:42.326435368,756,-64
2025/05/25 18:49:42.426187297,760,-63
2025/05/25 18:49:42.527032280,762,-63
2025/05/25 18:49:42.626388637,762,-63
2025/05/25 18:49:42.727108716,763,-63
2025/05/25 18:49:42.826515119,763,-63
2025/05/25 18:49:42.927603794,763,-63
2025/05/25 18:49:43.26981648,764,-63
2025/05/25 18:49:43.126792306,764,-63
2025/05/25 18:49:43.227061775,764,-63
2025/05/25 18:49:43.327836554,761,-63
2025/05/25 18:49:43.427016307,763,-62
2025/05/25 18:49:43.528091524,763,-63
2025/05/25 18:49:43.627309779,763,-63
2025/05/25 18:49:43.726315134,764,-63
2025/05/25 18:49:43.826183441,764,-63
2025/05/25 18:49:43.926471705,764,-63
2025/05/25 18:49:44.26400243,765,-63
2025/05/25 18:49:44.126339116,765,-63
2025/05/25 18:49:44.229039932,765,-63
2025/05/25 18:49:44.326549123,758,-62
2025/05/25 18:49:44.426350112,756,-62
2025/05/25 18:49:44.526267541,754,-62
2025/05/25 18:49:44.627709808,754,-62
2025/05/25 18:49:44.726290915,755,-62
2025/05/25 18:49:44.826893625,755,-62
2025/05/25 18:49:44.926667419,755,-62
2025/05/25 18:49:45.26759835,756,-62
2025/05/25 18:49:45.128169639,756,-62
2025/05/25 18:49:45.226221063,756,-62
2025/05/25 18:49:45.326348157,749,-61
2025/05/25 18:49:45.426192815,746,-61
2025/05/25 18:49:45.526155564,746,-61
2025/05/25 18:49:45.626638263,746,-61
2025/05/25 18:49:45.727045087,746,-61
2025/05/25 18:49:45.826652903,747,-61
2025/05/25 18:49:45.926360534,747,-61
2025/05/25 18:49:46.26320475,747,-61
2025/05/25 18:49:46.126257211,748,-61
2025/05/25 18:49:46.226790872,748,-61
2025/05/25 18:49:46.327749480,744,-61
2025/05/25 18:49:46.426403195,745,-61
2025/05/25 18:49:46.526247506,745,-61
2025/05/25 18:49:46.626282307,745,-61
2025/05/25 18:49:46.726643052,745,-61
2025/05/25 18:49:46.826359056,746,-61
2025/05/25 18:49:46.926590888,746,-61
2025/05/25 18:49:47.26387991,746,-61
2025/05/25 18:49:47.126691275,747,-61
2025/05/25 18:49:47.226606142,747,-61
2025/05/25 18:49:47.326519665,739,-60
2025/05/25 18:49:47.426630616,736,-60
2025/05/25 18:49:47.526312889,732,-60
2025/05/25 18:49:47.626222373,729,-60
2025/05/25 18:49:47.726375747,729,-60
2025/05/25 18:49:47.826245073,729,-60
2025/05/25 18:49:47.926930994,729,-60
2025/05/25 18:49:48.26390007,729,-60
2025/05/25 18:49:48.126094292,730,-60
2025/05/25 18:49:48.226234828,730,-60
2025/05/25 18:49:48.326169853,722,-60
2025/05/25 18:49:48.427003763,718,-59
2025/05/25 18:49:48.526208751,714,-59
2025/05/25 18:49:48.628034977,711,-59
2025/05/25 18:49:48.726367020,707,-59
2025/05/25 18:49:48.826301608,703,-58
2025/05/25 18:49:48.926180663,699,-58
2025/05/25 18:49:49.26669444,695,-58
2025/05/25 18:49:49.126179147,694,-58
2025/05/25 18:49:49.228742578,694,-58
2025/05/25 18:49:49.327869980,686,-58
2025/05/25 18:49:49.427320595,682,-57
2025/05/25 18:49:49.526200491,678,-57
2025/05/25 18:49:49.626383332,674,-56
2025/05/25 18:49:49.726256407,672,-56
2025/05/25 18:49:49.826122719,672,-56
2025/05/25 18:49:49.926106260,673,-56
2025/05/25 18:49:50.26352212,673,-56
2025/05/25 18:49:50.126619271,673,-56
2025/05/25 18:49:50.226485627,673,-56
2025/05/25 18:49:50.326264548,666,-58
2025/05/25 18:49:50.427998184,668,-58
2025/05/25 18:49:50.526406362,672,-59
2025/05/25 18:49:50.626420677,673,-59
2025/05/25 18:49:50.726359283,673,-59
2025/05/25 18:49:50.826817449,673,-59
2025/05/25 18:49:50.926210795,674,-59
2025/05/25 18:49:51.26662655,674,-59
2025/05/25 18:49:51.126905493,674,-59
2025/05/25 18:49:51.226515980,669,-58
2025/05/25 18:49:51.327517888,667,-58
2025/05/25 18:49:51.426834071,667,-58
2025/05/25 18:49:51.527458124,667,-58
2025/05/25 18:49:51.626188722,668,-58
2025/05/25 18:49:51.726639134,668,-58
2025/05/25 18:49:51.828061999,668,-58
2025/05/25 18:49:51.926999669,668,-58
2025/05/25 18:49:52.26175416,668,-58
2025/05/25 18:49:52.128230236,669,-58
2025/05/25 18:49:52.226253842,663,-57
2025/05/25 18:49:52.326728516,661,-57
2025/05/25 18:49:52.427151717,661,-57
2025/05/25 18:49:52.526239420,662,-57
2025/05/25 18:49:52.629537172,662,-57
2025/05/25 18:49:52.726518584,662,-57
2025/05/25 18:49:52.828437645,662,-57
2025/05/25 18:49:52.926762931,663,-57
2025/05/25 18:49:53.26809879,662,-57
2025/05/25 18:49:53.126470976,663,-57
2025/05/25 18:49:53.226309940,654,-57
2025/05/25 18:49:53.326461974,650,-56
2025/05/25 18:49:53.427409627,645,-56
2025/05/25 18:49:53.526438205,641,-55
2025/05/25 18:49:53.626229635,636,-55
2025/05/25 18:49:53.726496430,632,-55
2025/05/25 18:49:53.826961751,628,-54
2025/05/25 18:49:53.926495798,623,-54
2025/05/25 18:49:54.27277501,619,-53
2025/05/25 18:49:54.127612582,614,-53
2025/05/25 18:49:54.227593287,608,-52
2025/05/25 18:49:54.327267345,603,-51
2025/05/25 18:49:54.426249296,602,-51
2025/05/25 18:49:54.526439681,602,-51
2025/05/25 18:49:54.627465863,602,-51
2025/05/25 18:49:54.726241393,602,-51
2025/05/25 18:49:54.826223110,602,-51
2025/05/25 18:49:54.927532399,602,-51
2025/05/25 18:49:55.26633544,603,-51
2025/05/25 18:49:55.126280329,603,-51
2025/05/25 18:49:55.226582609,605,-52
2025/05/25 18:49:55.327687546,591,-55
2025/05/25 18:49:55.426534104,596,-55
2025/05/25 18:49:55.526335869,602,-56
2025/05/25 18:49:55.627263011,606,-56
2025/05/25 18:49:55.728627906,608,-57
2025/05/25 18:49:55.827347401,608,-57
2025/05/25 18:49:55.926459865,608,-57
2025/05/25 18:49:56.26825336,608,-57
2025/05/25 18:49:56.126239249,609,-57
2025/05/25 18:49:56.226685765,603,-58
2025/05/25 18:49:56.327960130,596,-61
2025/05/25 18:49:56.426394975,602,-61
2025/05/25 18:49:56.526549048,607,-61
2025/05/25 18:49:56.626880565,611,-62
2025/05/25 18:49:56.726500215,615,-63
2025/05/25 18:49:56.826673252,616,-63
2025/05/25 18:49:56.926935248,617,-63
2025/05/25 18:49:57.26543096,617,-63
2025/05/25 18:49:57.126418576,617,-63
2025/05/25 18:49:57.227610818,617,-63
2025/05/25 18:49:57.327513737,608,-63
2025/05/25 18:49:57.427599360,603,-63
2025/05/25 18:49:57.526492754,598,-62
2025/05/25 18:49:57.626398052,593,-62
2025/05/25 18:49:57.726257359,588,-61
2025/05/25 18:49:57.826336989,584,-60
2025/05/25 18:49:57.926514181,580,-60
2025/05/25 18:49:58.26448421,576,-59
2025/05/25 18:49:58.126630835,575,-59
2025/05/25 18:49:58.227701365,566,-59
2025/05/25 18:49:58.326976058,558,-58
2025/05/25 18:49:58.429268259,553,-58
2025/05/25 18:49:58.526328492,547,-57
2025/05/25 18:49:58.626373266,542,-57
2025/05/25 18:49:58.726416000,536,-56
2025/05/25 18:49:58.826641340,531,-56
2025/05/25 18:49:58.927842420,525,-55
2025/05/25 18:49:59.27772388,520,-55
2025/05/25 18:49:59.129075442,518,-54
2025/05/25 18:49:59.228987474,533,-55
2025/05/25 18:49:59.327783141,521,-58
2025/05/25 18:49:59.426443753,518,-59
2025/05/25 18:49:59.526257350,524,-60
2025/05/25 18:49:59.628035322,528,-61
2025/05/25 18:49:59.731066470,532,-61
2025/05/25 18:49:59.827721128,534,-62
2025/05/25 18:49:59.926341645,534,-62
2025/05/25 18:50:00.27043752,534,-62
2025/05/25 18:50:00.126941191,534,-62
2025/05/25 18:50:00.226481318,524,-62
2025/05/25 18:50:00.327207607,517,-61
2025/05/25 18:50:00.426681862,513,-61
2025/05/25 18:50:00.526692074,510,-60
2025/05/25 18:50:00.627992191,509,-59
2025/05/25 18:50:00.727471470,509,-59
2025/05/25 18:50:00.826319558,510,-59
2025/05/25 18:50:00.927075318,510,-59
2025/05/25 18:50:01.27212018,510,-59
2025/05/25 18:50:01.126308081,510,-59
2025/05/25 18:50:01.227065860,510,-59
2025/05/25 18:50:01.327650792,517,-59
2025/05/25 18:50:01.426418216,522,-59
2025/05/25 18:50:01.526515714,522,-59
2025/05/25 18:50:01.626443247,522,-60
2025/05/25 18:50:01.731923749,522,-59
2025/05/25 18:50:01.829610301,522,-59
2025/05/25 18:50:01.927475894,522,-59
2025/05/25 18:50:02.31749800,522,-60
2025/05/25 18:50:02.126368353,522,-59
2025/05/25 18:50:02.226467916,532,-60
2025/05/25 18:50:02.330941327,534,-61
2025/05/25 18:50:02.426773986,535,-61
2025/05/25 18:50:02.526299327,535,-61
2025/05/25 18:50:02.628140194,535,-61
2025/05/25 18:50:02.726547996,535,-61
2025/05/25 18:50:02.826488763,535,-61
2025/05/25 18:50:02.926611596,535,-61
2025/05/25 18:50:03.26308085,535,-61
2025/05/25 18:50:03.126766524,535,-61
2025/05/25 18:50:03.226387101,542,-61
2025/05/25 18:50:03.327088737,539,-63
2025/05/25 18:50:03.426361658,544,-64
2025/05/25 18:50:03.526535853,548,-64
2025/05/25 18:50:03.626339140,552,-65
2025/05/25 18:50:03.726366177,554,-66
2025/05/25 18:50:03.828815036,555,-66
2025/05/25 18:50:03.926571081,555,-66
2025/05/25 18:50:04.26252692,555,-66
2025/05/25 18:50:04.127421659,555,-66
2025/05/25 18:50:04.227452326,545,-66
2025/05/25 18:50:04.326372780,539,-66
2025/05/25 18:50:04.426360018,539,-66
2025/05/25 18:50:04.526242264,539,-66
2025/05/25 18:50:04.626629247,539,-66
2025/05/25 18:50:04.726435750,539,-66
2025/05/25 18:50:04.826226634,539,-66
2025/05/25 18:50:04.926354106,539,-66
2025/05/25 18:50:05.27172008,539,-66
2025/05/25 18:50:05.126231257,539,-66
2025/05/25 18:50:05.226638293,530,-66
2025/05/25 18:50:05.327824894,520,-65
2025/05/25 18:50:05.426387784,514,-65
2025/05/25 18:50:05.526485623,508,-64
2025/05/25 18:50:05.627409537,502,-64
2025/05/25 18:50:05.730972349,496,-63
2025/05/25 18:50:05.829303137,490,-63
2025/05/25 18:50:05.927053631,484,-62
2025/05/25 18:50:06.27146387,478,-62
2025/05/25 18:50:06.126456001,473,-61
2025/05/25 18:50:06.226285239,464,-61
2025/05/25 18:50:06.327121247,457,-60
2025/05/25 18:50:06.426448114,450,-59
2025/05/25 18:50:06.526432888,444,-59
2025/05/25 18:50:06.626248073,438,-58
2025/05/25 18:50:06.726268758,438,-58
2025/05/25 18:50:06.826339608,437,-58
2025/05/25 18:50:06.926581760,437,-58
2025/05/25 18:50:07.26440906,437,-58
2025/05/25 18:50:07.126573524,437,-58
2025/05/25 18:50:07.226361798,438,-58
2025/05/25 18:50:07.327142838,437,-58
2025/05/25 18:50:07.426600680,437,-58
2025/05/25 18:50:07.526467226,437,-58
2025/05/25 18:50:07.626280448,437,-58
2025/05/25 18:50:07.726475799,437,-58
2025/05/25 18:50:07.826443212,437,-58
2025/05/25 18:50:07.926433431,437,-58
2025/05/25 18:50:08.26566699,437,-58
2025/05/25 18:50:08.126429976,437,-58
2025/05/25 18:50:08.226535111,469,-58
2025/05/25 18:50:08.326831039,460,-60
2025/05/25 18:50:08.426239454,454,-62
2025/05/25 18:50:08.526785945,458,-63
2025/05/25 18:50:08.626570673,462,-64
2025/05/25 18:50:08.726372609,466,-65
2025/05/25 18:50:08.826379004,470,-66
2025/05/25 18:50:08.927111311,472,-67
2025/05/25 18:50:09.27337387,473,-67
2025/05/25 18:50:09.127527230,473,-67
2025/05/25 18:50:09.226322413,462,-67
2025/05/25 18:50:09.327206677,455,-67
2025/05/25 18:50:09.427070256,453,-67
2025/05/25 18:50:09.526546755,453,-67
2025/05/25 18:50:09.626328976,453,-67
2025/05/25 18:50:09.726566976,453,-67
2025/05/25 18:50:09.826332474,453,-67
2025/05/25 18:50:09.926445128,453,-67
2025/05/25 18:50:10.26445080,453,-67
2025/05/25 18:50:10.127044804,453,-67
2025/05/25 18:50:10.227093979,443,-68
2025/05/25 18:50:10.327325884,442,-68
2025/05/25 18:50:10.427483735,442,-68
2025/05/25 18:50:10.526481566,441,-68
2025/05/25 18:50:10.626251294,442,-68
2025/05/25 18:50:10.727732346,442,-68
2025/05/25 18:50:10.827551760,441,-68
2025/05/25 18:50:10.926952736,454,-67
2025/05/25 18:50:11.26711350,455,-69
2025/05/25 18:50:11.128349595,459,-69
2025/05/25 18:50:11.227149619,464,-70
2025/05/25 18:50:11.326372220,465,-71
2025/05/25 18:50:11.426517430,465,-71
2025/05/25 18:50:11.527629398,465,-71
2025/05/25 18:50:11.626378091,465,-71
2025/05/25 18:50:11.726544286,465,-71
2025/05/25 18:50:11.827548466,465,-71
2025/05/25 18:50:11.927182265,468,-71
2025/05/25 18:50:12.26527699,471,-72
2025/05/25 18:50:12.126328933,476,-73
2025/05/25 18:50:12.228295326,481,-74
2025/05/25 18:50:12.326484018,486,-74
2025/05/25 18:50:12.426408762,477,-75
2025/05/25 18:50:12.526424189,477,-75
2025/05/25 18:50:12.627141578,477,-75
2025/05/25 18:50:12.726388290,477,-75
2025/05/25 18:50:12.826268811,477,-75
2025/05/25 18:50:12.929786618,477,-75
2025/05/25 18:50:13.26542163,477,-75
2025/05/25 18:50:13.126474933,477,-75
2025/05/25 18:50:13.226369323,477,-75
2025/05/25 18:50:13.326486952,477,-75
2025/05/25 18:50:13.426353480,466,-75
2025/05/25 18:50:13.526746019,459,-75
2025/05/25 18:50:13.626553260,452,-74
2025/05/25 18:50:13.726479746,445,-74
2025/05/25 18:50:13.826423687,439,-73
2025/05/25 18:50:13.926668072,439,-73
2025/05/25 18:50:14.26443881,439,-73
2025/05/25 18:50:14.127034354,440,-73
2025/05/25 18:50:14.226658274,440,-73
2025/05/25 18:50:14.327864875,439,-73
2025/05/25 18:50:14.426360855,430,-73
2025/05/25 18:50:14.526490262,423,-73
2025/05/25 18:50:14.629064347,420,-72
2025/05/25 18:50:14.726526567,419,-72
2025/05/25 18:50:14.826456533,419,-72
2025/05/25 18:50:14.927171195,419,-72
2025/05/25 18:50:15.30800624,419,-72
2025/05/25 18:50:15.127501138,419,-72
2025/05/25 18:50:15.226554931,419,-72
2025/05/25 18:50:15.328637875,419,-72
2025/05/25 18:50:15.427301258,417,-73
2025/05/25 18:50:15.529639755,417,-73
2025/05/25 18:50:15.627323711,417,-73
2025/05/25 18:50:15.727409853,417,-73
2025/05/25 18:50:15.827221782,417,-73
2025/05/25 18:50:15.927878492,417,-73
2025/05/25 18:50:16.26307471,416,-73
2025/05/25 18:50:16.127014531,416,-73
2025/05/25 18:50:16.230530623,416,-73
2025/05/25 18:50:16.328944248,416,-73
2025/05/25 18:50:16.426391523,430,-72
2025/05/25 18:50:16.526575810,430,-74
2025/05/25 18:50:16.626846897,434,-75
2025/05/25 18:50:16.726559272,438,-76
2025/05/25 18:50:16.829874246,439,-76
2025/05/25 18:50:16.926821139,439,-76
2025/05/25 18:50:17.26546065,439,-76
2025/05/25 18:50:17.126919945,439,-76
2025/05/25 18:50:17.227395179,439,-76
2025/05/25 18:50:17.327988098,439,-76
2025/05/25 18:50:17.426756762,416,-77
2025/05/25 18:50:17.526427019,434,-77
2025/05/25 18:50:17.628444980,458,-78
2025/05/25 18:50:17.726472637,485,-79
2025/05/25 18:50:17.826826238,482,-80
2025/05/25 18:50:17.927481574,478,-80
2025/05/25 18:50:18.31686038,473,-81
2025/05/25 18:50:18.126365906,468,-82
2025/05/25 18:50:18.232456387,462,-82
2025/05/25 18:50:18.327845978,456,-83
2025/05/25 18:50:18.426443414,446,-83
2025/05/25 18:50:18.526481648,439,-84
2025/05/25 18:50:18.626795816,432,-84
2025/05/25 18:50:18.726406125,424,-85
2025/05/25 18:50:18.826358864,417,-85
2025/05/25 18:50:18.930462277,410,-85
2025/05/25 18:50:19.26774686,402,-86
2025/05/25 18:50:19.126458341,395,-86
2025/05/25 18:50:19.226550615,387,-86
2025/05/25 18:50:19.327398870,380,-87
2025/05/25 18:50:19.426543335,372,-87
2025/05/25 18:50:19.526506200,363,-87
2025/05/25 18:50:19.627267457,355,-87
2025/05/25 18:50:19.726621629,346,-86
2025/05/25 18:50:19.826790891,338,-86
2025/05/25 18:50:19.927875766,330,-86
2025/05/25 18:50:20.27488834,321,-85
2025/05/25 18:50:20.127135508,313,-85
2025/05/25 18:50:20.226630909,304,-84
2025/05/25 18:50:20.326455765,296,-84
2025/05/25 18:50:20.427044899,310,-82
2025/05/25 18:50:20.526626332,318,-82
2025/05/25 18:50:20.626380406,326,-82
2025/05/25 18:50:20.726486018,334,-82
2025/05/25 18:50:20.826727986,342,-82
2025/05/25 18:50:20.932769440,350,-83
2025/05/25 18:50:21.26441336,354,-83
2025/05/25 18:50:21.126608902,353,-83
2025/05/25 18:50:21.226956712,353,-83
2025/05/25 18:50:21.326755962,353,-83
2025/05/25 18:50:21.426333243,343,-83
2025/05/25 18:50:21.526626384,336,-82
2025/05/25 18:50:21.627926637,328,-82
2025/05/25 18:50:21.726529641,320,-81
2025/05/25 18:50:21.828363930,312,-80
2025/05/25 18:50:21.928011726,304,-80
2025/05/25 18:50:22.26674818,296,-79
2025/05/25 18:50:22.126644199,296,-78
2025/05/25 18:50:22.226567690,296,-78
2025/05/25 18:50:22.327425188,296,-78
2025/05/25 18:50:22.426707530,295,-78
2025/05/25 18:50:22.526633205,295,-78
2025/05/25 18:50:22.628245603,295,-78
2025/05/25 18:50:22.726467058,295,-78
2025/05/25 18:50:22.826383923,295,-78
2025/05/25 18:50:22.932609045,294,-78
2025/05/25 18:50:23.27160550,294,-78
2025/05/25 18:50:23.126954007,301,-78
2025/05/25 18:50:23.230330845,309,-78
2025/05/25 18:50:23.328150700,317,-78
2025/05/25 18:50:23.426602286,325,-77
2025/05/25 18:50:23.526533378,326,-77
2025/05/25 18:50:23.629082536,326,-77
2025/05/25 18:50:23.726352481,326,-77
2025/05/25 18:50:23.826406535,326,-77
2025/05/25 18:50:23.927147399,325,-77
2025/05/25 18:50:24.26437772,325,-78
2025/05/25 18:50:24.126615958,337,-77
2025/05/25 18:50:24.226399630,339,-77
2025/05/25 18:50:24.326897027,338,-77
2025/05/25 18:50:24.426607933,339,-77
2025/05/25 18:50:24.526445546,339,-77
2025/05/25 18:50:24.628465272,339,-77
2025/05/25 18:50:24.726883093,339,-77
2025/05/25 18:50:24.827367460,339,-77
2025/05/25 18:50:24.926527468,339,-77
2025/05/25 18:50:25.27807583,339,-77
2025/05/25 18:50:25.126947448,370,-76
2025/05/25 18:50:25.226640140,364,-75
2025/05/25 18:50:25.327337043,363,-75
2025/05/25 18:50:25.426969760,362,-75
2025/05/25 18:50:25.526661012,362,-75
2025/05/25 18:50:25.628751566,363,-75
2025/05/25 18:50:25.727514091,363,-75
2025/05/25 18:50:25.827015483,362,-75
2025/05/25 18:50:25.927595077,363,-75
2025/05/25 18:50:26.27055219,354,-75
2025/05/25 18:50:26.130330562,346,-75
2025/05/25 18:50:26.226903407,340,-74
2025/05/25 18:50:26.327466945,340,-74
2025/05/25 18:50:26.430558666,340,-74
2025/05/25 18:50:26.526809656,340,-75
2025/05/25 18:50:26.626907628,340,-75
2025/05/25 18:50:26.728522850,340,-75
2025/05/25 18:50:26.826687427,340,-75
2025/05/25 18:50:26.928687074,340,-75
2025/05/25 18:50:27.28314467,332,-74
2025/05/25 18:50:27.128264874,332,-74
2025/05/25 18:50:27.227602230,332,-74
2025/05/25 18:50:27.327853838,331,-74
2025/05/25 18:50:27.426478127,332,-74
2025/05/25 18:50:27.526597104,331,-74
2025/05/25 18:50:27.626828416,331,-74
2025/05/25 18:50:27.726916695,332,-74
2025/05/25 18:50:27.826395852,331,-75
2025/05/25 18:50:27.926312620,331,-75
2025/05/25 18:50:28.26472422,345,-74
2025/05/25 18:50:28.126493519,341,-74
2025/05/25 18:50:28.232352068,341,-73
2025/05/25 18:50:28.326466660,340,-74
2025/05/25 18:50:28.426556292,341,-74
2025/05/25 18:50:28.526524614,341,-74
2025/05/25 18:50:28.626687226,340,-74
2025/05/25 18:50:28.726436133,340,-74
2025/05/25 18:50:28.827157247,340,-74
2025/05/25 18:50:28.926682484,340,-74
2025/05/25 18:50:29.26528385,331,-74
2025/05/25 18:50:29.126540702,323,-73
2025/05/25 18:50:29.226534076,317,-72
2025/05/25 18:50:29.327989095,316,-71
2025/05/25 18:50:29.426470328,316,-71
2025/05/25 18:50:29.527051306,315,-71
2025/05/25 18:50:29.626736940,315,-71
2025/05/25 18:50:29.727693924,315,-71
2025/05/25 18:50:29.826641420,315,-71
2025/05/25 18:50:29.926490122,314,-71
2025/05/25 18:50:30.26698190,314,-71
2025/05/25 18:50:30.128660408,314,-70
2025/05/25 18:50:30.227253283,315,-69
2025/05/25 18:50:30.326461890,315,-69
2025/05/25 18:50:30.426623226,315,-70
2025/05/25 18:50:30.528594347,314,-70
2025/05/25 18:50:30.627354006,314,-70
2025/05/25 18:50:30.726924753,314,-70
2025/05/25 18:50:30.826994741,313,-70
2025/05/25 18:50:30.926907527,313,-70
2025/05/25 18:50:31.27297795,319,-70
2025/05/25 18:50:31.126679322,326,-69
2025/05/25 18:50:31.227564383,333,-69
2025/05/25 18:50:31.326483312,333,-69
2025/05/25 18:50:31.426446376,333,-69
2025/05/25 18:50:31.526878313,332,-69
2025/05/25 18:50:31.627810969,332,-69
2025/05/25 18:50:31.726849817,332,-69
2025/05/25 18:50:31.826569742,332,-69
2025/05/25 18:50:31.927453852,332,-69
2025/05/25 18:50:32.28319607,332,-69
2025/05/25 18:50:32.126597938,357,-70
2025/05/25 18:50:32.228131477,349,-69
2025/05/25 18:50:32.327407997,346,-69
2025/05/25 18:50:32.426469253,345,-69
2025/05/25 18:50:32.526811161,345,-69
2025/05/25 18:50:32.629230090,344,-69
2025/05/25 18:50:32.728033678,344,-69
2025/05/25 18:50:32.826586715,345,-70
2025/05/25 18:50:32.926570298,344,-70
2025/05/25 18:50:33.26570581,334,-69
2025/05/25 18:50:33.126445650,326,-69
2025/05/25 18:50:33.226720440,321,-68
2025/05/25 18:50:33.326566616,320,-68
2025/05/25 18:50:33.426627364,320,-68
2025/05/25 18:50:33.526524953,320,-68
2025/05/25 18:50:33.626646062,319,-68
2025/05/25 18:50:33.729323729,319,-69
2025/05/25 18:50:33.830251886,319,-69
2025/05/25 18:50:33.926583719,319,-69
2025/05/25 18:50:34.26595156,367,-70
2025/05/25 18:50:34.126480861,367,-71
2025/05/25 18:50:34.226709979,361,-72
2025/05/25 18:50:34.330878356,355,-73
2025/05/25 18:50:34.426732383,350,-74
2025/05/25 18:50:34.526437685,349,-74
2025/05/25 18:50:34.626468887,349,-74
2025/05/25 18:50:34.726400705,349,-74
2025/05/25 18:50:34.827144302,349,-74
2025/05/25 18:50:34.926951395,348,-74
2025/05/25 18:50:35.26889973,368,-74
2025/05/25 18:50:35.126511687,364,-75
2025/05/25 18:50:35.226919389,364,-75
2025/05/25 18:50:35.326677441,364,-75
2025/05/25 18:50:35.427569901,364,-75
2025/05/25 18:50:35.526818016,364,-75
2025/05/25 18:50:35.626504947,364,-75
2025/05/25 18:50:35.726514051,363,-75
2025/05/25 18:50:35.826628011,363,-75
2025/05/25 18:50:35.926630080,363,-75
2025/05/25 18:50:36.27771466,354,-75
2025/05/25 18:50:36.126468300,346,-74
2025/05/25 18:50:36.226765052,339,-73
2025/05/25 18:50:36.327355969,331,-73
2025/05/25 18:50:36.426756144,324,-72
2025/05/25 18:50:36.526731409,318,-71
2025/05/25 18:50:36.626886982,317,-71
2025/05/25 18:50:36.726525882,318,-71
2025/05/25 18:50:36.829039535,317,-71
2025/05/25 18:50:36.928315621,317,-71
2025/05/25 18:50:37.26632078,314,-70
2025/05/25 18:50:37.126953941,308,-68
2025/05/25 18:50:37.226851178,305,-69
2025/05/25 18:50:37.326528002,305,-69
2025/05/25 18:50:37.426670998,305,-69
2025/05/25 18:50:37.526794690,304,-69
2025/05/25 18:50:37.627758218,304,-69
2025/05/25 18:50:37.726510454,304,-69
2025/05/25 18:50:37.826545150,303,-69
2025/05/25 18:50:37.929038403,303,-69
2025/05/25 18:50:38.27625766,310,-69
2025/05/25 18:50:38.126674407,318,-68
2025/05/25 18:50:38.227081673,326,-68
2025/05/25 18:50:38.327601366,331,-68
2025/05/25 18:50:38.428434047,331,-68
2025/05/25 18:50:38.526639398,331,-68
2025/05/25 18:50:38.628023623,330,-68
2025/05/25 18:50:38.726774989,330,-68
2025/05/25 18:50:38.826697379,330,-68
2025/05/25 18:50:38.926775802,330,-68
2025/05/25 18:50:39.27147334,335,-67
2025/05/25 18:50:39.127795903,333,-66
2025/05/25 18:50:39.227924551,330,-64
2025/05/25 18:50:39.326907052,327,-63
2025/05/25 18:50:39.426506448,326,-63
2025/05/25 18:50:39.526592125,325,-63
2025/05/25 18:50:39.627393344,325,-63
2025/05/25 18:50:39.726857116,325,-63
2025/05/25 18:50:39.827310515,325,-63
2025/05/25 18:50:39.926700443,325,-63
2025/05/25 18:50:40.28765611,324,-63
2025/05/25 18:50:40.126891456,363,-63
2025/05/25 18:50:40.226875832,360,-62
2025/05/25 18:50:40.326801704,354,-61
2025/05/25 18:50:40.426538685,349,-60
2025/05/25 18:50:40.526577619,346,-59
2025/05/25 18:50:40.627168357,346,-59
2025/05/25 18:50:40.726653305,346,-59
2025/05/25 18:50:40.826598750,345,-59
2025/05/25 18:50:40.926469121,345,-59
2025/05/25 18:50:41.27906507,345,-59
2025/05/25 18:50:41.126807515,380,-59
2025/05/25 18:50:41.227275181,378,-58
2025/05/25 18:50:41.326770735,375,-57
2025/05/25 18:50:41.427613243,372,-55
2025/05/25 18:50:41.528599732,369,-54
2025/05/25 18:50:41.626830748,369,-54
2025/05/25 18:50:41.727913324,368,-54
2025/05/25 18:50:41.826524174,368,-54
2025/05/25 18:50:41.926650957,368,-54
2025/05/25 18:50:42.26747871,368,-54
2025/05/25 18:50:42.127487377,358,-53
2025/05/25 18:50:42.226678227,353,-52
2025/05/25 18:50:42.329365006,349,-51
2025/05/25 18:50:42.427639230,345,-49
2025/05/25 18:50:42.526762790,341,-48
2025/05/25 18:50:42.626636670,338,-47
2025/05/25 18:50:42.726600221,335,-45
2025/05/25 18:50:42.826735770,334,-44
2025/05/25 18:50:42.926970925,334,-44
2025/05/25 18:50:43.28069438,333,-44
2025/05/25 18:50:43.126578417,328,-43
2025/05/25 18:50:43.226543755,328,-41
2025/05/25 18:50:43.327186653,329,-40
2025/05/25 18:50:43.427344498,333,-38
2025/05/25 18:50:43.526736219,334,-38
2025/05/25 18:50:43.627192515,334,-38
2025/05/25 18:50:43.727033105,334,-38
2025/05/25 18:50:43.826750730,334,-38
2025/05/25 18:50:43.926825536,334,-38
2025/05/25 18:50:44.26562383,333,-38
2025/05/25 18:50:44.126545627,340,-38
2025/05/25 18:50:44.227127907,345,-38
2025/05/25 18:50:44.328487902,345,-38
2025/05/25 18:50:44.426708066,345,-38
2025/05/25 18:50:44.526647759,345,-38
2025/05/25 18:50:44.627758102,344,-38
2025/05/25 18:50:44.732508704,344,-38
2025/05/25 18:50:44.829777990,344,-38
2025/05/25 18:50:44.926706101,344,-38
2025/05/25 18:50:45.26596761,343,-38
2025/05/25 18:50:45.126563359,367,-41
2025/05/25 18:50:45.227951941,375,-41
2025/05/25 18:50:45.327796129,378,-41
2025/05/25 18:50:45.427509998,378,-41
2025/05/25 18:50:45.527262070,378,-41
2025/05/25 18:50:45.629796442,378,-41
2025/05/25 18:50:45.729340453,378,-41
2025/05/25 18:50:45.826973776,378,-41
2025/05/25 18:50:45.927899993,377,-41
2025/05/25 18:50:46.26673450,377,-41
2025/05/25 18:50:46.127189737,370,-40
2025/05/25 18:50:46.226584350,366,-39
2025/05/25 18:50:46.332272985,366,-39
2025/05/25 18:50:46.426906679,366,-39
2025/05/25 18:50:46.526719868,366,-39
2025/05/25 18:50:46.626949999,366,-39
2025/05/25 18:50:46.726668305,365,-39
2025/05/25 18:50:46.826477073,365,-39
2025/05/25 18:50:46.927169885,365,-39
2025/05/25 18:50:47.26750785,365,-39
2025/05/25 18:50:47.126955432,367,-38
2025/05/25 18:50:47.226719687,366,-38
2025/05/25 18:50:47.327890527,366,-38
2025/05/25 18:50:47.426586621,365,-38
2025/05/25 18:50:47.527922390,365,-38
2025/05/25 18:50:47.627088533,365,-38
2025/05/25 18:50:47.726710799,365,-38
2025/05/25 18:50:47.826543652,365,-38
2025/05/25 18:50:47.926692026,364,-38
2025/05/25 18:50:48.26594185,364,-38
2025/05/25 18:50:48.127307472,358,-38
2025/05/25 18:50:48.227379717,350,-38
2025/05/25 18:50:48.326960694,347,-38
2025/05/25 18:50:48.426668116,346,-38
2025/05/25 18:50:48.528652150,345,-38
2025/05/25 18:50:48.627192131,345,-38
2025/05/25 18:50:48.726708577,345,-38
2025/05/25 18:50:48.826568725,345,-38
2025/05/25 18:50:48.926675055,345,-38
2025/05/25 18:50:49.27971326,344,-38
2025/05/25 18:50:49.127234436,338,-38
2025/05/25 18:50:49.227498830,334,-38
2025/05/25 18:50:49.331991813,334,-38
2025/05/25 18:50:49.427234376,330,-38
2025/05/25 18:50:49.528035751,329,-38
2025/05/25 18:50:49.627598997,328,-38
2025/05/25 18:50:49.726691964,328,-38
2025/05/25 18:50:49.827372903,328,-38
2025/05/25 18:50:49.926766271,328,-38
2025/05/25 18:50:50.26713571,328,-38
2025/05/25 18:50:50.126634471,327,-38
2025/05/25 18:50:50.226721289,327,-38
2025/05/25 18:50:50.328135176,327,-38
2025/05/25 18:50:50.426551657,321,-38
2025/05/25 18:50:50.527013079,321,-38
2025/05/25 18:50:50.627974812,320,-38
2025/05/25 18:50:50.727572368,320,-38
2025/05/25 18:50:50.826762378,320,-38
2025/05/25 18:50:50.926676040,320,-38
2025/05/25 18:50:51.26993564,319,-38
2025/05/25 18:50:51.126718088,319,-38
2025/05/25 18:50:51.226543958,319,-38
2025/05/25 18:50:51.326838476,319,-38
2025/05/25 18:50:51.426631926,319,-38
2025/05/25 18:50:51.528050835,324,-38
2025/05/25 18:50:51.626912820,331,-39
2025/05/25 18:50:51.726694206,336,-40
2025/05/25 18:50:51.826595649,337,-40
2025/05/25 18:50:51.926800146,337,-40
2025/05/25 18:50:52.27382991,337,-40
2025/05/25 18:50:52.126659060,337,-40
2025/05/25 18:50:52.226522346,337,-40
2025/05/25 18:50:52.327843185,337,-40
2025/05/25 18:50:52.426802865,334,-40
2025/05/25 18:50:52.526700146,334,-40
2025/05/25 18:50:52.627121589,333,-40
2025/05/25 18:50:52.727789182,333,-40
2025/05/25 18:50:52.828835944,333,-40
2025/05/25 18:50:52.927918194,333,-40
2025/05/25 18:50:53.27725989,333,-40
2025/05/25 18:50:53.126815272,333,-40
2025/05/25 18:50:53.227823458,332,-40
2025/05/25 18:50:53.327203362,332,-40
2025/05/25 18:50:53.427513506,332,-40
2025/05/25 18:50:53.526658724,325,-39
2025/05/25 18:50:53.626833416,321,-40
2025/05/25 18:50:53.726813775,321,-40
2025/05/25 18:50:53.826596509,321,-40
2025/05/25 18:50:53.928572538,320,-40
2025/05/25 18:50:54.26820495,320,-40
2025/05/25 18:50:54.126711129,320,-40
2025/05/25 18:50:54.227736051,320,-40
2025/05/25 18:50:54.327256719,320,-40
2025/05/25 18:50:54.427317019,314,-39
2025/05/25 18:50:54.529608698,313,-39
2025/05/25 18:50:54.627167013,312,-39
2025/05/25 18:50:54.726668233,311,-39
2025/05/25 18:50:54.826540328,310,-39
2025/05/25 18:50:54.927008195,310,-39
2025/05/25 18:50:55.27045264,310,-39
2025/05/25 18:50:55.128666310,310,-39
2025/05/25 18:50:55.227903499,310,-39
2025/05/25 18:50:55.326828205,309,-39
2025/05/25 18:50:55.426901098,315,-40
2025/05/25 18:50:55.528020450,321,-41
2025/05/25 18:50:55.626775042,328,-42
2025/05/25 18:50:55.727497752,335,-43
2025/05/25 18:50:55.826691822,342,-44
2025/05/25 18:50:55.929208058,349,-45
2025/05/25 18:50:56.26758699,356,-46
2025/05/25 18:50:56.127817006,363,-47
2025/05/25 18:50:56.226753657,369,-47
2025/05/25 18:50:56.328229778,372,-48
2025/05/25 18:50:56.427174401,378,-48
2025/05/25 18:50:56.526672645,381,-48
2025/05/25 18:50:56.626600438,382,-48
2025/05/25 18:50:56.726807687,381,-48
2025/05/25 18:50:56.827710848,381,-48
2025/05/25 18:50:56.928027755,381,-48
2025/05/25 18:50:57.26903060,381,-48
2025/05/25 18:50:57.126760090,381,-48
2025/05/25 18:50:57.227393924,380,-48
2025/05/25 18:50:57.327562621,380,-48
2025/05/25 18:50:57.426576023,374,-48
2025/05/25 18:50:57.527164601,366,-49
2025/05/25 18:50:57.627467960,358,-49
2025/05/25 18:50:57.726967047,355,-49
2025/05/25 18:50:57.826670050,354,-49
2025/05/25 18:50:57.926801177,352,-49
2025/05/25 18:50:58.28254519,351,-49
2025/05/25 18:50:58.128731708,349,-50
2025/05/25 18:50:58.227249284,349,-50
2025/05/25 18:50:58.330969957,348,-50
2025/05/25 18:50:58.426738681,341,-49
2025/05/25 18:50:58.528833144,333,-49
2025/05/25 18:50:58.631149688,325,-48
2025/05/25 18:50:58.726650379,316,-48
2025/05/25 18:50:58.826879752,308,-47
2025/05/25 18:50:58.927874039,300,-46
2025/05/25 18:50:59.27262736,294,-46
2025/05/25 18:50:59.127496653,291,-46
2025/05/25 18:50:59.228038466,290,-45
2025/05/25 18:50:59.327705187,289,-45
2025/05/25 18:50:59.426874607,291,-45
2025/05/25 18:50:59.527009675,292,-45
2025/05/25 18:50:59.629388795,291,-45
2025/05/25 18:50:59.730108607,291,-45
2025/05/25 18:50:59.828846239,291,-45
2025/05/25 18:50:59.929955927,291,-45
2025/05/25 18:51:00.27441435,291,-45
2025/05/25 18:51:00.126897149,290,-45
2025/05/25 18:51:00.227316425,290,-45
2025/05/25 18:51:00.327243288,290,-45
2025/05/25 18:51:00.426674555,290,-45
2025/05/25 18:51:00.527030376,295,-46
2025/05/25 18:51:00.626709288,302,-47
2025/05/25 18:51:00.726834853,309,-48
2025/05/25 18:51:00.828033655,316,-49
2025/05/25 18:51:00.926882853,323,-50
2025/05/25 18:51:01.26734032,325,-50
2025/05/25 18:51:01.127233277,326,-50
2025/05/25 18:51:01.229187392,326,-50
2025/05/25 18:51:01.327477685,326,-50
2025/05/25 18:51:01.426745611,325,-50
2025/05/25 18:51:01.526951969,331,-51
2025/05/25 18:51:01.626681515,339,-51
2025/05/25 18:51:01.726852019,346,-52
2025/05/25 18:51:01.827212592,351,-52
2025/05/25 18:51:01.926693195,352,-52
2025/05/25 18:51:02.27385087,351,-52
2025/05/25 18:51:02.126707400,351,-52
2025/05/25 18:51:02.227650246,351,-52
2025/05/25 18:51:02.326890822,351,-52
2025/05/25 18:51:02.426729643,351,-52
2025/05/25 18:51:02.526665479,346,-51
2025/05/25 18:51:02.630471345,338,-50
2025/05/25 18:51:02.726756762,331,-49
2025/05/25 18:51:02.826820238,328,-49
2025/05/25 18:51:02.926895278,326,-49
2025/05/25 18:51:03.28510515,325,-49
2025/05/25 18:51:03.126719395,325,-49
2025/05/25 18:51:03.226779918,324,-49
2025/05/25 18:51:03.327926136,324,-49
2025/05/25 18:51:03.430300927,324,-49
2025/05/25 18:51:03.528244209,324,-49
2025/05/25 18:51:03.627537250,317,-48
2025/05/25 18:51:03.726682258,310,-47
2025/05/25 18:51:03.827035792,305,-47
2025/05/25 18:51:03.930610064,305,-47
2025/05/25 18:51:04.26719219,304,-47
2025/05/25 18:51:04.126925855,304,-47
2025/05/25 18:51:04.226757789,304,-47
2025/05/25 18:51:04.327050393,304,-47
2025/05/25 18:51:04.427555441,304,-47
2025/05/25 18:51:04.526801016,304,-47
2025/05/25 18:51:04.627754749,304,-47
2025/05/25 18:51:04.726777178,304,-47
2025/05/25 18:51:04.826639444,303,-47
2025/05/25 18:51:04.928047172,303,-47
2025/05/25 18:51:05.28013012,303,-47
2025/05/25 18:51:05.126726535,303,-47
2025/05/25 18:51:05.229932466,303,-47
2025/05/25 18:51:05.327133790,302,-47
2025/05/25 18:51:05.427209440,302,-47
2025/05/25 18:51:05.526797846,302,-47
2025/05/25 18:51:05.629933639,302,-47
2025/05/25 18:51:05.726723354,302,-47
2025/05/25 18:51:05.826713312,302,-47
2025/05/25 18:51:05.927488373,301,-47
2025/05/25 18:51:06.26704851,301,-47
2025/05/25 18:51:06.126761723,301,-47
2025/05/25 18:51:06.226656226,301,-47
2025/05/25 18:51:06.327067784,301,-47
2025/05/25 18:51:06.426605214,300,-47
2025/05/25 18:51:06.527983806,304,-47
2025/05/25 18:51:06.627411894,306,-47
2025/05/25 18:51:06.726733656,306,-47
2025/05/25 18:51:06.826836483,306,-47
2025/05/25 18:51:06.926845801,306,-48
2025/05/25 18:51:07.28326912,306,-48
2025/05/25 18:51:07.127445419,306,-48
2025/05/25 18:51:07.226902771,305,-48
2025/05/25 18:51:07.328498408,305,-48
2025/05/25 18:51:07.426713633,305,-48
2025/05/25 18:51:07.529584143,305,-47
2025/05/25 18:51:07.629447080,305,-47
2025/05/25 18:51:07.726772266,305,-47
2025/05/25 18:51:07.827026295,304,-47
2025/05/25 18:51:07.928907474,304,-47
2025/05/25 18:51:08.27158748,304,-47
2025/05/25 18:51:08.126776738,304,-47
2025/05/25 18:51:08.227011083,304,-47
2025/05/25 18:51:08.327468266,303,-47
2025/05/25 18:51:08.427862082,303,-47
2025/05/25 18:51:08.527673995,305,-46
2025/05/25 18:51:08.627967850,305,-46
2025/05/25 18:51:08.726855172,303,-46
2025/05/25 18:51:08.829379179,303,-46
2025/05/25 18:51:08.927897986,303,-46
2025/05/25 18:51:09.26712357,303,-46
2025/05/25 18:51:09.127139148,302,-46
2025/05/25 18:51:09.226679103,302,-46
2025/05/25 18:51:09.327774991,302,-46
2025/05/25 18:51:09.426879249,302,-46
2025/05/25 18:51:09.527672889,301,-46
2025/05/25 18:51:09.627109406,301,-46
2025/05/25 18:51:09.726658619,304,-46
2025/05/25 18:51:09.826840130,304,-46
2025/05/25 18:51:09.927226893,304,-46
2025/05/25 18:51:10.26623495,304,-46
2025/05/25 18:51:10.127649028,303,-46
2025/05/25 18:51:10.227594051,303,-46
2025/05/25 18:51:10.326879940,303,-46
2025/05/25 18:51:10.427454537,303,-46
2025/05/25 18:51:10.526959813,303,-46
2025/05/25 18:51:10.626961794,302,-46
2025/05/25 18:51:10.726814110,302,-46
2025/05/25 18:51:10.826720012,302,-46
2025/05/25 18:51:10.927946300,302,-46
2025/05/25 18:51:11.26819128,302,-46
2025/05/25 18:51:11.127611285,302,-46
2025/05/25 18:51:11.227553171,302,-46
2025/05/25 18:51:11.327292057,301,-46
2025/05/25 18:51:11.427450725,301,-46
2025/05/25 18:51:11.526785219,301,-46
2025/05/25 18:51:11.626808107,301,-46
2025/05/25 18:51:11.726850308,303,-46
2025/05/25 18:51:11.826861036,302,-46
2025/05/25 18:51:11.926971154,302,-46
2025/05/25 18:51:12.28246138,302,-46
2025/05/25 18:51:12.127006333,302,-46
2025/05/25 18:51:12.227463770,302,-46
2025/05/25 18:51:12.327466337,302,-46
2025/05/25 18:51:12.427213224,302,-46
2025/05/25 18:51:12.526797488,301,-46
2025/05/25 18:51:12.628354109,301,-46
2025/05/25 18:51:12.726836680,300,-46
2025/05/25 18:51:12.827198005,300,-46
2025/05/25 18:51:12.929338465,300,-46
2025/05/25 18:51:13.28054522,300,-46
2025/05/25 18:51:13.129369673,299,-46
2025/05/25 18:51:13.227111901,298,-46
2025/05/25 18:51:13.328172721,298,-46
2025/05/25 18:51:13.426793978,298,-46
2025/05/25 18:51:13.527138476,298,-46
2025/05/25 18:51:13.629584652,298,-46
2025/05/25 18:51:13.726710627,297,-46
2025/05/25 18:51:13.826696550,297,-46
2025/05/25 18:51:13.929171412,297,-46
2025/05/25 18:51:14.26767080,297,-46
2025/05/25 18:51:14.126622991,299,-46
2025/05/25 18:51:14.226757353,299,-46
2025/05/25 18:51:14.327233694,299,-46
2025/05/25 18:51:14.428013038,299,-46
2025/05/25 18:51:14.526716030,298,-46
2025/05/25 18:51:14.627590697,298,-46
2025/05/25 18:51:14.727765877,298,-46
2025/05/25 18:51:14.829213812,298,-46
2025/05/25 18:51:14.926769795,298,-46
2025/05/25 18:51:15.26732585,298,-46
2025/05/25 18:51:15.126774490,297,-46
2025/05/25 18:51:15.226886901,297,-46
2025/05/25 18:51:15.328211627,297,-46
2025/05/25 18:51:15.426737220,296,-46
2025/05/25 18:51:15.526773991,296,-46
2025/05/25 18:51:15.631706565,296,-46
2025/05/25 18:51:15.728294958,296,-46
2025/05/25 18:51:15.827316558,296,-46
2025/05/25 18:51:15.927126057,296,-46
2025/05/25 18:51:16.27498278,295,-46
2025/05/25 18:51:16.126897894,293,-45
2025/05/25 18:51:16.226765232,292,-45
2025/05/25 18:51:16.327123918,292,-45
2025/05/25 18:51:16.429626913,292,-45
2025/05/25 18:51:16.526760430,292,-45
2025/05/25 18:51:16.627041179,291,-45
2025/05/25 18:51:16.726727109,291,-45
2025/05/25 18:51:16.827298940,291,-45
2025/05/25 18:51:16.927250830,291,-45
2025/05/25 18:51:17.27196821,291,-45
2025/05/25 18:51:17.126681402,290,-45
2025/05/25 18:51:17.226945103,289,-45
2025/05/25 18:51:17.327085667,289,-45
2025/05/25 18:51:17.426729023,288,-45
2025/05/25 18:51:17.526753696,288,-45
2025/05/25 18:51:17.627101566,288,-45
2025/05/25 18:51:17.727035435,288,-45
2025/05/25 18:51:17.829137714,288,-45
2025/05/25 18:51:17.926852754,288,-45
2025/05/25 18:51:18.26930184,287,-45
2025/05/25 18:51:18.130452521,287,-45
2025/05/25 18:51:18.228318259,292,-46
2025/05/25 18:51:18.327895176,298,-47
2025/05/25 18:51:18.426732492,300,-47
2025/05/25 18:51:18.526807887,300,-47
2025/05/25 18:51:18.633804679,300,-47
2025/05/25 18:51:18.727012850,300,-47
2025/05/25 18:51:18.826858832,299,-47
2025/05/25 18:51:18.927310463,299,-47
2025/05/25 18:51:19.27871860,299,-47
2025/05/25 18:51:19.128060805,299,-47
2025/05/25 18:51:19.226973200,304,-48
2025/05/25 18:51:19.326722171,309,-49
2025/05/25 18:51:19.426953002,309,-49
2025/05/25 18:51:19.528884299,309,-49
2025/05/25 18:51:19.626992915,309,-49
2025/05/25 18:51:19.736404496,309,-49
2025/05/25 18:51:19.826855962,309,-49
2025/05/25 18:51:19.926848736,308,-49
2025/05/25 18:51:20.28176740,308,-49
2025/05/25 18:51:20.126799626,307,-47
2025/05/25 18:51:20.227034555,306,-47
2025/05/25 18:51:20.326994385,306,-47
2025/05/25 18:51:20.427755366,305,-47
2025/05/25 18:51:20.526770078,305,-47
2025/05/25 18:51:20.627476673,305,-47
2025/05/25 18:51:20.728301599,305,-47
2025/05/25 18:51:20.830420989,305,-47
2025/05/25 18:51:20.927109165,304,-47
2025/05/25 18:51:21.27103266,304,-47
2025/05/25 18:51:21.126683369,304,-47
2025/05/25 18:51:21.226939314,304,-47
2025/05/25 18:51:21.326900084,304,-47
2025/05/25 18:51:21.427006933,304,-47
2025/05/25 18:51:21.526818596,304,-47
2025/05/25 18:51:21.627735303,303,-47
2025/05/25 18:51:21.730374080,303,-47
2025/05/25 18:51:21.827204565,303,-47
2025/05/25 18:51:21.926892416,303,-47
2025/05/25 18:51:22.27370886,302,-47
2025/05/25 18:51:22.127093908,299,-46
2025/05/25 18:51:22.226837184,298,-46
2025/05/25 18:51:22.331602491,297,-46
2025/05/25 18:51:22.428091483,297,-46
2025/05/25 18:51:22.527631656,297,-46
2025/05/25 18:51:22.627141375,297,-46
2025/05/25 18:51:22.728428252,297,-46
2025/05/25 18:51:22.830220570,296,-46
2025/05/25 18:51:22.926887721,296,-46
2025/05/25 18:51:23.28442821,296,-46
2025/05/25 18:51:23.126885002,290,-45
2025/05/25 18:51:23.229471181,282,-44
2025/05/25 18:51:23.333724673,275,-43
2025/05/25 18:51:23.426858836,267,-42
2025/05/25 18:51:23.526769330,264,-42
2025/05/25 18:51:23.626960200,264,-42
2025/05/25 18:51:23.730748005,264,-42
2025/05/25 18:51:23.827299278,263,-42
2025/05/25 18:51:23.928201731,263,-42
2025/05/25 18:51:24.27173458,263,-42
2025/05/25 18:51:24.128038761,263,-42
2025/05/25 18:51:24.227546723,263,-42
2025/05/25 18:51:24.326966207,262,-42
2025/05/25 18:51:24.427262504,262,-42
2025/05/25 18:51:24.529911571,262,-42
2025/05/25 18:51:24.630772290,262,-42
2025/05/25 18:51:24.728160696,262,-42
2025/05/25 18:51:24.828640604,261,-42
2025/05/25 18:51:24.927236816,261,-42
2025/05/25 18:51:25.27567687,261,-42
2025/05/25 18:51:25.127024615,262,-42
2025/05/25 18:51:25.226984924,262,-42
2025/05/25 18:51:25.328173840,262,-42
2025/05/25 18:51:25.429350920,262,-42
2025/05/25 18:51:25.527986454,261,-42
2025/05/25 18:51:25.627299607,261,-42
2025/05/25 18:51:25.726956404,261,-42
2025/05/25 18:51:25.826738445,261,-42
2025/05/25 18:51:25.931293595,261,-42
2025/05/25 18:51:26.26927325,260,-42
2025/05/25 18:51:26.128030168,265,-43
2025/05/25 18:51:26.226856351,273,-44
2025/05/25 18:51:26.326945393,279,-45
2025/05/25 18:51:26.428791523,284,-46
2025/05/25 18:51:26.526868481,285,-47
2025/05/25 18:51:26.627485084,284,-47
2025/05/25 18:51:26.732897574,284,-47
2025/05/25 18:51:26.826789598,284,-47
2025/05/25 18:51:26.930086367,284,-47
2025/05/25 18:51:27.27297941,284,-47
2025/05/25 18:51:27.127114998,290,-47
2025/05/25 18:51:27.226861031,298,-48
2025/05/25 18:51:27.329758036,303,-48
2025/05/25 18:51:27.426956060,303,-48
2025/05/25 18:51:27.526981724,303,-48
2025/05/25 18:51:27.627401220,303,-48
2025/05/25 18:51:27.727677305,303,-48
2025/05/25 18:51:27.827065142,303,-48
2025/05/25 18:51:27.928809567,302,-48
2025/05/25 18:51:28.27379566,302,-48
2025/05/25 18:51:28.127869647,305,-48
2025/05/25 18:51:28.226845990,306,-48
2025/05/25 18:51:28.333002700,306,-48
2025/05/25 18:51:28.428956037,306,-48
2025/05/25 18:51:28.528825205,306,-48
2025/05/25 18:51:28.629401714,305,-48
2025/05/25 18:51:28.728606400,305,-48
2025/05/25 18:51:28.827039925,305,-48
2025/05/25 18:51:28.928933659,305,-48
2025/05/25 18:51:29.27447302,305,-48
2025/05/25 18:51:29.127167637,303,-47
2025/05/25 18:51:29.228477855,301,-47
2025/05/25 18:51:29.327937027,300,-47
2025/05/25 18:51:29.426941557,300,-47
2025/05/25 18:51:29.527277462,300,-47
2025/05/25 18:51:29.627813110,300,-47
2025/05/25 18:51:29.727315599,300,-47
2025/05/25 18:51:29.827097660,299,-47
2025/05/25 18:51:29.927677779,299,-47
2025/05/25 18:51:30.26843442,299,-47
2025/05/25 18:51:30.126852494,296,-46
2025/05/25 18:51:30.226968017,295,-46
2025/05/25 18:51:30.328916293,295,-46
2025/05/25 18:51:30.430259436,294,-46
2025/05/25 18:51:30.526876197,294,-46
2025/05/25 18:51:30.626775885,294,-46
2025/05/25 18:51:30.726837278,294,-46
2025/05/25 18:51:30.827585820,294,-46
2025/05/25 18:51:30.930074889,293,-46
2025/05/25 18:51:31.27544985,293,-46
2025/05/25 18:51:31.127054062,293,-46
2025/05/25 18:51:31.227305629,293,-46
2025/05/25 18:51:31.328272906,293,-46
2025/05/25 18:51:31.428480712,292,-46
2025/05/25 18:51:31.526934890,292,-46
2025/05/25 18:51:31.627025415,292,-46
2025/05/25 18:51:31.726878405,292,-46
2025/05/25 18:51:31.827451594,292,-46
2025/05/25 18:51:31.927291900,291,-46
2025/05/25 18:51:32.27526830,291,-46
2025/05/25 18:51:32.127163572,291,-46
2025/05/25 18:51:32.226848894,291,-46
2025/05/25 18:51:32.327721087,291,-46
2025/05/25 18:51:32.427011017,291,-46
2025/05/25 18:51:32.526905981,290,-46
2025/05/25 18:51:32.626964008,290,-46
2025/05/25 18:51:32.726905676,290,-46
2025/05/25 18:51:32.828508646,290,-46
2025/05/25 18:51:32.927052467,290,-46
2025/05/25 18:51:33.27173836,289,-46
2025/05/25 18:51:33.129156417,289,-46
2025/05/25 18:51:33.226939079,289,-46
2025/05/25 18:51:33.327709543,289,-46
2025/05/25 18:51:33.427214550,289,-46
2025/05/25 18:51:33.526960674,288,-46
2025/05/25 18:51:33.626805450,288,-46
2025/05/25 18:51:33.726819413,288,-46
2025/05/25 18:51:33.828764000,288,-46
2025/05/25 18:51:33.927133900,288,-46
2025/05/25 18:51:34.27487599,287,-46
2025/05/25 18:51:34.126818001,283,-45
2025/05/25 18:51:34.227450324,277,-44
2025/05/25 18:51:34.328688270,273,-43
2025/05/25 18:51:34.426990615,273,-43
2025/05/25 18:51:34.526895208,273,-43
2025/05/25 18:51:34.627074173,273,-43
2025/05/25 18:51:34.726903088,272,-43
2025/05/25 18:51:34.827263031,272,-43
2025/05/25 18:51:34.928817999,272,-43
2025/05/25 18:51:35.26851375,272,-43
2025/05/25 18:51:35.126778236,266,-42
2025/05/25 18:51:35.227004912,259,-41
2025/05/25 18:51:35.328055433,258,-40
2025/05/25 18:51:35.426875047,257,-40
2025/05/25 18:51:35.526936550,257,-40
2025/05/25 18:51:35.626805723,257,-40
2025/05/25 18:51:35.727155886,257,-40
2025/05/25 18:51:35.826957119,256,-40
2025/05/25 18:51:35.927912105,256,-40
2025/05/25 18:51:36.27019490,256,-40
2025/05/25 18:51:36.126927215,260,-42
2025/05/25 18:51:36.226849258,265,-43
2025/05/25 18:51:36.328714920,266,-43
2025/05/25 18:51:36.430796246,266,-43
2025/05/25 18:51:36.527460489,266,-43
2025/05/25 18:51:36.626922035,266,-43
2025/05/25 18:51:36.726957724,266,-43
2025/05/25 18:51:36.829564722,265,-43
2025/05/25 18:51:36.928577458,265,-43
2025/05/25 18:51:37.26903049,265,-43
2025/05/25 18:51:37.130460181,269,-44
2025/05/25 18:51:37.226925654,276,-45
2025/05/25 18:51:37.326844483,283,-47
2025/05/25 18:51:37.428272953,289,-48
2025/05/25 18:51:37.526939786,292,-48
2025/05/25 18:51:37.627633331,292,-48
2025/05/25 18:51:37.726820076,292,-48
2025/05/25 18:51:37.826841708,292,-48
2025/05/25 18:51:37.926813260,291,-48
2025/05/25 18:51:38.27679068,291,-48
2025/05/25 18:51:38.126946798,290,-47
2025/05/25 18:51:38.226863729,291,-47
2025/05/25 18:51:38.327249709,290,-47
2025/05/25 18:51:38.427349695,290,-47
2025/05/25 18:51:38.527752254,290,-47
2025/05/25 18:51:38.628972428,290,-47
2025/05/25 18:51:38.727017672,289,-47
2025/05/25 18:51:38.827083616,289,-47
2025/05/25 18:51:38.927213207,289,-47
2025/05/25 18:51:39.27825539,289,-47
2025/05/25 18:51:39.127197389,285,-46
2025/05/25 18:51:39.227519915,278,-45
2025/05/25 18:51:39.326963908,271,-43
2025/05/25 18:51:39.426838040,264,-42
2025/05/25 18:51:39.526876849,257,-41
2025/05/25 18:51:39.628769385,252,-40
2025/05/25 18:51:39.727192166,251,-40
2025/05/25 18:51:39.827045561,251,-40
2025/05/25 18:51:39.929867746,251,-40
2025/05/25 18:51:40.28557089,251,-40
2025/05/25 18:51:40.128706295,245,-39
2025/05/25 18:51:40.228027413,237,-37
2025/05/25 18:51:40.327289317,229,-36
2025/05/25 18:51:40.427143392,222,-34
2025/05/25 18:51:40.527035199,217,-33
2025/05/25 18:51:40.627425826,216,-33
2025/05/25 18:51:40.727613004,216,-33
2025/05/25 18:51:40.828600328,216,-33
2025/05/25 18:51:40.929707409,215,-33
2025/05/25 18:51:41.27446332,215,-33
2025/05/25 18:51:41.126863639,220,-34
2025/05/25 18:51:41.227642759,227,-36
2025/05/25 18:51:41.327034888,233,-38
2025/05/25 18:51:41.427258818,237,-39
2025/05/25 18:51:41.528043143,237,-39
2025/05/25 18:51:41.629018894,237,-39
2025/05/25 18:51:41.726953158,237,-39
2025/05/25 18:51:41.827096655,236,-39
2025/05/25 18:51:41.928687932,243,-40
2025/05/25 18:51:42.27682570,251,-41
2025/05/25 18:51:42.128618647,259,-42
2025/05/25 18:51:42.227054963,266,-43
2025/05/25 18:51:42.327249141,274,-44
2025/05/25 18:51:42.427017560,282,-45
2025/05/25 18:51:42.528816284,290,-46
2025/05/25 18:51:42.628395730,298,-47
2025/05/25 18:51:42.727870038,306,-47
2025/05/25 18:51:42.826896539,313,-48
2025/05/25 18:51:42.926981462,321,-49
2025/05/25 18:51:43.27113219,329,-49
2025/05/25 18:51:43.127456285,337,-50
2025/05/25 18:51:43.228415527,345,-51
2025/05/25 18:51:43.328707267,352,-51
2025/05/25 18:51:43.427773997,357,-52
2025/05/25 18:51:43.528912927,356,-51
2025/05/25 18:51:43.627368723,354,-51
2025/05/25 18:51:43.727444512,350,-51
2025/05/25 18:51:43.828050853,347,-51
2025/05/25 18:51:43.927844589,343,-50
2025/05/25 18:51:44.27174507,340,-50
2025/05/25 18:51:44.126930362,348,-48
2025/05/25 18:51:44.227082134,340,-48
2025/05/25 18:51:44.327935221,332,-49
2025/05/25 18:51:44.431267520,327,-49
2025/05/25 18:51:44.528133021,327,-49
2025/05/25 18:51:44.627643833,327,-49
2025/05/25 18:51:44.727332995,326,-49
2025/05/25 18:51:44.828060050,326,-49
2025/05/25 18:51:44.930077575,326,-49
2025/05/25 18:51:45.26962035,325,-49
2025/05/25 18:51:45.126927964,328,-48
2025/05/25 18:51:45.226937261,324,-48
2025/05/25 18:51:45.328329407,324,-48
2025/05/25 18:51:45.428059309,324,-48
2025/05/25 18:51:45.526880689,323,-48
2025/05/25 18:51:45.627823045,323,-48
2025/05/25 18:51:45.727626447,322,-48
2025/05/25 18:51:45.827076137,322,-48
2025/05/25 18:51:45.927615250,321,-48
2025/05/25 18:51:46.27962126,321,-48
2025/05/25 18:51:46.127520695,317,-47
2025/05/25 18:51:46.231612472,315,-46
2025/05/25 18:51:46.327021522,314,-46
2025/05/25 18:51:46.427127524,314,-46
2025/05/25 18:51:46.526965113,313,-46
2025/05/25 18:51:46.627133611,312,-46
2025/05/25 18:51:46.727741030,312,-46
2025/05/25 18:51:46.829722278,311,-45
2025/05/25 18:51:46.927042337,310,-45
2025/05/25 18:51:47.28692943,309,-45
2025/05/25 18:51:47.127563551,310,-45
2025/05/25 18:51:47.229783454,309,-45
2025/05/25 18:51:47.329198778,309,-45
2025/05/25 18:51:47.426987392,309,-45
2025/05/25 18:51:47.527079596,309,-45
2025/05/25 18:51:47.628293232,308,-45
2025/05/25 18:51:47.727347923,308,-45
2025/05/25 18:51:47.826912509,308,-45
2025/05/25 18:51:47.926847523,308,-45
2025/05/25 18:51:48.27124425,308,-45
2025/05/25 18:51:48.126831464,311,-46
2025/05/25 18:51:48.227051663,312,-46
2025/05/25 18:51:48.326940534,312,-46
2025/05/25 18:51:48.426901001,312,-46
2025/05/25 18:51:48.527080620,312,-46
2025/05/25 18:51:48.629594569,311,-46
2025/05/25 18:51:48.730968292,311,-46
2025/05/25 18:51:48.829436271,311,-46
2025/05/25 18:51:48.926986487,310,-46
2025/05/25 18:51:49.28675781,310,-46
2025/05/25 18:51:49.127670395,313,-46
2025/05/25 18:51:49.227235543,313,-46
2025/05/25 18:51:49.327380864,313,-46
2025/05/25 18:51:49.427220499,313,-46
2025/05/25 18:51:49.527820578,312,-46
2025/05/25 18:51:49.627484717,312,-46
2025/05/25 18:51:49.727121056,311,-46
2025/05/25 18:51:49.827510305,311,-46
2025/05/25 18:51:49.929473054,311,-46
2025/05/25 18:51:50.27571341,310,-46
2025/05/25 18:51:50.128124563,314,-47
2025/05/25 18:51:50.230161106,321,-48
2025/05/25 18:51:50.329705740,327,-49
2025/05/25 18:51:50.427458410,330,-49
2025/05/25 18:51:50.528044448,330,-49
2025/05/25 18:51:50.628160572,330,-49
2025/05/25 18:51:50.730693179,329,-49
2025/05/25 18:51:50.827768140,329,-49
2025/05/25 18:51:50.928284810,328,-49
2025/05/25 18:51:51.32216171,327,-49
2025/05/25 18:51:51.127068094,332,-50
2025/05/25 18:51:51.227316067,339,-51
2025/05/25 18:51:51.327643572,341,-51
2025/05/25 18:51:51.427230667,340,-50
2025/05/25 18:51:51.529257503,340,-50
2025/05/25 18:51:51.627081311,339,-50
2025/05/25 18:51:51.729161598,338,-50
2025/05/25 18:51:51.827161299,338,-50
2025/05/25 18:51:51.926946195,336,-50
2025/05/25 18:51:52.27032233,336,-50
2025/05/25 18:51:52.130218570,336,-50
2025/05/25 18:51:52.229266719,335,-50
2025/05/25 18:51:52.326922784,334,-50
2025/05/25 18:51:52.426897105,333,-49
2025/05/25 18:51:52.527357462,333,-49
2025/05/25 18:51:52.626972697,332,-49
2025/05/25 18:51:52.729683948,331,-49
2025/05/25 18:51:52.827053340,331,-49
2025/05/25 18:51:52.927211576,329,-49
2025/05/25 18:51:53.26931094,329,-49
2025/05/25 18:51:53.126954947,328,-49
2025/05/25 18:51:53.227531805,327,-49
2025/05/25 18:51:53.327781413,326,-49
2025/05/25 18:51:53.427621168,325,-48
2025/05/25 18:51:53.526951333,324,-48
2025/05/25 18:51:53.626908577,323,-48
2025/05/25 18:51:53.727086185,322,-48
2025/05/25 18:51:53.828439376,321,-48
2025/05/25 18:51:53.927529051,321,-48
2025/05/25 18:51:54.29688297,320,-47
2025/05/25 18:51:54.127197799,320,-48
2025/05/25 18:51:54.226962806,319,-48
2025/05/25 18:51:54.327162601,319,-48
2025/05/25 18:51:54.427429717,318,-48
2025/05/25 18:51:54.527731640,317,-47
2025/05/25 18:51:54.627149683,316,-47
2025/05/25 18:51:54.726994241,315,-47
2025/05/25 18:51:54.827433912,314,-47
2025/05/25 18:51:54.927558005,314,-47
2025/05/25 18:51:55.27657598,312,-47
2025/05/25 18:51:55.127157819,316,-48
2025/05/25 18:51:55.228354501,320,-49
2025/05/25 18:51:55.326903773,323,-50
2025/05/25 18:51:55.427178400,322,-50
2025/05/25 18:51:55.527685746,321,-50
2025/05/25 18:51:55.630565376,319,-50
2025/05/25 18:51:55.728392039,319,-49
2025/05/25 18:51:55.828435279,318,-49
2025/05/25 18:51:55.927247174,317,-49
2025/05/25 18:51:56.29413151,316,-49
2025/05/25 18:51:56.127149210,320,-50
2025/05/25 18:51:56.227843734,323,-51
2025/05/25 18:51:56.328317093,322,-51
2025/05/25 18:51:56.428859468,321,-51
2025/05/25 18:51:56.527601129,320,-51
2025/05/25 18:51:56.626992019,320,-51
2025/05/25 18:51:56.727059372,319,-51
2025/05/25 18:51:56.827042893,318,-50
2025/05/25 18:51:56.927702364,317,-50
2025/05/25 18:51:57.27340769,316,-50
2025/05/25 18:51:57.126971162,321,-51
2025/05/25 18:51:57.227133959,328,-52
2025/05/25 18:51:57.327135271,330,-52
2025/05/25 18:51:57.427872994,329,-52
2025/05/25 18:51:57.526915522,328,-52
2025/05/25 18:51:57.627042078,327,-52
2025/05/25 18:51:57.727217482,326,-52
2025/05/25 18:51:57.827232211,325,-52
2025/05/25 18:51:57.928913923,325,-52
2025/05/25 18:51:58.29236288,324,-52
2025/05/25 18:51:58.127473015,329,-52
2025/05/25 18:51:58.228949579,336,-53
2025/05/25 18:51:58.330941110,343,-54
2025/05/25 18:51:58.427748004,345,-54
2025/05/25 18:51:58.526966853,344,-54
2025/05/25 18:51:58.626977892,344,-54
2025/05/25 18:51:58.727987819,343,-54
2025/05/25 18:51:58.827785929,342,-54
2025/05/25 18:51:58.932668464,341,-54
2025/05/25 18:51:59.27049945,341,-54
2025/05/25 18:51:59.126935051,345,-55
2025/05/25 18:51:59.228638392,352,-55
2025/05/25 18:51:59.327893727,356,-56
2025/05/25 18:51:59.427030234,356,-56
2025/05/25 18:51:59.527204186,355,-56
2025/05/25 18:51:59.628870895,354,-56
2025/05/25 18:51:59.728176194,354,-56
2025/05/25 18:51:59.832143207,353,-56
2025/05/25 18:51:59.928036948,353,-56
2025/05/25 18:52:00.27066207,352,-55
2025/05/25 18:52:00.127207218,352,-55
2025/05/25 18:52:00.227941593,357,-56
2025/05/25 18:52:00.329666081,364,-57
2025/05/25 18:52:00.427204525,371,-57
2025/05/25 18:52:00.527114664,378,-58
2025/05/25 18:52:00.628242154,384,-59
2025/05/25 18:52:00.728768433,387,-60
2025/05/25 18:52:00.828982008,387,-60
2025/05/25 18:52:00.927580195,386,-60
2025/05/25 18:52:01.27403628,386,-60
2025/05/25 18:52:01.130590130,386,-60
2025/05/25 18:52:01.227099961,387,-60
2025/05/25 18:52:01.327149453,386,-60
2025/05/25 18:52:01.427876687,386,-60
2025/05/25 18:52:01.530130969,386,-61
2025/05/25 18:52:01.627116994,385,-61
2025/05/25 18:52:01.727619106,385,-61
2025/05/25 18:52:01.827035083,384,-61
2025/05/25 18:52:01.927090002,384,-61
2025/05/25 18:52:02.27468602,384,-61
2025/05/25 18:52:02.128076085,386,-60
2025/05/25 18:52:02.228784647,387,-60
2025/05/25 18:52:02.328102970,386,-60
2025/05/25 18:52:02.427149420,386,-60
2025/05/25 18:52:02.527165784,386,-60
2025/05/25 18:52:02.628490088,386,-61
2025/05/25 18:52:02.728299001,385,-61
2025/05/25 18:52:02.827281470,385,-61
2025/05/25 18:52:02.928086428,385,-61
2025/05/25 18:52:03.27158093,385,-61
2025/05/25 18:52:03.128088569,388,-60
2025/05/25 18:52:03.229979859,391,-59
2025/05/25 18:52:03.330477331,390,-59
2025/05/25 18:52:03.427832527,391,-59
2025/05/25 18:52:03.527444681,390,-59
2025/05/25 18:52:03.627135683,390,-59
2025/05/25 18:52:03.727067036,390,-59
2025/05/25 18:52:03.827414681,389,-59
2025/05/25 18:52:03.927203396,388,-59
2025/05/25 18:52:04.30627605,389,-59
2025/05/25 18:52:04.128550793,392,-58
2025/05/25 18:52:04.228842174,393,-58
2025/05/25 18:52:04.327971761,393,-58
2025/05/25 18:52:04.427120159,392,-58
2025/05/25 18:52:04.527021514,392,-58
2025/05/25 18:52:04.630695031,392,-58
2025/05/25 18:52:04.727623848,392,-58
2025/05/25 18:52:04.827109892,392,-58
2025/05/25 18:52:04.928217312,391,-58
2025/05/25 18:52:05.27983507,391,-58
2025/05/25 18:52:05.129702253,388,-57
2025/05/25 18:52:05.228786366,387,-57
2025/05/25 18:52:05.327527890,386,-57
2025/05/25 18:52:05.427776388,386,-57
2025/05/25 18:52:05.528192310,386,-57
2025/05/25 18:52:05.628713874,386,-57
2025/05/25 18:52:05.727056620,385,-57
2025/05/25 18:52:05.826990431,385,-56
2025/05/25 18:52:05.927267879,385,-56
2025/05/25 18:52:06.27224502,385,-56
2025/05/25 18:52:06.127612103,384,-56
2025/05/25 18:52:06.227723050,385,-56
2025/05/25 18:52:06.328244804,384,-56
2025/05/25 18:52:06.428271186,384,-56
2025/05/25 18:52:06.527136387,383,-56
2025/05/25 18:52:06.629558220,383,-56
2025/05/25 18:52:06.727142163,383,-56
2025/05/25 18:52:06.828248309,383,-56
2025/05/25 18:52:06.929844584,383,-56
2025/05/25 18:52:07.27515633,382,-56
2025/05/25 18:52:07.127046509,386,-56
2025/05/25 18:52:07.227182528,385,-56
2025/05/25 18:52:07.329663483,385,-56
2025/05/25 18:52:07.427033663,385,-55
2025/05/25 18:52:07.527803706,384,-55
2025/05/25 18:52:07.628597912,385,-55
2025/05/25 18:52:07.727326043,384,-55
2025/05/25 18:52:07.828663754,385,-55
2025/05/25 18:52:07.927690654,384,-55
2025/05/25 18:52:08.28189677,384,-55
2025/05/25 18:52:08.127198333,385,-56
2025/05/25 18:52:08.227333112,386,-56
2025/05/25 18:52:08.327797357,386,-56
2025/05/25 18:52:08.428446017,386,-56
2025/05/25 18:52:08.526959398,386,-55
2025/05/25 18:52:08.628264793,386,-55
2025/05/25 18:52:08.727031283,385,-55
2025/05/25 18:52:08.827435956,386,-54
2025/05/25 18:52:08.927281269,385,-54
2025/05/25 18:52:09.28501233,385,-54
2025/05/25 18:52:09.128409634,386,-55
2025/05/25 18:52:09.227491946,386,-55
2025/05/25 18:52:09.332254219,386,-55
2025/05/25 18:52:09.427577015,386,-55
2025/05/25 18:52:09.527246206,386,-55
2025/05/25 18:52:09.628437133,385,-55
2025/05/25 18:52:09.727487938,386,-55
2025/05/25 18:52:09.829369157,385,-55
2025/05/25 18:52:09.928494552,385,-55
2025/05/25 18:52:10.27694014,385,-55
2025/05/25 18:52:10.127189377,386,-55
2025/05/25 18:52:10.228366045,386,-55
2025/05/25 18:52:10.331860429,385,-55
2025/05/25 18:52:10.429906903,385,-55
2025/05/25 18:52:10.527751557,385,-55
2025/05/25 18:52:10.627811205,385,-55
2025/05/25 18:52:10.727184468,385,-55
2025/05/25 18:52:10.828625744,385,-55
2025/05/25 18:52:10.928170509,385,-55
2025/05/25 18:52:11.27958876,384,-55
2025/05/25 18:52:11.127436745,385,-55
2025/05/25 18:52:11.229462763,385,-55
2025/05/25 18:52:11.327273350,385,-55
2025/05/25 18:52:11.427484947,385,-55
2025/05/25 18:52:11.527906856,385,-55
2025/05/25 18:52:11.627691747,384,-55
2025/05/25 18:52:11.727481981,384,-55
2025/05/25 18:52:11.827252244,384,-55
2025/05/25 18:52:11.928812562,383,-55
2025/05/25 18:52:12.30947328,383,-55
2025/05/25 18:52:12.128717660,383,-55
2025/05/25 18:52:12.227876232,384,-55
2025/05/25 18:52:12.327453608,384,-55
2025/05/25 18:52:12.430709056,384,-55
2025/05/25 18:52:12.527774322,383,-55
2025/05/25 18:52:12.631246050,383,-55
2025/05/25 18:52:12.726986250,383,-55
2025/05/25 18:52:12.828302760,383,-55
2025/05/25 18:52:12.927303605,383,-55
2025/05/25 18:52:13.27098820,382,-55
2025/05/25 18:52:13.127094818,382,-55
2025/05/25 18:52:13.227599775,384,-56
2025/05/25 18:52:13.329704767,384,-56
2025/05/25 18:52:13.427195621,384,-56
2025/05/25 18:52:13.527087163,384,-56
2025/05/25 18:52:13.626959723,384,-56
2025/05/25 18:52:13.728944532,384,-56
2025/05/25 18:52:13.827551562,383,-56
2025/05/25 18:52:13.927196648,383,-56
2025/05/25 18:52:14.27258371,383,-56
2025/05/25 18:52:14.128812615,382,-56
2025/05/25 18:52:14.227886694,383,-57
2025/05/25 18:52:14.330457854,383,-57
2025/05/25 18:52:14.426972168,384,-57
2025/05/25 18:52:14.527003827,385,-57
2025/05/25 18:52:14.627319349,385,-57
2025/05/25 18:52:14.733368117,385,-57
2025/05/25 18:52:14.827859474,385,-56
2025/05/25 18:52:14.928263109,385,-56
2025/05/25 18:52:15.29320265,385,-56
2025/05/25 18:52:15.127080175,385,-56
2025/05/25 18:52:15.227257046,385,-57
2025/05/25 18:52:15.327262348,386,-57
2025/05/25 18:52:15.428805571,386,-57
2025/05/25 18:52:15.527664444,386,-57
2025/05/25 18:52:15.627485665,386,-57
2025/05/25 18:52:15.728358971,385,-57
2025/05/25 18:52:15.828518674,385,-57
2025/05/25 18:52:15.927425607,385,-57
2025/05/25 18:52:16.30125849,385,-57
2025/05/25 18:52:16.127350905,384,-57
2025/05/25 18:52:16.227028669,384,-57
2025/05/25 18:52:16.328993886,384,-56
2025/05/25 18:52:16.430299910,383,-56
2025/05/25 18:52:16.534143228,383,-56
2025/05/25 18:52:16.628187023,383,-56
2025/05/25 18:52:16.727591796,383,-56
2025/05/25 18:52:16.827212483,383,-56
2025/05/25 18:52:16.930845009,382,-56
2025/05/25 18:52:17.29726813,382,-56
2025/05/25 18:52:17.132110717,382,-56
2025/05/25 18:52:17.228323033,382,-56
2025/05/25 18:52:17.331258617,382,-56
2025/05/25 18:52:17.434377709,382,-56
2025/05/25 18:52:17.534132677,381,-56
2025/05/25 18:52:17.627282739,381,-56
2025/05/25 18:52:17.727046251,381,-56
2025/05/25 18:52:17.828427931,381,-56
2025/05/25 18:52:17.927253562,381,-56
2025/05/25 18:52:18.27178725,381,-56
2025/05/25 18:52:18.127193334,380,-56
2025/05/25 18:52:18.228646665,381,-56
2025/05/25 18:52:18.328762190,381,-56
2025/05/25 18:52:18.427276339,381,-56
2025/05/25 18:52:18.527876057,381,-56
2025/05/25 18:52:18.628630527,381,-56
2025/05/25 18:52:18.727346297,381,-56
2025/05/25 18:52:18.828884358,380,-56
2025/05/25 18:52:18.927558891,380,-56
2025/05/25 18:52:19.27669265,380,-56
2025/05/25 18:52:19.127258670,380,-56
2025/05/25 18:52:19.227133089,381,-56
2025/05/25 18:52:19.327250297,381,-56
2025/05/25 18:52:19.427243187,381,-56
2025/05/25 18:52:19.528175970,380,-56
2025/05/25 18:52:19.627402024,380,-56
2025/05/25 18:52:19.727244793,380,-56
2025/05/25 18:52:19.831910628,380,-56
2025/05/25 18:52:19.930209221,380,-56
2025/05/25 18:52:20.27566298,380,-56
2025/05/25 18:52:20.127152286,379,-56
2025/05/25 18:52:20.229976027,378,-56
2025/05/25 18:52:20.327644726,378,-56
2025/05/25 18:52:20.428998822,378,-56
2025/05/25 18:52:20.528369061,378,-56
2025/05/25 18:52:20.628591808,378,-56
2025/05/25 18:52:20.727232650,378,-56
2025/05/25 18:52:20.827230474,378,-56
2025/05/25 18:52:20.928251298,377,-56
2025/05/25 18:52:21.30700733,377,-56
2025/05/25 18:52:21.127736725,377,-56
2025/05/25 18:52:21.228264833,378,-56
2025/05/25 18:52:21.329130216,378,-56
2025/05/25 18:52:21.428234622,378,-56
2025/05/25 18:52:21.527410107,378,-56
2025/05/25 18:52:21.627397516,378,-56
2025/05/25 18:52:21.727727700,377,-56
2025/05/25 18:52:21.827269430,377,-56
2025/05/25 18:52:21.928125860,377,-56
2025/05/25 18:52:22.28811371,377,-56
2025/05/25 18:52:22.127586924,377,-56
2025/05/25 18:52:22.227031920,378,-56
2025/05/25 18:52:22.328606039,379,-56
2025/05/25 18:52:22.427641619,378,-56
2025/05/25 18:52:22.528665010,378,-56
2025/05/25 18:52:22.627489442,378,-56
2025/05/25 18:52:22.728049010,378,-56
2025/05/25 18:52:22.827095882,378,-55
2025/05/25 18:52:22.928595082,377,-55
2025/05/25 18:52:23.31267639,377,-55
2025/05/25 18:52:23.127432364,377,-55
2025/05/25 18:52:23.227376870,378,-56
2025/05/25 18:52:23.330148995,378,-56
2025/05/25 18:52:23.427210259,378,-56
2025/05/25 18:52:23.527162474,378,-56
2025/05/25 18:52:23.628034595,378,-56
2025/05/25 18:52:23.729138338,377,-56
2025/05/25 18:52:23.828476290,377,-56
2025/05/25 18:52:23.927259990,377,-56
2025/05/25 18:52:24.29598266,377,-56
2025/05/25 18:52:24.127372593,377,-56
2025/05/25 18:52:24.229062884,378,-56
2025/05/25 18:52:24.327609717,378,-56
2025/05/25 18:52:24.427193037,377,-56
2025/05/25 18:52:24.527331978,377,-56
2025/05/25 18:52:24.628138004,377,-56
2025/05/25 18:52:24.727339827,377,-56
2025/05/25 18:52:24.827310854,377,-56
2025/05/25 18:52:24.927815606,377,-56
2025/05/25 18:52:25.29793285,376,-56
2025/05/25 18:52:25.127295496,376,-56
2025/05/25 18:52:25.227414259,376,-56
2025/05/25 18:52:25.329816335,376,-56
2025/05/25 18:52:25.427210568,375,-56
2025/05/25 18:52:25.527899698,374,-55
2025/05/25 18:52:25.627549952,374,-55
2025/05/25 18:52:25.727128108,374,-55
2025/05/25 18:52:25.827244148,374,-55
2025/05/25 18:52:25.928808105,374,-55
2025/05/25 18:52:26.27675939,373,-55
2025/05/25 18:52:26.127118781,373,-55
2025/05/25 18:52:26.230390442,373,-55
2025/05/25 18:52:26.328621204,373,-55
2025/05/25 18:52:26.427684227,373,-55
2025/05/25 18:52:26.527256005,376,-56
2025/05/25 18:52:26.627154955,377,-57
2025/05/25 18:52:26.729947916,377,-57
2025/05/25 18:52:26.827123383,377,-57
2025/05/25 18:52:26.929116146,377,-56
2025/05/25 18:52:27.27477847,377,-56
2025/05/25 18:52:27.128708801,376,-57
2025/05/25 18:52:27.227285606,377,-57
2025/05/25 18:52:27.327372791,377,-57
2025/05/25 18:52:27.427321670,376,-57
2025/05/25 18:52:27.528018480,377,-57
2025/05/25 18:52:27.627381469,378,-57
2025/05/25 18:52:27.727117045,378,-57
2025/05/25 18:52:27.827214632,377,-57
2025/05/25 18:52:27.929778025,377,-57
2025/05/25 18:52:28.27537225,377,-57
2025/05/25 18:52:28.129291297,377,-57
2025/05/25 18:52:28.227871159,377,-57
2025/05/25 18:52:28.334000219,376,-57
2025/05/25 18:52:28.427408629,376,-57
2025/05/25 18:52:28.527190014,378,-57
2025/05/25 18:52:28.629411345,379,-58
2025/05/25 18:52:28.727455592,379,-58
2025/05/25 18:52:28.827546269,379,-58
2025/05/25 18:52:28.928638190,379,-58
2025/05/25 18:52:29.27329466,378,-58
2025/05/25 18:52:29.127301521,378,-57
2025/05/25 18:52:29.228412328,378,-57
2025/05/25 18:52:29.328045882,377,-57
2025/05/25 18:52:29.427232555,377,-57
2025/05/25 18:52:29.527171894,378,-57
2025/05/25 18:52:29.628745906,378,-57
2025/05/25 18:52:29.727383681,378,-57
2025/05/25 18:52:29.829662270,378,-57
2025/05/25 18:52:29.928364194,377,-57
2025/05/25 18:52:30.29136893,377,-57
2025/05/25 18:52:30.128082556,377,-57
2025/05/25 18:52:30.230453263,377,-57
2025/05/25 18:52:30.328222909,377,-57
2025/05/25 18:52:30.427185025,377,-57
2025/05/25 18:52:30.527360670,377,-58
2025/05/25 18:52:30.627340501,377,-58
2025/05/25 18:52:30.728422033,377,-58
2025/05/25 18:52:30.827244130,377,-58
2025/05/25 18:52:30.928132554,377,-58
2025/05/25 18:52:31.28629844,377,-58
2025/05/25 18:52:31.127752668,377,-58
2025/05/25 18:52:31.227250887,377,-58
2025/05/25 18:52:31.327537036,376,-58
2025/05/25 18:52:31.427243264,377,-58
2025/05/25 18:52:31.527343986,378,-58
2025/05/25 18:52:31.630716733,377,-58
2025/05/25 18:52:31.727386519,377,-58
2025/05/25 18:52:31.827443088,377,-58
2025/05/25 18:52:31.927759672,377,-58
2025/05/25 18:52:32.27956376,377,-58
2025/05/25 18:52:32.127838842,377,-58
2025/05/25 18:52:32.227364165,377,-58
2025/05/25 18:52:32.327219535,376,-58
2025/05/25 18:52:32.430090403,377,-58
2025/05/25 18:52:32.530737182,377,-58
2025/05/25 18:52:32.627294128,377,-58
2025/05/25 18:52:32.728061716,376,-58
2025/05/25 18:52:32.827694492,376,-58
2025/05/25 18:52:32.930316137,376,-58
2025/05/25 18:52:33.29052667,376,-58
2025/05/25 18:52:33.127307926,376,-58
2025/05/25 18:52:33.227209693,376,-58
2025/05/25 18:52:33.327172450,375,-58
2025/05/25 18:52:33.428644156,378,-59
2025/05/25 18:52:33.527437835,378,-59
2025/05/25 18:52:33.628299133,378,-59
2025/05/25 18:52:33.727628692,379,-59
2025/05/25 18:52:33.829337352,378,-59
2025/05/25 18:52:33.927332241,378,-59
2025/05/25 18:52:34.29207265,377,-58
2025/05/25 18:52:34.127816539,377,-58
2025/05/25 18:52:34.227092443,377,-58
2025/05/25 18:52:34.327260157,377,-58
2025/05/25 18:52:34.427490554,377,-58
2025/05/25 18:52:34.527791388,377,-58
2025/05/25 18:52:34.627352873,377,-58
2025/05/25 18:52:34.728524378,377,-58
2025/05/25 18:52:34.827264737,377,-58
2025/05/25 18:52:34.928521200,377,-58
2025/05/25 18:52:35.28177194,377,-58
2025/05/25 18:52:35.127306116,376,-58
2025/05/25 18:52:35.228455741,376,-58
2025/05/25 18:52:35.328545728,376,-58
2025/05/25 18:52:35.427200104,376,-58
2025/05/25 18:52:35.527325034,378,-59
2025/05/25 18:52:35.627314798,378,-59
2025/05/25 18:52:35.727543923,378,-59
2025/05/25 18:52:35.827822629,378,-59
2025/05/25 18:52:35.927475898,377,-59
2025/05/25 18:52:36.27325757,377,-59
2025/05/25 18:52:36.127671020,377,-59
2025/05/25 18:52:36.227333440,377,-59
2025/05/25 18:52:36.327367519,377,-59
2025/05/25 18:52:36.427160131,376,-59
2025/05/25 18:52:36.529085305,387,-57
2025/05/25 18:52:36.627768762,382,-57
2025/05/25 18:52:36.728744439,379,-57
2025/05/25 18:52:36.827357715,379,-57
2025/05/25 18:52:36.927319845,379,-57
2025/05/25 18:52:37.28455577,378,-57
2025/05/25 18:52:37.127314818,378,-57
2025/05/25 18:52:37.227170140,378,-57
2025/05/25 18:52:37.327295733,378,-57
2025/05/25 18:52:37.427676661,378,-57
2025/05/25 18:52:37.527409206,377,-57
2025/05/25 18:52:37.627247140,377,-57
2025/05/25 18:52:37.727228272,377,-57
2025/05/25 18:52:37.829581311,377,-57
2025/05/25 18:52:37.928262945,377,-57
2025/05/25 18:52:38.27358546,376,-57
2025/05/25 18:52:38.127433149,376,-57
2025/05/25 18:52:38.227434969,376,-57
2025/05/25 18:52:38.330741664,376,-57
2025/05/25 18:52:38.427913561,376,-57
2025/05/25 18:52:38.527470088,377,-58
2025/05/25 18:52:38.627258218,377,-58
2025/05/25 18:52:38.727266827,377,-58
2025/05/25 18:52:38.827999899,377,-58
2025/05/25 18:52:38.930152953,377,-58
2025/05/25 18:52:39.28009241,376,-58
2025/05/25 18:52:39.127416876,376,-58
2025/05/25 18:52:39.228568780,376,-58
2025/05/25 18:52:39.327594067,376,-58
2025/05/25 18:52:39.427521649,376,-58
2025/05/25 18:52:39.527565817,377,-58
2025/05/25 18:52:39.628864717,377,-58
2025/05/25 18:52:39.727292307,377,-58
2025/05/25 18:52:39.827412833,377,-58
2025/05/25 18:52:39.927280417,377,-58
2025/05/25 18:52:40.27614301,377,-58
2025/05/25 18:52:40.127607674,377,-58
2025/05/25 18:52:40.227545640,377,-58
2025/05/25 18:52:40.327367889,376,-58
2025/05/25 18:52:40.427906750,376,-58
2025/05/25 18:52:40.527399745,377,-58
2025/05/25 18:52:40.633074787,377,-58
2025/05/25 18:52:40.728412045,377,-58
2025/05/25 18:52:40.829921484,376,-58
2025/05/25 18:52:40.929774225,376,-58
2025/05/25 18:52:41.27933615,376,-58
2025/05/25 18:52:41.128807150,376,-58
2025/05/25 18:52:41.227499197,376,-58
2025/05/25 18:52:41.327551693,376,-58
2025/05/25 18:52:41.427379570,375,-58
2025/05/25 18:52:41.527475371,375,-58
2025/05/25 18:52:41.627413555,375,-58
2025/05/25 18:52:41.727171839,375,-58
2025/05/25 18:52:41.829028808,375,-58
2025/05/25 18:52:41.927949434,375,-58
2025/05/25 18:52:42.27570051,374,-58
2025/05/25 18:52:42.129025256,374,-58
2025/05/25 18:52:42.227591562,374,-58
2025/05/25 18:52:42.327678980,374,-58
2025/05/25 18:52:42.429441198,374,-58
2025/05/25 18:52:42.528346354,374,-58
2025/05/25 18:52:42.627316503,373,-58
2025/05/25 18:52:42.727506905,373,-58
2025/05/25 18:52:42.827404480,373,-58
2025/05/25 18:52:42.929384289,373,-58
2025/05/25 18:52:43.27907615,373,-58
2025/05/25 18:52:43.129370919,373,-58
2025/05/25 18:52:43.227384912,372,-58
2025/05/25 18:52:43.329101812,372,-58
2025/05/25 18:52:43.427420294,372,-58
2025/05/25 18:52:43.527980198,372,-58
2025/05/25 18:52:43.627354969,372,-58
2025/05/25 18:52:43.727406563,372,-58
2025/05/25 18:52:43.831478936,372,-58
2025/05/25 18:52:43.927392342,371,-58
2025/05/25 18:52:44.27828270,371,-58
2025/05/25 18:52:44.127282562,371,-58
2025/05/25 18:52:44.227317514,371,-58
2025/05/25 18:52:44.331164961,371,-58
2025/05/25 18:52:44.427926171,371,-58
2025/05/25 18:52:44.528233083,372,-58
2025/05/25 18:52:44.627312587,372,-58
2025/05/25 18:52:44.732623729,371,-58
2025/05/25 18:52:44.830638926,371,-58
2025/05/25 18:52:44.928265400,371,-58
2025/05/25 18:52:45.28368868,371,-58
2025/05/25 18:52:45.127390232,371,-58
2025/05/25 18:52:45.227819551,371,-58
2025/05/25 18:52:45.328234934,371,-58
2025/05/25 18:52:45.427562927,371,-58
2025/05/25 18:52:45.527366115,370,-58
2025/05/25 18:52:45.627483385,370,-58
2025/05/25 18:52:45.729208820,370,-58
2025/05/25 18:52:45.831007253,370,-58
2025/05/25 18:52:45.927403969,370,-58
2025/05/25 18:52:46.27243588,370,-58
2025/05/25 18:52:46.127462898,370,-58
2025/05/25 18:52:46.227310448,369,-58
2025/05/25 18:52:46.327881302,369,-58
2025/05/25 18:52:46.427422885,369,-58
2025/05/25 18:52:46.528493975,369,-58
2025/05/25 18:52:46.627635633,369,-58
2025/05/25 18:52:46.727439610,369,-58
2025/05/25 18:52:46.827586699,368,-58
2025/05/25 18:52:46.928348683,368,-58
2025/05/25 18:52:47.30159458,368,-58
2025/05/25 18:52:47.131622936,368,-58
2025/05/25 18:52:47.231380154,368,-58
2025/05/25 18:52:47.328353179,368,-58
2025/05/25 18:52:47.429042421,367,-58
2025/05/25 18:52:47.528529107,367,-58
2025/05/25 18:52:47.628124180,367,-58
2025/05/25 18:52:47.728128530,367,-58
2025/05/25 18:52:47.828088875,367,-58
2025/05/25 18:52:47.929892352,367,-58
2025/05/25 18:52:48.30210267,367,-58
2025/05/25 18:52:48.128020337,366,-58
2025/05/25 18:52:48.230163946,366,-58
2025/05/25 18:52:48.331392538,366,-58
2025/05/25 18:52:48.427534359,365,-58
2025/05/25 18:52:48.527897634,365,-58
2025/05/25 18:52:48.631342537,365,-58
2025/05/25 18:52:48.729085823,365,-58
2025/05/25 18:52:48.827328350,365,-58
2025/05/25 18:52:48.928627121,365,-58
2025/05/25 18:52:49.27602860,364,-58
2025/05/25 18:52:49.130117546,364,-58
2025/05/25 18:52:49.227258415,364,-58
2025/05/25 18:52:49.328169271,364,-58
2025/05/25 18:52:49.428574312,364,-58
2025/05/25 18:52:49.528359727,364,-58
2025/05/25 18:52:49.629543903,364,-58
2025/05/25 18:52:49.727802711,363,-58
2025/05/25 18:52:49.828648785,363,-58
2025/05/25 18:52:49.928606741,363,-58
2025/05/25 18:52:50.29668610,363,-58
2025/05/25 18:52:50.134321207,363,-58
2025/05/25 18:52:50.228238857,363,-58
2025/05/25 18:52:50.329249769,363,-58
2025/05/25 18:52:50.427553208,362,-58
2025/05/25 18:52:50.527602747,362,-58
2025/05/25 18:52:50.628351452,362,-58
2025/05/25 18:52:50.727669363,362,-58
2025/05/25 18:52:50.827449504,362,-58
2025/05/25 18:52:50.927287010,362,-58
2025/05/25 18:52:51.29220086,361,-58
2025/05/25 18:52:51.128956102,361,-58
2025/05/25 18:52:51.227542425,361,-58
2025/05/25 18:52:51.327518502,361,-58
2025/05/25 18:52:51.427398590,361,-58
2025/05/25 18:52:51.529101410,361,-58
2025/05/25 18:52:51.628150758,360,-58
2025/05/25 18:52:51.727897806,360,-58
2025/05/25 18:52:51.828795693,360,-58
2025/05/25 18:52:51.928712668,360,-58
2025/05/25 18:52:52.27363155,360,-58
2025/05/25 18:52:52.127379808,360,-58
2025/05/25 18:52:52.230310132,359,-58
2025/05/25 18:52:52.336970342,359,-58
2025/05/25 18:52:52.432941665,359,-58
2025/05/25 18:52:52.528415443,359,-58
2025/05/25 18:52:52.629075935,359,-58
2025/05/25 18:52:52.727933079,359,-58
2025/05/25 18:52:52.829166246,359,-58
2025/05/25 18:52:52.927653805,358,-58
2025/05/25 18:52:53.32375694,358,-58
2025/05/25 18:52:53.127453034,358,-58
2025/05/25 18:52:53.228821210,358,-58
2025/05/25 18:52:53.328288277,358,-58
2025/05/25 18:52:53.427459972,358,-58
2025/05/25 18:52:53.528001975,357,-58
2025/05/25 18:52:53.631161454,357,-58
2025/05/25 18:52:53.727700589,357,-58
2025/05/25 18:52:53.828255824,357,-58
2025/05/25 18:52:53.928342483,357,-58
2025/05/25 18:52:54.27403610,356,-58
2025/05/25 18:52:54.129951694,356,-58
2025/05/25 18:52:54.229449281,356,-58
2025/05/25 18:52:54.327901564,356,-58
