time,header_stamp_secs,header_stamp_nsecs,header_frame_id,pose_position_x,pose_position_y,pose_position_z,pose_orientation_x,pose_orientation_y,pose_orientation_z,pose_orientation_w
2025/05/20 13:36:32.923245075,1747740992,922927465,piren,-461.68864547388426,-297.7120626894937,2.343489962572503,0.007896779794490615,0.02708011830999176,0.9555095401387445,0.29360828797062144
2025/05/20 13:36:32.974558915,1747740992,974065549,piren,-461.6559626896761,-297.6638873515202,2.3181832201190735,-0.0013121139985212348,-0.0029738322606256942,0.9558885845485542,0.29371150574722515
2025/05/20 13:36:33.24206583,1747740993,23794906,piren,-461.6617980302002,-297.67255239263864,2.3234280116328008,-0.009127542272524278,-0.028350863402327904,0.9554727167277729,0.2935724852659987
2025/05/20 13:36:33.75869300,1747740993,75484444,piren,-461.6915819314247,-297.7164364533795,2.3445187039643236,7.174915412276564e-05,0.0016780809901097192,0.9558917562551051,0.2937143667234891
2025/05/20 13:36:33.126790544,1747740993,125480936,piren,-461.68300825364526,-297.70370960166116,2.3390585280878207,0.007896725485757957,0.027078729658361694,0.9555096385291455,0.2936080973076081
2025/05/20 13:36:33.176053141,1747740993,175659766,piren,-461.65200153332097,-297.6580187327863,2.31507718613655,-0.0013122264091998768,-0.0029743784192244895,0.955888641695458,0.29371131372911513
2025/05/20 13:36:33.227053492,1747740993,226642571,piren,-461.65911106275445,-297.6685565532748,2.3213196907643514,-0.009127344733366875,-0.028351255165005675,0.9554727527020078,0.2935723364909149
2025/05/20 13:36:33.278233700,1747740993,276242681,piren,-461.689938338385,-297.7139996629099,2.3432306183043146,7.235411958057201e-05,0.00167773372781974,0.9558918046742039,0.2937142109791652
2025/05/20 13:36:33.325504319,1747740993,325160036,piren,-461.6820145587855,-297.70224380028253,2.3382795763843163,0.007896675045854217,0.02707886908531763,0.955509667864125,0.293607990338257
2025/05/20 13:36:33.371819221,1747740993,365501196,piren,-461.6513384431556,-297.65701264032583,2.314554724667666,-0.0013122862128771412,-0.002974089108152658,0.9558886757447351,0.293711205577603
2025/05/20 13:36:33.423364700,1747740993,423073225,piren,-461.6585544182023,-297.6677204815979,2.3208888207294094,-0.009126920808262788,-0.02835166916482896,0.9554727708852614,0.2935722505090845
2025/05/20 13:36:33.471682198,1747740993,470849100,piren,-461.6894765259124,-297.7132942361953,2.3428802778080384,7.252706241586259e-05,0.0016774027382655747,0.9558918356782956,0.2937141119242609
2025/05/20 13:36:33.525864667,1747740993,524517787,piren,-461.681728226676,-297.7017967057785,2.3380673315909433,0.007896220874210297,0.027079012380214287,0.955509743931637,0.29360774178504795
2025/05/20 13:36:33.574248741,1747740993,573986228,piren,-461.6512933181053,-297.656940876709,2.3145320362625843,-0.0013125590789899544,-0.002974011954640636,0.9558887560269976,0.2937109438592932
2025/05/20 13:36:33.626917243,1747740993,626542202,piren,-461.6587843384715,-297.66805547691933,2.321079845201452,-0.009127488372923606,-0.028351574915936005,0.9554728561734005,0.2935719643828963
2025/05/20 13:36:33.678041540,1747740993,677589256,piren,-461.68971128299904,-297.71364972328433,2.343076980499016,7.431972031084823e-05,0.0016833580255834941,0.9558919078428393,0.29371384254562094
2025/05/20 13:36:33.729491983,1747740993,728899973,piren,-461.6819625225832,-297.7021559037319,2.3382628752209795,0.00789712991541414,0.027081378954750053,0.9555097337988686,0.2936075320366008
2025/05/20 13:36:33.768031784,1747740993,767636902,piren,-461.65138446643994,-297.65708223985695,2.3146066569836186,-0.0013453875813138952,-0.003080480897739111,0.9558884758393743,0.29371060983078673
2025/05/20 13:36:33.818753976,1747740993,818340402,piren,-461.6590162519029,-297.66841434099723,2.3212634575040054,-0.009124908345712116,-0.02834230475333344,0.9554731896946959,0.29357185420880405
2025/05/20 13:36:33.871577269,1747740993,868808090,piren,-461.6899089728455,-297.71395165316557,2.3432368378865456,7.342457663723824e-05,0.0016814593137912792,0.9558919695611852,0.29371365278421424
2025/05/20 13:36:33.919747850,1747740993,919269608,piren,-461.6821264424689,-297.70241161926305,2.338398921911034,0.007896868000686535,0.02708014680977773,0.9555098220334884,0.2936073655787128
2025/05/20 13:36:33.970512178,1747740993,970159570,piren,-461.6516626797218,-297.6575056773084,2.314838111547627,-0.0013125742218742641,-0.0029735384472827087,0.9558888678269365,0.2937105847301934
2025/05/20 13:36:34.23286165,1747740994,22917361,piren,-461.65911104440926,-297.6685652945458,2.3213489957685716,-0.0091277894643569,-0.02835090680735056,0.9554729952129044,0.2935715670182936
2025/05/20 13:36:34.69455491,1747740994,68864152,piren,-461.6578655340117,-297.6667350732813,2.3204823796901346,7.157253083660559e-05,0.0016780091340810569,0.9558920360169254,0.29371345669229376
2025/05/20 13:36:34.123425008,1747740994,123088554,piren,-461.6609023856706,-297.6711096027906,2.323819480435907,0.007896704018184042,0.027078506238804416,0.9555099268026545,0.29360718033983796
2025/05/20 13:36:34.170652590,1747740994,170328117,piren,-461.6368330003613,-297.63562717819485,2.3046500213643806,-0.0013117494849003751,-0.0029744581855603754,0.9558889235663852,0.29371039769624885
2025/05/20 13:36:34.227074334,1747740994,226706921,piren,-461.64896005483354,-297.65358929503884,2.3143787436083425,-0.009127386083859958,-0.028351369102747017,0.9554730352192018,0.2935714047080917
2025/05/20 13:36:34.273251619,1747740994,272755999,piren,-461.6832442962029,-297.7041364663433,2.3386800487110477,7.22798503191119e-05,0.0016774824622933472,0.9558920907716472,0.2937132813279324
2025/05/20 13:36:34.325987286,1747740994,324550340,piren,-461.6778979223838,-297.6961743028502,2.3355090577062487,0.007873272427784147,0.027002466035709653,0.9555121365289209,0.2936076214187995
2025/05/20 13:36:34.374258768,1747740994,373934875,piren,-461.64923016685253,-297.6539204561963,2.3131920536011963,-0.0013105796271301838,-0.0029677503072954125,0.9558890018944919,0.29371021585281415
2025/05/20 13:36:34.425630540,1747740994,424420341,piren,-461.6578843092312,-297.6667569897741,2.3205284330080103,-0.009126356366784943,-0.02834906325898561,0.9554731604898513,0.29357125168404935
2025/05/20 13:36:34.475710038,1747740994,475338960,piren,-461.68956741462034,-297.7134505508293,2.343031368944855,7.253050580365207e-05,0.0016787251809774555,0.9558921453299504,0.2937130966055097
2025/05/20 13:36:34.524188297,1747740994,523841855,piren,-461.68230657317804,-297.70267944883426,2.3385437738073453,0.007896657231957614,0.027079471765171167,0.9555100188917389,0.29360679285566454
2025/05/20 13:36:34.574868540,1747740994,574308942,piren,-461.65215802500006,-297.65824564176984,2.315195154010496,-0.0013123418588931951,-0.002974032468575406,0.9558890439527573,0.29371000755984616
2025/05/20 13:36:34.627107687,1747740994,626799620,piren,-461.6598161062724,-297.6696000193895,2.321849299507923,-0.009127466348323418,-0.028351605453428828,0.9554731425596328,0.29357103003105234
2025/05/20 13:36:34.664501237,1747740994,664196349,piren,-461.6592275675221,-297.66873655079206,2.3214380072768144,7.642362033465377e-05,0.0016905433151567317,0.955892182272875,0.2937129076025271
2025/05/20 13:36:34.718279086,1747740994,717208235,piren,-461.66175543728605,-297.6723568919382,2.324411032177817,0.007898449102752596,0.027084119571741058,0.9555099604769318,0.2936065060555829
2025/05/20 13:36:34.771310062,1747740994,769374152,piren,-461.6376333499603,-297.6368085783633,2.3052035473680457,-0.0013113993046750382,-0.002972319380007157,0.9558891224540829,0.2937097736258199
2025/05/20 13:36:34.820676191,1747740994,820192039,piren,-461.6497052697982,-297.65468285943473,2.314897361254261,-0.010199680687958844,-0.02876579302072069,0.9554602804264044,0.29353730289905117
2025/05/20 13:36:34.870678291,1747740994,870197262,piren,-461.68588688835524,-297.70525701446337,2.3395726939083805,-0.00017259719359058817,0.0016513500118189338,0.955892317432595,0.2937126499262341
2025/05/20 13:36:34.920134043,1747740994,919661944,piren,-461.680303868578,-297.69704729013637,2.3362994869523823,0.007711921701334466,0.027099764894510978,0.9555345646236759,0.29352993853400555
2025/05/20 13:36:34.970985276,1747740994,970644755,piren,-461.6512564407773,-297.6544028091099,2.313789605838188,-0.0014866959363085156,-0.002960174629240913,0.9559142339047605,0.29362732250189566
2025/05/20 13:36:35.24664655,1747740995,22768765,piren,-461.6596267357553,-297.6670524405283,2.3210282509592304,-0.009327012922196344,-0.02840686697413543,0.9555228623647266,0.29339753958917714
2025/05/20 13:36:35.72337868,1747740995,71927282,piren,-461.6912305376919,-297.7136589145378,2.343501423077091,-0.00012561260535774369,0.001622367288345741,0.9559436270058859,0.293545795631085
2025/05/20 13:36:35.119361926,1747740995,118991192,piren,-461.68385196520063,-297.7028623946414,2.3390051090575,0.007757560237657547,0.027092342051908778,0.9555857775269201,0.2933626544902624
2025/05/20 13:36:35.172746832,1747740995,172369523,piren,-461.6535456191891,-297.65822528654735,2.315571231940264,-0.001440196568643652,-0.002966007161252755,0.9559651818919706,0.2934615812088777
2025/05/20 13:36:35.224423782,1747740995,223983448,piren,-461.6609935673135,-297.6695186521404,2.322161237524033,-0.00929114081291487,-0.02841361474070233,0.955570217165096,0.293243757421727
2025/05/20 13:36:35.275664443,1747740995,274105464,piren,-461.69199706168024,-297.7151558644674,2.3441675304130336,-9.922434601263377e-05,0.0016202842115770684,0.9559911732421514,0.2933909363233599
2025/05/20 13:36:35.326255683,1747740995,324877591,piren,-461.68422460023345,-297.703747077429,2.339362911861452,0.007772001182332767,0.027095364760114666,0.95563396901585,0.29320497006215934
2025/05/20 13:36:35.376101089,1747740995,375604934,piren,-461.6537063523224,-297.65865534092745,2.3156983868114076,-0.0014243510906340282,-0.002964373266179564,0.9560134166196723,0.29330450211050313
2025/05/20 13:36:35.424317210,1747740995,423887518,piren,-461.66098200604245,-297.6696825914978,2.322118632525473,-0.00883655428728494,-0.028477136339611697,0.955628219561268,0.29306257692237686
2025/05/20 13:36:35.478637497,1747740995,478077590,piren,-461.69128115059783,-297.7155352258006,2.343999365521107,0.00033310732036526895,0.0015623673523364786,0.9560511649217319,0.2931955287850905
2025/05/20 13:36:35.518200923,1747740995,517832971,piren,-461.68270563124577,-297.70381854773274,2.3388513848037573,0.008005158392101332,0.027100010963153565,0.9556662190110442,0.29309313312674073
2025/05/20 13:36:35.564865527,1747740995,564460475,piren,-461.6841116703907,-297.7061065847179,2.3399930290636632,-0.0011999330676731505,-0.00296247183355504,0.9560457379089681,0.29320015509437447
2025/05/20 13:36:35.619495333,1747740995,619134298,piren,-461.680605018277,-297.70100085399235,2.338375788420068,-0.009034311704116534,-0.028364541591793167,0.9556552290774738,0.29297938004098784
2025/05/20 13:36:35.668706632,1747740995,668409995,piren,-461.70536581815077,-297.73739462168476,2.3552990809497683,0.00014127191638391043,0.0016742269116172526,0.9560746308791899,0.2931185377892618
2025/05/20 13:36:35.727284250,1747740995,721523705,piren,-461.6930781417557,-297.7192762708832,2.3467711678328014,0.00787272341666098,0.027047020063525672,0.9557085884187371,0.29296343279384407
2025/05/20 13:36:35.773707000,1747740995,773269569,piren,-461.65970844972054,-297.6695790397298,2.320587654750482,-0.0013131322804453866,-0.0030096780030621248,0.9560864557159205,0.29306638619688363
2025/05/20 13:36:35.824149916,1747740995,823807637,piren,-461.66482818440073,-297.6772299072669,2.325146277747803,-0.009012796963467752,-0.02848646737137511,0.9556835898882521,0.29287568469556874
2025/05/20 13:36:35.871658806,1747740995,871336723,piren,-461.6939992873073,-297.72047465693345,2.345724510139693,0.0001665602795109327,0.001552377587685409,0.9561067977058486,0.29301425522005964
2025/05/20 13:36:35.922099876,1747740995,921791256,piren,-461.68495056577154,-297.70736350791685,2.339903471395801,0.008013510219646122,0.027017455379428526,0.9557471762251535,0.292836431982815
2025/05/20 13:36:35.975550863,1747740995,975251112,piren,-461.6537194869912,-297.6611947842123,2.315619086655298,-0.0011685210948650564,-0.0030458849231048235,0.9561241137497005,0.2929437424657437
2025/05/20 13:36:36.27962260,1747740996,27669293,piren,-461.66043305354566,-297.6715178140158,2.321624912418917,-0.008660623686827972,-0.02845491989949849,0.9557473849252088,0.2926811359474559
2025/05/20 13:36:36.74532672,1747740996,74044629,piren,-461.6904827483771,-297.71674176094604,2.343240657594073,0.0005015845505972642,0.0015819535822789714,0.9561695686736502,0.2928088143793622
2025/05/20 13:36:36.127926933,1747740996,127535751,piren,-461.68205961857836,-297.70500296538523,2.3381506145237876,0.00829111960985028,0.027007796759251898,0.9558144236366948,0.2926100200230317
2025/05/20 13:36:36.167655541,1747740996,167326463,piren,-461.65134767374906,-297.6596164844815,2.3143495086668926,-0.0008961084505334785,-0.003061015669473379,0.9561910227822836,0.292726075236366
2025/05/20 13:36:36.219322185,1747740996,219017853,piren,-461.65848064017024,-297.67069916727905,2.3207969285900583,-0.008728830851714582,-0.028699684586081093,0.9557845010169987,0.2925339693647703
2025/05/20 13:36:36.268550105,1747740996,268205575,piren,-461.68947129426004,-297.7166365633628,2.3429193288105994,0.0004668033393727341,0.0015975052793303635,0.9562139530961119,0.29266381049906365
2025/05/20 13:36:36.316419448,1747740996,315863562,piren,-461.69148900970634,-297.7198813702407,2.3443891502733787,0.008260827044177958,0.02703042038876358,0.9558544563300624,0.2924779879309105
2025/05/20 13:36:36.370208206,1747740996,369098022,piren,-461.6338182276585,-297.6337475869276,2.3002252981065863,-0.0009204756187495592,-0.0030342548808071058,0.9562317736451911,0.2925931323413549
2025/05/20 13:36:36.421190783,1747740996,420834511,piren,-461.64626709172956,-297.6524574321703,2.310952669907948,-0.008782775496067366,-0.02826597275818119,0.9558360741805574,0.29240604804572623
2025/05/20 13:36:36.471774600,1747740996,471411516,piren,-461.68101474266876,-297.7033619692056,2.3360102781468033,0.00043264078353781447,0.001578471759761681,0.9562526174078286,0.2925376094616436
2025/05/20 13:36:36.519168928,1747740996,518712637,piren,-461.67595042837047,-297.6960246935075,2.333509560949916,0.008285131163946675,0.026859142631321227,0.9558790599692207,0.2924126634929915
2025/05/20 13:36:36.571141904,1747740996,570822398,piren,-461.64761959106016,-297.6541677359827,2.3117121449793676,-0.0009425155129315659,-0.003013449798259437,0.9562516109336354,0.29252843856905364
2025/05/20 13:36:36.623222187,1747740996,622868000,piren,-461.65632597956903,-297.6672032629902,2.3193688537704675,-0.008748116767512632,-0.02844722074445685,0.955853287357427,0.2923332330285735
2025/05/20 13:36:36.670431017,1747740996,670069813,piren,-461.6881615148194,-297.71412067943993,2.3421787267688785,0.00040630936001671754,0.0015954952064304914,0.9562751635719907,0.2924638453606065
2025/05/20 13:36:36.728074461,1747740996,725343870,piren,-461.6809816159041,-297.70345617767424,2.337909629587737,0.008200968014388526,0.027057803432007456,0.955908364682503,0.2923009027134279
2025/05/20 13:36:36.770076163,1747740996,769700311,piren,-461.65109472565786,-297.658832491169,2.3146867992594435,-0.0009765511219026214,-0.003008258231773981,0.956286514012134,0.2924142606796699
2025/05/20 13:36:36.823948410,1747740996,823568969,piren,-461.6586767642054,-297.67020699983925,2.3214494899817812,-0.007927537161080267,-0.028141058232192265,0.9558884419355095,0.2922713149972751
2025/05/20 13:36:36.875827246,1747740996,875479718,piren,-461.68808146951403,-297.715812894633,2.343253060710419,0.00020132633124797885,0.0017718206501208863,0.9563010823103778,0.2923782825233305
2025/05/20 13:36:36.927864389,1747740996,927505430,piren,-461.68097955254404,-297.7040013396569,2.338546674780164,0.01070181124819962,0.027060002521329805,0.9558990983962414,0.29225013461897037
2025/05/20 13:36:36.977321157,1747740996,976919065,piren,-461.64690293647686,-297.6601118609765,2.3144457164108276,-0.001182803136179921,-0.0027761255721811544,0.9562802469102301,0.292436289596312
2025/05/20 13:36:37.28812526,1747740997,28394576,piren,-461.655674287556,-297.6703369331878,2.321063640914996,-0.00909771950241008,-0.02825516203793717,0.955801200445187,0.29251144002518076
2025/05/20 13:36:37.80668602,1747740997,80085101,piren,-461.68762139600693,-297.7153625559911,2.343186634082796,0.00012814596254266713,0.001956859715451832,0.9562167493995445,0.2926528360471414
2025/05/20 13:36:37.129221080,1747740997,128912591,piren,-461.68045124982694,-297.7030248917258,2.338293039485864,0.00766897151067622,0.02611605302375681,0.9558280538926669,0.29266340741914765
2025/05/20 13:36:37.170375915,1747740997,169958029,piren,-461.651179232005,-297.6590754065634,2.3155304554912783,-0.0011888747309300347,-0.0028980047469698788,0.9561803923238642,0.29276141392051946
2025/05/20 13:36:37.220019738,1747740997,219599022,piren,-461.658569481907,-297.669514698622,2.321908438501922,-0.009033912458481149,-0.028443799980651274,0.9557341652108274,0.29271409962131306
2025/05/20 13:36:37.269435912,1747740997,269160510,piren,-461.68928305928057,-297.7147705114795,2.343842787361067,0.0001470380831844673,0.0016044721168321347,0.9561559625008367,0.2928535118845719
2025/05/20 13:36:37.323264712,1747740997,322753860,piren,-461.6814444549017,-297.7027915719435,2.3389805442940306,0.007991559907865355,0.027057205899245637,0.9557626832669575,0.2927827451430678
2025/05/20 13:36:37.372116426,1747740997,370817149,piren,-461.6506714427253,-297.6573271185419,2.3153092530306125,-0.0011879706813957226,-0.003006308594562594,0.9561409289002369,0.29288918538602043
2025/05/20 13:36:37.421632573,1747740997,421220800,piren,-461.6578272162465,-297.6678631825836,2.3217561299012037,-0.008980148790193309,-0.02843713079517734,0.9557140010305711,0.29278223093962086
2025/05/20 13:36:37.474100297,1747740997,473061748,piren,-461.68825824676605,-297.71303368308213,2.343679669939843,0.0001997351410237704,0.0016020432573467856,0.9561356018619491,0.29291996247330626
2025/05/20 13:36:37.518975504,1747740997,518593654,piren,-461.6906859099356,-297.7164860030957,2.345503225391571,0.008039613334569881,0.02705385649987657,0.9557460806815303,0.29283593141520126
2025/05/20 13:36:37.576897020,1747740997,574935362,piren,-461.63169472276695,-297.62958745692487,2.300927299794876,-0.0011448791949892386,-0.0030116210027550587,0.956124217906956,0.29294385011871554
2025/05/20 13:36:37.626601154,1747740997,624541238,piren,-461.64408863175026,-297.6478516539005,2.311644602768008,-0.008944217193406238,-0.028439519394364187,0.955697613578125,0.2928365860279272
2025/05/20 13:36:37.676658693,1747740997,675557772,piren,-461.67842267240064,-297.69869991270394,2.336711711610935,0.00023148280908860412,0.0016006209826353664,0.9561193078144417,0.2929731278677485
2025/05/20 13:36:37.721156125,1747740997,720727380,piren,-461.67321576503934,-297.6907712272304,2.3341085766453324,0.007940849829852773,0.027144938639348783,0.9557286909516869,0.29288694832993306
2025/05/20 13:36:37.775976355,1747740997,775564446,piren,-461.6446334391288,-297.6481242951043,2.3120780087902078,-0.0011325447947187581,-0.003019284464972972,0.95610938475874,0.29299222795130825
2025/05/20 13:36:37.825658730,1747740997,824103105,piren,-461.6532349579516,-297.6608828791098,2.3197180015657644,-0.0066692927701452725,-0.028615324568105047,0.9556774972229863,0.29294573735662527
2025/05/20 13:36:37.877452947,1747740997,877168292,piren,-461.6811969168206,-297.7091503387578,2.3421964041012804,-3.481259138200885e-05,0.001807906538660581,0.9561057418297706,0.29301628060941426
2025/05/20 13:36:37.927571347,1747740997,927228006,piren,-461.6753530989519,-297.69745787992605,2.337911903278819,0.0088307546954863,0.027502181134930904,0.9556506860558907,0.2930826061799561
2025/05/20 13:36:37.980116748,1747740997,979661279,piren,-461.6443396410796,-297.6524762378055,2.314237901024111,-0.0015278264879826206,-0.0026714173697782594,0.9560424081885647,0.2932122832018964
2025/05/20 13:36:38.31948944,1747740998,30714004,piren,-461.65331080011526,-297.6629495021405,2.321039719210365,-0.008550833429503881,-0.02810224071903265,0.9555750099420854,0.29328066367971467
2025/05/20 13:36:38.70459837,1747740998,69125229,piren,-461.68388306020614,-297.7087754366493,2.3431543566982187,0.002141018740194098,0.0015948267650373802,0.9559857853358169,0.29340083640338377
2025/05/20 13:36:38.120340015,1747740998,119948876,piren,-461.6736826337193,-297.6983103278531,2.338205344071272,0.007577499968288376,0.027386786694613596,0.9555256315694874,0.2935358799576409
2025/05/20 13:36:38.166496070,1747740998,165206774,piren,-461.6447327277719,-297.6524102972329,2.3147183189664173,-0.0016315332902068136,-0.002694172424684507,0.9559141961688293,0.29362923746958514
2025/05/20 13:36:38.221859377,1747740998,220627604,piren,-461.6534345449331,-297.66252699129456,2.321318816683981,-0.009699255558779884,-0.028127353881032546,0.9553818672699583,0.2938711692170984
2025/05/20 13:36:38.270606839,1747740998,270316447,piren,-461.6851640603221,-297.7074516349901,2.3434154580401922,-0.0003769434889482676,0.0018322683051596315,0.9557941419007886,0.2940307110058391
2025/05/20 13:36:38.324967708,1747740998,323871615,piren,-461.67803400883747,-297.6952513193855,2.338678400594363,0.007382447399590788,0.026429449824642764,0.955382965341584,0.2940924568694016
2025/05/20 13:36:38.373601063,1747740998,373186340,piren,-461.64788528245094,-297.6511428299113,2.3157616355807376,-0.0015203193817420464,-0.002672776344471156,0.9557448340263013,0.2941808238611548
2025/05/20 13:36:38.424126264,1747740998,423815400,piren,-461.6548350462435,-297.66092638134575,2.3219501751424203,-0.009462573855456008,-0.028211931396573887,0.9553008578100717,0.2941340131474872
2025/05/20 13:36:38.470433619,1747740998,469784591,piren,-461.6538252604934,-297.6590219373899,2.321286936715691,-0.00023279768156198217,0.0017873072422209793,0.9557156058369205,0.29428630973565423
2025/05/20 13:36:38.525824380,1747740998,525333881,piren,-461.6557203323953,-297.66194880995664,2.324244836453899,0.008167356823442027,0.02690177754474204,0.9552502599777611,0.294459724682123
2025/05/20 13:36:38.577039854,1747740998,576622346,piren,-461.6300499200292,-297.6266567658529,2.3050846295223755,-0.0009459917767992442,-0.0031968893287862912,0.955623756097689,0.2945710810312551
2025/05/20 13:36:38.629357668,1747740998,629023500,piren,-461.64117097033375,-297.6443055324549,2.314792965022757,-0.008886090194322259,-0.028369260640990924,0.9551822727479153,0.29452172802676013
2025/05/20 13:36:38.679480914,1747740998,678055710,piren,-461.6744265841754,-297.69433486958235,2.338985923599972,0.0004519107644838105,0.001559657512036041,0.9556021731386163,0.2946554766805806
2025/05/20 13:36:38.728791788,1747740998,728420040,piren,-461.6684352825548,-297.6858523897411,2.3357823464893355,0.009319728789509239,0.026901455938916102,0.9551995012368938,0.2945901681326889
2025/05/20 13:36:38.768997779,1747740998,768634229,piren,-461.63707244438785,-297.6435667564666,2.3130029643440073,3.1549178672571495e-05,-0.0030981322454434086,0.9555732130440462,0.294737569871771
2025/05/20 13:36:38.820273219,1747740998,819827696,piren,-461.6444310607023,-297.65629294897707,2.3202436304969583,-0.008168099083357567,-0.028593171879708345,0.955095158858833,0.29480323981198464
2025/05/20 13:36:38.866881410,1747740998,866425078,piren,-461.6755626135239,-297.70305378759434,2.342834175829182,0.0010320183827039425,0.001466943832706862,0.9555220466964285,0.2949142270066294
2025/05/20 13:36:38.924018394,1747740998,923735223,piren,-461.668233134068,-297.692002860505,2.3383810403561758,0.008170439660179576,0.027573061460124334,0.9550283917647973,0.29511648737510504
2025/05/20 13:36:38.970566485,1747740998,970271352,piren,-461.63834948136895,-297.64620336897883,2.3146759954185656,-0.0011576568497633291,-0.0030375489617988664,0.9554214181868723,0.2952276186211389
2025/05/20 13:36:39.24684684,1747740999,23404570,piren,-461.64711472209746,-297.65697901807425,2.3215142164370492,-0.009018686843456988,-0.02792920519604582,0.9549535487738277,0.29530042747854207
2025/05/20 13:36:39.73188611,1747740999,72764428,piren,-461.6783566324018,-297.7015928389206,2.3434030001231423,0.00022121942347321844,0.00210329002814421,0.9553596108859775,0.2954378803078879
2025/05/20 13:36:39.124000285,1747740999,123573040,piren,-461.671046625038,-297.6890047806653,2.338423643183473,0.00817629653977679,0.027683736534969,0.9549318595610917,0.2954181824152866
2025/05/20 13:36:39.174427280,1747740999,174157376,piren,-461.64007629405455,-297.64328228688703,2.3145192964717176,-0.0015886153663718947,-0.003919927224314469,0.9553249552821304,0.29552722427378747
2025/05/20 13:36:39.226284447,1747740999,225964379,piren,-461.6491729339407,-297.6554367408082,2.321981894736474,-0.009049868169057087,-0.027758534242819374,0.9548882746425219,0.2955265582194614
2025/05/20 13:36:39.277725729,1747740999,276484848,piren,-461.67947683589136,-297.69938522478844,2.3435548644576487,0.0001925560151041872,0.0021811440050380974,0.9552891491609573,0.2956650926780923
2025/05/20 13:36:39.327281812,1747740999,326675374,piren,-461.6713954840798,-297.6864480241472,2.3384055436964912,0.008142859559491178,0.027661250404705528,0.9548489084351445,0.2956892137438495
2025/05/20 13:36:39.378616946,1747740999,377409027,piren,-461.63989960342917,-297.6405035668349,2.314457378611951,-0.0010262798169035276,-0.0020400394546345644,0.9552473676199696,0.2957993435487636
2025/05/20 13:36:39.429548679,1747740999,429161694,piren,-461.6466414505582,-297.64965288806206,2.3205123499467977,-0.00898291933505731,-0.027731016776268602,0.9547847227674767,0.29586556244113116
2025/05/20 13:36:39.480314956,1747740999,478393489,piren,-461.67697139403236,-297.6941301082082,2.342438021019521,0.00027271552702622483,0.0022022488167747186,0.9551847322857601,0.2960020319770985
2025/05/20 13:36:39.528482589,1747740999,528137068,piren,-461.66886416502797,-297.68149785434815,2.337539128232025,0.008230341464033382,0.027670992011101476,0.9547373488100249,0.29604589588054075
2025/05/20 13:36:39.581868815,1747740999,580523366,piren,-461.6373511838493,-297.63578014240846,2.313797011201815,-0.0010566023309620052,-0.0023704807749375632,0.9551354199995649,0.29615805556267527
2025/05/20 13:36:39.628918634,1747740999,628317861,piren,-461.6444960178343,-297.6455497963999,2.32027133865972,-0.008684334195807112,-0.0268936555052741,0.9546924382678873,0.2962493239608411
2025/05/20 13:36:39.670021609,1747740999,669728516,piren,-461.6741968498162,-297.6889687847131,2.3418217721091312,1.6254488099536968e-05,0.0012436549056744819,0.9550703088892327,0.29637671658970266
2025/05/20 13:36:39.719958687,1747740999,719462566,piren,-461.6673265814533,-297.677859853153,2.3377820623796133,0.007399089836886607,0.025749559509826127,0.9546807929018407,0.2964233413868557
2025/05/20 13:36:39.771221670,1747740999,770869993,piren,-461.6380892969397,-297.6344745565761,2.3156110892011657,-0.009868475975915612,-0.030493999075068973,0.9545419027680331,0.29634858707661427
2025/05/20 13:36:39.823106230,1747740999,822673769,piren,-461.67320332496047,-297.68454623917256,2.340507056718217,-0.00923897598377493,-0.028066558640644695,0.9545705393110121,0.29651643308310266
2025/05/20 13:36:39.873374603,1747740999,872786722,piren,-461.69575201569995,-297.7167155482136,2.3568495209955387,0.0003664395242590438,0.0030660359206014505,0.9549780719942595,0.29666032285416194
2025/05/20 13:36:39.923053851,1747740999,922597419,piren,-461.6808807156136,-297.6933679252926,2.34700920194668,0.008745553503901767,0.029368088898973514,0.9544873964090426,0.2966729524992457
2025/05/20 13:36:39.967461612,1747740999,967057083,piren,-461.64351633811333,-297.6388252965784,2.318836178966952,0.005007704256105237,0.01758429971958058,0.9547772379319506,0.2967593995621552
2025/05/20 13:36:40.23295583,1747741000,22917258,piren,-461.62877568348824,-297.6158864829825,2.3083315434356115,0.007874751409769318,0.028312517213874053,0.9544580430428171,0.2968943140751006
2025/05/20 13:36:40.68993150,1747741000,68598337,piren,-461.6084919877516,-297.58456856338364,2.2923800310745874,0.008218776614782134,0.029067787167269137,0.9544358010658578,0.29688350763208304
2025/05/20 13:36:40.123920499,1747741000,123531152,piren,-461.59385100491755,-297.5609157902432,2.280471734825618,0.007206678159067888,0.02610599433207394,0.954493430530983,0.2969997170420219
2025/05/20 13:36:40.177175857,1747741000,175157033,piren,-461.5867101681058,-297.549045787604,2.2748879681904763,-0.001140798425347268,-0.0015079381705313997,0.9548493006749158,0.29708456321736226
2025/05/20 13:36:40.229160164,1747741000,226451964,piren,-461.60931034929257,-297.5802674318079,2.292649366160759,-0.0014709798965258918,-0.0019449095874887745,0.9548446189940465,0.2970956194947258
2025/05/20 13:36:40.275380840,1747741000,274163082,piren,-461.62664211774364,-297.60382306909173,2.306081987810899,-0.0013533238183331931,-0.0016590162465253962,0.9548451374925176,0.2970962463354791
2025/05/20 13:36:40.327027801,1747741000,326528604,piren,-461.6392517837001,-297.62008600993863,2.315582167237897,-0.00031479924493373984,0.0014897345594665637,0.9547951900960854,0.2972605365025064
2025/05/20 13:36:40.378475868,1747741000,378111387,piren,-461.6449671524624,-297.62727050608663,2.3200800857034674,-0.0004208506545646288,0.001058941117791214,0.954795799275538,0.2972602953881026
2025/05/20 13:36:40.429358057,1747741000,427790291,piren,-461.6498853140357,-297.63254972186087,2.3235747694723834,0.007609593115233158,0.02688153732305838,0.954409218557175,0.2971910506338512
2025/05/20 13:36:40.476070327,1747741000,475707685,piren,-461.627759675336,-297.5992952119817,2.3057062953387146,-0.008710125138893333,-0.025665773657340383,0.9544422764105388,0.29716214897409765
2025/05/20 13:36:40.527883488,1747741000,527472547,piren,-461.6647005510779,-297.65099464480835,2.331592145320351,0.005984792770576815,0.021613085395652917,0.9545242974893079,0.29728844965406376
2025/05/20 13:36:40.581399014,1747741000,580054820,piren,-461.6438369063209,-297.61937762347037,2.3157422426462104,0.0052897376475414025,0.01930670717413442,0.954573950874343,0.29730092843087436
2025/05/20 13:36:40.630132784,1747741000,629816045,piren,-461.63144136488665,-297.59942152833173,2.3061795391607602,-0.000357927918759782,-0.0016002711029152721,0.9547482042750596,0.29741078906716084
2025/05/20 13:36:40.683052857,1747741000,681049905,piren,-461.64191446143974,-297.61553947547634,2.3152401926088597,-0.010464323134760352,-0.03123335430441722,0.9542380940332095,0.2972282547405174
2025/05/20 13:36:40.720057766,1747741000,719615166,piren,-461.6811362604148,-297.6698174815277,2.3418786735156836,-0.0008213225846795396,-0.0003675536100888467,0.9547417781188406,0.29743457675265333
2025/05/20 13:36:40.771810888,1747741000,770489082,piren,-461.67779240998044,-297.6628904261122,2.3399527127809154,0.007991165936335037,0.02802811401379817,0.9543302894255872,0.2973285468579878
2025/05/20 13:36:40.822835477,1747741000,822494388,piren,-461.6475725637748,-297.616588400401,2.3161280914443014,0.008686887016027682,0.02925772111328266,0.9542389892149159,0.29748357133012177
2025/05/20 13:36:40.866366929,1747741000,865559653,piren,-461.624016434183,-297.58151552152043,2.2978642355907586,-0.008244378171087155,-0.023841915923075364,0.9543897298993838,0.29749594406692415
2025/05/20 13:36:40.923886473,1747741000,923475950,piren,-461.66115531338966,-297.6323988301229,2.3244753179459905,-0.006396258618550051,-0.01881593460715725,0.9544705739603159,0.29764235572984066
2025/05/20 13:36:40.973776514,1747741000,971886962,piren,-461.68223640296293,-297.66147865461994,2.3402582584333063,-0.009240433422272213,-0.02703606740117736,0.9542734444613009,0.29756656170613666
2025/05/20 13:36:41.23009162,1747741001,22609587,piren,-461.70641613764553,-297.69356092428814,2.356859459666781,-0.004119603719223298,-0.010700426877128069,0.9545866635812478,0.29771266590903656
2025/05/20 13:36:41.70680957,1747741001,68850100,piren,-461.70671277797436,-297.6917247317447,2.357601267466227,-0.010337163303793952,-0.030766296278595402,0.9541514470595376,0.2975593959906477
2025/05/20 13:36:41.119464476,1747741001,119093406,piren,-461.72722862826714,-297.718896650957,2.3710490281224974,-0.00930374791814553,-0.027538423544862883,0.9542093932550193,0.29772388101599684
2025/05/20 13:36:41.170993173,1747741001,170564088,piren,-461.73806391350035,-297.7325875401988,2.37827224719738,3.1899021420526764e-05,0.002429059939560502,0.9546035438204001,0.29786938878608504
2025/05/20 13:36:41.221084933,1747741001,220680255,piren,-461.71565176091207,-297.6974945091122,2.3625514707785102,0.010048233523159531,0.027032366035207547,0.9542055692739234,0.2977583176944523
2025/05/20 13:36:41.275811074,1747741001,275459235,piren,-461.67119517189025,-297.63743444648355,2.3309406908706074,-0.0014092352443211746,-0.0020480013296865648,0.9545869895573651,0.29792196816345523
2025/05/20 13:36:41.326577065,1747741001,326196988,piren,-461.67228000959204,-297.6342334325793,2.331528938086705,-0.009350780514061042,-0.02749246035142034,0.9541359067265136,0.29796207648420187
2025/05/20 13:36:41.373351797,1747741001,371613501,piren,-461.6990300379782,-297.66916054985126,2.3493389096501387,-2.451336426271948e-05,0.0024424043438845706,0.9545287790538239,0.2981087788343915
2025/05/20 13:36:41.427416760,1747741001,427066794,piren,-461.6885200709675,-297.6499165243168,2.341494270149165,0.008003807799996682,0.02810098520310083,0.9540709444462874,0.29815248892921414
2025/05/20 13:36:41.479158717,1747741001,478725924,piren,-461.6556617452336,-297.5992827721053,2.3155362258864827,-0.0015370836083496756,-0.002523905366735694,0.9544813569351036,0.29825594133060296
2025/05/20 13:36:41.530705815,1747741001,530425276,piren,-461.66308898769677,-297.6063440830603,2.320927804932654,-0.0029679995736196,-0.007551726117767638,0.9544400110608297,0.2982925203510419
2025/05/20 13:36:41.578902326,1747741001,578576518,piren,-461.67369935839355,-297.6191043653695,2.328609302464271,0.0034256957957618647,0.013482461255863356,0.9543746730229211,0.2982875648417004
2025/05/20 13:36:41.620465815,1747741001,620096359,piren,-461.66133794281495,-297.5978170749004,2.3186256618853585,-3.3755099244985828e-06,0.002464596491411595,0.954457897309163,0.298335462218141
2025/05/20 13:36:41.670245568,1747741001,669921410,piren,-461.6637213745195,-297.59804031914604,2.3199125732605332,-0.0010359831684489094,-0.0009101784256225702,0.9544606498369672,0.2983336491696881
2025/05/20 13:36:41.721697782,1747741001,721307811,piren,-461.66949377129333,-297.60272705776,2.323401608379431,0.0035427166445298353,0.013958282663564768,0.9543028360711908,0.29849407459837896
2025/05/20 13:36:41.772436325,1747741001,772130891,piren,-461.65921780631015,-297.58472630438484,2.3147411589352664,0.006261905060140696,0.022699768506227277,0.9541350257809782,0.2984490938714905
2025/05/20 13:36:41.826145599,1747741001,825803893,piren,-461.64401346898524,-297.5590620029918,2.3016157818307468,-0.0042748822287987515,-0.011149228861405196,0.9543147570418005,0.29856450654753874
2025/05/20 13:36:41.869636310,1747741001,869262204,piren,-461.66724674538085,-297.5896608361442,2.3180307122555788,0.00031060852048634237,0.003552903710744918,0.954373263384468,0.2985949673628976
2025/05/20 13:36:41.921027431,1747741001,920685661,piren,-461.66990882809876,-297.5899120815621,2.3193039034001828,0.0006519476418417648,0.0038884477210350565,0.9543512402120371,0.29866061883740197
2025/05/20 13:36:41.970698062,1747741001,970347000,piren,-461.6713924235992,-297.5896399103763,2.3199847848871147,-0.0010811672571669887,-0.0010144511832760347,0.9543585206031469,0.29865969952159893
2025/05/20 13:36:42.28264149,1747741002,27909700,piren,-461.6783362626365,-297.59594025244974,2.324174297033971,-0.0005579273832506207,0.0006901525898457875,0.9543342439875353,0.2987396243540138
2025/05/20 13:36:42.77701846,1747741002,77157076,piren,-461.6818111794784,-297.5978371001422,2.3259480232683427,-0.008563034777567745,-0.024970709138648534,0.9540078736855303,0.2986170039808928
2025/05/20 13:36:42.130432373,1747741002,130004274,piren,-461.71088625261683,-297.6360527288959,2.344904615436707,0.0006137338309249089,0.004387892767561517,0.9543131314044152,0.29877552938108
2025/05/20 13:36:42.171676706,1747741002,171365665,piren,-461.7151724861593,-297.6392271689245,2.347168928289315,-0.0034696485691443216,-0.008714738482540625,0.95428348918825,0.2987558152315813
2025/05/20 13:36:42.228456217,1747741002,227956044,piren,-461.7186877042055,-297.64051231693264,2.3490815610707907,-0.0006504469929895657,-0.00025660163143966273,0.9542907927606165,0.29887889508398935
2025/05/20 13:36:42.277772872,1747741002,277427579,piren,-461.7123599110428,-297.6286548562925,2.343960659880031,-0.003330406710411335,-0.008377447036120613,0.954254025022058,0.29886114250852663
2025/05/20 13:36:42.334624628,1747741002,331896223,piren,-461.71671456207326,-297.6311332894585,2.3460669301839836,0.00436277753050762,0.016166042360250897,0.9541342303609451,0.2989105145359608
2025/05/20 13:36:42.379159015,1747741002,378691125,piren,-461.6952726170778,-297.5970407144878,2.3290162094657267,-0.00036926560633437287,0.0010123688725788308,0.9542706410272324,0.2989421054747103
2025/05/20 13:36:42.431127117,1747741002,430074344,piren,-461.69564262388076,-297.5937453981933,2.3284067235881873,0.004474658933045105,0.016366301215069965,0.9541177544133883,0.29895055163876827
2025/05/20 13:36:42.465507324,1747741002,464516636,piren,-461.68089512016337,-297.5695402828546,2.3163140489472354,-0.0003070540963653839,0.0012180091453367348,0.9542573161481371,0.29898394062099404
2025/05/20 13:36:42.520740621,1747741002,520371996,piren,-461.68635255430695,-297.5730930627694,2.319278354381893,-0.010130199691184139,-0.030047222584214082,0.9537558935628893,0.2989050668075838
2025/05/20 13:36:42.573233170,1747741002,571888688,piren,-461.72259290790385,-297.6212893408199,2.34285124189535,-0.006328985180911453,-0.018058466269507734,0.9540581747208665,0.2990097573505942
2025/05/20 13:36:42.622979119,1747741002,621898027,piren,-461.7369090179969,-297.63760306622925,2.351989340590868,-0.006272992391550897,-0.01842697508755918,0.9540343314281384,0.299064525833545
2025/05/20 13:36:42.673381929,1747741002,672899643,piren,-461.7473321867932,-297.6491919645877,2.3585447185565034,-0.009502190030203878,-0.02810230170984312,0.9537981072932669,0.29898016580873854
2025/05/20 13:36:42.723347432,1747741002,722750934,piren,-461.76564722781313,-297.67077016955375,2.3694356043432614,-0.001854155284209731,-0.0036966192578615498,0.954190661142192,0.29917065247659413
2025/05/20 13:36:42.774305114,1747741002,772820436,piren,-461.75381748984466,-297.64950139241796,2.3603897557290967,4.991340892843057e-05,0.0019144959771950415,0.9541959852298088,0.2991761253594939
2025/05/20 13:36:42.824382606,1747741002,823215106,piren,-461.7400776397727,-297.62531385174657,2.3496273833297083,0.007933424445596296,0.02653469930778902,0.9538272340481321,0.2990762078422507
2025/05/20 13:36:42.876451999,1747741002,874497145,piren,-461.7058885787332,-297.57235052962295,2.3223646019817434,-0.009000914228408758,-0.0269039872752533,0.953816529897372,0.299047130576907
2025/05/20 13:36:42.924578389,1747741002,924141383,piren,-461.7361977627013,-297.610933362148,2.342158463656109,-0.009363988275864089,-0.027993779357543193,0.9537538815884621,0.29913575078180243
2025/05/20 13:36:42.974261048,1747741002,973949790,piren,-461.759722428021,-297.6399171361635,2.3571225263059987,0.006591815831562624,0.022886428536028666,0.9538903330027582,0.29920894364439593
2025/05/20 13:36:43.28784366,1747741003,28434411,piren,-461.7261948129482,-297.5863453480738,2.3308896587627657,0.0010898530502734777,-0.0029070626802059334,0.9541492160494058,0.29931527645478845
2025/05/20 13:36:43.71050155,1747741003,70658151,piren,-461.72414042867644,-297.58572597204403,2.3314291771916187,-0.008698852412785391,-0.025483321826229414,0.9538140264740359,0.2991884576262738
2025/05/20 13:36:43.130601043,1747741003,129867617,piren,-461.75093430206437,-297.61639120592525,2.347855054067137,0.00924729593046859,0.031672781624007426,0.953561004723499,0.29938726207519833
2025/05/20 13:36:43.172444586,1747741003,172048345,piren,-461.7133745555924,-297.55577857251626,2.316992803640543,-4.510290484880145e-05,0.002088841557072416,0.9540846059979496,0.2995299639508788
2025/05/20 13:36:43.228055002,1747741003,227586363,piren,-461.7168439327629,-297.5537578050264,2.3185259691168127,-0.003045437278273041,-0.007944679020817757,0.9540210361595968,0.2996188744922615
2025/05/20 13:36:43.279822087,1747741003,279503588,piren,-461.7299890104959,-297.5668893079992,2.327080396446378,0.001713531579933518,0.007770072229907074,0.9540223939674793,0.2996297074651083
2025/05/20 13:36:43.329814874,1747741003,329504909,piren,-461.7249659428057,-297.55296937719373,2.3218001600345755,-0.0015370503453998826,-0.0026550183249968466,0.9540190235809123,0.2997303638266442
2025/05/20 13:36:43.383022573,1747741003,381907437,piren,-461.7324074412105,-297.5578067456893,2.3258848516452892,0.0063518706912653764,0.022362800686518147,0.9537603222252856,0.2996678271568304
2025/05/20 13:36:43.433793300,1747741003,431615346,piren,-461.7137873531188,-297.52488710675055,2.3095837093015925,0.00012595639018490672,0.0024076031522884092,0.9539897025575391,0.2998296766436352
2025/05/20 13:36:43.483355976,1747741003,482006028,piren,-461.72091551323734,-297.5296822096227,2.313645660628912,0.00033615657106059025,0.0031430101214347476,0.9539874847542826,0.2998297640634328
2025/05/20 13:36:43.521962470,1747741003,520862543,piren,-461.7265239166568,-297.53216241087824,2.316369976705891,-0.0005854661055964775,1.741625598499668e-05,0.9539916363121153,0.29983264460803144
2025/05/20 13:36:43.573463745,1747741003,571669639,piren,-461.73423128840966,-297.5374732320416,2.320513760558393,-0.0005739369907871405,-1.006986472570638e-05,0.9539916502586311,0.29983262286105944
2025/05/20 13:36:43.616932817,1747741003,616544241,piren,-461.74077432266614,-297.5406135305872,2.3235549085899967,-0.001679131605143134,-0.0030803638453849934,0.9539379656179308,0.299983415588856
2025/05/20 13:36:43.666126161,1747741003,665681908,piren,-461.7424400672084,-297.5376264714049,2.323221961938768,-0.00022476331539525375,0.0009327019157239105,0.9539425553386139,0.2999878008563418
2025/05/20 13:36:43.723679609,1747741003,723167460,piren,-461.7489868096182,-297.54080976333637,2.326189409217718,-0.0026567955152890527,-0.00681172044523569,0.9538992635749226,0.300037892362592
2025/05/20 13:36:43.773880443,1747741003,772512729,piren,-461.7602132281704,-297.5512842379309,2.3325966285181217,-0.0011463500035255908,-0.002148215820932282,0.9539212213615769,0.3000472870840421
2025/05/20 13:36:43.823988905,1747741003,823705275,piren,-461.76444052796467,-297.5512190300209,2.3338043849175083,-0.0016562306411586406,0.0020631486784576255,0.9539054445870412,0.30009565659101645
2025/05/20 13:36:43.869982865,1747741003,868804364,piren,-461.7666043359099,-297.5435580545557,2.331879953649359,0.00864433425235386,0.03182611002350455,0.9533770804201394,0.29997419344949783
2025/05/20 13:36:43.926333041,1747741003,925939787,piren,-461.7381162920936,-297.49539950792854,2.30656964982088,0.0006531635447032725,0.002269775700640205,0.9539056045792423,0.30009751589768774
2025/05/20 13:36:43.976244570,1747741003,975921228,piren,-461.74572809923296,-297.5031476555791,2.311808096079432,-0.010031208192604757,-0.02766930733509817,0.9535067415299558,0.29993112234431196
2025/05/20 13:36:44.27071265,1747741004,26717615,piren,-461.78483221201947,-297.5511422830474,2.336518127491559,-0.009409829860128373,-0.026028369884164695,0.9535238283003038,0.3000438100123202
2025/05/20 13:36:44.71149572,1747741004,70367112,piren,-461.81164540661626,-297.5826338174698,2.3531642852419132,-0.0005065382295868841,0.0026876355638076922,0.9538750644037128,0.3001914081763683
2025/05/20 13:36:44.128506477,1747741004,128178424,piren,-461.8027152888254,-297.5622614137688,2.345127540525032,0.005542666762932525,0.029365246703818765,0.953391690050283,0.30025197164089396
2025/05/20 13:36:44.176772604,1747741004,176325482,piren,-461.77379776455393,-297.5076666092601,2.318534923815384,-0.0009455779687931843,0.0007536207684295147,0.9538483309295872,0.300286362528975
2025/05/20 13:36:44.222297566,1747741004,221882349,piren,-461.7787580156987,-297.5096353807883,2.3214891605064083,-0.0027584365370546286,-0.00506583829663952,0.9538469014588408,0.3002379337918378
2025/05/20 13:36:44.279277930,1747741004,278977590,piren,-461.7890755945721,-297.5191364900524,2.3279296027687466,-0.009828917067990162,-0.02766043452364881,0.9534593017865168,0.30008940765712055
2025/05/20 13:36:44.322758932,1747741004,322430719,piren,-461.8206988950839,-297.5582744979759,2.3477826350900437,-0.009973510981259894,-0.028064410977522707,0.9534474080174492,0.30008491808153126
2025/05/20 13:36:44.382310860,1747741004,380695169,piren,-461.8445657233458,-297.5861927489278,2.3621617018117465,-0.0014716382339396267,-0.0006920499140679302,0.95385998231313,0.3002473804871914
2025/05/20 13:36:44.430649120,1747741004,430201708,piren,-461.83492562386834,-297.5652056004317,2.35369166711487,-0.0011254700088552006,9.256674397024777e-05,0.9538571043107704,0.3002588038751392
2025/05/20 13:36:44.479755056,1747741004,479383826,piren,-461.82752966221915,-297.54799300445654,2.3467086850776746,-0.0011053651151781,0.0001422456842171134,0.9538570980162725,0.30025887913282884
2025/05/20 13:36:44.530957256,1747741004,530343246,piren,-461.82334419497045,-297.5347633913858,2.3415911545509895,-0.0006276470957350224,0.0017588278297575625,0.9538589516281022,0.30024925142742065
2025/05/20 13:36:44.581351668,1747741004,579760778,piren,-461.819741890662,-297.5223156173336,2.3366660918847355,-0.00122510848511363,-0.00013196701767075974,0.9538605482900164,0.3002474581237537
2025/05/20 13:36:44.626684215,1747741004,626264034,piren,-461.820358173578,-297.5154470144003,2.334524065082945,0.0063543029235026225,0.024194280163500035,0.9535533495268707,0.3001837258210582
2025/05/20 13:36:44.671578881,1747741004,671023879,piren,-461.79737163375046,-297.4758615616582,2.3141373686824833,-0.00987394818796614,-0.027646943257493888,0.9534589470119259,0.30009029980758756
2025/05/20 13:36:44.724518002,1747741004,724053418,piren,-461.83489593344666,-297.52134401514087,2.3372625195361514,-7.282105319834139e-05,0.0015795941431341822,0.953863349712396,0.3002369225376599
2025/05/20 13:36:44.772048602,1747741004,771618520,piren,-461.8322043235918,-297.51143783486987,2.3337769032956595,0.007804204228885779,0.026565689675473382,0.9534955421448065,0.3001326534024611
2025/05/20 13:36:44.825327799,1747741004,824914602,piren,-461.8066957257872,-297.46816049216113,2.3116176453098154,-0.004668073459558045,-0.01107189436160933,0.9537956895446386,0.30021559728216823
2025/05/20 13:36:44.874408739,1747741004,874000447,piren,-461.8283366153763,-297.49048819039984,2.3247569585065175,0.0038945120053057317,0.015226233576736144,0.9537390243660129,0.3002246958340921
2025/05/20 13:36:44.924269284,1747741004,923750991,piren,-461.8182848048532,-297.46830663265035,2.314666870224952,-2.1029176593394792e-05,0.0008909693780881322,0.9538854079695355,0.30016967567383285
2025/05/20 13:36:44.975444772,1747741004,974875663,piren,-461.8257605223673,-297.47291413036965,2.3183998622397657,-0.0020712512854829186,-0.005518600293894608,0.9538697147650413,0.3001629927605457
2025/05/20 13:36:45.25665705,1747741005,25397954,piren,-461.8389505420275,-297.48503364703197,2.325832336810562,-0.000132545105648091,-0.0014124185566162998,0.9539203580249522,0.30005655808724263
2025/05/20 13:36:45.75962275,1747741005,75625143,piren,-461.8444289601006,-297.48769927022505,2.3281260499280036,0.003845649940226642,0.011188127035330366,0.953856077409577,0.30003103235964396
2025/05/20 13:36:45.120647964,1747741005,120225042,piren,-461.83687419822894,-297.47095823626677,2.3202702984744943,0.007830694006729508,0.02627762434450373,0.9535902474321334,0.29985631007618446
2025/05/20 13:36:45.177747441,1747741005,177164785,piren,-461.8189728054765,-297.4366776746165,2.3027237651127037,-0.0034044386824409597,-0.012324902275158181,0.9538723212933102,0.29994016278530866
2025/05/20 13:36:45.228119408,1747741005,227769002,piren,-461.8445914896627,-297.46752797692517,2.3194648364993604,-2.884423527496849e-05,-0.0014798830740175785,0.9539808713103249,0.2998638129019416
2025/05/20 13:36:45.270539719,1747741005,270209352,piren,-461.85340715674766,-297.47346775152965,2.323897937108004,0.0031337538007159033,0.008681127910443117,0.9539427266055955,0.29984678080913446
2025/05/20 13:36:45.322535541,1747741005,321756944,piren,-461.85067036209244,-297.46254257722245,2.3194806267522945,-0.0018743182404394774,-0.003681766832856923,0.9539879322679538,0.29981653825504045
2025/05/20 13:36:45.371599868,1747741005,371210909,piren,-461.86409578118173,-297.4712806316958,2.3257857094001704,0.008529513230778732,0.025120503897349208,0.9536645462187286,0.29970008504072143
2025/05/20 13:36:45.423139199,1747741005,422745363,piren,-461.86814315788695,-297.46960899109234,2.3260611232389823,0.0046829672229147775,0.013154467816503323,0.9539348568314039,0.29968870301781936
2025/05/20 13:36:45.481576669,1747741005,481003480,piren,-461.8512990728732,-297.4398026410794,2.311349597326093,0.0002505865732213971,-0.0007947777284857795,0.9540252363990721,0.29972513049196625
2025/05/20 13:36:45.530415104,1747741005,530051260,piren,-461.86301244133995,-297.4495648642406,2.3176903611413087,0.00037669415567849723,-1.1793783192277159e-05,0.9540461217011461,0.2996595662237763
2025/05/20 13:36:45.579311898,1747741005,578674126,piren,-461.872053452581,-297.4547628449671,2.3217716652675517,0.006351857696543073,0.01911783573787864,0.9538545026473828,0.2995926401629658
2025/05/20 13:36:45.630709174,1747741005,630377473,piren,-461.86055374651966,-297.4304120929364,2.3099576383741924,0.000516480590101429,0.000471496893655682,0.954057381473156,0.2996231362813364
2025/05/20 13:36:45.679984634,1747741005,679575363,piren,-461.8721128805091,-297.43888759382367,2.3159478013792203,-0.00862707234800753,-0.028542603478819994,0.9536307985391885,0.29949823619991983
2025/05/20 13:36:45.733698678,1747741005,731866224,piren,-461.9110318697424,-297.4865839825781,2.3401370715896688,-0.0112736360319081,-0.029906709776171006,0.9536067807204092,0.2993536397056859
2025/05/20 13:36:45.777388858,1747741005,776992497,piren,-461.9445560367462,-297.52039220582475,2.3585057511494942,-0.0006635325760648782,-0.0009445631121615785,0.95407653708773,0.2995607265709792
2025/05/20 13:36:45.828560093,1747741005,828164940,piren,-461.9376620791987,-297.5019375813678,2.3516863909355368,0.004321630400919996,0.012058494474095424,0.954039513519132,0.29940695193310773
2025/05/20 13:36:45.878212196,1747741005,877742631,piren,-461.9189986312531,-297.46887723099945,2.3364597084823426,0.004364779114900334,0.007103751034176116,0.9540873852258684,0.29941233571345693
2025/05/20 13:36:45.929255933,1747741005,928930531,piren,-461.9088015944679,-297.4520343683435,2.3289025632534264,-0.008504871941187283,-0.027485943598640723,0.9537055516438508,0.29936250737434483
2025/05/20 13:36:45.981270609,1747741005,980409422,piren,-461.9408555418046,-297.48826720462637,2.348044431042376,0.0001092531763540167,0.0028517272722504887,0.9540969575810964,0.2994843088540766
2025/05/20 13:36:46.32162507,1747741006,31697616,piren,-461.93544326081224,-297.4684978208061,2.3409459152138092,0.0077640560777726434,0.02766594136111825,0.9536385129514601,0.299579541587126
2025/05/20 13:36:46.82861459,1747741006,82528461,piren,-461.9079992120173,-297.4177758843856,2.3161312794181166,-0.0013668701850348918,-0.0013398199783881616,0.9540388492459243,0.29967684374645165
2025/05/20 13:36:46.134241568,1747741006,133856741,piren,-461.9184548937444,-297.4217692554553,2.321082729300056,0.001259856107380874,0.005866731255406268,0.9540143194056219,0.29970097196371215
2025/05/20 13:36:46.181960880,1747741006,180654339,piren,-461.91930770629006,-297.4139435041411,2.3193663903633523,-0.0044409807160558715,-0.011155483498956443,0.9539673778185024,0.2996699433314511
2025/05/20 13:36:46.232639217,1747741006,232066414,piren,-461.9389607280896,-297.4318636126734,2.3306080263539704,-0.0005258800615092864,0.0013652052282664873,0.9540285569707881,0.299712148817964
2025/05/20 13:36:46.273014834,1747741006,271686594,piren,-461.9410151915458,-297.42612980814636,2.3296998622072596,0.006506282679128243,0.02327907475280643,0.953744985355905,0.29964354802467713
2025/05/20 13:36:46.323982450,1747741006,323657688,piren,-461.92236883657046,-297.38946923853354,2.311950053463348,-0.0008534023951579718,-0.0019954929623322167,0.9540297711621891,0.2997039963837826
2025/05/20 13:36:46.374555634,1747741006,372635174,piren,-461.93444990039217,-297.39908821400024,2.31878076531977,-0.009537196953976012,-0.027472635430211736,0.9536362523329658,0.2995533248240051
2025/05/20 13:36:46.423698359,1747741006,423369750,piren,-461.97158171267677,-297.4420417555161,2.341198758372395,0.0002961677364649168,0.0032244485864752724,0.9540070253712493,0.2997667605961103
2025/05/20 13:36:46.475491769,1747741006,475162717,piren,-461.96780349981736,-297.4273518870445,2.3360103142758812,-0.0006793733801999634,0.000537804227702226,0.9540122440955727,0.2997663879325907
2025/05/20 13:36:46.525468429,1747741006,524802691,piren,-461.96923041766496,-297.41962600766163,2.3342278766039732,-0.0007426870218784914,0.000369563645797885,0.9540078994844517,0.2997803188335812
2025/05/20 13:36:46.575466815,1747741006,575045538,piren,-461.9715704383859,-297.4135068309444,2.3330071295076933,-0.0007724843595355445,0.00028406386836856307,0.9540079276130974,0.29978024722619073
2025/05/20 13:36:46.619736703,1747741006,619376359,piren,-461.9747300650792,-297.4083674528281,2.332166429216539,0.00012244903427397814,0.00010034395240213098,0.9539998120397745,0.2998071606306299
2025/05/20 13:36:46.670635715,1747741006,670251145,piren,-461.9768519557399,-297.40476630526956,2.331466758776243,-0.0008206691906949489,0.00046608834087039677,0.9539993481651928,0.29980719298263214
2025/05/20 13:36:46.727444150,1747741006,727110299,piren,-461.98114349697687,-297.40033464716737,2.3309048235585172,-0.0008898693789113829,0.0004039005409454914,0.9539741213752851,0.2998873467539006
2025/05/20 13:36:46.770903262,1747741006,770448205,piren,-461.98558275799724,-297.3966182100119,2.3305469898329583,0.0007948566777821273,0.005760402506796087,0.9539570316846031,0.2998869247988691
2025/05/20 13:36:46.822460343,1747741006,821379909,piren,-461.9848942127853,-297.38544379368903,2.3262911784559317,-0.0011227406083276843,0.0007723361931683857,0.9539527579713564,0.29995379395695937
2025/05/20 13:36:46.881977370,1747741006,878790885,piren,-461.9911887222512,-297.3838618470864,2.3270597189462148,-0.0030919763531021415,-0.005811717100278131,0.953935307314712,0.29994014917140444
2025/05/20 13:36:46.930043240,1747741006,929744642,piren,-462.00371585219085,-297.39150380124295,2.3323861695647814,0.005333821170436447,0.021572143662111135,0.9536902468657014,0.29996850835176114
2025/05/20 13:36:46.979425899,1747741006,978408933,piren,-461.9867592245724,-297.35701544651204,2.315338510366785,0.006110064064392341,0.02346705090551752,0.9536458531089166,0.29995258206438846
2025/05/20 13:36:47.31250221,1747741007,30827026,piren,-461.97401786300884,-297.3289057766794,2.3015839177625304,-0.001340974366561308,-0.00027541620150646636,0.9539148563730905,0.3000742786784141
2025/05/20 13:36:47.80974874,1747741007,80659609,piren,-461.98996058374104,-297.34232890432025,2.3103876956682825,-0.0010410213155982464,0.0005912630808111318,0.9539147364339479,0.3000753943540548
2025/05/20 13:36:47.126063364,1747741007,125556459,piren,-462.00213569897323,-297.34995076274396,2.3161787422733067,0.007751680447671898,0.02840742451369964,0.9534740424422243,0.300033631567561
2025/05/20 13:36:47.181663862,1747741007,181351923,piren,-461.9843546769912,-297.3153973055727,2.2985397263475567,0.007061768150280746,0.02609749276191331,0.9535393851262522,0.3000528175424827
2025/05/20 13:36:47.231662138,1747741007,231276318,piren,-461.97551904585805,-297.2930576250433,2.2879342795222573,0.0025033533231267843,0.011441069943631277,0.9538086937000231,0.3001862937626234
2025/05/20 13:36:47.282349226,1747741007,281076866,piren,-461.985156326358,-297.2975624390317,2.292383334482167,0.0018736440781839717,0.009178515230259802,0.9538329044960506,0.3001916631365106
2025/05/20 13:36:47.322850302,1747741007,322478694,piren,-461.9958326664027,-297.3043865924205,2.2978406912067606,-0.0022201148153172703,-0.003811390587781102,0.9538700511333214,0.3001873913789668
2025/05/20 13:36:47.373668835,1747741007,372330673,piren,-462.018165362851,-297.3263773611554,2.311234464043153,-0.0006334528241881891,0.00100852428680653,0.9538771616315271,0.30019484028554516
2025/05/20 13:36:47.424684640,1747741007,424235040,piren,-462.03086028310815,-297.3342689558276,2.3173565891793846,0.0038322094016350642,0.01507443303427933,0.9537284761594168,0.30026666382140044
2025/05/20 13:36:47.475955603,1747741007,474461996,piren,-462.0268932474119,-297.3190580932486,2.310955429154881,0.005673918671537348,0.020915064692657415,0.9536177938119708,0.30023902151619186
2025/05/20 13:36:47.525987298,1747741007,524775300,piren,-462.01995414273847,-297.2988361475074,2.3016913840371243,-0.007219036305205781,-0.028953992097178385,0.9533908435723016,0.30025897363601933
2025/05/20 13:36:47.575574321,1747741007,575016532,piren,-462.06224275869033,-297.3573107767559,2.3305103535698866,-0.007508121563949783,-0.020661738133619698,0.9536073947943474,0.30024932519727054
2025/05/20 13:36:47.626629348,1747741007,625905398,piren,-462.09038434174636,-297.3844876400811,2.346313712586322,-0.0014024370012323839,-0.00122536327707236,0.9537574988912478,0.3005713974482741
2025/05/20 13:36:47.676303337,1747741007,675058494,piren,-462.09167092702114,-297.3744781756937,2.3438728040671655,-0.009758413442202702,-0.027978848407999714,0.9533472767484128,0.3004179211119709
2025/05/20 13:36:47.719929271,1747741007,719578286,piren,-462.12135467530817,-297.4049808553305,2.3601226392087,0.0060965577745927205,0.022505128306442246,0.9534547979670517,0.3006331641998606
2025/05/20 13:36:47.777912111,1747741007,776276438,piren,-462.09241472171817,-297.3526343659121,2.334842310984045,-0.0011359422725592033,-0.0005947159635941591,0.953720193035576,0.30069278232817626
2025/05/20 13:36:47.828020395,1747741007,827685153,piren,-462.0963477137126,-297.3468119297771,2.334474230492528,-0.0024666529124567366,-0.005542119655570263,0.9536800240027483,0.30076172022258774
2025/05/20 13:36:47.878517940,1747741007,878028040,piren,-462.1049815546963,-297.3490962120228,2.3376460507731944,0.005148487300533082,0.018366404484371893,0.9535199174590037,0.3007256811012448
2025/05/20 13:36:47.927997771,1747741007,927668637,piren,-462.08882136294744,-297.31546165378097,2.321691711112993,-0.009262040929820825,-0.02885429386000348,0.9532332634481208,0.3007124702763431
2025/05/20 13:36:47.978362933,1747741007,978060536,piren,-462.12563564775513,-297.35931503493003,2.343952703481421,-0.00855285346460253,-0.02579750076804119,0.9533197567331266,0.30073705969505704
2025/05/20 13:36:48.28822449,1747741008,28476615,piren,-462.1510597710019,-297.3850542326792,2.357964770544188,-0.0035783407897181717,-0.0027362563958440436,0.9536292179941257,0.30095020014288265
2025/05/20 13:36:48.79562460,1747741008,78930177,piren,-462.15037805324675,-297.3676063098203,2.352494489402903,-0.0001939480717179003,-3.509927082901252e-05,0.9536360055442707,0.3009623399725529
2025/05/20 13:36:48.130846228,1747741008,130496224,piren,-462.1448084148258,-297.3511556883032,2.3459370220481546,0.00543352899074826,0.017207570059561608,0.9535019662678447,0.30084610121905525
2025/05/20 13:36:48.181679944,1747741008,180096753,piren,-462.1242533824148,-297.3138323694798,2.3277771406544887,-0.0012985828566972851,-0.0035846544330070933,0.95365040205303,0.30089262968583086
2025/05/20 13:36:48.224203169,1747741008,223569462,piren,-462.12823295651765,-297.30901375695265,2.3268451476764267,0.008430807783756187,0.026994986946865862,0.9532719229917149,0.3007870226514601
2025/05/20 13:36:48.282007211,1747741008,281657452,piren,-462.087434352414,-297.24200642553075,2.2919282610845615,0.005544241919483496,0.017778965435016007,0.95348860924834,0.300853189784096
2025/05/20 13:36:48.326841891,1747741008,325373893,piren,-462.0884293755152,-297.2342849936093,2.2896485860326217,-0.009755717394408529,-0.02730846323316864,0.9532640438680989,0.3007436391383902
2025/05/20 13:36:48.374634223,1747741008,374356077,piren,-462.13840717822563,-297.29173373082835,2.3203435827078165,-0.008012204219612051,-0.025579672158573652,0.9533124597055275,0.3007936819914946
2025/05/20 13:36:48.427921210,1747741008,426325057,piren,-462.17240723145864,-297.33021222912913,2.3411639243581392,0.00019701122764057298,0.00017686011450808578,0.9536457168737695,0.3009315147926357
2025/05/20 13:36:48.477386444,1747741008,477068653,piren,-462.1715867534418,-297.3193218366618,2.3382436613632316,0.0003544266772214225,0.0006530927565802959,0.9536455072902146,0.30093137801959313
2025/05/20 13:36:48.527079547,1747741008,526676722,piren,-462.17209293747055,-297.30955577458496,2.335691556082593,-0.002565853350298503,-0.008735271035906414,0.953606856308316,0.3009170567420281
2025/05/20 13:36:48.576996540,1747741008,576738716,piren,-462.18322881087715,-297.3150575471477,2.3405237491371045,5.4488488656729566e-05,-0.0004112167846235631,0.9536467780004511,0.30092798264887094
2025/05/20 13:36:48.628396553,1747741008,628043598,piren,-462.1844018410324,-297.3057341007932,2.3379179432084967,0.00832164004107123,0.025837894748112877,0.9532947185576898,0.300819435994464
2025/05/20 13:36:48.678154828,1747741008,677814193,piren,-462.1604519095573,-297.2605680811643,2.315407438054655,0.009060856377590444,0.028132999697080455,0.9532295844160821,0.30079859475019516
2025/05/20 13:36:48.729948397,1747741008,729539393,piren,-462.14275955425796,-297.22392577331163,2.297371409726716,0.0008318353840946517,0.001983010265415446,0.9536406797090395,0.30093991048756247
2025/05/20 13:36:48.772957852,1747741008,772603455,piren,-462.15787110414345,-297.234391714845,2.305391383128478,0.0012574418714984671,0.003405397252411065,0.9536366432312634,0.30093849005419904
2025/05/20 13:36:48.825364607,1747741008,824932812,piren,-462.1693001030512,-297.2390400564968,2.310251671565107,0.00447003680262404,0.01060584181823118,0.9535820315946077,0.3009133495048209
2025/05/20 13:36:48.882164360,1747741008,881711589,piren,-462.17056010757847,-297.2318971863938,2.3082029735372482,0.0017662714642702445,0.0018839612186899593,0.9536391323199134,0.30094141669661184
2025/05/20 13:36:48.932658398,1747741008,932357681,piren,-462.18212668092286,-297.2383147147309,2.313441834411901,-0.009666655336141278,-0.030046447193378414,0.9531643365069571,0.3008014534488161
2025/05/20 13:36:48.982962271,1747741008,981280867,piren,-462.22691347403827,-297.2880017262607,2.3394105548198803,-0.008116542131319003,-0.025646143145428513,0.9532926086607123,0.3008481333803633
2025/05/20 13:36:49.33428014,1747741009,32960614,piren,-462.2560147279303,-297.31591641664835,2.3551537609558095,0.009489743994984139,0.029333137837963007,0.9532223689558846,0.3006935767614936
2025/05/20 13:36:49.83299389,1747741009,81401927,piren,-462.2222796854751,-297.25533152025355,2.3252432914145245,0.00830305419567445,0.025911308647235343,0.9533217244932302,0.3007280382413076
2025/05/20 13:36:49.123636570,1747741009,123251179,piren,-462.20265615216726,-297.21566224099087,2.306622390415683,-0.008248706548578401,-0.029940823716231746,0.9532780457272033,0.3004937161572487
2025/05/20 13:36:49.174333132,1747741009,173687359,piren,-462.2459376768001,-297.26701356788703,2.3338809125573357,-0.003772389431724677,-0.01544693779794787,0.9536227869684657,0.3005840005142292
2025/05/20 13:36:49.224734424,1747741009,224339712,piren,-462.2640166470105,-297.28131719212314,2.343970176652698,0.0025059268994282206,0.004458153186578157,0.9538084176984938,0.30037201522118456
2025/05/20 13:36:49.274648689,1747741009,274361009,piren,-462.258517503273,-297.2611413132046,2.3367748034742375,0.0013763402579814892,0.0011183112593998457,0.953818286124118,0.30037898082700715
2025/05/20 13:36:49.326145007,1747741009,325786130,piren,-462.25969326652375,-297.25014316835814,2.3340419094566696,0.0023363798218004692,0.0010165434436074485,0.9538582108546657,0.3002466012362035
2025/05/20 13:36:49.368566031,1747741009,368195682,piren,-462.26077111843983,-297.24151139844366,2.3318428904973474,0.005113461304036126,0.013592494174816037,0.9537636970104799,0.30020644043807787
2025/05/20 13:36:49.426819547,1747741009,426019767,piren,-462.25259254675643,-297.215532310355,2.3208963678152372,-0.007839584225862511,-0.02759699836673527,0.9534748003460433,0.3001045679515474
2025/05/20 13:36:49.478257999,1747741009,476825793,piren,-462.29036075235,-297.25540219924767,2.342350052309283,0.0017421754745814613,0.0029651117044288146,0.9538695879438753,0.3002015691714115
2025/05/20 13:36:49.527831728,1747741009,527432559,piren,-462.2880713956697,-297.23816568841,2.336576817756563,-0.0064670164602310285,-0.023183870535195033,0.9536329034253782,0.30000828546824143
2025/05/20 13:36:49.577281366,1747741009,576949614,piren,-462.3147100810149,-297.26223018128564,2.3506141066749513,-0.007290670703842832,-0.025481086389002875,0.9535741610720448,0.2999897993146938
2025/05/20 13:36:49.620657889,1747741009,620226194,piren,-462.3239907409071,-297.2627757730234,2.352920607378884,0.0003988817026924313,-0.0010714791668729406,0.9539634104444804,0.29992083015175514
2025/05/20 13:36:49.677574568,1747741009,677243696,piren,-462.31358687628665,-297.23200834490154,2.3413150790406707,0.000733153716042639,-4.378420093146087e-05,0.9539640029289704,0.29992022553390363
2025/05/20 13:36:49.729479316,1747741009,729088065,piren,-462.31427606430077,-297.21936637395646,2.337642780465546,0.0027742615444532443,0.00015135596370272585,0.9540113701257037,0.2997575457517843
2025/05/20 13:36:49.771253758,1747741009,770873422,piren,-462.3205761500719,-297.2155473975905,2.337949909897171,-0.0024902299428920635,-0.00863087859452637,0.9539753791872395,0.29975036712918435
2025/05/20 13:36:49.822275138,1747741009,821850033,piren,-462.33320679443784,-297.21752811071013,2.341945185939126,-0.007552805920491597,-0.02516982079312433,0.9536729362292395,0.2996954553340281
2025/05/20 13:36:49.883141035,1747741009,881815885,piren,-462.3737459166401,-297.2599326024318,2.3646222925077307,-0.0002830993217292081,-0.001089557809743364,0.9540044975527211,0.2997901789047358
2025/05/20 13:36:49.935594462,1747741009,932915472,piren,-462.3657749129316,-297.2338384455641,2.354872494327687,0.006016808948439587,0.016215727936750503,0.9538840016579047,0.2996767584559432
2025/05/20 13:36:49.975895317,1747741009,974575138,piren,-462.34197431640706,-297.1889237252098,2.3341098064664423,-0.008876068565502727,-0.028291195023456586,0.953603828072226,0.2996006721904372
2025/05/20 13:36:50.20399389,1747741010,19145123,piren,-462.37398200369216,-297.218937433251,2.351347542255649,0.0006644326398181353,0.0020381229820346743,0.9540265123003313,0.2997145615615684
2025/05/20 13:36:50.70835590,1747741010,68237047,piren,-462.36764023450377,-297.19464203453623,2.342856991412804,0.007933885304598404,0.025219326982336237,0.9536937687018149,0.2996151440596097
2025/05/20 13:36:50.124577392,1747741010,123024511,piren,-462.3418071600687,-297.14248743086495,2.3185461644967402,0.0018585681683667434,-0.0014168498406613406,0.9540692262520372,0.2995771182512639
2025/05/20 13:36:50.192941071,1747741010,191220605,piren,-462.34798783639116,-297.1426673983055,2.321432191544363,-0.002919291183371138,-0.008827861329318619,0.9540318775220766,0.29956088408708903
2025/05/20 13:36:50.229886005,1747741010,229483615,piren,-462.36522799447,-297.1523388087622,2.329788542811602,0.00011086726334710406,0.0013904101802171707,0.9540154473265832,0.2997542005214273
2025/05/20 13:36:50.267381591,1747741010,266768251,piren,-462.36999849453525,-297.1453246044386,2.328862765791601,0.005725007874438956,0.0188072937798893,0.9538304699794214,0.2997014256294933
2025/05/20 13:36:50.378613725,1747741010,377024692,piren,-462.3466142579293,-297.0789854486159,2.300951016629204,-0.00038678943863941755,-0.0003032640301886024,0.954110116848655,0.2994555782614579
2025/05/20 13:36:50.447999165,1747741010,446623637,piren,-462.37500803670014,-297.10166468038926,2.3171185096107445,-0.00033555084662997023,-0.00011363059591191004,0.9540580048767524,0.2996217579287387
2025/05/20 13:36:50.492965252,1747741010,491939998,piren,-462.3866432569211,-297.10310124556094,2.32106254890134,-0.008342830102815979,-0.025641886204757706,0.9537213861304635,0.29948023055808726
2025/05/20 13:36:50.532053081,1747741010,531381804,piren,-462.4231008640242,-297.13976110567995,2.341490594349148,0.009063807990379825,0.02984196807125035,0.9535995096831462,0.2994583100506832
2025/05/20 13:36:50.583374342,1747741010,581995859,piren,-462.39524667705115,-297.0848022325758,2.314882133773358,0.008974695385383348,0.02958455451584316,0.9536080036046124,0.2994594871398538
2025/05/20 13:36:50.633709617,1747741010,633296412,piren,-462.37753621400975,-297.04423189795705,2.296040475255633,0.003064753418113599,0.00826998786994465,0.9540421877900228,0.299542515352903
2025/05/20 13:36:50.684672272,1747741010,682563665,piren,-462.3869444400682,-297.04475445046364,2.2997700583891154,-0.0004918733279669666,-0.0001006293681432566,0.954078021084452,0.2995578034669361
2025/05/20 13:36:50.734255354,1747741010,733821885,piren,-462.4057927990724,-297.05547680981533,2.3091021360150363,-0.0012977452205932987,0.0009537359228468999,0.9540718821247186,0.2995734467273914
2025/05/20 13:36:50.774616614,1747741010,774153147,piren,-462.42166396159575,-297.0609145431113,2.315589548989008,-0.0010717597494361564,0.0007349615673526659,0.9540724145546222,0.29957326140436386
2025/05/20 13:36:50.826202550,1747741010,824896634,piren,-462.4355579580163,-297.062631449775,2.3202031888377017,-0.0005283780859000546,0.0008020563647550441,0.9540776758773408,0.2995577839327129
2025/05/20 13:36:50.876209346,1747741010,875869152,piren,-462.44657680263225,-297.06254886659804,2.3233654475970877,-0.0013329514079291423,0.0006119136528700014,0.9540771442389522,0.29955742628596493
2025/05/20 13:36:50.926935967,1747741010,925406139,piren,-462.4578506118893,-297.06072407200827,2.325907787100796,-0.00046670584620396664,0.003254896383292505,0.9540529461617653,0.2996200322996497
2025/05/20 13:36:50.976903397,1747741010,975719244,piren,-462.4650061573064,-297.0540012753739,2.325710675031526,-0.00924613108527088,-0.024804099519235928,0.9537366694077803,0.2994755935530441
2025/05/20 13:36:51.27654732,1747741011,27217421,piren,-462.5006678490832,-297.08819322561607,2.3450075147735996,-0.006916844222211472,-0.01760509142135626,0.9538840949411911,0.2995786231363583
2025/05/20 13:36:51.76961077,1747741011,76608153,piren,-462.5202187587371,-297.10034114620646,2.3539246597418617,-0.001704008413975662,-0.0011294019484125802,0.954045974824768,0.2996532975410451
2025/05/20 13:36:51.130022739,1747741011,129612888,piren,-462.5195344350881,-297.08300054823286,2.348680118978675,-0.0055663125513334775,-0.013677746800140412,0.9539384601716144,0.2996386984560928
2025/05/20 13:36:51.179960839,1747741011,179646939,piren,-462.53282305399665,-297.0867196444523,2.353437311788853,-0.0007608211281913782,0.0015265239701806555,0.9540352677488463,0.29968950393226407
2025/05/20 13:36:51.231786518,1747741011,231448228,piren,-462.5287730161537,-297.06528264499127,2.345858741331685,-0.001020993282617521,0.0004981177265799543,0.9540247164914708,0.29972579097371005
2025/05/20 13:36:51.281450282,1747741011,281114784,piren,-462.5284972353057,-297.0495017828667,2.341001084442919,-0.009302499948073407,-0.025970086265472925,0.9536723545742118,0.2995798027820947
2025/05/20 13:36:51.324249354,1747741011,323902138,piren,-462.5571517184369,-297.07495770582995,2.3556228012951697,-0.008497446294510129,-0.02386676365246932,0.9537139154815493,0.2996463555861832
2025/05/20 13:36:51.384912807,1747741011,382266781,piren,-462.5769656669133,-297.08836499858586,2.3645721004354736,-0.0018932628217045299,-0.002793423167398771,0.9540084649047244,0.29976067325956435
2025/05/20 13:36:51.433498679,1747741011,433143459,piren,-462.57173555344764,-297.06516756891006,2.3563758547280944,-0.00909551806419237,-0.02889868025436557,0.9535690862931685,0.29964668444137954
2025/05/20 13:36:51.476749541,1747741011,476025963,piren,-462.5946479033976,-297.0853353764111,2.3677498677141435,-0.0005410465137398289,0.001748101240515576,0.9540048272776647,0.2997856583321428
2025/05/20 13:36:51.534810968,1747741011,534444955,piren,-462.5837193738321,-297.052591077492,2.3549770305737696,-0.0002685533620920888,0.00244064987195577,0.9539774957763205,0.29986815212628837
2025/05/20 13:36:51.584139435,1747741011,583687127,piren,-462.5769129465813,-297.02637696891196,2.3451167562686046,0.005172824728469947,0.01971186943211434,0.953753703492055,0.2998975777878323
2025/05/20 13:36:51.617699036,1747741011,616756069,piren,-462.5561846719358,-296.9820909217468,2.3246436678481643,0.00691981288493381,0.02553833216457464,0.9536160855327046,0.29986041951743325
2025/05/20 13:36:51.675491109,1747741011,675064689,piren,-462.53897732070266,-296.94013970049326,2.3053474565513885,0.008135400813651975,0.02923684893197906,0.9535110029438348,0.2998262649988696
2025/05/20 13:36:51.728028139,1747741011,726151618,piren,-462.52575484946857,-296.9035681615063,2.2886072631707854,-0.001506600939758875,-0.0011714273142343409,0.9539364801648569,0.30000258285944703
2025/05/20 13:36:51.776455123,1747741011,776070938,piren,-462.54933405874914,-296.9203049194408,2.3010364419856963,-0.009508467523779745,-0.02667610788863069,0.9535630180867837,0.29985920838034585
2025/05/20 13:36:51.829927069,1747741011,828632666,piren,-462.5951702819603,-296.96803572614766,2.3275283587574735,0.008324896636689018,0.02885296619973754,0.9534794882508645,0.2999584436590092
2025/05/20 13:36:51.870513138,1747741011,870012983,piren,-462.57382754190627,-296.92178082567256,2.3056821290501692,0.00273374613550352,0.011093322072340518,0.953851924032929,0.3000599471041504
2025/05/20 13:36:51.930059306,1747741011,929679978,piren,-462.57881413444824,-296.9122560385396,2.3044774614629326,-0.0008214258239026143,-9.339850614794775e-06,0.9538948815533361,0.30013976763956135
2025/05/20 13:36:51.973503139,1747741011,972419081,piren,-462.5831571464842,-296.9017414685729,2.301916588340357,-0.00018060608414641733,0.002048854066101044,0.9538927467742045,0.30014062908913447
2025/05/20 13:36:52.32879373,1747741012,32384671,piren,-462.60769311594095,-296.9195369372016,2.3153117662413565,-0.007739965464853068,-0.021982791973877265,0.9536238927957291,0.300097185726151
2025/05/20 13:36:52.83447646,1747741012,82209944,piren,-462.644200020661,-296.95488298887585,2.335506788847399,-0.0014481437902447592,-0.0018697599786434646,0.9538753286181403,0.30019371134455836
2025/05/20 13:36:52.125366708,1747741012,124907165,piren,-462.65254682417,-296.9490493605034,2.336064151796644,-0.003156724440210535,-0.010286990505125356,0.9537898228059961,0.3002818456531509
2025/05/20 13:36:52.186795258,1747741012,184029759,piren,-462.66739743408436,-296.95583703228215,2.342127526842781,-0.0005615599241183817,0.0011769592721824213,0.9538442400659792,0.3002989595557699
2025/05/20 13:36:52.234745362,1747741012,234307152,piren,-462.6705928442345,-296.9415348235778,2.3383467728017244,0.0005343616711225074,0.004470297707644783,0.9537877187507191,0.30044753028824966
2025/05/20 13:36:52.284263688,1747741012,283169857,piren,-462.6713350172423,-296.92479417853644,2.333017558440363,0.007612618709049412,0.027071229811097792,0.9534135248587358,0.3003528710855723
2025/05/20 13:36:52.324995396,1747741012,324588167,piren,-462.6510619219137,-296.8791768539799,2.3111747809808016,0.0011673877864040922,0.005877043414760373,0.953759238980954,0.30051191594498994
2025/05/20 13:36:52.375528854,1747741012,375116771,piren,-462.6605110050055,-296.87463984290514,2.3124847886111155,-0.0006429350238800494,0.0006017861403297911,0.9537770566916498,0.3005138110247345
2025/05/20 13:36:52.418325015,1747741012,417881119,piren,-462.6756249168097,-296.87704501310174,2.3174882004865016,4.329874861056177e-06,0.0019730921473788956,0.953707914750914,0.3007279837828424
2025/05/20 13:36:52.476923562,1747741012,476491836,piren,-462.6867772051812,-296.87564891078614,2.320134194049826,-6.030469754928923e-05,0.001864161345373872,0.9537080519246952,0.30072823771608925
2025/05/20 13:36:52.529207756,1747741012,526886910,piren,-462.69773747920607,-296.8727589359122,2.3221511572653863,0.006985946626789717,0.024057756522263767,0.9533765072874224,0.3007418432032336
2025/05/20 13:36:52.577474350,1747741012,577112566,piren,-462.6853861437797,-296.83763575456584,2.306238318554107,-0.009165032413775209,-0.027334445590426144,0.9532892740788291,0.30067987992444317
2025/05/20 13:36:52.628146044,1747741012,627776687,piren,-462.73120519365375,-296.8847163576573,2.332364815123984,0.0021401375487828667,0.008436166533445758,0.9536041399947084,0.3009375268896269
2025/05/20 13:36:52.668916032,1747741012,668621980,piren,-462.7411256362133,-296.8814416873788,2.3335593767213,0.00042810288521262,0.0029267085615649756,0.9536368964549713,0.3009450461872496
2025/05/20 13:36:52.729397813,1747741012,729011904,piren,-462.74062388863325,-296.86230932336105,2.3286120696627997,-0.0033109413870698033,-0.008903621567965753,0.9535772019492555,0.30099880915501076
2025/05/20 13:36:52.780186260,1747741012,779826533,piren,-462.75855489041487,-296.8701431148975,2.3359734053065218,-0.0015815610706858391,-0.0035358347317520087,0.953612266717564,0.30101269292692473
2025/05/20 13:36:52.823058950,1747741012,822500863,piren,-462.7685851006767,-296.8659235947676,2.3373555664582573,0.0055368227471972176,0.018870246122167027,0.9533803284249668,0.3011298835676352
2025/05/20 13:36:52.874328048,1747741012,871888173,piren,-462.77840489350217,-296.8623513979148,2.338667757562208,-0.009361493235922873,-0.028353258953457666,0.9531451726927525,0.30103610235919387
2025/05/20 13:36:52.932718137,1747741012,932084931,piren,-462.8304389092931,-296.9178586291171,2.367488285998489,-0.009499935765581946,-0.028864213930075905,0.953085397832779,0.3011724303660315
2025/05/20 13:36:52.984276765,1747741012,983905789,piren,-462.8526321117131,-296.9311971670548,2.3765364622508836,2.1444355695742086e-05,0.001186065142963834,0.9535216757865412,0.30132209775395247
2025/05/20 13:36:53.34729137,1747741013,34212746,piren,-462.83987671999387,-296.8944044810751,2.3620363771625827,0.006389268398592808,0.018959814479561913,0.9532905909521752,0.30139136000602973
2025/05/20 13:36:53.84663401,1747741013,83772993,piren,-462.8134978688407,-296.8410343774087,2.3374197148048137,-0.009084781971989166,-0.027047809930505942,0.9530941057058321,0.30132624907778094
2025/05/20 13:36:53.135452205,1747741013,135084125,piren,-462.845680738252,-296.8667497797627,2.3530914126314753,0.0026757300021102814,0.010227708414409092,0.9533659433315214,0.30163158413061486
2025/05/20 13:36:53.175672928,1747741013,175252198,piren,-462.83162243495866,-296.8300148856135,2.337854230523876,0.0036614202230855837,0.013416897766060256,0.9533268639769391,0.3016197461642388
2025/05/20 13:36:53.226546295,1747741013,226157017,piren,-462.82298191516355,-296.79665133560053,2.324631462066345,-0.000453512843559871,0.0005912914925057648,0.9533672394767675,0.30181178140178605
2025/05/20 13:36:53.276975104,1747741013,276662617,piren,-462.83212922805365,-296.7898990072368,2.3250498476046295,-0.00014204378207529947,0.001589192448445675,0.9533661445843813,0.3018119425258689
2025/05/20 13:36:53.327528859,1747741013,327198729,piren,-462.8409283949473,-296.78178904010645,2.3247204440326805,0.0013400415682077685,0.0063218354583566,0.95328594088776,0.30200025428924937
2025/05/20 13:36:53.377988185,1747741013,377548297,piren,-462.84487888339686,-296.7680257880347,2.3210843904702094,-0.000980403171801628,-0.0010401740905350671,0.9533063219085905,0.30200167790361193
2025/05/20 13:36:53.429153059,1747741013,428777680,piren,-462.8584960200236,-296.7666751369947,2.3240438213221104,-0.009776695213682539,-0.028670039729633886,0.9528262035326364,0.3020011107830288
2025/05/20 13:36:53.478509495,1747741013,478119280,piren,-462.89886961801443,-296.80492844713456,2.3451421338806435,-0.006762843425180117,-0.019140756736305393,0.9530653675965829,0.30208326744187364
2025/05/20 13:36:53.529907161,1747741013,529562856,piren,-462.9211625713018,-296.8159748430068,2.3540744310328514,0.00030192740007582995,0.0028808088545437018,0.9532091994594389,0.3022975882240616
2025/05/20 13:36:53.578685396,1747741013,578354546,piren,-462.9163406454519,-296.7901237009,2.344743471317177,0.006520723656624175,0.022486997153227255,0.9529477097275546,0.30222918066764015
2025/05/20 13:36:53.620965193,1747741013,620659632,piren,-462.8963480791864,-296.7412056796185,2.3226489469702347,0.0036714541078763053,0.013392189392478746,0.9530479868409784,0.3025007511831471
2025/05/20 13:36:53.679979940,1747741013,679608038,piren,-462.89311141125705,-296.7175720827193,2.3141493827010184,-0.009024694242067036,-0.026736857502874956,0.952768057191818,0.30238506004701504
2025/05/20 13:36:53.730605890,1747741013,730281292,piren,-462.935007229255,-296.75657015322207,2.336708142970321,0.004697579264316991,0.014654334192487175,0.9529683896257581,0.30267875976440695
2025/05/20 13:36:53.772679687,1747741013,772299074,piren,-462.9241674490627,-296.72349270367164,2.3233066110819562,0.008350572520029116,0.026578072308404824,0.9527094435350901,0.3026030241256949
2025/05/20 13:36:53.833537658,1747741013,832557076,piren,-462.90795094684097,-296.68059997668684,2.304087123666139,-0.009279117885880024,-0.028795444891308364,0.9526020962966671,0.30271102797216864
2025/05/20 13:36:53.884964349,1747741013,882392337,piren,-462.95507815514395,-296.72827255768715,2.3310650687197065,-0.008203013417833891,-0.025339065805060467,0.9527009371012268,0.3027400977099632
2025/05/20 13:36:53.933624284,1747741013,932850139,piren,-462.98856062129875,-296.7551543818579,2.348278705922253,0.0008304782536246078,0.002832660991027045,0.9529867851167195,0.3029974813929643
2025/05/20 13:36:53.982769713,1747741013,982374648,piren,-462.98560991766993,-296.731696899168,2.3409200838117754,0.002476872698416134,0.007999227724086894,0.9529573593086474,0.30298869417346813
2025/05/20 13:36:54.33786683,1747741014,33369002,piren,-462.98137488826586,-296.70502266372404,2.3316496595971388,-0.00030146545216195366,-0.0005798183227461697,0.9529359919727843,0.3031708563370485
2025/05/20 13:36:54.84683379,1747741014,83327830,piren,-462.98927947809483,-296.6965930618801,2.3314179259379815,0.0008134598135782646,0.0029451559364768575,0.9529316453876269,0.30316982626651984
2025/05/20 13:36:54.136563818,1747741014,135129734,piren,-462.9947363344814,-296.68321323858993,2.328650505477004,-0.008068164702894499,-0.024968722651704765,0.9525538419159194,0.30323694672432494
2025/05/20 13:36:54.185850721,1747741014,185400162,piren,-463.0296636631301,-296.7126612879552,2.346110669572129,-0.009293205104904669,-0.02856631839581735,0.9524520214731231,0.30320413681865976
2025/05/20 13:36:54.229727007,1747741014,228862483,piren,-463.0617203052103,-296.7367687242022,2.3608819044271967,-0.0005662512270790227,-0.0010868583700761692,0.9528333678579662,0.30349146807591965
2025/05/20 13:36:54.276859198,1747741014,276443519,piren,-463.0567830805896,-296.7121870541083,2.3521667502214467,-0.0002498611523874546,-0.00023378469188280786,0.9528339580334182,0.30349189665045884
2025/05/20 13:36:54.328940763,1747741014,327428631,piren,-463.0573030374255,-296.69080286443756,2.3455594499520322,0.0020607621031141724,0.007200105362418337,0.9527447655870518,0.30367963940441933
2025/05/20 13:36:54.369086463,1747741014,368713542,piren,-463.05228521644983,-296.66314349544626,2.335144411755203,0.0026461780059259007,0.009174403443106015,0.9527281066067376,0.3036741394076304
2025/05/20 13:36:54.428663021,1747741014,428183258,piren,-463.0502259291985,-296.63815195150175,2.3261720741977734,-0.008007761381114989,-0.024874788253712265,0.9523966513099144,0.3037395911643023
2025/05/20 13:36:54.479240517,1747741014,478869680,piren,-463.0857919685969,-296.6682393770872,2.343873448349709,-0.002170832943626766,-0.005736259639932989,0.9527039546370965,0.30383804506432577
2025/05/20 13:36:54.530096838,1747741014,529662062,piren,-463.0952676021099,-296.6595861546392,2.343611651440841,0.009346817433941041,0.03032870118623215,0.9521882566974272,0.3038590638696291
2025/05/20 13:36:54.570981898,1747741014,570633624,piren,-463.0678592143358,-296.6005106675196,2.315167709280061,-0.007976767563848913,-0.023838468821861247,0.9523724954238145,0.30389920786944774
2025/05/20 13:36:54.630587581,1747741014,630172634,piren,-463.1068478946858,-296.6334137914881,2.335393246949988,-0.001924708394399085,-0.004683585319071119,0.9525915988067273,0.3042098049192344
2025/05/20 13:36:54.671679728,1747741014,671377027,piren,-463.11753451261103,-296.6276617823284,2.336920105553526,0.0011861504584131444,0.004723574694117867,0.952591420627272,0.3042135207983285
2025/05/20 13:36:54.732514116,1747741014,732061647,piren,-463.1189038905489,-296.6075435762359,2.331061818110285,-0.00941154975709298,-0.027001252011722196,0.9521980168053507,0.30414025039926307
2025/05/20 13:36:54.783870307,1747741014,783317922,piren,-463.1556742933615,-296.63709790245866,2.3490123836559866,-0.0019907660032639015,-0.004165394544775323,0.9525718503802193,0.3042787475362218
2025/05/20 13:36:54.836288645,1747741014,835673739,piren,-463.1613093137942,-296.6226853957438,2.3463322123459984,-0.0001614765473421137,0.0012119020416277823,0.9524924558101513,0.30455972623364586
2025/05/20 13:36:54.871339253,1747741014,870713391,piren,-463.16089190164416,-296.6030555699646,2.340259589806005,0.0008050095013213039,0.003963608382247077,0.95248487857117,0.3045590219671034
2025/05/20 13:36:54.922483453,1747741014,921098963,piren,-463.1716097423917,-296.59605643196755,2.3405437771766793,-0.004878173156887114,-0.013875174259534027,0.9524185420531976,0.30443817717096594
2025/05/20 13:36:54.981904653,1747741014,981421628,piren,-463.19643590389273,-296.6090582983593,2.351245843743633,-0.008831758732738108,-0.026332981019174764,0.9521567499200394,0.30434535930425816
2025/05/20 13:36:55.36214833,1747741015,34636508,piren,-463.2246005489784,-296.6253568032311,2.3627204358132063,-0.002914140023440087,-0.007847647446720382,0.9523685510845044,0.3048344880794783
2025/05/20 13:36:55.86818240,1747741015,84282377,piren,-463.22726159178524,-296.60811079730905,2.3582679449946387,-0.00040981724818831396,-0.000158246811913185,0.9524008931756842,0.30484806984123863
2025/05/20 13:36:55.126565175,1747741015,125249779,piren,-463.23976038029514,-296.6041144474047,2.3600026019619578,0.0013120551216745436,0.0020109928124129183,0.9523523332410979,0.30499060278884516
2025/05/20 13:36:55.167906432,1747741015,167276579,piren,-463.2286683274258,-296.57403495275406,2.3478361903049487,-0.0003380257493366895,0.00016573077892098804,0.9523545549265341,0.3049928851343665
2025/05/20 13:36:55.230959668,1747741015,229767278,piren,-463.2255632675747,-296.5418692086903,2.336973063458048,0.00024442659677991906,0.0019882200133144487,0.9523090215050123,0.3051286856344118
2025/05/20 13:36:55.280333615,1747741015,279994959,piren,-463.2297107073027,-296.52508242306925,2.332539056851085,-0.0009124709600137967,-0.0016059684768307526,0.9523097434611801,0.30512741727170284
2025/05/20 13:36:55.321645310,1747741015,321277124,piren,-463.2380365834179,-296.51478489667426,2.3312716449255424,0.007032428736848822,0.023288799389715793,0.9519437361250508,0.30530525711380485
2025/05/20 13:36:55.372362590,1747741015,372027902,piren,-463.2065672732131,-296.4475560607114,2.29880078371756,0.00020877973438916932,0.001897232356619723,0.9522267174181653,0.30538604348501786
2025/05/20 13:36:55.433585748,1747741015,433185148,piren,-463.226566280231,-296.451950845381,2.3057664574345655,0.00963391385707516,0.03131658633913068,0.9516432821161729,0.30545297956807765
2025/05/20 13:36:55.484053050,1747741015,482811356,piren,-463.21415516985303,-296.41271274354443,2.287674160488481,0.0005708210775101764,0.003155228472417876,0.9521532734531607,0.3056040944572158
2025/05/20 13:36:55.534954954,1747741015,534583280,piren,-463.23777568804036,-296.42222592095214,2.2974897687532163,0.000588432800992612,0.003284826968331939,0.9520946144018496,0.3057853967828094
2025/05/20 13:36:55.584151838,1747741015,582585740,piren,-463.2576299375578,-296.4278989707915,2.304799861329249,-0.008991579417086285,-0.02643857061735196,0.9517322040723214,0.30565661323606064
2025/05/20 13:36:55.624090156,1747741015,623667900,piren,-463.2653212137067,-296.416167806817,2.302709028151726,-0.0009084900419381996,-0.0017162810014897717,0.9520365885481392,0.30597804347859475
2025/05/20 13:36:55.684035258,1747741015,683638415,piren,-463.2995983083847,-296.4423590041536,2.320497714072418,-0.008226983386809501,-0.023944582217339253,0.9517361008448,0.30587148947805987
2025/05/20 13:36:55.735152023,1747741015,734643590,piren,-463.3404867415094,-296.475607963602,2.340616364780722,-0.006653414630642214,-0.0015457569018875144,0.9519586643791678,0.30615036178777244
2025/05/20 13:36:55.785962749,1747741015,785186600,piren,-463.3578844190972,-296.46212471646345,2.340616771063187,-0.00043025563785556605,-0.00042280463596569166,0.9519744574142204,0.30617685828165836
2025/05/20 13:36:55.832992696,1747741015,831711699,piren,-463.36191017045064,-296.4514122301227,2.33828250164284,8.74694682009361e-05,0.0011477039048258032,0.9520561346032395,0.3059212181088089
2025/05/20 13:36:55.871594999,1747741015,871045199,piren,-463.367446654679,-296.43872360750333,2.33554621206945,-0.008566889509895634,-0.025815790082046618,0.9517071639522906,0.30579997951022303
2025/05/20 13:36:55.933666322,1747741015,931841593,piren,-463.40235012453303,-296.4661801540494,2.352093022156283,-0.008572098083046518,-0.025864358004572464,0.9516943441465792,0.3058356248687825
2025/05/20 13:36:55.981778245,1747741015,981351868,piren,-463.42981775581353,-296.48361465042035,2.3637819129680877,-0.009493205157116155,-0.028606075341771602,0.9516162021839006,0.30580741529674427
2025/05/20 13:36:56.32870370,1747741016,32523350,piren,-463.4556666558575,-296.4972092997973,2.3737050910132713,-0.003657743131115091,-0.010332436325024119,0.951956564035203,0.3060368635721302
2025/05/20 13:36:56.83689064,1747741016,82285812,piren,-463.4573465222796,-296.4776317538521,2.368302921462505,0.009702040397662077,0.031053551303877054,0.951505871836111,0.3059054154880917
2025/05/20 13:36:56.134822951,1747741016,132705365,piren,-463.4196308905311,-296.40189786305007,2.332104864851363,-0.009659177178174652,-0.02913565419855095,0.9515498909937181,0.3059585248044353
2025/05/20 13:36:56.173459851,1747741016,173123795,piren,-463.4291673766801,-296.3928176219533,2.3310609182738866,-0.008220796262672863,-0.024629812807810608,0.9516771585801067,0.3060006154679339
2025/05/20 13:36:56.235434097,1747741016,234932395,piren,-463.47929159564467,-296.4388955687236,2.358992064531255,0.0009944388569331146,0.003049386055745044,0.9519677536979623,0.30618149561215907
2025/05/20 13:36:56.285092488,1747741016,284742958,piren,-463.47191841296876,-296.4068445715253,2.347524085742284,-0.003682184904624866,-0.010467062486198357,0.9518480519912058,0.3063693327305871
2025/05/20 13:36:56.335999273,1747741016,335579316,piren,-463.4844994528176,-296.40062191993667,2.3491058172637787,0.008313561257867166,0.026530248802379044,0.9515361701245901,0.30627756617539387
2025/05/20 13:36:56.387191034,1747741016,384696483,piren,-463.4586417901826,-296.34142472961133,2.3218074253545358,-0.00032004835265650125,-0.0003528793010675697,0.9519058813597441,0.30639021863953125
2025/05/20 13:36:56.435971177,1747741016,435621556,piren,-463.4712379097828,-296.33461671570944,2.3234310513679923,-0.0002596665167874931,-9.685604420464818e-05,0.9519386839851834,0.3062885324734895
2025/05/20 13:36:56.477487081,1747741016,477022262,piren,-463.483282226759,-296.3277478476759,2.324615635284482,0.009170502059588219,0.029171557478108574,0.9514921352016887,0.3061496999436843
2025/05/20 13:36:56.538212278,1747741016,537451620,piren,-463.46610058974375,-296.27914890693864,2.3024315440314855,0.008896840046302623,0.02845051434834827,0.9515016132798625,0.30619616979368625
2025/05/20 13:36:56.587027460,1747741016,586508339,piren,-463.45789778598964,-296.2438660217064,2.2874396403133233,-4.153862416453799e-05,0.0006953400417586897,0.951926617141151,0.3063253668160271
2025/05/20 13:36:56.621772027,1747741016,620567613,piren,-463.48372493855754,-296.2580122265477,2.2995883488347904,-0.00010944887210192395,0.0005326755560063059,0.9519355381675785,0.3062979520847297
2025/05/20 13:36:56.667705231,1747741016,667389983,piren,-463.50660098599184,-296.26447459715047,2.308057931177263,-0.00015846991038113582,0.00039542127715042085,0.9519356073170897,0.30629792368076014
2025/05/20 13:36:56.718260905,1747741016,717884512,piren,-463.51509130463916,-296.2521885984116,2.3059699476559556,-0.00026419146931085043,0.0002347194430235683,0.9519137278176162,0.3063660064400424
2025/05/20 13:36:56.779487435,1747741016,779149673,piren,-463.54510555925583,-296.2675432135688,2.319290830452226,-0.0012291827331106535,-0.001494002812788619,0.9518756693514914,0.30647833065659696
2025/05/20 13:36:56.822075052,1747741016,820383871,piren,-463.5639487520838,-296.26758632915545,2.3241104262896393,-0.008618200055238232,-0.028215649021181875,0.951458764858636,0.3063589766137107
2025/05/20 13:36:56.874258264,1747741016,872281340,piren,-463.6067638294292,-296.30458333632896,2.3455591684971,-0.00041270621400948964,-0.0019706417684953324,0.9518750688516944,0.3064796886307205
2025/05/20 13:36:56.933758430,1747741016,933145889,piren,-463.61374456192027,-296.2903476812835,2.34299223572344,0.00882668965191726,0.02681942621749958,0.9515670480815669,0.30614206005135275
2025/05/20 13:36:56.983467297,1747741016,982306376,piren,-463.5923845806896,-296.2367827281894,2.3184085670697776,-0.008675557503387653,-0.027666693279497705,0.9515427211238541,0.3061465966839986
2025/05/20 13:36:57.33993128,1747741017,33639203,piren,-463.6365012067862,-296.2738320424143,2.3408483305389365,0.009222045657274589,0.028088577609223377,0.9515425152102757,0.30609284119215874
2025/05/20 13:36:57.73329969,1747741017,73021567,piren,-463.6139739788561,-296.2182738644466,2.315753640576453,-2.296654037422635e-05,-0.0007043287912860647,0.9519567321040694,0.30623174818302706
2025/05/20 13:36:57.134202945,1747741017,133856787,piren,-463.63056028662686,-296.21663189191247,2.320465196628272,-0.005544122204019964,-0.020351769772822843,0.9517548193805996,0.30613368315476713
2025/05/20 13:36:57.185719760,1747741017,185390128,piren,-463.6647700856585,-296.2421535158171,2.337500565518689,-0.008095270571172668,-0.02524518595092592,0.9516411759689303,0.30606571088763623
2025/05/20 13:36:57.235313216,1747741017,234673106,piren,-463.69946619335826,-296.26447012009794,2.3530581897396865,0.0004826384121026921,0.0014456612366581497,0.9519748844035147,0.30617233152044765
2025/05/20 13:36:57.289037957,1747741017,287814091,piren,-463.6998065047595,-296.2391099222602,2.345560974965251,-0.0008148849852234922,-0.002573754134602765,0.9519679059343719,0.3061859203540267
2025/05/20 13:36:57.327761467,1747741017,326428885,piren,-463.7140150446909,-296.23410162604256,2.347316380111779,-0.0036101451023989044,-0.01116965065122965,0.9519058320042888,0.3061657929176477
2025/05/20 13:36:57.387378046,1747741017,386981787,piren,-463.73077113033844,-296.2316272271676,2.3514359045602498,-0.0001913935252400995,-0.0005100293515822841,0.9519778579639734,0.3061663946041497
2025/05/20 13:36:57.428503753,1747741017,428093374,piren,-463.7317648828613,-296.2107412570074,2.34512566849677,0.009142811800522831,0.028470142274690424,0.9515520698427591,0.3060302572772832
2025/05/20 13:36:57.479133405,1747741017,478775103,piren,-463.70805774433785,-296.15154997737164,2.3178855861824426,0.004194654506022816,0.013020713701592829,0.9518887283603724,0.30613839143228894
2025/05/20 13:36:57.530106620,1747741017,529755286,piren,-463.7102630054034,-296.1282390927046,2.310968125008771,3.893613940265137e-05,0.00017011090409070937,0.9520070066184554,0.30607618152287774
2025/05/20 13:36:57.579485489,1747741017,579187782,piren,-463.7284262219786,-296.1279261130474,2.3160402971222536,2.8288218597383537e-06,6.452527612682652e-05,0.9520070188405642,0.3060761864418537
2025/05/20 13:36:57.631769921,1747741017,630137809,piren,-463.7452283389096,-296.1254795314128,2.3198788020064116,0.002404871656136638,0.007516525825751253,0.9519959899741071,0.3060087474322399
2025/05/20 13:36:57.681520889,1747741017,681193076,piren,-463.7531456511647,-296.1107860836927,2.3171470872664717,-0.005921907550444292,-0.018428634271444446,0.951874377072388,0.30587658740561813
2025/05/20 13:36:57.734761734,1747741017,732172270,piren,-463.7891693504868,-296.1351143572515,2.333875260956505,-0.009699698548651685,-0.026481594261527824,0.9516844930490438,0.3057797683029696
2025/05/20 13:36:57.785879969,1747741017,784141027,piren,-463.828665373191,-296.16123372308834,2.351377031990885,0.00778723081258571,0.027139113124722083,0.9516342530169244,0.3059331235090367
2025/05/20 13:36:57.836266085,1747741017,835339912,piren,-463.8047925007093,-296.10053395938485,2.3242545463831146,0.009254218449485988,0.028772164084017456,0.9515856423663128,0.3058942419482646
2025/05/20 13:36:57.886520991,1747741017,886116501,piren,-463.78741033491093,-296.0526611722054,2.3031131829105433,0.0025923019078971338,0.010644404505327842,0.9519688772673324,0.30599874728161874
2025/05/20 13:36:57.937523207,1747741017,937062548,piren,-463.79830623065504,-296.04081045065726,2.3029375436680426,-0.0036077049874137087,-0.00920422442069458,0.9519843377107413,0.30598707075786463
2025/05/20 13:36:57.977109881,1747741017,976194926,piren,-463.8296504244909,-296.05895261144434,2.317732022142771,-0.00913808780639133,-0.02549947684091824,0.9516880327637665,0.30586951519612815
2025/05/20 13:36:58.38819895,1747741018,37631685,piren,-463.8733214526584,-296.09285328014926,2.3394263008413283,-0.009662772951617143,-0.027159685970425618,0.9516884374668216,0.3057091759644006
2025/05/20 13:36:58.79587547,1747741018,79139804,piren,-463.9078453736258,-296.1175843348405,2.3557699635132607,0.004648558043966107,0.01741541532489945,0.9519356572118887,0.30576722967928205
2025/05/20 13:36:58.130652608,1747741018,130311375,piren,-463.8918075999796,-296.067450346263,2.335527216205518,-0.005473443229583164,-0.014216369941592134,0.951989257367199,0.3057521710509108
2025/05/20 13:36:58.168985763,1747741018,168681014,piren,-463.91573219008035,-296.07396171445663,2.3443162002706166,0.006006678085655854,0.021555503780078044,0.9518508674885592,0.30574369353502556
2025/05/20 13:36:58.231971260,1747741018,231525359,piren,-463.8997723293387,-296.0247695100026,2.323729993694921,-0.010273932551958376,-0.029237828394333042,0.9516543314883628,0.3056037124449551
2025/05/20 13:36:58.270340368,1747741018,269791938,piren,-463.94379965083283,-296.0600511810844,2.3455922914143037,0.007453293507327924,0.025927849336289905,0.95175007839417,0.3056860862410644
2025/05/20 13:36:58.332976749,1747741018,332534282,piren,-463.9221411610344,-296.00358496590053,2.3209507472615987,-0.0017612646616344077,-0.0027422302471868734,0.9521227746971956,0.30569854435861515
2025/05/20 13:36:58.384700753,1747741018,382748000,piren,-463.9392994009233,-296.0011574284389,2.3256024690442163,-0.002107867419503711,-0.003944982374503937,0.9521588149864093,0.30557091656877866
2025/05/20 13:36:58.433903130,1747741018,433482477,piren,-463.9564239896041,-295.9988159428901,2.329868231014313,-0.0005942279504299272,0.0008119063421754529,0.9521666428943295,0.3055776036632542
2025/05/20 13:36:58.485605199,1747741018,484956065,piren,-463.9671711521899,-295.9881401447661,2.329479741538954,0.003896704191495157,0.014812083531584338,0.9519969924666224,0.3057239673502931
2025/05/20 13:36:58.534425423,1747741018,534063563,piren,-463.9642324639743,-295.9581530596741,2.3184942301736555,-0.0015376533022439156,-0.0019342983406810347,0.9521101434351317,0.3057452679604125
2025/05/20 13:36:58.586119546,1747741018,585745316,piren,-463.9828160590772,-295.958351316461,2.323422308058215,-0.010222890016183468,-0.02903793891011013,0.9516864203017786,0.3055245457189259
2025/05/20 13:36:58.636476916,1747741018,636029742,piren,-464.0280931093096,-295.9954991328878,2.3454029354442394,-0.0102420218597948,-0.028913172085889602,0.9516890993080671,0.3055273927593977
2025/05/20 13:36:58.686899294,1747741018,686460409,piren,-464.0637822385273,-296.0195638385651,2.3610219136167347,0.004674598470984285,0.01751451028515743,0.9519884850688436,0.30559665304930017
2025/05/20 13:36:58.726627841,1747741018,726170226,piren,-464.0813451731106,-296.0176651490891,2.3645402656118457,-0.0023142227092693497,-0.002713403111578273,0.9521451589231988,0.30562538859839933
2025/05/20 13:36:58.777010141,1747741018,776661859,piren,-464.07110057648686,-295.9758604424596,2.3493729719133665,-0.010264127413909934,-0.028026712225302407,0.9517359351823242,0.30546335422256116
2025/05/20 13:36:58.840064474,1747741018,838397335,piren,-464.10419048103427,-295.9957068377695,2.3628128162830446,0.0004412136215748562,0.0018858517164136305,0.9522679990768645,0.30525711593341887
2025/05/20 13:36:58.880657745,1747741018,879518048,piren,-464.09615047921477,-295.9648193080573,2.351071674434275,0.008458019940411567,0.02701719786364659,0.9519480246416764,0.30494834201729115
2025/05/20 13:36:58.920263157,1747741018,919901547,piren,-464.0713849805357,-295.9036998683907,2.323132433778769,-0.001047131940389827,-0.0032781238359289202,0.9523256186778011,0.3050640480763988
2025/05/20 13:36:58.981115952,1747741018,980782461,piren,-464.087115588233,-295.9009126443996,2.3267328674383503,-0.009254180759839225,-0.028239207389989227,0.9518411230440262,0.3051481341688595
2025/05/20 13:36:59.21108452,1747741019,20711296,piren,-464.1283388650362,-295.9328351476653,2.3463873643566613,0.0004540889942708883,0.0018944143339836002,0.9522580968608779,0.3052879328771699
2025/05/20 13:36:59.82287460,1747741019,81847955,piren,-464.1299879349337,-295.90974960261104,2.339740166433509,0.008478166269890985,0.027029964520127295,0.951919617596817,0.3050353149211914
2025/05/20 13:36:59.123305144,1747741019,122863738,piren,-464.1097664906695,-295.8548063048287,2.315098078997796,-0.0013516941771140893,-0.004242238517671893,0.9522937928687866,0.30515030460216036
2025/05/20 13:36:59.186595245,1747741019,186222666,piren,-464.1300190357997,-295.8578735264242,2.3218693557823173,-0.00920092768483168,-0.028133067172847744,0.9519291555265251,0.304884824679326
2025/05/20 13:36:59.235364185,1747741019,234985520,piren,-464.1735715236647,-295.8922951470633,2.343059732791905,0.00045669060320058474,0.0019756041929844077,0.9523427472670986,0.3050232452609489
2025/05/20 13:36:59.286252033,1747741019,284870148,piren,-464.176967260738,-295.87096499158883,2.3375415879611623,0.008472953026685581,0.02709376200429103,0.952004003252517,0.30476632838724826
2025/05/20 13:36:59.338260328,1747741019,336628532,piren,-464.15797624434776,-295.8172401661198,2.31371434944843,-0.001187300100962207,-0.0030105172116152794,0.9523847255129599,0.30488171757944516
2025/05/20 13:36:59.388534221,1747741019,388120567,piren,-464.17826825192446,-295.8191862658187,2.320248295660157,-0.00921782190347608,-0.028180377019945947,0.952019849602888,0.3045966251823286
2025/05/20 13:36:59.428020551,1747741019,427770234,piren,-464.2227752113659,-295.8546321414903,2.342133203528962,0.000474893523360832,0.001976579498651372,0.9524347565712118,0.30473579061994616
2025/05/20 13:36:59.489594922,1747741019,489245700,piren,-464.2265889495561,-295.83399216227787,2.337070274230285,0.00849483603495387,0.027116029929094454,0.9521054396993758,0.304446695459948
2025/05/20 13:36:59.530884287,1747741019,530529100,piren,-464.20614908364036,-295.78166071149354,2.3134804522536,-0.001146512267672256,-0.0029899667652885276,0.9524868605135512,0.30456284434809405
2025/05/20 13:36:59.581049983,1747741019,580694834,piren,-464.22722823643846,-295.7834088808551,2.3202392909217546,-0.009165769847134141,-0.028158561403304302,0.9521196768342512,0.304288029780744
2025/05/20 13:36:59.631843529,1747741019,631448841,piren,-464.2722094459202,-295.81867378976864,2.3422667018878487,0.0005264233373383606,0.001997433286346029,0.9525338349473577,0.3044257321896697
2025/05/20 13:36:59.684842909,1747741019,682212095,piren,-464.27647972760775,-295.79776952845435,2.3372901211352377,0.008536709795784454,0.027139230700183703,0.952200324448,0.3041465581984918
2025/05/20 13:36:59.734287890,1747741019,733913704,piren,-464.25803989520614,-295.744178197094,2.313801232767064,-0.001235745716198736,-0.00339233231732681,0.9525810361720273,0.3042635938448778
2025/05/20 13:36:59.773334462,1747741019,772978455,piren,-464.2678547776523,-295.7313157073102,2.3117741747265153,-0.009518139825721387,-0.028500575680132506,0.9521611434818232,0.3041155685648893
2025/05/20 13:36:59.836159944,1747741019,835791087,piren,-464.3426063617633,-295.80871304593137,2.3552008555148185,8.277622903181511e-06,0.0017149542774694809,0.9528172902972141,0.3035395693710815
2025/05/20 13:36:59.887586992,1747741019,887027445,piren,-464.341774132353,-295.7799591505232,2.3467002301329956,0.00811360935486032,0.02679813422992211,0.95258123103368,0.3029934448587802
2025/05/20 13:36:59.937034083,1747741019,936663645,piren,-464.31955457007786,-295.7207437692014,2.320688956997226,-0.0017592603717421248,-0.003164263228908199,0.9529527388294063,0.3030972946080118
2025/05/20 13:36:59.987921149,1747741019,987512224,piren,-464.33762458150255,-295.7183357884893,2.3254889311367766,-0.009612437342632492,-0.02851562142409328,0.9523176614463408,0.3036207043014432
2025/05/20 13:37:00.27499511,1747741020,27194430,piren,-464.3796799276778,-295.7514455653294,2.346128370869041,0.0006036677335500124,0.0034119875831445552,0.9527383758186898,0.303772252136967
2025/05/20 13:37:00.88722053,1747741020,88278280,piren,-464.38005020607153,-295.7264743818422,2.3388594266212848,0.007991518531639137,0.026664467753117514,0.952422385381232,0.30350739960621265
2025/05/20 13:37:00.141314303,1747741020,139891053,piren,-464.36068028657104,-295.67283341962144,2.315199060787338,-0.00383678136674681,-0.010595904266282992,0.9527366319178024,0.3035883991911508
2025/05/20 13:37:00.181900936,1747741020,181340541,piren,-464.3865648815234,-295.68704477695803,2.327104166371568,-0.00908844463389928,-0.02723191091925581,0.9524600951889199,0.30330774845779335
2025/05/20 13:37:00.231679036,1747741020,230400085,piren,-464.42734009937743,-295.7173146607714,2.3464953778400233,0.00840872902670088,0.027778883526052133,0.9524446582131181,0.3033262269364428
2025/05/20 13:37:00.281152309,1747741020,280078211,piren,-464.40391023757604,-295.657570649602,2.319798080869017,-0.007126748935776908,-0.021029157467409496,0.9526753033050215,0.3031777538977795
2025/05/20 13:37:00.331663576,1747741020,331278910,piren,-464.4405213512144,-295.68193019297075,2.3371960162446594,-0.0011224704419017352,-0.001995135444682743,0.952905220233943,0.3032596259734637
2025/05/20 13:37:00.370476525,1747741020,370167764,piren,-464.4505256435249,-295.66964342642825,2.3365279552130027,-0.0020186810012721257,-0.004766465847602705,0.9528952769201562,0.3032553329351318
2025/05/20 13:37:00.433798321,1747741020,432512537,piren,-464.4641450347525,-295.6622482143333,2.338027124605401,-0.0004666373154729467,0.00011340261519439792,0.953159328082881,0.3024682870617242
2025/05/20 13:37:00.472226477,1747741020,471782484,piren,-464.47273521808614,-295.6472017216988,2.335510732798423,0.007466659833546274,0.025207214154836313,0.9528264662826462,0.3023748840376918
2025/05/20 13:37:00.536261770,1747741020,535786820,piren,-464.4571515377254,-295.5983399831093,2.3140608361425867,0.007587655700146948,0.025657701901387615,0.9528450272140438,0.30227547688753015
2025/05/20 13:37:00.586528388,1747741020,586160412,piren,-464.44913882048616,-295.56053797315263,2.2984195491440893,0.008545932607542944,0.02861018223986633,0.9529004141733456,0.30180991563620896
2025/05/20 13:37:00.637770657,1747741020,636715748,piren,-464.44463836113016,-295.5269218580643,2.284928580078536,0.0007918719510781798,0.004098731244053217,0.9533210517011774,0.30192970328267366
2025/05/20 13:37:00.688205524,1747741020,687857905,piren,-464.46972973388097,-295.5359545556167,2.2951498076941745,-0.008728990019154868,-0.02564610094579304,0.9527932382054087,0.3024088746541263
2025/05/20 13:37:00.739698799,1747741020,738408224,piren,-464.5218909870955,-295.583723379974,2.3234373889328754,-0.009872240536633454,-0.029130721086412275,0.9526930496815581,0.30237376381595155
2025/05/20 13:37:00.789556055,1747741020,789080241,piren,-464.5665219652497,-295.6208037389052,2.346036352220544,-0.002048600254052831,-0.0035687549743952432,0.9531873480292187,0.30235235534382254
2025/05/20 13:37:00.822698693,1747741020,821145657,piren,-464.5739942370418,-295.6075254280471,2.3445711955021626,-0.0016928002595486156,-0.002980498014019699,0.9531895150095936,0.30235409627561793
2025/05/20 13:37:00.871573019,1747741020,870340345,piren,-464.5897208996053,-295.60341220997077,2.3469823392998035,-3.3052005273561096e-05,0.0021886764630950303,0.9531916353035466,0.30235891749749255
2025/05/20 13:37:00.934099907,1747741020,932267890,piren,-464.5848777448557,-295.56870546264406,2.3355990642355917,0.00021383217927842832,0.0027101504667996,0.9534241715825915,0.3016205536801088
2025/05/20 13:37:00.983895286,1747741020,982665280,piren,-464.59251401911666,-295.5522150687618,2.3323434945400834,-0.0018167645902790346,-0.0035864194892082134,0.9535609939999263,0.30117315232859576
2025/05/20 13:37:01.35883860,1747741021,35100010,piren,-464.6083602945866,-295.5464405573498,2.3345965217819216,-0.010981789679258997,-0.03259889108970163,0.9530113001655648,0.3009753716700123
2025/05/20 13:37:01.86573679,1747741021,86252973,piren,-464.65245789379793,-295.58238484366655,2.3555315906740377,-0.0014234542500570755,-0.0024793465128533365,0.9533442650090777,0.30187172605788815
2025/05/20 13:37:01.136559007,1747741021,136132519,piren,-464.65594001727413,-295.5616657306902,2.3502098910675735,0.008149820463681214,0.02755209422405293,0.9529486126106883,0.3017671358077996
2025/05/20 13:37:01.176082769,1747741021,175194273,piren,-464.631294545024,-295.5012968802604,2.3227068922187755,0.008234665285070625,0.027770219142100552,0.9529416965953751,0.3017666782571772
2025/05/20 13:37:01.253933321,1747741021,253575633,piren,-464.61678510690234,-295.4551833151018,2.3027827964580756,-0.009159577333168844,-0.027293201970998365,0.9531640546472793,0.30108050119130364
2025/05/20 13:37:01.281010357,1747741021,280339090,piren,-464.66594216400625,-295.4991737651468,2.32925556164656,-0.009215388511384549,-0.027254597188611274,0.9531654245071551,0.30107795846053825
2025/05/20 13:37:01.327445594,1747741021,326821590,piren,-464.70467817926686,-295.52837927610057,2.348300786908216,-0.0011925487564270418,-0.0019982977568274974,0.9536118063834207,0.3010300771678607
2025/05/20 13:37:01.389618685,1747741021,389288251,piren,-464.70993521828353,-295.5097683227896,2.3446335935870475,-0.001649772412560085,-0.003550479485869986,0.9537344065000157,0.3006249394253081
2025/05/20 13:37:01.441905279,1747741021,439802765,piren,-464.7188700096118,-295.49581942725007,2.343016090098192,0.006096232479148468,0.021186041946209336,0.9535058471608833,0.30056710898935735
2025/05/20 13:37:01.478416483,1747741021,477998474,piren,-464.70357916560533,-295.44806000030763,2.3227582699102043,0.008478797436559396,0.028609048878711043,0.9533124440858294,0.3005079304567315
2025/05/20 13:37:01.532707009,1747741021,531624536,piren,-464.6870077639785,-295.4028340351674,2.3022769220339288,0.000839752407982523,0.0038927743884561066,0.9536433987575188,0.3009126270691576
2025/05/20 13:37:01.582428097,1747741021,581142398,piren,-464.7048474059743,-295.4020003769632,2.3072671325810634,-0.008667927789071515,-0.0258065337759881,0.9534605695361151,0.3002862504048085
2025/05/20 13:37:01.631363781,1747741021,630985547,piren,-464.7522454961986,-295.4422339260285,2.3316839968166585,-0.009241488067856672,-0.02763071223002956,0.9534086716954097,0.3002716160011589
2025/05/20 13:37:01.670744909,1747741021,669226709,piren,-464.7653029783684,-295.43452566669913,2.332190156134957,-0.00929931223237132,-0.027768672413269174,0.9534038432504635,0.30027243513125756
2025/05/20 13:37:01.734327815,1747741021,732579164,piren,-464.82292499503376,-295.49088054516665,2.3638915003493803,-0.0031256747347875656,-0.007459567720208228,0.9537450881725336,0.3005077233510748
2025/05/20 13:37:01.787182762,1747741021,784624720,piren,-464.827877231047,-295.4717612391996,2.359619752806905,0.00799213256814195,0.02663908151684167,0.95352285702366,0.3000344085040734
2025/05/20 13:37:01.836198934,1747741021,833317624,piren,-464.80029715455595,-295.4065825876915,2.330012970500304,0.005987849970393779,0.020946869253325392,0.9536653470495319,0.3000796230304752
2025/05/20 13:37:01.886930247,1747741021,885454132,piren,-464.7894881539577,-295.36551758618015,2.313444652821449,-0.0010029718503398646,-0.0016481125617715915,0.9537031639652499,0.3007433337833492
2025/05/20 13:37:01.936759327,1747741021,936343953,piren,-464.80768117718793,-295.36619126922085,2.3190158200549003,-0.0009711319574573908,-0.0010867906285422309,0.9537038837029844,0.300743708161443
2025/05/20 13:37:01.986818958,1747741021,986466885,piren,-464.82371147352103,-295.3641665323196,2.3228560559613025,-0.005218177742612496,-0.014965248212082475,0.9535869728153565,0.3007003446021335
2025/05/20 13:37:02.30296134,1747741022,28709742,piren,-464.85255906054107,-295.3807355906164,2.335443775798344,0.00533523630318789,0.018820954504765015,0.953680834397842,0.30018356555173836
2025/05/20 13:37:02.89698883,1747741022,88574991,piren,-464.842915265084,-295.3416496188169,2.319448965225549,-0.0010906960800179189,-0.0017089939685101104,0.9539657380492084,0.2999087533732648
2025/05/20 13:37:02.140434934,1747741022,140135655,piren,-464.86024773660216,-295.3404626943605,2.323747574918153,-0.009752122618658175,-0.029300900864028256,0.95351744652856,0.29975128436529164
2025/05/20 13:37:02.192122514,1747741022,190036004,piren,-464.9040437288496,-295.377900639167,2.3456224679250024,-0.0034870555713294783,-0.009285650635233112,0.9537714444538147,0.30036918763449577
2025/05/20 13:37:02.229388963,1747741022,228482590,piren,-464.9181515851627,-295.3729525809458,2.3479717091520698,0.007943198287462904,0.026808793965192448,0.9534392962874534,0.30028603441049956
2025/05/20 13:37:02.282986664,1747741022,281993506,piren,-464.89325244990846,-295.3157828458818,2.32155124156836,0.005376263931133644,0.018573655895273444,0.9536650055789363,0.30024851744339087
2025/05/20 13:37:02.333535677,1747741022,332457713,piren,-464.8888688100724,-295.28330280725214,2.309601852128549,-0.0007831934631835241,-0.0011308754730647674,0.9538452384339307,0.3002954692391838
2025/05/20 13:37:02.383106099,1747741022,381363914,piren,-464.90873483422797,-295.28626176350235,2.316330760723337,-0.001404884840085009,-0.0033233131469964953,0.9538728262526398,0.30018929565378294
2025/05/20 13:37:02.434605859,1747741022,432084580,piren,-464.92877768600795,-295.2891845612098,2.3228321327658485,-0.009350226333415753,-0.028636537796807207,0.9534494065266712,0.3000445819615219
2025/05/20 13:37:02.485332225,1747741022,484898910,piren,-464.9723703869172,-295.3260192436701,2.344678116999274,4.9690564165015276e-05,0.0013070513458080261,0.9539085091787923,0.30009472715114655
2025/05/20 13:37:02.535994699,1747741022,534580322,piren,-464.9763360900206,-295.3062964111418,2.3397869254599257,0.003889551814653409,0.013370255903589678,0.9538154693298075,0.30007025529184445
2025/05/20 13:37:02.573621172,1747741022,573230960,piren,-464.9701228358973,-295.2723339489911,2.326948468123939,0.00765785829545975,0.02537573329521166,0.9535712704499686,0.2999987692282918
2025/05/20 13:37:02.637122154,1747741022,636696064,piren,-464.95705137873193,-295.22858363794154,2.3080318260896036,-0.009772763514610584,-0.030043770296620385,0.9535671460118328,0.2995188858928589
2025/05/20 13:37:02.688202034,1747741022,687827503,piren,-465.00706022044966,-295.27522566566904,2.334879566806969,-0.005736267249865079,-0.017206096355030953,0.9539633297297823,0.29937436599870454
2025/05/20 13:37:02.739075252,1747741022,737679341,piren,-465.03337512027497,-295.2873048710032,2.3458368336049893,-0.0017491004918468332,-0.004921627934285811,0.9541057873735383,0.2994242220099545
2025/05/20 13:37:02.788488162,1747741022,788220595,piren,-465.0424148453349,-295.27575596138166,2.344996123448605,-0.0013672264439629491,-0.003834332998598974,0.9539814990861689,0.29983783614416104
2025/05/20 13:37:02.841468383,1747741022,839168311,piren,-465.05076068842925,-295.2635630389133,2.343495390220651,0.00014417752216953575,0.001525552182909559,0.9539879794370382,0.2998409361528486
2025/05/20 13:37:02.889131215,1747741022,888856293,piren,-465.0545381882265,-295.2446579299592,2.3384028334395275,0.006022406694320942,0.01980751600507841,0.9538080725713798,0.2997024418068467
2025/05/20 13:37:02.941212018,1747741022,940406562,piren,-465.04226525394233,-295.20261939660196,2.3205101623556135,0.0014711681408946912,0.005796186106057111,0.9539962374902763,0.2997589343878206
2025/05/20 13:37:02.990502164,1747741022,990235569,piren,-465.05076454256414,-295.1905036763734,2.3187351427877068,-0.009280525117723017,-0.02855113855358959,0.9536044650852958,0.2995617273788822
2025/05/20 13:37:03.41067785,1747741023,40719854,piren,-465.0952754689074,-295.22972113100656,2.341358001079657,0.007647723723335743,0.0254434161692297,0.9536931737006226,0.29960553288002745
2025/05/20 13:37:03.93155654,1747741023,91856649,piren,-465.07590760746416,-295.1778338271216,2.3181967283542813,0.007580575081455225,0.025103916178870537,0.9537192555654657,0.2995528498238214
2025/05/20 13:37:03.128485456,1747741023,128208234,piren,-465.085739395734,-295.1668049780646,2.316637702946328,-0.0011997400186637445,-0.002567109427490291,0.9540460498871411,0.29964663400047975
2025/05/20 13:37:03.170584032,1747741023,169375732,piren,-465.1077752072428,-295.1780826541749,2.3273429066594566,-0.009078101630658426,-0.027681594171660204,0.9536474168409358,0.2995128073513878
2025/05/20 13:37:03.219566167,1747741023,219225891,piren,-465.14854531539333,-295.210954966771,2.34713726687173,0.00525647341371628,0.018030174467919078,0.9539413766242396,0.2994046296571883
2025/05/20 13:37:03.269785202,1747741023,269391233,piren,-465.13466432768,-295.1659611988863,2.3284528916241882,0.003458797398616094,0.012283858939549908,0.95403275870986,0.29943052422651
2025/05/20 13:37:03.334411925,1747741023,334080750,piren,-465.13351727513106,-295.1395629615718,2.3195666447536065,0.006816046037524211,0.023116268583597305,0.9538335881270638,0.2993671087541791
2025/05/20 13:37:03.384424609,1747741023,383687631,piren,-465.12512516570445,-295.10329255045616,2.3046241993458616,-0.00039920378154268944,-4.2527040902970967e-05,0.9541411444473007,0.29935683606790586
2025/05/20 13:37:03.435492731,1747741023,434092831,piren,-465.1455982183392,-295.1082047201605,2.31204294949748,0.008140570633922796,0.02635831081130012,0.9537767053542161,0.2992473339640406
2025/05/20 13:37:03.485557974,1747741023,485056665,piren,-465.1368151500585,-295.07249581768656,2.2968165009820978,-0.008855519085069376,-0.027312275404402682,0.953750305803807,0.2992256231894466
2025/05/20 13:37:03.531019816,1747741023,530676061,piren,-465.18834422399226,-295.1217198464669,2.3253386941508687,-0.00044402388600314383,-0.0005444800490070742,0.9541093868583812,0.29945748328099764
2025/05/20 13:37:03.591499871,1747741023,588303287,piren,-465.2008569525788,-295.1164972074879,2.327717416547103,-0.0066439311395564814,-0.020261785103002753,0.9539118768544306,0.29932833049932056
2025/05/20 13:37:03.640217122,1747741023,639863405,piren,-465.2330348399715,-295.13897383234166,2.343130488384413,0.006874325129496362,0.022800666439931998,0.9538540277644519,0.29932485192753555
2025/05/20 13:37:03.689534655,1747741023,689201794,piren,-465.21557175510844,-295.09062584471906,2.3221788555000336,0.006180080221801233,0.020472615041617074,0.9538736725574765,0.2994456468935924
2025/05/20 13:37:03.726749114,1747741023,726434272,piren,-465.2266015154493,-295.0819926073336,2.321841528813949,0.005146281465996352,0.0163738306443728,0.9539525316484216,0.2994661597220447
2025/05/20 13:37:03.792387117,1747741023,791382378,piren,-465.2125689212979,-295.04082176465164,2.3051974451796853,-0.00022731071133610988,-0.0018069190658478592,0.9540966172366246,0.29949345293505153
2025/05/20 13:37:03.842666192,1747741023,842280671,piren,-465.2339738534374,-295.0491471272286,2.3140520168929655,-0.0028399304246686553,-0.0016076476170015755,0.9540949274945921,0.2994865933450305
2025/05/20 13:37:03.892340446,1747741023,891954091,piren,-465.25646893184046,-295.0516282157434,2.320931729000547,-0.010135865660244164,-0.03063426198735747,0.9536301399376917,0.2992463239911661
2025/05/20 13:37:03.921769898,1747741023,921346022,piren,-465.3013265316719,-295.0953659076144,2.3451081626645633,-0.004671739301719388,-0.01621849578764213,0.9539843590956192,0.29938099112536154
2025/05/20 13:37:03.983047009,1747741023,981931584,piren,-465.32101950837557,-295.1026444633438,2.352723533538154,0.00889615979423385,0.027184012885588093,0.9537585348766396,0.29920986770880004
2025/05/20 13:37:04.33134305,1747741024,32793091,piren,-465.295240130954,-295.04276414076986,2.325245302571548,0.003190635051319281,0.009678123557674336,0.9540969513022749,0.2993245083318044
2025/05/20 13:37:04.71572953,1747741024,69090349,piren,-465.30618133648244,-295.03478541622184,2.325099303712302,-0.009070743214275846,-0.029784203607435333,0.9536803566707945,0.29920628357920165
2025/05/20 13:37:04.135752157,1747741024,134303845,piren,-465.3698579224748,-295.10392659749374,2.362644009726167,-0.004545578825204798,-0.015279714579176375,0.9541043074452965,0.29904989307781743
2025/05/20 13:37:04.185116816,1747741024,184714391,piren,-465.381365568635,-295.0971844724911,2.3640521964411834,0.009004549319917293,0.028235844591778345,0.9538571219935946,0.2987946552296927
2025/05/20 13:37:04.235849033,1747741024,234599705,piren,-465.3494781414878,-295.0271212170769,2.3318168085019915,0.007520625592249992,0.023688618973033343,0.953981869040271,0.29883253347700073
2025/05/20 13:37:04.287006066,1747741024,284889308,piren,-465.33391052297696,-294.9810775006612,2.3123850537155373,-0.009721199404083518,-0.031409624344972416,0.9536761009277562,0.2990331558538048
2025/05/20 13:37:04.336366484,1747741024,336035716,piren,-465.38137694297205,-295.0259190462981,2.338286570515091,-0.001264184874252878,-0.004168940221618717,0.9541839313212448,0.29918898205376204
2025/05/20 13:37:04.388045856,1747741024,387719510,piren,-465.39069119828207,-295.01634085056406,2.3387066251339945,0.003458253567706789,0.011047514868056644,0.9541428243685388,0.2991278382289574
2025/05/20 13:37:04.438225740,1747741024,436815468,piren,-465.3854385372474,-294.9852115293378,2.3275972664194873,-0.0011202860659282798,-0.0034112010191034146,0.9542005755237422,0.2991460685633309
2025/05/20 13:37:04.489377340,1747741024,488216784,piren,-465.39900973708535,-294.98175701179895,2.3304966864847603,-0.009256494283335859,-0.029539868476413957,0.9537603763270234,0.2989696607224778
2025/05/20 13:37:04.525743854,1747741024,524645927,piren,-465.40956585311596,-294.97285467594423,2.330162509989875,-5.6368238067331216e-05,-1.4743496876808757e-05,0.9542177195518224,0.2991129223195994
2025/05/20 13:37:04.577478866,1747741024,576368000,piren,-465.41837272659006,-294.9632245103198,2.3298864287515393,0.0008718339653153084,0.0029979381529440063,0.9542130190168312,0.2991116290135719
2025/05/20 13:37:04.629036655,1747741024,628001688,piren,-465.4287720599404,-294.9542216771786,2.329558413732769,-0.007843177080816369,-0.026501460904569875,0.9539049696465286,0.29883350887552407
2025/05/20 13:37:04.693038857,1747741024,691838895,piren,-465.48297853995183,-295.013160130361,2.3606067932011228,-0.009483232835171749,-0.0299664824293358,0.9538314014546762,0.2986933809524659
2025/05/20 13:37:04.725204083,1747741024,724823829,piren,-465.50913342708463,-295.0295418164813,2.371586716403872,-0.0022602568711071742,-0.006408508115453657,0.954280601032103,0.29883499921598744
2025/05/20 13:37:04.787010885,1747741024,784867684,piren,-465.5080435122074,-295.00373748494553,2.3637786798336955,0.007221797184612961,0.023534304953522104,0.9539524308911776,0.29894605154206644
2025/05/20 13:37:04.835756286,1747741024,835380684,piren,-465.47989459997933,-294.9397492966842,2.335021743336812,0.008371351611893812,0.027079462031945396,0.9538573016186707,0.29891950648460336
2025/05/20 13:37:04.886724014,1747741024,884926945,piren,-465.45868730706604,-294.88664076351495,2.3114054885726727,0.008149825596098293,0.026310314322424557,0.9538810168539389,0.29891864008238755
2025/05/20 13:37:04.936929144,1747741024,936110977,piren,-465.44737608755065,-294.8475128671266,2.295257617134236,-0.009636337483702778,-0.030506791379817814,0.9537574713647534,0.29886980860488405
2025/05/20 13:37:04.972135933,1747741024,971823234,piren,-465.45151060205325,-294.83059422887476,2.2904497108438666,-0.0021050993480639705,-0.006514161191580111,0.954223302123388,0.2990167619807327
2025/05/20 13:37:05.39820730,1747741025,36934010,piren,-465.49792441127903,-294.87569218642494,2.3197685620934103,-0.00017793753430746015,-0.0005622563385142865,0.9542571620571355,0.2989864894417566
2025/05/20 13:37:05.73279660,1747741025,72951601,piren,-465.5064075153817,-294.8652750213116,2.3185141570187464,0.00323448352789468,0.010340832600719803,0.9542009169349458,0.2989702584170213
2025/05/20 13:37:05.137468333,1747741025,137069332,piren,-465.5050847101506,-294.8419208599965,2.3114110239722785,-0.008470554468808669,-0.027169554352091445,0.9538636511832349,0.2988882733977493
2025/05/20 13:37:05.192184710,1747741025,191471211,piren,-465.5495098945542,-294.8832796178428,2.335457805148414,-0.0002213140759022928,-0.0007045532318873507,0.9542495852697049,0.29901034035200086
2025/05/20 13:37:05.242374903,1747741025,241321262,piren,-465.5573616580512,-294.8723753146701,2.3346879053054255,-0.009775618212792303,-0.03119797532852636,0.9537400422735153,0.29884955310000355
2025/05/20 13:37:05.291847922,1747741025,291531420,piren,-465.59639592852807,-294.90706416763277,2.3546621114331,-0.0024271065894343954,-0.007795108695392747,0.9542081007330936,0.2990321820964643
2025/05/20 13:37:05.343629835,1747741025,342298608,piren,-465.6033783315587,-294.89504500255293,2.353327027395241,-0.007118638505494027,-0.022744446925902925,0.953968584684183,0.2989581150521255
2025/05/20 13:37:05.392990875,1747741025,392617167,piren,-465.6259909981844,-294.90579338297334,2.362275854308899,-0.00021530695092608756,-0.0006411526468853915,0.9542326159255689,0.29906463727770644
2025/05/20 13:37:05.443811201,1747741025,443451435,piren,-465.62264132977424,-294.8787066307646,2.3532136519859637,-0.0009256275155590623,-0.0026821636174458666,0.9542289787549199,0.29906354728782064
2025/05/20 13:37:05.476006262,1747741025,473865948,piren,-465.62339898583735,-294.86032495812805,2.347783024584628,-0.009518706024705042,-0.030132648813680826,0.9537560004447136,0.29891622459610656
2025/05/20 13:37:05.535604743,1747741025,534504517,piren,-465.6564200912119,-294.8844600874142,2.362563581501178,-0.00028209323996832453,-0.0004458730981599003,0.9542016371770816,0.29916376322870614
2025/05/20 13:37:05.585420806,1747741025,584949844,piren,-465.65246621276407,-294.8560909857551,2.3528429128669215,-0.0007249472816839938,-0.0017789328413029008,0.9541790393583771,0.29923012999781545
2025/05/20 13:37:05.635646107,1747741025,635275423,piren,-465.65386087617856,-294.8353349657481,2.346748291372061,-0.0020872722736021785,-0.005976391892944463,0.9541617239009944,0.2992245489205062
2025/05/20 13:37:05.687641517,1747741025,686615386,piren,-465.66178608193485,-294.8244772848534,2.345346573229059,-0.009144017292515752,-0.02842720024376306,0.9537786426805408,0.2990227115128893
2025/05/20 13:37:05.722704451,1747741025,722357927,piren,-465.67235324315504,-294.816745717431,2.345547944183713,0.00048299388543028647,0.0005606572353852815,0.9542020247704956,0.29916207698212277
2025/05/20 13:37:05.787872560,1747741025,785724446,piren,-465.6667090125105,-294.7896494390565,2.3352797723448173,0.001025541323854653,0.005679224207356468,0.9541649192368226,0.2992256699803404
2025/05/20 13:37:05.840541243,1747741025,839211661,piren,-465.669041334692,-294.76828116534284,2.3287046170152044,0.0005366969139228322,0.004169170021742282,0.9541727506400078,0.29922682351994107
2025/05/20 13:37:05.890791662,1747741025,890344800,piren,-465.6747946181048,-294.7536037762654,2.3252680574410656,-0.009843839276545351,-0.029006960556309157,0.9537142521845736,0.29915016337552264
2025/05/20 13:37:05.922325250,1747741025,921975851,piren,-465.71484704534623,-294.79046145429766,2.345904308354912,-0.0003181124178978199,0.001176999764085329,0.9541545621343442,0.299311852478753
2025/05/20 13:37:05.970295062,1747741025,969667671,piren,-465.71608374437096,-294.7697632635782,2.339921974390374,0.007624158668325659,0.02650467183706448,0.9537863486103181,0.29921727186111186
2025/05/20 13:37:06.35767682,1747741026,35372459,piren,-465.6946148699243,-294.71650298475737,2.3157219928545185,-0.001876904235904525,-0.0038779091892264363,0.9540293330259837,0.29968228305458133
2025/05/20 13:37:06.85278551,1747741026,84842091,piren,-465.7117933936768,-294.72008730653556,2.3221015391396205,-0.009563580649976077,-0.02871828994103675,0.9535327677750266,0.29976500550816637
2025/05/20 13:37:06.136186225,1747741026,135813342,piren,-465.752037310327,-294.7570344632862,2.343533479901464,-4.151567374828611e-05,0.001271684794080893,0.9539642643282641,0.2999175944803293
2025/05/20 13:37:06.186899826,1747741026,186577282,piren,-465.75262863356056,-294.7377636670452,2.338376367301579,0.007898984900037927,0.026569129215842882,0.9536930164083292,0.29950178273967465
2025/05/20 13:37:06.239301738,1747741026,237266476,piren,-465.73087372718106,-294.6853736350305,2.3147635028076365,-0.001510464073329927,-0.0035122756564356012,0.9540567751447528,0.29960148901230627
2025/05/20 13:37:06.287007267,1747741026,286590409,piren,-465.7477222757098,-294.688932531945,2.321337558877564,-0.0094900604734454,-0.02901123074387644,0.9535896888577284,0.29955799529833405
2025/05/20 13:37:06.339377013,1747741026,337499549,piren,-465.78858037004375,-294.72677414608256,2.343367869645901,0.0002467412696281375,0.001723304055279462,0.9540292951579196,0.299708313735809
2025/05/20 13:37:06.390165416,1747741026,389196983,piren,-465.78920027112264,-294.70692879793125,2.3381199834595843,0.007932689509794246,0.02625489860816958,0.953629678621106,0.29973019332263123
2025/05/20 13:37:06.440960988,1747741026,439778328,piren,-465.76768019789915,-294.65561064870036,2.3149902217666645,0.0040515554175195164,0.01392680896073352,0.9538891220657297,0.2998085584094311
2025/05/20 13:37:06.476492712,1747741026,476110036,piren,-465.76709699537105,-294.6344852272848,2.308481162440279,-0.0036904959800075953,-0.010814758935213024,0.9539295471637292,0.29981300885151285
2025/05/20 13:37:06.541314487,1747741026,540888904,piren,-465.79447188694,-294.65317731784364,2.322300123854056,0.0019632922534877314,0.007208991278185215,0.9538029008857362,0.3003401441536462
2025/05/20 13:37:06.591449544,1747741026,590975271,piren,-465.7984689265805,-294.63910824831964,2.3192186030141806,-0.0003429480238646409,-7.797762013298618e-05,0.9537251900557379,0.30067946082047325
2025/05/20 13:37:06.642963982,1747741026,642415922,piren,-465.81146411405825,-294.6376402475968,2.322527381649233,-0.0012587247126004686,-0.002789876712621293,0.953721012628355,0.3006773391381059
2025/05/20 13:37:06.692109406,1747741026,691740250,piren,-465.82636312492974,-294.6387814895057,2.3269664233666325,0.003602267123551174,0.012666965996611603,0.9537823006956031,0.30020975088063595
2025/05/20 13:37:06.743415013,1747741026,743011754,piren,-465.82472557960006,-294.61523529714395,2.318515219928835,-0.0011839796903198633,-0.0013237423596070253,0.9538652557962244,0.30022977814177904
2025/05/20 13:37:06.794251829,1747741026,793104539,piren,-465.84095132090624,-294.6164992451095,2.323170068654638,-0.007249885876187617,-0.020895060097433374,0.9535874063039399,0.30030300390910447
2025/05/20 13:37:06.844236367,1747741026,843843022,piren,-465.8752420592898,-294.64401842940464,2.3401037189115024,0.001301287006016052,0.006723037660791447,0.9537927889879692,0.30038712204635365
2025/05/20 13:37:06.880116958,1747741026,879054834,piren,-465.87456502906764,-294.62167366112357,2.3326227244035582,-0.009702976397980182,-0.028318072690164574,0.9533950266605632,0.3002363438144005
2025/05/20 13:37:06.928466863,1747741026,928036439,piren,-465.91121316587623,-294.6552403750259,2.3514735078389717,0.0021258643683546843,0.009255582981118482,0.9528289069887836,0.3033593395478817
2025/05/20 13:37:06.972028319,1747741026,970960498,piren,-465.9013613121214,-294.62289477601144,2.338627632871392,-0.0013011270422498187,-0.0012302139603793585,0.9528729733109204,0.30336428658567854
2025/05/20 13:37:07.36056873,1747741027,35749067,piren,-465.9094337814479,-294.61122139937214,2.337206731413485,-0.0015771355255092127,-0.0022769200083542175,0.9535034354409986,0.30136941928640226
2025/05/20 13:37:07.87511528,1747741027,87123675,piren,-465.91810287302206,-294.6027052111517,2.336864231454026,0.00791930410148745,0.02760901030326975,0.9529498673910465,0.3017641088864098
2025/05/20 13:37:07.137379748,1747741027,136976317,piren,-465.8968520762426,-294.552093093048,2.3132150440989045,0.007997016660579006,0.02780628198957913,0.9529439687540455,0.3017625735934382
2025/05/20 13:37:07.174851851,1747741027,173564006,piren,-465.88399709482263,-294.5138077998337,2.296189507429057,-0.00029352049290213753,0.0015531568000517323,0.9533482958082814,0.3018683958766146
2025/05/20 13:37:07.227022084,1747741027,226602363,piren,-465.90470459099214,-294.52105947981113,2.3047939352977815,-0.00015562264242610744,0.001825737902061836,0.953380814382145,0.30176425439528837
2025/05/20 13:37:07.289934686,1747741027,289617598,piren,-465.9214280849062,-294.52518064728713,2.3111371969900247,-0.00971423694274156,-0.02830494879741424,0.9528010861551468,0.3021167881726677
2025/05/20 13:37:07.342125043,1747741027,341759182,piren,-465.9669393866283,-294.5701634644969,2.3364715162821295,-0.0017062795748531347,-0.0031085595397037807,0.9532164767118017,0.30226771907158706
2025/05/20 13:37:07.391342192,1747741027,390898517,piren,-465.97599448354,-294.56371014063734,2.337547169229319,-0.0019912705403642974,-0.004184105210210464,0.9534155839001618,0.30162435657873954
2025/05/20 13:37:07.442299553,1747741027,441820821,piren,-465.98645985217706,-294.55802579191237,2.3389909382018224,-0.0011482137833131447,-0.001637820493925992,0.9534234436647897,0.3016284738208767
2025/05/20 13:37:07.492922383,1747741027,491741175,piren,-465.993590558555,-294.5480700626367,2.33804175163789,-0.0010439446560292494,-0.0014253500623787208,0.9533444700148594,0.3018794462179259
2025/05/20 13:37:07.543937668,1747741027,543561679,piren,-466.00082030702805,-294.53846638439535,2.3371093597078754,0.007508396773435241,0.025546442316437778,0.953002426342049,0.3017902891894187
2025/05/20 13:37:07.578892582,1747741027,577766892,piren,-466.0113466078458,-294.5329591029424,2.338094911345484,-0.0017202606435537374,-0.003680477457503677,0.9533377679444874,0.3018784440791122
2025/05/20 13:37:07.630286065,1747741027,629694242,piren,-466.02013789716926,-294.5265078332078,2.3385333904379513,-0.00037833646548833056,0.0004473502298983236,0.9529763787474022,0.30304402038116257
2025/05/20 13:37:07.671858097,1747741027,671229055,piren,-466.0230940404881,-294.5153013941706,2.3357088346390125,-0.0006666308470983921,-0.00045175274272029676,0.9529763799935234,0.30304351287762765
2025/05/20 13:37:07.735237870,1747741027,734770219,piren,-466.03078907650996,-294.50531443374786,2.334434274587966,0.0003917291212472087,-0.0037868071022607985,0.9529125419068742,0.30322136157738894
2025/05/20 13:37:07.793454153,1747741027,792202272,piren,-466.0381515973,-294.5026541076385,2.3354656102923346,-0.008973848891792832,-0.029385131031688598,0.9522339594780455,0.30381979943229814
2025/05/20 13:37:07.830006487,1747741027,827813306,piren,-466.07403665794544,-294.5356469836917,2.3536761749891952,-0.001006970378529533,0.0007484310879289429,0.95268643398602,0.30395227316235707
2025/05/20 13:37:07.889500637,1747741027,888492799,piren,-466.0738440743044,-294.5127356499331,2.346393822666189,0.00790572573026105,0.025141202972662213,0.9526559421075789,0.302906050419741
2025/05/20 13:37:07.924497409,1747741027,924078577,piren,-466.0506593936023,-294.45966138165204,2.3217032766744206,-0.003999660857144843,-0.0026790354870855912,0.9529798451309941,0.3029954459327622
2025/05/20 13:37:07.990697630,1747741027,990362775,piren,-466.069380988328,-294.45800386122846,2.326280563390939,-0.009110960531869314,-0.028772136257500778,0.9524688827910883,0.3031372327644078
2025/05/20 13:37:08.27565647,1747741028,27200550,piren,-466.10728478043166,-294.4947413244102,2.346670849128411,0.00030919996598631944,0.001453278804098604,0.9529023051084446,0.30327378603353
2025/05/20 13:37:08.89823722,1747741028,89422183,piren,-466.10611881401786,-294.47523332607494,2.3405610081332333,0.008337684659868755,0.02642786900780309,0.9524531460476636,0.30342223935981844
2025/05/20 13:37:08.140623518,1747741028,140211704,piren,-466.08264789205293,-294.4238999583236,2.316437951975727,-0.0009763290035293251,-0.002547468150149697,0.9528162047078499,0.3035355617284895
2025/05/20 13:37:08.192205366,1747741028,191836037,piren,-466.0978816303283,-294.4263629104348,2.321812149089513,-0.009360135533602567,-0.02887620141276998,0.9522883028239298,0.30368658376602864
2025/05/20 13:37:08.243923365,1747741028,243567294,piren,-466.1385349904521,-294.4650318299417,2.3436715946726925,0.0010105491891223965,0.0034610413350890895,0.952719820325253,0.303828806966408
2025/05/20 13:37:08.278817969,1747741028,277517440,piren,-466.14951390338626,-294.4613361192735,2.3449568689292444,0.008285593783073291,0.02634676061654243,0.9523622163130568,0.3037159957591287
2025/05/20 13:37:08.345955634,1747741028,344675185,piren,-466.09874994369574,-294.37129505174187,2.3012413584722666,-0.009894264913196851,-0.03043112070304249,0.9518383391367654,0.304925936194264
2025/05/20 13:37:08.379929731,1747741028,379498666,piren,-466.14762889853915,-294.4243492136116,2.330537153673043,-0.009803749586057451,-0.03013573425560908,0.9518477783007301,0.3049287309501904
2025/05/20 13:37:08.428068239,1747741028,427686122,piren,-466.1861881793207,-294.4580195924611,2.351002747398918,0.008087740161110791,0.02561539056512419,0.9518763851765356,0.30530278015198953
2025/05/20 13:37:08.488154258,1747741028,487654234,piren,-466.15805789533186,-294.400391105985,2.3249327145135386,0.008063627111352634,0.02529714928786918,0.9516356387898833,0.3060794719361085
2025/05/20 13:37:08.538399988,1747741028,537207077,piren,-466.1401681123945,-294.357676514794,2.3064614471096196,-1.552656316618337e-05,0.00015473083051748807,0.9519717979994324,0.30618568162313514
2025/05/20 13:37:08.587933940,1747741028,587556394,piren,-466.155435237576,-294.36096195471396,2.313107120823664,-0.00864137764855361,-0.026743728755299723,0.95198023612246,0.30486674071932374
2025/05/20 13:37:08.639311972,1747741028,638875161,piren,-466.1977080010703,-294.3998605293825,2.3364909812145322,0.0028693884025883442,0.008998381941854422,0.9523129540779387,0.3049767748992923
2025/05/20 13:37:08.690101368,1747741028,688210879,piren,-466.19340560556276,-294.3741769988506,2.3280891470317595,-0.00871275469661855,-0.027155974187177686,0.9518710595754648,0.30516901368622584
2025/05/20 13:37:08.739863115,1747741028,739443285,piren,-466.2299398472103,-294.40590786492186,2.347460776707533,-0.003754771149546879,-0.016252423139216703,0.9521192652302901,0.30527146151098195
2025/05/20 13:37:08.790175325,1747741028,789815294,piren,-466.24455139727144,-294.4113633158041,2.353783446026336,0.0024007903700580327,0.0028616435506876327,0.9521533530061824,0.3055978395880313
2025/05/20 13:37:08.842236168,1747741028,841837218,piren,-466.23756591871984,-294.3854526036772,2.34451267083719,-0.008013823546353459,-0.026935819221360024,0.951777363888213,0.3054997379132204
2025/05/20 13:37:08.892693635,1747741028,891547861,piren,-466.2668756080598,-294.40732503942087,2.3585269499641783,-0.001267536807095113,-0.000734052827706848,0.9520737427079222,0.3058650731335927
2025/05/20 13:37:08.944959300,1747741028,944604930,piren,-466.2656267046934,-294.38195666146754,2.3508032174904967,-0.0022999966006947126,-0.0035866882249751186,0.952067192522077,0.30585929216936303
2025/05/20 13:37:08.980278411,1747741028,978761173,piren,-466.27000670519595,-294.36558010025647,2.347194189012299,0.010978739862338991,0.028478483249423855,0.9516474475195863,0.3056723391023525
2025/05/20 13:37:09.29689922,1747741029,28175383,piren,-466.23835246139765,-294.3078320454837,2.3187131274954806,-0.007595986908490806,-0.02913356147310834,0.9513087803822685,0.30676561239222944
2025/05/20 13:37:09.94479294,1747741029,94168131,piren,-466.2766162446433,-294.34779049900226,2.3408879429049527,0.009821354523484274,0.02505362180088794,0.9512223967855834,0.30733013012633875
2025/05/20 13:37:09.144530124,1747741029,144148384,piren,-466.2506749522959,-294.29716056332825,2.3171905796456658,-0.0019614247413211362,-0.011078950144265073,0.9514872092518643,0.3074825203272279
2025/05/20 13:37:09.195860947,1747741029,195319920,piren,-466.271732190806,-294.31060288584655,2.327976867334766,0.001582679616504361,0.00020641812615977137,0.9518497731839196,0.30656069840491545
2025/05/20 13:37:09.245613153,1747741029,245217126,piren,-466.27865865714523,-294.3017901036098,2.3276999358852746,0.009677240830228737,0.025724510994108895,0.9515044221021569,0.30640485515746696
2025/05/20 13:37:09.295491650,1747741029,295163861,piren,-466.2604536809603,-294.257703417058,2.307526850007557,3.700567165369154e-05,-0.004134885555464655,0.951753091946563,0.30683701426356785
2025/05/20 13:37:09.330836006,1747741029,329568794,piren,-466.27987450399814,-294.2683955016217,2.316824762424063,-0.00825377285544664,-0.029347884208982242,0.9513078433168394,0.3067310942339736
2025/05/20 13:37:09.371757178,1747741029,371361446,piren,-466.32358075228893,-294.3093326458763,2.3403372026309976,0.0014169124152290157,0.0008512120117263646,0.9517601863736349,0.3068384190927573
2025/05/20 13:37:09.439185711,1747741029,437395177,piren,-466.32601587566216,-294.29302370982543,2.336513355086035,0.008936108101428055,0.024375429076058178,0.9510765953873637,0.30786245977016835
2025/05/20 13:37:09.476128541,1747741029,473097751,piren,-466.30537440170644,-294.24649428012856,2.3152370062067713,-0.008806003213193924,-0.030447754164931885,0.9509005046208554,0.3078694835243074
2025/05/20 13:37:09.527656400,1747741029,526579341,piren,-466.3113565900862,-294.23630925320083,2.3133949432083964,0.0014038835533245015,0.0011729814685354052,0.9512297779507068,0.30847781567771154
2025/05/20 13:37:09.592723306,1747741029,590472587,piren,-466.32667644980245,-294.24070953982465,2.3206017176179,0.0017886212477628582,0.002475515580656801,0.9509556711709647,0.30931211441587947
2025/05/20 13:37:09.630099784,1747741029,627544236,piren,-466.33472398183943,-294.23456457440324,2.321365992437902,-0.00042692869434058007,-0.004280606566925038,0.9509493738474519,0.309316637959306
2025/05/20 13:37:09.701166447,1747741029,700314902,piren,-466.34965506436026,-294.2378593428161,2.326959136296062,-0.009280789583642412,-0.03178514856235089,0.9508169600431574,0.30797837549065393
2025/05/20 13:37:09.741673152,1747741029,741273534,piren,-466.3918955196206,-294.2771505192653,2.3493558254620446,-0.007283842448567503,-0.02676591738871072,0.9509727456423955,0.3080281940843871
2025/05/20 13:37:09.789069889,1747741029,787953609,piren,-466.4186069371554,-294.2958089733282,2.3622311943338032,0.010272889655779853,0.027957883101710834,0.9509365360186709,0.307948906436445
2025/05/20 13:37:09.831670305,1747741029,830402127,piren,-466.38162220794885,-294.2284456285795,2.330363351876372,0.008070197675599272,0.023477005720643446,0.9506798086542814,0.3091789183125664
2025/05/20 13:37:09.876517294,1747741029,872921637,piren,-466.3895116612536,-294.22139409598446,2.330107303810212,-0.009733941446698487,-0.03149854186126482,0.9504508486460514,0.3091217827208671
2025/05/20 13:37:09.937139092,1747741029,936121723,piren,-466.45025721515833,-294.28381934160603,2.3663045781417944,-0.00810069222860818,-0.02670906095106165,0.9502773274194029,0.310151585263024
2025/05/20 13:37:09.979074324,1747741029,978571552,piren,-466.46714786171674,-294.2900460886133,2.3737647386718486,0.00979758009324771,0.028264495756797216,0.9502294971191613,0.3101113163181834
2025/05/20 13:37:10.38162749,1747741030,37732824,piren,-466.42514086019594,-294.21264088596996,2.3382152469867754,0.008185074026897245,0.022992877362743167,0.9501715795552031,0.3107704966037261
2025/05/20 13:37:10.80462699,1747741030,80049070,piren,-466.39984814992545,-294.1632894956646,2.316877400932942,-0.00918139598747982,-0.030270919637313327,0.949969813054789,0.3107357843517248
2025/05/20 13:37:10.138378832,1747741030,138037534,piren,-466.4407721941201,-294.2004368384628,2.3402105006962985,0.0063444889210452155,0.016859179619913366,0.9501569880616705,0.3112510458784822
2025/05/20 13:37:10.184682110,1747741030,180967763,piren,-466.42171567453863,-294.1586047700234,2.3234620807019444,0.0013996836405115742,0.001859749882291391,0.9503046468735323,0.31131280145000917
2025/05/20 13:37:10.244181436,1747741030,242699053,piren,-466.42648796784914,-294.1471341031298,2.3231295839452613,-0.00010729478305028117,-0.0026852226259532776,0.9501790131179115,0.3116931521505573
2025/05/20 13:37:10.304120120,1747741030,302884330,piren,-466.4360048412661,-294.1439703373929,2.3263310510991753,-0.009848710250336056,-0.03221563795178678,0.9492794423550684,0.3126238888821752
2025/05/20 13:37:10.339524231,1747741030,339170750,piren,-466.47507831372866,-294.1844122884489,2.348821929278743,-0.00045171212088337655,-0.003380140525399101,0.9498199145911465,0.31277867646669233
2025/05/20 13:37:10.373979092,1747741030,373672373,piren,-466.4752366796914,-294.16852557587674,2.3453785902270283,0.009166030363805953,0.025936516043281777,0.9494728740725091,0.3126412359612781
2025/05/20 13:37:10.427335395,1747741030,425980840,piren,-466.4837337105303,-294.1625948411284,2.346425309369573,0.0031158015425884968,0.007818764784314487,0.9498839013356432,0.31248957211621153
2025/05/20 13:37:10.496314594,1747741030,495216269,piren,-466.4617781224939,-294.11571388863996,2.3266719263130624,-0.01006864645386792,-0.03190884894636713,0.9489935352469132,0.31351509975927905
2025/05/20 13:37:10.530829181,1747741030,530520022,piren,-466.50259715043467,-294.1545545322848,2.348695343719454,-0.0012102289210181782,-0.004637662554568462,0.9495181717310073,0.31367541979663366
2025/05/20 13:37:10.578570556,1747741030,577492702,piren,-466.50492369196655,-294.14131998283034,2.3461946831901566,-0.0013684226187435596,-0.00500428157699218,0.9495159074002629,0.31367598916603434
2025/05/20 13:37:10.629997995,1747741030,628930694,piren,-466.5133909044175,-294.1356851174672,2.3472096265018263,-0.0002025237573014355,-0.0011987061515606856,0.9495866220437553,0.3135024231536661
2025/05/20 13:37:10.680322137,1747741030,679808180,piren,-466.5077348404185,-294.11080487048,2.3386836996965874,0.007356617971405844,0.02183059605640363,0.9493380231868347,0.31341126811197756
2025/05/20 13:37:10.734580934,1747741030,732894521,piren,-466.48861348476277,-294.0657017151824,2.318503324523506,0.0012369849608597292,-0.0015643893413550595,0.9493260271004806,0.314286679361078
2025/05/20 13:37:10.796564042,1747741030,796189382,piren,-466.4974943989684,-294.0665041557994,2.3219753531366676,-0.010765816132780251,-0.029610910227250518,0.9484055604743069,0.3154903866363042
2025/05/20 13:37:10.832361124,1747741030,830819342,piren,-466.5392378106843,-294.10566229976064,2.344417959763029,-0.0015841870671292552,-0.0016932008883764858,0.948866078412438,0.31567037976390655
2025/05/20 13:37:10.890737013,1747741030,889766159,piren,-466.5418310676273,-294.09033704327743,2.3413765673965212,0.008045299260563164,0.0273183498285028,0.9491463489190168,0.3135445570507573
2025/05/20 13:37:10.926142100,1747741030,924738045,piren,-466.5164142625635,-294.0354616848876,2.3163306369159944,0.002025775434587087,0.006627873916027481,0.9495163937070589,0.31364085448611995
2025/05/20 13:37:10.975254286,1747741030,974848576,piren,-466.52020733239675,-294.0234961827106,2.314861303790068,-0.010649819347967859,-0.02912472015261518,0.949094175445985,0.3134622435930579
2025/05/20 13:37:11.29992260,1747741031,29608964,piren,-466.56431280046763,-294.0635649541865,2.3390228009286336,-0.010908715785797801,-0.029386010790256947,0.9483057735289624,0.3158063048474112
2025/05/20 13:37:11.75608108,1747741031,74206833,piren,-466.59691882027334,-294.0913309446734,2.356585092931412,0.008238257216778379,0.027587494306015724,0.948357018468851,0.3158955947727305
2025/05/20 13:37:11.128795528,1747741031,128397009,piren,-466.5623023200539,-294.027141905061,2.327150943432122,-0.0019407739859961311,-0.0028727290211564864,0.9485988927041812,0.3164618801446832
2025/05/20 13:37:11.194093864,1747741031,192400923,piren,-466.5695537951101,-294.0223112504549,2.329896289180453,-0.011364427977907668,-0.03137044983445876,0.9476064363646233,0.3176929121246771
2025/05/20 13:37:11.229600861,1747741031,229219361,piren,-466.60638514290565,-294.05792273891865,2.3511135352948624,-0.001429367018227186,-0.002083297853941656,0.9481236304404527,0.3178918026316421
2025/05/20 13:37:11.279271978,1747741031,277348269,piren,-466.6024593176043,-294.03916467264634,2.346432553714293,0.009484981692504753,0.03036679098187208,0.9476358878232974,0.3177642478900153
2025/05/20 13:37:11.330646334,1747741031,330295453,piren,-466.56874434485377,-293.97664146122014,2.3172578657843466,-0.0008043284898447179,-0.0032551285561684498,0.9482140320340877,0.31761439930743285
2025/05/20 13:37:11.396134887,1747741031,395122330,piren,-466.5786949363029,-293.9782955307341,2.3227418095321717,-0.0019508077215095378,-0.003945650265233511,0.9477040164500321,0.3191202334508038
2025/05/20 13:37:11.431783557,1747741031,431043050,piren,-466.58920932782837,-293.97856269249735,2.327492222253486,-0.0008954080768078585,-0.001083939328628464,0.9477117158446776,0.319124626079914
2025/05/20 13:37:11.488638226,1747741031,488278858,piren,-466.5949803313514,-293.97387259173036,2.3289482923372113,-0.000943353783503386,-0.0013154652956823513,0.9484100614659302,0.3170421658784295
2025/05/20 13:37:11.524613522,1747741031,522973755,piren,-466.6032622126561,-293.9667506213848,2.330107492234183,-0.003233274225686505,-0.008145084666417767,0.9483759573056652,0.31702720252073274
2025/05/20 13:37:11.573429584,1747741031,573096000,piren,-466.61848516925465,-293.9695937504605,2.3359040747478566,0.003518581538163334,0.01217539205182084,0.9483331483767459,0.3170230576822335
2025/05/20 13:37:11.625244664,1747741031,624887845,piren,-466.6099395071096,-293.94102165779964,2.324880992774319,0.006963013498701236,0.02250113933218616,0.9472370480384368,0.3196673114273629
2025/05/20 13:37:11.692006977,1747741031,691594897,piren,-466.5934742312736,-293.90573973492536,2.3087134845733637,-0.010008727404212575,-0.027598358456593832,0.9465507535576336,0.32121616853098406
2025/05/20 13:37:11.729253965,1747741031,727859788,piren,-466.63716466107695,-293.9501026627369,2.333845329963094,-0.0023813676184478326,-0.001783275853112028,0.9469500848044836,0.32136690231615145
2025/05/20 13:37:11.791162437,1747741031,790806571,piren,-466.6442239345336,-293.94303845839437,2.334495565523249,0.001730091126815745,0.007151807433209536,0.9477940507404599,0.3187982054782018
2025/05/20 13:37:11.830217347,1747741031,827489524,piren,-466.6417198461213,-293.9229118183523,2.327986280638769,-0.0010082693302015384,-0.0006166664169570191,0.9478206702231363,0.31880178828427674
2025/05/20 13:37:11.892067856,1747741031,891649827,piren,-466.6503980090678,-293.9177354859606,2.329181569686048,-0.0008487662242016315,-9.248481669065016e-05,0.9476285837420536,0.3193733525475868
2025/05/20 13:37:11.946332743,1747741031,946002610,piren,-466.65804211614073,-293.91164288966996,2.3296645002084433,0.008161394456332152,0.026969860703136384,0.9472473699467058,0.3192623347393649
2025/05/20 13:37:11.983106161,1747741031,982041376,piren,-466.637019521207,-293.8679641936912,2.3086745079150477,-0.0008437888336699031,0.00018773669294643613,0.9476312211861515,0.3193654981499749
2025/05/20 13:37:12.35195823,1747741032,34804667,piren,-466.65249978690787,-293.8722241228697,2.314870957024819,-0.010718515953598599,-0.02863569280985884,0.9463036396669849,0.32182997384654677
2025/05/20 13:37:12.94829475,1747741032,94446553,piren,-466.6959350868391,-293.9158858547126,2.339288789978726,0.008592350577825291,0.028076545951565047,0.945787972453227,0.3234547731009567
2025/05/20 13:37:12.130550606,1747741032,130232591,piren,-466.6667335674734,-293.8663143523874,2.3148664996889523,0.007221219371678446,0.024068437307087315,0.9458991437777894,0.32348628118797546
2025/05/20 13:37:12.195738070,1747741032,195378581,piren,-466.651886602327,-293.8343784276324,2.300732269675051,-0.011372972613020666,-0.030807500744963367,0.9465500640174516,0.3208808652761193
2025/05/20 13:37:12.231032618,1747741032,230659710,piren,-466.7042353549354,-293.88578056894573,2.3306433100436528,-0.00947032921809121,-0.026185944354462046,0.9466898276555307,0.3209407724118387
2025/05/20 13:37:12.281182636,1747741032,280766103,piren,-466.73793938209127,-293.9142545158979,2.3491654569129823,-0.007960119842948376,-0.019698583290961705,0.9468473614512327,0.320980803820499
2025/05/20 13:37:12.335389107,1747741032,334978821,piren,-466.75768481199776,-293.922561569899,2.358209139466067,0.00793107198358946,0.025842998603736154,0.9458247254221602,0.323550345851235
2025/05/20 13:37:12.387527304,1747741032,387048633,piren,-466.721862139906,-293.86352533089,2.330118968917897,0.01028647148253363,0.029438559326133484,0.9453252843816767,0.3246346661062906
2025/05/20 13:37:12.430745344,1747741032,429475599,piren,-466.6909677119548,-293.81555501297777,2.3065514878201996,0.008886068610659924,0.02519046630897958,0.9454464572988464,0.32468057313742
2025/05/20 13:37:12.492591150,1747741032,492033801,piren,-466.6757124052787,-293.78455871422693,2.293361465860878,-0.0004902730763278668,-0.0022129829238615975,0.9464924834845325,0.32271789700320497
2025/05/20 13:37:12.529707693,1747741032,529309288,piren,-466.6975703053993,-293.7975179469361,2.305622294141766,0.0014008338409256145,0.003121656079642303,0.9464897113748292,0.32271584899019634
2025/05/20 13:37:12.577955201,1747741032,577240488,piren,-466.7094486907397,-293.7977549855638,2.310680065691562,0.0007391953708129692,0.0013272656223084825,0.9464938696411473,0.3227182156121629
2025/05/20 13:37:12.633900051,1747741032,633415871,piren,-466.7219233417096,-293.7985240690933,2.3157737445556763,-8.014439177357244e-05,-0.0011877525604955792,0.9456354504816286,0.325226348276303
2025/05/20 13:37:12.695562447,1747741032,695196999,piren,-466.7340331081774,-293.8018269870559,2.3213514228045447,-0.00023637507797520018,-0.0015933382696227984,0.9451066640836084,0.3267580127628615
2025/05/20 13:37:12.734494825,1747741032,732715204,piren,-466.7441480849219,-293.8035205214663,2.3256673003126327,-0.00022342268525831323,-0.0014955411657902517,0.9451068397582061,0.3267579760023949
2025/05/20 13:37:12.771572567,1747741032,771229428,piren,-466.75241012593716,-293.8032840643075,2.328589252189172,-0.00022828557473594636,-0.0014438293937889127,0.9451069165470757,0.32675798312704935
2025/05/20 13:37:12.827108303,1747741032,826639486,piren,-466.7626190237809,-293.7989298915322,2.3306763496693637,-0.0003670821174161406,-0.0016917335570009804,0.9452400854982561,0.3263712365628145
2025/05/20 13:37:12.871743008,1747741032,871347011,piren,-466.7694780271784,-293.79379363808425,2.3316854726990157,-0.00023023987197274737,-0.0012189445204793723,0.9452407779001324,0.32637146468190215
2025/05/20 13:37:12.926030201,1747741032,925559704,piren,-466.7784573844642,-293.78859899679304,2.3327762005629515,-0.00032238216515178284,-0.0012738085110487424,0.9451841000893255,0.3265352820446034
2025/05/20 13:37:12.993062890,1747741032,990826768,piren,-466.7851197410692,-293.7833564554198,2.333340414060689,-0.0002987071731974189,-0.0010988843813816947,0.944689995452869,0.32796267427620385
2025/05/20 13:37:13.27861322,1747741033,27477614,piren,-466.790849113251,-293.7779358497355,2.3335640467813215,-0.00048277946956027523,-0.0014306289960337643,0.9446894731792973,0.3279626800245436
2025/05/20 13:37:13.73081247,1747741033,72768526,piren,-466.797714003475,-293.77276583611115,2.334442737117177,-0.0009090238603379363,-0.0026003901564138924,0.9446868328686833,0.32796219210633454
2025/05/20 13:37:13.128504349,1747741033,128142398,piren,-466.80721621015215,-293.76838360056985,2.335574027286767,-0.008784631698686188,-0.027621121464771244,0.9443344649210305,0.327707678056615
2025/05/20 13:37:13.193227609,1747741033,192844295,piren,-466.8403774572367,-293.7991443578389,2.3530618357068964,0.009225797215928129,0.027134921836572973,0.9438468259974083,0.3291378886382907
2025/05/20 13:37:13.247742685,1747741033,247432362,piren,-466.8065146218433,-293.74279905389005,2.325098818763411,-0.0017249772048143132,-0.0032502013755426936,0.9442309574643327,0.32926335904660115
2025/05/20 13:37:13.286704068,1747741033,284303860,piren,-466.817486000067,-293.74200635966565,2.3289593255016263,-0.012443873319306888,-0.03265063937209021,0.9436709619345843,0.3290352585466534
2025/05/20 13:37:13.338487566,1747741033,338211025,piren,-466.8622069686769,-293.7796704626614,2.351671353847623,-0.009560240350143794,-0.027732301656367357,0.943842685671221,0.32909042215510426
2025/05/20 13:37:13.395126536,1747741033,394769642,piren,-466.8869353772251,-293.79916892448404,2.364513280844198,-0.00016848316388826435,-0.0007329674156663021,0.9437308511756942,0.33071364488238286
2025/05/20 13:37:13.433453851,1747741033,431960924,piren,-466.87515300032476,-293.7732747802561,2.3549144930242853,0.008778793728846216,0.024795356408996123,0.943404952673195,0.3305982733664894
2025/05/20 13:37:13.472892203,1747741033,472298107,piren,-466.8390867333549,-293.7173921617312,2.3274669845406497,-0.00803795092001463,-0.02334981995310922,0.943442315761369,0.33061574990310144
2025/05/20 13:37:13.529792619,1747741033,527340264,piren,-466.8705546350135,-293.7406715264569,2.343926109368771,-0.006584355242392318,-0.019260027079001214,0.9436748496951072,0.33024759753232874
2025/05/20 13:37:13.592100343,1747741033,591549438,piren,-466.88874791824986,-293.7505190017474,2.352997583056842,0.0032670730024136315,0.008858894917067112,0.9432722687902442,0.33188593393837973
2025/05/20 13:37:13.630234746,1747741033,629756773,piren,-466.87111613942784,-293.71673890932937,2.3390524724876025,0.008175208786277362,0.022788391931672456,0.9430376412527139,0.3318039516566778
2025/05/20 13:37:13.692008636,1747741033,691563671,piren,-466.84456666231887,-293.6713974997857,2.317797898408604,-0.0102028894131096,-0.029846922486352432,0.9437335041233108,0.3291992336881338
2025/05/20 13:37:13.731983033,1747741033,731561614,piren,-466.8871961834351,-293.70906531800375,2.3410803628516157,-0.007037588182852553,-0.02087852672803621,0.9439753317430192,0.3292797177703058
2025/05/20 13:37:13.774102343,1747741033,773802066,piren,-466.8937836560276,-293.7035787087052,2.341550268915048,4.631672921949499e-05,-0.00034068689715729316,0.9442061570144399,0.32935484639400964
2025/05/20 13:37:13.832829411,1747741033,832461285,piren,-466.88742711983645,-293.6787433757828,2.335104719856011,-0.0016242406732020062,-0.005170613530627607,0.9433665733296916,0.3317079060290061
2025/05/20 13:37:13.893929452,1747741033,893479378,piren,-466.89364075241485,-293.67469074104787,2.3368559785655107,-0.0015945104306229806,-0.005167173055038632,0.9428429595038249,0.33319350469835823
2025/05/20 13:37:13.933924715,1747741033,933202411,piren,-466.8988253723366,-293.6704466596017,2.3381092557901564,1.036767758313262e-05,-0.0006123661215230276,0.9428569298304099,0.33319729106194423
2025/05/20 13:37:13.995354559,1747741033,994785217,piren,-466.89893104502283,-293.6592185450093,2.335662782145953,0.010401944686511224,0.029118572410195945,0.9431607183571893,0.33089540286241775
2025/05/20 13:37:14.34404751,1747741034,34000240,piren,-466.86946877474674,-293.6073177544752,2.3102133487326024,0.00010861939777186812,-0.0002654439002777533,0.9436100662655542,0.3310588476142552
2025/05/20 13:37:14.96879301,1747741034,96479103,piren,-466.88218581269507,-293.6090046898897,2.315585893714874,-0.0005633702905787976,-0.0020813069702975686,0.9434079591825845,0.331627461658654
2025/05/20 13:37:14.136642913,1747741034,136275544,piren,-466.8949196891531,-293.6112461042592,2.320932702886691,-0.008951905690929103,-0.025825372970229035,0.9430562965978468,0.33150827281171014
2025/05/20 13:37:14.199231657,1747741034,198846038,piren,-466.932554600752,-293.6446817857247,2.341339099249415,-0.009931209713263667,-0.028521293823054798,0.9427773856955127,0.33205226680964606
2025/05/20 13:37:14.238232380,1747741034,237789979,piren,-466.96401170471523,-293.6706735092627,2.35768312321195,-0.010848001077401428,-0.030563374716093186,0.9427126066549143,0.3320258156416234
2025/05/20 13:37:14.283386240,1747741034,282934360,piren,-466.99030004873424,-293.68995944262605,2.37051083321059,-0.006139207305363737,-0.017125040187878016,0.9430519854875109,0.33214755124837053
2025/05/20 13:37:14.322230497,1747741034,321515270,piren,-466.99983527876634,-293.69096237697187,2.373754799149453,-0.005148818420402675,-0.013888536774289313,0.94075722048409,0.33875721442087736
2025/05/20 13:37:14.378541402,1747741034,378118080,piren,-466.9866414716746,-293.6716372187881,2.3664947578659774,0.004332334362876736,0.01251584201591053,0.9407767819655516,0.33876781295179464
2025/05/20 13:37:14.437608867,1747741034,436224245,piren,-466.9616089419856,-293.6236161176524,2.3455888219132195,-0.01009110718059028,-0.027847862464916374,0.9416409684963832,0.3353132156077337
2025/05/20 13:37:14.476438189,1747741034,476072164,piren,-466.98915402128927,-293.64448948509795,2.359383425025715,-0.010732842126690347,-0.029475087806676608,0.9415910047015315,0.33529450512024944
2025/05/20 13:37:14.534478305,1747741034,532553065,piren,-467.0133279470787,-293.6587903384104,2.3702483343913308,-0.0059602325618221845,-0.0160869887904149,0.9417224148620552,0.3359532374689153
2025/05/20 13:37:14.595185120,1747741034,593128178,piren,-467.01506095512286,-293.64904372758497,2.36901919757894,-0.0009093736109447004,-0.0019554528951130005,0.9413003760442422,0.3375632552612606
2025/05/20 13:37:14.634314147,1747741034,633584617,piren,-467.0006628324175,-293.6208258580623,2.357943838790394,-0.011137589476182532,-0.030488151906537406,0.9408086661616408,0.33738032006792923
2025/05/20 13:37:14.694675601,1747741034,692751991,piren,-467.0243050942609,-293.6382836896175,2.369379988727241,0.00488857416462987,0.014362044483171164,0.9420816666355685,0.3350402467018704
2025/05/20 13:37:14.731859470,1747741034,731425216,piren,-466.99308124099906,-293.58523345387795,2.3454746447026595,0.0008129324228535527,0.0027290600955332434,0.9421871463510783,0.3350750253639961
2025/05/20 13:37:14.797538920,1747741034,796203954,piren,-466.98481971748754,-293.56117297226615,2.3372951732468707,-0.010564171594116979,-0.02911618733440373,0.941536267042114,0.3354848785832813
2025/05/20 13:37:14.835391010,1747741034,835013464,piren,-467.0164397353165,-293.5867917691617,2.3536575177128287,-0.0036812934583745484,-0.009991798491540409,0.9419336141478521,0.33563027065469375
2025/05/20 13:37:14.882632026,1747741034,881198360,piren,-467.02233955543664,-293.58049764947634,2.353953366134246,0.00023949407420789957,0.001124343955342708,0.9419859035474616,0.3356504670205763
2025/05/20 13:37:14.922180382,1747741034,921852514,piren,-466.999591788085,-293.5417537294523,2.338095814139931,-0.001022593058278124,-0.0024926814770624742,0.9413358430596799,0.33746047385377265
2025/05/20 13:37:14.992467028,1747741034,991549901,piren,-466.9998962359744,-293.53099805802316,2.336157176264689,-0.01142186899260725,-0.03139070085962477,0.940090637890426,0.339284183773764
2025/05/20 13:37:15.34731151,1747741035,32597646,piren,-467.0338981121984,-293.5624590418602,2.3545143037291356,-6.568028012696795e-05,8.12651358672206e-05,0.9406145727194876,0.33947638308108324
2025/05/20 13:37:15.78596449,1747741035,77421162,piren,-467.02335128275604,-293.539547287162,2.3461423998065696,0.005476237668433207,0.015556007258982419,0.9404856295888067,0.33943305966877085
2025/05/20 13:37:15.138984573,1747741035,137774680,piren,-467.0012339314962,-293.4988289434063,2.3281284984296193,0.008465459659822747,0.023807350198998628,0.9403015652980055,0.33940317082692517
2025/05/20 13:37:15.177854480,1747741035,177542029,piren,-466.9759986476423,-293.45826545745683,2.308565214165211,0.0012275696025076765,0.00368325702480118,0.9405956620113068,0.33950659389188875
2025/05/20 13:37:15.238316273,1747741035,237041124,piren,-466.98342611779196,-293.4539309197024,2.310811871115264,0.0004928277284366566,0.001626294532952328,0.9404329295113547,0.3399750246380073
2025/05/20 13:37:15.286373035,1747741035,285787148,piren,-466.99142865389075,-293.4534349376298,2.314245389639637,0.0003731514686816908,0.0014357408595965656,0.9404332374020355,0.33997518349975503
2025/05/20 13:37:15.346846604,1747741035,345349346,piren,-467.00029498971696,-293.4518868728831,2.3173162749410037,-0.010675354304324996,-0.02893093357426151,0.939869679759146,0.3401382409586418
2025/05/20 13:37:15.387926718,1747741035,384492187,piren,-467.0421641548501,-293.49193949578296,2.3406532746857582,-0.001904482593375866,-0.003730342661360486,0.9403073306342603,0.3403007220755671
2025/05/20 13:37:15.431531140,1747741035,430940696,piren,-467.0459587871159,-293.4824961249149,2.340199748546386,-0.001876861453441679,-0.0036745729174302395,0.9401361869944095,0.34077400841110495
2025/05/20 13:37:15.496656724,1747741035,495304637,piren,-467.0485386140376,-293.4748196862282,2.3397676737345585,0.008622878423987516,0.025129181731767824,0.939271807044274,0.34214418405836
2025/05/20 13:37:15.536228934,1747741035,534900095,piren,-467.0181026802783,-293.42908649934446,2.316759438460596,-0.0003026063939814129,-0.001854761633738891,0.9396061000434952,0.3422526041532858
2025/05/20 13:37:15.595911117,1747741035,595507743,piren,-467.0269683870209,-293.43173341597435,2.3214686705408827,0.008634340067793025,0.025637848786947557,0.9399665074894407,0.3401927595926677
2025/05/20 13:37:15.635995777,1747741035,635649870,piren,-467.0065063594627,-293.39311416471054,2.3034514224407094,-0.008679893560564656,-0.02226759040598397,0.9400522419415224,0.3401919991504887
2025/05/20 13:37:15.676304383,1747741035,675804793,piren,-467.0060499634398,-293.38115998822417,2.300261519617366,-0.0005375295620366576,0.00029265447529663093,0.9403158826019994,0.3403023160981291
2025/05/20 13:37:15.736746272,1747741035,735966330,piren,-467.0347123340345,-293.4006650283406,2.3163932388001456,0.009225751361867231,0.02693809185271432,0.9390265690399059,0.3426635775163254
2025/05/20 13:37:15.797528059,1747741035,797076086,piren,-467.01353925127313,-293.36601334484413,2.299202641217476,-0.0005934897931523981,-4.59025233981294e-05,0.9388378620874018,0.3443589905519829
2025/05/20 13:37:15.837301398,1747741035,836951077,piren,-467.0296786665264,-293.37665901961157,2.3085310732892683,-0.007143068201710493,-0.017948998189610137,0.9386663900342768,0.34428508283205395
2025/05/20 13:37:15.901396534,1747741035,900165841,piren,-467.06368131082894,-293.40709767528864,2.328099779908364,0.0013481908644961196,0.005299895469338131,0.9396211277804383,0.3421728068067717
2025/05/20 13:37:15.940129651,1747741035,939786680,piren,-467.06296066977796,-293.39506612290853,2.3253199027069034,0.006925082630949381,0.020567570192267032,0.9394107864396719,0.34210582077441776
2025/05/20 13:37:15.978825604,1747741035,978443210,piren,-467.04719199486584,-293.3630831303194,2.311257938159268,0.0045029240969591084,0.013801874359434588,0.939534400665659,0.34214666724164433
2025/05/20 13:37:16.38854417,1747741036,37241560,piren,-467.0446350899739,-293.34769180672157,2.306677463436181,-0.011324768378836501,-0.02941534282105328,0.938203079843996,0.34464687464000926
2025/05/20 13:37:16.79673285,1747741036,77950353,piren,-467.0928970047161,-293.3957081573923,2.334495035477363,-0.0005023111230314109,7.30125678375239e-05,0.9386640884968372,0.34483252648075785
2025/05/20 13:37:16.137859734,1747741036,135755976,piren,-467.095404533125,-293.38649571983836,2.3340459468429815,0.009228156926865174,0.02643576849966721,0.9380618524855784,0.345334551087623
2025/05/20 13:37:16.180062540,1747741036,179374579,piren,-467.0664524516677,-293.34371904190084,2.3125551716806196,-0.0019019174914227306,-0.0038844118079983995,0.938426282713914,0.3454524655672716
2025/05/20 13:37:16.239732945,1747741036,238805083,piren,-467.08294225565146,-293.3509450937869,2.321089854053216,-0.0021859035689083205,-0.004554255683351486,0.9383158943082871,0.34574233624072925
2025/05/20 13:37:16.280192771,1747741036,279833127,piren,-467.0955222423872,-293.35655996445644,2.327764423994417,-2.7830623912557157e-05,0.0012128573642146239,0.9383261702705419,0.3457492247104665
2025/05/20 13:37:16.341560071,1747741036,340630167,piren,-467.1001750265806,-293.34986420425145,2.328255095918655,0.009129278924313566,0.026179673540132196,0.9376434004339317,0.34649117533113005
2025/05/20 13:37:16.380683167,1747741036,380364585,piren,-467.07383163509934,-293.3117463018678,2.308493271318725,-0.0020825128772377754,-0.005079577893575578,0.9379951281075563,0.346604963431034
2025/05/20 13:37:16.443458306,1747741036,442315963,piren,-467.0936653221646,-293.3231374515535,2.318998974682579,-0.010148329546126758,-0.02671179584495305,0.937407725148306,0.34705943036090936
2025/05/20 13:37:16.484566799,1747741036,483381772,piren,-467.1334720746632,-293.36065781814335,2.341488244407648,0.00974268497897772,0.027122525174734888,0.937396296467898,0.3470700679773683
2025/05/20 13:37:16.542889337,1747741036,542547819,piren,-467.10177618130587,-293.3115587343733,2.317241989185153,0.009915933682799359,0.027564410015870105,0.9371662276644056,0.34765117472107404
2025/05/20 13:37:16.583656632,1747741036,583289364,piren,-467.0780259205987,-293.27538997877775,2.299425413133524,0.00813356102647289,0.022825702654180033,0.9372940335754831,0.34769631448603644
2025/05/20 13:37:16.643171451,1747741036,642838611,piren,-467.0692070517739,-293.2529259636856,2.2907620002717484,-0.0010837469137098144,-0.0019944883306337057,0.9372954222852465,0.3485285337989522
2025/05/20 13:37:16.685052158,1747741036,683266231,piren,-467.091522864169,-293.2704433788814,2.3043875010866612,-0.011505621520511157,-0.030113232111495192,0.9368131063961257,0.3483418114577509
2025/05/20 13:37:16.743866492,1747741036,742576241,piren,-467.14331300549924,-293.319033671536,2.3335546062789017,0.009601696805925262,0.02674723563761477,0.9366516021783936,0.34910767528205605
2025/05/20 13:37:16.783870377,1747741036,783182510,piren,-467.11366486092953,-293.27632723985886,2.312308427646436,-0.004754372139596649,-0.011824773292999094,0.9369586279730671,0.34920781799518086
2025/05/20 13:37:16.843759235,1747741036,842478454,piren,-467.139590440009,-293.29465931050714,2.3269878265286135,-0.0002657901555720834,0.00034789597242206684,0.9368252759084487,0.3497973852718809
2025/05/20 13:37:16.905698803,1747741036,905364892,piren,-467.1431046317478,-293.2910950480576,2.328648607022579,0.00043411748762436496,0.0022109679373335375,0.9362982377240248,0.351198708992036
2025/05/20 13:37:16.927932457,1747741036,927555807,piren,-467.14346451943385,-293.2848582114694,2.3281940385641966,-0.01064280544108002,-0.02742373005105558,0.9358990967159855,0.3510378191714287
2025/05/20 13:37:16.992604089,1747741036,992281530,piren,-467.18078573385077,-293.318421493454,2.3486921555718174,0.0024297650322248235,0.007551640140684372,0.9371650526411615,0.3487961196475141
2025/05/20 13:37:17.34446857,1747741037,34148062,piren,-467.16854254919156,-293.29153951450644,2.3384305856142147,-0.006931339271489558,-0.017680022647943536,0.9370288331408526,0.34873534262785
2025/05/20 13:37:17.77009632,1747741037,74597390,piren,-467.19003099684704,-293.3045032594476,2.349193980581493,-0.0006682079387529506,-0.0008217343189489382,0.9371952604515446,0.34880355794920076
2025/05/20 13:37:17.135529353,1747741037,134899617,piren,-467.1864654569539,-293.2887048096249,2.344746000932083,0.00039338410426760143,0.0019076925338852434,0.936112698252518,0.3516947854724788
2025/05/20 13:37:17.178306905,1747741037,175951045,piren,-467.1798389008341,-293.27302735944426,2.3392937946192363,-0.00033741514395605783,-1.6693960022980895e-05,0.9361146422429472,0.3516948427979737
2025/05/20 13:37:17.236651621,1747741037,235822159,piren,-467.179644691095,-293.26130869125586,2.336748681274081,-0.005475487123074652,-0.013710800260811132,0.9357820785623524,0.35226968992307084
2025/05/20 13:37:17.279566278,1747741037,278388546,piren,-467.19519354255584,-293.27099044543826,2.344746059654873,-0.0007802186056191531,-0.0012351767530099647,0.9358817264790646,0.35231131068968197
2025/05/20 13:37:17.339186577,1747741037,338845057,piren,-467.1937539091812,-293.25798587604464,2.341413344976866,-0.0013859082042162628,-0.0008253566833276082,0.9356369935839647,0.3529600746287813
2025/05/20 13:37:17.381652814,1747741037,381284570,piren,-467.1928030491163,-293.2471094849414,2.3387981529647632,0.0013965207658723677,0.003544014072314443,0.9356309804017846,0.35295914523695376
2025/05/20 13:37:17.441866055,1747741037,441475692,piren,-467.1874865400394,-293.23114085451454,2.333295735839809,0.0026398976080630587,0.006785084322391466,0.9354314949840074,0.35343303717018604
2025/05/20 13:37:17.484842193,1747741037,484297262,piren,-467.1793914425581,-293.2149970587545,2.326834766273669,0.010465846991022303,0.027600458456125118,0.9350487164468623,0.3532882372947729
2025/05/20 13:37:17.545927416,1747741037,545537834,piren,-467.15191307544654,-293.17294034643663,2.305266594590544,0.0035826686905831118,0.009407616751527535,0.9351175770327748,0.3541945487390545
2025/05/20 13:37:17.588391605,1747741037,587963393,piren,-467.1531263281299,-293.1669152107882,2.3049033044976808,-0.010935820637960844,-0.028919476138225562,0.9347173440706336,0.35404457123419614
2025/05/20 13:37:17.633886624,1747741037,632331898,piren,-467.20254044270416,-293.21341374044977,2.33248828950978,-0.009688970444587847,-0.025506969869805267,0.9347579505376069,0.35423592737964565
2025/05/20 13:37:17.676093845,1747741037,674882451,piren,-467.2337790410444,-293.2401886734105,2.3497693198537117,-0.000647163261341433,-0.001598740945625775,0.9351044929955562,0.35436790541275887
2025/05/20 13:37:17.739081742,1747741037,737792716,piren,-467.2295014178267,-293.2240975712358,2.3454112606328725,0.00933094473617145,0.024802062368375302,0.934317711072633,0.3554549281534888
2025/05/20 13:37:17.780326405,1747741037,779991789,piren,-467.1946198015174,-293.17691601091116,2.321134386442746,-0.011520278853572614,-0.030114180925073335,0.9341608093109369,0.35539274279293215
2025/05/20 13:37:17.843373099,1747741037,843060912,piren,-467.2374219985235,-293.21418524104615,2.3443862079449986,0.00552160320448717,0.014846835039049017,0.9342701030379053,0.3562140619864938
2025/05/20 13:37:17.887729848,1747741037,886301564,piren,-467.21379431977823,-293.1797680763452,2.328613479017252,-0.0003147983748296249,-0.00048625495809856585,0.933714634651056,0.358017660872399
2025/05/20 13:37:17.929318892,1747741037,928194372,piren,-467.21522204819854,-293.1745178232222,2.329224009205599,0.0008749200687117802,0.002748123968451095,0.9337107705343534,0.35801659084136234
2025/05/20 13:37:17.996237783,1747741037,995932521,piren,-467.2135406340307,-293.16482195170926,2.3272640253553476,0.0009066590151690846,0.0028751081457965054,0.9347614258709613,0.35526326636209865
2025/05/20 13:37:18.41082336,1747741038,39357559,piren,-467.2149611232958,-293.1545090794461,2.325791430731531,0.010568500619617048,0.028338147573254657,0.9343365321678189,0.355106323294002
2025/05/20 13:37:18.83103332,1747741038,81654282,piren,-467.1872488994158,-293.11189131234937,2.30416496509827,-0.0006935737888273849,-0.001295677713913868,0.9347652721106942,0.3552628973457277
2025/05/20 13:37:18.144929032,1747741038,144487495,piren,-467.203463434838,-293.11890532483767,2.312517659095417,-0.0004036414874074549,-0.0005561818962225357,0.9336131202745416,0.358282108660874
2025/05/20 13:37:18.189058419,1747741038,188682059,piren,-467.21390349912195,-293.12326794041326,2.3182083614532476,-0.005605862771219344,-0.014124609318879877,0.9335065462876528,0.35823818578185895
2025/05/20 13:37:18.232051330,1747741038,231729489,piren,-467.2401466946934,-293.1418558404726,2.3321707216146486,0.009237154412307854,0.024565871000547183,0.9330305333377026,0.3588387058553048
2025/05/20 13:37:18.300097789,1747741038,299787994,piren,-467.21203585683895,-293.10350725562756,2.312324226721231,0.009537422994694702,0.025084991487577746,0.9323148466211595,0.36065053380586093
2025/05/20 13:37:18.342775571,1747741038,342447905,piren,-467.1911685959856,-293.07442124203345,2.29764181761564,0.01080519363961842,0.02673652401703591,0.9322684335782103,0.3606161031173274
2025/05/20 13:37:18.385356653,1747741038,384702780,piren,-467.1745877978054,-293.05061034151305,2.2857759046782165,0.010797461576147516,0.025900335808485643,0.93229168601776,0.36061724807707385
2025/05/20 13:37:18.448538311,1747741038,448117677,piren,-467.16668560017894,-293.0314177254457,2.2781171843532757,0.003869792366565636,0.015725054274917702,0.9326664696478462,0.3603761975626498
2025/05/20 13:37:18.491957975,1747741038,491516498,piren,-467.17776873783816,-293.03138523626103,2.282842517585755,-0.009648892175882762,-0.02389581805794002,0.9320270469753068,0.36147126091241266
2025/05/20 13:37:18.535038058,1747741038,534128208,piren,-467.23132628238227,-293.0826316806023,2.3145411977687074,-0.002764911043597869,-0.009088378019937254,0.9322890302182067,0.3615894367742003
2025/05/20 13:37:18.578676821,1747741038,577370065,piren,-467.250759341212,-293.09861384752895,2.3269039456386347,0.009356611263923802,0.02223981637007296,0.9320679343247644,0.36147919746099916
2025/05/20 13:37:18.641278528,1747741038,640896123,piren,-467.2296514090215,-293.0650747971876,2.3112882825902417,0.00019196013967341723,-0.0012542848740572461,0.9323506472821502,0.36155312256059274
2025/05/20 13:37:18.686513042,1747741038,685894334,piren,-467.2419014069415,-293.07173303981637,2.318700483375976,0.00351744052223646,0.007405392118874519,0.932322211115799,0.3615357277502263
2025/05/20 13:37:18.747803137,1747741038,747457801,piren,-467.2425378238058,-293.062005523997,2.3173702418332263,-0.0005463119615876223,-0.0029026441581377063,0.9320802158834821,0.36223990304594184
2025/05/20 13:37:18.794385311,1747741038,793152116,piren,-467.25483138631296,-293.0684360309418,2.3242396529498976,-0.007172249117493286,-0.019645715107792335,0.9311692793824143,0.3639867825277937
2025/05/20 13:37:18.836632898,1747741038,836343088,piren,-467.2844418664211,-293.09438492323795,2.341032784866536,-0.002249957768728952,-0.006944276645219845,0.9313503895628638,0.3640510494051836
2025/05/20 13:37:18.901818540,1747741038,901476855,piren,-467.2907656238641,-293.09398913903703,2.3439775903350433,0.008859516772471805,0.021751826656680837,0.932237031296113,0.361085148517446
2025/05/20 13:37:18.946886962,1747741038,946551213,piren,-467.26300486319155,-293.05224782344374,2.323441016411842,0.00942547554279545,0.02344683375300874,0.9321967722363381,0.36106866968750384
2025/05/20 13:37:18.992059472,1747741038,991591633,piren,-467.2419454864886,-293.01822549387316,2.3071926869482913,0.011186872137642228,0.027915059642911258,0.9318016359224647,0.36171993949618997
2025/05/20 13:37:19.36220600,1747741039,35842612,piren,-467.2222388840893,-292.9864038799475,2.291734867249703,0.0006289230570873899,0.0008287145743694584,0.932219350160475,0.3618922503651111
2025/05/20 13:37:19.103716812,1747741039,103410937,piren,-467.24182405312234,-292.9980327449393,2.3028395162359705,-0.009300902239456127,-0.02456499693378539,0.9315876965516567,0.36256643222553514
2025/05/20 13:37:19.126934352,1747741039,126255190,piren,-467.2878236043837,-293.04011069181973,2.3290951681709835,-0.011674232313530195,-0.03063999521507644,0.9314074440773299,0.3624983808383776
2025/05/20 13:37:19.195383795,1747741039,194261518,piren,-467.3292212698913,-293.07563267167905,2.351609618125189,0.008461900203148305,0.021084102040234056,0.9314448566358754,0.36317259799258356
2025/05/20 13:37:19.239025549,1747741039,238588567,piren,-467.29591821348515,-293.03032867127524,2.329557600105733,0.011155715180438328,0.02803161660438362,0.9312614248932991,0.36310045028209503
2025/05/20 13:37:19.284233933,1747741039,282494772,piren,-467.26423958027937,-292.98667650682506,2.307658250891708,0.011319427204784412,0.028524416586093695,0.9312459694809205,0.3630966435423481
2025/05/20 13:37:19.329286390,1747741039,327823225,piren,-467.24179634072624,-292.9529069462244,2.2915801233106845,2.552262882239421e-05,0.001259574709232516,0.930421026240426,0.36649028193099437
2025/05/20 13:37:19.397302097,1747741039,396117846,piren,-467.2588742035136,-292.96407638212287,2.302561464583085,0.00010688633969735386,-0.0013194813111014488,0.9296868053319071,0.3683486005622024
2025/05/20 13:37:19.440088720,1747741039,438794288,piren,-467.27258166947064,-292.9753616703489,2.312231889614553,-0.011523372124192835,-0.030643357697142562,0.9291836213965811,0.3681657157480413
2025/05/20 13:37:19.485344322,1747741039,482536263,piren,-467.32000013219033,-293.0208836896989,2.3395774341375746,-0.00033187701384471813,-0.002349526456020356,0.929685880650722,0.3683456703991128
2025/05/20 13:37:19.547408559,1747741039,546287201,piren,-467.3212293690584,-293.01179002627026,2.339548576495303,0.010499964935998208,0.02508913082400273,0.9296630202711889,0.3674057089799915
2025/05/20 13:37:19.592244568,1747741039,591950897,piren,-467.2874652403588,-292.96870271794626,2.3173361454652586,0.00020015117174468095,-0.0009625739774296149,0.929293028320397,0.36934198367631094
2025/05/20 13:37:19.636941142,1747741039,636536922,piren,-467.2947586128054,-292.9706114390442,2.3222637183706185,7.90962455965113e-05,-0.0011872239439467366,0.9292927996183172,0.3693419510706047
2025/05/20 13:37:19.702220547,1747741039,701806438,piren,-467.3011023791319,-292.9703714926101,2.3259769828902104,0.011565094462694422,0.02808039661440003,0.9299083101242568,0.36653550261590767
2025/05/20 13:37:19.745420326,1747741039,745070905,piren,-467.272359024149,-292.9288258478228,2.3049989012294496,0.0005660682049716567,0.00014447643677075885,0.9303321668744641,0.36671749068187487
2025/05/20 13:37:19.788617985,1747741039,788308852,piren,-467.2864904123587,-292.93369894133934,2.3126225509712515,-0.011009618593026866,-0.029140745440489103,0.9298757376605196,0.36655247613938363
2025/05/20 13:37:19.832968387,1747741039,832065498,piren,-467.33388563979105,-292.9754056888269,2.338716124383637,-0.01136334871936633,-0.02967665054456622,0.9287972317690921,0.3692233375294813
2025/05/20 13:37:19.876055069,1747741039,875752509,piren,-467.3681647167038,-293.0043003474483,2.3576169612915625,0.009900552512275305,0.023954972796459993,0.9289626258279606,0.369264915952075
2025/05/20 13:37:19.941095845,1747741039,939590659,piren,-467.327808112064,-292.95106997839343,2.331041302796781,0.0007349302858980472,0.0009454080155574864,0.9287727409987806,0.37064775954910506
2025/05/20 13:37:19.983911638,1747741039,983603009,piren,-467.32562761971144,-292.9423671552553,2.3303002522236045,0.011181457861857074,0.02721563923912142,0.928374786804615,0.3704787972426698
2025/05/20 13:37:20.28748584,1747741040,28000685,piren,-467.2940941604166,-292.8987786379831,2.3084434273275276,-0.005354052410801163,-0.014145133223211342,0.9284037346650947,0.3712650734836021
2025/05/20 13:37:20.97940369,1747741040,97627287,piren,-467.3216094591478,-292.9214933142905,2.3251798492729514,-0.010635071812761679,-0.027120400215404915,0.9273468034772735,0.3730674003718052
2025/05/20 13:37:20.142553445,1747741040,141400983,piren,-467.3577739927157,-292.95410253375394,2.346006508051236,0.0004025187369693287,-0.0020876765497507116,0.9277404149028865,0.3732200452027061
2025/05/20 13:37:20.188217691,1747741040,187843577,piren,-467.3509893890565,-292.9430061818353,2.3430528816601544,-0.00046047269662040114,-0.0014060609945386084,0.9277421861283569,0.37321876565246886
2025/05/20 13:37:20.236409526,1747741040,233700489,piren,-467.3494408415597,-292.92947393221493,2.3405728281425606,-0.00022463798867111145,-0.0007565904943164815,0.9279345742388814,0.3727422742870789
2025/05/20 13:37:20.279878671,1747741040,279539565,piren,-467.3463471964547,-292.9184700819463,2.338170402242058,-0.0004366775698770503,-0.0012486372088831499,0.9279340358063997,0.3727421030818332
2025/05/20 13:37:20.346218356,1747741040,345539133,piren,-467.3466589465664,-292.90792401456287,2.336756321448991,-0.0006704052900504947,-0.001172986059553582,0.9276330529205651,0.3734904199437026
2025/05/20 13:37:20.391755918,1747741040,390632946,piren,-467.346062579485,-292.89978619856373,2.3356834834908615,-0.0006441434918659282,-0.0011110864245068971,0.92684274215952,0.37544757539813806
2025/05/20 13:37:20.439054003,1747741040,437445265,piren,-467.3451183782893,-292.89284463875674,2.3348345484917643,-0.0006232933029848419,-0.0010872650206863136,0.9268427984146809,0.3754475414582931
2025/05/20 13:37:20.483629575,1747741040,483214940,piren,-467.3449715707389,-292.88594305435845,2.3341703472998168,-0.0006228635014430008,-0.0011007488791875495,0.926842818847429,0.3754474524403054
2025/05/20 13:37:20.550939427,1747741040,549434814,piren,-467.34741884159496,-292.87714275856143,2.3336843542530787,-0.0005824330023268974,-0.001098493569041517,0.92698401745587,0.3750987676133474
2025/05/20 13:37:20.595682691,1747741040,595276300,piren,-467.347917663768,-292.8706677665268,2.333308577995696,-0.000583001697758421,-0.001101411720861333,0.9261796494279346,0.37708050067166005
2025/05/20 13:37:20.643339585,1747741040,641449319,piren,-467.3478152488805,-292.8650304214828,2.33303530354553,-0.0005610680072947916,-0.0011019936256971422,0.9261796991504337,0.37708041011746063
2025/05/20 13:37:20.688427968,1747741040,686313199,piren,-467.34828722601026,-292.8591215703604,2.332829027346634,-0.0007735092384958072,-0.001620442905326383,0.926179005274239,0.3770798669214122
2025/05/20 13:37:20.754091595,1747741040,752892891,piren,-467.3519191377423,-292.8515719981296,2.3330702907288363,-0.005879851885605905,-0.014279121050886811,0.9262953693694976,0.37648163664174056
2025/05/20 13:37:20.778530422,1747741040,778135142,piren,-467.36927781364415,-292.8630755135661,2.3424228778165865,-0.011626831114112742,-0.028354025024876304,0.9259722304942534,0.3763459770166675
2025/05/20 13:37:20.845055766,1747741040,844695425,piren,-467.40166280520845,-292.8861185553145,2.358563500032076,-0.003149784050896292,-0.007567304117272647,0.9259662457455639,0.37751731948176304
2025/05/20 13:37:20.893067569,1747741040,891262745,piren,-467.3968109377178,-292.87464458679034,2.3556737253818607,-0.00371376088099431,-0.00881848273802359,0.9250816072310925,0.37964781351280946
2025/05/20 13:37:20.937631508,1747741040,937247679,piren,-467.3942322289232,-292.86687532350413,2.3543797140829192,-0.012292861737136404,-0.029699735534535792,0.9246471163215597,0.3794661006436734
2025/05/20 13:37:20.982897615,1747741040,982514394,piren,-467.41981916720806,-292.886519577874,2.367570137375004,-0.0020171915670838046,-0.004536220900979079,0.9251128591294517,0.3796597839006003
2025/05/20 13:37:21.51020536,1747741041,50620455,piren,-467.40814991958774,-292.8633129543736,2.359451761171546,0.003751508476537745,0.009567232002211375,0.9254298001384613,0.3787797239447408
2025/05/20 13:37:21.96278205,1747741041,95933025,piren,-467.3803957927265,-292.82803553698346,2.3425889864172196,-0.0007184738306409838,-0.0014009774909105363,0.9246547246775528,0.380803310370201
2025/05/20 13:37:21.142946938,1747741041,141623952,piren,-467.37388920429345,-292.81591099624603,2.3389513153890773,-0.010517751551447945,-0.025125857071451946,0.9243138390047527,0.3806599469776446
2025/05/20 13:37:21.188370484,1747741041,187603023,piren,-467.40062049263986,-292.8364553520184,2.3531612947564877,-0.0008697175828203776,-0.0015801701292473154,0.9246538789528713,0.38080434712736366
2025/05/20 13:37:21.233876384,1747741041,233187123,piren,-467.39205437633166,-292.81654230067807,2.34671165932776,0.0023888284161016596,0.006473172093111289,0.9248567269134542,0.3802531081066709
2025/05/20 13:37:21.303224636,1747741041,302840012,piren,-467.37452754849113,-292.7917702450731,2.3358722151906037,-0.006722264046362729,-0.015613146954931899,0.9239217664556133,0.38220362410342734
2025/05/20 13:37:21.349709029,1747741041,347681785,piren,-467.38997202525576,-292.8017455340185,2.3445022035320577,-0.0001606064900955038,0.0013934649224462453,0.9240525006593326,0.3822630095710275
2025/05/20 13:37:21.394616734,1747741041,394247329,piren,-467.3805046790528,-292.78489229268996,2.3384226932872494,0.010305724690333933,0.02573524373857731,0.9249906308850813,0.3789773371102057
2025/05/20 13:37:21.441282383,1747741041,439804613,piren,-467.34475593333775,-292.73853451991414,2.3142163760791665,-0.0026657644508372783,-0.0036084801322864455,0.9253410573343948,0.3791092193317014
2025/05/20 13:37:21.493266200,1747741041,491997098,piren,-467.35886600623303,-292.74222664000433,2.3212388357329687,-0.012277088067352445,-0.027169597854935404,0.9246634379537022,0.3796164018751397
2025/05/20 13:37:21.542537443,1747741041,541699621,piren,-467.3990138009963,-292.77184064173804,2.342127647290637,-0.0012421159673563927,-0.00038058239418709477,0.9250624832443476,0.379812735961771
2025/05/20 13:37:21.588683155,1747741041,588214504,piren,-467.3939851643399,-292.7574613020781,2.33859366702065,0.0009093748499708175,0.004799201050188721,0.9250499903791557,0.3798139755277394
2025/05/20 13:37:21.636575629,1747741041,636089480,piren,-467.38410451908777,-292.73859962984375,2.3320785557043604,-0.001309640176010171,-0.0007688595176960171,0.9236452667849707,0.3832455020523682
2025/05/20 13:37:21.684203706,1747741041,682423390,piren,-467.3827647496797,-292.73230048527455,2.331696073934328,-0.001288275904082632,-0.0007852350494749052,0.9236453237281843,0.3832454040248489
2025/05/20 13:37:21.746952229,1747741041,746490644,piren,-467.3836856125109,-292.7245708207498,2.331471285314133,-0.0012514256091955302,-0.0008641686365210233,0.9233929084174003,0.3838531279421427
2025/05/20 13:37:21.793785616,1747741041,793453393,piren,-467.38318178845503,-292.719961943016,2.3314863017663843,-0.0012088511936684092,-0.0008100918558821161,0.9227916400039599,0.385296602072713
2025/05/20 13:37:21.839875398,1747741041,839465208,piren,-467.38257863166547,-292.71452846001864,2.331410414248747,-0.001162337094941732,-0.0008288968883340082,0.922791706477941,0.385296545997957
2025/05/20 13:37:21.887419666,1747741041,887022227,piren,-467.3826635434026,-292.70899034271946,2.331408321801418,-0.0011428314621213117,-0.0008236429343067684,0.9238112575139791,0.3828456295153525
2025/05/20 13:37:21.933677897,1747741041,933003419,piren,-467.38461230963503,-292.7017875023626,2.331427560120907,-0.0010974214937028283,-0.0007986670355068332,0.9238113324030183,0.3828456345850005
2025/05/20 13:37:21.979301888,1747741041,978925944,piren,-467.3865198165892,-292.6949383555086,2.331454750354985,-0.001092874805103211,-0.0007977558107256367,0.9238113587164641,0.38284558599619156
2025/05/20 13:37:22.46751774,1747741042,46377687,piren,-467.3884264576157,-292.68828460809493,2.3314989256763723,-0.0011234602453661544,-0.000899246435128311,0.9224264845732355,0.3861700528922313
2025/05/20 13:37:22.93089893,1747741042,92699449,piren,-467.3888273536078,-292.6836429409825,2.3316353804339007,-0.001106613085141081,-0.0008454546418607268,0.9215934569655357,0.38815404247829455
2025/05/20 13:37:22.139357247,1747741042,138919670,piren,-467.3886461229445,-292.67945923350555,2.3317127022274313,-0.0010988961790030808,-0.000775366476344957,0.9215934944226899,0.3881541218018826
2025/05/20 13:37:22.186070064,1747741042,185739821,piren,-467.3891170096548,-292.6747491711529,2.3317452880823946,-0.0011010543878250268,-0.0007661560043737525,0.9215934751296504,0.3881541797825532
2025/05/20 13:37:22.232338127,1747741042,231924874,piren,-467.39210750245326,-292.6675186680227,2.3317760097313007,-0.00120575424391755,-0.0009569738019166846,0.9218354678233975,0.3875783799706372
2025/05/20 13:37:22.302354762,1747741042,301964213,piren,-467.3935575772833,-292.6626240856251,2.3319665390833593,-0.00116596854317957,-0.0008407132262621385,0.9210007974121137,0.38955803789022037
2025/05/20 13:37:22.348067927,1747741042,347665116,piren,-467.3941008290183,-292.6582325377545,2.332028207545632,-0.0017211860369691257,-0.0005453833896903489,0.9210004759416341,0.3895572658684059
2025/05/20 13:37:22.394830025,1747741042,393736439,piren,-467.3958225211133,-292.6526454280475,2.332042997910778,-0.0016523940880995309,-0.0008461292329627337,0.9222862665864707,0.38650303507875355
2025/05/20 13:37:22.440781694,1747741042,440283141,piren,-467.3994455759137,-292.6456758516319,2.332232674821897,-0.0016413550042360756,-0.0008175178873728113,0.9222862545323625,0.386503172456476
2025/05/20 13:37:22.488781912,1747741042,488375856,piren,-467.40265623658456,-292.63882322667183,2.332352649611749,-0.0016619493452030534,-0.0009098725677401919,0.9222861517030951,0.3865031234453094
2025/05/20 13:37:22.536845326,1747741042,536388222,piren,-467.4053782094548,-292.63328774268285,2.3325153572640245,-0.0015940759381053422,-0.000779515958443532,0.9211847722482167,0.38912140349096097
2025/05/20 13:37:22.585531140,1747741042,583961167,piren,-467.4065931633069,-292.62798575625163,2.332528647701825,-0.0015585028684310849,-0.0007504268087317607,0.9211848065741136,0.38912152351858786
2025/05/20 13:37:22.634566573,1747741042,631209869,piren,-467.4088996130609,-292.621387601048,2.3325112340329452,-0.0015342498569943248,-0.0007622376700587816,0.9206529433473234,0.3903783075133924
2025/05/20 13:37:22.680321740,1747741042,679958543,piren,-467.4094603870103,-292.6166274284957,2.332502582534377,-0.0015059923624508621,-0.0007572299498494689,0.9206529765911734,0.39037834889196843
2025/05/20 13:37:22.727878995,1747741042,727486624,piren,-467.41159094411034,-292.6102033621755,2.332486910683161,-0.0014527080778530491,-0.0007301718952248677,0.9202653424732175,0.3912915229479115
2025/05/20 13:37:22.801753472,1747741042,800534178,piren,-467.4118161291138,-292.60568352836907,2.332446403184677,-0.0015333695429308515,-0.0009665851812973023,0.9194443587487214,0.39321595295217215
2025/05/20 13:37:22.848471078,1747741042,848113187,piren,-467.41177957060063,-292.60198020828534,2.3325938892333804,-0.0014358348750603007,-0.0008583214630267825,0.9194445302392695,0.3932161714319066
2025/05/20 13:37:22.898876501,1747741042,896853894,piren,-467.4120449335308,-292.59752550421223,2.3326045597213168,-0.0014667927457192597,-0.0009929681795486551,0.9207820234942672,0.39007349018234805
2025/05/20 13:37:22.944807381,1747741042,944444632,piren,-467.41459462786435,-292.5909352987058,2.332704835966863,-0.001923115316167376,-0.0021595010488525035,0.9207801139032392,0.39007130120407324
2025/05/20 13:37:22.992951038,1747741042,992580751,piren,-467.4184250471078,-292.5859663664521,2.3336464245050426,-0.0012295862912763043,-0.0005609607872985359,0.9204791356270924,0.3907893733403562
2025/05/20 13:37:23.41545247,1747741043,39874227,piren,-467.41919804304274,-292.5790284927622,2.3331050899498362,0.008328754426723121,0.021879112122897806,0.920218827703878,0.39070352627243277
2025/05/20 13:37:23.87460380,1747741043,86857857,piren,-467.3910576715164,-292.5443045927416,2.3146802973662566,-0.0017599818320573008,-0.0019803359542963773,0.9204768193843382,0.39078818522257236
2025/05/20 13:37:23.135693150,1747741043,134905062,piren,-467.4024602773395,-292.54770094203764,2.3206257966682453,-0.0018195431901484205,-0.0020784034981900243,0.9191010071090555,0.39401231989951524
2025/05/20 13:37:23.206120366,1747741043,205742649,piren,-467.4098918957448,-292.55056539258806,2.3251093207422247,-0.00044233352482461887,0.0011192811561219465,0.9182782393016493,0.39593386666943414
2025/05/20 13:37:23.253081916,1747741043,252599964,piren,-467.41063131528364,-292.54802516002866,2.325944785543261,0.008726425988079949,0.02075755975269505,0.9180446666346653,0.39583704130138475
2025/05/20 13:37:23.302301081,1747741043,300812339,piren,-467.3848891579632,-292.52074310571913,2.310531212844497,-0.008078972030001717,-0.016038687334891527,0.9194372967524771,0.39282635866246224
2025/05/20 13:37:23.326198641,1747741043,325858223,piren,-467.41927432195246,-292.5444023380795,2.3285147896402547,-0.00033672157343146237,0.0020928861753147614,0.9195748045580999,0.3929092583128725
2025/05/20 13:37:23.398014605,1747741043,397679267,piren,-467.42022560227934,-292.5356477468907,2.3278874479767904,-0.0006006796500218134,0.0014882216853431458,0.9192708490207164,0.39362231964270605
2025/05/20 13:37:23.448385133,1747741043,446753250,piren,-467.42196030055914,-292.5287250200796,2.3278974542455813,0.006894840931484633,0.018957174005949477,0.9190767768120566,0.3935618948107134
2025/05/20 13:37:23.498197976,1747741043,496850302,piren,-467.40083160291823,-292.50055786063206,2.313882020391351,-0.0025669638269021923,-0.0032185792343305424,0.9189701432447934,0.3943056267276282
2025/05/20 13:37:23.548963888,1747741043,548581985,piren,-467.4150823798153,-292.5067546933042,2.3214604327655795,0.009035755895848862,0.023866635309291548,0.9186660185455895,0.3942099506658839
2025/05/20 13:37:23.583080211,1747741043,582318743,piren,-467.3904945411802,-292.47611494771706,2.305254444127931,0.0031761770868427293,0.010148503916686738,0.9189200510584078,0.3943004685898551
2025/05/20 13:37:23.639088941,1747741043,637866650,piren,-467.39135982146024,-292.4695696784311,2.3050730574903513,0.0002570031479608466,0.003215463784635805,0.9179438212615743,0.3966972847773611
2025/05/20 13:37:23.688496524,1747741043,688152229,piren,-467.40075782938123,-292.4736268113934,2.3106096622269003,-0.0019747074968280987,-0.0019359512523705038,0.9179473953416272,0.3966924904867409
2025/05/20 13:37:23.737797020,1747741043,737322946,piren,-467.4159168497726,-292.48058587372975,2.3186161817828066,-0.01407657867335473,-0.02985660381609744,0.9168555877207542,0.39785206346913915
2025/05/20 13:37:23.788728794,1747741043,785962970,piren,-467.46374538918843,-292.52107658383414,2.3439416565526354,-0.01461694951393039,-0.031197336855374347,0.916810909903914,0.3978326613554961
2025/05/20 13:37:23.835810713,1747741043,835380996,piren,-467.5011785987018,-292.5489514855307,2.36284297201098,-0.008915413210876555,-0.018059700374438586,0.9168445547028078,0.3987360344155957
2025/05/20 13:37:23.885879145,1747741043,883672241,piren,-467.50874575167535,-292.55151663183125,2.3673761379259144,0.010557345838556114,0.026769486814958245,0.9166315880175475,0.3986959604422124
2025/05/20 13:37:23.932949855,1747741043,932541219,piren,-467.45573798331304,-292.49401538599744,2.3352795692459094,0.0002480839496623523,0.0029640753185847476,0.9167037153554043,0.3995565679168065
2025/05/20 13:37:23.983043204,1747741043,982663474,piren,-467.447523544749,-292.4820261928704,2.3316467951017192,-0.004831437093151627,-0.008756771901676124,0.9166667100348261,0.3995273693696153
2025/05/20 13:37:24.56897895,1747741044,54848983,piren,-467.45907789886024,-292.485147951864,2.3378434140096096,-0.0010844604574728077,-0.00016736842689344856,0.9163847955196696,0.40029701781764426
2025/05/20 13:37:24.105303015,1747741044,104992392,piren,-467.45478401393115,-292.47664924450737,2.3358564089969227,0.0016706961275586307,0.0060890993227961255,0.915668708585711,0.401884246718956
2025/05/20 13:37:24.131098955,1747741044,130779462,piren,-467.4427092810993,-292.46266342476576,2.3294830967699975,-0.00344361448452027,-0.00564914567753271,0.9156715543806856,0.4018729067385053
2025/05/20 13:37:24.180470099,1747741044,180065270,piren,-467.4506923374325,-292.46501907153214,2.3339524545763,0.005226413641449141,0.014174321141571054,0.9155792443902926,0.4018537301834153
2025/05/20 13:37:24.230533709,1747741044,229282766,piren,-467.4322947061062,-292.4385461091252,2.321666837393475,-0.011736326574986175,-0.024639712306880616,0.915531001884189,0.40132048017126226
2025/05/20 13:37:24.280340758,1747741044,278539577,piren,-467.47062603915856,-292.46837295699515,2.341769538600419,-0.008667172225539399,-0.01767373846397792,0.915691963426395,0.4013984892978964
2025/05/20 13:37:24.351613224,1747741044,351193572,piren,-467.49016704853915,-292.4781462132723,2.351428172290162,0.006514148739425988,0.016426909232566542,0.915410408937329,0.4021336913620365
2025/05/20 13:37:24.402962118,1747741044,401775575,piren,-467.45684714273943,-292.4427512354377,2.3321968465939986,-0.013236821647580183,-0.026202569163376644,0.9143163788815144,0.40393535526232865
2025/05/20 13:37:24.452448358,1747741044,450062629,piren,-467.4917613560682,-292.46906232035434,2.3503377928076836,-0.012425774589205943,-0.027395472074170923,0.9142824491750452,0.40395877433987293
2025/05/20 13:37:24.501316539,1747741044,499868828,piren,-467.5167521688295,-292.4887008116147,2.3637194848512317,-0.004952832122989976,-0.010741909193333623,0.9159630831074118,0.4010881589192187
2025/05/20 13:37:24.550324535,1747741044,548747982,piren,-467.5134147932183,-292.47843052275,2.3616653549030633,-0.011568483556743333,-0.02578964342855706,0.9156626145864892,0.40095266644413236
2025/05/20 13:37:24.599159416,1747741044,598783078,piren,-467.5317009333749,-292.4881217147796,2.37033280825693,0.011843952536678018,0.027800299340245492,0.9153153914070861,0.40160253783833927
2025/05/20 13:37:24.648868289,1747741044,648433868,piren,-467.47281417649833,-292.42704556212794,2.335145125211349,-0.00057297278882889,-0.0004566744386273968,0.91573733962648,0.4017767887328206
2025/05/20 13:37:24.698435247,1747741044,698028131,piren,-467.46867389102607,-292.4162274667477,2.333029052398004,-0.000269187485908571,0.00024255905152109828,0.9154068192056198,0.4025297803331495
2025/05/20 13:37:24.748268636,1747741044,747866531,piren,-467.46520267427655,-292.4074699465858,2.331212021437509,0.0003428191871387477,0.0017482858526331564,0.9154052156889989,0.4025296474310431
2025/05/20 13:37:24.798949682,1747741044,798551874,piren,-467.46148678401846,-292.39710723965,2.328716184065623,-0.0010328142068364058,-0.0013381147161655369,0.915158674576451,0.40309024187059433
2025/05/20 13:37:24.847652154,1747741044,847280095,piren,-467.46350318303206,-292.39238526610717,2.3293847880300445,-0.012197066106086549,-0.026669341167348325,0.9147700763432253,0.4029090285003715
2025/05/20 13:37:24.899335780,1747741044,898278538,piren,-467.50048060653734,-292.41950047703705,2.3479697165604914,0.010265951264904996,0.02440150059335494,0.9145422951055978,0.4036230512203245
2025/05/20 13:37:24.966260155,1747741044,965904266,piren,-467.45631901140484,-292.36650337899283,2.320444052924022,-0.0005551139031173042,-7.094645897746017e-05,0.9148677557660949,0.40375323685967346
2025/05/20 13:37:25.40262781,1747741045,39864083,piren,-467.4640815313554,-292.3667734827651,2.325405168400345,-0.012270050818186596,-0.026502310417276298,0.9132046340770297,0.4064534040892067
2025/05/20 13:37:25.90042238,1747741045,89516489,piren,-467.5018754284608,-292.39709562298015,2.345328207608339,0.011343787943470894,0.026532705593009655,0.9124135158363718,0.4082510381225248
2025/05/20 13:37:25.139469746,1747741045,139145556,piren,-467.4561599079384,-292.35315006683845,2.3189034600964447,-0.0015751931067221668,-0.002428718388573107,0.9127960184590387,0.4084054955298617
2025/05/20 13:37:25.188891993,1747741045,188572614,piren,-467.4631436025032,-292.35528178663884,2.323651570525172,-0.0018642831692472662,-0.0030959962005019303,0.9127940527922203,0.40840415820966464
2025/05/20 13:37:25.240442212,1747741045,240041335,piren,-467.4713195540782,-292.3543487787288,2.3276498801247403,-0.012159348006542836,-0.02625517206549376,0.9125687331846358,0.40789842290655665
2025/05/20 13:37:25.290113832,1747741045,289793166,piren,-467.50835950162326,-292.38262574020325,2.34698775131916,-0.00048212647652341446,-0.00011227461257272471,0.9129463421766473,0.4080793198077456
2025/05/20 13:37:25.340891857,1747741045,340516114,piren,-467.5002858560571,-292.36749553624935,2.342126879991091,-0.0013497022702676107,-0.004133414187571677,0.9126370298470291,0.408747776682551
2025/05/20 13:37:25.392423806,1747741045,391678243,piren,-467.4974357417815,-292.36206834937747,2.341351891257684,-0.0037988810641129615,-0.00726150417276649,0.9126176734547707,0.40873196737937095
2025/05/20 13:37:25.442929495,1747741045,441867333,piren,-467.50267740976005,-292.3585231270617,2.3433443939078167,0.0015742696590569322,0.004690456630690568,0.9123323214293562,0.4094206352481005
2025/05/20 13:37:25.493483423,1747741045,493108085,piren,-467.4885708910706,-292.3417910203654,2.3354690420535333,0.003596170615233215,0.009119643395037503,0.9117275638755258,0.4106784008574746
2025/05/20 13:37:25.544339302,1747741045,542496805,piren,-467.47250307586575,-292.32302146677733,2.3263906284969074,-0.012939265936746254,-0.027665592835926362,0.911354130005913,0.4104885383189406
2025/05/20 13:37:25.595216063,1747741045,593693020,piren,-467.51259543034087,-292.35340116370685,2.3468375493760285,-0.006532692457460502,-0.013486860971813088,0.9126784382207493,0.4084035956224151
2025/05/20 13:37:25.644191693,1747741045,643864181,piren,-467.5229262794632,-292.35471093061796,2.3517481577902224,0.011413341701550667,0.026612048800677465,0.9123895038243577,0.40829759710409336
2025/05/20 13:37:25.694795376,1747741045,694439520,piren,-467.4758872177805,-292.3051721837154,2.3232765159157864,0.011494944029385439,0.026730889220610114,0.9120638986347723,0.40901438927056916
2025/05/20 13:37:25.745641656,1747741045,744640724,piren,-467.4420363523671,-292.2682336273914,2.3027406439097,-0.012138067474859092,-0.026061435719008832,0.9120836008907325,0.40899507805404556
2025/05/20 13:37:25.796563946,1747741045,794894961,piren,-467.4910715915351,-292.30539175530305,2.328937228252309,-0.012236257997232707,-0.026110524844395626,0.9117725241837158,0.40968204576992456
2025/05/20 13:37:25.846972214,1747741045,845563859,piren,-467.52652504300914,-292.3309006883249,2.347777157214302,0.011681766783727619,0.027101727327803492,0.9117436071826455,0.40969821510745924
2025/05/20 13:37:25.897562619,1747741045,896214447,piren,-467.4793015175656,-292.2827857779863,2.3203155487436615,-0.001964899479887147,-0.003310246923522774,0.9118254080157271,0.41056011342103355
2025/05/20 13:37:25.947447079,1747741045,946924204,piren,-467.4869279041597,-292.28387894870673,2.3254738688183396,-0.012825838553420184,-0.027396613842427798,0.9114194314953382,0.41036513412823605
2025/05/20 13:37:25.998799054,1747741045,997508348,piren,-467.52666101105206,-292.31305282473545,2.3462852472777063,-0.0002462483874854053,0.0006359578774753316,0.911517663548835,0.41126036030449437
2025/05/20 13:37:26.47879201,1747741046,47470012,piren,-467.51619958646194,-292.2982275155206,2.3411508103060346,0.011008321691667803,0.02564506736699244,0.9111575379902774,0.4111120143425285
2025/05/20 13:37:26.103342913,1747741046,98912312,piren,-467.4749485865079,-292.2559071068334,2.3168238762993667,-0.0018987995743842408,-0.0030227104209888714,0.9111986616533033,0.41195176511712633
2025/05/20 13:37:26.151573143,1747741046,149158644,piren,-467.4846918980528,-292.2591043034866,2.322773814474198,-0.012857311649729796,-0.027230359640607896,0.9107961064209674,0.4117567844970992
2025/05/20 13:37:26.203283058,1747741046,200760675,piren,-467.526309161159,-292.29002474108694,2.3443038309357354,5.8427094600177364e-05,0.0014248270634472956,0.9108868636572948,0.41265371447581917
2025/05/20 13:37:26.252154898,1747741046,250954773,piren,-467.5162366285181,-292.2757165645669,2.339175062591476,0.011004451517415158,0.02561936876515674,0.9105281142411057,0.41250588258522064
2025/05/20 13:37:26.278218440,1747741046,277876495,piren,-467.4759903074033,-292.23539502556144,2.31538788911351,-0.0019277165844275841,-0.0030045714216701868,0.9108834821776821,0.4126482016866213
2025/05/20 13:37:26.329766452,1747741046,329372095,piren,-467.4871463843313,-292.2389415647449,2.321808765875952,-0.013601878141665413,-0.027119664218241277,0.9089976507658458,0.4156955419846148
2025/05/20 13:37:26.381195251,1747741046,379598220,piren,-467.5293790274954,-292.27111719337535,2.343816848559117,0.0005861191514823735,0.0011168576681472324,0.9094018712659241,0.41591663303037674
2025/05/20 13:37:26.431633341,1747741046,431194473,piren,-467.51950774755653,-292.2575836141631,2.338951452571089,0.011172809037486244,0.025210882424657955,0.908786747228776,0.41634868536711256
2025/05/20 13:37:26.481795968,1747741046,481457135,piren,-467.4786072464412,-292.21907685508904,2.3156235207158997,-0.0014793553648078603,-0.0033050431940120015,0.909130350616116,0.4164959709118544
2025/05/20 13:37:26.532655187,1747741046,532283316,piren,-467.489826276768,-292.22293626978643,2.3220864322108197,-0.012627901160334208,-0.027513653208512484,0.9084071224308863,0.41698925036053813
2025/05/20 13:37:26.587940542,1747741046,587438323,piren,-467.5313943288276,-292.2553921828246,2.3439765999377755,0.00047626588768661174,0.0011461010767574596,0.9088229884632133,0.41718009931433686
2025/05/20 13:37:26.639822234,1747741046,638437432,piren,-467.52238692293116,-292.2410846616753,2.3391354774092887,0.011560534867794278,0.025313458006796363,0.9081356713661028,0.4177501469416216
2025/05/20 13:37:26.693431539,1747741046,691454451,piren,-467.480951136149,-292.20262844313123,2.3154977178005827,-0.0015446639318997318,-0.00321578753754543,0.9078552228520943,0.4192686096812225
2025/05/20 13:37:26.743538660,1747741046,742369674,piren,-467.4909199865063,-292.2079227362153,2.3220041179233215,-0.012699546907421226,-0.027321163794541144,0.9074494593635096,0.4190796514006999
2025/05/20 13:37:26.795709456,1747741046,794971475,piren,-467.53309276184547,-292.23970230898357,2.343922952118238,0.0004394570214874369,0.0012343995963025587,0.9089792600198413,0.41683928316432084
2025/05/20 13:37:26.846121037,1747741046,845769545,piren,-467.5243733449781,-292.22470195664937,2.33906185297606,0.011502329606731731,0.02539101306173592,0.9086254056214331,0.41668077124893005
2025/05/20 13:37:26.899241609,1747741046,898826697,piren,-467.4850163047249,-292.18359422844446,2.3155364631559885,-0.001566978284979892,-0.003170097557698214,0.9086504190389727,0.4175427056491689
2025/05/20 13:37:26.951788796,1747741046,950489776,piren,-467.4963426061016,-292.1870207632088,2.322021999837221,-0.012662582025477214,-0.02731457719390821,0.9082455762798701,0.4173530232994759
2025/05/20 13:37:27.2650771,1747741047,2288961,piren,-467.5393062317324,-292.21761859410447,2.3439333293435918,0.0003968888960591776,0.0011900559695234498,0.9083294742821131,0.4182535025512324
2025/05/20 13:37:27.54127321,1747741047,53676616,piren,-467.52972241303644,-292.20362053418154,2.3391316409275875,0.011526657950397562,0.025353572504977693,0.9079758954582011,0.4180958093363378
2025/05/20 13:37:27.106249091,1747741047,105814644,piren,-467.4894690258044,-292.16320117706954,2.3156097929883575,-0.001591571651389397,-0.003201601334906144,0.9079948291811976,0.41896611656407096
2025/05/20 13:37:27.158247084,1747741047,157496449,piren,-467.50021170850044,-292.1670175009297,2.322095097260503,-0.012706643087104997,-0.027307919777811183,0.9075903585170726,0.418775070730956
2025/05/20 13:37:27.210838782,1747741047,210461754,piren,-467.5427377582321,-292.1975421668914,2.3439571604452025,0.00035046449073318514,0.0010739961103781923,0.9076259103356756,0.41977843035860213
2025/05/20 13:37:27.239036361,1747741047,238508830,piren,-467.53229314259835,-292.1843104870143,2.3390206361622057,0.011558254508747924,0.025288046742968143,0.9072737367525356,0.4196204094699484
2025/05/20 13:37:27.292336115,1747741047,291975756,piren,-467.4917744454951,-292.1442763020444,2.3155843401865948,-0.0015832297051594372,-0.0031866554998752922,0.9073315019243842,0.4204008613526704
2025/05/20 13:37:27.344711503,1747741047,344260428,piren,-467.50241607423806,-292.1480574174636,2.322092989460455,-0.012610233117231267,-0.02744568747546363,0.9069223627420615,0.42021368875619086
2025/05/20 13:37:27.398617761,1747741047,398219379,piren,-467.5449117452798,-292.1791035745401,2.3440690011952277,0.0005669845636726314,0.001108493415771407,0.9070094803638881,0.42110836170857663
2025/05/20 13:37:27.451412416,1747741047,451059356,piren,-467.534631405119,-292.1655167721662,2.3392436363097775,0.011724056927080808,0.025217878082361252,0.9066594206087032,0.42094572112765855
2025/05/20 13:37:27.505075059,1747741047,504708901,piren,-467.4938238542196,-292.1256694754034,2.3157460832304486,-0.0014911039127647242,-0.003277203908071144,0.9066579961709269,0.421851057273756
2025/05/20 13:37:27.534090849,1747741047,533022182,piren,-467.50439198088463,-292.12966933236686,2.3222438640298675,-0.012836696934926051,-0.027588322039179693,0.906243895692394,0.4216587544675631
2025/05/20 13:37:27.588257743,1747741047,585589365,piren,-467.54742486683136,-292.16059634038663,2.344303126905302,0.012207987951198252,0.026403037256124293,0.906279495811374,0.4216767958113382
2025/05/20 13:37:27.639719065,1747741047,638738935,piren,-467.50219781924045,-292.1167905909786,2.3184635435464966,-0.0013300652060919678,-0.0026700221022121625,0.9050735346218621,0.42524463410560553
2025/05/20 13:37:27.691636121,1747741047,690380981,piren,-467.50916141907965,-292.12010143512464,2.323836419693173,-0.01302082788437974,-0.027561434843422807,0.9046572868541192,0.42504825454567063
2025/05/20 13:37:27.744830901,1747741047,744487474,piren,-467.5516176143799,-292.1495240108043,2.345489273268203,0.0008992643134290057,0.002163330614965084,0.9047511929930265,0.42593402083191284
2025/05/20 13:37:27.798073785,1747741047,797753649,piren,-467.5380310829234,-292.1351116325222,2.3394561457093075,0.01179494188558644,0.025252482295282423,0.9034680267056846,0.4277484263026323
2025/05/20 13:37:27.852169120,1747741047,851738279,piren,-467.4948459757358,-292.09738984470664,2.315844141431855,-0.00176168968475187,-0.0033326358046341866,0.9038146731039558,0.42790749779600495
2025/05/20 13:37:27.905774016,1747741047,904832016,piren,-467.5049021921904,-292.1021054633963,2.3224262077446283,-0.01208683100790915,-0.02539647695960203,0.9048960341730843,0.4247023602619263
2025/05/20 13:37:27.934114426,1747741047,932485294,piren,-467.54609465353633,-292.12947122636444,2.343135960907915,0.0003971328993584461,0.0012526985677274519,0.9052514858788265,0.4248741229422375
2025/05/20 13:37:27.988217083,1747741047,987869826,piren,-467.5372798372294,-292.1147662304997,2.338486542478921,0.01165077828486927,0.025253073859730715,0.9045873980273418,0.4253800429687733
2025/05/20 13:37:28.41432483,1747741048,41091997,piren,-467.4970191729131,-292.07482445363144,2.3151929282314114,-0.0017219870953320414,-0.003192025184213792,0.9049341964175791,0.4255360688469748
2025/05/20 13:37:28.95849606,1747741048,95479824,piren,-467.50869180979316,-292.07811077648444,2.321885115383785,-0.012984160202182824,-0.027137002597842883,0.9041804937051061,0.42608993120823624
2025/05/20 13:37:28.149635596,1747741048,148461243,piren,-467.55175730952453,-292.1080597037975,2.3438250466427926,0.0003436574435015146,0.001179177325306276,0.9045868487164798,0.42628760780673136
2025/05/20 13:37:28.202856324,1747741048,202372606,piren,-467.5420793964206,-292.09397446487094,2.3391784921617123,0.011800979394271582,0.02549177156851297,0.9038708117988312,0.4268822578249847
2025/05/20 13:37:28.258388425,1747741048,257940117,piren,-467.5002117632982,-292.0544434942381,2.3154568825900625,-0.0019519227548583475,-0.0036452906334816407,0.904222930759858,0.42704073967457656
2025/05/20 13:37:28.310152741,1747741048,308225811,piren,-467.5120273255697,-292.05944808753594,2.3225860013688795,-0.012816331834401897,-0.02666250921898915,0.9034951766689813,0.42757609612365377
2025/05/20 13:37:28.340842873,1747741048,337872787,piren,-467.55365568625507,-292.0886401814788,2.3440028006148643,-0.0001739571139898473,3.8670056593363866e-05,0.9038885023778761,0.4277680954823881
2025/05/20 13:37:28.394356546,1747741048,393607344,piren,-467.5448361954133,-292.076097046175,2.340050351536113,0.007384707800906449,0.016014763531477006,0.9033820826583517,0.4284738103683644
2025/05/20 13:37:28.450642110,1747741048,450085205,piren,-467.5153705782304,-292.0471988770798,2.324200796725473,-0.013265328250740812,-0.02758700677598886,0.9031033442924457,0.42833087403471404
2025/05/20 13:37:28.507083489,1747741048,506329180,piren,-467.5572920020889,-292.0764700504813,2.345584069753216,-0.006328200074918925,-0.012869478200652474,0.9030773452111642,0.4292384407075053
2025/05/20 13:37:28.536544011,1747741048,536001702,piren,-467.5658551559738,-292.0785581962244,2.3508076293132483,0.01222407841210305,0.026194383604264883,0.9027886753489297,0.4291119129507968
2025/05/20 13:37:28.592405458,1747741048,591784963,piren,-467.51587494772247,-292.03288620762527,2.3229412471661055,0.012297375142691755,0.02636021931431461,0.9027835239407426,0.4291105012737814
2025/05/20 13:37:28.649202272,1747741048,648830212,piren,-467.4798755181712,-291.9984376798101,2.3027962333157537,-0.012606640010303847,-0.025842160880408478,0.9011197514164724,0.4326158214349041
2025/05/20 13:37:28.678948119,1747741048,678589113,piren,-467.5290828300168,-292.0366984046233,2.3295776501150303,-0.012745814910179063,-0.026012317631521637,0.901114969339441,0.4326115065114319
2025/05/20 13:37:28.733465837,1747741048,732958945,piren,-467.56542072595835,-292.06015553430336,2.348565345436218,-0.006410290384379082,-0.012813287813155697,0.901089798219297,0.43339578144891044
2025/05/20 13:37:28.788167611,1747741048,787719399,piren,-467.5705606039734,-292.0614192331384,2.3528700085236527,0.010767621843835057,0.02298770000804524,0.9008877008516126,0.4333093287969502
2025/05/20 13:37:28.842672341,1747741048,842363653,piren,-467.5237721979736,-292.0174203143965,2.327218319851268,-0.0009931945171756267,-0.0014628982717025019,0.9008139687016293,0.4342016435774025
2025/05/20 13:37:28.897885299,1747741048,897442723,piren,-467.5238301031402,-292.0145952141482,2.328901982597817,-0.0003308777789961896,-8.767473725507412e-05,0.8998292473438819,0.4362421442932572
2025/05/20 13:37:28.952673714,1747741048,951511163,piren,-467.5211614976005,-292.01068265593494,2.329084334989065,0.008058601311031697,0.017267406485342873,0.8996637110815646,0.4361675166505716
2025/05/20 13:37:28.981359226,1747741048,980941252,piren,-467.4944169980854,-291.9865712219838,2.3151247656768335,-0.011082989151340138,-0.022233106543966215,0.8995544721491844,0.4361016027960435
2025/05/20 13:37:29.37400063,1747741049,35884483,piren,-467.53517503377935,-292.01141023063207,2.335564782222482,-0.00039353747947393447,-0.00011113525813649338,0.9000079482191402,0.4358732911289476
2025/05/20 13:37:29.91515729,1747741049,91055280,piren,-467.53066396796055,-292.00387522684184,2.3340828001810467,-0.01181428311890473,-0.02368362422676103,0.8996960432024705,0.43571382638572576
2025/05/20 13:37:29.146926567,1747741049,146578801,piren,-467.5635824893657,-292.0229357237192,2.350201183215569,5.39374691947618e-05,0.0008766481001164423,0.8997085393786857,0.4364902894085158
2025/05/20 13:37:29.202644632,1747741049,202282385,piren,-467.54961213183924,-292.00801971237604,2.3437446009378133,0.0003272762728262085,0.001434044070066114,0.898623023124586,0.4387191569994136
2025/05/20 13:37:29.259730991,1747741049,257536461,piren,-467.5375924411862,-291.9963306456194,2.3385026476463437,0.00874611437011033,0.018755032718984925,0.8984285156516761,0.43863191458791595
2025/05/20 13:37:29.288331024,1747741049,287901275,piren,-467.5038687778249,-291.96669022340427,2.320455547115239,-0.006110009515014228,-0.011725175309508513,0.898547733399248,0.43867659938816156
2025/05/20 13:37:29.344444373,1747741049,344075693,piren,-467.5264555364799,-291.9764867405523,2.3317885077374885,0.012789499651952639,0.02573375918048426,0.8985806796745802,0.43786637739459183
2025/05/20 13:37:29.402044660,1747741049,399687434,piren,-467.4858810892389,-291.9417147678639,2.309462373653642,-0.004658460517222351,-0.010538810370346674,0.8978816718863365,0.44008605466679435
2025/05/20 13:37:29.430181714,1747741049,429806451,piren,-467.5094050057775,-291.959198461549,2.323314728690213,0.009943219217617033,0.02569053843152131,0.8975740774759925,0.4400021637103732
2025/05/20 13:37:29.486623222,1747741049,486220509,piren,-467.47756630459435,-291.9258328347965,2.3046383476365686,-0.012516880736817221,-0.026889733191756866,0.8975411165835264,0.43993205610354547
2025/05/20 13:37:29.542735613,1747741049,542430252,piren,-467.5294035931383,-291.96101468371563,2.3312260147818584,0.013570442930643406,0.02662175357070489,0.897983677348295,0.4390130300247593
2025/05/20 13:37:29.599468434,1747741049,599116787,piren,-467.4870247007357,-291.9249451371096,2.3085901021032322,-0.002022206662925254,-0.00518458129842616,0.8974169168317327,0.44114839700626773
2025/05/20 13:37:29.629059157,1747741049,627833908,piren,-467.4832206344857,-291.9173899045823,2.306402074434649,0.0002244548292608797,-0.002274581688213975,0.8974285469596514,0.4411539175843986
2025/05/20 13:37:29.685684098,1747741049,683270412,piren,-467.50440560953825,-291.93590092569355,2.32188338517216,-0.014514767714901945,-0.030301146678093114,0.8969191824946711,0.44091625293389475
2025/05/20 13:37:29.740188114,1747741049,739813176,piren,-467.5549069522291,-291.9670750799108,2.3462768947445034,-0.013035883509079424,-0.02713647266808899,0.8971561929406123,0.4406863318286361
2025/05/20 13:37:29.796198335,1747741049,795081253,piren,-467.5850845654775,-291.98560675824916,2.361555742429467,0.001063635913770262,0.0016851437258080418,0.896599476555455,0.44283790218289865
2025/05/20 13:37:29.850747798,1747741049,850320253,piren,-467.56255206800034,-291.96480975367564,2.3513163324894606,0.012315934123351673,0.02461043500722442,0.8962640688636878,0.4426661983022096
2025/05/20 13:37:29.880377615,1747741049,879699748,piren,-467.5124987210541,-291.9222146431209,2.3245259071959463,0.002768582777251816,0.0052689513544889755,0.8965865575746489,0.4428285423021762
2025/05/20 13:37:29.935698974,1747741049,934690738,piren,-467.50676894408804,-291.909388371216,2.321646406095617,0.0014253523157691462,0.002626365698647975,0.8967438613376247,0.4425398487450366
2025/05/20 13:37:29.991873268,1747741049,991392277,piren,-467.5053095772789,-291.9038721966779,2.3218072634011775,0.012202102243181315,0.02441395125660399,0.8954107175176174,0.44440377433081363
2025/05/20 13:37:30.48004106,1747741050,46270139,piren,-467.4714904729268,-291.8752527847975,2.303699741904929,-0.0010157150159815613,-0.0022077322243830313,0.8957407620613933,0.4445701085578137
2025/05/20 13:37:30.103852022,1747741050,103500757,piren,-467.48692582288726,-291.8832728500982,2.3129931706222213,0.0007968853147140049,0.0014738959813690245,0.8973380031233212,0.44134079887891825
2025/05/20 13:37:30.161003584,1747741050,158238955,piren,-467.4943665430763,-291.8813299885669,2.3169241078299656,-0.00022523606764595012,-0.0006134077083653781,0.8973390139320266,0.4413414404689359
2025/05/20 13:37:30.188450841,1747741050,188072184,piren,-467.5030256260637,-291.8809355140139,2.3214895174693297,0.002187017388473836,0.004298094460563045,0.8973288204944776,0.441336301757447
2025/05/20 13:37:30.267933415,1747741050,267466318,piren,-467.501964125611,-291.87343642993636,2.3209147903936533,0.013068430942601716,0.02618043885349991,0.8952479176874378,0.4446065301032399
2025/05/20 13:37:30.306372623,1747741050,305937865,piren,-467.46751330423245,-291.84416959256686,2.3020126164919845,-0.0016826262285277334,-0.0035623937258710157,0.8947157970184457,0.4466185404632958
2025/05/20 13:37:30.340598855,1747741050,340280463,piren,-467.48639903069915,-291.8570297622718,2.3134804935647573,0.0019186575614992987,0.004628297685806324,0.8947107124904835,0.44661800072149416
2025/05/20 13:37:30.403963020,1747741050,402772798,piren,-467.48807758195835,-291.85426815861894,2.315289757254698,0.012997385375974512,0.02679196041779808,0.8958186340630669,0.4434210568925891
2025/05/20 13:37:30.436101907,1747741050,433881310,piren,-467.4581355775514,-291.8240738741832,2.2978141798819034,-0.007432680869576851,-0.016782941693806456,0.896062457560396,0.44354837422091486
2025/05/20 13:37:30.494594708,1747741050,494163914,piren,-467.4997184316952,-291.85112655037324,2.320119396017997,0.014199601819747776,0.027039808923387715,0.8954452055999815,0.44412284765541393
2025/05/20 13:37:30.553417495,1747741050,551162863,piren,-467.4644712835089,-291.81980039473933,2.300872538145967,0.007897478774964493,0.014379567297321974,0.8957378518786953,0.4442798201416326
2025/05/20 13:37:30.611613480,1747741050,611207671,piren,-467.45779199268077,-291.8098162601335,2.298162492291637,0.01229350151461498,0.023321547988056433,0.895174454492015,0.4449355810056939
2025/05/20 13:37:30.643808648,1747741050,642097633,piren,-467.43989844164577,-291.79176131585257,2.288673606053154,0.011911869799552886,0.0227161864253914,0.8951904773049036,0.44494504331971635
2025/05/20 13:37:30.707894665,1747741050,707477934,piren,-467.4279521863954,-291.77739112764385,2.282397751507226,0.000661017481574457,9.732513520114677e-05,0.895068123553131,0.4459289268289108
2025/05/20 13:37:30.747059114,1747741050,745970778,piren,-467.4542596312606,-291.7938612951089,2.297698260531307,-0.0037174520533625553,-0.008562473846803158,0.8950269614131299,0.4459143448415106
2025/05/20 13:37:30.830782480,1747741050,830309881,piren,-467.48386239388464,-291.8063530847271,2.3142477905917067,-0.0018969016888145704,-0.004578907071796838,0.8944478968841652,0.4471447138606302
2025/05/20 13:37:30.891234505,1747741050,890809824,piren,-467.5005567078227,-291.8144036757449,2.32393079127547,-0.0019288635169081002,-0.004644402196229617,0.8944473775019238,0.44714494058828824
2025/05/20 13:37:30.951753010,1747741050,951335348,piren,-467.5125508966936,-291.81823643826505,2.330828850553426,0.00024114030634368082,-0.0001392061592879765,0.8931039683984083,0.4498502240790959
2025/05/20 13:37:31.10803025,1747741051,10396533,piren,-467.51286007459197,-291.8158441299968,2.332237362649327,0.014489794489690943,0.028089032909863632,0.8915080593764177,0.45190090966132057
2025/05/20 13:37:31.41789162,1747741051,41422151,piren,-467.4693123367542,-291.782743743156,2.309088893799567,0.0003656199992133202,0.00023656514554756317,0.8919504306481862,0.45213298887104353
2025/05/20 13:37:31.99048330,1747741051,98656881,piren,-467.4795924818525,-291.78782179375446,2.3160156788347295,-0.013756283991429833,-0.027839919387691967,0.8931233725413739,0.4487386154094124
2025/05/20 13:37:31.129803721,1747741051,129398466,piren,-467.5311975975291,-291.81992524790616,2.3413838317674633,-0.013831463885297015,-0.02795509173755386,0.893119854468279,0.44873614631239017
2025/05/20 13:37:31.186980843,1747741051,186572288,piren,-467.5678593684785,-291.8406569118361,2.359506635618812,0.012082074741121976,0.02371205443716118,0.8932422395464652,0.44878732539403826
2025/05/20 13:37:31.244397529,1747741051,243998692,piren,-467.5155032134261,-291.79542201679504,2.3321252571653237,0.012055295205691137,0.02342319582737611,0.8914166297091634,0.45241840814968215
2025/05/20 13:37:31.303989269,1747741051,302004393,piren,-467.4758017294931,-291.7636984736622,2.3124680443343837,0.00022753597996616744,6.596209486656919e-05,0.8906449574487155,0.4546993552310754
2025/05/20 13:37:31.335343229,1747741051,332892042,piren,-467.4811255783095,-291.76614160088207,2.3179251199321964,-0.012563313301731868,-0.02295997896893172,0.8903500585544951,0.4545236800834868
2025/05/20 13:37:31.391713334,1747741051,391336454,piren,-467.52186392041426,-291.7910061046429,2.3392160353534504,-0.0005764607906740945,0.0005848935335445257,0.8906458260433402,0.45469697397727143
2025/05/20 13:37:31.452679777,1747741051,450226332,piren,-467.5163263475328,-291.77807935615056,2.337026476226682,-0.007687350443799793,-0.01796651678889156,0.8908237748265166,0.4539285308520101
2025/05/20 13:37:31.510477697,1747741051,508914733,piren,-467.53518274613685,-291.7913597926386,2.348551921582992,-0.0021639343863544503,-0.0021872956716935178,0.8898152432841222,0.4563106024900525
2025/05/20 13:37:31.540359567,1747741051,538871791,piren,-467.52658632990597,-291.7808098273401,2.345643747713553,0.008683236665263749,0.019520694368452288,0.8896017617137807,0.45623705400605774
2025/05/20 13:37:31.597807861,1747741051,597365526,piren,-467.48712232163155,-291.74738717225193,2.3255646796702547,0.014422935842564261,0.030360685575409413,0.8910234521801275,0.4527111831599487
2025/05/20 13:37:31.655900530,1747741051,655414000,piren,-467.4436801968336,-291.7075992670637,2.3014091843680777,0.00038353293147782685,0.002797619980600583,0.8915358886071852,0.4529412605960418
2025/05/20 13:37:31.716190941,1747741051,713648244,piren,-467.44993360163284,-291.70070537112485,2.306212322385347,-0.014637618500046263,-0.026830842593959355,0.8904606541795955,0.4540326743400658
2025/05/20 13:37:31.801778796,1747741051,800211074,piren,-467.5437008113949,-291.76227089016646,2.3535700386241345,0.009769479124913705,0.021034295154207523,0.8900668972013831,0.4552395349827342
2025/05/20 13:37:31.831494261,1747741051,830717967,piren,-467.5493177573138,-291.76100633370646,2.3568176561572693,-0.010411640688135444,-0.0189122004435733,0.890115780471835,0.45522282869774794
2025/05/20 13:37:31.891743110,1747741051,891391090,piren,-467.56496819158895,-291.7687147240545,2.3668903933966283,-0.0023043363593531086,-0.0024726092486888015,0.8903136174698826,0.455335303688543
2025/05/20 13:37:31.950786995,1747741051,949573940,piren,-467.5453407864239,-291.74920037424965,2.3583853496319267,-0.001791781712994042,-0.0014397393586345333,0.8903159070021252,0.4553375697302557
2025/05/20 13:37:32.9456741,1747741052,9066947,piren,-467.529201829566,-291.73203896460205,2.351312903849989,0.01219978440362426,0.025900455490434605,0.8895249635487767,0.45598867408022375
2025/05/20 13:37:32.41595611,1747741052,39711032,piren,-467.475401779228,-291.68880361901364,2.3230873870787443,0.012323497196869154,0.026226956163193663,0.88951611149914,0.45598395319430085
2025/05/20 13:37:32.99468943,1747741052,98389369,piren,-467.43646913684324,-291.65600916538057,2.3026247076181217,-0.00706483703873883,-0.011630772504348484,0.8894255652770368,0.4568774201470147
2025/05/20 13:37:32.157498066,1747741052,155937191,piren,-467.4660224134909,-291.6729461659464,2.3190784371218385,-0.013493951094466624,-0.02566812005572914,0.8891296091375552,0.4567358088124503
2025/05/20 13:37:32.188464405,1747741052,187471383,piren,-467.50895764069656,-291.7012942502737,2.3410643341255017,-0.0010478376675201232,0.00043938573346298006,0.8894995268553326,0.4569346788114679
2025/05/20 13:37:32.245693100,1747741052,244940482,piren,-467.5000490275348,-291.68932846276056,2.3377199018406682,0.011164441022352235,0.024150087027619865,0.8873938306193709,0.46024375925361116
2025/05/20 13:37:32.323376635,1747741052,322622223,piren,-467.4556919046453,-291.6505771815624,2.315659773321935,-0.003369281858325283,0.002336010782431707,0.8862299206677207,0.46322750210524966
2025/05/20 13:37:32.382357837,1747741052,380824852,piren,-467.4610299584907,-291.64784084277795,2.3190820745634566,-0.0010121457378371686,0.000577565241132089,0.8862377058469769,0.4632292852513587
2025/05/20 13:37:32.440780091,1747741052,439282118,piren,-467.46491660938443,-291.64579136519484,2.3219739644226727,0.0112752043090566,0.02419909875672887,0.8864440305688338,0.4620652054158932
2025/05/20 13:37:32.498225470,1747741052,497797368,piren,-467.4301329642891,-291.6201535002364,2.3043109332585567,-0.01563068380488959,-0.027432837777062968,0.8853007904238513,0.46394572054303174
2025/05/20 13:37:32.561464465,1747741052,555927691,piren,-467.4847394054238,-291.65750656324474,2.3321587639844097,-0.0001809217077660618,0.002080853997077345,0.8857232844371578,0.4642088977172158
2025/05/20 13:37:32.587381150,1747741052,587075323,piren,-467.4774630558192,-291.6506577344678,2.33049711785867,0.01184351561758901,0.025033855614158315,0.8853719381549277,0.4640577209127033
2025/05/20 13:37:32.649138729,1747741052,644705334,piren,-467.4388631673387,-291.61668349257235,2.309820188098465,-0.0027489836691544944,-0.0029006611728994657,0.8861114536138753,0.4634549827414219
2025/05/20 13:37:32.704160796,1747741052,703511741,piren,-467.4523486506447,-291.62285072915114,2.3183849554199316,-0.014980022776812155,-0.026228939168495145,0.8845479035978554,0.46547035126669545
2025/05/20 13:37:32.760906322,1747741052,760533564,piren,-467.49812522491214,-291.6528779049893,2.3416727135268025,-0.00018099690435864938,0.0018176516523403235,0.8849348147491493,0.46571132370544766
2025/05/20 13:37:32.793350600,1747741052,791981821,piren,-467.4859470281809,-291.6425657772952,2.3373363783662953,0.012014584021859061,0.02523310810551422,0.8863865331448444,0.46210156230592936
2025/05/20 13:37:32.851204110,1747741052,849634357,piren,-467.44301992802934,-291.60575823360494,2.3145753560432545,-0.0025728417328178778,-0.0028597329659725956,0.8867411571691567,0.46225028133586477
2025/05/20 13:37:32.883163515,1747741052,881141355,piren,-467.45518813369364,-291.60790520077455,2.3217723090044804,-0.014737662640797056,-0.026292514060978035,0.8863568778978386,0.462020551498995
2025/05/20 13:37:32.945290272,1747741052,942004546,piren,-467.5006033237328,-291.63372474265174,2.344022101459589,-6.0975639474538106e-05,0.0017928441003836476,0.8849121498655219,0.46575451582607674
2025/05/20 13:37:33.3401421,1747741053,977440,piren,-467.4872225640362,-291.6220225621172,2.3391709536831,0.01228147517073784,0.025129302144422397,0.8834793016253482,0.4676344802738053
2025/05/20 13:37:33.33589946,1747741053,32244944,piren,-467.44023020968206,-291.588581808369,2.3157769898282763,-0.002500328887188973,-0.002858339404697449,0.883832094435934,0.4677888488370512
2025/05/20 13:37:33.92680688,1747741053,92322965,piren,-467.4497216524816,-291.59231669147886,2.3224491257408344,-0.014821935750139521,-0.02621534914205459,0.8834484333266794,0.4675595484455586
2025/05/20 13:37:33.154146076,1747741053,152716715,piren,-467.4953986901913,-291.61693950807756,2.3444060292935487,9.496812135192763e-08,0.0017875628212925332,0.8840726994424914,0.46734598181606013
2025/05/20 13:37:33.213352412,1747741053,212955474,piren,-467.48214640675127,-291.6045540190555,2.339347278278057,0.012379120603563599,0.02510504459707177,0.8826035457201632,0.4692840027009844
2025/05/20 13:37:33.244102116,1747741053,243603776,piren,-467.43520958522413,-291.5708141588705,2.3158024234388184,-0.002476719172225021,-0.00285310570215072,0.8829558988288395,0.4694407378715129
2025/05/20 13:37:33.304119434,1747741053,303708405,piren,-467.4451560688953,-291.5745326831797,2.3224577952038463,-0.01474583891009858,-0.026242437127252178,0.8844079367245661,0.4657429507647493
2025/05/20 13:37:33.364568805,1747741053,362595974,piren,-467.49081629505974,-291.5988313311957,2.3442735855076453,-9.070196543163851e-05,0.001898657902200784,0.8847950964283477,0.4659764202271127
2025/05/20 13:37:33.395255897,1747741053,394763741,piren,-467.4792600587653,-291.5840405284663,2.3391622059700037,0.011581445823800466,0.02537642339245445,0.8844330471987557,0.4658326869930458
2025/05/20 13:37:33.455144403,1747741053,454020137,piren,-467.4354403162713,-291.5464845981783,2.3157092968110025,-0.0024381584506890947,-0.003298750354517101,0.8830135522527525,0.46932956455719205
2025/05/20 13:37:33.516175090,1747741053,514130740,piren,-467.44545664854536,-291.5514969905444,2.3226092845391744,-0.014385737722738061,-0.02568301288124907,0.8816730770816276,0.4709416296622425
2025/05/20 13:37:33.545387676,1747741053,545035524,piren,-467.48806035198027,-291.5795013019195,2.344084594500989,3.2427214659996504e-05,0.001385040242957373,0.8820460049047232,0.47116125248540774
2025/05/20 13:37:33.604720296,1747741053,604307517,piren,-467.47494888091575,-291.56831799841706,2.339253937062066,-0.0012340875721986026,-0.0009830404421180031,0.8836570153084617,0.4681322355440762
2025/05/20 13:37:33.635999276,1747741053,635631006,piren,-467.4704553055234,-291.5591657829916,2.3375948477272397,-0.012484237941510098,-0.022181340784429824,0.883378098237087,0.4679693018554231
2025/05/20 13:37:33.694716616,1747741053,694371515,piren,-467.50079031781274,-291.5738807585608,2.3520802006493144,-0.001116405723885267,-0.0006687034969455145,0.8832749648210634,0.4688535410917169
2025/05/20 13:37:33.754011274,1747741053,753602018,piren,-467.4878586445491,-291.5600160484531,2.34637491794472,-0.0011241547664197565,-0.000631536241127688,0.883274943928497,0.46885361347242255
2025/05/20 13:37:33.787230893,1747741053,786097177,piren,-467.47822491165545,-291.54841057161923,2.342105136149979,-0.0011325194488360194,-0.0006504364086564448,0.8832748993040797,0.4688536515710892
2025/05/20 13:37:33.847196411,1747741053,846501922,piren,-467.4711025713162,-291.53857378513567,2.338998240827411,-0.0011335687070312141,-0.0006251985828502529,0.8815153215830581,0.472153642327406
2025/05/20 13:37:33.908483933,1747741053,908036844,piren,-467.46446246345585,-291.53215851834875,2.3367177282339284,-0.001374442721770796,-0.0010794757213146247,0.8804688598823625,0.474100761881717
2025/05/20 13:37:33.939864720,1747741053,939513981,piren,-467.45942462263827,-291.52770205507363,2.3354297405678506,0.0125894541048706,0.02488873160604084,0.8801178127698266,0.4739353250493578
2025/05/20 13:37:34.967942,1747741054,566307,piren,-467.41494646391453,-291.4962000158711,2.3125265719598245,0.01165505991444198,0.02329138077318543,0.8818269112930158,0.4708534481975138
2025/05/20 13:37:34.61172055,1747741054,60819351,piren,-467.3871902896721,-291.47152588666853,2.297677258214566,-0.0006346678532257269,0.00022402236500145608,0.8821344340920264,0.47099722631862334
2025/05/20 13:37:34.92989806,1747741054,92616989,piren,-467.4034572657875,-291.4764897569728,2.306663236770516,-0.0012740587995219268,-0.0009949186785984424,0.8821339362081687,0.47099586569404306
2025/05/20 13:37:34.153769429,1747741054,153422368,piren,-467.4175609693824,-291.48052404850705,2.3144403104018982,0.012440845249478208,0.024442209257441297,0.880033363383455,0.47411927097313605
2025/05/20 13:37:34.216015014,1747741054,213722244,piren,-467.384307120287,-291.4525227126929,2.297930731314564,-0.014809169302252569,-0.02613053189673948,0.878670840893189,0.476482357670698
2025/05/20 13:37:34.325715555,1747741054,324471044,piren,-467.4429640840703,-291.48613803893136,2.327802587060283,0.0121352322504068,0.025034179215796922,0.8799230641123927,0.4743009880363714
2025/05/20 13:37:34.387206151,1747741054,386824780,piren,-467.37657031868906,-291.43545597421,2.293916297558394,-0.0026260374992580675,-0.002699869534273,0.8802752348449364,0.4744484435112445
2025/05/20 13:37:34.448151980,1747741054,447734492,piren,-467.4009981221521,-291.4454888053258,2.307504290772745,-0.014414870998665355,-0.02651707199068973,0.8788598304778433,0.47612441100996783
2025/05/20 13:37:34.509959186,1747741054,509639351,piren,-467.45408318851736,-291.4793205598113,2.3344579624098003,0.0005144217358713101,0.0011461780958174845,0.8781415662531041,0.4783992174581763
2025/05/20 13:37:34.541957427,1747741054,541523819,piren,-467.44655613680305,-291.47427460196957,2.333293127159053,0.013211646906002922,0.02447285884159366,0.8778013162826519,0.47821687621684184
2025/05/20 13:37:34.604672875,1747741054,604248804,piren,-467.4038009809992,-291.44509227699666,2.3123591103590213,-0.0017940526879688988,-0.0031183150378098546,0.8798650489598089,0.4752100094750015
2025/05/20 13:37:34.637452284,1747741054,636257544,piren,-467.41821063048695,-291.4487691917177,2.3206614115748,-0.014558667102115607,-0.02667786190437681,0.8794651401704006,0.47499200427110194
2025/05/20 13:37:34.698154949,1747741054,697814912,piren,-467.46667986791743,-291.4749166807266,2.343906970841096,0.0007133472310821163,0.0017181475491185284,0.8794917145898326,0.47591056205190907
2025/05/20 13:37:34.759807689,1747741054,758642532,piren,-467.45521405727027,-291.4623548300348,2.3394198426037436,0.01206469929432247,0.02282006056595655,0.8791985265005883,0.4757558605691556
2025/05/20 13:37:34.792509714,1747741054,792199824,piren,-467.4129394351225,-291.4301279737386,2.3177866209044247,-0.00186216541100302,-0.0029349691373425526,0.8791295199704355,0.4765702523371519
2025/05/20 13:37:34.853816844,1747741054,852806874,piren,-467.4233269563839,-291.43227681463543,2.324171009759455,-0.01482894711406081,-0.026737799024895335,0.8787261294796398,0.4763460735647184
2025/05/20 13:37:34.886928469,1747741054,885708358,piren,-467.4694216436744,-291.45748920778414,2.3462354267939602,0.0002188577345271615,0.0011202074454706485,0.8791321533000527,0.476576703449281
2025/05/20 13:37:34.949173961,1747741054,946907847,piren,-467.45710650568134,-291.4446605791713,2.3412982775458797,0.012826746821270463,0.024251087532645068,0.877024035050497,0.4796625910608536
2025/05/20 13:37:35.9241581,1747741055,8271657,piren,-467.4098497135307,-291.4124382019825,2.3178822156514403,-0.002006630270865917,-0.0029092987803304546,0.8763081258043564,0.48173808035572524
2025/05/20 13:37:35.41912458,1747741055,40507795,piren,-467.41812914364687,-291.4166956037395,2.3239917719518814,-0.015033178696956544,-0.026581385330722303,0.8759089315858184,0.4815090622826899
2025/05/20 13:37:35.102812869,1747741055,102402829,piren,-467.4628430268333,-291.44296217378064,2.3458356216831824,-0.0011289542460654885,-0.0012667383565950763,0.8779788778278474,0.47869636610736876
2025/05/20 13:37:35.136006830,1747741055,134149787,piren,-467.45444928763663,-291.4317868398947,2.342716331851042,0.012559967348578418,0.020078670682289045,0.8777501075598944,0.4785330112776221
2025/05/20 13:37:35.196480452,1747741055,196132934,piren,-467.41100509016604,-291.40186161547706,2.321648561898177,-0.0012643403847327228,-0.0004976720285386471,0.8775667264823279,0.4794525986341451
2025/05/20 13:37:35.257784652,1747741055,257356986,piren,-467.4156832781878,-291.3982131177857,2.324745796944966,0.013066260657041742,0.025751787939814693,0.8771884693954838,0.47927706747762683
2025/05/20 13:37:35.291546669,1747741055,290226359,piren,-467.37730043756994,-291.3676636108136,2.304683554154988,-1.412950551712316e-05,0.0017651644381720024,0.8775645697764345,0.47945522196339135
2025/05/20 13:37:35.353541969,1747741055,352514956,piren,-467.387718248712,-291.36883215014683,2.310980986068051,-0.001556419351387359,-0.0012035729870362654,0.8757262296780349,0.48280399710934596
2025/05/20 13:37:35.386867850,1747741055,385130220,piren,-467.3990689392111,-291.37460207127464,2.3182476909781284,-0.00283358136697906,-0.0035996718982186423,0.8757199165721743,0.4827977225481557
2025/05/20 13:37:35.447886933,1747741055,447399777,piren,-467.4112061178197,-291.37707898299766,2.3251598972400793,-0.0016655116983144084,-0.0016045196922794649,0.875302416789098,0.48357039896017634
2025/05/20 13:37:35.510665260,1747741055,509574529,piren,-467.4149014389167,-291.3775862916552,2.328538537937676,0.012901172135923806,0.02460213060426662,0.8738416243574787,0.4854164299521937
2025/05/20 13:37:35.543030211,1747741055,542642845,piren,-467.37403439409826,-291.3514138151851,2.308617604799643,-0.0007708014341946578,-0.00019044668166447819,0.8741879369441635,0.48558708847797616
2025/05/20 13:37:35.606551021,1747741055,604771333,piren,-467.384294589298,-291.35609533759316,2.3155469784829683,-0.014594378228331588,-0.025363659302786855,0.875583289036841,0.4821800419659948
2025/05/20 13:37:35.638172456,1747741055,637802766,piren,-467.4340671821401,-291.38192903668204,2.3393221147253316,-0.014662258130490565,-0.025581298826331422,0.87557896255143,0.4821743415759845
2025/05/20 13:37:35.703333776,1747741055,699839213,piren,-467.4695860275053,-291.3991442510763,2.3564257364190975,-0.009357523359214748,-0.015873248232457636,0.8754046672155762,0.4830394863407328
2025/05/20 13:37:35.764045831,1747741055,763686813,piren,-467.4782443604627,-291.3999479740086,2.3617097382346617,-0.0010940884736671838,-0.0009255375067676715,0.8755481341004708,0.48312877292076023
2025/05/20 13:37:35.798709728,1747741055,798361558,piren,-467.4589144272449,-291.38327600756196,2.353664651991261,0.003282256503313357,0.007025079718455993,0.8751075237770155,0.48386640395470315
2025/05/20 13:37:35.860488482,1747741055,860214114,piren,-467.4312419642248,-291.3619667937721,2.341220326507117,-0.006683041300235378,-0.010977470282366541,0.8750668977637832,0.4838313306755236
2025/05/20 13:37:35.894588105,1747741055,893611429,piren,-467.4402638490979,-291.3634743583658,2.3464387574297443,0.0033939260804385627,0.007288175675395526,0.8751055152160198,0.48386537487155434
2025/05/20 13:37:35.959473371,1747741055,956598383,piren,-467.4166874165869,-291.3444419246145,2.3356303974151325,-0.0019511637999178422,-0.002272783477869207,0.8733305167783801,0.4871189134889923
2025/05/20 13:37:35.990920050,1747741055,990597552,piren,-467.41382241367154,-291.3411558296488,2.33561600951885,-0.0005150752954432949,0.00035626578439910657,0.8733333944982703,0.48712256140139876
2025/05/20 13:37:36.53548055,1747741056,53206261,piren,-467.40842776986824,-291.3331247752604,2.3335218886331117,0.007277535193133353,0.014393373711625246,0.8727712785500812,0.4878628532823205
2025/05/20 13:37:36.87577610,1747741056,87275413,piren,-467.3807380826706,-291.3147973080805,2.320370165533724,0.010821181151878408,0.020759536891247807,0.8726442271851104,0.4877950352628045
2025/05/20 13:37:36.150246889,1747741056,149659609,piren,-467.3515375198456,-291.29145072716386,2.3053848177441787,-0.0022234217546264036,-0.002249769021361196,0.8725881723990833,0.48844639043018784
2025/05/20 13:37:36.185454132,1747741056,184319243,piren,-467.3671765829672,-291.2986482260051,2.3143159753828866,0.013705042374763124,0.025304218360273054,0.8722262293760226,0.4882553360027598
2025/05/20 13:37:36.247658423,1747741056,246517316,piren,-467.3343069706425,-291.2739212795873,2.2971890894606735,-0.0029749900158280167,-0.0027874585033757534,0.8720106569280738,0.48946991093770714
2025/05/20 13:37:36.309586393,1747741056,309202592,piren,-467.3565598606139,-291.2847640784958,2.309446277819426,-0.011456924461408382,-0.017881805780295124,0.8706883605133182,0.4913763921583447
2025/05/20 13:37:36.342897158,1747741056,342526827,piren,-467.39691451094654,-291.3077894761072,2.3298093973909753,-0.0014113366750837628,-7.226632526356866e-05,0.8708719400239221,0.4915079521079372
2025/05/20 13:37:36.425179880,1747741056,424849407,piren,-467.39589973694564,-291.301201082844,2.3313006991655416,-0.015814515544963822,-0.025948095470147127,0.8719390427891531,0.48867054658479836
2025/05/20 13:37:36.488576542,1747741056,488254401,piren,-467.43859316850774,-291.3219194070819,2.351033339599865,0.012556740514760668,0.02473481141446914,0.871973555119589,0.4887664437582031
2025/05/20 13:37:36.552214913,1747741056,551137655,piren,-467.3856716526195,-291.283905404734,2.324577379745293,-0.015614114214402574,-0.025586771268819565,0.870432773077733,0.49137389442820867
2025/05/20 13:37:36.615126044,1747741056,613803712,piren,-467.42848247248804,-291.3076537398267,2.3457497502393854,0.013626046414295658,0.026117642805867355,0.8692837863437402,0.49343479649622557
2025/05/20 13:37:36.646780557,1747741056,646440893,piren,-467.37243539592527,-291.2732441253271,2.3192553300125343,0.0001213442579652877,0.002112932330514245,0.8696734311977097,0.4936229774446691
2025/05/20 13:37:36.710882251,1747741056,709541513,piren,-467.37092133614277,-291.27057897612343,2.321005246423965,-0.015619694113910558,-0.025895489967210795,0.8710301824896637,0.49029773602084803
2025/05/20 13:37:36.742748490,1747741056,742297626,piren,-467.41750737061636,-291.29334796243324,2.3433409617566454,-0.002128725473017778,-0.0020076106528146157,0.8714129092205029,0.49054151676610097
2025/05/20 13:37:36.806208327,1747741056,805649947,piren,-467.4105947856724,-291.2840278134354,2.3415848167101845,-0.0036216281267116863,-0.004705086553214508,0.8709194626101135,0.4913899018265942
2025/05/20 13:37:36.839364272,1747741056,838816017,piren,-467.40895599094694,-291.2794729434837,2.3421545003551656,0.011552273231025855,0.02215692095274431,0.8706493173659838,0.49126915434132024
2025/05/20 13:37:36.903030534,1747741056,902269672,piren,-467.36351760080396,-291.2478139558559,2.3200113763166614,0.0038049724517584134,0.008389294132341447,0.8705352811484325,0.4920197823303673
2025/05/20 13:37:36.937761380,1747741056,936300800,piren,-467.3527806012433,-291.2376433224121,2.316149517369836,0.0007002252640323622,0.002820304034821379,0.8705710818034503,0.4920340913974366
2025/05/20 13:37:37.1175579,1747741056,998796468,piren,-467.3542354226144,-291.2347711454591,2.3181234957661436,-0.015578521463883227,-0.026004245879353637,0.8697736205580878,0.4925189720675957
2025/05/20 13:37:37.34006763,1747741057,32447300,piren,-467.40303121901627,-291.2608346885276,2.3413192383500694,-0.013775420003816416,-0.022800041290374464,0.8698634267156787,0.49257285225977776
2025/05/20 13:37:37.97796399,1747741057,96662341,piren,-467.4324280754214,-291.27488107568666,2.3557345954384834,-0.01375538202265884,-0.022652002665306606,0.869444758114542,0.4933188510768743
2025/05/20 13:37:37.160002902,1747741057,159644078,piren,-467.4525253519388,-291.28371874387904,2.3657846643082454,-0.015209959976323035,-0.02488333030636135,0.8693829274572233,0.493277611934995
2025/05/20 13:37:37.194113174,1747741057,193723307,piren,-467.4702065084303,-291.29046269368064,2.3742890545938953,-0.002691493222607333,-0.0037423428166291754,0.8697309202029633,0.4935046881007134
2025/05/20 13:37:37.259519423,1747741057,257226671,piren,-467.4458571720111,-291.2730198670261,2.364290650842403,-0.0011949831080042437,0.0008598925817480511,0.8677684461133425,0.4969665547400093
2025/05/20 13:37:37.291449369,1747741057,291103873,piren,-467.42032605438555,-291.25571241621657,2.3535663446464934,0.01438742913307651,0.028084735007570277,0.8673155230263023,0.49675751937953294
2025/05/20 13:37:37.355574526,1747741057,354378876,piren,-467.3580415973428,-291.2135394143889,2.322054648998935,-0.0010761335141045072,0.0010125518603878335,0.8673527366781777,0.49769171868965795
2025/05/20 13:37:37.419315887,1747741057,418978417,piren,-467.35255156114846,-291.204882101389,2.3216320759509155,-0.015833743036063684,-0.0246789347502752,0.8655825693407697,0.499907049774747
2025/05/20 13:37:37.484056565,1747741057,483268949,piren,-467.39541978440684,-291.2291146797159,2.3424787583730304,-0.004920986799301834,-0.005775283859393765,0.8659149974084276,0.5001336293916133
2025/05/20 13:37:37.547768409,1747741057,547419826,piren,-467.3954554215716,-291.2238197024519,2.343483439558613,0.012877413786620962,0.025047991885703242,0.8660875180252343,0.4990983684981863
2025/05/20 13:37:37.611435839,1747741057,611040621,piren,-467.3426362036308,-291.191326245159,2.3179413008936502,0.01404989298439488,0.026880079688807634,0.8648428365426808,0.5011256627871501
2025/05/20 13:37:37.646773426,1747741057,646271588,piren,-467.30066608338785,-291.1666246466613,2.297974274051147,-0.000541720964248641,0.0015613440037236105,0.8652590877401498,0.5013222315301633
2025/05/20 13:37:37.710593482,1747741057,710257250,piren,-467.31298231053654,-291.17201908646314,2.3060116538381474,-0.00032294803658224075,0.001947602232465818,0.8671471613085364,0.4980480932446756
2025/05/20 13:37:37.744426417,1747741057,744028027,piren,-467.32276560808583,-291.17201460070527,2.3116764659988567,-0.015857555036845935,-0.02526789625183325,0.8667819416880802,0.4977942716933389
2025/05/20 13:37:37.810447378,1747741057,810025274,piren,-467.3759256221476,-291.1977574872282,2.336437036045669,-0.0027196849202486438,-0.0023600192215309356,0.8667124772885625,0.49879506346347463
2025/05/20 13:37:37.843858481,1747741057,843468853,piren,-467.37479916903385,-291.19278225769546,2.337155942552382,-0.002878896678380852,-0.0027223966941579947,0.8667115423272734,0.4987939483462424
2025/05/20 13:37:37.910124919,1747741057,909713031,piren,-467.37416012589233,-291.188231108865,2.3378503878336296,0.012931904355662193,0.02466761026142155,0.865933020546726,0.4993838992003547
2025/05/20 13:37:37.943860128,1747741057,943471156,piren,-467.32760562688003,-291.1578254818442,2.314823398825726,-0.0002260703924622093,0.0017368915860099376,0.8662825662291777,0.4995512461671842
2025/05/20 13:37:38.8668536,1747741058,8301084,piren,-467.3320960169978,-291.1568096713813,2.318216718184719,-9.243062160470577e-05,0.0019837048692171334,0.8658488265971727,0.5003017747838513
2025/05/20 13:37:38.43005994,1747741058,42710793,piren,-467.3346197565556,-291.15508468359195,2.3205340806160737,-0.015763290082657793,-0.025235047071808372,0.8654835717687785,0.5000528952855001
2025/05/20 13:37:38.108051672,1747741058,106917400,piren,-467.38298518525346,-291.17994848450434,2.342925499315417,-0.0025904183074391585,-0.0023785472085251693,0.8654204758877982,0.5010339630806542
2025/05/20 13:37:38.143412315,1747741058,142219232,piren,-467.3778546593319,-291.1738399410503,2.341763694595117,-0.001314891155131617,-0.0034585647001785843,0.8654169807240173,0.501038680009828
2025/05/20 13:37:38.207324862,1747741058,206149286,piren,-467.3729066792561,-291.1707326612359,2.341013345894717,0.014644138852820095,0.02393861125975522,0.8646433674612234,0.5016017735151358
2025/05/20 13:37:38.243289617,1747741058,241027436,piren,-467.3230821870519,-291.1416083907961,2.316842325351147,-0.0020906083892643164,0.002243162621562861,0.8649694665802273,0.5018151247839516
2025/05/20 13:37:38.307042561,1747741058,305960937,piren,-467.3293485340413,-291.13657437889555,2.319884461370564,-0.002339422391361646,0.0024760687379548293,0.8645580977811165,0.5025213346193148
2025/05/20 13:37:38.342076225,1747741058,340650000,piren,-467.33388758479157,-291.13178497643287,2.322125007566898,-0.015207967780269033,-0.02533280940184993,0.8641932486210729,0.502291743433595
2025/05/20 13:37:38.407710612,1747741058,407128660,piren,-467.3797553181642,-291.1567925670868,2.3437404447360803,-0.001712193207595988,-0.003044420925816242,0.8641881564566342,0.5031566655980327
2025/05/20 13:37:38.441915750,1747741058,441557239,piren,-467.3734926015394,-291.1528280387335,2.342418190551128,-0.0019298645235487012,-0.0033043221512471495,0.8641870363879239,0.5031561618594158
2025/05/20 13:37:38.509258168,1747741058,508661765,piren,-467.36887795993425,-291.1491790133875,2.3413335625438223,0.013975188993283002,0.024045911534193186,0.8634763199148036,0.5036220141906822
2025/05/20 13:37:38.544150089,1747741058,542930385,piren,-467.3197081732002,-291.1194441450502,2.317214208461978,0.0006165456407350406,0.0012490610097337135,0.8638102557354763,0.5038153449472117
2025/05/20 13:37:38.599004056,1747741058,598631871,piren,-467.32268841491793,-291.11846701789676,2.3197945136822575,0.0007193258882393759,0.0015220299150791896,0.8633874123298967,0.504538742046128
2025/05/20 13:37:38.636947885,1747741058,634235579,piren,-467.3242957633938,-291.11676374845223,2.3215229052151556,-0.015162614988751802,-0.02557608740128413,0.8630076742421968,0.5043150930311515
2025/05/20 13:37:38.702369559,1747741058,701931638,piren,-467.372105929821,-291.1405551298814,2.343412096705812,-0.0019067525359846105,-0.0027807321298823733,0.8629740718437213,0.5052369574259747
2025/05/20 13:37:38.737562756,1747741058,735937563,piren,-467.3669380174787,-291.1346768721076,2.3420238743085497,-0.0021611496319735198,-0.003108476604745857,0.862972712118204,0.5052363456292681
2025/05/20 13:37:38.803837940,1747741058,803146363,piren,-467.3635282965095,-291.1293770394001,2.3411729261459993,0.0138177696250371,0.024163337514421544,0.8622304802281318,0.505750730427865
2025/05/20 13:37:38.837632297,1747741058,837236589,piren,-467.31473608444253,-291.09906192039216,2.317035873038359,0.0004403825256971976,0.0013614341056790605,0.8625679679245186,0.5059391794188051
2025/05/20 13:37:38.904573579,1747741058,904180860,piren,-467.317972617421,-291.0974969688281,2.3196260641969,0.000565119154085767,0.0016119793584663952,0.8621500488662777,0.5066501508958274
2025/05/20 13:37:38.941810511,1747741058,939736275,piren,-467.3196133295897,-291.0953504871693,2.3213736426645633,-0.015316698164825041,-0.025484759071979286,0.8617747733370652,0.5064189627691887
2025/05/20 13:37:39.6792551,1747741059,6490270,piren,-467.3673339219408,-291.1186100198535,2.343276648189881,-0.0019777050703709176,-0.0027288500385932724,0.8617279216677,0.5073594692901552
2025/05/20 13:37:39.43050408,1747741059,41702021,piren,-467.36175588644704,-291.11249987001815,2.3418984380906083,-0.0021618770565135703,-0.0030933491282237194,0.8617268118787047,0.5073585114769702
2025/05/20 13:37:39.109354215,1747741059,108988782,piren,-467.3577903357685,-291.1070475596572,2.34105778030112,0.013903894335322527,0.024132413259637095,0.8609706545987745,0.5078915634978948
2025/05/20 13:37:39.145239154,1747741059,143877446,piren,-467.3082638413417,-291.07680016219985,2.3169255711593015,0.0007579143558859267,0.001124919247603669,0.8613080120558688,0.5080813601096609
2025/05/20 13:37:39.211551950,1747741059,211101283,piren,-467.31069535562517,-291.07559890580137,2.3195582362683616,0.0008893833281673885,0.001396963510371516,0.8608779983638046,0.508808735600496
2025/05/20 13:37:39.246676914,1747741059,246285587,piren,-467.31160719734504,-291.0736228480694,2.3213294298736846,-0.015018664949126737,-0.025675180351351513,0.8604977942834516,0.5085850674669735
2025/05/20 13:37:39.313483676,1747741059,313106189,piren,-467.35877850439425,-291.0967481984369,2.3432451709612425,-0.0016375811789832596,-0.0029427952582156097,0.8604434255110786,0.5095348562941613
2025/05/20 13:37:39.348742036,1747741059,348329372,piren,-467.35268020776886,-291.0907117142401,2.3418806604373286,-0.00184227864405808,-0.0032973303691699375,0.8604423105857683,0.50953386911535
2025/05/20 13:37:39.415764645,1747741059,414246691,piren,-467.34834295776335,-291.08525899581554,2.3410515774651475,0.014268946206185905,0.023898283545197622,0.8596760993330477,0.5100806538708114
2025/05/20 13:37:39.450257988,1747741059,448596132,piren,-467.29846724727344,-291.0552066183264,2.3169342609850028,0.0006901173875219742,0.0009834920794955361,0.8600076143375357,0.5102797857673587
2025/05/20 13:37:39.515211008,1747741059,514747566,piren,-467.2984128880049,-291.0490257232455,2.31876610475959,-0.015180386043101832,-0.025612728035851663,0.8588950320670417,0.5112855053027608
2025/05/20 13:37:39.582136642,1747741059,581774054,piren,-467.34691374004626,-291.07245007660146,2.3414459468152162,-0.0017306078906638642,-0.002909061228149346,0.859271908868776,0.5115078972881155
2025/05/20 13:37:39.649667478,1747741059,649253710,piren,-467.3421627033395,-291.06608505503647,2.340676878932155,-0.0019796519289078354,-0.0032283098716377138,0.8573969579399513,0.5146417351021294
2025/05/20 13:37:39.685779068,1747741059,684484273,piren,-467.3375203614365,-291.06290451274083,2.340235998119155,0.014269619498568952,0.02389113133782989,0.857070665014935,0.5144467581525048
2025/05/20 13:37:39.751996869,1747741059,751575981,piren,-467.28871181737105,-291.0322675453111,2.316393004797839,0.0006557682242425031,0.0012350839859330163,0.8570945389772686,0.5151572534585213
2025/05/20 13:37:39.786994408,1747741059,786696759,piren,-467.29089470497615,-291.03224936102447,2.3191945860392282,0.0007567826827929412,0.001489604666848449,0.8570941816423233,0.5151570364003425
2025/05/20 13:37:39.854296677,1747741059,853306000,piren,-467.2930082064946,-291.02883144835454,2.3210942019437493,-0.015458124909628543,-0.025410445307280434,0.8561971785305053,0.5157923488381407
2025/05/20 13:37:39.889937547,1747741059,888747509,piren,-467.34037862630765,-291.05257738936984,2.3431156786609217,-0.0018950482834529361,-0.002796270114087131,0.8565694897359812,0.5160206380745767
2025/05/20 13:37:39.956920149,1747741059,955597382,piren,-467.3353797288511,-291.0453343620367,2.3418219889049583,-0.0021403967877366243,-0.0031289188686193688,0.8561697366323274,0.5166807627957866
2025/05/20 13:37:39.991459781,1747741059,991136276,piren,-467.3307127669111,-291.04127668275004,2.341068305236229,0.014184309563611488,0.023946674792077505,0.8558412151528257,0.5164892802124174
2025/05/20 13:37:40.59451824,1747741060,57868444,piren,-467.2815521008328,-291.0104817070395,2.3169700413281253,0.0005261019070383744,0.001307782299990355,0.8556266572268308,0.5175915729270315
2025/05/20 13:37:40.94127515,1747741060,93792863,piren,-467.28339331932705,-291.01017737599483,2.3195597956328844,0.0006439713142006669,0.0015538038678176303,0.8545467891980779,0.5193716935545706
2025/05/20 13:37:40.162217596,1747741060,160711239,piren,-467.28416531238616,-291.01047585617425,2.321507623572351,-0.015691746104806857,-0.025239865760129068,0.8541752416053074,0.5191352183286236
2025/05/20 13:37:40.197440565,1747741060,197054958,piren,-467.3312254416246,-291.03308995876773,2.3433152764925733,-0.00217413420446801,-0.0025893805168077685,0.8563529181526562,0.516379945215178
2025/05/20 13:37:40.266046722,1747741060,265659886,piren,-467.326935564746,-291.0222433406592,2.3429508789027875,0.01396927045810341,0.02412127735568809,0.8560154012220417,0.5161982723065484
2025/05/20 13:37:40.338738159,1747741060,333800789,piren,-467.27586323333344,-290.9900529351133,2.3182314469124847,0.0003685234536793465,0.001444260486460829,0.8542105127874711,0.519925165908977
2025/05/20 13:37:40.403913368,1747741060,402741131,piren,-467.2763612346552,-290.988651877266,2.32040631997087,0.0005011430003461064,0.0016823211051665303,0.8529168344428211,0.5220438603943441
2025/05/20 13:37:40.439393374,1747741060,437484982,piren,-467.2752277905493,-290.98755622157,2.3218437158627787,-0.01583688146642635,-0.025144701489904664,0.852549315471211,0.521801304963845
2025/05/20 13:37:40.507065638,1747741060,506751730,piren,-467.32152779658225,-291.009698584309,2.343505493845201,-0.002080726476147571,-0.0026387598148659643,0.8549216345705674,0.5187462831357545
2025/05/20 13:37:40.542074268,1747741060,541651027,piren,-467.3157230920608,-291.00153417001053,2.3420051018490846,-0.0022709949759022936,-0.003004392574998037,0.8549206173495716,0.5187451727367709
2025/05/20 13:37:40.610305416,1747741060,609965499,piren,-467.3113930176754,-290.9948180563773,2.3409491972980736,0.014064666582238976,0.023869641611005517,0.8541269526374562,0.5193260768934538
2025/05/20 13:37:40.645809278,1747741060,645414173,piren,-467.26119782720065,-290.96476630443414,2.3169404404834015,0.0004124851446699814,0.001339609287126994,0.8544593275485262,0.5195164028866497
2025/05/20 13:37:40.714663474,1747741060,713585115,piren,-467.26369294696855,-290.96209970045413,2.3195527155321964,0.0005484203516549646,0.0016200086465596659,0.853963745228841,0.5203296999420985
2025/05/20 13:37:40.749421777,1747741060,749041218,piren,-467.26453546197854,-290.9591596697257,2.321297056928106,-0.01575829173775029,-0.025206313750552024,0.8535937731516002,0.5200903656341186
2025/05/20 13:37:40.786386128,1747741060,784920062,piren,-467.3123616533076,-290.98033409996634,2.3431975516365555,-0.002071801668930577,-0.002656445528866385,0.8539617457199469,0.5203248867601258
2025/05/20 13:37:40.875057485,1747741060,874510692,piren,-467.3071087564373,-290.9704770202451,2.3428278960284796,0.014338480281445876,0.023900026081147892,0.8492959947153053,0.5271807186317413
2025/05/20 13:37:40.943682777,1747741060,943273828,piren,-467.2546641308892,-290.94134450513945,2.3181465170356743,0.00038747427959660304,0.001439630740887276,0.8510039394744345,0.5251571882074982
2025/05/20 13:37:41.13637829,1747741061,13182096,piren,-467.25468444379624,-290.9412166904949,2.320312514431813,0.0004960286241497533,0.0016863042833798916,0.8502829573473142,0.5263229073279763
2025/05/20 13:37:41.51398877,1747741061,49292323,piren,-467.25384221756383,-290.94049988103274,2.32178398153835,-0.016034707257822144,-0.025021044276795915,0.8499154172004006,0.5260804302685319
2025/05/20 13:37:41.121001903,1747741061,118061656,piren,-467.30083763436704,-290.96243360464143,2.3434762712325417,-0.00218606517410171,-0.00258153841687895,0.852012703166766,0.5235101817738765
2025/05/20 13:37:41.154963487,1747741061,153643076,piren,-467.29521257999795,-290.954774805481,2.3419870386309523,-0.0016003690496934838,-0.0031659854111139936,0.852010592791512,0.5235125262363239
2025/05/20 13:37:41.193158306,1747741061,192813462,piren,-467.29034616528963,-290.94926944970274,2.3409097483747416,0.015241711519406405,0.023636294712227345,0.8516903915714168,0.5232900655536687
2025/05/20 13:37:41.265581968,1747741061,264157824,piren,-467.238973526447,-290.9177299307096,2.317056108967807,-0.0017018885857049315,0.0021646388591439643,0.8480475972585036,0.5299129085971864
2025/05/20 13:37:41.368366011,1747741061,367858904,piren,-467.2397628418445,-290.90680049368723,2.3186268172935134,-0.015809842502969445,-0.026483846484984586,0.8463914538157536,0.5316673411664911
2025/05/20 13:37:41.439551301,1747741061,438265705,piren,-467.28967698481324,-290.93145594836585,2.341913397392538,-0.0003693784709833639,-0.0017623473962097972,0.8487129157994435,0.5288507769176547
2025/05/20 13:37:41.508458598,1747741061,508065170,piren,-467.2798198792486,-290.9277131728098,2.3397324507389765,0.0004586773544177226,-0.00037489867927890014,0.8480627178096924,0.5298955328433171
2025/05/20 13:37:41.545678067,1747741061,545176924,piren,-467.269465159204,-290.92304953337293,2.3369657367972927,-0.0020880733099114253,-0.004249927944578772,0.8480519691277697,0.5298919094691207
2025/05/20 13:37:41.614527285,1747741061,614172156,piren,-467.2686629080082,-290.9216170721053,2.33812440542915,-0.01062897100375086,-0.018065993222220588,0.8495483919294856,0.5270940851824475
2025/05/20 13:37:41.651103005,1747741061,650603705,piren,-467.29325496390203,-290.9294635043505,2.349613193001704,-0.014657616166192978,-0.024420880593988576,0.8493882303067756,0.5269994393694007
2025/05/20 13:37:41.687538369,1747741061,687201596,piren,-467.321854830491,-290.93923690081846,2.3623606270231416,0.0002900706201543299,-0.00022982965442499518,0.8497391999101903,0.5272031441231693
2025/05/20 13:37:41.757984211,1747741061,757663363,piren,-467.298378556598,-290.9232544058418,2.352757404350437,-0.0007012605588482955,-0.0017114288568959722,0.8479660894202359,0.5300472530239629
2025/05/20 13:37:41.795615972,1747741061,794423929,piren,-467.2824587016932,-290.9134866916473,2.346907743530285,6.616206923634204e-05,-0.00045986436872829837,0.8479676867886283,0.5300477207852946
2025/05/20 13:37:41.864852360,1747741061,864531624,piren,-467.26890377267165,-290.90246024605574,2.341617537731444,0.0024223068655363656,0.0033528530920465555,0.8471254274347274,0.5313768916683552
2025/05/20 13:37:41.903639106,1747741061,902008947,piren,-467.250694462425,-290.89216461744087,2.3346193372896216,0.00840656542486918,0.012851251972069374,0.84562626941523,0.5335544840551794
2025/05/20 13:37:41.972097029,1747741061,971779110,piren,-467.21666483654025,-290.87268352694707,2.3209569410703,0.016603819762204642,0.02592980082421912,0.8453245938861187,0.5333650621945433
2025/05/20 13:37:42.42660762,1747741062,42276638,piren,-467.1731948072096,-290.84609291330906,2.2997068598015873,0.008430372707713187,0.012948319873554031,0.8460047793222584,0.5329513891457253
2025/05/20 13:37:42.115243320,1747741062,112336595,piren,-467.1634246580702,-290.83977779282014,2.296722533342347,-0.010034538924197405,-0.0163057510203787,0.8446307675629487,0.5350068195810819
2025/05/20 13:37:42.152176614,1747741062,150356030,piren,-467.2092062894564,-290.86142022061364,2.3193531043270124,-0.01466473990485273,-0.022727175065902296,0.8444838942807151,0.5348975352509345
2025/05/20 13:37:42.188034063,1747741062,187689733,piren,-467.2531711515582,-290.87983865326254,2.340233000304199,0.01572812761874128,0.026234536505102213,0.8443797293180809,0.5348712441445095
2025/05/20 13:37:42.261366776,1747741062,259721344,piren,-467.1986160440681,-290.84600733965794,2.3143827069089093,0.012981988077402001,0.021930386153115905,0.8448541114172353,0.534389424081472
2025/05/20 13:37:42.299049591,1747741062,297663415,piren,-467.1650431686238,-290.82677846327374,2.2999493416459336,-0.017928129683588007,-0.02695393611756557,0.8433701036208162,0.5363570972891403
2025/05/20 13:37:42.335929385,1747741062,335248386,piren,-467.2277346674103,-290.8547331448331,2.329663926463054,-0.0146785689895828,-0.023355401000469286,0.843480395365834,0.5364511976778706
2025/05/20 13:37:42.407326344,1747741062,406561251,piren,-467.26417849929857,-290.87119683156243,2.3481988258600315,0.014160782494290092,0.023775821871631592,0.8455364273744785,0.5332000867556955
2025/05/20 13:37:42.446783905,1747741062,443678842,piren,-467.2073694557401,-290.8379686410014,2.322607775189765,0.012005380226353321,0.02026349094556588,0.8456257129629204,0.5332564255180355
2025/05/20 13:37:42.515736504,1747741062,514610893,piren,-467.1718739794042,-290.81565069280896,2.3074359287867927,-0.0016127780427090152,-0.0014509271476575959,0.8453701903622821,0.5341765017334964
2025/05/20 13:37:42.552844065,1747741062,552157755,piren,-467.18390495407414,-290.8170864569113,2.3155085622978824,-0.008970047097297285,-0.01314210766136862,0.8452703674141825,0.5341018903100628
2025/05/20 13:37:42.592285995,1747741062,591008245,piren,-467.2135228643542,-290.82715435980737,2.330779216065811,0.015279572598820318,0.025335788995863053,0.8449914371929494,0.5339607696523672
2025/05/20 13:37:42.664343985,1747741062,662086962,piren,-467.16565851461,-290.80046592570045,2.308769310021414,0.01346176177134728,0.022225955288031486,0.8427756141454085,0.5376374727298828
2025/05/20 13:37:42.703750467,1747741062,699931580,piren,-467.1347906859386,-290.78541729373507,2.2958801980125036,-0.000461920955399628,0.00036495792193186864,0.8430685646932835,0.5378057722456624
2025/05/20 13:37:42.772298730,1747741062,771144475,piren,-467.1525689405631,-290.7896409418334,2.3061640314783296,-0.004361028242378911,-0.005693564073105197,0.8432424741705956,0.5374855295870457
2025/05/20 13:37:42.809724887,1747741062,809292579,piren,-467.1755139006213,-290.7984512503787,2.3187048999358004,0.005799087000905595,0.010251213843160344,0.8419641860345609,0.5394048504044592
2025/05/20 13:37:42.847397604,1747741062,846973583,piren,-467.1625049774325,-290.7919833737404,2.314307251966558,0.010839250003826196,0.01826398532549579,0.8418294801493017,0.5393255638767194
2025/05/20 13:37:42.919792598,1747741062,917977462,piren,-467.13541085269156,-290.7743511414826,2.3037261138217304,0.001047320583642719,0.0030280664811188998,0.8429237663545248,0.5380234735099237
2025/05/20 13:37:42.990667077,1747741062,990007481,piren,-467.14643205402734,-290.7753115393435,2.3100058766724154,0.008484488201578853,0.014778853628641628,0.8428010101079948,0.5379554408185908
2025/05/20 13:37:43.62551001,1747741063,62200854,piren,-467.1333732374201,-290.76445788718,2.304342236035853,0.003994373547602798,0.00777264362663502,0.841007648587898,0.5409526467332149
2025/05/20 13:37:43.99913331,1747741063,99574930,piren,-467.13516248745873,-290.7640096679058,2.306569957900942,-0.01714398156061952,-0.024990640642123953,0.839290133434342,0.5428384876704211
2025/05/20 13:37:43.137100223,1747741063,136642662,piren,-467.1955653703504,-290.79116556112086,2.3341751873106316,-0.013647470397019391,-0.022069361509837775,0.839370117666823,0.5429406002522692
2025/05/20 13:37:43.209145692,1747741063,208718741,piren,-467.23057594291686,-290.8082796001963,2.35123233052546,-0.0013727418109039076,0.0011311989133419127,0.8417990075408182,0.5397881685182
2025/05/20 13:37:43.266644319,1747741063,266242399,piren,-467.21706576469074,-290.79467874890145,2.3460332321568513,-0.00315796181021558,-0.001250534877206504,0.8417985884363812,0.5397810666800404
2025/05/20 13:37:43.304738939,1747741063,304326069,piren,-467.2108950270783,-290.7850013972008,2.344045627396391,-0.019755690871827623,-0.027533358248864284,0.8408256176169057,0.5402443036449951
2025/05/20 13:37:43.342869471,1747741063,342433871,piren,-467.25326812414943,-290.79937192651465,2.36240003075116,-0.0017141919711537337,-0.000883323802145593,0.8412764168557954,0.5406017681502907
2025/05/20 13:37:43.414271959,1747741063,413775249,piren,-467.2319434922544,-290.78660689494,2.3545494722299485,0.014446606957909293,0.025636726438496776,0.8403529120062593,0.5412402766678784
2025/05/20 13:37:43.452346074,1747741063,452088378,piren,-467.16921180744765,-290.75401457669244,2.325653386322395,0.003046143244830549,0.008205035067286174,0.8407028410641717,0.541426016587222
2025/05/20 13:37:43.490105259,1747741063,489718205,piren,-467.15494295474906,-290.7437838610301,2.3207181618227852,-0.017756836837822015,-0.02453577452367267,0.8403877274563126,0.5411387604439855
2025/05/20 13:37:43.563011344,1747741063,562707624,piren,-467.2032115891365,-290.7618547776969,2.3429422547758665,-0.00020900191095619364,0.0024928044194127896,0.8384113460596275,0.5450322532133409
2025/05/20 13:37:43.600730288,1747741063,600297663,piren,-467.1860067156278,-290.7536978423089,2.3377738587240615,0.014014521259466192,0.024195286299646127,0.8366299467156192,0.547054397270844
2025/05/20 13:37:43.638012321,1747741063,637592118,piren,-467.13287433068535,-290.73093675100176,2.3145751705921236,-0.0024918280856127827,-0.002751693939772397,0.8369761371377767,0.547226794697755
2025/05/20 13:37:43.710070585,1747741063,709732085,piren,-467.14156115346543,-290.7356013162011,2.321384885132396,-0.017498256862044714,-0.024425551794406263,0.8388157888504043,0.5435855735775212
2025/05/20 13:37:43.748172086,1747741063,746958372,piren,-467.1900178695068,-290.75203192820146,2.3433641260594453,-0.00019668499225387518,0.0021396468475226972,0.8391685045084493,0.5438672671410136
2025/05/20 13:37:43.820406529,1747741063,819430818,piren,-467.1750231626107,-290.7405719695492,2.3383450628403497,0.014179473501467465,0.02428153053819685,0.8382858651795767,0.5445054251759779
2025/05/20 13:37:43.857798810,1747741063,857274686,piren,-467.1233703496739,-290.71362019541107,2.314862003970531,-0.003035860772405994,-0.002299148616047626,0.8386344861611816,0.5446812793608595
2025/05/20 13:37:43.895960398,1747741063,895581894,piren,-467.13393932787665,-290.71438814667744,2.321535404642466,-0.017392888329364455,-0.02446504706959321,0.8382811157636796,0.5444113517014918
2025/05/20 13:37:43.935523192,1747741063,935084316,piren,-467.1830240693013,-290.732682084511,2.343610396951048,-0.00013766010523827792,0.002121536473297868,0.8365974435417207,0.5478140173381341
2025/05/20 13:37:44.7352510,1747741064,6927642,piren,-467.1670531758235,-290.7244270419826,2.3385310267203514,0.014377031021477051,0.024168769207056004,0.8343968154881065,0.5504462969966557
2025/05/20 13:37:44.44538413,1747741064,44101981,piren,-467.11405258015475,-290.70205819877236,2.3149895819736575,-0.0030845858027131233,-0.0022490816895167267,0.8347434735639057,0.5506257897197013
2025/05/20 13:37:44.117370546,1747741064,115323927,piren,-467.11980791442915,-290.70102244960617,2.320786999006434,2.6310350477092644e-05,0.0018452987665063345,0.8366154728815894,0.5477874995975558
2025/05/20 13:37:44.189683501,1747741064,188536714,piren,-467.12479218530814,-290.6976675975787,2.3240066821705216,0.013958721637260502,0.024323593474487298,0.8362667187358465,0.5476052337455534
2025/05/20 13:37:44.261191944,1747741064,260465842,piren,-467.0853850616988,-290.67465873371145,2.304896836422177,-0.0027170949804822234,-0.0028715504187397027,0.8346719002794085,0.5507333206525831
2025/05/20 13:37:44.299481772,1747741064,299127189,piren,-467.10404421685587,-290.68239719405784,2.3150023992296145,-0.01717598714720598,-0.024614094632555608,0.832857681974312,0.5526727905255644
2025/05/20 13:37:44.337892578,1747741064,336624627,piren,-467.1577733384742,-290.7057112848852,2.3392037891911412,0.00025593434865007597,0.0018315162172635572,0.8332195010871606,0.5529392761000238
2025/05/20 13:37:44.408794269,1747741064,408443301,piren,-467.1466330689532,-290.70016776781546,2.3357880177575367,0.014715931623994915,0.0239010648434947,0.8352117353226804,0.5492117420768258
2025/05/20 13:37:44.446580332,1747741064,445578555,piren,-467.09936770624233,-290.6746722640205,2.313443250354522,-0.0027268704000481003,-0.002527233209429591,0.8355493896136162,0.5494027619028139
2025/05/20 13:37:44.517541970,1747741064,517075777,piren,-467.11363215205546,-290.67592552775636,2.3209457071414143,-0.017229993933172722,-0.024591558441239367,0.8346817842902795,0.5499133582088084
2025/05/20 13:37:44.555874198,1747741064,554960017,piren,-467.1647243143036,-290.6939320132633,2.34342739697965,0.00016157851756033812,0.0018466131502605893,0.8350420271767669,0.5501830393248884
2025/05/20 13:37:44.594049745,1747741064,593053145,piren,-467.1515728101264,-290.68434479821036,2.3387720040519233,0.014688435826547754,0.023906631046409225,0.834702892200748,0.5499852767090104
2025/05/20 13:37:44.666852720,1747741064,665868667,piren,-467.10127564421845,-290.6589242978445,2.315474877958638,-0.0027121015229312983,-0.002529272197465718,0.8327432734553989,0.5536468981239463
2025/05/20 13:37:44.705027065,1747741064,703841179,piren,-467.1120459838089,-290.6627460080723,2.3223062822178537,-0.01737157903338657,-0.024576681574910973,0.8313371026475593,0.5549530040699066
2025/05/20 13:37:44.742969481,1747741064,742583434,piren,-467.16076641036904,-290.6832160258337,2.3443991185469284,0.0002815201818605869,0.001778368316453414,0.8316983572775088,0.5552248199192932
2025/05/20 13:37:44.815748638,1747741064,814469407,piren,-467.14620763542547,-290.67284752032566,2.3406330396886434,-0.0025430072338477753,-0.0026373132291373715,0.8331182950450441,0.5530827100483063
2025/05/20 13:37:44.889658158,1747741064,889221164,piren,-467.1415463748542,-290.66677299054817,2.340059071108645,-0.017100325182655675,-0.024665720938625478,0.8327603547482574,0.5528194756417161
2025/05/20 13:37:44.963937917,1747741064,963560813,piren,-467.1789351436347,-290.67808600312543,2.3566224729460536,0.0004840911345343427,0.0016845262610876777,0.8311722700719028,0.5560122170335553
2025/05/20 13:37:45.1766844,1747741065,1279223,piren,-467.15425329704937,-290.66663634159363,2.3476447920628916,0.015156425245458544,0.02362958028091081,0.8308349159235415,0.5558104606714851
2025/05/20 13:37:45.75672193,1747741065,75241644,piren,-467.0961142793652,-290.634853980626,2.3220313340933716,-0.01715962627791551,-0.024621023858469347,0.8282427311557576,0.5595653051233738
2025/05/20 13:37:45.148113117,1747741065,147724976,piren,-467.14330557999284,-290.65192064602195,2.3435007320317323,0.0004200532777309777,0.0016004169668511448,0.8302105340748582,0.5574475144189942
2025/05/20 13:37:45.187424051,1747741065,186964192,piren,-467.1257389212465,-290.64344455195936,2.3380367553332446,0.015193037361952074,0.023427107840354202,0.829879932032764,0.5572428919629661
2025/05/20 13:37:45.261957584,1747741065,260506967,piren,-467.0730753050486,-290.61725625910356,2.3142927451249995,-0.002454169262197643,-0.002863700437710048,0.8297398195287337,0.5581376247498998
2025/05/20 13:37:45.299971397,1747741065,299512276,piren,-467.08252173546936,-290.6199156684534,2.3208415089861996,-0.01724817466987537,-0.024736502693306895,0.8279213934782697,0.5600328312930071
2025/05/20 13:37:45.339325440,1747741065,337523196,piren,-467.1303782588734,-290.6391237916779,2.342752892041114,0.000455775118402767,0.0015098561151160013,0.828289485460454,0.5602981714044848
2025/05/20 13:37:45.412677441,1747741065,410552662,piren,-467.1145846347215,-290.63158471840046,2.337772724632865,0.015123110380756179,0.023475570899805617,0.8302042244679292,0.556759494556621
2025/05/20 13:37:45.449588215,1747741065,449208961,piren,-467.0634833335904,-290.60542617003864,2.314334541373694,-0.0026477575776994618,-0.0029330884010009325,0.8305306469279354,0.5569589131037467
2025/05/20 13:37:45.522144229,1747741065,521827258,piren,-467.07081006669995,-290.60042886117185,2.3197416698351043,0.00032486767536017317,0.0016153388654820096,0.8296112164920406,0.5583390677822391
2025/05/20 13:37:45.595798422,1747741065,595418129,piren,-467.07239129502216,-290.5972401421185,2.32161857951709,0.01503906034394061,0.023551232297786627,0.8292808759538077,0.5581329544996536
2025/05/20 13:37:45.671966108,1747741065,670157333,piren,-467.03314002572097,-290.5768305850241,2.3031959299898177,-0.002828061897694888,-0.0028753939267801864,0.8277779667109616,0.5610413282491182
2025/05/20 13:37:45.727442551,1747741065,727145453,piren,-467.0487268914669,-290.5786771169873,2.3123643488046026,0.01593591964988665,0.024746267355876785,0.8259348996233687,0.5629966343602772
2025/05/20 13:37:45.810059690,1747741065,809682355,piren,-467.01227483735255,-290.56392423210553,2.2958606912386568,-0.001870627170098883,-0.0014517449423989194,0.82789895932737,0.5608722727460064
2025/05/20 13:37:45.848134316,1747741065,847767777,piren,-467.03571916553665,-290.56967072863534,2.3078072872030932,-0.006999579125335321,-0.008965517492328415,0.8278511644557243,0.5608324838108651
2025/05/20 13:37:45.922363957,1747741065,922005880,piren,-467.0635115816642,-290.57390663940095,2.3219562367878828,0.014752871554183441,0.023107421962655802,0.8272832220749753,0.5611157369958473
2025/05/20 13:37:45.995117740,1747741065,994755151,piren,-467.0261679585348,-290.5555739046146,2.3047616801734856,0.01430604997130251,0.02236718403407735,0.8273032407722916,0.561127787424815
2025/05/20 13:37:46.71459100,1747741066,69660524,piren,-467.00044055616326,-290.5413154752169,2.29315415986425,-0.001402934815685169,-0.0008404262798183595,0.8256735499078149,0.5641458272824486
2025/05/20 13:37:46.108477773,1747741066,108019967,piren,-467.0240406495327,-290.5498791095859,2.3058505283483406,-0.0033558754312157193,-0.0037217105831327956,0.8242792770272134,0.5661612494986921
2025/05/20 13:37:46.148070274,1747741066,147635881,piren,-467.04538415282906,-290.55838123509255,2.317437497395246,0.006675356405462639,0.010124666522195043,0.8242249090662419,0.5661326964762058
2025/05/20 13:37:46.187580072,1747741066,186966045,piren,-467.03349422815813,-290.55419823220393,2.3135004350906816,0.004983725620491954,0.007118099162568981,0.8242560312510538,0.5661505895868284
2025/05/20 13:37:46.261724395,1747741066,261257019,piren,-467.03067052106394,-290.5488028792649,2.313272421617696,-0.008385965767314716,-0.007435327140500209,0.8245809589465467,0.5656329495629271
2025/05/20 13:37:46.302952842,1747741066,300982442,piren,-467.05937942662166,-290.55382381856646,2.3267505285478176,-0.0009042219289817082,0.0001875838952364136,0.8232185190315827,0.5677238916220042
2025/05/20 13:37:46.340117253,1747741066,339419712,piren,-467.06101852286554,-290.5542473867926,2.3291795032641387,-0.004283173165735406,-0.006776516042467089,0.8231912916158258,0.567707522114889
2025/05/20 13:37:46.414031615,1747741066,413612053,piren,-467.0727117952171,-290.5596967084578,2.3360358365790908,0.0022892841087842042,0.0028257981539303164,0.8255361575641363,0.5643375112442056
2025/05/20 13:37:46.452770495,1747741066,452202633,piren,-467.06319751598363,-290.5523688633325,2.3327812222439253,-0.013794699785779432,-0.020689523776763006,0.825282152704623,0.5641728620652845
2025/05/20 13:37:46.492281050,1747741066,491842923,piren,-467.10048320421686,-290.5632724080088,2.3491875645580502,-0.017175156380169598,-0.025512646005217462,0.8251469977934738,0.5640802699346487
2025/05/20 13:37:46.566621363,1747741066,566164179,piren,-467.13590358155426,-290.5732716381508,2.364417528269594,0.008096907160242027,0.011493919606551198,0.8233488251259199,0.5673614739037928
2025/05/20 13:37:46.605779005,1747741066,605264015,piren,-467.08862457744226,-290.5538924184235,2.34475586374814,-7.076396911959021e-05,-0.0003318014280583744,0.822140222605939,0.5692849368055773
2025/05/20 13:37:46.644777308,1747741066,643679062,piren,-467.0757654742434,-290.54853856141744,2.340885381018542,0.015931922471379825,0.02295464140111956,0.8218214831521575,0.5690594943537101
2025/05/20 13:37:46.719144997,1747741066,717563483,piren,-467.02213830562744,-290.5267805537043,2.3168394463088524,0.0008062099950351634,0.0011188180078954247,0.8240614341744064,0.5664987652044176
2025/05/20 13:37:46.757495842,1747741066,756174982,piren,-467.02537450113624,-290.52310298194567,2.3195602659013783,0.00021833712746916983,0.00041644220876105173,0.8240621243922134,0.5664992445246312
2025/05/20 13:37:46.796305447,1747741066,795891690,piren,-467.0291505459954,-290.5197633786002,2.3222814944316785,0.013138491516002474,0.019254157050893714,0.8232591882965555,0.5671868883906257
2025/05/20 13:37:46.836040642,1747741066,835065229,piren,-466.99641855805123,-290.5038114804997,2.307443712812688,-0.008268740847194103,-0.011746568336306494,0.8233997025512043,0.5672799801647426
2025/05/20 13:37:46.912550622,1747741066,911905339,piren,-467.03128229516875,-290.51312183727885,2.323864385492657,0.0031793175902155124,0.004911755888135065,0.8230344523283475,0.5679613163537928
2025/05/20 13:37:46.953192506,1747741066,952054547,piren,-467.0240228297567,-290.506939589334,2.321799934765928,0.015627627442684127,0.02305084443478467,0.8227276102551867,0.5677532167721691
2025/05/20 13:37:46.993356440,1747741066,991578815,piren,-466.98460517506703,-290.4884265901666,2.3037217448615936,-0.0007862036574453242,-0.0007432205173154117,0.8230500923022576,0.56796775882819
2025/05/20 13:37:47.67572191,1747741067,67163309,piren,-466.99566590362133,-290.48584573457686,2.310877176381654,-0.006192019651178143,-0.008397912173432985,0.8185263733760446,0.574374189924675
2025/05/20 13:37:47.143925178,1747741067,143521253,piren,-467.02254518492543,-290.49357812575283,2.3242232278286354,-0.0182692741146223,-0.025218472770808777,0.8192766736875826,0.5725521759681322
2025/05/20 13:37:47.219482218,1747741067,218714202,piren,-467.07248689439893,-290.5084254908456,2.347247609070759,0.0001800595063274937,0.0003967688447140229,0.8183222199460942,0.5747595623350292
2025/05/20 13:37:47.294393136,1747741067,293982676,piren,-467.056525773678,-290.50387336925564,2.342649162673373,-0.01897596949496788,-0.0254663334757494,0.8179281006931975,0.5744432091490388
2025/05/20 13:37:47.370400980,1747741067,369994010,piren,-467.0969867906458,-290.51340365469235,2.360079001602495,0.014837245424122503,0.022692983974757337,0.8188987536567639,0.573297231709647
2025/05/20 13:37:47.410131005,1747741067,409630150,piren,-467.03091546049626,-290.48714224111956,2.331456070105488,0.015704692176647946,0.023718253642215352,0.8174189897316501,0.5753407705993805
2025/05/20 13:37:47.450532979,1747741067,450168714,piren,-466.9799344563071,-290.46806925953916,2.3098433329738532,0.012513393835798192,0.0190684081401879,0.817537999400294,0.5754228274254284
2025/05/20 13:37:47.489472036,1747741067,489098801,piren,-466.97312696928486,-290.46323486531975,2.307622378955299,-0.01873114936386455,-0.025476455727266478,0.8173670948419356,0.5752487518602188
2025/05/20 13:37:47.567105915,1747741067,565335734,piren,-467.03223790019365,-290.4826575682492,2.3347474137486364,-0.018618782835013833,-0.025404073658249683,0.8175189814347006,0.5750397281590887
2025/05/20 13:37:47.604813458,1747741067,604404076,piren,-467.07379142117554,-290.4951619069648,2.354157911308796,0.014633817523398675,0.021766947705916435,0.8160958750991746,0.5773210320249664
2025/05/20 13:37:47.644130391,1747741067,643735987,piren,-467.0105395287272,-290.4718801797936,2.3279347710364684,-0.0036780532918263163,-0.00417312166674781,0.8163758878034448,0.5774941270633618
2025/05/20 13:37:47.722329542,1747741067,721895557,piren,-467.01188340973135,-290.4683211379377,2.3323137954796445,0.017965583629568006,0.02655839670998391,0.8179000648011494,0.5744661638141273
2025/05/20 13:37:47.798822606,1747741067,798395562,piren,-466.9559508972332,-290.4430331724744,2.3074988080224346,0.011777267109851667,0.017758753347947787,0.817453493099048,0.5756003034042934
2025/05/20 13:37:47.837779763,1747741067,837418495,piren,-466.93180961713057,-290.43050591255076,2.2982954485991334,-0.0017504888151479384,-0.0014117131131607514,0.8176451017606229,0.5757181866346199
2025/05/20 13:37:47.915491311,1747741067,914334365,piren,-466.9513707547799,-290.43365393634014,2.3091562664492087,-0.010698035181616978,-0.014110498329152406,0.8176020169435377,0.5755114141092382
2025/05/20 13:37:47.955043160,1747741067,954514026,piren,-466.9898621983162,-290.44339477180307,2.327428654277956,0.01571777590260826,0.02355263921457645,0.8173864265327175,0.5753934779147031
2025/05/20 13:37:47.994423138,1747741067,993950373,piren,-466.94523993302795,-290.4235239698497,2.3075338774902505,0.01616237394422574,0.024203190921113445,0.8173696926229705,0.5753779356207135
2025/05/20 13:37:48.71081215,1747741068,70684786,piren,-466.9080490353637,-290.403763571091,2.291844483811898,0.00046563187644188607,0.0020374964289851635,0.8132485178154653,0.5819127770260818
2025/05/20 13:37:48.147853538,1747741068,147452563,piren,-466.9268796956366,-290.4078767351374,2.3022111319282357,0.002611156181032208,0.0020281903714901668,0.8142900486867686,0.5804487788917428
2025/05/20 13:37:48.187957384,1747741068,187524828,piren,-466.9366991116834,-290.4143921780566,2.3089462376683976,-0.0004932426953421513,-0.0011057511129216947,0.814291830663997,0.5804544327852069
2025/05/20 13:37:48.286841543,1747741068,285543865,piren,-466.9485597867965,-290.41281977483635,2.31651199985652,-0.009509135011841415,-0.00878489035008561,0.8115369233809718,0.5841577047700477
2025/05/20 13:37:48.362019862,1747741068,361582538,piren,-466.9791216263812,-290.4163445725093,2.330204469035258,0.015167787295721212,0.020874379528528948,0.8127471472571771,0.5820449064575441
2025/05/20 13:37:48.402535043,1747741068,402169655,piren,-466.93724202457554,-290.40388769849426,2.312096747781989,0.014079094787932815,0.019316190170923394,0.8117954790750127,0.583452452253484
2025/05/20 13:37:48.441699604,1747741068,441259856,piren,-466.9091694128904,-290.3959633807843,2.300550280984262,-0.0015184538802827932,-0.002306082443916131,0.8120218915661807,0.583620445065847
2025/05/20 13:37:48.519139538,1747741068,518375577,piren,-466.93080270441754,-290.4032136481384,2.3120225239523875,0.0030294311895498294,0.004102363538449097,0.8144964906491995,0.5801460677107144
2025/05/20 13:37:48.560353447,1747741068,558172413,piren,-466.9344176040676,-290.3999760425471,2.3147536547060374,0.0032076968603162704,0.004368425736582883,0.8144951762602947,0.5801450123772055
2025/05/20 13:37:48.598125693,1747741068,597677859,piren,-466.9359736761116,-290.39614914130124,2.316483374815641,-0.001025209159330512,-0.0015443113385586482,0.8145054258442093,0.5801529757908792
2025/05/20 13:37:48.675765251,1747741068,675304301,piren,-466.9462740238039,-290.39315133275204,2.3230232479677597,-0.0007666318396997636,-0.0011522756982695228,0.8102052106528084,0.5861446930301221
2025/05/20 13:37:48.753198384,1747741068,752840147,piren,-466.95279458396135,-290.3922702694224,2.3271617023303994,-0.000482603005549054,-0.0007689036170441515,0.8107139831063883,0.5854417250908424
2025/05/20 13:37:48.793584036,1747741068,793159290,piren,-466.9548465039432,-290.39312399496794,2.3297076161665493,-0.000495669749801115,-0.0007799632116419689,0.8107140130035105,0.5854416581424927
2025/05/20 13:37:48.871758872,1747741068,869491027,piren,-466.9564158929279,-290.38949490904736,2.331406770569793,-0.0004940222525802625,-0.0007987532403696682,0.8109619349717564,0.5850981609628763
2025/05/20 13:37:48.913313966,1747741068,912877561,piren,-466.95570439449307,-290.3882334017558,2.332531059402853,-0.0005221117108841836,-0.0008230615217085062,0.809356613773767,0.5873167132899882
2025/05/20 13:37:48.956253138,1747741068,954092366,piren,-466.95371408963416,-290.3878393525429,2.333236020285247,-0.0005157122476828154,-0.0008345177462621682,0.8093566549090131,0.5873166460909324
2025/05/20 13:37:48.994252729,1747741068,993845770,piren,-466.9513240001771,-290.38624327986406,2.333617127373046,-0.0005035352124746803,-0.000807253481831059,0.8093567319490627,0.5873165885983803
2025/05/20 13:37:49.73829802,1747741069,71822593,piren,-466.9497294958192,-290.38041356128406,2.3337890836516175,-0.0005015078206332046,-0.0008137215426068084,0.809773514005949,0.5867418021256149
2025/05/20 13:37:49.112389929,1747741069,111967312,piren,-466.94676371105527,-290.3777129329679,2.333807380770862,-0.0005122496994015449,-0.0008023992910835118,0.8085894032569119,0.5883725611347409
2025/05/20 13:37:49.155404474,1747741069,153265710,piren,-466.94337497614896,-290.37603328185656,2.333624486885688,-0.0005202850986870843,-0.0008002084583188721,0.808589432143016,0.5883725173701388
2025/05/20 13:37:49.194872516,1747741069,194493470,piren,-466.940058630511,-290.3731765370724,2.3335556934619976,-0.000550665678232521,-0.0008182625902963803,0.8106585152971305,0.5855184017517265
2025/05/20 13:37:49.272266377,1747741069,271818674,piren,-466.9361220984901,-290.3643908315501,2.3339732810624283,-0.0006620553497145013,-0.0006835433018713278,0.8106586280674098,0.5855183030368336
2025/05/20 13:37:49.350855479,1747741069,350344181,piren,-466.93325965756924,-290.35829568880433,2.3336368081040844,-0.000690019169016654,-0.0006652124230898213,0.8082050070819455,0.5889004566933626
2025/05/20 13:37:49.392652111,1747741069,392304128,piren,-466.9296511396576,-290.35531184811754,2.3333354550098475,-0.0007019340889632281,-0.0006537214937367456,0.8082050013739297,0.5889004633135466
2025/05/20 13:37:49.473519120,1747741069,473175785,piren,-466.92502268434447,-290.34628838124524,2.33337549605028,-0.0007613997188496452,-0.0006491967486848883,0.8054909539679224,0.5926072239602687
2025/05/20 13:37:49.553566597,1747741069,553081518,piren,-466.9218351490708,-290.3419641729854,2.333078427699609,-0.000783506975062156,-0.0006317644790728762,0.8062602864745003,0.5915600877717494
2025/05/20 13:37:49.598047526,1747741069,596866447,piren,-466.91796591843945,-290.3406091912415,2.3328285299433658,-0.0007748193456352025,-0.0006049183642147658,0.8062602887989143,0.5915601241079773
2025/05/20 13:37:49.679339391,1747741069,677669876,piren,-466.9132714732741,-290.332114194569,2.33273280603189,-0.0007994339302823658,-0.0005796194464367844,0.8040974613200385,0.5944966758909235
2025/05/20 13:37:49.760644030,1747741069,758333744,piren,-466.91010188516583,-290.32800282973255,2.332513163951585,-0.0008083322422627902,-0.0005687912878290149,0.8049571721399358,0.5933320942743067
2025/05/20 13:37:49.805742298,1747741069,804659993,piren,-466.90617106386634,-290.3268162727209,2.332341011979704,-0.0008341938002387549,-0.0005916038943254715,0.803800960283068,0.5948974452572088
2025/05/20 13:37:49.849665391,1747741069,847855197,piren,-466.90224350748656,-290.32595034281763,2.332234836469648,-0.0008376298331003325,-0.0005864497843061865,0.8038009675923623,0.5948974356563451
2025/05/20 13:37:49.932986078,1747741069,930783657,piren,-466.89601435397117,-290.3204675585718,2.332193563309471,-0.000818896448925201,-0.0005680512209789359,0.8060045691356383,0.5919084737177618
2025/05/20 13:37:50.19978208,1747741070,18477899,piren,-466.8909383015067,-290.3117088517363,2.3321188824424324,-0.0008140898843859289,-0.0005652255904798253,0.8048740541913945,0.5934448370886718
2025/05/20 13:37:50.107403747,1747741070,106935898,piren,-466.887890828185,-290.3073240678959,2.3320304501113966,-0.0008360172815306557,-0.0005910729639867463,0.8047155437065983,0.5936597050708851
2025/05/20 13:37:50.151837221,1747741070,151025335,piren,-466.88488134918987,-290.3030220109159,2.3319895355824785,-0.001175874592883986,-0.0005875795559602535,0.8047155342557121,0.5936591454671201
2025/05/20 13:37:50.193816109,1747741070,193412399,piren,-466.882408214741,-290.29834416993907,2.332097742130007,-0.0010763587143262428,-0.00047165539596899086,0.8047156477486764,0.5936592838165116
2025/05/20 13:37:50.274181095,1747741070,273762575,piren,-466.8768575249711,-290.2891827787992,2.3320803307704825,-0.01362132098432413,-0.013634833929679057,0.7998098467514356,0.5999439640148045
2025/05/20 13:37:50.354241125,1747741070,353818717,piren,-466.90374782046206,-290.2908860324161,2.344106654781068,-0.0026999343383374893,-0.0029177231285747738,0.8017599779205702,0.5976329434118574
2025/05/20 13:37:50.395900767,1747741070,395442565,piren,-466.89569104164434,-290.28944423562535,2.342648823099631,0.016433966956708197,0.022726252679754595,0.8014405941339274,0.5974164512661659
2025/05/20 13:37:50.477671608,1747741070,477267435,piren,-466.837528697483,-290.26561115955684,2.3184352959288606,-0.015989222038264448,-0.020605656429224947,0.7988607963337698,0.6009502307035977
2025/05/20 13:37:50.560071943,1747741070,557316793,piren,-466.88175890383286,-290.277216514454,2.3385241378218042,0.00013697783048807147,0.000842410893151098,0.8006879776185126,0.5990809912508802
2025/05/20 13:37:50.601022474,1747741070,598840573,piren,-466.868591569542,-290.27353465115795,2.3352863460277264,-0.008945054088708368,-0.011279538813260702,0.8006088292020316,0.5990144076858773
2025/05/20 13:37:50.680948204,1747741070,680345406,piren,-466.88119112041153,-290.27101790286815,2.3433098101068386,-0.00021164301223095176,0.0005235993857957499,0.7978490605689407,0.6028569959784638
2025/05/20 13:37:50.761994629,1747741070,761590269,piren,-466.86716821856754,-290.26431734800155,2.338964828967682,0.01875175373790108,0.025861237467741237,0.7989185236506654,0.6005903434923271
2025/05/20 13:37:50.804737680,1747741070,804265217,piren,-466.80569155687226,-290.2466797180706,2.3118265688251736,-0.00016964298150788767,0.0007288086808199992,0.7988692974310102,0.6015041859216358
2025/05/20 13:37:50.846456197,1747741070,846078570,piren,-466.8107736048969,-290.2472228371435,2.31629989416276,-0.0013901307206072016,-0.0007598497390628765,0.7988691123719288,0.6015028108521526
2025/05/20 13:37:50.888761673,1747741070,887972634,piren,-466.817522522239,-290.2472458753077,2.321057889152898,-0.003199916256993002,-0.003159540265633159,0.7988627983686877,0.6014964731599077
2025/05/20 13:37:50.969937396,1747741070,969234449,piren,-466.82320894761057,-290.24100548362657,2.3259201600022053,-0.0005665853098993746,0.00044833889068172944,0.7959932042659538,0.6053051269696511
2025/05/20 13:37:51.50217342,1747741071,49777068,piren,-466.8232784407485,-290.23709415646164,2.327164306939873,0.018614287962873965,0.025839318193564283,0.7969075319791619,0.6032613226403697
2025/05/20 13:37:51.93498795,1747741071,92283498,piren,-466.7713044521257,-290.2216870001375,2.304051772831323,-0.0003306544427756511,0.0008062874754922005,0.797325950538592,0.6035483155190452
2025/05/20 13:37:51.176583606,1747741071,176231224,piren,-466.7780059373892,-290.2157470389139,2.3095924157740964,-0.019497797381088283,-0.024366271842040866,0.7951017203929057,0.6056726631787565
2025/05/20 13:37:51.258925793,1747741071,258529169,piren,-466.8399110869261,-290.22995881037184,2.3362260002932858,0.014591099168619347,0.022301965455672087,0.7961004544887549,0.604577363556281
2025/05/20 13:37:51.304069233,1747741071,302478080,piren,-466.7897963140726,-290.2133022875715,2.3152129283150664,0.015608868657617937,0.021594274266752242,0.7950823790983569,0.6059158860645741
2025/05/20 13:37:51.347395606,1747741071,346087908,piren,-466.7521082781687,-290.20327125102983,2.300124060954896,-0.00041326431920242897,0.0005022928945189987,0.7953754144030143,0.606116760267924
2025/05/20 13:37:51.450215395,1747741071,449904659,piren,-466.7606100035763,-290.201879386904,2.3076028427474813,-1.5012497517533857e-05,0.0009030590922912451,0.7971747789505179,0.603747924273114
2025/05/20 13:37:51.492859653,1747741071,492475598,piren,-466.77149740992235,-290.2008342348531,2.3144774860789847,-0.003189871980750407,-0.003317509729695613,0.797168763145595,0.6037390014823144
2025/05/20 13:37:51.574694459,1747741071,574323312,piren,-466.78386645866874,-290.1970369153778,2.322988204711177,-0.000400820858462811,0.0002801175915484463,0.7925301766044944,0.6098325016330495
2025/05/20 13:37:51.658284751,1747741071,656128981,piren,-466.7865279071001,-290.1948363430245,2.3260470223810183,0.018975889501566003,0.025528473566922987,0.7933030630339342,0.6079954463940871
2025/05/20 13:37:51.698673671,1747741071,698179511,piren,-466.73579038678355,-290.18126735584246,2.304147486989222,-0.00011821178987254473,0.0006151240801933493,0.793713449995996,0.6082915147721464
2025/05/20 13:37:51.742790826,1747741071,742432883,piren,-466.74963649061374,-290.1843000904563,2.3123696318878557,-0.0031300098307070383,-0.003329733818553167,0.7942370023098307,0.6075908986094601
2025/05/20 13:37:51.827382554,1747741071,825086506,piren,-466.7625281574611,-290.18250389012064,2.3212755667086444,0.0006557927760882074,0.0016897492704845362,0.7914978121354008,0.6111693121125369
2025/05/20 13:37:51.908151722,1747741071,906869981,piren,-466.7631943141615,-290.18279169469616,2.323596855868973,0.01615678780853728,0.021946249646096257,0.7937754676911352,0.6076000553208508
2025/05/20 13:37:51.949741395,1747741071,949235782,piren,-466.7228438042162,-290.16778766634616,2.3060747534176307,0.01610865420469744,0.02197657826721486,0.7937755893530473,0.6076000781884421
2025/05/20 13:37:51.992264415,1747741071,991157752,piren,-466.693415077266,-290.15584792099634,2.293551705615217,0.0028849546601666482,0.004684106886213571,0.7940661998238175,0.6078063889732063
2025/05/20 13:37:52.73624813,1747741072,72632478,piren,-466.7005342293214,-290.1503218599421,2.2995886530818064,-0.020451086151530875,-0.025301216212362868,0.7889711966640244,0.6135682947870885
2025/05/20 13:37:52.155018747,1747741072,154511746,piren,-466.7733088926087,-290.1665574518999,2.3307632185061413,-0.004720331192963227,-0.004940719235147092,0.7906541098578151,0.6122249474921896
2025/05/20 13:37:52.197606519,1747741072,196771407,piren,-466.78163572629495,-290.16847226375154,2.336730087753013,0.017130320221371467,0.023152451976080523,0.7903323842247565,0.6120010118800626
2025/05/20 13:37:52.280772092,1747741072,280388427,piren,-466.731147914674,-290.1480826504131,2.3160349726375733,0.0012332585371808865,0.0028847364538386734,0.7887001387249987,0.6147700777885504
2025/05/20 13:37:52.364712085,1747741072,360923305,piren,-466.7326505764973,-290.14511555258514,2.318830982820149,-0.017004368092888862,-0.020625195248689648,0.7891946958073419,0.6135610685956794
2025/05/20 13:37:52.405801821,1747741072,405003590,piren,-466.78113732708437,-290.1573005411654,2.3405246028355635,-0.02040265573790259,-0.024867339327200005,0.7881260426495308,0.614672830025223
2025/05/20 13:37:52.447870103,1747741072,447383431,piren,-466.8237141471738,-290.1677751480965,2.3592591723588643,-0.004454127846010467,-0.0043945650357284085,0.7885060095647242,0.6149952206510173
2025/05/20 13:37:52.531754378,1747741072,531390110,piren,-466.81385874857995,-290.16135852340045,2.3586699073111905,0.01772848421252,0.02408402201879782,0.7901655806142608,0.6121633899078356
2025/05/20 13:37:52.615181738,1747741072,614642138,piren,-466.7422457256581,-290.1385450273024,2.328020144382769,0.0005638667084079945,0.0019198573877964994,0.7898182334435491,0.613337716370074
2025/05/20 13:37:52.659398107,1747741072,659003998,piren,-466.73444785540016,-290.1330349758608,2.3271109081541317,0.000782992699650097,0.002087509095673671,0.7898177191764735,0.6133375903228834
2025/05/20 13:37:52.703774900,1747741072,703390628,piren,-466.7282368842374,-290.128297233359,2.3263778143680574,-0.009075471084347107,-0.010601515608951128,0.7897711365836672,0.6132428519850297
2025/05/20 13:37:52.750042739,1747741072,749591097,piren,-466.7488154797615,-290.12985247342357,2.336789610402009,0.0013005301526525534,0.0027348877536668625,0.789837398005443,0.6133088241027422
2025/05/20 13:37:52.793048108,1747741072,792694484,piren,-466.7351739489011,-290.12275001838856,2.3326936172237285,0.011679924154453462,0.016049542076668605,0.7896780430202456,0.6132002771873075
2025/05/20 13:37:52.875918691,1747741072,874636194,piren,-466.6943523656833,-290.1058083558162,2.3173380142755797,0.0005537198636342664,0.0016228685982732061,0.7844375527994277,0.6202054381008527
2025/05/20 13:37:52.959786799,1747741072,958733913,piren,-466.6955207577512,-290.1039963540097,2.3197219597993985,-0.0010281884822350587,-0.0003593752465536712,0.7860732343113968,0.6181324162160541
2025/05/20 13:37:53.2685193,1747741073,1297388,piren,-466.69936339431615,-290.10522594147375,2.32333100015085,-0.0015758587777114329,-0.0010368533365174761,0.785147976658022,0.6193053337038891
2025/05/20 13:37:53.45217138,1747741073,43867175,piren,-466.70263920857593,-290.1062243288615,2.3265794490693343,0.016269080695376525,0.021616139130761616,0.784850769262784,0.6190939585636603
2025/05/20 13:37:53.127594478,1747741073,125235671,piren,-466.65434231979526,-290.09111232592596,2.307368912137377,0.017583432685102637,0.023429240798766498,0.7865793896228381,0.6167939343015343
2025/05/20 13:37:53.210307745,1747741073,208068049,piren,-466.6191533120924,-290.0783644689817,2.292074928220483,0.0017548769987933413,0.003244316578329984,0.7862157096370245,0.6179411401878082
2025/05/20 13:37:53.251492858,1747741073,250839413,piren,-466.63455293005427,-290.0788813110371,2.3007008826088655,-0.0004903941539555906,-0.00017756099789843763,0.7862224161620827,0.6179433957167296
2025/05/20 13:37:53.294969831,1747741073,294567234,piren,-466.65202782863935,-290.08043606449206,2.310036282895511,-0.001314664073798516,0.0001367357627321779,0.7862222254047021,0.61794244492621
2025/05/20 13:37:53.377115016,1747741073,376703288,piren,-466.66128823695794,-290.0752641849157,2.3165083906133987,0.016870033453919363,0.022957932921278495,0.7819238314579245,0.6227226164877946
2025/05/20 13:37:53.460102458,1747741073,459769797,piren,-466.62299511368485,-290.06255952404047,2.2999547515459686,0.018911605317793952,0.02552901875027418,0.7823782003609103,0.6219927427116618
2025/05/20 13:37:53.502954866,1747741073,502539040,piren,-466.5891603921927,-290.0547458255284,2.285566698160704,0.0008335099677049685,0.002772934686624341,0.7818432027177683,0.6234683812819863
2025/05/20 13:37:53.545711817,1747741073,544965313,piren,-466.61105114412106,-290.05979100855114,2.297490302033556,-0.0013927731393991566,-5.88524020871976e-05,0.7818481270269491,0.6234673712262966
2025/05/20 13:37:53.629595281,1747741073,626533042,piren,-466.62712236892344,-290.05979867719896,2.3077397651410068,0.015779138728781113,0.02158727196190039,0.7836158272278516,0.6206699958820554
2025/05/20 13:37:53.711276046,1747741073,709815037,piren,-466.59869723360845,-290.04873177707765,2.2957311376014906,0.015941342931909807,0.02165388203653422,0.7829092809435766,0.621554535652896
2025/05/20 13:37:53.752259655,1747741073,751880572,piren,-466.57717647621035,-290.04048222888827,2.2870596909323737,0.01773461943489287,0.023902268859948072,0.7828432339340234,0.6215067464642409
2025/05/20 13:37:53.796253051,1747741073,795851280,piren,-466.5568069243119,-290.0324203769051,2.2787249804881298,0.0017832716200906133,0.003783181701404171,0.7831988215980417,0.6217572784664304
2025/05/20 13:37:53.878506753,1747741073,878093463,piren,-466.576238920787,-290.02993075240715,2.2904814911174194,-0.004392622765904036,-0.003958097933974675,0.778513538565474,0.6275999590473583
2025/05/20 13:37:53.964402678,1747741073,963097508,piren,-466.61238050011195,-290.035579946628,2.3081222738024776,0.01685888850987176,0.022460834291708146,0.779616021581268,0.625627802846811
2025/05/20 13:37:54.6733225,1747741074,6183305,piren,-466.58193860825764,-290.02906845191256,2.295695221214549,-0.010026280698164363,-0.0110887229538902,0.7788650609157729,0.6270133418064426
2025/05/20 13:37:54.51731676,1747741074,50100596,piren,-466.62945239216305,-290.04009514753807,2.317911659389281,-0.018109085300418697,-0.021149976219211435,0.7786570367805147,0.6268316828365468
2025/05/20 13:37:54.93472777,1747741074,93146466,piren,-466.6836824491017,-290.0510348088931,2.3418187231657486,-0.0021645932628321096,-0.0012877340012529557,0.7789431590515614,0.6270894762662841
2025/05/20 13:37:54.177398540,1747741074,175960966,piren,-466.6838094746898,-290.04330151629114,2.3450782991589256,-0.0021941134858981595,-0.0013765992031298461,0.7767778736273707,0.6297693433977122
2025/05/20 13:37:54.262473086,1747741074,259337081,piren,-466.6767485148357,-290.0380273624613,2.343896498442938,0.0004271167836196511,0.00316948837103113,0.778110231654648,0.6281196058945057
2025/05/20 13:37:54.304628700,1747741074,302937440,piren,-466.661469660978,-290.03255882398696,2.3390776074459194,0.0013204154604228554,0.002495069434700709,0.7771061106027064,0.6293632687053339
2025/05/20 13:37:54.346683512,1747741074,346309171,piren,-466.64875636298075,-290.0302017918577,2.3354287335874155,-0.0017136129709130051,-0.001201683270716768,0.7771091308358876,0.6293623902485708
2025/05/20 13:37:54.389680284,1747741074,389331941,piren,-466.64649081239395,-290.0288908639906,2.3359751113018214,-0.02160705412239644,-0.025796978151591328,0.7766806266230472,0.6289951155285939
2025/05/20 13:37:54.474908750,1747741074,472625499,piren,-466.69656811183216,-290.03245084948026,2.357596159837165,0.01751413795101668,0.02246669330697695,0.7746541666224657,0.6317431636338745
2025/05/20 13:37:54.558282150,1747741074,556954295,piren,-466.628992662551,-290.01391271848036,2.328744732054487,0.019195746326702515,0.02467297965597553,0.7761035488631564,0.629830174602544
2025/05/20 13:37:54.601046254,1747741074,600619935,piren,-466.5744307808946,-290.0014630621149,2.305648836053674,-0.0028722320486873516,-0.002526143214144935,0.7764913624044516,0.6301162852956577
2025/05/20 13:37:54.644756212,1747741074,644407095,piren,-466.5916429917403,-290.003326329583,2.3153649933430906,-0.01973364943029908,-0.023268019441489873,0.7761245041227615,0.6298411993920613
2025/05/20 13:37:54.748951709,1747741074,748591498,piren,-466.64383910938625,-290.00931890353445,2.3389534364652906,0.009533416017415672,0.012773354521968832,0.7742872467833771,0.6326335549604625
2025/05/20 13:37:54.831795114,1747741074,831492595,piren,-466.6072747441415,-289.9985664012227,2.326336189011322,0.012605725970632933,0.016579624481332357,0.7760892321770839,0.6302790774122173
2025/05/20 13:37:54.915774422,1747741074,915394219,piren,-466.57153203811833,-289.9873335242416,2.3122699760160526,-0.01013500681310024,-0.011433511439048836,0.7760825648143194,0.6304461983740559
2025/05/20 13:37:54.976606891,1747741074,974056807,piren,-466.5998196381489,-289.98710955618947,2.327006176791191,-0.020542527993873353,-0.02433363954935461,0.7757866088550823,0.6301912535500905
2025/05/20 13:37:55.69219505,1747741075,67974127,piren,-466.64895875690746,-289.99026071430995,2.3491661059496836,-0.0013243735999550483,-0.0006540626753105616,0.771878402197764,0.6357684723680558
2025/05/20 13:37:55.161397744,1747741075,160972498,piren,-466.6335309498781,-289.984001541644,2.344988134105079,0.018665033253654418,0.023655985380049826,0.772550222046493,0.6342382559458656
2025/05/20 13:37:55.210249362,1747741075,209834047,piren,-466.5695751319823,-289.9709214811505,2.3182738527515165,-0.01805831900577094,-0.021033561562370788,0.7713574459544755,0.6357980630461815
2025/05/20 13:37:55.260285165,1747741075,256765699,piren,-466.6174969100833,-289.98041553394455,2.3398192382660397,-0.0006273309315192525,-0.00013377305249679089,0.7716441908138733,0.636054110389891
2025/05/20 13:37:55.302817234,1747741075,302325203,piren,-466.6057325496692,-289.97783314659904,2.3373158010361976,-0.0028386479173495827,-0.001788377374858212,0.7744223424609444,0.6326600819410612
2025/05/20 13:37:55.350027420,1747741075,348842199,piren,-466.60163914656675,-289.97123606371605,2.3374820607278215,-0.0018084394237982788,-0.0034593940680290886,0.7744168126528613,0.6326637040483005
2025/05/20 13:37:55.394581622,1747741075,393384937,piren,-466.59826902496843,-289.9686064259646,2.3379675211421693,-0.0017950107051987877,-0.002022628881199106,0.7744219703910691,0.632663653677522
2025/05/20 13:37:55.481167379,1747741075,480182584,piren,-466.5915393296791,-289.96066171854955,2.337990501294607,0.0008926685624282154,0.0013424822634621402,0.7692284298452436,0.6389718488337582
2025/05/20 13:37:55.569045177,1747741075,567339635,piren,-466.57666960637965,-289.9522733048949,2.334518741272727,-0.006113651243215799,-0.006960498564488594,0.7681188321183735,0.6402402943218397
2025/05/20 13:37:55.654158326,1747741075,653619771,piren,-466.59312160513343,-289.9561571075014,2.3427066365341274,0.018253731549345432,0.022513543482841063,0.7697137602664611,0.6377308749784941
2025/05/20 13:37:55.698899220,1747741075,698547997,piren,-466.53340438984867,-289.94337139071024,2.317032615924644,0.005537098317941956,0.007181467375306812,0.7700099030157782,0.6379674884554751
2025/05/20 13:37:55.786089613,1747741075,785714740,piren,-466.5171243247295,-289.9326530037702,2.312626755101341,0.0040428055262193225,0.005363858285176668,0.7673009351910196,0.6412520250281948
2025/05/20 13:37:55.873093002,1747741075,872620864,piren,-466.5082158869195,-289.9246594011461,2.3114682337142733,-0.001585081355923616,-0.001280137491636212,0.7661752764893358,0.6426284264344269
2025/05/20 13:37:55.963027387,1747741075,960117169,piren,-466.5210858641107,-289.92401029279534,2.3184207990122765,-0.017768677294636614,-0.02072660129311195,0.7677957686633192,0.6401127554804219
2025/05/20 13:37:56.5343497,1747741076,4894477,piren,-466.57148303999213,-289.93306936018575,2.340013537767323,-0.01988292395103272,-0.023254075288397437,0.767723408270937,0.6400505337162803
2025/05/20 13:37:56.52178600,1747741076,50829060,piren,-466.61204931835596,-289.93963713133274,2.357215272860846,-0.002673825476832379,-0.0025908611999616803,0.7686234828831694,0.6396906124495719
2025/05/20 13:37:56.97067469,1747741076,96695403,piren,-466.59513232124823,-289.9339885161184,2.3522791088683994,-0.0026771075809586763,-0.0026469917246934784,0.7686233812876272,0.6396904909937183
2025/05/20 13:37:56.141822190,1747741076,141265607,piren,-466.5816223176204,-289.92876365985256,2.348528499218888,0.005318261425037248,0.006965604743921499,0.7673872441495613,0.6411240238538157
2025/05/20 13:37:56.229590519,1747741076,228420441,piren,-466.5496091551722,-289.9186101683731,2.33796917250526,-0.019622913433617394,-0.02280704950647091,0.764901460322892,0.643444275564787
2025/05/20 13:37:56.315910529,1747741076,315170652,piren,-466.5888906039905,-289.9255137687491,2.3548523015013654,0.016692196910097046,0.020566273766080605,0.7674990279392762,0.6405026471904386
2025/05/20 13:37:56.362192392,1747741076,360803906,piren,-466.52284773978334,-289.9098749861892,2.327518169907515,0.0007652427046087092,0.0014084253866302777,0.7677731647863427,0.6407197501056893
2025/05/20 13:37:56.407668041,1747741076,407320855,piren,-466.5151857165015,-289.90498760381587,2.3265574066232166,-0.019810212292676845,-0.023236371291369164,0.7674174393172174,0.6404202529354719
2025/05/20 13:37:56.455265438,1747741076,453700168,piren,-466.56216730548465,-289.90989137562826,2.3468405894198106,-0.006340400635072321,-0.007139177875121012,0.7677363884836894,0.6406946770943831
2025/05/20 13:37:56.500870674,1747741076,500477640,piren,-466.56005368027604,-289.9064464011464,2.3479881169419063,0.001757118995469671,0.0026154186059867664,0.7671612247010737,0.6414465896966793
2025/05/20 13:37:56.549060704,1747741076,547101795,piren,-466.5363752816372,-289.899223534332,2.3401279635986083,-0.0014446588505805413,-0.0012190937533454623,0.7671647648148446,0.6414473091359962
2025/05/20 13:37:56.592927048,1747741076,592489642,piren,-466.5266637179545,-289.8944426045064,2.337937005236073,-0.009650630064711006,-0.011055417299198185,0.7670863177123126,0.641376039672718
2025/05/20 13:37:56.683085871,1747741076,681542299,piren,-466.53678527761406,-289.8903818491572,2.344976168503186,0.001350720042071794,0.00215902243988955,0.7615529830268839,0.648097653305678
2025/05/20 13:37:56.771876535,1747741076,770237843,piren,-466.51484078232585,-289.8815784171582,2.3387862538101767,-0.0014851766549798151,-0.0011850400849356434,0.7602153197719277,0.649668421207593
2025/05/20 13:37:56.859373357,1747741076,858951942,piren,-466.50646818899855,-289.87827028811597,2.3368637003322137,-0.019701136924845233,-0.02259864813550095,0.7621522695714065,0.6467032428351279
2025/05/20 13:37:56.905093947,1747741076,904697077,piren,-466.5463874899988,-289.88526842946044,2.35372205778317,0.0039741371195331976,0.0053585175380577305,0.7613933731147925,0.6482558321379206
2025/05/20 13:37:56.950957715,1747741076,950564770,piren,-466.5127098004028,-289.8802251080283,2.3414893776808925,0.020867753781525885,0.02517567142819286,0.7609969689740481,0.6479308108375192
2025/05/20 13:37:56.996208551,1747741076,995875600,piren,-466.44525606210397,-289.86861223403,2.312666545720305,0.00011486426595309863,0.0008813911176125211,0.7614128003424273,0.6482667332438101
2025/05/20 13:37:57.85869244,1747741077,84437837,piren,-466.4413395582719,-289.8605032080911,2.3142913544784944,0.0024625023624167196,0.0036210153695424695,0.7589489431128864,0.6511354130114884
2025/05/20 13:37:57.175195281,1747741077,172693147,piren,-466.43299937083367,-289.85282669416614,2.313947658418704,-0.00034582875049849957,0.00036217712762753884,0.7577522795767748,0.6525421304608652
2025/05/20 13:37:57.261574023,1747741077,261241688,piren,-466.43952503005136,-289.85062804134213,2.318525546822319,-0.020056540922232295,-0.022955680710385278,0.7595242888192546,0.6497642854012241
2025/05/20 13:37:57.307933389,1747741077,307543758,piren,-466.49511869101525,-289.85970916211653,2.341933424651784,0.00832568926693731,0.010273256013557747,0.7592771177031483,0.650633077580221
2025/05/20 13:37:57.354508984,1747741077,353832791,piren,-466.4601147824188,-289.8537056300728,2.329123773816427,0.01951376460678956,0.023279691796666713,0.7589897195926988,0.6503936304218544
2025/05/20 13:37:57.400075488,1747741077,399590902,piren,-466.40611406483015,-289.8439523223742,2.306589550705342,-0.007067561681531438,-0.007732416894455508,0.7614106893880593,0.6481851752288449
2025/05/20 13:37:57.447259300,1747741077,446075470,piren,-466.43394255335204,-289.84395640368274,2.320499336471376,-0.001606146177736855,-0.0013448015137969267,0.761448782018917,0.6482216936860816
2025/05/20 13:37:57.492957235,1747741077,492542483,piren,-466.439547338002,-289.84078084979546,2.324943409464802,-0.01855347184129863,-0.021296283782991504,0.7611524571012418,0.6479576946286006
2025/05/20 13:37:57.582741448,1747741077,581454531,piren,-466.4829819611273,-289.84128865778,2.345124999601786,0.017782974264691404,0.021007797915419676,0.7554605056194448,0.6546158130554587
2025/05/20 13:37:57.671610774,1747741077,670395449,piren,-466.4180927285542,-289.82603450389047,2.3196917392426113,0.0058031149642035805,0.007219526571679238,0.7545450425050569,0.6561828869483225
2025/05/20 13:37:57.761592876,1747741077,759816923,piren,-466.3968904683277,-289.8249100818223,2.3141506626109054,0.005804631192374929,0.0072231358555579755,0.7568437022290464,0.6535302157982928
2025/05/20 13:37:57.807546548,1747741077,807076875,piren,-466.3879888919884,-289.8225442269226,2.3123798839927594,-0.0013341565313865658,-0.000945098002043159,0.756877609858445,0.6535545964271722
2025/05/20 13:37:57.855054344,1747741077,854578861,piren,-466.39878347822236,-289.82229795944176,2.318949862714271,-0.002522963149794137,-0.0023597274810294145,0.7565648833509628,0.6539095072128133
2025/05/20 13:37:57.906116916,1747741077,900606231,piren,-466.40948703750024,-289.8222613694221,2.3250831072895815,-0.012883989954669266,-0.014322058411068338,0.7552585103923826,0.6551438497960562
2025/05/20 13:37:57.948868438,1747741077,948487235,piren,-466.4417685940804,-289.82556384824954,2.339923104058221,-0.022534346187908155,-0.025402059555631795,0.7549675492892246,0.654882384961176
2025/05/20 13:37:57.996037685,1747741077,994837664,piren,-466.48878663780164,-289.8304194866534,2.3594294019283386,-0.002173850255285217,-0.00198554958186193,0.7553921933186311,0.6552663322964134
2025/05/20 13:37:58.42244917,1747741078,41793978,piren,-466.4948375916509,-289.82931132891497,2.3633457566223264,-0.008855532727036272,-0.009633176982586922,0.7550771568396983,0.6555053536472606
2025/05/20 13:37:58.130780561,1747741078,130413164,piren,-466.4930374722504,-289.824383693891,2.3661619483089944,0.018891084501064255,0.022210042504670086,0.7523720611450374,0.6580927917449654
2025/05/20 13:37:58.219779920,1747741078,219420027,piren,-466.4141394963959,-289.8129078665295,2.3335439625518646,-0.017489544977609336,-0.01954594592326871,0.7553091874109829,0.654843571570342
2025/05/20 13:37:58.289123363,1747741078,287522901,piren,-466.4441491776793,-289.81017044414205,2.348631828741337,0.018638760341666765,0.022530840025497028,0.75522696835163,0.6548108002584239
2025/05/20 13:37:58.376302904,1747741078,375918557,piren,-466.3748529181737,-289.7918130930283,2.3214661262669973,-0.006717381913167849,-0.006528776733599705,0.7503820854798056,0.6609379529468506
2025/05/20 13:37:58.466372616,1747741078,465885762,piren,-466.38253292757287,-289.7864589948086,2.3284683696504582,-0.02164353671488812,-0.02360052602664416,0.7500962336357935,0.6605529598564631
2025/05/20 13:37:58.557034088,1747741078,556607761,piren,-466.4301126293433,-289.7895828707661,2.349155796730523,0.00407478757579118,0.0056313535679513495,0.7513381284622536,0.6598808230900813
2025/05/20 13:37:58.603625493,1747741078,603294677,piren,-466.3974032430232,-289.78480643425826,2.338266611075661,0.0017112475591729646,0.0029565330323362954,0.7501012499994753,0.6613141804720694
2025/05/20 13:37:58.650218437,1747741078,649827084,piren,-466.37858299380514,-289.7821981160717,2.3329902703010186,-0.008370396690449016,-0.00846889626407884,0.7500595400110196,0.6612631100354613
2025/05/20 13:37:58.696778162,1747741078,696419673,piren,-466.3895694065137,-289.7825188385022,2.3396973113216206,0.0005327591293900091,0.0015512490286513814,0.7501057142544192,0.6613159057795515
2025/05/20 13:37:58.745425395,1747741078,743299836,piren,-466.3741233869029,-289.7788666345433,2.3353407370536803,0.0011962924522040768,0.002284028232098512,0.7503850713373105,0.6609959128568824
2025/05/20 13:37:58.834229646,1747741078,832809569,piren,-466.35622207576495,-289.7714915747703,2.331374640092603,0.012748612145644015,0.016256927448591137,0.747710718842393,0.6637031460875286
2025/05/20 13:37:58.922327160,1747741078,921961585,piren,-466.3109480609097,-289.76195109034904,2.314909651515665,-0.016601601197539617,-0.01985232654026682,0.7500136103485731,0.66091592223256
2025/05/20 13:37:59.16712931,1747741079,13408330,piren,-466.3594450064372,-289.7664577583037,2.335904678624162,9.335532261155407e-05,0.0004978286335096188,0.7501640287428963,0.6612515961656823
2025/05/20 13:37:59.61316591,1747741079,60873454,piren,-466.349292247707,-289.76145559489805,2.3336631077320766,-0.0035009238827880492,-0.00352860082571009,0.7501557780222956,0.6612424677891946
2025/05/20 13:37:59.108756021,1747741079,108228076,piren,-466.35012096875397,-289.7578927775742,2.3357917701865714,-0.0034160187758029044,-0.003468402532667241,0.7501437736378251,0.6612568486390128
2025/05/20 13:37:59.156503884,1747741079,155603214,piren,-466.3498971348383,-289.75460184440584,2.337211582316303,-0.00023308377599736915,0.0002163238559395281,0.7501517586341178,0.6612656333835013
2025/05/20 13:37:59.203588952,1747741079,203259656,piren,-466.3403912553776,-289.74982324237027,2.334852534599523,0.020623241183622642,0.02388896000917185,0.749097238949785,0.6617078857853904
2025/05/20 13:37:59.251365675,1747741079,250838465,piren,-466.28066332119647,-289.7394304824884,2.3093446675874905,-3.143003337347894e-05,0.0005274455930994166,0.7494778876454387,0.6620291660824549
2025/05/20 13:37:59.298389063,1747741079,298015338,piren,-466.28843299467485,-289.7372851981943,2.314724407648969,-0.020845381326860854,-0.023001231285739932,0.7491235668819394,0.6617025728971879
2025/05/20 13:37:59.346630287,1747741079,346262815,piren,-466.34638337411536,-289.74126846301357,2.339169648592469,-0.02105368036014927,-0.02297776416997957,0.7460579777525619,0.6651513051395144
2025/05/20 13:37:59.397438139,1747741079,393072461,piren,-466.3869351144225,-289.74583857043706,2.3567824115465945,0.017399970150919184,0.020197857133485066,0.7461393806397104,0.6652558246754041
2025/05/20 13:37:59.484428047,1747741079,483965329,piren,-466.3198090671207,-289.7315846295393,2.3310218280949146,-0.0006559925305695709,-6.624746626958942e-05,0.7425800536456111,0.6697569926568552
2025/05/20 13:37:59.580494873,1747741079,576446914,piren,-466.3079261304507,-289.7252611146918,2.3302025652775744,0.007994145725013608,0.009556034438779476,0.7411201585201513,0.6712567962225768
2025/05/20 13:37:59.667982967,1747741079,666802610,piren,-466.28007512697525,-289.72017234682767,2.3207637073180942,0.01694086746521674,0.019552228625197583,0.7434765324867006,0.6682614480926354
2025/05/20 13:37:59.714848351,1747741079,714535119,piren,-466.23696947656777,-289.7163300284976,2.3038261862075964,-0.0033263615873122742,-0.003049863536910356,0.7426500382857366,0.6696645087543394
2025/05/20 13:37:59.761732771,1747741079,761283788,piren,-466.2553800392816,-289.71900813860833,2.3142427778057937,-0.017483353342412435,-0.01881696355761259,0.7424188499415423,0.6694434296412608
2025/05/20 13:37:59.809804572,1747741079,809329307,piren,-466.3036717134852,-289.72357855877766,2.335684048703991,2.6273666066560844e-05,0.0007068500582130345,0.7453596449723517,0.6666622078079569
2025/05/20 13:37:59.856852436,1747741079,856332956,piren,-466.293663528479,-289.71843479397256,2.3337080841983573,-0.0019196153097948924,-0.001063834805907752,0.745359289408517,0.6666593680621301
2025/05/20 13:37:59.903833972,1747741079,903509684,piren,-466.28949399798944,-289.7134076994774,2.334169911868094,-0.021329424050865416,-0.022438380576410996,0.7443286026958603,0.6670955748283711
2025/05/20 13:37:59.952551600,1747741079,951692158,piren,-466.33398602581235,-289.7143682506884,2.353123050040965,-0.02000639886465347,-0.021044075772675266,0.7443715134931779,0.667134125029756
2025/05/20 13:37:59.999592331,1747741079,999183110,piren,-466.3611447015663,-289.71367362233667,2.365395705064497,-0.0009406216220185018,0.00022517123847097493,0.7446689236075218,0.6674333365528667
2025/05/20 13:38:00.47930999,1747741080,47525584,piren,-466.3307415319526,-289.7066888959423,2.355365394874381,-0.003437105866116235,-0.0025627265234789234,0.7414184601317066,0.6710292733644039
2025/05/20 13:38:00.95190514,1747741080,94785034,piren,-466.3131486072486,-289.704636061803,2.3505165228499685,-0.003627103217955446,-0.002852620729873638,0.741417727586471,0.6710279129050678
2025/05/20 13:38:00.143095366,1747741080,141896412,piren,-466.2997039059273,-289.7021874182948,2.3471754762169508,4.328913274587523e-06,0.001118560270404174,0.7407883666907177,0.6717375563267852
2025/05/20 13:38:00.233583541,1747741080,233246369,piren,-466.2768161854203,-289.6960448408906,2.3415273922152093,-0.0017170193386894536,-0.0007766043370543382,0.7380646638897771,0.6747273528230234
2025/05/20 13:38:00.326384281,1747741080,326075635,piren,-466.2610295790108,-289.6927390264412,2.338602170265307,-0.0022012324826170817,-0.0012970139932206924,0.7407450760518699,0.6717813666924443
2025/05/20 13:38:00.419115178,1747741080,418660616,piren,-466.2495087203636,-289.6860228608331,2.336839447707787,-0.0014115006645303108,-0.0003814145621585852,0.7400613589576616,0.6725377663496268
2025/05/20 13:38:00.511669592,1747741080,511192279,piren,-466.24126694030076,-289.6819998438349,2.3349502003140836,-0.01564353924921336,-0.016050050706321466,0.739553960703985,0.6727240257038033
2025/05/20 13:38:00.560049666,1747741080,559618659,piren,-466.2700923456568,-289.68169486236343,2.347637315007799,-0.014181290859811749,-0.014371411204485611,0.7395872529498806,0.6727577935658497
2025/05/20 13:38:00.608053546,1747741080,607624687,piren,-466.2862260986212,-289.6800664701769,2.3553101660869893,-0.002630381301000556,-0.001628319612770012,0.7398671081156293,0.6727459342114719
2025/05/20 13:38:00.655687252,1747741080,655168444,piren,-466.2676419217673,-289.6748265359494,2.3493343095549384,0.011208604531533776,0.013676518017831134,0.7397436803499613,0.6726563813877469
2025/05/20 13:38:00.704569672,1747741080,704030140,piren,-466.2189873910639,-289.6667575355798,2.3299555207928675,-0.002162997998761689,-0.0011249206937165432,0.7391912339590521,0.6734911845237355
2025/05/20 13:38:00.752451173,1747741080,752065430,piren,-466.2162521540965,-289.6638687197043,2.330616948980759,0.012885990451702656,0.015459110955257515,0.7390316495316269,0.6733700231886731
2025/05/20 13:38:00.800319837,1747741080,799925443,piren,-466.1766049067462,-289.6573111351284,2.3148272490484745,-0.0011073358398094343,0.00010100659330809162,0.739193277446146,0.6734924366193216
2025/05/20 13:38:00.848204426,1747741080,847759210,piren,-466.1819275213505,-289.65472778833066,2.3189028313359206,-0.008634137352511083,-0.007505809062785871,0.7361120772941817,0.6767629748768292
2025/05/20 13:38:00.895852682,1747741080,895414466,piren,-466.2031061016642,-289.655910856581,2.329340467618165,0.01585395745396838,0.018213659858942913,0.7359255961627401,0.6766316808575445
2025/05/20 13:38:00.989011667,1747741080,988625483,piren,-466.15365142048597,-289.64595169721616,2.310757829389921,-0.009342444296726763,-0.007863630612796556,0.7322327156127157,0.6809450287905596
2025/05/20 13:38:01.81565806,1747741081,81010049,piren,-466.17546973229236,-289.6424314376205,2.3229332106259855,-0.020978477737274032,-0.02048480504093944,0.7313315020071394,0.6813915984265164
2025/05/20 13:38:01.176599691,1747741081,174310625,piren,-466.2201540980837,-289.6408256834052,2.343662951618942,0.018466366679197876,0.021649530117282278,0.7299136970855891,0.6829467665596034
2025/05/20 13:38:01.267291585,1747741081,266915054,piren,-466.1573553313416,-289.6307723000028,2.319704203656036,-0.002212185006371607,-0.0006619282747237668,0.7297016417873304,0.6837617875117995
2025/05/20 13:38:01.362226963,1747741081,361793862,piren,-466.160687893517,-289.6294183830918,2.3239536266781227,0.010237901137478207,0.012656671476064005,0.7320743911956553,0.6810301607146022
2025/05/20 13:38:01.411293587,1747741081,409925983,piren,-466.1317120578167,-289.62815357858193,2.3138558148507986,-0.01826829680189482,-0.018018107923818843,0.7309292580448297,0.6819707008756596
2025/05/20 13:38:01.458537334,1747741081,457930670,piren,-466.1802917631256,-289.6322347918541,2.3354221445078744,0.0012023046256497431,0.002800587427636115,0.7311458110137253,0.682214419527123
2025/05/20 13:38:01.508650774,1747741081,507480718,piren,-466.1661186392595,-289.63083953778687,2.331993032578336,-0.0009637547787220064,0.0005172498990656141,0.73378445759054,0.6793814638535743
2025/05/20 13:38:01.556420920,1747741081,555619060,piren,-466.16036030908685,-289.626286304622,2.331719760998545,-0.008179672578847596,-0.007303771353556169,0.7337482947277089,0.6793328991479045
2025/05/20 13:38:01.605335537,1747741081,604907981,piren,-466.173216732237,-289.6233213779494,2.338761048394309,-0.002620378423126543,-0.0012602947769797149,0.7331300178843384,0.6800822907199572
2025/05/20 13:38:01.653231211,1747741081,652716159,piren,-466.16753213069444,-289.6195902256081,2.3382152558550073,-0.0038700396007761285,-0.002565054197554632,0.733126399343209,0.680076558834749
2025/05/20 13:38:01.704380317,1747741081,702331206,piren,-466.1655878997116,-289.61614728287964,2.338947135717203,0.0019231297573004526,0.0036552095878281147,0.7331220248762519,0.6800845812515897
2025/05/20 13:38:01.751394577,1747741081,750967524,piren,-466.1491915865305,-289.611831599931,2.3333795723968547,-0.001287362649540495,0.00024785635956645134,0.7310856081796024,0.6822844822926099
2025/05/20 13:38:01.800120675,1747741081,799756817,piren,-466.1440751007737,-289.6100577340036,2.3327523161075665,0.0053798071136219585,0.007388950031992895,0.7310491177960335,0.6822636209431705
2025/05/20 13:38:01.849352640,1747741081,848870750,piren,-466.1233316568597,-289.60661750233976,2.3253005611956348,-0.000719371188597564,0.0005572412732652223,0.7293378835779583,0.6841530702739564
2025/05/20 13:38:01.897768532,1747741081,897416651,piren,-466.12304865286234,-289.60635128758855,2.326561890357599,-0.0021763955001763294,8.247568627371476e-05,0.7293378806047819,0.6841502118799007
2025/05/20 13:38:01.971575096,1747741081,969648568,piren,-466.1244155125441,-289.603971765097,2.3284345435832674,-0.022665589849810472,-0.02313635908912247,0.7283935421602558,0.6843930359552873
2025/05/20 13:38:02.20613088,1747741082,18356530,piren,-466.1771900995606,-289.6067174972684,2.3497774571931163,0.01719249049003256,0.01900033313894099,0.7267357803333431,0.6864390076289709
2025/05/20 13:38:02.67661649,1747741082,67311300,piren,-466.11661225545816,-289.60391208434504,2.3249751677172332,-0.0015771012640554303,-0.0008258248658336286,0.7269834894505848,0.6866526318533598
2025/05/20 13:38:02.117108858,1747741082,115692939,piren,-466.11756569741164,-289.60337519538274,2.3274021816459416,0.0010864253557836489,0.002036813810589192,0.7298758362459611,0.6835758441707156
2025/05/20 13:38:02.165785862,1747741082,164703381,piren,-466.10743841555137,-289.5967572925411,2.325980573678637,-0.019539551662758673,-0.019927495142858433,0.729603606862106,0.6833005764024755
2025/05/20 13:38:02.262356653,1747741082,259746560,piren,-466.1533645538446,-289.5948662426485,2.3453438478558284,-0.004564930924960719,-0.0038597285120170973,0.7269218584479223,0.686694164539122
2025/05/20 13:38:02.309551947,1747741082,309093721,piren,-466.1477793280563,-289.5929401839519,2.3449914404911496,-0.0022705770036977706,-0.0014977487969805193,0.7251140053343991,0.6886234678665233
2025/05/20 13:38:02.359838164,1747741082,358099549,piren,-466.1369356481946,-289.59212060648144,2.3423809149196373,6.883572234578361e-05,0.0009538563554827218,0.725114925296866,0.6886272072256636
2025/05/20 13:38:02.407621577,1747741082,407188404,piren,-466.12231411001875,-289.59024951423527,2.338032488839205,0.019990279826262124,0.02214383108335504,0.727590898828554,0.6853623300118534
2025/05/20 13:38:02.456727310,1747741082,456310585,piren,-466.0628515278209,-289.58205976306556,2.3129830228770367,0.019640962240193908,0.02169815978659482,0.7276032034955865,0.6853736212658865
2025/05/20 13:38:02.506201364,1747741082,505664032,piren,-466.0204860577537,-289.5753213446242,2.295609306827077,-0.020551981704986733,-0.020988807053156897,0.7269798300930793,0.6860301834936424
2025/05/20 13:38:02.558369349,1747741082,554750182,piren,-466.0875728486319,-289.5759056139674,2.3244764635516506,-0.01960124380647774,-0.020045064993486766,0.7270083596111158,0.6860559974711982
2025/05/20 13:38:02.604699949,1747741082,604270950,piren,-466.13274791451835,-289.5753027873447,2.3445416129494387,-0.008844978740750234,-0.008558737630450255,0.7265726534759903,0.6869793982224702
2025/05/20 13:38:02.654711457,1747741082,653411068,piren,-466.1370332733296,-289.5728398918002,2.348888340034534,0.001627569110582824,0.0024373505674592376,0.7266187449391892,0.6870346496676855
2025/05/20 13:38:02.704230686,1747741082,703085688,piren,-466.113144443292,-289.56870259939063,2.341474360551879,0.003885741930363879,0.004826804544801475,0.7266062934431753,0.6870261256286453
2025/05/20 13:38:02.752166172,1747741082,751582910,piren,-466.08913278684776,-289.5644776047868,2.3336304966278667,0.020056196767980112,0.021687034906596018,0.7237068279641747,0.6894750529541998
2025/05/20 13:38:02.801705120,1747741082,801178637,piren,-466.03215150887223,-289.56144134269164,2.3101773512513275,-0.0010172319341412639,-0.0004527474298760262,0.7240316231599342,0.6897658797906346
2025/05/20 13:38:02.851934758,1747741082,850658035,piren,-466.0410347347896,-289.56069408255894,2.3163702490468605,-0.005272304896372602,-0.003674354335876436,0.7229333442079721,0.6908878937668339
2025/05/20 13:38:02.902488081,1747741082,901008641,piren,-466.0557468331539,-289.5592741984871,2.3246232488383054,-0.0010288303652400753,-0.0008253751493389324,0.722942320740158,0.6909071291764016
2025/05/20 13:38:02.950821295,1747741082,949990787,piren,-466.0569386687333,-289.5586809600706,2.3271591981159867,-0.0009352058754583896,-0.0007027497770850518,0.7224597880171594,0.6914119511773877
2025/05/20 13:38:02.999775559,1747741082,999368427,piren,-466.0567092588163,-289.55771505599256,2.328897035917262,-0.0009164555951220806,-0.0006515273400290956,0.7224598349257024,0.6914119774348678
2025/05/20 13:38:03.97515217,1747741083,96234185,piren,-466.0525603574664,-289.5515710433722,2.330140781493415,-0.013731646043923018,-0.013854189858104531,0.7194337613310523,0.6942870921869098
2025/05/20 13:38:03.146611188,1747741083,145369798,piren,-466.0817388829737,-289.55341170575235,2.3432598432702703,0.0015845885740322166,0.0020900822609193005,0.7204185677284836,0.6935345758556196
2025/05/20 13:38:03.195121800,1747741083,194669666,piren,-466.0644054844548,-289.55145444527307,2.337682997947414,0.0011613964206302347,0.001734151184062751,0.7204196597005289,0.6935352606717262
2025/05/20 13:38:03.246525558,1747741083,245318063,piren,-466.05186921260486,-289.5489139146711,2.3340081177240153,0.0014628834851091674,0.002101804228666551,0.7202837411807979,0.6936748334641287
2025/05/20 13:38:03.297134040,1747741083,294726754,piren,-466.04119743646805,-289.54615083185047,2.3309860965531115,-0.006017491844850128,-0.005640298870272231,0.7202640444765095,0.6936509807207744
2025/05/20 13:38:03.345963479,1747741083,345599973,piren,-466.05074762031217,-289.5437557393851,2.3362647201409894,-0.0020447692033854193,-0.0014298162267571068,0.7196983355837692,0.6942824211388439
2025/05/20 13:38:03.395201141,1747741083,394785409,piren,-466.04698304248654,-289.54120296854717,2.336064751571683,-0.021151229991555033,-0.021249618403547905,0.7193838390701314,0.6939653963075302
2025/05/20 13:38:03.447304918,1747741083,445174508,piren,-466.09004644901233,-289.5400600239316,2.3537065167119517,-0.009622292287056022,-0.009249594994905465,0.718943327774127,0.6949405355371329
2025/05/20 13:38:03.541302586,1747741083,540854206,piren,-466.0918795543809,-289.53533518114523,2.3573533999091576,-0.010477283824701174,-0.01001915143061331,0.7164676068959837,0.6974697207743211
2025/05/20 13:38:03.640686789,1747741083,637563959,piren,-466.0919060389613,-289.53230104700305,2.3602263585908863,-0.006814627260772369,-0.006326555416335423,0.7188490121184495,0.6951040449660684
2025/05/20 13:38:03.736603437,1747741083,734388249,piren,-466.07992186497955,-289.5258024840876,2.358359658878225,0.01652619465203252,0.01776796479566315,0.7179795769834652,0.6956410794022934
2025/05/20 13:38:03.831103919,1747741083,830799185,piren,-466.01145304105813,-289.5178998023121,2.3319256009958664,-0.02021903769600916,-0.020885859147507353,0.7172191001949751,0.6962411462401715
2025/05/20 13:38:03.926645027,1747741083,926350349,piren,-466.0455099254374,-289.5147890129845,2.3480330161562066,0.02117010850608845,0.022916973336033233,0.7165631701147607,0.6968241256400647
2025/05/20 13:38:04.22229862,1747741084,21899720,piren,-465.9695936514479,-289.50671989158354,2.318421181051865,-0.003610787268753049,-0.0026129559176937497,0.7161032531551172,0.6979801325949975
2025/05/20 13:38:04.119632185,1747741084,117982829,piren,-465.974667141078,-289.5042294206897,2.3235968679493118,-0.013891516092372337,-0.013220353275763196,0.715826247049559,0.698015065793614
2025/05/20 13:38:04.167405157,1747741084,167113034,piren,-466.0025596074714,-289.50228302854066,2.3372788175411277,-0.009195002259851358,-0.008435480534707196,0.7158995913186752,0.6980917344814674
2025/05/20 13:38:04.219939845,1747741084,219413665,piren,-466.0068499514433,-289.497271194678,2.3427115065282176,-0.020897566166371916,-0.02049275101825042,0.715164611868469,0.6983429793554512
2025/05/20 13:38:04.318096796,1747741084,317249607,piren,-466.03697349502175,-289.49277481935565,2.357648382025936,-0.000806199796959712,0.00011639593142531584,0.7140027565748269,0.7001424141540227
2025/05/20 13:38:04.417154706,1747741084,415800511,piren,-466.01005658215377,-289.4880260912167,2.350500183924808,0.01919716800860874,0.020531473207351297,0.7130401850473794,0.7005595062919239
2025/05/20 13:38:04.513757737,1747741084,513337673,piren,-465.94138121676264,-289.48521489653587,2.3225573203752097,0.0031065907604116492,0.00413904840695283,0.7131450936909571,0.7009973557130214
2025/05/20 13:38:04.565432186,1747741084,563535317,piren,-465.9294636684739,-289.4832465587097,2.3199634164238807,0.001148068385613704,0.0021843436450758114,0.7131538811095574,0.701003175770408
2025/05/20 13:38:04.614639453,1747741084,614294437,piren,-465.91872866310445,-289.4784602622586,2.3189402091948614,0.010389379500596992,0.011654113893609973,0.7124966068710596,0.7015018372179607
2025/05/20 13:38:04.711989647,1747741084,710832709,piren,-465.8945318095753,-289.4757276543022,2.3102272339744796,0.019556152363004228,0.020977730866279992,0.7114235805027425,0.7021780264413824
2025/05/20 13:38:04.762440853,1747741084,760918510,piren,-465.8548969751384,-289.4733169526927,2.2939426706577604,0.017149077072497517,0.01856755696407794,0.7114922949501794,0.7022391823378088
2025/05/20 13:38:04.812441991,1747741084,810925193,piren,-465.83230307196453,-289.47079485026944,2.285374351174016,-0.022650178724659926,-0.021846331135686046,0.7114865423547864,0.7019947345013933
2025/05/20 13:38:04.861018533,1747741084,860470690,piren,-465.9111662162586,-289.4692215884712,2.31872353183293,-0.008144140136938746,-0.008275875083208694,0.7117730315397361,0.7023135584949011
2025/05/20 13:38:04.911402665,1747741084,911043310,piren,-465.9334437000001,-289.4681075560517,2.3303604870749655,0.017038520450440367,0.018592754821018218,0.7108632528428347,0.7028779652590695
2025/05/20 13:38:04.960906178,1747741084,960585409,piren,-465.8869555034052,-289.4647189904106,2.312025541700133,0.0001654957296056451,0.001464792122618193,0.7111048906869497,0.7030843914042626
2025/05/20 13:38:05.10810895,1747741085,10418270,piren,-465.8925869230354,-289.4619080603867,2.3168146911723446,0.021242393601590245,0.022758714800910858,0.7100335814587665,0.703479292385727
2025/05/20 13:38:05.61167931,1747741085,60046403,piren,-465.84624593468016,-289.45922728668944,2.2976865745424964,0.0215571621000292,0.02301000243299428,0.7100253100453967,0.7034698910722227
2025/05/20 13:38:05.111855598,1747741085,111470549,piren,-465.8118357201902,-289.45647442371484,2.283829953998738,0.005553572604585627,0.006826287210437693,0.7096696055855947,0.7044796736189292
2025/05/20 13:38:05.162732664,1747741085,161162900,piren,-465.8240374190991,-289.454595527105,2.2916092645601953,-0.0017100110265254682,-0.0005424010296347636,0.7097022915369194,0.7044994244501962
2025/05/20 13:38:05.213927490,1747741085,211936623,piren,-465.8496492511254,-289.45257554769853,2.3048361041553735,0.0015974130368772012,0.0027660311473463027,0.7088729949737881,0.705328912168056
2025/05/20 13:38:05.263359478,1747741085,262988323,piren,-465.8601043036274,-289.45127338498867,2.311259527750718,0.0010134315531049535,0.0020742601262777843,0.7088752475194002,0.705330102757372
2025/05/20 13:38:05.314186253,1747741085,313114843,piren,-465.86736121185504,-289.4492312578702,2.316420297006439,-0.0016212116152605105,-0.0005981431225724202,0.7082656830764661,0.7059438618430863
2025/05/20 13:38:05.364570276,1747741085,364267534,piren,-465.8763915307684,-289.44528750972705,2.3238962196019437,-0.018746282308291465,-0.01782457811516096,0.7080450061105895,0.7056933687066144
2025/05/20 13:38:05.463086561,1747741085,462184588,piren,-465.9575957004472,-289.4432500529097,2.357555523911204,0.00012162596072591439,0.0010474208960761576,0.7050028655020077,0.7092036715574378
2025/05/20 13:38:05.514656197,1747741085,514275309,piren,-465.93403051066457,-289.4437001514613,2.3500834178434657,0.01889925347719567,0.01961281588603215,0.7026184124183074,0.7110453728151269
2025/05/20 13:38:05.566260581,1747741085,564794230,piren,-465.8715463793487,-289.4457304235762,2.3246096133631897,-0.02291575160098864,-0.021740056953298306,0.702556988187872,0.7109260978474595
2025/05/20 13:38:05.617092348,1747741085,616679813,piren,-465.9241831914011,-289.4450729182663,2.347009990658088,-0.020387331002026037,-0.01938471784017673,0.7058685852158322,0.7077839570478199
2025/05/20 13:38:05.669368667,1747741085,667203579,piren,-465.9547370277743,-289.44083274304126,2.3609271787996864,-0.0007027481590861197,0.00023277374657173608,0.7061346727920991,0.7080771679995078
2025/05/20 13:38:05.719327986,1747741085,718917523,piren,-465.9296792521164,-289.43499528700534,2.3544406239849525,-0.006200390880592451,-0.005198520632100931,0.7047274849008635,0.7094319576685765
2025/05/20 13:38:05.838886673,1747741085,838485474,piren,-465.91973365877993,-289.42974619799014,2.354084948999459,0.0015362355941766883,0.0023559151813788946,0.7032646063558388,0.7109226280623122
2025/05/20 13:38:05.939630928,1747741085,937412507,piren,-465.89092107444736,-289.4257295212568,2.3456660793428554,-0.0007049705932299611,-0.0001709865228975848,0.7026616227415364,0.7115237998171968
2025/05/20 13:38:06.39232890,1747741086,35500143,piren,-465.8716022178811,-289.42189245728275,2.340957666683323,0.01773323325351354,0.02251318696417349,0.7015798012538748,0.7120143757844124
2025/05/20 13:38:06.135169256,1747741086,133476155,piren,-465.8066416199202,-289.41339805742166,2.315396979209617,-0.0267211198927542,-0.021776961526586043,0.7009756315897865,0.7123516755196457
2025/05/20 13:38:06.231491872,1747741086,231092904,piren,-465.8598078097224,-289.40444455085753,2.338813029073922,0.013915742801230712,0.012518772799905509,0.7007124781113264,0.7131981880578206
2025/05/20 13:38:06.332032877,1747741086,329928285,piren,-465.81285858858496,-289.4048975584527,2.32227977541896,-0.012869778301818758,-0.01286408467273125,0.7002220875523572,0.7136931499151536
2025/05/20 13:38:06.429341329,1747741086,429017802,piren,-465.8361892297747,-289.4022490415065,2.3351711572819607,0.0010713148070790994,0.0027924660028339383,0.6997769566748858,0.7143551394964848
2025/05/20 13:38:06.528051250,1747741086,527724648,piren,-465.81877471095703,-289.39747457464557,2.3316028068733305,-0.0012939670498532748,-0.00069799942242858,0.6992593710773063,0.7148665402763303
2025/05/20 13:38:06.627666293,1747741086,626175077,piren,-465.8105787592931,-289.39393624211493,2.3316710064145174,-0.004199503061564397,-0.003654898299822622,0.6987464328203541,0.7153477675321873
2025/05/20 13:38:06.725938813,1747741086,725027677,piren,-465.81040112109133,-289.390408121029,2.3346829902308017,-0.0025540357370009413,0.0019870576660095908,0.6982582687073188,0.7158386121781529
2025/05/20 13:38:06.824611932,1747741086,824273665,piren,-465.799666305168,-289.3816552752688,2.333520021868131,-0.0027467193714715136,-0.001921369168222833,0.6977041962778969,0.7163781252728393
2025/05/20 13:38:06.924665773,1747741086,924227585,piren,-465.79471692535196,-289.3781910672812,2.334565347965852,-0.022768185348903913,-0.022096289201728892,0.697041546208338,0.7163284488270175
2025/05/20 13:38:07.24577516,1747741087,24215800,piren,-465.8377004932544,-289.37392696668115,2.35365087003789,0.018211332049227032,0.02166378991413604,0.6965918590685494,0.7169092058768469
2025/05/20 13:38:07.124054354,1747741087,123652355,piren,-465.76908002151714,-289.36811331736976,2.3267122336356327,-0.00409735572811464,-0.0031731478559075986,0.6965648095948145,0.7174751625268027
2025/05/20 13:38:07.224063330,1747741087,222092443,piren,-465.7677622796357,-289.36441129488594,2.32986191441975,0.019975632491710024,0.023476200275755796,0.6957182071325353,0.7176531323637204
2025/05/20 13:38:07.323836256,1747741087,322297111,piren,-465.7063347940448,-289.35858374107426,2.30599740505917,-0.016539822715848827,-0.016016362253308325,0.6956543896540153,0.7180075769515241
2025/05/20 13:38:07.422861848,1747741087,420858759,piren,-465.7468575591585,-289.3549463917176,2.325835054355251,0.0067973310322944685,0.007716256008662956,0.6954602800796515,0.7184909564605381
2025/05/20 13:38:07.522024573,1747741087,520474401,piren,-465.7232001204101,-289.3516476676747,2.319681197447306,0.011446919825677538,0.012625605788314316,0.6950504960596379,0.7187589095324203
2025/05/20 13:38:07.620301081,1747741087,619927982,piren,-465.6888912846133,-289.3482905943394,2.3086023658989987,-0.002722471146629233,-0.001448521186763551,0.6948329306878813,0.719164576692232
2025/05/20 13:38:07.721706877,1747741087,720257168,piren,-465.7043296400817,-289.3460969898368,2.3172319477535477,-0.02202225894403354,-0.021542418491884444,0.6944918435346424,0.7188407498051124
2025/05/20 13:38:07.774309366,1747741087,773171831,piren,-465.75783488333815,-289.3419138341185,2.341056234651999,0.009344572444526453,0.008830007111491268,0.6947713050920659,0.7191158067800398
2025/05/20 13:38:07.873345844,1747741087,872895359,piren,-465.72457457618304,-289.3392932469923,2.330607810068978,-8.347684958187993e-05,-0.0003936453510542576,0.6926112936870327,0.7213109134985609
2025/05/20 13:38:07.974062511,1747741087,973731091,piren,-465.71741175220325,-289.336278344922,2.331269612285231,0.012695776988655197,0.011834169181179167,0.6918993715598822,0.7217853069448599
2025/05/20 13:38:08.74323516,1747741088,73931615,piren,-465.6804602355182,-289.3342797545591,2.3187295201704283,0.012742354274154434,0.011858535138665081,0.6919018078969672,0.7217817507950899
2025/05/20 13:38:08.196204866,1747741088,195748414,piren,-465.64964001752503,-289.3319588416423,2.308734827864928,-0.020790989685989865,-0.020308459791052953,0.6911781209194776,0.7220997897597065
2025/05/20 13:38:08.297903112,1747741088,297423466,piren,-465.7028408087147,-289.32667284756843,2.3328941671830434,0.0010169559198316457,0.00047637963744908817,0.6911006292958686,0.7227576765762871
2025/05/20 13:38:08.350336845,1747741088,349893946,piren,-465.69483472142053,-289.32788332378277,2.3318876444721908,0.021243454457321245,0.018976195536408166,0.6919688490565207,0.7213651860057276
2025/05/20 13:38:08.402418477,1747741088,401844547,piren,-465.6424884626823,-289.3300296487843,2.3104790220329594,0.015620509575617388,0.014359984448853532,0.6920803406200823,0.7215085534173643
2025/05/20 13:38:08.455989652,1747741088,454016460,piren,-465.61577672321556,-289.329568222378,2.3008693225323658,0.006028394076167577,0.005949523879812931,0.6921430269115353,0.7217106705101455
2025/05/20 13:38:08.507550941,1747741088,506106178,piren,-465.6169879553788,-289.3269277319336,2.303725936701959,-3.8442913864433857e-05,-0.0006596005652804125,0.691578471571,0.722301032194165
2025/05/20 13:38:08.559192869,1747741088,558450074,piren,-465.63308426673444,-289.3254889057266,2.312549165551546,-0.01635142328214994,-0.014942961267491454,0.6914172588568782,0.7221159969285038
2025/05/20 13:38:08.614212560,1747741088,610172761,piren,-465.67926629881634,-289.3205213726496,2.3331064351451642,-0.0013496607580576222,-0.0019999326407036527,0.692602651581715,0.7213152886964537
2025/05/20 13:38:08.663826749,1747741088,663550873,piren,-465.67762175653525,-289.3186278821706,2.3347352464151614,0.0018391037307640746,0.0009287648981330508,0.6926049248084692,0.7213141986847937
2025/05/20 13:38:08.715835463,1747741088,715560149,piren,-465.6666996093407,-289.3156192200244,2.3339748731072443,0.0003760250830459837,-0.0012378213413554468,0.6921187663507037,0.7217824739273211
2025/05/20 13:38:08.818550596,1747741088,817349406,piren,-465.6600095244252,-289.3138590342081,2.3348580496155775,0.000537418632278344,0.0005369465440076402,0.6915625733844154,0.7223161565156547
2025/05/20 13:38:08.919754736,1747741088,918442978,piren,-465.6494433254565,-289.31028490435466,2.33407825104146,-0.022199464555704373,-0.023415774645189066,0.6909007992763143,0.7222291678065598
2025/05/20 13:38:09.21266427,1747741089,20380805,piren,-465.7011265178375,-289.3074113289718,2.3569485583427605,0.02003141744724911,0.017628730997468714,0.6908020949317775,0.7225513378275211
2025/05/20 13:38:09.124069105,1747741089,121504664,piren,-465.6278112754787,-289.3087503236694,2.32872363838526,-0.012933016068758907,-0.01386573046373997,0.6905972161427166,0.7229909845011915
2025/05/20 13:38:09.223089878,1747741089,222714261,piren,-465.652323780273,-289.305682922687,2.3425555456230844,-0.003561317322767586,-0.0033201650509983895,0.6904526585026615,0.7233611960076155
2025/05/20 13:38:09.325665161,1747741089,324542898,piren,-465.64239599045715,-289.3020535979223,2.3428946933831143,0.023920496214954387,0.020996339220762588,0.6898899194495475,0.7232142577701673
2025/05/20 13:38:09.426633118,1747741089,426289620,piren,-465.5660551304837,-289.30486727102914,2.3128091727028925,-0.001235059560861689,-0.002800830581232376,0.6900068227945395,0.723796390204401
2025/05/20 13:38:09.528804726,1747741089,528426481,piren,-465.5664171917969,-289.3033098992381,2.318012064614318,-0.002739722767956256,-0.0042434076590490855,0.6896887019141769,0.7240883798698413
2025/05/20 13:38:09.634336364,1747741089,632722831,piren,-465.56974581319423,-289.3017968692543,2.324350488402187,0.0016367498756684228,-0.00024660335477199935,0.6894376805139747,0.7243431127056711
2025/05/20 13:38:09.736659006,1747741089,736246168,piren,-465.5596340888891,-289.30120898228364,2.3250390818444093,-0.019333593578768075,-0.020461117654261177,0.6888713179116154,0.724336843038088
2025/05/20 13:38:09.838405411,1747741089,838008244,piren,-465.6045555596502,-289.29826180202684,2.3469865478355607,-0.0038674387918162167,-0.004589426367566243,0.6888875283936545,0.7248433991604601
2025/05/20 13:38:09.941928489,1747741089,941497564,piren,-465.59434731253964,-289.29635658396995,2.347908454874959,0.01864761487858273,0.015361170549769545,0.688480789821701,0.7248520559018701
2025/05/20 13:38:10.44773774,1747741090,44285237,piren,-465.5267524387266,-289.2995377215318,2.3234736622166348,0.0027252690113267605,-7.514841881323467e-06,0.688404525015789,0.7253218477270136
2025/05/20 13:38:10.149324745,1747741090,148118285,piren,-465.5119847349918,-289.3002187519759,2.3226895339928855,0.003476109590007698,0.0006625490833502908,0.688145243476218,0.7255643331723846
2025/05/20 13:38:10.203769127,1747741090,202589995,piren,-465.5045207967468,-289.30078292191837,2.3225619261225443,-0.019139207110904548,-0.020368142110331902,0.6878424894656813,0.7253216798247474
2025/05/20 13:38:10.256798448,1747741090,255820468,piren,-465.55103034480635,-289.2977328364677,2.3430482998150937,-0.02468208103537241,-0.025707675469513285,0.6856534268210874,0.7270552170132729
2025/05/20 13:38:10.310146818,1747741090,309760986,piren,-465.5949660366966,-289.29650169988673,2.3621253725929905,0.017635783203628144,0.014093494218302837,0.6842891956337992,0.7288612003052168
2025/05/20 13:38:10.364552573,1747741090,362790554,piren,-465.5266873606134,-289.30291570542545,2.3361592339435235,0.0209832612379532,0.017208632641669726,0.684219617579956,0.7287709383813015
2025/05/20 13:38:10.416712959,1747741090,416219799,piren,-465.46321319394934,-289.30773369129724,2.3139158307230048,-0.01669308794217176,-0.018478253178900464,0.687360442063678,0.7258894665583987
2025/05/20 13:38:10.540747147,1747741090,539659170,piren,-465.49697936529617,-289.3031133165634,2.3330348491819795,-0.02562236232258735,-0.024479206325470012,0.686637752228193,0.7261355660079595
2025/05/20 13:38:10.596398181,1747741090,594948196,piren,-465.49253795317907,-289.3031530342273,2.3333422554182355,0.017716517289143814,0.014164492565958406,0.6869280196712548,0.7263713843179813
2025/05/20 13:38:10.648769241,1747741090,648363299,piren,-465.4424573660572,-289.3036599391199,2.3156136497968056,0.02084231012595096,0.0169768127697668,0.6862102485700624,0.7269063768424425
2025/05/20 13:38:10.704700807,1747741090,703465941,piren,-465.3982306419402,-289.3050786556184,2.299743963521973,0.02495299583620607,0.02081540343932408,0.6861038119031366,0.7267775631308674
2025/05/20 13:38:10.759476959,1747741090,756841222,piren,-465.3555063182955,-289.30648169272104,2.283973681014983,-0.013864529203282712,-0.01600129049749107,0.6860648652048585,0.7272322423159094
2025/05/20 13:38:10.813537338,1747741090,811860291,piren,-465.41300151061597,-289.3026196554755,2.3115973871931925,-0.020773834857618443,-0.021902136968778844,0.6852125288888321,0.7277173451521414
2025/05/20 13:38:10.866221948,1747741090,865112019,piren,-465.46794336245176,-289.29871115877967,2.3371362790277552,-0.02192171505300738,-0.022762164760351054,0.6851858673085337,0.7276823822968438
2025/05/20 13:38:10.921516234,1747741090,919879058,piren,-465.5076360015206,-289.2953936961367,2.3562574409609884,0.02007674663343213,0.016707589529744434,0.6863133689408025,0.726836804454651
2025/05/20 13:38:10.974331056,1747741090,973982434,piren,-465.4363056056499,-289.29717258785314,2.3323048012803103,0.0012976776129602604,-0.0011694711572158944,0.6865157057791501,0.7271128757549139
2025/05/20 13:38:11.79795052,1747741091,79249139,piren,-465.4170956066695,-289.29646932121597,2.331733406475687,0.0011897224583589114,-0.0011056466001977806,0.6842076438334417,0.7292854463280876
2025/05/20 13:38:11.183283764,1747741091,182910743,piren,-465.39822364427334,-289.2962400690315,2.3312295031022954,-0.002355654493597377,-0.004817348277731901,0.6839262124180501,0.7295314797971217
2025/05/20 13:38:11.287771746,1747741091,287361515,piren,-465.389648990627,-289.29616793807617,2.3343306663992793,0.024595683135941574,0.019800866403337673,0.6733896451685881,0.7386131354372713
2025/05/20 13:38:11.391790312,1747741091,391255158,piren,-465.3181990667492,-289.3015213194919,2.3095049916447907,-0.020703562653641417,-0.021665286987473175,0.6814910031161221,0.7312126848632886
2025/05/20 13:38:11.497268471,1747741091,496885931,piren,-465.40936422642346,-289.2972128664634,2.352930095392391,-0.0010367671601522834,-0.0033032334264185993,0.6828513044462602,0.7305491836822673
2025/05/20 13:38:11.550939062,1747741091,549623938,piren,-465.3877430964905,-289.29960629182784,2.3484534888484574,0.0013291202716999712,-0.0009675777213620277,0.683818364538448,0.729650424211909
2025/05/20 13:38:11.604897030,1747741091,604484188,piren,-465.3639726835194,-289.3005995249797,2.3427712081981547,0.021226429389920233,0.017512969445609445,0.6835963852748882,0.7293412895453394
2025/05/20 13:38:11.659234679,1747741091,658173357,piren,-465.29953647421,-289.30434660062053,2.31826878484051,0.0020050183300579475,-0.00041334667508907826,0.6838511819488128,0.7296186469610232
2025/05/20 13:38:11.712902964,1747741091,712454132,piren,-465.2948914805703,-289.30405818356036,2.3204582326310987,0.0020714927963114632,-7.367523918033205e-05,0.6831819068928046,0.7302452913808245
2025/05/20 13:38:11.766372370,1747741091,765892023,piren,-465.2889216366364,-289.3041154809532,2.321924275890948,-0.02025155902261861,-0.021933938219696168,0.6828287461845719,0.7299682733484611
2025/05/20 13:38:11.820743544,1747741091,820374737,piren,-465.32699648159814,-289.30209104068865,2.3429191686208504,-0.002674073394278979,-0.0027182546650200445,0.6838655677503235,0.7295980713163831
2025/05/20 13:38:11.929153581,1747741091,925424902,piren,-465.3079681475912,-289.29929126156946,2.342822631172619,0.001829919959582896,0.0001553748669768807,0.6832870526993343,0.7301475404772992
2025/05/20 13:38:12.31014227,1747741092,30630197,piren,-465.27925983929924,-289.299831315283,2.3386300090099748,-0.021661443554515002,-0.020646252126041268,0.682721054452103,0.730066076423286
2025/05/20 13:38:12.137729694,1747741092,137365254,piren,-465.304553239724,-289.2956427537102,2.355538812468432,-0.002569386589179627,-0.002831932891742307,0.6826975850588345,0.7306910330389224
2025/05/20 13:38:12.243263277,1747741092,242933624,piren,-465.27599885117166,-289.2959048397406,2.351637013160914,0.001414955559174816,0.00050886392539055,0.6824081019359801,0.7309698498367795
2025/05/20 13:38:12.298721967,1747741092,296600680,piren,-465.24571091801323,-289.29785447601745,2.3437047588134066,0.0014571266122119055,0.0007918709948129814,0.682407565653514,0.73097001584279
2025/05/20 13:38:12.350756573,1747741092,350204267,piren,-465.2207406337046,-289.2990407982295,2.337819442911848,-0.021442639027140012,-0.020630410302908325,0.6811943969610664,0.7314976370099459
2025/05/20 13:38:12.405152181,1747741092,404785218,piren,-465.25327349564463,-289.2971714304856,2.3540856525510403,-0.002146527584956018,-0.00257505265349666,0.6815021779579085,0.7318084059108545
2025/05/20 13:38:12.459365941,1747741092,458962928,piren,-465.22932766488776,-289.2989790568358,2.3486726579477835,-0.0019058574157868556,-0.003425302074707396,0.6812178154119441,0.7320702992053333
2025/05/20 13:38:12.516078717,1747741092,514728656,piren,-465.21039685497186,-289.30191178526366,2.344976622564199,0.02079748974545291,0.018593057179667954,0.6801041784380862,0.7325845132925328
2025/05/20 13:38:12.569415093,1747741092,569091803,piren,-465.14173208702647,-289.3076459029202,2.318838623040873,0.0014118017095953845,0.000601439497107322,0.6803580862444581,0.7328782433448564
2025/05/20 13:38:12.624413771,1747741092,623263132,piren,-465.1212771181026,-289.3091817599291,2.3182779511645015,-0.021538221129942716,-0.020435378227609022,0.6810859383939208,0.7316012881818379
2025/05/20 13:38:12.729707144,1747741092,728985507,piren,-465.1565038017053,-289.30508528276386,2.3390383073718577,-0.002641480036523587,-0.0026275733634047093,0.6807352165004815,0.7325200908217324
2025/05/20 13:38:12.808224557,1747741092,807856272,piren,-465.1465364873266,-289.305026199984,2.3387023415219304,0.020617675436975895,0.01878690707923415,0.6804743763183582,0.7322407983417157
2025/05/20 13:38:12.865471258,1747741092,864289618,piren,-465.0837535245111,-289.309164281766,2.315032645073967,0.0013869667746450641,0.0008165502554037004,0.6807334225473688,0.732529464933522
2025/05/20 13:38:12.926353980,1747741092,925707102,piren,-465.06730732711554,-289.30963091944125,2.3163698452512733,-0.02210521971599962,-0.019762167291089577,0.6801169666409426,0.7325037390296308
2025/05/20 13:38:13.48897585,1747741093,47937841,piren,-465.1062913191785,-289.3047621808135,2.338704051327228,-0.0030922156227500466,-0.0020743129200204206,0.6796822177302605,0.7334972517533567
2025/05/20 13:38:13.106663418,1747741093,106156774,piren,-465.0960493296978,-289.3049214696019,2.3389709002893766,0.020223062983331725,0.01927931761297492,0.6794110119073468,0.7332257582320643
2025/05/20 13:38:13.163914937,1747741093,163145232,piren,-465.03345479293625,-289.30948087527344,2.315614978858225,0.0013425571895682698,0.0016271400779388503,0.6786753173388318,0.7344354046411403
2025/05/20 13:38:13.222623103,1747741093,221659650,piren,-465.0176165177598,-289.31104167278994,2.3173328994464213,-0.022033526445739967,-0.01986240644523194,0.67715250026496,0.735244517087671
2025/05/20 13:38:13.336076367,1747741093,335560919,piren,-465.05534326368064,-289.3090402888652,2.3399167810109156,-0.0028484791036084353,-0.0023259646081606905,0.6785439443508466,0.7345506052275999
2025/05/20 13:38:13.444690926,1747741093,444157397,piren,-465.0377127312782,-289.3103086660952,2.3409323794825614,0.0011870725692651428,0.0009327387431073559,0.6781847237131556,0.7348899246684929
2025/05/20 13:38:13.500686086,1747741093,500248135,piren,-465.01605800298955,-289.31278691096276,2.336886809654274,0.0012274360496227561,0.0012139885627370408,0.6781840512967054,0.7348900681049523
2025/05/20 13:38:13.557925314,1747741093,556712602,piren,-464.9971101517917,-289.31434406102284,2.333777504006173,-0.02119271868202091,-0.02065616702138545,0.6769588344866472,0.7354256779915491
2025/05/20 13:38:13.613257778,1747741093,612280498,piren,-465.03395058005515,-289.3135293625349,2.3519684429199548,-0.002351252759128974,-0.002124427850917801,0.6763135660330933,0.7366070314736138
2025/05/20 13:38:13.670065644,1747741093,669504297,piren,-465.0070165336755,-289.31657291214805,2.3494215600243686,0.020636514232687544,0.018703486911204242,0.676058855099695,0.7363210836985291
2025/05/20 13:38:13.778208336,1747741093,777719923,piren,-464.9290062534282,-289.3219364660683,2.3236182633875853,0.0013632827922118683,0.0011396178810590915,0.674740543263613,0.7380528720948373
2025/05/20 13:38:13.886350870,1747741093,885315083,piren,-464.9059147710929,-289.3233001394881,2.3224907504633414,-0.0025116206180620564,-0.0019133784867588239,0.6744204356480813,0.7383407795353645
2025/05/20 13:38:13.992874029,1747741093,992543629,piren,-464.8954735980982,-289.3230566219547,2.3257520550008457,0.020605262256435095,0.018967994060956166,0.6736755104262935,0.7384964082651453
2025/05/20 13:38:14.47893085,1747741094,47525085,piren,-464.84186730429036,-289.3301266664382,2.305825649881286,0.001245047296161898,0.0012925642778350975,0.6747358490491405,0.7380571205149055
2025/05/20 13:38:14.103807261,1747741094,103452960,piren,-464.8447027312657,-289.33047247675927,2.3114281904057252,0.0010951620157628045,0.0014314944480525568,0.6747357808447223,0.7380571641083551
2025/05/20 13:38:14.161145392,1747741094,158577324,piren,-464.8444162834054,-289.3303940039117,2.3155984150589175,-0.021897516378717657,-0.019888647340160017,0.6744315978013311,0.7377445088718494
2025/05/20 13:38:14.215192185,1747741094,214527495,piren,-464.8951428437138,-289.32593860051475,2.339258415335408,-0.002491273253622826,-0.0018654182432459158,0.6736332620619252,0.7390592276781092
2025/05/20 13:38:14.270150234,1747741094,269678260,piren,-464.8772380094174,-289.3280566342031,2.340034966389498,0.020675332977392637,0.01897315546141291,0.6733699615615855,0.738772931857049
2025/05/20 13:38:14.382078381,1747741094,378347475,piren,-464.80627742814784,-289.33281160298617,2.317047556453198,0.0012373075819493177,0.0013619556174197254,0.6721700422729489,0.7403945221418281
2025/05/20 13:38:14.489833519,1747741094,488275567,piren,-464.7886303016916,-289.3334466479451,2.3183731621445274,-0.0023795454549762718,-0.0020327922899486092,0.6712600257423771,0.7412153420965307
2025/05/20 13:38:14.599725739,1747741094,598590138,piren,-464.77954891003094,-289.33378035733716,2.323332558459461,0.02093199270144127,0.01866274150370334,0.6707662134755521,0.741138476008892
2025/05/20 13:38:14.657402746,1747741094,655901738,piren,-464.72770286838085,-289.34219309590526,2.304554712948422,0.001423621261087836,0.0007993363230820679,0.6722620744597433,0.74031144635689
2025/05/20 13:38:14.714848610,1747741094,714157372,piren,-464.73134856465003,-289.3429930118625,2.311054132098774,0.0014599745079111124,0.0010804567042843247,0.6717609695583262,0.7407657530324981
2025/05/20 13:38:14.771007663,1747741094,769860678,piren,-464.7211535285178,-289.344601424671,2.3150384461975784,-0.0021584745438324175,-0.002285888431204521,0.6717583555853593,0.7407636785122349
2025/05/20 13:38:14.882498861,1747741094,879671899,piren,-464.71558070472395,-289.3436032323885,2.32178397480167,0.02136864290649169,0.018311506300189902,0.6698187654998999,0.7419911665387555
2025/05/20 13:38:14.991338501,1747741094,989023888,piren,-464.65612134100803,-289.34909794267276,2.3040129295339282,0.0017828311363457508,0.0008438759841461801,0.6689766546319273,0.7432807981805649
2025/05/20 13:38:15.98328993,1747741095,98003155,piren,-464.64843874529055,-289.3493944575945,2.3097394440117447,-0.0019239075059015508,-0.002433658962235109,0.66848723460953,0.743717145861293
2025/05/20 13:38:15.155185251,1747741095,153928477,piren,-464.659027430025,-289.3512953132521,2.31868169476155,-0.0022635356288417284,-0.002727225534619279,0.6698747317586242,0.7424656775896457
2025/05/20 13:38:15.210394384,1747741095,209948572,piren,-464.6646673162512,-289.35130029592165,2.325415870696319,0.021293839721012755,0.018347980898955493,0.6696324267404227,0.7421605870999888
2025/05/20 13:38:15.267404102,1747741095,265805538,piren,-464.61364389854396,-289.35693858950526,2.3067089677024852,0.0016681841008706678,0.000619066966190998,0.6699113672059168,0.7424389496828655
2025/05/20 13:38:15.344239671,1747741095,343904222,piren,-464.6078079707492,-289.357445769367,2.3125619857601536,-0.021626467125035846,-0.020066604156691217,0.668250561917532,0.7433510703659552
2025/05/20 13:38:15.400384388,1747741095,399073177,piren,-464.66108563201686,-289.35224671284004,2.3379069103005614,-0.002040951742096983,-0.0023422313489122586,0.6685473893297907,0.7436630531958783
2025/05/20 13:38:15.456170838,1747741095,455571569,piren,-464.65146846670416,-289.3532082517796,2.338894196211378,-0.0023600333030912297,-0.0026679636639287507,0.6689691099707319,0.7432816707801041
2025/05/20 13:38:15.512795990,1747741095,512451346,piren,-464.6418454986426,-289.3536053480138,2.339775389307866,0.021268935991747485,0.018331411552385365,0.6673929904453714,0.7441761807641122
2025/05/20 13:38:15.569151630,1747741095,567958571,piren,-464.579658891026,-289.36115865856146,2.3167027395325976,0.0016265222235467673,0.0006258842706496407,0.6676444379214552,0.74447825166816
2025/05/20 13:38:15.626417390,1747741095,624306706,piren,-464.5656161523417,-289.3628948446672,2.3196184379810303,-0.021577370300586696,-0.020158967600817444,0.669068396416839,0.7426139737658995
2025/05/20 13:38:15.733000280,1747741095,732630410,piren,-464.6008955307218,-289.35712545282456,2.3424033101495145,-0.0021604796279155736,-0.0029423673145732116,0.6683798054274133,0.7438112062204876
2025/05/20 13:38:15.841076910,1747741095,840614761,piren,-464.5802454728066,-289.3583988050204,2.3435664505893543,0.0016724430644863308,0.0007113421726733441,0.6679141160876373,0.7442361389084647
2025/05/20 13:38:15.953573742,1747741095,950188577,piren,-464.5481550124953,-289.360739876237,2.3401365420701024,-0.02274640262704029,-0.019134645248240732,0.6671729603459712,0.7443095508603567
2025/05/20 13:38:16.60169467,1747741096,59794558,piren,-464.59695472566614,-289.34984397236605,2.36787710942321,-0.002345781387859976,-0.002775762576570753,0.6670947379673302,0.7449640280094725
2025/05/20 13:38:16.118045933,1747741096,117589160,piren,-464.55723565584714,-289.35418130203175,2.3617715735022022,0.0018131893118707157,0.00037061102555180554,0.6665500095771638,0.7454580200954779
2025/05/20 13:38:16.228331973,1747741096,226371165,piren,-464.5099047074261,-289.3602294336594,2.3521752099526116,-0.02154917652154164,-0.020172504257849385,0.6657822430935586,0.7455620080479693
2025/05/20 13:38:16.332815410,1747741096,332391040,piren,-464.5189298157648,-289.3593795117185,2.364362106155869,-0.0022362945036890226,-0.0028309356836909035,0.6655975262141612,0.7463021625907543
2025/05/20 13:38:16.440080368,1747741096,439678793,piren,-464.47701549873074,-289.36412159116344,2.3569838785261745,0.0017103077729132268,0.0005086981601959943,0.665116860465912,0.7467371545580629
2025/05/20 13:38:16.546340501,1747741096,545890242,piren,-464.4299630238883,-289.3695836077488,2.346975844136896,-0.02171404021708066,-0.020020546499268196,0.6643498488499958,0.7468379720584041
2025/05/20 13:38:16.601933004,1747741096,601650664,piren,-464.4526912645484,-289.3668458420992,2.359735431824167,-0.00204438350235179,-0.002390769036212898,0.6646466755068705,0.7471511904943843
2025/05/20 13:38:16.660028710,1747741096,657679364,piren,-464.4211362643102,-289.3700303379091,2.3517781473096897,-0.00239882899119559,-0.002676078485476226,0.6632660459404903,0.7483750640727402
2025/05/20 13:38:16.714396199,1747741096,713265560,piren,-464.39639363103083,-289.3735475820554,2.3463571565868424,0.021349219530158,0.018188793169197668,0.6630255147577445,0.7480712168027382
2025/05/20 13:38:16.770788140,1747741096,768798044,piren,-464.32346461241923,-289.38267138994865,2.3190222488294148,0.0015755460325871547,0.0006315994080319117,0.6628823292312789,0.7487216681316238
2025/05/20 13:38:16.825134247,1747741096,824768089,piren,-464.29777372564894,-289.3856957909689,2.3175571582873875,-0.022387089665510788,-0.019204269523696905,0.6611850873308099,0.7496427779547529
2025/05/20 13:38:16.935366637,1747741096,931757105,piren,-464.3243575674082,-289.3812261582369,2.337305945165469,-0.0031106020132619433,-0.001929598072895213,0.662606711680297,0.7489585745838123
2025/05/20 13:38:17.41051544,1747741097,40603338,piren,-464.29791466757314,-289.38170095788604,2.336943039098382,0.0010063131608446948,0.0012131576475680253,0.6621740647150309,0.7493483993451368
2025/05/20 13:38:17.150045982,1747741097,149135200,piren,-464.26301343813407,-289.38425472776106,2.333106898128903,-0.02218464842762644,-0.019570091672005477,0.6613879993367215,0.7494603173080353
2025/05/20 13:38:17.206098915,1747741097,205699365,piren,-464.2954841005725,-289.37982573554325,2.3509093926005544,-0.002437832723290861,-0.0019273560658154979,0.6616753782497964,0.7497839929527689
2025/05/20 13:38:17.261989226,1747741097,261495482,piren,-464.2701757511735,-289.3821851309524,2.3465039074547214,-0.0026166152809020357,-0.0023156792350357094,0.6603440445571827,0.7509550810614531
2025/05/20 13:38:17.320026509,1747741097,318805583,piren,-464.23834032461326,-289.38615549854035,2.344047484210968,0.0014405350032296765,0.000816293002984095,0.6585418859120732,0.7525422533147277
2025/05/20 13:38:17.430440440,1747741097,428488978,piren,-464.19907524184504,-289.39280157882683,2.3383179397606897,-0.022022731425642234,-0.01969566103704906,0.659796260355766,0.7508634862992167
2025/05/20 13:38:17.537727384,1747741097,537332310,piren,-464.2169522411899,-289.3895505721624,2.354162310966945,-0.002570607629460721,-0.002516226667515174,0.6596353232248464,0.75157720889728
2025/05/20 13:38:17.594069857,1747741097,592923164,piren,-464.2087192591636,-289.3903327078185,2.355622386130906,0.02127454995844979,0.018237576231723826,0.6593911204876919,0.7512776680823435
2025/05/20 13:38:17.654840429,1747741097,650482697,piren,-464.1291130845346,-289.4001274041006,2.3263855102161686,0.0013995041983133703,0.0008003676616249637,0.6580571801691536,0.7529662332584559
2025/05/20 13:38:17.744854105,1747741097,744074781,piren,-464.0974024211799,-289.4043338449198,2.323971521052774,-0.022274537639293115,-0.019450683707722266,0.6555620436124306,0.7545620735572067
2025/05/20 13:38:17.865934871,1747741097,864619810,piren,-464.12248749655845,-289.40158119228727,2.343101125341312,-0.0028471011878711586,-0.0021145350124986625,0.65798670809118,0.7530211914228173
2025/05/20 13:38:17.925175787,1747741097,924813802,piren,-464.09487409417403,-289.40284568641187,2.341843408706031,0.0011960793696295972,0.0012280797845177082,0.6574026127403775,0.7535375677272566
2025/05/20 13:38:18.38723170,1747741098,38351106,piren,-464.0602241618519,-289.405664908648,2.3369109074697385,-0.022391342071716565,-0.019125079502869537,0.6566302684082201,0.753637545338862
2025/05/20 13:38:18.96543436,1747741098,96069822,piren,-464.0906096106855,-289.40014243156384,2.353489060603914,-0.002527756013865497,-0.0017272974151181777,0.656906370110989,0.7539659460484794
2025/05/20 13:38:18.158011045,1747741098,155098106,piren,-464.0641340982452,-289.40239989585683,2.3482488682661393,-0.004012570580302931,-0.00101691777965419,0.6552688444373077,0.755384409863854
2025/05/20 13:38:18.213767736,1747741098,213161493,piren,-464.04235506145557,-289.4030389574354,2.344832531329484,0.02122218360784203,0.01836623793466614,0.6534725373791311,0.7564297344223867
2025/05/20 13:38:18.272974345,1747741098,271589742,piren,-463.95983880975683,-289.4164095892,2.3190313439960843,0.001334111092683753,0.001234701316752177,0.6537288183948762,0.756726719272083
2025/05/20 13:38:18.386514686,1747741098,382462422,piren,-463.9315059417548,-289.418110233518,2.3184126566506826,-0.0022524101068781876,-0.0020754776503509775,0.6522580375133176,0.7579908123061315
2025/05/20 13:38:18.494262226,1747741098,493809004,piren,-463.9133760414989,-289.41951062107137,2.3220869799152535,0.021506105483336393,0.017900236777268954,0.6505541542422015,0.7589442412644497
2025/05/20 13:38:18.550705984,1747741098,550215691,piren,-463.85879471428154,-289.4321063977143,2.3032292561367584,0.0016180242113520722,0.0006748423463884067,0.6526151755055312,0.75768750767407
2025/05/20 13:38:18.610865190,1747741098,609224062,piren,-463.8587411620134,-289.4331801778992,2.309568635184746,0.0016397759367081624,0.0009450950184576648,0.652614579609604,0.7576876852709588
2025/05/20 13:38:18.667743472,1747741098,666861911,piren,-463.85565091495727,-289.4336218427936,2.314269995863771,-0.022059425563608674,-0.019603116998059916,0.6523594544076147,0.7573349601020433
2025/05/20 13:38:18.727971626,1747741098,727525280,piren,-463.88998093531006,-289.4276720904987,2.337633790342991,-0.0023767712738997026,-0.002561482806387212,0.6509386385459985,0.7591223080716482
2025/05/20 13:38:18.849591234,1747741098,844055335,piren,-463.86631330041985,-289.43116460184217,2.3394161165916363,0.0018634223698666865,0.00043357617762542215,0.6523153055297126,0.7579453026706131
2025/05/20 13:38:18.914063159,1747741098,911909155,piren,-463.84445658559207,-289.4336137905884,2.335638615918908,0.0014931803661525583,0.0009557082390651888,0.6523847156967036,0.7578859015442149
2025/05/20 13:38:18.970611267,1747741098,969186864,piren,-463.81287438686724,-289.4354727142802,2.3334456652838997,-0.0020470897306251777,-0.002138817020136246,0.6523808542441416,0.7578855163552561
2025/05/20 13:38:19.79933508,1747741099,79516151,piren,-463.790276177401,-289.4354723530108,2.334776600467836,0.02178245089004192,0.01796034435998129,0.6477266352018748,0.7613495628906287
2025/05/20 13:38:19.191155474,1747741099,190773437,piren,-463.71602723014695,-289.4444916289628,2.3125145703350354,0.0016721976320765095,0.0009679693987009455,0.6467622448356496,0.7626892325485354
2025/05/20 13:38:19.302740965,1747741099,302337170,piren,-463.6954964898868,-289.4453768031786,2.3147292849758876,-0.002154327924857692,-0.002186155373426985,0.6463171687686926,0.7630627083999695
2025/05/20 13:38:19.380163805,1747741099,378186103,piren,-463.685811268624,-289.44871835724484,2.320702207256635,0.02177039597262747,0.0177844432241123,0.6443778887731506,0.7641903558006085
2025/05/20 13:38:19.508279169,1747741099,507844273,piren,-463.61932239645853,-289.46217423587296,2.3024144801642343,0.0016251811207766802,0.0009493802962499421,0.6446223141747598,0.7644988747744206
2025/05/20 13:38:19.566036776,1747741099,565656292,piren,-463.6218235832958,-289.4631126294685,2.3094907821534876,-0.022379339840723555,-0.01922672756733441,0.6472895689948542,0.7616729691710221
2025/05/20 13:38:19.624047170,1747741099,623701160,piren,-463.6638558145135,-289.4532422614637,2.336993777048636,-0.0024947034759148865,-0.002666074521241513,0.6456262533870393,0.7636448189038075
2025/05/20 13:38:19.737315730,1747741099,735936928,piren,-463.64289291397733,-289.45571101597375,2.3395296601925435,0.0016644072769721862,0.00043964320001218745,0.6475602467455839,0.7620123117752572
2025/05/20 13:38:19.851031406,1747741099,849666976,piren,-463.5959138320892,-289.4583170251257,2.3334749552806215,-0.021994723427537766,-0.019880980997548238,0.6466161848214997,0.7622391280056473
2025/05/20 13:38:19.911023291,1747741099,909106535,piren,-463.62820720245486,-289.45163480594545,2.3519733102804636,-0.0018118156250664522,-0.0025711794529952596,0.6469282289889023,0.7625444071643589
2025/05/20 13:38:19.968560589,1747741099,968172590,piren,-463.59315631879844,-289.4545751028792,2.3495941770927082,0.02196781154658289,0.017755738656918794,0.6466875515245825,0.7622318280574103
2025/05/20 13:38:20.81580348,1747741100,81263567,piren,-463.5065120012777,-289.46509684596015,2.3237114555622194,0.001903865724974803,0.0008490884289586614,0.6428823152823516,0.7659621289863776
2025/05/20 13:38:20.196328843,1747741100,195889513,piren,-463.47417710862516,-289.467449416311,2.3226047269487493,-0.0019521680831213705,-0.0022924204756639434,0.6417284942230972,0.7669259896171823
2025/05/20 13:38:20.257157803,1747741100,254698275,piren,-463.4687926887227,-289.47072640318504,2.326504009726852,-0.0026043413865515664,-0.002510697441839728,0.6436520994837678,0.7653096684574394
2025/05/20 13:38:20.314388564,1747741100,313899126,piren,-463.4619693949213,-289.470885048008,2.329816701455336,0.022035018985463218,0.01767481848584417,0.6434177739553041,0.76499387375861
2025/05/20 13:38:20.396765116,1747741100,395933884,piren,-463.3893082869493,-289.4817948462802,2.3084409826073897,0.0016701783839845885,0.0008841663820041397,0.6444013431590849,0.764685123229648
2025/05/20 13:38:20.456129226,1747741100,454360651,piren,-463.38477908831106,-289.4802453412702,2.3132223337561344,-0.022639971010545674,-0.0194243780959607,0.6441055007856344,0.7643547796055925
2025/05/20 13:38:20.513749349,1747741100,513301579,piren,-463.43126006537403,-289.46982124910124,2.3375813186180974,-0.002114372059108299,-0.002272520648560863,0.6443881130117686,0.7646923073300984
2025/05/20 13:38:20.572119474,1747741100,571781612,piren,-463.40394763637676,-289.4710311794556,2.338480044066329,0.02120622617276324,0.017185797512594674,0.6441668906050566,0.7643977769352674
2025/05/20 13:38:20.685982790,1747741100,685552023,piren,-463.32589734585497,-289.48114366643506,2.3163099639855718,0.001636819161636863,0.0008748059987453366,0.6404137850206241,0.7680278246867457
2025/05/20 13:38:20.799345179,1747741100,798939055,piren,-463.2994281914121,-289.48281627113073,2.317770359831514,-0.0021343575959118194,-0.0023314224750467364,0.6389940705901836,0.7692051655686427
2025/05/20 13:38:20.857561102,1747741100,856573228,piren,-463.29791883393216,-289.48559152842955,2.3236026054662062,-0.0029580657111720875,-0.0022487394820024497,0.6407390509735476,0.7677497388964115
2025/05/20 13:38:20.916963166,1747741100,914941605,piren,-463.29347425419866,-289.48503051893374,2.328248996715653,0.021699904306552838,0.017755797780640816,0.6396936068320197,0.7681184382479703
2025/05/20 13:38:20.973635694,1747741100,973249204,piren,-463.2198728730427,-289.4969012885239,2.3081304232987723,0.00167048070938615,0.0009595478653678795,0.6399387841821655,0.7684234778177627
2025/05/20 13:38:21.88953595,1747741101,86675715,piren,-463.1980154652951,-289.4964030307513,2.3119617720283943,-0.002083543081508056,-0.0023110985842352883,0.6385093215535886,0.7696077987915256
2025/05/20 13:38:21.201543656,1747741101,200297827,piren,-463.18384648355976,-289.495521439978,2.319044467651782,0.02212823024139251,0.017330043528682105,0.6374701060450614,0.7699622555142404
2025/05/20 13:38:21.259875342,1747741101,259386031,piren,-463.13172979012546,-289.5073001596075,2.3018581658872077,0.00179126818836254,0.0003699429674552952,0.6391907754537244,0.7690460370324684
2025/05/20 13:38:21.320584114,1747741101,320157008,piren,-463.1177350944322,-289.50812601639785,2.308422372018176,-0.022656239584035877,-0.019487254718698145,0.63803183619321,0.7694298653648428
2025/05/20 13:38:21.437536504,1747741101,434081739,piren,-463.1519850610782,-289.4993364517477,2.334507538084725,-0.0023499284182999943,-0.0028397794936098016,0.6394447705242169,0.7688281985841103
2025/05/20 13:38:21.547789342,1747741101,547430155,piren,-463.1289690817418,-289.4999921371848,2.3383175625816954,0.0018484690848620425,0.00014794056470240598,0.639099754199444,0.7691216194190891
2025/05/20 13:38:21.607476435,1747741101,605849851,piren,-463.10648834748986,-289.5027583183262,2.3356193997760997,0.0017495438280909939,0.0007426361124390895,0.6390994693711056,0.7691217431834634
2025/05/20 13:38:21.665508308,1747741101,665233656,piren,-463.0739782817686,-289.504895832422,2.3342297946553825,-0.002154048683810832,-0.0023449455239290245,0.6364393148160198,0.771320205790872
2025/05/20 13:38:21.781550955,1747741101,780960994,piren,-463.04812698277146,-289.5054817653285,2.3363386674036315,0.02202578304746163,0.017356191473400878,0.6350614872984186,0.7719524174772727
2025/05/20 13:38:21.896592487,1747741101,895091842,piren,-462.97002933831834,-289.5165717846668,2.314503954883974,0.0011504682748932984,0.0015324265527587484,0.6354429939682334,0.7721454069722208
2025/05/20 13:38:21.954927776,1747741101,953273289,piren,-462.96145830701306,-289.51723972517203,2.317736525269789,-0.023111929588252225,-0.018069699914772332,0.6362068608614976,0.7709605403964959
2025/05/20 13:38:22.12111410,1747741102,11675192,piren,-463.0026508852218,-289.5063981136909,2.3405930134887054,-0.002723688001637048,-0.001573557751182448,0.6364617329106669,0.7713018656661116
2025/05/20 13:38:22.70994425,1747741102,70708064,piren,-462.98409338542643,-289.50781344195525,2.340001194455519,-0.0030243400579116927,-0.0018847115020600486,0.636323148688706,0.7714143838901755
2025/05/20 13:38:22.130328054,1747741102,129256005,piren,-462.9550302089089,-289.50984424463013,2.3404711488955,0.0011788056075860553,0.00121247111054323,0.6348780322582742,0.7726105257417915
2025/05/20 13:38:22.244617467,1747741102,243479525,piren,-462.91426918798317,-289.51551917690745,2.3369883740871886,-0.02290338641009695,-0.018562861599950523,0.6359485266452786,0.7711681570953708
2025/05/20 13:38:22.304142718,1747741102,302234667,piren,-462.9410239769824,-289.50808616445005,2.3540121697268583,-0.002550098664655728,-0.0017149756066844068,0.636217688879477,0.7715034725860449
2025/05/20 13:38:22.365474700,1747741102,362226549,piren,-462.91108356264806,-289.5115821343155,2.349018925604617,-0.004115030616550439,-0.0008879060930565292,0.6350567291114136,0.7724540303190265
2025/05/20 13:38:22.422079961,1747741102,421731495,piren,-462.8721918489827,-289.51324360969926,2.3467390586638976,0.001367815099708625,0.0009057876827146802,0.6335899900068309,0.7736672625836449
2025/05/20 13:38:22.536847886,1747741102,536491627,piren,-462.82625286571755,-289.52153404893875,2.3407473390312457,-0.022829659456090903,-0.01873358702191939,0.6347702280413202,0.7721363978979241
2025/05/20 13:38:22.652097589,1747741102,651608283,piren,-462.83482218544856,-289.5166169332067,2.3561946510443454,-0.002839443533371284,-0.0021713258351401003,0.6346684561493812,0.7727762765985376
2025/05/20 13:38:22.714233250,1747741102,711103777,piren,-462.80474717929735,-289.5210425927481,2.3503678681273272,0.021692185685918585,0.017791116896056672,0.6344269603580309,0.7724735317217206
2025/05/20 13:38:22.772034699,1747741102,770598490,piren,-462.71342073448125,-289.5357611287369,2.323217406422929,0.0012425049711352236,0.0013293503846636251,0.6318790955253336,0.7750648344796957
2025/05/20 13:38:22.911529249,1747741102,909412278,piren,-462.6779436746463,-289.53874560971076,2.3214068899067324,-0.0030777733081487147,-0.0014179791458161861,0.6312166842236913,0.7755991324158727
2025/05/20 13:38:22.970283877,1747741102,969846280,piren,-462.6721041510098,-289.5395911619031,2.3254840089722406,-0.0034572420370198075,-0.0016563391650485614,0.6327245274420399,0.7743674685776225
2025/05/20 13:38:23.30502253,1747741103,29197257,piren,-462.6497706862534,-289.54014429921097,2.328157313315898,0.0007161341736642892,0.0014623053403390726,0.6319014083647284,0.7750470688426669
2025/05/20 13:38:23.145381254,1747741103,144745452,piren,-462.6155881767511,-289.5437441706211,2.326800014219532,-0.02346094563363485,-0.018221268074465058,0.6329035508697405,0.7736605616911127
2025/05/20 13:38:23.204744261,1747741103,204395879,piren,-462.65112034430916,-289.5335068464457,2.3468352027744555,-0.0030285948051295094,-0.0014650174475399954,0.6331640959160683,0.7740102770507461
2025/05/20 13:38:23.264761962,1747741103,263796574,piren,-462.6279268249073,-289.535335139758,2.3440799925396867,-0.0033312073669445226,-0.0017973544747490154,0.6324925602073665,0.7745571856594587
2025/05/20 13:38:23.324699910,1747741103,323430568,piren,-462.59417227312105,-289.5382451002187,2.3430026792119327,0.000898311231610708,0.0012440568468225016,0.6314878934701809,0.7753842181525793
2025/05/20 13:38:23.438346305,1747741103,438014586,piren,-462.55183451032667,-289.5442245574513,2.3382204913275477,-0.02327010183158734,-0.018438269212635583,0.632083299244102,0.7743314764400845
2025/05/20 13:38:23.553687718,1747741103,553241325,piren,-462.5631190197224,-289.53798700700196,2.354649743310788,-0.0031178314167826524,-0.002067361629023778,0.6320993841022239,0.7748782960960648
2025/05/20 13:38:23.613760859,1747741103,613330093,piren,-462.53432396622276,-289.542141236571,2.3495647075694235,0.021523264246075948,0.017783503208749468,0.6318142534700925,0.7746168376828945
2025/05/20 13:38:23.674577394,1747741103,674085241,piren,-462.4441392049819,-289.55716141987887,2.3230152011047083,0.0011332215084334759,0.001253340830429027,0.6320631094330026,0.774915073178771
2025/05/20 13:38:23.791342811,1747741103,790147495,piren,-462.4082484245558,-289.56034650701366,2.321584021214775,-0.002675166649963481,-0.0018892290113281167,0.6300555260383263,0.77654317871301
2025/05/20 13:38:23.849471613,1747741103,849067879,piren,-462.40407993020733,-289.5612953261685,2.3259483833355383,-0.0067036552066804655,0.00047546881813634095,0.6308954032932629,0.775838788047945
2025/05/20 13:38:23.911276562,1747741103,909351576,piren,-462.3950842076916,-289.5540118622412,2.330006336334088,0.02170878188096519,0.017514594802717054,0.6306486402035054,0.7755670572991163
2025/05/20 13:38:23.968950309,1747741103,968510986,piren,-462.31690532840804,-289.5688050428324,2.308398990176541,0.0013004692922132092,0.001070292727316791,0.6301487384442361,0.7764726206958205
2025/05/20 13:38:24.84073100,1747741104,83687889,piren,-462.29244845263696,-289.5711931476582,2.3113306908660207,-0.0024836573515184418,-0.0020432923256620294,0.629873813591749,0.7766908235289116
2025/05/20 13:38:24.201441997,1747741104,200273635,piren,-462.2768290003262,-289.57163738143197,2.3178419865160644,0.021833532473180175,0.01749325889618651,0.6295696258935498,0.7764401901661128
2025/05/20 13:38:24.260545808,1747741104,260265915,piren,-462.22585417253237,-289.5828419490635,2.3008045357002485,0.001278097595305692,0.0008485393162906832,0.6304592905983104,0.7762207993514737
2025/05/20 13:38:24.321016103,1747741104,320566969,piren,-462.22859645270256,-289.581330989622,2.3086187259903532,0.0013017787556846927,0.0011285005174453899,0.6302153778555138,0.77641844991801
2025/05/20 13:38:24.379904686,1747741104,379512034,piren,-462.20922791158995,-289.5821757712963,2.313302729093717,-0.0025602996998022546,-0.0019525486291333985,0.6302124867893923,0.7764160314638203
2025/05/20 13:38:24.495905579,1747741104,495081934,piren,-462.198103946574,-289.5802949260042,2.3208865726586994,0.02193012422271018,0.017369494142500882,0.6231899434597064,0.7815699998691725
2025/05/20 13:38:24.555729592,1747741104,554934817,piren,-462.14699226103045,-289.5965076166603,2.303491058067753,0.0012625234167868975,0.0008666519481314638,0.6293593563640532,0.7771128975290833
2025/05/20 13:38:24.615090811,1747741104,614659564,piren,-462.14809869232215,-289.59334242192773,2.3109465985152378,0.0010791997185576252,0.0009604218245512146,0.6300036159517514,0.7765908554738491
2025/05/20 13:38:24.674526127,1747741104,674128390,piren,-462.1281632811208,-289.5922817697969,2.3160401655263687,-0.0025398303968806224,-0.0020451178932880416,0.630001369083131,0.7765871758584082
2025/05/20 13:38:24.791344048,1747741104,790928620,piren,-462.11413098560104,-289.5895230255671,2.3234992325218453,0.021903762567152082,0.017397094042789312,0.6293883181026051,0.7765873494593136
2025/05/20 13:38:24.907465479,1747741104,906459768,piren,-462.0453940420801,-289.59909913728796,2.3061004867166597,0.0012591932172236922,0.0011101108870001319,0.6294834491142781,0.777012078012596
2025/05/20 13:38:24.967404211,1747741104,967005753,piren,-462.02879523735555,-289.5983043271118,2.3121122565784895,-0.0024838449083578813,-0.0021083254120732304,0.6296745550314967,0.7768521997293403
2025/05/20 13:38:25.84279202,1747741105,83821779,piren,-462.0144245301112,-289.5962293864794,2.320423833374877,0.021951367267355065,0.017292650933518332,0.6295067856941876,0.7764923106275795
2025/05/20 13:38:25.203809461,1747741105,201591941,piren,-461.94645812970606,-289.6062182333413,2.3038515605364496,0.001504708171338681,0.000841150620576477,0.6297872242986041,0.776765782220878
2025/05/20 13:38:25.261911553,1747741105,261578607,piren,-461.9460008342429,-289.6044345614994,2.311214997425302,-0.022797142959768226,-0.01896165952799478,0.6297170978815029,0.7762584121132047
2025/05/20 13:38:25.322685215,1747741105,322254090,piren,-461.9777812003492,-289.5936508947135,2.3368617733758996,-0.002674783222282581,-0.0025389238378350594,0.6298982892473263,0.7766688770665084
2025/05/20 13:38:25.438910486,1747741105,438513111,piren,-461.95348793242965,-289.59467016334213,2.340299976128973,0.0022882095924408674,0.0012942213677368303,0.6301147274574227,0.776497597761365
2025/05/20 13:38:25.580405488,1747741105,577427683,piren,-461.9054610602978,-289.5988117462917,2.3391906827979922,-0.0024096835273036783,-0.0021553169792943557,0.6300597568165262,0.7765399222669218
2025/05/20 13:38:25.694361926,1747741105,694010951,piren,-461.8763305996647,-289.6004715234673,2.340050451112295,0.021923493168484576,0.01739161960660739,0.6298317836327382,0.7762272968279036
2025/05/20 13:38:25.755180180,1747741105,754787528,piren,-461.80885676407286,-289.6126476602715,2.3163075811612104,0.001381317836068961,0.0007378657554664373,0.6301501652996092,0.7764717101659518
2025/05/20 13:38:25.817682171,1747741105,815305858,piren,-461.79941526012686,-289.61256207409343,2.3191814347422035,0.001408596266056918,0.0010179231664750085,0.6301517075044414,0.7764700929322541
2025/05/20 13:38:25.877952394,1747741105,875243896,piren,-461.771113704792,-289.6140336647013,2.3205165088023887,-0.002996680881117988,-0.0013729570780734092,0.6301514029516975,0.7764652885033342
2025/05/20 13:38:25.993232347,1747741105,992820367,piren,-461.7504328509598,-289.6125115951332,2.325305821273749,0.021339541491086866,0.01813363207887769,0.6299923059665787,0.7760963147570609
2025/05/20 13:38:26.53674794,1747741106,53255793,piren,-461.6925099790515,-289.6217760501641,2.306052394501102,0.0008811615633603871,0.0014033826014049145,0.6302759350085498,0.7763694351406886
2025/05/20 13:38:26.114920255,1747741106,114500737,piren,-461.6896990459804,-289.61989902240236,2.3122150348238395,0.0009441426517217856,0.0016405431930557426,0.6303229681722119,0.7763307111065862
2025/05/20 13:38:26.175948675,1747741106,175128469,piren,-461.66454057036134,-289.6202454045697,2.3157838766967123,-0.002908032559991293,-0.0015676346637461247,0.6303250526917848,0.7763242968098383
2025/05/20 13:38:26.294970358,1747741106,293684102,piren,-461.64738581228283,-289.61957497372845,2.3224804530548453,0.021506943527914716,0.017891103804748603,0.6302324626922402,0.775902315213461
2025/05/20 13:38:26.356421948,1747741106,353977522,piren,-461.59373695879106,-289.6295223264158,2.3044222176953677,0.0010634403785444492,0.0011348974734986536,0.6304460872672355,0.776231481036243
2025/05/20 13:38:26.416013265,1747741106,415656139,piren,-461.5734743729556,-289.6300469109441,2.3103425060737437,-0.024312918158520783,-0.017390499210407754,0.630379861071614,0.7757110823645378
2025/05/20 13:38:26.539519030,1747741106,537795407,piren,-461.603036388339,-289.61708085463783,2.3359724082339075,-0.0030509236603136146,-0.0020972154755482084,0.6305742997217548,0.7761200590646313
2025/05/20 13:38:26.656205215,1747741106,655157935,piren,-461.5783596143099,-289.61901877204116,2.339413612614111,0.0010756736414964845,0.001084840690594557,0.6307137320197266,0.7760140812437888
2025/05/20 13:38:26.716638083,1747741106,716120807,piren,-461.5550011345413,-289.6228956642233,2.3363704597580774,0.001107226025970649,0.0013658236808000127,0.630773150652023,0.7759652962553936
2025/05/20 13:38:26.777067645,1747741106,776672384,piren,-461.5206326807693,-289.6263190723728,2.3349540026488493,-0.0028194059626191334,-0.0016388549146979564,0.6307708694779064,0.7759622898844198
2025/05/20 13:38:26.895948842,1747741106,895519590,piren,-461.4949491263183,-289.62777705267695,2.3368377083418204,0.020821267164115646,0.018465666000248952,0.6314314097423779,0.7749321704533895
2025/05/20 13:38:26.957161234,1747741106,956554200,piren,-461.43286037582715,-289.6370623653007,2.3141237691377725,0.0001808155646554466,0.0017079773412188787,0.6322684819333763,0.7747474536084629
2025/05/20 13:38:27.19100175,1747741107,17913384,piren,-461.4083569973697,-289.636049396998,2.3169578759304374,-0.02391194175111209,-0.01784154451275312,0.6330807331366427,0.7735106228503019
2025/05/20 13:38:27.135964161,1747741107,135277741,piren,-461.43523018105253,-289.6240260527293,2.339906848047596,-0.0036550236123686535,-0.001297709959958018,0.6315078142746194,0.7753598114819633
2025/05/20 13:38:27.254585851,1747741107,253001027,piren,-461.4071367276983,-289.6257450420659,2.3412667869032453,0.02201904879374174,0.01919407937669746,0.6314150818507102,0.7748946658859905
2025/05/20 13:38:27.313817130,1747741107,313383741,piren,-461.3365804064164,-289.63922547779225,2.3163138879894727,0.02198011882408155,0.019093651749855948,0.6314796428850686,0.7748456410544494
2025/05/20 13:38:27.374189824,1747741107,373750249,piren,-461.2645563191165,-289.650769740703,2.2976447839287277,0.0001720406180109864,0.0013932114681304566,0.6317662671715197,0.775157669785957
2025/05/20 13:38:27.493618918,1747741107,493099499,piren,-461.2473476677322,-289.6510973332358,2.304504398085877,0.019742082005288323,0.01702306563145146,0.6327876769286324,0.7738864395774543
2025/05/20 13:38:27.555687665,1747741107,555119872,piren,-461.20587569726996,-289.6575593515106,2.2931631498468255,-0.0027309440437585444,-0.0014166141723956117,0.6328894422218632,0.7742360680522546
2025/05/20 13:38:27.616009176,1747741107,615582771,piren,-461.21997021240827,-289.6531177319436,2.3067786445892873,-0.0002755380970453571,0.0003896538298850577,0.6332848400871606,0.7739186543587313
2025/05/20 13:38:27.677635632,1747741107,677234900,piren,-461.20380213576334,-289.65280230334514,2.313909648868448,-0.02341880557406902,-0.01821697310489528,0.6330276848588761,0.7735603736222475
2025/05/20 13:38:27.797815590,1747741107,797095481,piren,-461.2372117311973,-289.64325873225215,2.339135125721816,0.02033627404890423,0.017094421752024375,0.6337966707439003,0.7730433343977037
2025/05/20 13:38:27.860853126,1747741107,859665975,piren,-461.1728995559212,-289.65404773275094,2.3179664334579755,-0.0027776509096982087,0.0013971424000195271,0.6337153178149405,0.7735601001960009
2025/05/20 13:38:27.921975617,1747741107,921582366,piren,-461.1527366936771,-289.6504593925862,2.3234026628439897,-0.018779923220905898,-0.014107748498540072,0.6341254045113985,0.7728733772548865
2025/05/20 13:38:28.41035429,1747741108,40616940,piren,-461.16842827014267,-289.64330594174754,2.3422788616372956,-0.008015404299247658,-0.005031718256413241,0.6336155414029835,0.7735901891815278
2025/05/20 13:38:28.184163083,1747741108,182007911,piren,-461.14020658995787,-289.6435774365569,2.349545360107402,-0.0006444788495714211,0.0007270741876210539,0.6341521522122993,0.7732076718803604
2025/05/20 13:38:28.300583344,1747741108,300120767,piren,-461.10326039419033,-289.6487005987871,2.345569776895183,-0.0029467957086773446,-0.0011445751059142306,0.6356683493480706,0.7719557992398124
2025/05/20 13:38:28.365236313,1747741108,361553478,piren,-461.0822467748481,-289.650133515223,2.343101067070188,-0.025882674182830176,-0.019741571592628196,0.6349629934343118,0.7718564338639258
2025/05/20 13:38:28.424798772,1747741108,423425443,piren,-461.0992458011197,-289.64273958544254,2.360908409541108,0.023185132974583657,0.019942196304380704,0.6356920359109401,0.7713367577750411
2025/05/20 13:38:28.543386256,1747741108,542214938,piren,-461.0018374389079,-289.6584843838932,2.3304638688947787,-0.02614008600011267,-0.02016748319899419,0.634846965566426,0.7719321853870494
2025/05/20 13:38:28.603828727,1747741108,603409011,piren,-461.03804582387653,-289.6501710220609,2.3508769143709483,-0.0007959250651176259,0.0005749391970528155,0.635166954555449,0.7723742459384353
2025/05/20 13:38:28.664980583,1747741108,664700379,piren,-461.004944830337,-289.65562739336286,2.3443487397837077,0.02050138746785454,0.01781053979776888,0.6357832324624666,0.7713897582309361
2025/05/20 13:38:28.730881415,1747741108,726806102,piren,-460.9194976800969,-289.66951275594965,2.319351249409013,-0.0004787338975578892,0.00040471839041000135,0.6371670876733495,0.7707254435937236
2025/05/20 13:38:28.847080819,1747741108,846699073,piren,-460.88868391223923,-289.6719114224541,2.3200560931670977,-0.006844743702757923,-0.005131027599767283,0.6360836871662386,0.7715726569548825
2025/05/20 13:38:28.909847211,1747741108,909454401,piren,-460.8916043434237,-289.6710441135555,2.3283308034549117,-0.0012972128659511852,-0.0014460672079973872,0.6361909690712465,0.7715291809132035
2025/05/20 13:38:28.971890006,1747741108,971580576,piren,-460.8630588788848,-289.67577018251336,2.3293401747359477,-0.0005531566441637152,-0.0005767490656121507,0.6361923308874633,0.7715300898203639
2025/05/20 13:38:29.92135330,1747741109,91709017,piren,-460.8329955208742,-289.68049326244403,2.329545185848881,-0.02322108567385392,-0.01953337089940824,0.638164309281344,0.7693019842434432
2025/05/20 13:38:29.153746321,1747741109,153320124,piren,-460.8683190990936,-289.67165440495955,2.3492411443767276,0.013232878128413405,0.010461785001633993,0.6378247151226499,0.7699968017918832
2025/05/20 13:38:29.216154360,1747741109,215751117,piren,-460.80084635669186,-289.68234563887887,2.3323119242132306,0.0009304361883671889,0.0006930616548403151,0.6379104037539898,0.7701097134411847
2025/05/20 13:38:29.337598494,1747741109,337074992,piren,-460.7656910066165,-289.6871358256418,2.3301739961663612,-0.0043959163231686495,-0.003691680762911231,0.6380644488582228,0.7699615617133605
2025/05/20 13:38:29.459614523,1747741109,457684330,piren,-460.74355265938016,-289.6883998692415,2.3333932872268144,0.021376012014111257,0.01743985891887107,0.638315938375684,0.7692799752020277
2025/05/20 13:38:29.520112307,1747741109,519699133,piren,-460.6662947048988,-289.70012614601956,2.3114678928588814,-0.00031543517837575013,-0.0004957623273323254,0.6385496904980412,0.769580371036852
2025/05/20 13:38:29.640809618,1747741109,640423519,piren,-460.64551196140997,-289.7014304713188,2.3153309461631206,0.02024209930479519,0.016766613183823553,0.638677458486325,0.7690255146089287
2025/05/20 13:38:29.703350786,1747741109,702924605,piren,-460.5974771323005,-289.7085682200412,2.3000558859022475,-0.016844602327135385,-0.014306020262705207,0.6387374151049977,0.7691073473200406
2025/05/20 13:38:29.766086319,1747741109,765141288,piren,-460.63848601530077,-289.699704231179,2.3235237541710116,-0.002422462451178574,-0.002293277831306726,0.6399489497742453,0.7684101861865846
2025/05/20 13:38:29.831730092,1747741109,827759496,piren,-460.6178052870332,-289.70029680910386,2.328079914737372,0.019055653187697343,0.014492676893541664,0.6410840863965607,0.7670971506707196
2025/05/20 13:38:29.948792409,1747741109,948428225,piren,-460.55208083304785,-289.71001312547776,2.3115616806252937,0.009311738591190274,0.00796982473559914,0.6398700267458413,0.7683853995817266
2025/05/20 13:38:30.11341267,1747741110,10886475,piren,-460.5275701145018,-289.71269376318213,2.308403220613883,-0.002779685077678327,-0.0020146989429435562,0.6399170187297478,0.7684363496601849
2025/05/20 13:38:30.73566199,1747741110,73262178,piren,-460.51384821535504,-289.71255751281393,2.31640882386787,0.023716984053051973,0.019853055043191743,0.6414037838958417,0.7665797720243965
2025/05/20 13:38:30.195687493,1747741110,195304619,piren,-460.44154510771574,-289.72397562269276,2.297485679338874,-0.02345205459057292,-0.019593378065039913,0.642344386325241,0.7658066270462346
2025/05/20 13:38:30.258674445,1747741110,257554389,piren,-460.4979764510066,-289.71092302709854,2.3274884862149308,-0.023759496235889972,-0.019908326274987828,0.6414681843443101,0.7665231329565727
2025/05/20 13:38:30.321474652,1747741110,321151101,piren,-460.52211985414027,-289.7041592193554,2.3500664598285192,-0.0026297571042622606,-0.002307529482757823,0.6426351862911722,0.7661643276907176
2025/05/20 13:38:30.443176354,1747741110,442812675,piren,-460.48733752226616,-289.7078028669041,2.3498343874965517,0.001391591350288212,0.0008160303392353898,0.6415330704099431,0.7670936821134628
2025/05/20 13:38:30.565242691,1747741110,564823692,piren,-460.4264717517526,-289.71926084386786,2.338396199491279,-0.002804120323835004,-0.002358374079027202,0.6418298655861754,0.7668383132202935
2025/05/20 13:38:30.628270165,1747741110,627669964,piren,-460.3969118088297,-289.72307360000485,2.3390517708589433,0.001356552120921617,0.0009179650826373622,0.6421666565382194,0.7665633061508847
2025/05/20 13:38:30.750997745,1747741110,749632957,piren,-460.36004431290013,-289.72842850076364,2.335527493304339,-0.0028126090927275845,-0.002202292716230028,0.6424712053111573,0.7663015003788732
2025/05/20 13:38:30.813971487,1747741110,812666180,piren,-460.34564006006843,-289.7297715931435,2.3361614680546374,-0.023023812926237244,-0.019161255487214993,0.6423245682751831,0.7658471775208099
2025/05/20 13:38:30.876176364,1747741110,875410466,piren,-460.3608734251246,-289.72523805047007,2.3537810861390276,0.021132068378275755,0.018639129193006507,0.642344540261751,0.7658978457633251
2025/05/20 13:38:30.964249184,1747741110,961376119,piren,-460.2818873307752,-289.73741027754124,2.325534334137761,-0.0032440589742710768,-0.0018573795634497323,0.643465048581611,0.7654663659994433
2025/05/20 13:38:31.25193516,1747741111,24832819,piren,-460.25587910972655,-289.7390466134576,2.3280925634991583,0.0009270665458188916,0.0012413114000863947,0.6445496892822804,0.7645608528689809
2025/05/20 13:38:31.146541598,1747741111,146153176,piren,-460.22278817142876,-289.7420676319926,2.326925619535472,-0.0030663802407527407,-0.002012206154902269,0.6436547018922336,0.7653072409631501
2025/05/20 13:38:31.209284621,1747741111,208875205,piren,-460.21345417502636,-289.7430197458686,2.3301457892035766,-0.02322731740601919,-0.01902642688949163,0.6433807049015322,0.7649573552599822
2025/05/20 13:38:31.274818793,1747741111,272065550,piren,-460.23033200468694,-289.73870658092267,2.3493484903101733,0.021339433640354975,0.018155907204045953,0.6454840277528638,0.7632596946789784
2025/05/20 13:38:31.396036807,1747741111,395448715,piren,-460.14117737869316,-289.75353823485625,2.3239384111926413,-0.023033409585114146,-0.019297887241548406,0.6455409983907594,0.7631342430972146
2025/05/20 13:38:31.459977437,1747741111,458999122,piren,-460.17588893090556,-289.74604881715754,2.3448358669425553,0.0010856488349034101,0.0009753085547977709,0.6452601973360996,0.7639614832395728
2025/05/20 13:38:31.523576125,1747741111,522597825,piren,-460.1304791771605,-289.7525294283186,2.3399726095246685,-0.00272146883891526,-0.002298598118116815,0.6460746333312506,0.7632659289002361
2025/05/20 13:38:31.646043300,1747741111,645669897,piren,-460.0954437427972,-289.75696554652325,2.3393362136356024,0.0022042318387043174,0.001589634805750439,0.6450865212455945,0.7641047012880126
2025/05/20 13:38:31.770423682,1747741111,769959284,piren,-460.0274442880776,-289.76943611129144,2.330331429191845,-0.022918015828170612,-0.019294683353133814,0.6452984709301379,0.7633428870173797
2025/05/20 13:38:31.894101956,1747741111,893779111,piren,-460.0433376172944,-289.7665031059543,2.3487736077481998,0.021225586303194734,0.018104247781682903,0.646799876581885,0.7621493491121036
2025/05/20 13:38:31.956845623,1747741111,956425449,piren,-459.9670103198178,-289.77745241854745,2.3221001920632993,-0.0030353345243043575,-0.0021596598447172033,0.6466430145941415,0.7627836746353986
2025/05/20 13:38:32.20121760,1747741112,19653341,piren,-459.94229458773617,-289.78003337045106,2.32537310380464,0.0010941205198058454,0.0010684354288832804,0.6473803575451083,0.76216555551323
2025/05/20 13:38:32.142593990,1747741112,142172479,piren,-459.90913799623235,-289.7840759025253,2.3247794830258517,-0.003004443893621592,-0.0021561876934923546,0.6463972505390929,0.7629920829648378
2025/05/20 13:38:32.206138432,1747741112,205625601,piren,-459.902638420781,-289.7851374083701,2.3287218101883465,-0.02310718494342685,-0.019228517807254614,0.6461133123502011,0.7626492704453195
2025/05/20 13:38:32.271239787,1747741112,269211616,piren,-459.9378177552442,-289.77932251366735,2.3485887240987866,0.0011180399741169236,0.0010898507606386732,0.6468928117332273,0.7625793416686656
2025/05/20 13:38:32.333679396,1747741112,332542266,piren,-459.8933199696541,-289.78618998935156,2.343406651826984,-0.0029134780282636563,-0.00224777132943022,0.6477424959023363,0.7618504565674561
2025/05/20 13:38:32.458708005,1747741112,455054462,piren,-459.85890605833487,-289.7907124869428,2.342380076966196,0.0011690802846646467,0.0010252417231756158,0.6470825546482588,0.7624183560228467
2025/05/20 13:38:32.519377413,1747741112,518810891,piren,-459.8178424993485,-289.7975275257331,2.337549695220128,-0.0027265682740954473,-0.00237451849790936,0.6472835054369135,0.7622407697549713
2025/05/20 13:38:32.642062030,1747741112,641625755,piren,-459.7841247022173,-289.80309836118033,2.337301226416567,0.0012726962294510283,0.0009262643127963274,0.6475616762065881,0.7620114157853833
2025/05/20 13:38:32.705666512,1747741112,705233188,piren,-459.7586540258252,-289.80742603381077,2.333532307223028,0.021407317360133574,0.01806328946738399,0.6473081153354883,0.761713626081271
2025/05/20 13:38:32.773239356,1747741112,769676504,piren,-459.6761384431106,-289.82090134396753,2.3106890361431063,-0.0226935798348439,-0.019651646143332972,0.6487300621529846,0.7604262756488112
2025/05/20 13:38:32.897690254,1747741112,895992945,piren,-459.70126429657887,-289.81708965243683,2.3334454172225394,0.021239241164607105,0.018042997572771023,0.6490851234351331,0.7602051350843
2025/05/20 13:38:32.962515330,1747741112,961528264,piren,-459.6347752806096,-289.826187261981,2.311532205100792,-0.0027131335285534726,-0.0025415385308770466,0.6485453221872697,0.7611669623396453
2025/05/20 13:38:33.36211177,1747741113,35788349,piren,-459.61576921725043,-289.82916302720366,2.3178604936936957,0.002535942789834435,0.0018814112343341354,0.6490395234906233,0.7607481358721813
2025/05/20 13:38:33.161624805,1747741113,159545553,piren,-459.5874519980856,-289.83346844426467,2.3188611222216537,-0.004325626627100709,-0.0039306371745853365,0.6484514981818129,0.7612335341742685
2025/05/20 13:38:33.224934402,1747741113,223315451,piren,-459.5714929541283,-289.83661180297395,2.3260391923885293,0.022702508526796727,0.019438289422806558,0.6484055077442076,0.7607082532337102
2025/05/20 13:38:33.348497063,1747741113,348054628,piren,-459.49457620485305,-289.8490132037692,2.3053553339247754,-0.02399561283075021,-0.02060314326319047,0.6484874061578064,0.7605680805209178
2025/05/20 13:38:33.412725731,1747741113,411620158,piren,-459.54835565194566,-289.84083572669397,2.333407915034011,0.006515483823764708,0.005493927203466263,0.6487920178935386,0.7609180525865158
2025/05/20 13:38:33.478380461,1747741113,475869561,piren,-459.5018197038884,-289.8487090685175,2.3277181805697675,0.0013756829836854328,0.0011161368873170152,0.6499792351072223,0.7599499033911428
2025/05/20 13:38:33.600303020,1747741113,599946796,piren,-459.468834618921,-289.8544933623991,2.3277393378453555,-0.021388280521530762,-0.01840181087153992,0.6499916512202367,0.7594173873154147
2025/05/20 13:38:33.689241149,1747741113,687572431,piren,-459.4853634217445,-289.8513635160673,2.3473698438703896,9.876397923142245e-05,-8.944917957104165e-06,0.6508639978647887,0.7591943403695324
2025/05/20 13:38:33.813368106,1747741113,812978613,piren,-459.44406018411803,-289.8569833019219,2.344192039501136,0.0005335261889490653,0.0002859944686775104,0.6495597828158118,0.7603102801522844
2025/05/20 13:38:33.877120723,1747741113,876419351,piren,-459.4039667287889,-289.8641696068983,2.3404029999919986,0.024812206741792422,0.02234380543450408,0.6491681932028002,0.7599116828218392
2025/05/20 13:38:34.4570200,1747741114,1446231,piren,-459.30871142913566,-289.8787141877234,2.312374039168799,0.00039891183162280686,0.0011752827537297064,0.6504453016097216,0.7595520845825109
2025/05/20 13:38:34.67835834,1747741114,66455786,piren,-459.2783925384431,-289.88224657075153,2.314531588426077,0.0003100017197623956,0.0009266510989225105,0.6506273343874381,0.7593965479014053
2025/05/20 13:38:34.192763200,1747741114,192378790,piren,-459.2487435665954,-289.8863408619613,2.3171087585489794,0.005195743677555327,0.005088983282266007,0.650641906718432,0.7593498638431386
2025/05/20 13:38:34.321761714,1747741114,319980689,piren,-459.21035786095035,-289.89330002031414,2.3149852756974596,-0.008699850925706657,-0.007119992335744886,0.6508785962317784,0.7590985912714889
2025/05/20 13:38:34.385318982,1747741114,384884686,piren,-459.2057203300515,-289.89435357788676,2.3265935131539663,-0.0016954612424187338,-0.0009894918525329074,0.6509165141112693,0.7591467828913478
2025/05/20 13:38:34.514937984,1747741114,513824320,piren,-459.1694452135334,-289.90156105115994,2.3302281609075415,-0.0004638554042413244,8.510670347974762e-05,0.649996844843097,0.7599367600590407
2025/05/20 13:38:34.644571844,1747741114,644268098,piren,-459.1400570083733,-289.9075223600976,2.331439813422814,-0.0023751469416704043,-0.0015425509539083214,0.6501199026319515,0.7598263560941947
2025/05/20 13:38:34.711991675,1747741114,711458742,piren,-459.1295602130561,-289.9100168268114,2.3332906319407494,-0.025671269218585337,-0.02151349096850386,0.6497599851181061,0.7594011570852217
2025/05/20 13:38:34.778694322,1747741114,778263216,piren,-459.15448945290194,-289.9073789985214,2.3547416932672096,-9.169947761139773e-05,0.0005926103139078538,0.6501645958600899,0.7597931552036434
2025/05/20 13:38:34.909640949,1747741114,908290237,piren,-459.1105678380755,-289.91520130033905,2.349492267031222,-0.00034509396377023374,0.0018035326642138823,0.6501626805822922,0.7597928118626377
2025/05/20 13:38:34.976274393,1747741114,975824252,piren,-459.06605635931396,-289.9212690364065,2.344069888630103,-0.008470781713251248,-0.00532272601255942,0.6504622861640534,0.7594726648953172
2025/05/20 13:38:35.108079459,1747741115,104750470,piren,-459.0404955534673,-289.9249404565929,2.346759166625913,-0.024403319456892305,-0.0191935907955253,0.6501391728891127,0.7591805713708164
2025/05/20 13:38:35.172906641,1747741115,172514905,piren,-459.0505144539966,-289.9234051897847,2.3618856066867653,-0.0021844196199560786,-0.0003863319577973167,0.650906347245771,0.7591547972407934
2025/05/20 13:38:35.304010905,1747741115,301650092,piren,-458.9997974322448,-289.9320669921768,2.354803601656419,-0.0019579090391802336,-0.000387848045149052,0.6503268436353907,0.7596519022640029
2025/05/20 13:38:35.368964893,1747741115,368544534,piren,-458.95115633455526,-289.9406309526259,2.348484283818836,0.018715857513118127,0.017195119624377805,0.6499229176797808,0.7595750427793511
2025/05/20 13:38:35.498493494,1747741115,498060822,piren,-458.86102997952156,-289.95604561385755,2.3231187364574386,0.021906965718727696,0.019917986875159586,0.6497561398144439,0.7595658743158966
2025/05/20 13:38:35.567001328,1747741115,565239218,piren,-458.7796340333612,-289.9700372004843,2.300087282813684,-0.006455474797715705,-0.004610847888894765,0.6499544838727653,0.7599317310262605
2025/05/20 13:38:35.698361788,1747741115,697957172,piren,-458.7706699472134,-289.97284675848897,2.3101747475561214,-0.0033041469401942167,-0.001738611238363632,0.6498672074759757,0.7600385993430443
2025/05/20 13:38:35.766440194,1747741115,766051066,piren,-458.77251668785823,-289.9733718897308,2.3181394585033637,-0.024656823316730653,-0.020092723927267138,0.6496021505000645,0.7596086950363337
2025/05/20 13:38:35.834150127,1747741115,833748474,piren,-458.8007822518947,-289.97014193141405,2.3412452322933333,0.02056813531264276,0.02032465610888972,0.649503629092351,0.7598084600474531
2025/05/20 13:38:35.963503359,1747741115,963152887,piren,-458.71707298046005,-289.98237810872166,2.3175717059478695,-0.02577390914775154,-0.019530837543869833,0.6495784058389504,0.7596065736022867
2025/05/20 13:38:36.30741612,1747741116,29528843,piren,-458.74632668598355,-289.97730538324623,2.34104357886869,0.02108358152753705,0.020733831446554732,0.6494708541134577,0.7598112926777632
2025/05/20 13:38:36.182954964,1747741116,182583277,piren,-458.6505842811392,-289.99251570051496,2.317587912323601,-0.0019391446574071251,0.000732078608677742,0.6495496624225027,0.7603163419430896
2025/05/20 13:38:36.311406668,1747741116,310910727,piren,-458.62447968161064,-289.99747216633057,2.3206713145826297,-0.0052670991598008825,-0.002345508567544679,0.6495477293631684,0.7602989566842456
2025/05/20 13:38:36.377892314,1747741116,377504902,piren,-458.60588790761966,-290.0016705026583,2.32668577734264,-0.02532156767576963,-0.019766428505495058,0.6492035169289855,0.7599361158160699
2025/05/20 13:38:36.508883956,1747741116,508478646,piren,-458.62945155628597,-289.999630414524,2.348623386650497,-0.0013971407946153224,0.0005682982721186097,0.6495043396698401,0.7603563886656829
2025/05/20 13:38:36.577464325,1747741116,577017764,piren,-458.59079279414084,-290.00743273178665,2.3453014709490785,-0.001968460909879762,-0.00014076331436477674,0.6492674639178125,0.7605576017929658
2025/05/20 13:38:36.710674871,1747741116,710255370,piren,-458.5532548422618,-290.015425706396,2.342927856890991,-0.0016843539043297994,1.1330031709076488e-05,0.6492675021324826,0.7605582643678274
2025/05/20 13:38:36.778664357,1747741116,778252540,piren,-458.5166904547474,-290.0230827533711,2.340356001404147,0.01937933336392772,0.01818413490901989,0.6480968355162128,0.7610941272075692
2025/05/20 13:38:36.911767660,1747741116,911364911,piren,-458.43612747326796,-290.0374278331381,2.3173867601893567,-0.020413803763249475,-0.015966432980252045,0.6481547108527347,0.7610675531338928
2025/05/20 13:38:36.981398133,1747741116,980660390,piren,-458.45670846253694,-290.03610395518035,2.33632426248171,-0.0017382383173258377,-0.0017515822898879437,0.6480372651397789,0.7616046306826069
2025/05/20 13:38:37.111688730,1747741117,111039440,piren,-458.42768896028406,-290.04503077769346,2.3362192635007815,-0.02213667054261081,-0.018868098308858522,0.6477475513392695,0.7612995943894071
2025/05/20 13:38:37.180690598,1747741117,178627825,piren,-458.44451635478873,-290.0453301528959,2.3532964848815943,-0.0021239496803558138,-0.0014320178950224963,0.6484862908252867,0.7612220233113105
2025/05/20 13:38:37.308643035,1747741117,308304581,piren,-458.40742609548346,-290.0528161512132,2.3494059465146453,0.0022240858573056017,0.0023717151977602977,0.6484847679298968,0.7612206869049396
2025/05/20 13:38:37.376254732,1747741117,375785984,piren,-458.36159613433364,-290.06114289241447,2.3416698892184575,-0.0028436235987329434,-0.0018808146923539148,0.6474568023346604,0.762094525273275
2025/05/20 13:38:37.507146806,1747741117,506386477,piren,-458.32895711106545,-290.06732822617704,2.3399124178803863,8.964916974531283e-05,0.0005203838118119864,0.6471766387581352,0.7623398975584559
2025/05/20 13:38:37.574376540,1747741117,573891263,piren,-458.306225024369,-290.072217007416,2.335969667737535,1.9166620887641335e-05,0.0003921502606117531,0.6474500714847824,0.7621077684849854
2025/05/20 13:38:37.640569399,1747741117,640053681,piren,-458.27242975578747,-290.0790866472233,2.332972798954899,-0.023757762210154496,-0.02013316595365083,0.6466790136159122,0.7621262872465425
2025/05/20 13:38:37.706503345,1747741117,706095628,piren,-458.3055003199408,-290.0751136920087,2.3516173959520907,-0.0017890368936263267,-0.0014529226726972258,0.6469913003297313,0.7624938987692582
2025/05/20 13:38:37.773443763,1747741117,773040041,piren,-458.264204884817,-290.08377040100055,2.3472171832519484,0.022370889315358102,0.019023547443449144,0.6464720848920817,0.7623722787517867
2025/05/20 13:38:37.904357673,1747741117,903846880,piren,-458.1715738698571,-290.0998115153466,2.319738042330525,-0.02145283375617087,-0.018614890516563405,0.6463577083606757,0.7625057210392733
2025/05/20 13:38:37.972711970,1747741117,972316484,piren,-458.1884034969933,-290.09929076694846,2.3386370077167316,0.018544789323122535,0.015894094514384643,0.6461112752185355,0.7628523373392827
2025/05/20 13:38:38.106993245,1747741118,103242849,piren,-458.10926410799334,-290.11268877743487,2.317514928109615,0.0021268026505241624,0.0018621959369421093,0.6460272347735119,0.7633091253664324
2025/05/20 13:38:38.171595379,1747741118,170256853,piren,-458.0937699825258,-290.1164729605165,2.3184937616563666,0.002225522604572786,0.0024983617458810598,0.6464813120241736,0.7629224852114574
2025/05/20 13:38:38.238040226,1747741118,237583330,piren,-458.0612911488027,-290.12216134158376,2.3178137098107827,-0.02600979260283489,-0.02116753511296839,0.6456741243106198,0.7628763670095654
2025/05/20 13:38:38.304242029,1747741118,303824544,piren,-458.1119346585694,-290.11346608442955,2.342949128020403,-0.002138580278329351,-0.0008236306148936217,0.6460202856800076,0.7633168009397702
2025/05/20 13:38:38.371435773,1747741118,371094990,piren,-458.0773137608067,-290.11953382646027,2.3415971617136133,0.02183998710025968,0.019711178615272065,0.6452359337300284,0.7634167107318229
2025/05/20 13:38:38.460535839,1747741118,460097851,piren,-458.00487803909016,-290.1317801441502,2.3159412539830764,-0.022236675402485716,-0.017673317469070512,0.6456247702590318,0.7631263592254264
2025/05/20 13:38:38.528106054,1747741118,527533984,piren,-458.0272449060885,-290.1281885938811,2.336874264896472,-0.002093802100130397,-0.000552950867532729,0.6453266121025437,0.7639037072500412
2025/05/20 13:38:38.657607246,1747741118,656679604,piren,-457.9966068898748,-290.1340046095545,2.336753341214691,-0.0024328771020817614,-0.0008863887579196938,0.6459328183550891,0.7633898673651803
2025/05/20 13:38:38.723408539,1747741118,722907012,piren,-457.9686611409624,-290.13883892668576,2.3366794280931042,0.0018149003819154942,0.0028158405657530477,0.6457410275269824,0.7635491487434906
2025/05/20 13:38:38.853612360,1747741118,853303874,piren,-457.9289436601928,-290.145804493188,2.3325848466821495,-0.02607289891780204,-0.02110715498941841,0.6451555429227198,0.7633144944165318
2025/05/20 13:38:38.921006473,1747741118,920504561,piren,-457.95300322543727,-290.14282001705857,2.3531547424683397,0.021762860257250424,0.019428547018872238,0.6449830880682514,0.7636397878450947
2025/05/20 13:38:39.50669769,1747741119,50191953,piren,-457.8618772213428,-290.1594222524901,2.325777027167274,-0.022086517236073414,-0.017889667345346267,0.6447967118025121,0.7638254682892694
2025/05/20 13:38:39.119291175,1747741119,118337094,piren,-457.8777167371739,-290.1583015744598,2.344142411599416,-0.0018404672779269676,-0.0008782448657783671,0.6448124146812969,0.7643381393329982
2025/05/20 13:38:39.250289582,1747741119,249219713,piren,-457.8407490078416,-290.1663362584352,2.341730735201693,-0.0019015661386355698,-0.0015751148928068984,0.6445777004060593,0.7645348201347871
2025/05/20 13:38:39.316443372,1747741119,316020202,piren,-457.8068078363447,-290.1746431493225,2.339856880602777,-0.022235105875419207,-0.01776762615050818,0.644335746194007,0.7642129007706537
2025/05/20 13:38:39.448890854,1747741119,448355011,piren,-457.81593394617454,-290.17378178525416,2.3551672668261987,-0.001961166483710829,-0.0006420022119480452,0.6438749752264639,0.7651279356658621
2025/05/20 13:38:39.517107295,1747741119,516583203,piren,-457.77300979155336,-290.18242919715817,2.3498366407469224,-0.0022959017384414533,-0.0009561483901081222,0.6435129090251432,0.7654312186822937
2025/05/20 13:38:39.648930854,1747741119,648567712,piren,-457.733035894307,-290.19071349528605,2.345452311208592,-0.018492560347053287,-0.01450669972433398,0.6433051859458544,0.7652489912506178
2025/05/20 13:38:39.717075406,1747741119,716686370,piren,-457.7449440555365,-290.1890778096433,2.355545582742793,-0.0015853079664996375,-0.00026744482365035076,0.643415558853794,0.7655154040884988
2025/05/20 13:38:39.787392458,1747741119,785234963,piren,-457.7000512880042,-290.197740518939,2.349002089771969,-0.003129092761148179,-0.0015281827191136019,0.6434133401061979,0.7655110366346493
2025/05/20 13:38:39.923679521,1747741119,921356079,piren,-457.66186628564697,-290.204809883223,2.344840673113602,0.024062701852650904,0.02132599344045836,0.6412713829582728,0.7666402036040847
2025/05/20 13:38:39.990789902,1747741119,990159672,piren,-457.57029964098814,-290.2229965990455,2.314909757623094,-0.0013971047448297401,-6.438954515161654e-05,0.6405456671915319,0.7679188057304455
2025/05/20 13:38:40.58766524,1747741120,58308882,piren,-457.5640044356928,-290.2262341142104,2.3188157538467187,-0.0012376869931743175,4.963611570597175e-05,0.6405456660148522,0.7679190812948669
2025/05/20 13:38:40.128689777,1747741120,126065011,piren,-457.53784810132044,-290.2329389572091,2.319984959520259,0.01083190766056478,0.010094193424422254,0.6422284825536758,0.7663702455291088
2025/05/20 13:38:40.258695513,1747741120,258260131,piren,-457.48711393752706,-290.24192370317184,2.310303836448274,-0.00011504966371311111,0.0010886333377498763,0.6417235315152905,0.7669352715455033
2025/05/20 13:38:40.325977883,1747741120,325432411,piren,-457.465800154981,-290.2458730329799,2.3135938895626644,-0.0012849326355329441,0.0005701035305511661,0.6413901212685689,0.76721361840701
2025/05/20 13:38:40.459080366,1747741120,456967314,piren,-457.446787890132,-290.2490339163824,2.3178013550023135,-0.0014027484790820706,0.0002937953621223045,0.641051259771281,0.7674967285445868
2025/05/20 13:38:40.525905262,1747741120,524714532,piren,-457.42709496923345,-290.25290214726397,2.3217465080193076,-0.0011929533013019954,0.00017225334348515008,0.6407117839676694,0.7677805396571167
2025/05/20 13:38:40.617891377,1747741120,616739258,piren,-457.4207859462237,-290.2547780796657,2.32515520374298,-0.0012425172767315913,0.00025295885158205456,0.6407118499427532,0.7677803836420747
2025/05/20 13:38:40.688283294,1747741120,684988342,piren,-457.40046052607295,-290.2590701903666,2.3276974257498493,-0.001169644468255248,0.00020165075181935316,0.6403129177415824,0.7681132459748717
2025/05/20 13:38:40.817651349,1747741120,817252458,piren,-457.3631978477542,-290.267140184319,2.3299390094410124,-0.0011818872163873765,0.0002033928378523179,0.6393795976807324,0.7688902989657147
2025/05/20 13:38:40.949533743,1747741120,949136956,piren,-457.33881032028853,-290.27318673117566,2.3312114168418185,-0.0012398303345010932,0.00020639408903005876,0.6394578306694056,0.7688251446315991
2025/05/20 13:38:41.18657887,1747741121,18278345,piren,-457.3138525788049,-290.2788120520509,2.332083903897529,-0.0012362071661888964,0.00025073637971297254,0.6389395750178085,0.7692558926645752
2025/05/20 13:38:41.154183541,1747741121,150339554,piren,-457.2881735381038,-290.284715147917,2.332596042021306,-0.0012668654669893945,0.0002750210426539086,0.6385628141932614,0.7695686140591343
2025/05/20 13:38:41.218120201,1747741121,217753250,piren,-457.27574382771326,-290.28776071108155,2.332518260383362,-0.0013059669497596722,0.00026151847350133745,0.638562746253756,0.7695686097777609
2025/05/20 13:38:41.287713724,1747741121,286352168,piren,-457.2514072996721,-290.2930121967397,2.332681269333846,-0.0012376401610087874,0.00028942035047894304,0.6381103802992504,0.7699438466778201
2025/05/20 13:38:41.355607743,1747741121,353719046,piren,-457.2377318421812,-290.29620325543266,2.33247152384392,-0.0016518441981371668,0.0007308332018267749,0.638110255412307,0.7699428804990774
2025/05/20 13:38:41.423115810,1747741121,422528356,piren,-457.21057217888944,-290.30095520601424,2.332506409682166,-0.0016089928113434898,0.0006740971405116332,0.6377794334206666,0.7702170804654956
2025/05/20 13:38:41.556307198,1747741121,554048324,piren,-457.1829348626145,-290.30615076139134,2.3324581431578184,-0.0015634757800600568,0.0005612796531768919,0.636973158452581,0.7708841909908254
2025/05/20 13:38:41.622235899,1747741121,621856207,piren,-457.15557446122995,-290.312128407079,2.332377581540557,-0.0014503124020008179,0.00047933114680726805,0.6365508992015718,0.7712331810556772
2025/05/20 13:38:41.755305599,1747741121,753996409,piren,-457.1279181379325,-290.31853632056794,2.332243464966093,-0.0013891834613418753,0.0004024951059651615,0.6361269660839005,0.7715830423148844
2025/05/20 13:38:41.824902320,1747741121,824385712,piren,-457.10016226459953,-290.3251994029286,2.3321063678148115,-0.00138243913432901,0.0003364775536737417,0.635694936514571,0.7719390671125743
2025/05/20 13:38:41.958834874,1747741121,957211584,piren,-457.0727866660715,-290.3318940499446,2.3320019578548763,-0.0013384467966873412,0.0003140581655382131,0.6352646968530149,0.7722932570338085
2025/05/20 13:38:42.29266683,1747741122,25873776,piren,-457.0475261656485,-290.3381872863384,2.3318907294466875,-0.0013537174613495776,0.00032937484586114134,0.6348377575118948,0.7726442134634249
2025/05/20 13:38:42.159399901,1747741122,158414098,piren,-457.02036235669027,-290.34484727797235,2.331802178885358,-0.0014232101422204332,0.0003558625628773481,0.6342966076644901,0.7730883916733243
2025/05/20 13:38:42.228909132,1747741122,228444580,piren,-456.9939190265963,-290.3513129641726,2.331757124594295,-6.434599398796859e-05,-0.00136997397200899,0.6339280577769622,0.7733908045703916
2025/05/20 13:38:42.361846776,1747741122,361398721,piren,-456.96901370327436,-290.36111494066836,2.3317544333164846,-0.0012752419323915757,0.00039255759087400855,0.6334237211524674,0.773803986250984
2025/05/20 13:38:42.431523452,1747741122,429845932,piren,-456.9434922581717,-290.3666106575058,2.331628722959116,-0.0013658454925924348,0.00042847654871744367,0.6328907158665711,0.7742398159768308
2025/05/20 13:38:42.565476467,1747741122,562147189,piren,-456.9182317187042,-290.3719755077713,2.331565669689727,-0.001368326422257404,0.00046497428076227145,0.6323781280372842,0.7746585148707659
2025/05/20 13:38:42.631230107,1747741122,630821612,piren,-456.8927843509006,-290.377432725278,2.3315074221004286,-0.0015759787229985963,0.0004414372689034395,0.6318677889277564,0.7750744601260905
2025/05/20 13:38:42.765307011,1747741122,764696711,piren,-456.8674088796409,-290.3827890575512,2.331591349716262,-0.0013112541580075439,0.0003652534241786279,0.63136611909512,0.7754837012221703
2025/05/20 13:38:42.834224380,1747741122,833573291,piren,-456.8412813628445,-290.38883015114163,2.3315555729960287,-0.001225696904852193,0.00029556515031246394,0.6308523125348301,0.7759019075100901
2025/05/20 13:38:42.926531961,1747741122,926119887,piren,-456.816139585859,-290.3948679090039,2.3315165849882944,-0.0011660236155100598,0.00021635783189708337,0.630355572756615,0.7763056392123509
2025/05/20 13:38:43.60814801,1747741123,59468140,piren,-456.7887637957346,-290.40157742605464,2.331491105277129,-0.0011413079548267114,0.00011871174996729994,0.6297320947280123,0.7768115422630785
2025/05/20 13:38:43.130569975,1747741123,128165398,piren,-456.76152653851415,-290.4084766950203,2.331505292481276,-0.0010867980275147794,8.842078526538893e-05,0.62928394480736,0.7771747087106603
2025/05/20 13:38:43.263955523,1747741123,263245084,piren,-456.73425769162117,-290.41533972937407,2.331504197932487,0.0003703556527722639,-0.0017886672170809423,0.6287489934616295,0.77760617714063
2025/05/20 13:38:43.332491426,1747741123,332140578,piren,-456.70830863296794,-290.42594302499634,2.3315355846940733,-0.0008970043261106948,5.4779823617958465e-06,0.6281636850612546,0.7780807028345423
2025/05/20 13:38:43.467791800,1747741123,466114363,piren,-456.67023649805105,-290.4351253551669,2.3314580556701774,-0.0010000725687615514,0.00014506310572115122,0.6270304355718955,0.7789941024668106
2025/05/20 13:38:43.600955140,1747741123,600580582,piren,-456.6443060259563,-290.44120286767856,2.3313953022831333,-0.001114025609368251,0.00020969292107353855,0.6239387266706747,0.7814724437473133
2025/05/20 13:38:43.670298096,1747741123,669514423,piren,-456.61940332905255,-290.4488911681545,2.331392839951516,-0.0011514591650412808,0.00028744480986041157,0.6222794692356234,0.7827942601252922
2025/05/20 13:38:43.805753698,1747741123,804473814,piren,-456.5937352264844,-290.4531684085665,2.331382423880898,-0.0011817483756141917,0.0003155665457219062,0.6217230794024771,0.7832361817656494
2025/05/20 13:38:43.874089862,1747741123,873696277,piren,-456.56879288253674,-290.4615949780075,2.3313820633085305,-0.0010818624614409333,0.0003831727946233375,0.6210986992994288,0.783731515559239
2025/05/20 13:38:44.8662264,1747741124,8212651,piren,-456.54236741365963,-290.4658367585042,2.3313009839400207,0.00022143985596419325,0.0013332952305868194,0.6204279105347708,0.7842623165227799
2025/05/20 13:38:44.78671521,1747741124,77615453,piren,-456.5136072679911,-290.4752416077142,2.3301080681152064,-0.0011568427618934105,0.00015508098406290705,0.6196927162852763,0.7848436628066056
2025/05/20 13:38:44.212011956,1747741124,211588632,piren,-456.4887155461472,-290.4791640535376,2.330466359222394,-0.0011144414625575158,9.610284257029664e-05,0.6196114801771022,0.7849078687446129
2025/05/20 13:38:44.281307686,1747741124,280893634,piren,-456.4622212935774,-290.48771563480017,2.330772047108042,-0.0027735775025879037,-0.0006837001941879221,0.6168597390094552,0.78706791461161
2025/05/20 13:38:44.415799531,1747741124,415195828,piren,-456.43878302591713,-290.4963205516074,2.3322778831163498,-0.00046869696630574636,0.0005907859757597653,0.6168596795541883,0.7870727838233188
2025/05/20 13:38:44.488640453,1747741124,485160018,piren,-456.41053483939993,-290.50555365097597,2.3316522871241334,-0.0010308428327712846,0.00021827381888861542,0.6213423877423019,0.7835384654975717
2025/05/20 13:38:44.622998192,1747741124,620826394,piren,-456.38222086753024,-290.50937996996527,2.3315886932181966,-0.0010265906070988972,0.0002440562054119722,0.6213423099557479,0.7835385251582396
2025/05/20 13:38:44.692117866,1747741124,690703584,piren,-456.3568459471704,-290.5123093752245,2.331505941478835,-0.0010993759231596716,0.00031836658640178265,0.6200844021288268,0.784534272197099
2025/05/20 13:38:44.760215508,1747741124,759829567,piren,-456.3428471913391,-290.51398935693135,2.33143721648635,-0.0011432229108133015,0.0003575405877250438,0.620084313057374,0.7845342630543736
2025/05/20 13:38:44.830660056,1747741124,829482329,piren,-456.3155671769393,-290.51846751389246,2.331397024513023,-0.0012571894131887373,0.00041611431255240625,0.6195635367236787,0.7849453931873893
2025/05/20 13:38:44.964717776,1747741124,964341728,piren,-456.289717890196,-290.5229036824785,2.331401347517481,-0.001275474122456695,0.00047436167808444436,0.6182928688462557,0.7859466117241224
2025/05/20 13:38:45.34445205,1747741125,34043118,piren,-456.26386092841176,-290.52837255055834,2.331390972149875,-0.0013171227366634763,0.000500833959257852,0.6175940627864961,0.786495764746328
2025/05/20 13:38:45.127721613,1747741125,127347468,piren,-456.2386254500896,-290.5340502792213,2.3313950133688355,-0.0013517961107982202,0.0004745344362354391,0.616998016698538,0.7869634012166095
2025/05/20 13:38:45.263794764,1747741125,262936011,piren,-456.21444208596927,-290.5397224684725,2.3314297457447055,-0.0014932563916421736,0.0008356228356211647,0.6163512457660463,0.7874695002109403
2025/05/20 13:38:45.332530004,1747741125,332109297,piren,-456.18777796901384,-290.54547565227654,2.331378287834551,-0.0015269206276396002,0.0010128099251933472,0.6155424386879738,0.7881016107733282
2025/05/20 13:38:45.468791497,1747741125,468174279,piren,-456.1603558779347,-290.5515334780301,2.3312794440679285,-0.0013586754746938727,0.0009832912752916526,0.6149459756427778,0.788567456962291
2025/05/20 13:38:45.539433400,1747741125,538725786,piren,-456.1328713688108,-290.5579915837979,2.331124395831174,-0.02112259498431064,-0.014682053908516157,0.6141401140610541,0.788777657882899
2025/05/20 13:38:45.676783588,1747741125,675414130,piren,-456.13367042928525,-290.5570039857185,2.3475797152923676,-0.007256980185791976,-0.003883079718597027,0.6117840753192259,0.7909819865940576
2025/05/20 13:38:45.811249387,1747741125,810787415,piren,-456.1118034731086,-290.5639377469416,2.3489256653141783,-0.0015500732557400167,0.0005222874458382895,0.611796226009982,0.7910137181671812
2025/05/20 13:38:45.881441319,1747741125,881037489,piren,-456.0745320142993,-290.5738357113903,2.3448212498789105,-0.01369751877441417,-0.00894344736394032,0.6121080860558746,0.7906048847013828
2025/05/20 13:38:46.17737601,1747741126,17348424,piren,-456.05398805951637,-290.5780114935028,2.3528522899445736,-0.024646319014408665,-0.017036481058154036,0.6102227805618142,0.7916631072341336
2025/05/20 13:38:46.155961261,1747741126,155522524,piren,-456.0661812856458,-290.57422697059627,2.367572860370031,0.002043572713684437,0.0033749216711058115,0.6105591738438724,0.7919608127611909
2025/05/20 13:38:46.226541149,1747741126,226166470,piren,-456.0102153931764,-290.5874801415643,2.3547648864452486,-0.018031235119397027,-0.011113513026789246,0.6094974995194073,0.7925049920775658
2025/05/20 13:38:46.363124983,1747741126,361815505,piren,-456.0009313886583,-290.5873948462346,2.3605231968020197,0.014921051108559498,0.014408038378131802,0.6088029598676763,0.793050267461191
2025/05/20 13:38:46.435452856,1747741126,432373639,piren,-455.91897916556337,-290.6068170977495,2.3357300495962505,-0.001676968535871352,0.0016378161254944647,0.6081506451145271,0.7938181770290054
2025/05/20 13:38:46.571461988,1747741126,569023206,piren,-455.86664583287546,-290.6178344075361,2.3301828196487726,0.020060618851482925,0.01781719683534095,0.6067444932623591,0.7944439810106371
2025/05/20 13:38:46.707218994,1747741126,706776225,piren,-455.79087393884566,-290.63601842193395,2.307691200951717,-0.023059663667767544,-0.01483780733937039,0.6024007483898649,0.797722652131817
2025/05/20 13:38:46.779160065,1747741126,777025663,piren,-455.81563355947407,-290.63134202039777,2.3285240829264433,0.019741735535592858,0.01684048598847788,0.6012912005144013,0.7986085111577916
2025/05/20 13:38:46.916248862,1747741126,915110037,piren,-455.7451862437885,-290.6492930032876,2.3087619939933957,-0.02294036934376604,-0.015030906028015354,0.6011117667253666,0.7986942188489016
2025/05/20 13:38:46.987214346,1747741126,986127345,piren,-455.77200072922346,-290.64369956954545,2.3307316083011225,0.019873899391917117,0.016626305118555958,0.598654820417508,0.8005879090343209
2025/05/20 13:38:47.124257453,1747741127,123883025,piren,-455.6939866655048,-290.6693338284785,2.3117011882843737,0.023716935389779648,0.019790465512251377,0.602976193586064,0.7971609338264056
2025/05/20 13:38:47.265182314,1747741127,261658573,piren,-455.6266553736603,-290.6856649495799,2.292554432632172,-0.026969679351896467,-0.018215431267999623,0.6030342406282369,0.7970511521159118
2025/05/20 13:38:47.332918670,1747741127,332387632,piren,-455.6721162662799,-290.6688705356344,2.3222982426889085,0.022745583368397933,0.021299425811689702,0.6020224264894928,0.7978708986427735
2025/05/20 13:38:47.494739241,1747741127,494299971,piren,-455.59152836178913,-290.6849164192693,2.30272256945919,-0.02309332747264248,-0.014624176234231609,0.5998212403393526,0.7996670002779107
2025/05/20 13:38:47.564275939,1747741127,563838779,piren,-455.6409432695699,-290.6698658656618,2.3292020841242507,0.023627984330981528,0.02007288239014247,0.5996662613466781,0.7996494061471591
2025/05/20 13:38:47.636461400,1747741127,635600571,piren,-455.57071781059597,-290.6886718466987,2.3077426630437436,-0.02714796067059476,-0.01776267568894553,0.6009824854747541,0.7986034859280194
2025/05/20 13:38:47.773432558,1747741127,773042282,piren,-455.59627573850315,-290.675942357684,2.3340765442658644,0.019672331523457823,0.016886899587433692,0.599213134686126,0.8001696390231148
2025/05/20 13:38:47.912173900,1747741127,911745192,piren,-455.52938379682263,-290.6922192049806,2.3160583835335062,-0.02315942675641221,-0.014792902266758305,0.5953347597577447,0.8030076804234372
2025/05/20 13:38:47.983343072,1747741127,982622123,piren,-455.558934952236,-290.6844255380432,2.338527863277728,0.019911770806305244,0.016542106291281736,0.5931930903227024,0.8046439198155961
2025/05/20 13:38:48.122489821,1747741128,121363579,piren,-455.4815631402425,-290.709363721592,2.3203664762112237,0.023932698288805922,0.019469858463727917,0.5967223136343471,0.8018544948897471
2025/05/20 13:38:48.260080024,1747741128,259569466,piren,-455.41094689429804,-290.72829435985824,2.2998344935340627,-0.027280384226838907,-0.01758509273191889,0.5970306460242084,0.8015615714703158
2025/05/20 13:38:48.330840157,1747741128,330409254,piren,-455.4520654647353,-290.71121603089745,2.328066004298658,0.023492541692917566,0.020036245081273486,0.596094523267746,0.8023203653766046
2025/05/20 13:38:48.468806443,1747741128,468449866,piren,-455.38010969285136,-290.72908187620953,2.3068742634494472,-0.027454347709406024,-0.01749211585442645,0.595584128767811,0.8026330607660477
2025/05/20 13:38:48.540534216,1747741128,540158288,piren,-455.4214893471467,-290.71254613662944,2.334306876703784,0.023542497011701146,0.019942014559225292,0.5949713310688268,0.803154519439418
2025/05/20 13:38:48.611587794,1747741128,611149271,piren,-455.3560753726535,-290.7309127387687,2.310758243051201,0.01953064787480093,0.016947912447146406,0.5950659731482257,0.8032607357878446
2025/05/20 13:38:48.683718854,1747741128,682442555,piren,-455.30110115143964,-290.7443767480673,2.297160862156474,-0.023453011008429347,-0.014526424580776487,0.5944232627239371,0.8036789931285792
2025/05/20 13:38:48.822522700,1747741128,820129626,piren,-455.33048946296117,-290.7301422925824,2.3252066946012646,-0.02746595535490337,-0.017529948128235117,0.5943349201250421,0.8035572941209754
2025/05/20 13:38:48.960132133,1747741128,959002823,piren,-455.37219147126893,-290.71362109453617,2.35247807278542,0.023634137394923874,0.019802418182912375,0.5922554843626222,0.8051600667110254
2025/05/20 13:38:49.31550486,1747741129,29933789,piren,-455.29115363335694,-290.7372610421566,2.326017776843377,-0.02748894748564739,-0.01751041540497162,0.5915436037972756,0.8056139943701379
2025/05/20 13:38:49.171178451,1747741129,168427686,piren,-455.31253339079404,-290.7270358296435,2.348310181064043,0.01970066701945273,0.016679238890413194,0.5910469235737962,0.8062240512679937
2025/05/20 13:38:49.309486405,1747741129,307995627,piren,-455.23793618337083,-290.74758837567595,2.325657188998378,-0.0243536209873498,-0.013533676929012086,0.587642078263149,0.8086411618191055
2025/05/20 13:38:49.379920617,1747741129,379410858,piren,-455.25881250923084,-290.73882173349926,2.344488895143805,0.019180630707589397,0.01718125640848335,0.5849686837661342,0.8106469927451786
2025/05/20 13:38:49.518414297,1747741129,518077528,piren,-455.1782305433746,-290.76481680846825,2.323287266896976,0.02319854003984307,0.020142545498046855,0.5887476778264961,0.8077328007793094
2025/05/20 13:38:49.658023936,1747741129,657627698,piren,-455.10659813126387,-290.78417345833634,2.301027209172265,-0.027994645975518654,-0.017043963554245208,0.5889344267221027,0.8075159714362158
2025/05/20 13:38:49.754621941,1747741129,753596322,piren,-455.14705270328346,-290.7666021131583,2.327970427505141,0.023385315842340257,0.01990978293203201,0.5879740659198344,0.8082964959420843
2025/05/20 13:38:49.825749550,1747741129,825312583,piren,-455.07678738842236,-290.7862518942868,2.3060247294833887,-0.028078029810646422,-0.017256379225707302,0.5874942022429323,0.8085569886834889
2025/05/20 13:38:49.966329333,1747741129,965646552,piren,-455.10705095359015,-290.7713381837171,2.3318645576097548,0.018662747637210625,0.01627054248886124,0.5864291150977846,0.8096220502576356
2025/05/20 13:38:50.107198398,1747741130,106793137,piren,-455.0465737174536,-290.78744246699006,2.314634155886965,-0.023910330753651475,-0.014072686789446492,0.5829885084795747,0.8120065606573251
2025/05/20 13:38:50.180354828,1747741130,179013872,piren,-455.0790430726788,-290.7762757452889,2.337144748309138,0.019555445945530818,0.01673431719432981,0.5803580503316897,0.8139545936826642
2025/05/20 13:38:50.317578653,1747741130,317255373,piren,-455.01770712370507,-290.7990768713414,2.317845502243704,-0.023556369128978266,-0.012907155824122328,0.5804514479143325,0.8138517183222913
2025/05/20 13:38:50.389889508,1747741130,389470159,piren,-455.04697618598976,-290.78731694231874,2.3387914479932705,0.01908396915195097,0.01724911462263165,0.5846064741773342,0.8109090827682771
2025/05/20 13:38:50.461065663,1747741130,460750541,piren,-454.98957903670396,-290.8023336549857,2.317732350847044,-0.028282613507437736,-0.01668943371540381,0.5846234467847786,0.8106398596447952
2025/05/20 13:38:50.534314971,1747741130,533911735,piren,-455.0275360183576,-290.78413127133143,2.342229649851544,0.023309795982511695,0.020009307603484454,0.5840302016093378,0.8111504204699885
2025/05/20 13:38:50.677498897,1747741130,676797781,piren,-454.9476026534,-290.80523936570916,2.3187534270504133,-0.024121673635661704,-0.01403595243454762,0.5827094573436196,0.8122012221257576
2025/05/20 13:38:50.821027616,1747741130,820646397,piren,-454.96390648066597,-290.79366032831103,2.3386541670911924,-0.026668402506073316,-0.015969815503270052,0.5767736121972745,0.8163124166478627
2025/05/20 13:38:50.962815074,1747741130,962312346,piren,-454.98937237998865,-290.7843061856616,2.35742621885036,-0.0029213349335003706,0.0006442169706934827,0.578426183556288,0.8157292448865668
2025/05/20 13:38:51.35335286,1747741131,34967508,piren,-454.9588232331753,-290.79549155731115,2.353152143389848,-0.0015176085545630003,0.001499799665080033,0.5805258648718846,0.8142390113965249
2025/05/20 13:38:51.176762798,1747741131,176340911,piren,-454.9201278979123,-290.80527585526943,2.348941530596642,-0.002553658778975408,0.0008061702079170311,0.5801428545064639,0.8145103420347272
2025/05/20 13:38:51.318502230,1747741131,318130482,piren,-454.8841570979506,-290.81252625563206,2.3448243186743625,-0.00616856064890953,0.0018265478920686245,0.579227524097957,0.8151405326136528
2025/05/20 13:38:51.459411817,1747741131,459105913,piren,-454.85975477071565,-290.8132287495641,2.342388757311779,0.02188512379028256,0.017428305442003918,0.5788804241212909,0.8149323592147134
2025/05/20 13:38:51.532578878,1747741131,532218946,piren,-454.7897330440184,-290.8369723020111,2.316805633645665,-0.025469455874756415,-0.015696753499205254,0.5782402035509998,0.8153178433864473
2025/05/20 13:38:51.673991664,1747741131,673632842,piren,-454.8106312913405,-290.82627745577554,2.3352762610518965,-0.0036685420419144627,-0.0006408593617903591,0.5774946426448245,0.8163859802906291
2025/05/20 13:38:51.814379396,1747741131,814009335,piren,-454.7950892504295,-290.829914946547,2.3358155389196065,0.00021310985479457243,0.002207421694386993,0.5742739128915587,0.8186602194108807
2025/05/20 13:38:51.886519102,1747741131,886158108,piren,-454.7726508774583,-290.83923948646253,2.3328565611330876,-0.0036283517687330106,-0.0007511671061746668,0.5718231166522139,0.820368572090356
2025/05/20 13:38:52.26240539,1747741132,25842279,piren,-454.75085164701227,-290.8483206111931,2.3337363329550636,0.02219227859349708,0.017208761943424074,0.575117821447746,0.8175884372570358
2025/05/20 13:38:52.193276619,1747741132,192936438,piren,-454.6800007379396,-290.8706095067736,2.3113711973048106,0.00019621727461189577,0.002054860991151606,0.5743693985696294,0.8185936311942883
2025/05/20 13:38:52.266449882,1747741132,265629706,piren,-454.67899616625846,-290.8690491249712,2.3154694290477202,0.022151452534954305,0.017245374642730044,0.5741116252104782,0.8182956385086059
2025/05/20 13:38:52.340466953,1747741132,339133162,piren,-454.62424437276155,-290.8859814290882,2.297394445177106,-0.025344061908197366,-0.016060604578236284,0.5744784400364846,0.8179695944470199
2025/05/20 13:38:52.412581053,1747741132,412092344,piren,-454.68318717524613,-290.8621888293153,2.326391576169899,0.00034753934317771705,0.002015968090903829,0.5746993843808592,0.8183620425467709
2025/05/20 13:38:52.487436544,1747741132,485357661,piren,-454.6659341628851,-290.8645205580333,2.326949282933053,-0.0034928140558325767,-0.0008516045223873523,0.573526134873517,0.8191793745186419
2025/05/20 13:38:52.628471928,1747741132,627084986,piren,-454.64940041980975,-290.8661482787868,2.3308213273425187,0.02215086631725757,0.017151646884447095,0.5719094922284393,0.8198382113743875
2025/05/20 13:38:52.771697035,1747741132,769816175,piren,-454.5906539622909,-290.8854460653757,2.3103345155287767,-0.025434502886556225,-0.015925005578006596,0.5720149197301345,0.8196940965179523
2025/05/20 13:38:52.844360697,1747741132,843164662,piren,-454.6324418785404,-290.86689839443085,2.3345756888002938,0.02221456429107579,0.017244148025078187,0.5712082849387311,0.8203232580572127
2025/05/20 13:38:52.916445295,1747741132,915668556,piren,-454.57767423951066,-290.88609675507166,2.312712950564985,-0.0035612200690667752,-0.0007475059362282515,0.5714677116513336,0.8206164838013451
2025/05/20 13:38:52.992274428,1747741132,991938839,piren,-454.57597690978224,-290.88379140451565,2.3195940418105794,0.00030598281169957073,0.0020926881450736056,0.5708368717881795,0.8210607729260556
2025/05/20 13:38:53.67054702,1747741133,65638213,piren,-454.5614518757551,-290.88665139721695,2.3191593728529125,-0.0035327587349107594,-0.0007868991039347425,0.5708401104874524,0.8210532678603711
2025/05/20 13:38:53.211283965,1747741133,210895344,piren,-454.5656128465405,-290.8814375238197,2.3295735269632267,0.0006893115247928365,0.0017217834317977856,0.5664867857247283,0.824068736156579
2025/05/20 13:38:53.285104091,1747741133,283675005,piren,-454.5507240793838,-290.88817454212676,2.329790507769599,-0.0036116572602476605,-0.0005327396707992556,0.5638470275476931,0.8258711773914311
2025/05/20 13:38:53.428273407,1747741133,426333349,piren,-454.5360502745761,-290.8935062290848,2.333542679804462,0.02237173033956405,0.017163469200503052,0.5674907486454887,0.8228968168661246
2025/05/20 13:38:53.572517078,1747741133,569643156,piren,-454.4693566512207,-290.91413478100606,2.3128970487654765,0.0007841357604490455,0.0022745065962085386,0.5673860802291374,0.8234483880080573
2025/05/20 13:38:53.712792448,1747741133,712339102,piren,-454.4580073903588,-290.9134265061499,2.3154764765894673,-0.003425343322054893,-0.0008419188785259216,0.5638923305780782,0.8258407823006513
2025/05/20 13:38:53.787489953,1747741133,785856399,piren,-454.4567876611891,-290.9132549163421,2.3216706731924983,0.00048259148575348885,0.0019679471966898014,0.5613679028846742,0.8275638778367214
2025/05/20 13:38:53.930284891,1747741133,929016532,piren,-454.43899632061726,-290.9191894889052,2.323388743078877,-0.025465783367490995,-0.015747833427813936,0.5646869741237373,0.8247618570683222
2025/05/20 13:38:54.72986505,1747741134,72094033,piren,-454.4710026755095,-290.9012425982181,2.345460955586721,-0.0034774884561530038,-0.0007639807025518328,0.5644811299603176,0.8254382940754849
2025/05/20 13:38:54.218415737,1747741134,215134845,piren,-454.45201727520646,-290.9016994168817,2.3471112727524046,0.02215516993081083,0.017901723116954222,0.5591026983526367,0.8286089846541501
2025/05/20 13:38:54.358815805,1747741134,358341498,piren,-454.3849143403286,-290.923807386318,2.3221041134647957,-0.024733634044037448,-0.01607900326398017,0.5599365893067626,0.8280101019652613
2025/05/20 13:38:54.437717693,1747741134,435537417,piren,-454.41984334844346,-290.9101965754271,2.342454596296492,0.02195211800011976,0.01779927335698611,0.5615748744302959,0.8269431363714616
2025/05/20 13:38:54.535856078,1747741134,535373704,piren,-454.35317456698897,-290.93125795875295,2.318456007524829,-0.026026402394687044,-0.014597458931256958,0.5616247462061895,0.8268537869659747
2025/05/20 13:38:54.679836518,1747741134,678613343,piren,-454.3770795954585,-290.9140742554006,2.338597758427014,-0.003930585169038921,-2.56518604737513e-05,0.5595225353915055,0.8288058169627386
2025/05/20 13:38:54.823689346,1747741134,823359975,piren,-454.3564736523842,-290.91757321349723,2.3397837641091024,0.0221582992340344,0.017458458697906278,0.5596935710348498,0.8282193661930431
2025/05/20 13:38:54.969810541,1747741134,968964875,piren,-454.29692431802414,-290.93789362620333,2.3190046846554173,-0.026018581638856893,-0.015104797531962772,0.5594273763053409,0.8283331993474264
2025/05/20 13:38:55.47613882,1747741135,47211632,piren,-454.27339524728694,-290.9435111268536,2.3149389788069907,0.02220778658676564,0.017348267421473693,0.5585238515515972,0.8290096254449397
2025/05/20 13:38:55.125540406,1747741135,125068954,piren,-454.2207964423071,-290.9620612513706,2.2967397827379705,-0.025600783051623006,-0.015583993174187499,0.5585665598288604,0.8289180522252141
2025/05/20 13:38:55.275913428,1747741135,275650314,piren,-454.2596856736341,-290.9421351567418,2.321773729420411,-0.003940505425605333,-8.114587970227448e-05,0.5559330221041233,0.831217745699954
2025/05/20 13:38:55.420755420,1747741135,420255790,piren,-454.2516611088218,-290.9397939352643,2.3277613571070384,0.022167505469333465,0.017422260255270255,0.5543043712078499,0.831836360475265
2025/05/20 13:38:55.564244264,1747741135,563045374,piren,-454.2001656329399,-290.9603953539872,2.3087234171408038,-0.02611168505089351,-0.014830213305496288,0.5558533597690417,0.8307377968472272
2025/05/20 13:38:55.640880499,1747741135,637861311,piren,-454.2464896944609,-290.9380865286497,2.3340508366053436,0.022219389871631516,0.017327439702667556,0.5549224135264987,0.8314247852409793
2025/05/20 13:38:55.782661370,1747741135,782302613,piren,-454.18781013802067,-290.95823676291104,2.314881982551981,0.00010481667075763518,0.0024664483315869827,0.5528307847197153,0.8332898830012742
2025/05/20 13:38:55.929388530,1747741135,929094685,piren,-454.1746658009744,-290.9611041225581,2.3174925230989203,-0.025916590857493253,-0.015141554485157823,0.553106834640203,0.8325694524304825
2025/05/20 13:38:56.75540122,1747741136,75137711,piren,-454.2095311326682,-290.9424405552079,2.340732947882899,-0.003655494567964968,-0.0005729666985826722,0.5524803771306485,0.8335176914464397
2025/05/20 13:38:56.221569492,1747741136,221082338,piren,-454.196258231355,-290.9434171732524,2.3435358029814073,0.0219958715267679,0.01668680940237096,0.5509975819475911,0.834049996532375
2025/05/20 13:38:56.367814478,1747741136,367424236,piren,-454.1327851346182,-290.9666151000239,2.321737938047215,-0.005676023797304098,-0.0029802747427095573,0.5507374166443573,0.8346539394408979
2025/05/20 13:38:56.515059449,1747741136,512870905,piren,-454.1338333012256,-290.9645664313757,2.3276008846804106,-0.001418655088387455,-9.201721993252413e-05,0.5471937115816836,0.8370047914773444
2025/05/20 13:38:56.587599881,1747741136,587049254,piren,-454.1269207893729,-290.9692573334803,2.328990281097861,-0.0002629815429341424,0.0008486339888460789,0.5446116575586152,0.8386878758586646
2025/05/20 13:38:56.733259009,1747741136,731924020,piren,-454.1126453899633,-290.9763517884442,2.329090079153649,-0.0027324181756521616,-0.0006174716705835589,0.5484193303598777,0.8361987746387057
2025/05/20 13:38:56.877714341,1747741136,876717761,piren,-454.1023459778747,-290.9761413891602,2.3312096932783852,-0.002972371279115735,-0.0008606865744870941,0.5473432197025647,0.8369025176645305
2025/05/20 13:38:57.44789069,1747741137,44085573,piren,-454.09066304646166,-290.97618400728845,2.333269499292888,0.020847732499199245,0.014618911949485228,0.5467320235502457,0.836920398776197
2025/05/20 13:38:57.119576405,1747741137,118531463,piren,-454.03947433635784,-290.99452995752443,2.3136346800056273,-0.025234653850310467,-0.016644328041506343,0.5466820023160894,0.8367944591910087
2025/05/20 13:38:57.264043865,1747741137,263649919,piren,-454.08250347815033,-290.9725745164375,2.336759658481296,-0.001049071240571007,0.0006125228840365507,0.5454933785475258,0.838114251296358
2025/05/20 13:38:57.341065902,1747741137,338904788,piren,-454.0680379936972,-290.9747376252657,2.3361446259336187,-0.026532395316429976,-0.016278689050996324,0.5444998822669944,0.838183103201671
2025/05/20 13:38:57.414139792,1747741137,413626588,piren,-454.1053202025994,-290.95661277700214,2.354637822177305,-0.023970070402895734,-0.01607146144201418,0.5445100555682272,0.8382576830766805
2025/05/20 13:38:57.489668483,1747741137,489265206,piren,-454.1258575213964,-290.9461626928736,2.3681697961539485,-0.006867196248357876,-0.005000690212306234,0.5448973876892229,0.8384597018357817
2025/05/20 13:38:57.635767511,1747741137,634173860,piren,-454.10571173038653,-290.9513218153818,2.3669050296805905,0.016529128201244893,0.010375714109727402,0.5435562004203764,0.8391458690014411
2025/05/20 13:38:57.709450139,1747741137,708967434,piren,-454.0427923711107,-290.9785927315237,2.340804458967685,-0.017091419123607416,-0.01127575187443643,0.5435343266158612,0.8391371619718971
2025/05/20 13:38:57.784300320,1747741137,783908809,piren,-454.0509748945803,-290.97177890021516,2.34952265895467,-0.0017922806425830684,-0.0011781520085277749,0.5432681149102778,0.8395565228200994
2025/05/20 13:38:57.930793478,1747741137,930350479,piren,-454.0226174350521,-290.9791796104481,2.344641737151867,6.834751288647812e-05,0.00035196633758794414,0.5418901928870279,0.8404492193471146
2025/05/20 13:38:58.79386771,1747741138,77163060,piren,-453.99211278141763,-290.9875492858163,2.3385782670634363,0.021161731601448172,0.013991885913775077,0.5405925531674001,0.8409019560591805
2025/05/20 13:38:58.223913232,1747741138,222493675,piren,-453.92588788574784,-291.01247614255135,2.314887513089171,0.016094357403505566,0.010748719750390549,0.540373200933657,0.8412028532977104
2025/05/20 13:38:58.369727564,1747741138,368453393,piren,-453.8863391600866,-291.02668749961856,2.301906052691919,-0.026770090189269596,-0.015723090982098602,0.5399648201245585,0.8411148195752352
2025/05/20 13:38:58.444010050,1747741138,443560841,piren,-453.9318627325987,-291.0003765705224,2.3273570366917786,0.011799834738634605,0.008836005968113993,0.5392733566294725,0.8420017433047596
2025/05/20 13:38:58.520232305,1747741138,518578071,piren,-453.9020347107831,-291.0117587259153,2.317455737917314,0.016127942664198404,0.01158302695845169,0.539214872422018,0.8419341092453774
2025/05/20 13:38:58.594797413,1747741138,594291958,piren,-453.86301600412327,-291.0251765757841,2.305669218610431,-0.004573054455813607,-0.0017525087149206653,0.5386017546102263,0.8425462395720095
2025/05/20 13:38:58.669771314,1747741138,669365036,piren,-453.86879054551116,-291.0187011706363,2.3152941933466384,-0.0027244528656431,-0.0004532111327416622,0.5386054737920238,0.8425535683608025
2025/05/20 13:38:58.817341292,1747741138,816858056,piren,-453.8711103475432,-291.0109254026754,2.3263887049337764,-0.021837461592662567,-0.01851937027892779,0.5313362114783179,0.8466770273058845
2025/05/20 13:38:58.965191322,1747741138,964879800,piren,-453.91046110335355,-291.00110967798327,2.3467879465567383,-0.002577542670331742,0.00010380676613954407,0.5324676449998591,0.8464464262587693
2025/05/20 13:38:59.43127568,1747741139,42682648,piren,-453.89591054113737,-291.0054405496555,2.3455926458395155,-0.0030637268808467134,-7.286233791310087e-05,0.534781723437615,0.8449846842078108
2025/05/20 13:38:59.118378663,1747741139,118057899,piren,-453.88359279751995,-291.00691151719076,2.3430565717920198,0.0013932669827293076,0.0027526497073622805,0.5347753346631168,0.844988652682777
2025/05/20 13:38:59.195422235,1747741139,193801093,piren,-453.8614791749594,-291.0118347109471,2.3382933162593393,-0.0032512595752846006,0.0010196342220027963,0.5345438613340994,0.8451338651167982
2025/05/20 13:38:59.273511567,1747741139,268275022,piren,-453.85272246718887,-291.01050704364366,2.3371972944013706,-0.02818503898435577,-0.017253676818306866,0.5342594188013465,0.8446743678103104
2025/05/20 13:38:59.344877395,1747741139,344366716,piren,-453.8886082402788,-290.990741364348,2.356431321107488,-0.0018721558419317913,0.0018182075541968244,0.533945532737875,0.8455148474291037
2025/05/20 13:38:59.444612828,1747741139,444061311,piren,-453.8630010455899,-290.9967088951497,2.3501683501411526,-0.01600214983769641,-0.007170777471620015,0.5325548383802496,0.8462138354274353
2025/05/20 13:38:59.520938523,1747741139,520440516,piren,-453.864600529872,-290.99090178853635,2.356168308496139,0.019257907128468737,0.013613778454595795,0.5315717984564485,0.8466848416825455
2025/05/20 13:38:59.667884098,1747741139,667563385,piren,-453.7983478925714,-291.0185928211975,2.3324754716610157,-0.0017558703634428722,0.0012411890399805236,0.5306154531673709,0.8476099440361818
2025/05/20 13:38:59.815528555,1747741139,815117067,piren,-453.7799450835914,-291.0231462890281,2.330131620389079,0.0010172956293999014,0.0027666903688628747,0.5261425958578496,0.8503912507534216
2025/05/20 13:38:59.892176270,1747741139,891759874,piren,-453.7615190537739,-291.03347986236565,2.3265265552772103,-0.012543535539691095,-0.0056484334724368436,0.5228959153135335,0.8522855253164248
2025/05/20 13:38:59.968334693,1747741139,967905730,piren,-453.77864991715734,-291.02943410126886,2.3360319271765624,0.02512107731041794,0.017308899997351652,0.5226386934601113,0.8520082919514068
2025/05/20 13:39:00.45954410,1747741140,45443552,piren,-453.7194702769882,-291.06105244384105,2.3105670463202443,-0.028440344767478122,-0.015680748500682736,0.5290094539020149,0.8479942562295203
2025/05/20 13:39:00.121757447,1747741140,121354805,piren,-453.76236591658414,-291.033521234128,2.3344492872991496,0.026697080395226367,0.01061412365960065,0.5276807621048941,0.8489567831060116
2025/05/20 13:39:00.271090964,1747741140,270023328,piren,-453.70686708689624,-291.0666546918897,2.3121874573533696,-0.015717309012193575,-0.006090810046061256,0.5263163192151946,0.850121756196233
2025/05/20 13:39:00.419669165,1747741140,418170701,piren,-453.7256252193115,-291.046029204413,2.3267916331340146,-0.0023861501942047166,0.002986360121027141,0.5219263931223578,0.8529819623548697
2025/05/20 13:39:00.494254811,1747741140,493896195,piren,-453.71691151128937,-291.04408777278235,2.3280683655112737,-0.001496189386312487,0.00018822360772285972,0.5187558286819335,0.8549211169445485
2025/05/20 13:39:00.580195297,1747741140,578652178,piren,-453.7130401868197,-291.048274057034,2.3296254961228025,-0.0027970050482930787,-0.00057060794855951,0.5187554915327708,0.8549178856322531
2025/05/20 13:39:00.729212326,1747741140,727179935,piren,-453.70219075946056,-291.0457775264168,2.332020059731666,-0.02441113645743621,-0.01411020577866143,0.5245608860310096,0.8509059145147028
2025/05/20 13:39:00.876319198,1747741140,875208906,piren,-453.72941411254175,-291.0252741082747,2.3504952486417765,0.022606372727954308,0.014673930042459449,0.5228611639582528,0.8519916847677652
2025/05/20 13:39:01.24764229,1747741141,24403427,piren,-453.6672899040746,-291.05026831025083,2.327534096683284,0.003092482506300472,0.00249726809870821,0.5182325242523483,0.8552305250697211
2025/05/20 13:39:01.172832943,1747741141,172554885,piren,-453.644499688803,-291.0589348377202,2.3237680501261013,0.00696974830834425,0.004842814883422113,0.517678062286216,0.8555333971155724
2025/05/20 13:39:01.322917201,1747741141,322424700,piren,-453.6156626377889,-291.0682502947762,2.317773485879862,-0.0018967319804585449,0.000590602836997974,0.5185083382127924,0.8550702642472675
2025/05/20 13:39:01.472254323,1747741141,471846565,piren,-453.60582528089935,-291.0687787024009,2.3203790926354375,0.0013794348069939768,0.002557338323434996,0.519121322516354,0.8546956240025946
2025/05/20 13:39:01.622248792,1747741141,621731804,piren,-453.59106126889117,-291.0694076875234,2.3208079582836536,-0.027919130418492102,-0.014958650346674757,0.5124152530765503,0.8581534649181206
2025/05/20 13:39:01.771958516,1747741141,771649353,piren,-453.63074807367326,-291.04486750235947,2.343895165400511,0.025403796475728217,0.01677917060466306,0.512536477625234,0.8581255535537661
2025/05/20 13:39:01.922499897,1747741141,920920378,piren,-453.5708238234751,-291.0703073222433,2.32025374336112,-0.026660153463989374,-0.0141556051623435,0.5098030404162067,0.8597614291430826
2025/05/20 13:39:02.21499672,1747741142,20982676,piren,-453.61272679219707,-291.0500223241411,2.3420265955150805,-0.0033313869996456796,-0.0003382163234473715,0.5114672641886576,0.8592962382867432
2025/05/20 13:39:02.170384568,1747741142,170052284,piren,-453.6014720612055,-291.0541186019979,2.3429066716539295,0.0007447882356402528,0.0020216967000462323,0.5136110301722634,0.8580204354899268
2025/05/20 13:39:02.319680863,1747741142,318865086,piren,-453.57855035286053,-291.0590854874053,2.3393387120693014,-0.0036807568659854156,-0.0010262127688691986,0.507464220393189,0.8616643568913476
2025/05/20 13:39:02.468769401,1747741142,468289386,piren,-453.5687621735086,-291.0630157806104,2.3390485836001167,0.0008549006493532549,0.0015416011692701334,0.5089468944708465,0.8607961147793337
2025/05/20 13:39:02.546343484,1747741142,545863323,piren,-453.55236388826614,-291.0717136118826,2.335047850277111,-0.025941756905408262,-0.014390088898287533,0.5114997013291706,0.8587712187365908
2025/05/20 13:39:02.623288380,1747741142,622817765,piren,-453.5835095179486,-291.0508077632812,2.3522710723569626,-0.003663759166719044,-0.001066336485824939,0.5116608909504128,0.8591790107230839
2025/05/20 13:39:02.773651480,1747741142,773317512,piren,-453.56498763630606,-291.0543951773423,2.350163396728166,0.0010202510345142873,0.0017273910963491736,0.5103345272966875,0.8599736306752047
2025/05/20 13:39:02.924484711,1747741142,924097883,piren,-453.5367095728619,-291.06217539609025,2.3434165751301723,-0.0036875294027839166,-0.0010402067762983573,0.5093822976183965,0.8605318093886881
2025/05/20 13:39:03.74743836,1747741143,74276422,piren,-453.51837840143463,-291.0663167855943,2.34086307758523,0.001017080197384927,0.0017232725524957372,0.5089122862243912,0.8608160551531583
2025/05/20 13:39:03.230186855,1747741143,225227620,piren,-453.49362613599465,-291.0731225404544,2.335013444060386,-0.003532902415164825,-0.0012829276732856127,0.5076344108316254,0.8615643781150301
2025/05/20 13:39:03.379047545,1747741143,375169281,piren,-453.47971501136726,-291.07609343859923,2.3340207243195548,0.0011664235923382995,0.0014754911107470604,0.5069869696292378,0.8619516662830624
2025/05/20 13:39:03.527644346,1747741143,525415860,piren,-453.45894466892776,-291.0817559708889,2.329945843917632,-0.0035323795360177363,-0.0012992237156917899,0.5056359753484175,0.862738717541994
2025/05/20 13:39:03.677513656,1747741143,674683520,piren,-453.44936252294065,-291.0830902749448,2.3307513609668185,0.0011834831230371733,0.0014409359460030315,0.505123595471957,0.863045002516543
2025/05/20 13:39:03.826503148,1747741143,825853542,piren,-453.43202770907874,-291.0873592485494,2.3282067850198658,-0.004189419779540287,-0.0005021713417018715,0.4986404010503678,0.866798677332968
2025/05/20 13:39:03.977083335,1747741143,976717954,piren,-453.42562345460607,-291.0866205433084,2.33039949592823,0.0011907579438243212,0.00133703981457572,0.4991396835539367,0.8665196885943963
2025/05/20 13:39:04.129904933,1747741144,127620412,piren,-453.4101327519304,-291.09034526923614,2.3286908135973943,-0.002965349679977978,-0.002183134734209603,0.5003473597623989,0.8658169322684817
2025/05/20 13:39:04.278848878,1747741144,278399650,piren,-453.4055249409737,-291.09264471143445,2.3310953443003117,-0.0005280204827788463,0.0030539026745568143,0.5014065554281879,0.8652062534716585
2025/05/20 13:39:04.454525674,1747741144,453745172,piren,-453.3915000875028,-291.0932851659398,2.3300426022415297,0.008304445014706003,0.000728956165119398,0.5017457656941261,0.864974965778734
2025/05/20 13:39:04.531951394,1747741144,531596673,piren,-453.37935919132167,-291.10956115090994,2.324516425390188,0.017642754587546203,0.006829119903136344,0.5036952228819858,0.8636742550161948
2025/05/20 13:39:04.684722481,1747741144,682411258,piren,-453.3509572927058,-291.1314128622194,2.31147433691614,0.02331727051431226,0.014012629420528482,0.5050689343758313,0.86265017396448
2025/05/20 13:39:04.834039385,1747741144,833442351,piren,-453.31465074734734,-291.15005485703915,2.294132185663933,-0.020917695684974886,-0.008762610486189107,0.5048938066587292,0.8628834861453519
2025/05/20 13:39:04.985651001,1747741144,984189067,piren,-453.3591915986798,-291.1189981844836,2.31579434038443,-0.02294068483503752,-0.015604140709735839,0.5056869501411282,0.862270806782286
2025/05/20 13:39:05.135765111,1747741145,135337036,piren,-453.4148698064926,-291.09180764224044,2.3396058379772553,-0.006706619040488328,-0.005248815430945949,0.5060699850417315,0.8624503704199328
2025/05/20 13:39:05.287500220,1747741145,287150360,piren,-453.4334182968215,-291.08417799133895,2.347427107017782,-0.003443007986807699,9.908468790066432e-05,0.5069253110286492,0.8619831001340656
2025/05/20 13:39:05.367849060,1747741145,365895954,piren,-453.42928006508953,-291.08240982935666,2.3464028116582942,0.027556165176765585,0.014707434080737313,0.5066990218358162,0.8615569919710122
2025/05/20 13:39:05.520301822,1747741145,518334220,piren,-453.37978795471383,-291.11405263198213,2.321021828941005,0.006003549762071299,0.00153571532178501,0.5097714202210758,0.8602875670928252
2025/05/20 13:39:05.671043163,1747741145,670647155,piren,-453.3686009632808,-291.12358134424085,2.3172252199237793,-0.0007110500375305094,0.005071133108886522,0.5093663211501824,0.860534559965354
2025/05/20 13:39:05.822785184,1747741145,822478152,piren,-453.359739601146,-291.11972070646317,2.317687743869147,0.025691273953502992,0.012547273929510754,0.5099424402306618,0.8597332330503352
2025/05/20 13:39:05.974594661,1747741145,974168049,piren,-453.29529979212674,-291.16582086801907,2.2859105898069423,0.02988787359075998,0.015218980985298662,0.5097532760480582,0.8596666186308877
2025/05/20 13:39:06.130105498,1747741146,126233905,piren,-453.26369478000686,-291.1898876815993,2.2695999737284738,0.025857344134524042,0.015701844391902413,0.5091160769612504,0.8601660711842728
2025/05/20 13:39:06.279999530,1747741146,278469043,piren,-453.2435764623773,-291.20083272556894,2.260219796993636,0.0016144424749432143,0.0010317779948689398,0.5097569356251913,0.8603163346070323
2025/05/20 13:39:06.431573022,1747741146,429530693,piren,-453.2735954987106,-291.1841663775563,2.2763602118274178,0.007722072290782375,0.0032448657784641456,0.509767503853335,0.8602714295271904
2025/05/20 13:39:06.581743421,1747741146,580219664,piren,-453.295795881366,-291.17376308389595,2.2881264998131425,-0.0014723598998417616,-0.0011924073099810015,0.510019326189126,0.8601608554420054
2025/05/20 13:39:06.733517572,1747741146,733055695,piren,-453.32943443212963,-291.15513860932134,2.305935745805774,-0.0006186286411843625,-0.001869736959951707,0.5104214915929562,0.8599221024618025
2025/05/20 13:39:06.812627216,1747741146,812177488,piren,-453.3340081830103,-291.15299265260353,2.3085175861497973,0.00045087922686394213,-0.0001417684101809829,0.5104240977128385,0.8599226808752491
2025/05/20 13:39:06.890771966,1747741146,890384337,piren,-453.3528219957596,-291.1413384417436,2.3192630012413518,0.007015212119797459,0.003500137302829452,0.5103410404038298,0.8599363687606846
2025/05/20 13:39:06.968434470,1747741146,968087388,piren,-453.35153397270807,-291.1413900672756,2.3195835597247125,0.017090479665959907,0.009367481345764971,0.5102624777614603,0.8597978655397788
2025/05/20 13:39:07.70126576,1747741147,69571389,piren,-453.33817304414833,-291.1489163028632,2.314302019273032,0.00024664227965044575,0.0009730789045852653,0.5105752328743404,0.8598324975600448
2025/05/20 13:39:07.223062546,1747741147,222675602,piren,-453.3500972940214,-291.14073075212775,2.3220079314187747,-0.02311261157397978,-0.01509969497533564,0.5107606639667922,0.8592795531967949
2025/05/20 13:39:07.376614539,1747741147,375281989,piren,-453.4029522208255,-291.1145499131593,2.346302261758498,0.012513387942045836,0.0074280272928280025,0.5110207605102189,0.859445182580196
2025/05/20 13:39:07.527879126,1747741147,527509871,piren,-453.3840228947843,-291.1258700616099,2.337409202049639,-0.011574706850899605,-0.006885367548636569,0.5112488668909961,0.8593271868023893
2025/05/20 13:39:07.680773807,1747741147,680306276,piren,-453.4036366465598,-291.1158137324251,2.3467134415299067,0.006831595448134507,0.008054664421583202,0.5112419116141453,0.8593719564273687
2025/05/20 13:39:07.833933927,1747741147,833382185,piren,-453.38164010266337,-291.1217819640863,2.337579998630269,0.0029610695418763535,0.0015714969828586516,0.5112607814311723,0.8594190920818482
2025/05/20 13:39:07.988124323,1747741147,987716856,piren,-453.37206717508946,-291.1281947985932,2.3332097156573366,-0.0036804320028613426,-0.002421033189554014,0.5112673350292227,0.8594104404478013
2025/05/20 13:39:08.66334931,1747741148,65801408,piren,-453.3752966010885,-291.1277865064312,2.3348226425103427,0.0001305727301023709,-0.00031050196398992426,0.5112730169950369,0.8594182850231227
2025/05/20 13:39:08.221341255,1747741148,220598997,piren,-453.37092564758797,-291.13134070172913,2.3330912920904314,-0.023108109452208193,-0.01433574499603657,0.511297098844838,0.8589736773649153
2025/05/20 13:39:08.379181167,1747741148,378793972,piren,-453.40781524206164,-291.11256496774075,2.349423523443896,-0.0006465719158610293,-0.000476652708663484,0.5114278988293065,0.8593258165829732
2025/05/20 13:39:08.534970725,1747741148,534475678,piren,-453.4005914181418,-291.11716578963404,2.3462602071526795,0.023566151917113174,0.013422598478102886,0.5111011479278923,0.8590925950796607
2025/05/20 13:39:08.690639959,1747741148,690015369,piren,-453.3524382003749,-291.14508341317804,2.321705248027585,0.0015913311694919828,0.0003702338395217124,0.5111199833787804,0.8595078203151432
2025/05/20 13:39:08.846233566,1747741148,845445734,piren,-453.3481146732725,-291.1492932906056,2.3195239763864075,-0.00681726443757993,-0.00462406309835436,0.511031350900484,0.8595226008330886
2025/05/20 13:39:08.928173424,1747741148,926085960,piren,-453.36342359253507,-291.1423652354246,2.3266600080982336,-0.00109395603055464,-0.0012098680818637608,0.5110259583855251,0.8595637319801152
2025/05/20 13:39:09.83439735,1747741149,81372919,piren,-453.3659196587682,-291.1423314315603,2.327840096041884,0.027810922277890327,0.01580870898076368,0.5105591582254229,0.8592473353316624
2025/05/20 13:39:09.240206837,1747741149,237929050,piren,-453.319854208315,-291.1683933325043,2.303962523001917,-0.0031461752596301084,-0.0024970648657165963,0.5107118582825609,0.8597425568493545
2025/05/20 13:39:09.394254868,1747741149,393863113,piren,-453.3332628513272,-291.1610570528944,2.310924906320728,0.0007462996750055528,0.00098011591419596,0.5106311895150795,0.8597989710996431
2025/05/20 13:39:09.473893068,1747741149,473554162,piren,-453.34049132505,-291.1545619426143,2.3155078531595903,-0.02302521264510051,-0.015599333521996767,0.5103917987135304,0.8594921245609437
2025/05/20 13:39:09.581376146,1747741149,578176908,piren,-453.39180578012065,-291.1286374561465,2.338410929656874,0.00025926525284446336,-0.0017945170642972162,0.5107050450390508,0.8597540749898751
2025/05/20 13:39:09.733643404,1747741149,733126919,piren,-453.3957384842961,-291.12827390318375,2.3402712923996862,-0.024172469818849948,-0.007861838997621709,0.5105661998972244,0.8594626453272649
2025/05/20 13:39:09.890252270,1747741149,888829975,piren,-453.42618909755765,-291.09948811099235,2.356182430958507,0.001211573287782611,-0.00019078155398622625,0.510681881721268,0.8597688709032166
2025/05/20 13:39:10.45309191,1747741150,44790827,piren,-453.41715841626194,-291.1068013744161,2.3517072715750693,0.004296207253495239,0.0009411126377549974,0.5107158884855324,0.8597382963196832
2025/05/20 13:39:10.125519379,1747741150,124768710,piren,-453.3994019672868,-291.1210263863013,2.342754938217713,-0.02291472312440659,-0.006017061860736185,0.5107027227151875,0.859430881131223
2025/05/20 13:39:10.281421771,1747741150,280988233,piren,-453.4180382840872,-291.0997720835722,2.353390301155841,0.020745659949171102,0.011120553583817265,0.5104934958539551,0.859559388042543
2025/05/20 13:39:10.440586855,1747741150,438636520,piren,-453.37128341196546,-291.1304362879139,2.329991430325651,0.007769531840296517,0.008746272354014541,0.5104947398763108,0.8598012896323836
2025/05/20 13:39:10.520973744,1747741150,518635604,piren,-453.3461353039131,-291.1409466470712,2.3196569550628,0.007292112844084481,0.002888097689448205,0.5105542257298278,0.8598097851103007
2025/05/20 13:39:10.676807338,1747741150,676374727,piren,-453.3322587477858,-291.1545655978746,2.312956513487856,0.0032353756506937367,0.0004761937517505804,0.5105603676806554,0.8598356915932855
2025/05/20 13:39:10.835092229,1747741150,834709192,piren,-453.33090565781913,-291.16070217311625,2.3121690624780085,0.0016669464244662043,-0.0003809229115944358,0.5106505925132989,0.8597866296664365
2025/05/20 13:39:10.916329800,1747741150,915063378,piren,-453.33912852844185,-291.1597733653308,2.3157633417013965,0.001430061169170979,-0.00041808615216000884,0.5106508430173939,0.8597868902551647
2025/05/20 13:39:11.73552691,1747741151,73024428,piren,-453.3456128029376,-291.1595184716048,2.318360352584483,0.0259599070242557,0.014385724539507946,0.5107008027891007,0.8592460789478958
2025/05/20 13:39:11.232849114,1747741151,231776635,piren,-453.311179548014,-291.1803885187962,2.2996064318990097,-0.024087217587875992,-0.015013145355498254,0.5107050937961737,0.8592873317965596
2025/05/20 13:39:11.389907848,1747741151,389466853,piren,-453.3670758143838,-291.1506267692897,2.3246516106698945,-0.0025483555320303095,-0.0022925797602185295,0.5107374383104555,0.8597299105359771
2025/05/20 13:39:11.470234709,1747741151,469608210,piren,-453.3800569922998,-291.1435951629466,2.3314616234087167,-0.0002463987591899825,-0.00034860722309555843,0.5107423818991264,0.8597337012660738
2025/05/20 13:39:11.630655102,1747741151,628654424,piren,-453.3807425246048,-291.1412196744447,2.333777003960527,-0.015236352802709114,-0.010138616026580831,0.5106597689918251,0.8595880771343638
2025/05/20 13:39:11.788152850,1747741151,785919309,piren,-453.4086963271369,-291.1271645403411,2.347196535029821,-0.022708920989416306,-0.014732178765282922,0.5104928232046945,0.8594558425380706
2025/05/20 13:39:11.867333668,1747741151,866961826,piren,-453.44086969161884,-291.1107093594823,2.3618773787367084,-0.014761722310703287,-0.010631484703324277,0.5105978229218793,0.8596272019398072
2025/05/20 13:39:12.26649233,1747741152,25706955,piren,-453.4565771348551,-291.10402446003866,2.3695094894040842,-0.021083772498097765,-0.008138238732833087,0.5107201962534924,0.859449896588725
2025/05/20 13:39:12.183492207,1747741152,183022546,piren,-453.4670491398995,-291.0892875480327,2.376173656362559,-0.02150289155432824,-0.0023945226210546422,0.5109240245999086,0.8593535552977319
2025/05/20 13:39:12.287628996,1747741152,286189302,piren,-453.4601842200324,-291.0755732075716,2.3761195004850877,0.01688740327068063,0.008519309017864353,0.5108306954915457,0.8594732325839213
2025/05/20 13:39:12.366400400,1747741152,365932574,piren,-453.405347278315,-291.11179088085385,2.3485014970279274,-0.00032933954758493627,-0.0006402777293186561,0.5114204980619919,0.8593302949052337
2025/05/20 13:39:12.522968059,1747741152,522541409,piren,-453.38741704009556,-291.1248063966023,2.339666356225562,0.0006755429213894377,-0.0001429609906425189,0.5116465221647754,0.8591957632347862
2025/05/20 13:39:12.681202606,1747741152,679470881,piren,-453.3726844393607,-291.136701633246,2.332231378938528,0.0010883753861869708,-0.0005909928333223878,0.5115549667375134,0.8592496623058232
2025/05/20 13:39:12.839305768,1747741152,836216196,piren,-453.3626697508494,-291.1474011173656,2.3269811915587795,-0.023633897011912063,-0.01578652773317726,0.5111144385841354,0.8590426387118303
2025/05/20 13:39:12.994218010,1747741152,993827588,piren,-453.400251374511,-291.13227594834694,2.34304831706071,-0.013924000678905476,-0.00940362764707165,0.5112195259107309,0.8592859188417884
2025/05/20 13:39:13.75599544,1747741153,73725742,piren,-453.41521609851026,-291.12678718546573,2.35024350220046,0.0008495712437247569,0.0069137834182395755,0.5112715577802817,0.8593909890337876
2025/05/20 13:39:13.236185319,1747741153,234544301,piren,-453.39164444269977,-291.1301276053899,2.3421277899216717,-0.004301687840929179,-0.0048119392472711015,0.511335834132701,0.8593567393429895
2025/05/20 13:39:13.316370850,1747741153,315590563,piren,-453.3918627701466,-291.13573040432306,2.341925568577311,0.029068896334957534,0.015191406226833013,0.5111332624305595,0.858875432457939
2025/05/20 13:39:13.398128142,1747741153,397635449,piren,-453.3348692598733,-291.1708417857915,2.312669139654789,-0.02265503720369182,-0.015354169695393853,0.5113486386872261,0.8589374648220819
2025/05/20 13:39:13.478525863,1747741153,478042554,piren,-453.37843239078825,-291.1502353090513,2.3323270364011552,-0.022332509598629043,-0.015030417332955464,0.5113505517059832,0.8589504984804485
2025/05/20 13:39:13.636254971,1747741153,635432018,piren,-453.4142384391924,-291.13349765947504,2.348410723667647,0.022669892752798914,0.012069820607776265,0.5116904688802538,0.8587859217815456
2025/05/20 13:39:13.716402739,1747741153,715882519,piren,-453.36503882745757,-291.1608418645493,2.3246329974324387,0.020150880172141658,0.010504358830363998,0.5117285212620328,0.8588466225123227
2025/05/20 13:39:13.874296756,1747741153,873874819,piren,-453.3280412029655,-291.1820050900536,2.306951033661556,-0.02250642160707287,-0.011917266953428304,0.5123891595677942,0.8583756688607938
2025/05/20 13:39:14.32653692,1747741154,31443354,piren,-453.3665507001701,-291.1568611307049,2.3262995243945577,-0.0012358958984315335,-0.002227230715665671,0.5127575986436941,0.8585296483161311
2025/05/20 13:39:14.189790519,1747741154,189311786,piren,-453.3700095616555,-291.15573574145856,2.329552280469622,-0.02038202354638067,-0.013704930039830227,0.5125415555551183,0.8583110752156806
2025/05/20 13:39:14.269226640,1747741154,268647044,piren,-453.40514638984286,-291.13775514454585,2.3465508163774986,-0.0045290431357223205,-0.004383381139109316,0.5127074876504706,0.8585402179544106
2025/05/20 13:39:14.427998063,1747741154,427044843,piren,-453.4074435661754,-291.13826865438625,2.3492489460703023,0.02757876442418924,0.01547909899082124,0.5135540543412876,0.8574742226544734
2025/05/20 13:39:14.587212584,1747741154,585481428,piren,-453.35029827575556,-291.16912567984633,2.3219949729367833,-0.024078426941406172,-0.015402322666507389,0.5135032610315112,0.8576114497384627
2025/05/20 13:39:14.667776519,1747741154,667213760,piren,-453.3909351776394,-291.1470018725499,2.3413665057591366,0.0003541421926860243,-0.0005431036012544839,0.5169481065323275,0.8560164921159095
2025/05/20 13:39:14.773827762,1747741154,773399322,piren,-453.37929998304605,-291.1498911416886,2.338169965978826,-0.023386960556277606,-0.01466495358635555,0.5138432089584575,0.8574398788367171
2025/05/20 13:39:14.933244372,1747741154,932765111,piren,-453.412344191009,-291.13316177419574,2.3536717808218865,-0.023938223436568942,-0.014782525366125832,0.5137411714578892,0.8574837882733274
2025/05/20 13:39:15.14991262,1747741155,14161420,piren,-453.4388539882814,-291.11920433801123,2.365782305237867,0.0019552854452837064,0.0009515127652634849,0.5139531687014915,0.8578154882397387
2025/05/20 13:39:15.172770123,1747741155,172318138,piren,-453.4173419095574,-291.13124248317814,2.356839571911116,-0.00019855234745487277,0.0006156111400704632,0.5138864294553217,0.8578579831309785
2025/05/20 13:39:15.331612154,1747741155,331317967,piren,-453.3973495015951,-291.14096569053453,2.3487485632091523,-0.0005035760560415738,-6.81958215296426e-05,0.5140240677314429,0.8577756114237026
2025/05/20 13:39:15.490318604,1747741155,489835189,piren,-453.379608073223,-291.14976501248685,2.341690266927093,-0.012125311189590704,-0.007273030352527924,0.5137596542573122,0.8578176365145764
2025/05/20 13:39:15.572653369,1747741155,570787749,piren,-453.3875428406176,-291.14558102031293,2.3458952781897966,-0.025781742309691335,-0.01562675549895732,0.513574723633997,0.8575150783049335
2025/05/20 13:39:15.731785264,1747741155,731316984,piren,-453.41736121452385,-291.1304273703845,2.3591513339986503,0.0003474400513405542,-5.544309513030811e-05,0.5137113881461397,0.8579629863230932
2025/05/20 13:39:15.892048581,1747741155,891677203,piren,-453.39816666627036,-291.1418285813934,2.350900677407958,0.0008859906005092688,0.0002284012050606714,0.5137824573517301,0.8579200133877068
2025/05/20 13:39:15.973319118,1747741155,972857048,piren,-453.3796545130097,-291.15286615504846,2.342652402440997,-0.022165431552780297,-0.013529901563312945,0.513604908263511,0.8576337409497115
2025/05/20 13:39:16.132694912,1747741156,132219625,piren,-453.40400307086117,-291.1412302856176,2.353277653704,-0.02359396554988791,-0.014393142583656886,0.5135960074471349,0.8575869071823333
2025/05/20 13:39:16.291670210,1747741156,291338105,piren,-453.4291932077271,-291.12910276647494,2.3640181969028315,0.023224897940605012,0.013553724989845955,0.513679685266632,0.8575605410692134
2025/05/20 13:39:16.372552170,1747741156,372232479,piren,-453.36111794552596,-291.1666877798783,2.330606198880024,0.004547438868222776,0.002485768117601147,0.5138527400429582,0.8578627531877984
2025/05/20 13:39:16.534283343,1747741156,532989706,piren,-453.3364250246507,-291.18050683237135,2.320317913184799,-0.02761645068280398,-0.007617032096253736,0.5137380611438698,0.8574686682356775
2025/05/20 13:39:16.615251393,1747741156,614947530,piren,-453.3258120749098,-291.18688155711675,2.3152674507182467,0.0006940319702243273,0.00015722631639704767,0.51376754402071,0.8579291371147372
2025/05/20 13:39:16.776682073,1747741156,775264128,piren,-453.3327077105118,-291.18284248722665,2.3196823341032347,0.027055773874186145,0.01595345215118626,0.5135292326186439,0.8574970552198039
2025/05/20 13:39:16.962826439,1747741156,961497287,piren,-453.2881390391445,-291.2065118136576,2.2971493181454923,-0.009112416115876744,-0.003642352411500918,0.5137827314751106,0.8578642095223558
2025/05/20 13:39:17.46341888,1747741157,45906815,piren,-453.3152468235545,-291.1882288313861,2.3112601668999773,-0.013924867416396352,-0.008708618297338263,0.5136988928818712,0.8578133278789313
2025/05/20 13:39:17.131678095,1747741157,130124926,piren,-453.3501335935889,-291.17019774849405,2.3277773096559775,0.01491301170878905,0.01516653833910508,0.5135010459840827,0.8578253050416705
2025/05/20 13:39:17.293772110,1747741157,292562742,piren,-453.320486536804,-291.1761399074076,2.315339489869809,-0.015050954808790068,-0.009414416450860642,0.513555269454408,0.8578728476515876
2025/05/20 13:39:17.378235550,1747741157,376470934,piren,-453.35625418723265,-291.1603053991203,2.331569491382817,0.0005632486400402904,0.0007112800031367291,0.5136411553955171,0.8580046272111153
2025/05/20 13:39:17.540874800,1747741157,539568436,piren,-453.35846521199625,-291.16054404641744,2.3328595547006508,-0.027178336201270647,-0.01736433450720768,0.513470749230075,0.8575007916110386
2025/05/20 13:39:17.623677734,1747741157,622549561,piren,-453.4080054765354,-291.13823366357144,2.3539638016315987,0.0027815067145630285,0.0006125233155187581,0.5137637508623374,0.8579269761089502
2025/05/20 13:39:17.786508666,1747741157,785824482,piren,-453.3976112836337,-291.1470076435597,2.349156260738757,0.0006552854372183202,-0.0005029806434423336,0.5139444085718158,0.8578230951129929
2025/05/20 13:39:17.870047423,1747741157,869628220,piren,-453.38588254711874,-291.1549482202185,2.3440626703521477,-0.0004964629268975606,-0.0002963528473477359,0.5139101875546399,0.8578437997835662
2025/05/20 13:39:18.32388592,1747741158,31990158,piren,-453.3772568755129,-291.1596321425912,2.3406913992216016,0.014606762625340348,0.007758668839743469,0.5138994120147259,0.8576909932337876
2025/05/20 13:39:18.195510984,1747741158,195031456,piren,-453.34442696507216,-291.17826087521075,2.3249765916188028,0.017800571246560298,0.009758722914764869,0.5138100762179914,0.8576637526252529
2025/05/20 13:39:18.279593082,1747741158,277661481,piren,-453.3130259459067,-291.19544561509497,2.309636482308656,0.0053491910518057295,0.002285242057124615,0.5138981384469633,0.8578314911010073
2025/05/20 13:39:18.442531180,1747741158,442219878,piren,-453.3076112808227,-291.199058864758,2.3073471462384902,3.6416397674396666e-05,0.0008478238034651864,0.5138848960382819,0.857858725835652
2025/05/20 13:39:18.526924987,1747741158,526426958,piren,-453.31588683043714,-291.1921877983125,2.312126315679254,0.008769212337220564,0.006642843753897205,0.5138795925737236,0.8577917800247972
2025/05/20 13:39:18.689941613,1747741158,689486063,piren,-453.30641381233863,-291.194709553343,2.3082392264985514,0.009635014382916153,0.007839979050400956,0.5139822079826681,0.857710901821582
2025/05/20 13:39:18.773721889,1747741158,773261633,piren,-453.29971290941006,-291.19553062404026,2.305536809466146,-0.026260828513169118,-0.016614573079263867,0.5137708303037841,0.8573644842050294
2025/05/20 13:39:18.939981161,1747741158,938252979,piren,-453.35981986284276,-291.1664026348321,2.3319719823097778,0.004471142913478989,0.0018926722796215152,0.5143083008045599,0.8575916268225896
2025/05/20 13:39:19.102173139,1747741159,101388376,piren,-453.3592998031331,-291.16981451886295,2.331916460307186,-0.018815366180298772,-0.012383610711093769,0.5146136209964358,0.8571262738162879
2025/05/20 13:39:19.210895489,1747741159,210453107,piren,-453.39389660129655,-291.15440706560025,2.347768334444735,0.023167992972835574,0.012892829130331393,0.51459755295132,0.8570218069309206
2025/05/20 13:39:19.294488660,1747741159,294065086,piren,-453.3478449764451,-291.18160883997365,2.3252887469058923,-0.00728972456372978,-0.005430129687674987,0.5147448636091991,0.8572952227764408
2025/05/20 13:39:19.377783333,1747741159,377482097,piren,-453.3619105236875,-291.1766006571444,2.332836818776466,-0.030188723935337593,-0.018202044082161188,0.514455744254859,0.8567920481316142
2025/05/20 13:39:19.542933288,1747741159,542538332,piren,-453.4123978330796,-291.1516006384833,2.3556826026958197,0.02451439273852505,0.014886571625028648,0.5146211172116645,0.8569378858783946
2025/05/20 13:39:19.628679856,1747741159,626449680,piren,-453.35513218812304,-291.18290861026185,2.32874033353579,-0.02437892492159085,-0.014254362726155172,0.5146426005423993,0.8569395981455724
2025/05/20 13:39:19.791589724,1747741159,791125689,piren,-453.3914588234085,-291.16559369863245,2.3463072587578253,0.022615802729235253,0.013940126756799393,0.5148849077150403,0.8568475536174396
2025/05/20 13:39:19.878166938,1747741159,875382749,piren,-453.34013539270927,-291.1947908054317,2.3225383661937884,-0.013844842106533787,-0.007805655490402591,0.515052387151054,0.8570113363190776
2025/05/20 13:39:20.41472566,1747741160,40145431,piren,-453.35996801312757,-291.18772912930876,2.333239974351814,0.022619724235562206,0.013050214008865585,0.5149378033093174,0.8568296789402225
2025/05/20 13:39:20.129379087,1747741160,128432632,piren,-453.31765450842335,-291.21525795682953,2.3129048923250215,0.024825509279265776,0.015699983759575157,0.5148658062579101,0.8567674165987911
2025/05/20 13:39:20.315800703,1747741160,315481484,piren,-453.2736327090231,-291.24489717019196,2.291648230240796,0.006405349635823085,0.007075637972943469,0.5145912915443555,0.8573824756256866
2025/05/20 13:39:20.480663260,1747741160,480382448,piren,-453.27070298296053,-291.2484083142363,2.292003794125177,-0.013909105640764445,-0.0050898941159709145,0.5143762073852799,0.8574367306303701
2025/05/20 13:39:20.645602443,1747741160,644149144,piren,-453.3078659814335,-291.2315982746205,2.3109128718271186,-0.005679071932983222,-0.0007666167558642736,0.5142550781530512,0.8576181405698744
2025/05/20 13:39:20.727612334,1747741160,727330371,piren,-453.32983150360513,-291.223966499733,2.322166278446625,-0.028107145704998476,-0.014567779005114054,0.5140624145218274,0.857168362780128
2025/05/20 13:39:20.895378410,1747741160,893763743,piren,-453.38875835282204,-291.1990073055926,2.3485417415304988,-0.003380941325875739,0.00014207046110648958,0.5138558151028825,0.8578698912636388
2025/05/20 13:39:20.979891633,1747741160,978732128,piren,-453.3902764458633,-291.20471445778435,2.3490977811837355,0.022330609850656918,0.015482745836366975,0.513285048162258,0.8577879037257012
2025/05/20 13:39:21.145019471,1747741161,144521638,piren,-453.3519687309807,-291.2347420098599,2.3282503985660417,0.006402932845690737,0.006300812430533403,0.5135700179362938,0.8580006636889063
2025/05/20 13:39:21.228979812,1747741161,228615807,piren,-453.3427736891687,-291.2465748799636,2.3223847725375637,0.021801236357153513,0.015438752369960044,0.513390745247557,0.8577390592206448
2025/05/20 13:39:21.395427884,1747741161,395031770,piren,-453.31190596312894,-291.2728649972948,2.30378862895408,0.004760369535966688,0.003978783170071971,0.5130178452437014,0.8583555199495582
2025/05/20 13:39:21.504991291,1747741161,503696314,piren,-453.32153145604826,-291.2780804875257,2.3055024334357315,0.02097157514759936,0.013807462621913017,0.5124827666716514,0.8583303331913319
2025/05/20 13:39:21.589053017,1747741161,587438321,piren,-453.30459853097403,-291.29731112295303,2.293304614131641,0.019029230238923736,0.012635006039908489,0.5125198222369347,0.8583715261080754
2025/05/20 13:39:21.672904859,1747741161,672555371,piren,-453.29696988982533,-291.3110884814164,2.2860463899773547,-0.0020717134484368434,-9.353948082145395e-05,0.5121144716129301,0.858914703109897
2025/05/20 13:39:21.841613195,1747741161,838701655,piren,-453.3279414748383,-291.3074770602012,2.2973809396597367,-0.0020692627932059567,-0.0003902813408482013,0.5114959992235251,0.8592830782753117
2025/05/20 13:39:21.923988258,1747741161,923635559,piren,-453.35840357608487,-291.3017342090509,2.3095812405420233,-0.026723632515608726,-0.015306608276881488,0.5112781499868071,0.8588633235587003
2025/05/20 13:39:22.91523478,1747741162,90227041,piren,-453.42879380172093,-291.27658628371705,2.3384250933623534,-0.012511758881617055,-0.007070767016409956,0.511953837764781,0.8588927337807675
2025/05/20 13:39:22.177245839,1747741162,174884673,piren,-453.4570650608679,-291.27120871513176,2.349995182952072,-0.0021633960209100343,-0.0010543696816848818,0.5113849014135097,0.8593484104997962
2025/05/20 13:39:22.344836628,1747741162,343524508,piren,-453.4681121062575,-291.2790640408683,2.352639853944836,0.024583714408523243,0.013388756489867874,0.5106830759506906,0.8593132014132427
2025/05/20 13:39:22.429615137,1747741162,428366712,piren,-453.4234514793159,-291.31610233330105,2.327521963829059,-0.027242405205622124,-0.014557461505450195,0.5116423164644235,0.8586431573570298
2025/05/20 13:39:22.593365546,1747741162,592879700,piren,-453.474572694082,-291.29960787499454,2.3476720475474817,0.0014029232142894609,0.002354634875201169,0.5110953352629504,0.8595196599109944
2025/05/20 13:39:22.677963882,1747741162,677539309,piren,-453.4656193775339,-291.31233111149703,2.342182811496253,-0.027374357119535297,-0.01493634918052944,0.5108783592281191,0.8590872203204017
2025/05/20 13:39:22.844464178,1747741162,844118254,piren,-453.5122526311979,-291.2993912537863,2.3597168506732213,-0.013757336208501364,-0.007020670341060466,0.5112164968893995,0.8593131787634466
2025/05/20 13:39:22.930055164,1747741162,929632985,piren,-453.5235466677046,-291.3031668545468,2.3627520046970627,-0.005877651168275929,-0.0035275496639402297,0.5109558094820762,0.8595796474827849
2025/05/20 13:39:23.96269566,1747741163,95309419,piren,-453.5270211645531,-291.3188712227414,2.3603029960791666,0.019446106627381565,0.012530605094666731,0.5100630830490954,0.8598258452637078
2025/05/20 13:39:23.180824328,1747741163,179540101,piren,-453.47938835360435,-291.3566114296565,2.3339054117213633,-0.011292216031531256,-0.005826436358284622,0.5101833101008983,0.8599718184864844
2025/05/20 13:39:23.346753288,1747741163,346321593,piren,-453.49574001149426,-291.3636370867226,2.337585711509197,-0.024574469592735612,-0.013796734348058446,0.5101934859066347,0.8595977853065941
2025/05/20 13:39:23.433056465,1747741163,432554353,piren,-453.5353206159218,-291.3543373497094,2.352064875561353,-0.0018413066503735333,-0.0003591899200401738,0.5100430875610531,0.8601468068903172
2025/05/20 13:39:23.599682659,1747741163,598955690,piren,-453.5337829702488,-291.3730915791037,2.3471123777695655,-0.02819137226557989,-0.015981483746372566,0.5090245576025327,0.8601417548663673
2025/05/20 13:39:23.709666503,1747741163,709439814,piren,-453.575045930037,-291.36304565267994,2.3619690728586833,-0.0016352002656582602,-0.00030648890223423486,0.5092753461358426,0.8606020299783529
2025/05/20 13:39:23.795551313,1747741163,794346503,piren,-453.5630278248164,-291.3820609415227,2.3537633032664766,-0.0010280722809168368,3.260491398500004e-05,0.5093486024243619,0.8605596685951848
2025/05/20 13:39:23.880032205,1747741163,879638210,piren,-453.5521758054974,-291.3991058129071,2.346263100860644,-0.003293308976029579,-0.001335127241404499,0.5093468082636308,0.8605540078710284
2025/05/20 13:39:24.47861800,1747741164,46628440,piren,-453.55213467456997,-291.41692466208406,2.3418280956608712,-0.00011822365207968491,-0.0005896387032867222,0.5090781278796598,0.8607201043683762
2025/05/20 13:39:24.132667320,1747741164,132303293,piren,-453.54885128621794,-291.43289198968534,2.3367359381425397,-0.016003352439593624,-0.009461381116020882,0.508644078901897,0.8607761474251668
2025/05/20 13:39:24.299301828,1747741164,298879019,piren,-453.5769451261593,-291.4362395614104,2.3444096847817377,0.005650348981687951,0.003388596493864719,0.5079520993914853,0.8613601196328802
2025/05/20 13:39:24.385201284,1747741164,384737990,piren,-453.56415469916914,-291.45657690705644,2.3345911642999213,-0.0053046396307379635,-0.0030967781150792752,0.5079528643194681,0.8613629655338927
2025/05/20 13:39:24.470530855,1747741164,470264877,piren,-453.57429034856665,-291.46322499808565,2.3359648990184483,0.003300732692087087,0.0019120997950888008,0.5071715597832086,0.8618366770944111
2025/05/20 13:39:24.638883230,1747741164,638486573,piren,-453.57271251539754,-291.4836017944765,2.3297730926734443,-0.0042521881244360635,-0.0020082651480422173,0.5062126978715356,0.862395843149114
2025/05/20 13:39:24.725902363,1747741164,724864488,piren,-453.5843378475106,-291.4909074938176,2.331611262892308,-0.026284656864189203,-0.015462629209574197,0.5059834583219528,0.862003923318227
2025/05/20 13:39:24.893798417,1747741164,893316898,piren,-453.6361398178619,-291.48127535124826,2.349536953694108,0.022692596857726656,0.013240762046242431,0.5067796225821712,0.8616751954209658
2025/05/20 13:39:24.981199648,1747741164,979317684,piren,-453.59346901479483,-291.51814272830785,2.324917412282503,0.00039771072710160723,0.00013396698607264054,0.5060724300918905,0.8624908807517404
2025/05/20 13:39:25.68006696,1747741165,66683969,piren,-453.5977667392503,-291.5284467214846,2.3246692047157653,-0.026987147970848918,-0.016250989299917085,0.5057888246937694,0.8620819357845686
2025/05/20 13:39:25.237079408,1747741165,236410559,piren,-453.6524283899974,-291.51768059135543,2.3445581956773953,0.001501763658738311,0.0006916827986613652,0.5053122488550505,0.8629349902732366
2025/05/20 13:39:25.323846595,1747741165,323442177,piren,-453.6476716355642,-291.5341274063239,2.3399407059039583,-0.00044442073575654315,-0.0005152071677425935,0.5053124201907174,0.8629362056680574
2025/05/20 13:39:25.493433539,1747741165,492101988,piren,-453.6516197724579,-291.5506558126304,2.33789838169693,0.021842713200486957,0.012587822758725416,0.505637708285919,0.8623774988701874
2025/05/20 13:39:25.579502682,1747741165,577968008,piren,-453.61501272631114,-291.58421220211693,2.316490330377671,0.02351294538229387,0.013672426500602191,0.5048038517384468,0.8628054690502739
2025/05/20 13:39:25.747528764,1747741165,747123061,piren,-453.58513660812,-291.6188864920664,2.296916842107971,-0.025175139872211996,-0.014717053864265878,0.5040841302181228,0.8631620996778122
2025/05/20 13:39:25.833265939,1747741165,832895803,piren,-453.64848575176205,-291.59774089417317,2.323044623163761,0.02321941606776852,0.013620897591842904,0.5053431103905988,0.8624985047216138
2025/05/20 13:39:25.946127403,1747741165,945651531,piren,-453.61914227568354,-291.62739735572814,2.3054590910863775,0.013275114783330119,0.007768063095267188,0.5051805352582759,0.8628766165097994
2025/05/20 13:39:26.32874650,1747741166,32505100,piren,-453.614064871485,-291.6439476161493,2.3005852956767594,0.02410388670879593,0.014547913340609698,0.5048281439102471,0.8627606307540341
2025/05/20 13:39:26.120662638,1747741166,120214140,piren,-453.59387321046165,-291.6686349266577,2.287408033946509,-0.025616771482645857,-0.015374871475575752,0.5048072032556804,0.8627149482228146
2025/05/20 13:39:26.289874782,1747741166,288681547,piren,-453.6652628615099,-291.64979555601906,2.3163152025946823,0.02197393493261071,0.012333191440160651,0.504178718669166,0.863231636476326
2025/05/20 13:39:26.374659072,1747741166,374275608,piren,-453.6463862792621,-291.67605824781265,2.3040305377335755,-0.02434534098545125,-0.014600254933230214,0.5032026675066813,0.8637020390981761
2025/05/20 13:39:26.543311814,1747741166,542776176,piren,-453.7131927753119,-291.6602687468962,2.3310757810597336,-0.027358142906958767,-0.016314659263272774,0.5024438985215582,0.8640228542974219
2025/05/20 13:39:26.628716218,1747741166,628409012,piren,-453.7699804204771,-291.6436182204667,2.354542889717702,-0.0008657615602262745,-0.0008635120231899945,0.5041004105911833,0.8636441864828981
2025/05/20 13:39:26.797625354,1747741166,794827427,piren,-453.77965586631143,-291.6603886790992,2.3558396410465097,-0.0014656336601017571,-0.0011251109918121286,0.5032691119924916,0.8641277607839709
2025/05/20 13:39:26.880315874,1747741166,879643137,piren,-453.7760209816005,-291.6777260444838,2.3521177985583743,0.00409378929007422,0.002157526108769246,0.5032659781529574,0.8641191707189961
2025/05/20 13:39:27.48251181,1747741167,47750761,piren,-453.7686027419558,-291.70365267530656,2.345031830949321,-0.026984294326523207,-0.015508619257012286,0.503297626388768,0.8635524476601713
2025/05/20 13:39:27.134557350,1747741167,133195326,piren,-453.8094660299945,-291.6944687473631,2.3606281930247492,-0.003785763029891194,-0.002003325484261924,0.5031878945995915,0.8641664176613878
2025/05/20 13:39:27.219907222,1747741167,219458172,piren,-453.80195003219404,-291.7125646116821,2.355153082470458,0.0004831942849894809,0.0004179934106130039,0.503191592829792,0.8641746424827615
2025/05/20 13:39:27.389298853,1747741167,388855171,piren,-453.7947195406389,-291.7399468803348,2.347927238227913,-0.022724478370074498,-0.013117738055582832,0.5021451655736576,0.8643851894393594
2025/05/20 13:39:27.478580234,1747741167,475537208,piren,-453.8253900146505,-291.7392197027573,2.3586785510135186,-0.004425508161157011,-0.0024921738473606633,0.5013100003469537,0.8652528459931047
2025/05/20 13:39:27.645648539,1747741167,645183145,piren,-453.8245497969325,-291.7642382892421,2.3541598764279397,-0.022692556640410564,-0.01307795019516491,0.5003629748184086,0.8654194985801321
2025/05/20 13:39:27.732243694,1747741167,730839489,piren,-453.85219250463115,-291.76684270837944,2.3630323885181648,-0.008918412074361923,-0.005041529889902245,0.5005075393205861,0.8656715589562204
2025/05/20 13:39:27.903410278,1747741167,900141367,piren,-453.85544875852656,-291.7885285928422,2.36031184164529,-0.0018603109247419666,-0.0009148786479572229,0.5013759034259269,0.8652270833163734
2025/05/20 13:39:27.988695301,1747741167,987975932,piren,-453.8436762343956,-291.8129576476013,2.3515334938264663,-0.002467329881319683,-0.00101714412080735,0.5008164267549551,0.8655494118728827
2025/05/20 13:39:28.73896821,1747741168,73440309,piren,-453.8365401832761,-291.8344141231208,2.344880381719,0.022318863355127602,0.013368269912174791,0.5006419233463353,0.8652634409740034
2025/05/20 13:39:28.270212800,1747741168,267164959,piren,-453.79300063400495,-291.8842200086118,2.31781157707853,0.02354428019300148,0.014043200846846154,0.5010186630789188,0.8650021703017753
2025/05/20 13:39:28.355950581,1747741168,352859789,piren,-453.7586993834347,-291.9208033522962,2.2967948980079007,-2.7585274444608425e-05,0.000353909234892453,0.5008423646523857,0.8655384449905809
2025/05/20 13:39:28.441937736,1747741168,440508749,piren,-453.77484207738337,-291.9288739109035,2.301822953634692,0.0185048578164945,0.011319330015085222,0.5004102658947754,0.8655166138164657
2025/05/20 13:39:28.528280398,1747741168,526777883,piren,-453.760896591657,-291.95426604353224,2.2913851570962027,-0.02422781804554734,-0.013593340914483082,0.5003583127546108,0.8653726323225698
2025/05/20 13:39:28.698120760,1747741168,697621193,piren,-453.82447124166146,-291.9431159662792,2.3163369783121124,-0.010033907054195159,-0.005418852822814518,0.4995625822762802,0.8662027378926757
2025/05/20 13:39:28.784997712,1747741168,784322141,piren,-453.85733130360717,-291.94367974226134,2.3291843571879456,0.00010212208594316863,0.00039263556980484145,0.499043165455614,0.8665770331715639
2025/05/20 13:39:28.871686894,1747741168,871236715,piren,-453.8678183209682,-291.95767615510965,2.3312504356688293,-0.02634322031866936,-0.014892386488512844,0.49882145134438494,0.8661763164890854
2025/05/20 13:39:29.42467051,1747741169,41960273,piren,-453.9268941667131,-291.9516364037914,2.353220177656334,0.008850737599213615,0.005196419616577198,0.4995717459745739,0.8662117133189982
2025/05/20 13:39:29.129707126,1747741169,128408818,piren,-453.91009656814043,-291.9809246432088,2.3418313908776702,-0.0033429701874976153,-0.0017489263990777652,0.49959499984401884,0.8662508885638336
2025/05/20 13:39:29.297548217,1747741169,297077906,piren,-453.9230177629453,-292.0025767872317,2.342855819972938,-0.0018465152709658797,-0.0008112509533830635,0.4984921392421944,0.8668918729385953
2025/05/20 13:39:29.385157038,1747741169,383878402,piren,-453.92580037557286,-292.0198061190516,2.340793221747533,-0.001468940560356007,-0.0005264479542796649,0.4980752716926323,0.867132394040548
2025/05/20 13:39:29.472337881,1747741169,471155058,piren,-453.9295157649209,-292.0382478808968,2.33871912304774,-0.028254375921402362,-0.01588599446396831,0.49782027524355105,0.8666742750177936
2025/05/20 13:39:29.643737850,1747741169,642432740,piren,-453.98291973391923,-292.03648622738,2.3569655299714904,0.021316319460990912,0.012771056264433322,0.4982488144253083,0.8666779295507083
2025/05/20 13:39:29.729885009,1747741169,728417905,piren,-453.9396579809382,-292.08115960215406,2.3315863334828553,-0.018707226634980333,-0.010407272302809092,0.4983077815666539,0.8667358785610313
2025/05/20 13:39:29.899403187,1747741169,898990541,piren,-453.9755477876012,-292.09007127602405,2.3430437254068153,-0.025658101333070126,-0.014362505740477014,0.4971222220452167,0.8671821473102771
2025/05/20 13:39:29.986888092,1747741169,986035671,piren,-454.01571497359527,-292.0861079415632,2.358142170539338,0.019683942949845514,0.01288360573512104,0.4966570914463298,0.8676279667053622
2025/05/20 13:39:30.76565327,1747741170,76186173,piren,-453.97183576088236,-292.1315632879877,2.333335190076859,-0.02758328448668324,-0.01417247469678366,0.4966297175042482,0.8674083392898332
2025/05/20 13:39:30.251656162,1747741170,251232252,piren,-454.0188541879288,-292.13319365228006,2.3500404892469158,-0.028406157333711084,-0.014607579378001905,0.49685775483535394,0.8672439566294015
2025/05/20 13:39:30.341181911,1747741170,340910394,piren,-454.05840268438124,-292.1303564159863,2.36496413750506,-0.01782798046291273,-0.008817160119917422,0.4965448880860421,0.8677831497071453
2025/05/20 13:39:30.429741647,1747741170,429472927,piren,-454.0729140343563,-292.14297113255316,2.368881592210699,-0.004611556661033608,-0.0012563863259235026,0.49662176377374273,0.8679539036059571
2025/05/20 13:39:30.545923427,1747741170,544278710,piren,-454.06160869911133,-292.1699242291333,2.360872402159794,0.0009993157160334235,0.0018905046673870851,0.4959716634550679,0.8683360734242331
2025/05/20 13:39:30.634722338,1747741170,633871839,piren,-454.04614239755404,-292.2022005493191,2.349805649394353,-0.028168273831261227,-0.014678793967520498,0.49535646200329975,0.8681088969182379
2025/05/20 13:39:30.723233041,1747741170,722711728,piren,-454.084968121943,-292.2022210996393,2.3626705233926604,-0.00268226421678304,-7.453498311467257e-05,0.4955733655620181,0.8685619374856015
2025/05/20 13:39:30.897122914,1747741170,896640502,piren,-454.0815156022946,-292.23802447729565,2.3547054992900387,-0.0024214865708723126,0.0001125058545624262,0.4948632645001878,0.8689674753369294
2025/05/20 13:39:30.987902242,1747741170,985913670,piren,-454.07472741394525,-292.2640378687154,2.347031577871042,0.021081715208360653,0.01344523388017477,0.4941985957569983,0.8689893756091567
2025/05/20 13:39:31.76998439,1747741171,74791142,piren,-454.0341810495983,-292.3122252461149,2.321047711551098,-0.01312056426084764,-0.005727529321887796,0.4943479191182217,0.8691462368697389
2025/05/20 13:39:31.250406336,1747741171,250035879,piren,-454.06114217258215,-292.3300616399128,2.326810768731416,-0.02387229501819845,-0.012023393091919032,0.4946359583118407,0.8686891390446001
2025/05/20 13:39:31.340574811,1747741171,339296299,piren,-454.10734511020775,-292.3258229827564,2.3431876946585444,-0.01718047700714985,-0.008269679005074148,0.49431189350878185,0.8690754832318781
2025/05/20 13:39:31.428695820,1747741171,428353178,piren,-454.1357646835829,-292.33268071026964,2.351744866115803,0.02238077315096266,0.014130728587291091,0.4941720840770254,0.8689610893600053
2025/05/20 13:39:31.602741950,1747741171,602099886,piren,-454.10171079734465,-292.3884781921795,2.3266860933652227,0.0014579809567798405,0.0020201245392497294,0.49336629822324457,0.8698180782013376
2025/05/20 13:39:31.691266355,1747741171,690883457,piren,-454.1054155870137,-292.4115747134914,2.323790298041605,-0.0058116765684307755,-0.0021527024290956052,0.49284499763567435,0.8700950514703597
2025/05/20 13:39:31.781440466,1747741171,779484769,piren,-454.12431272847954,-292.4258709995124,2.327903889129127,-0.006795165278898545,-0.00269983983739559,0.4928418197380738,0.8700882008802032
2025/05/20 13:39:31.956146578,1747741171,954698700,piren,-454.1482800089215,-292.44697295393945,2.331906015208305,-0.006047529105985959,-0.0026760454041503115,0.49329816287925177,0.8698351502857667
2025/05/20 13:39:32.43855444,1747741172,43314216,piren,-454.16804833496724,-292.46155552671263,2.3354994889841048,0.023284856910719888,0.013874535170748159,0.4927470838506464,0.869750322833586
2025/05/20 13:39:32.131881998,1747741172,131540846,piren,-454.1391637943304,-292.5058146160291,2.3136011396938523,-0.014173690784469669,-0.007253660970889985,0.4928831429966279,0.8699498251289159
2025/05/20 13:39:32.304332594,1747741172,303683807,piren,-454.1834989873947,-292.5160373174714,2.326042922749084,-0.00891695011491225,-0.004176774194513304,0.49190005920571844,0.8705959879940793
2025/05/20 13:39:32.392540266,1747741172,392031690,piren,-454.21285702862446,-292.5246611560759,2.33401643447499,0.02386850406917416,0.014364587770332768,0.4912093190487967,0.8705959786326294
2025/05/20 13:39:32.481344058,1747741172,480206077,piren,-454.18433234455154,-292.5671198613826,2.3126791918681118,-0.001413786295445059,1.5052117902419697e-05,0.4914193631676019,0.870921931338104
2025/05/20 13:39:32.656029731,1747741172,655502289,piren,-454.2209507410145,-292.5837834483908,2.3224055854247796,-0.006704671863132197,-0.0027889678370611845,0.4919672433719269,0.8705834253433952
2025/05/20 13:39:32.745277704,1747741172,744834434,piren,-454.24729828283967,-292.59295440455736,2.3297570646686387,-0.003180174368062262,-0.0011707000378729212,0.49163786030657397,0.8707931615863688
2025/05/20 13:39:32.833667223,1747741172,833267320,piren,-454.2652757714717,-292.6080780104449,2.33296225075341,0.0018936088128767865,0.0015267233500647923,0.4913801959884832,0.8709417812642796
2025/05/20 13:39:32.948230006,1747741172,946969438,piren,-454.27336592675124,-292.6293987817754,2.3312693532842217,-0.03018939180461653,-0.016539147369583177,0.4909403187852088,0.8705128721723948
2025/05/20 13:39:33.35524161,1747741173,34982005,piren,-454.3354995917213,-292.618091834444,2.353555388264103,-0.0009962385005093158,-0.0005185178427642252,0.49121848451112615,0.8710356704077563
2025/05/20 13:39:33.209074159,1747741173,208608321,piren,-454.3473142251068,-292.6490686535044,2.3509521005272984,-0.013870283202800798,-0.00809757780435245,0.4904556304799683,0.871318150280409
2025/05/20 13:39:33.297806497,1747741173,297309058,piren,-454.3725496192217,-292.66272266245153,2.3563891378372075,-0.02859138046548263,-0.016244822480920695,0.4897395726783656,0.8712484086978026
2025/05/20 13:39:33.389064605,1747741173,386113223,piren,-454.4191765371033,-292.6629851409516,2.370578784733963,0.023349073655925624,0.013176024613173312,0.4898435897330765,0.8713979978931652
2025/05/20 13:39:33.475743035,1747741173,474294401,piren,-454.3721472938602,-292.7196680010806,2.339954384035426,0.023049781962655176,0.013028911146774224,0.48916432047156577,0.8717896664926666
2025/05/20 13:39:33.649453696,1747741173,648650292,piren,-454.3418522435508,-292.7786996358653,2.3145390804982533,0.0007108460657492625,0.000961718318405605,0.488579036338923,0.8725188221728379
2025/05/20 13:39:33.737757201,1747741173,737306802,piren,-454.35346757367313,-292.79882931375016,2.314793980750171,-0.01854396129546461,-0.010056424350318878,0.48980178517563017,0.8715785684994352
2025/05/20 13:39:33.913188689,1747741173,911449726,piren,-454.4011969112794,-292.8074015083152,2.3294588189927348,-0.006247741572843474,-0.0032451239155941035,0.48918619814120207,0.872150960811354
2025/05/20 13:39:34.172568,1747741173,999671007,piren,-454.4216413218294,-292.82274753342153,2.3342120135512627,-0.0025055312340998585,-0.0006221204540522832,0.4891980695166203,0.8721688965221057
2025/05/20 13:39:34.90079895,1747741174,89209202,piren,-454.4329731086575,-292.8424428185457,2.3348883835157754,-0.00017340511679781207,0.0005120444452026135,0.4892673166462002,0.8721337056913799
2025/05/20 13:39:34.178381886,1747741174,178076009,piren,-454.4402604756051,-292.864686290128,2.3335083881104817,-0.02880306486368959,-0.015641468876498137,0.4890305767534214,0.8716506312199055
2025/05/20 13:39:34.352330604,1747741174,351884268,piren,-454.50229307515986,-292.8673973400728,2.3536593641744354,-0.004699086339714462,-0.001957296072481995,0.4889646240963315,0.8722887617996634
2025/05/20 13:39:34.441154559,1747741174,440777461,piren,-454.508947372244,-292.8906757510174,2.351643549750971,0.0048989513363256075,0.0033496114355158475,0.4885919984783278,0.8724922001955028
2025/05/20 13:39:34.530207322,1747741174,529873439,piren,-454.50061632651176,-292.9238232184342,2.3417049431569588,-0.02488675105557837,-0.013275291877936475,0.4884136409003891,0.8721562541367683
2025/05/20 13:39:34.705401982,1747741174,704980827,piren,-454.5523901247135,-292.93394055160013,2.35615366737453,-0.000914695252176633,0.000323877140070991,0.4877144274433407,0.8730026894001005
2025/05/20 13:39:34.796515878,1747741174,794263752,piren,-454.5520732817667,-292.9632330902387,2.349351554869756,0.01909956585301164,0.011613327852479566,0.48710238459631655,0.8730587632691167
2025/05/20 13:39:34.882884019,1747741174,882532591,piren,-454.5209319772338,-293.010125988147,2.3265098801057498,-0.002083535239830569,-0.00010954608504699676,0.4872404247311658,0.8732653751227932
2025/05/20 13:39:34.972171354,1747741174,971767929,piren,-454.53492078873916,-293.0317559072026,2.326329399483218,0.0027756313144353143,0.0014323729934694776,0.4864005820047404,0.8737303462761631
2025/05/20 13:39:35.147875634,1747741175,147469908,piren,-454.5485719387011,-293.069362472857,2.3222262798534614,-0.026578156260840688,-0.01321448453173764,0.4853977908023266,0.8737894275467949
2025/05/20 13:39:35.266576593,1747741175,264395512,piren,-454.60695467844073,-293.0632247723199,2.3422990526971024,-0.0022636279147148714,-0.0016887003077394678,0.48712423561200935,0.8733281189560714
2025/05/20 13:39:35.354420127,1747741175,353949563,piren,-454.61838291474993,-293.08751180457836,2.341169961632972,-0.0034603771462835063,-0.0015075102228949266,0.48687795779799314,0.8734618522942997
2025/05/20 13:39:35.443814597,1747741175,443104443,piren,-454.6301193761281,-293.10984826998606,2.3406462545054,0.017779928676098497,0.010303246642955632,0.4865856744333201,0.8733911487307152
2025/05/20 13:39:35.532735283,1747741175,532383515,piren,-454.60611965972043,-293.15231904621515,2.322235566785683,-0.00216223614225545,-0.0014917154825756476,0.486544155484084,0.8736520384478387
2025/05/20 13:39:35.623847558,1747741175,621824413,piren,-454.624376166355,-293.1725075159663,2.3247009183384297,-0.0025896079650170405,-0.0009199908455787894,0.4865459237235336,0.8736506805671503
2025/05/20 13:39:35.800981553,1747741175,800526320,piren,-454.6474257729867,-293.2024403934918,2.3265294207525145,-0.027123277698944043,-0.01550820698843668,0.48552422745336843,0.8736647228077139
2025/05/20 13:39:35.892760080,1747741175,891207668,piren,-454.70750281729045,-293.1968067670019,2.3474411163409656,-0.003658554919154475,-0.0023956950054587365,0.48534721817680027,0.8743105589145004
2025/05/20 13:39:35.981788516,1747741175,981299757,piren,-454.7196334188554,-293.22129240037486,2.3467782445803884,-3.071114568545084e-05,-0.001002641580771227,0.4853523206756848,0.8743180877583475
2025/05/20 13:39:36.160107811,1747741176,159836996,piren,-454.73426407285234,-293.2586462235344,2.343885400035894,0.02630183357784516,0.014058483676184402,0.48559077050696897,0.8736773867885205
2025/05/20 13:39:36.252521455,1747741176,251464144,piren,-454.6972101326021,-293.31216561918853,2.3172821575954314,-0.0016813724412793336,-0.0013630296428577238,0.4855284262261747,0.8742182007160686
2025/05/20 13:39:36.343343181,1747741176,342302532,piren,-454.7158805648772,-293.3311005360847,2.3201545500845078,-0.029018257020282413,-0.016245214512545916,0.4850407527032239,0.8738589714490755
2025/05/20 13:39:36.435285279,1747741176,433858338,piren,-454.779219757914,-293.32013123280836,2.3433046594172042,-0.0005302191835886,0.000300964192491982,0.4851553040117808,0.874427789630115
2025/05/20 13:39:36.525623064,1747741176,525218712,piren,-454.78519292953,-293.34664380739605,2.340416896996096,0.021645435967806402,0.011628051958528979,0.48501355084165026,0.8741613804151882
2025/05/20 13:39:36.705902256,1747741176,704561801,piren,-454.765412594497,-293.40674092854755,2.319755239667757,0.0005685334041381381,-7.955840546438197e-05,0.48450749117343445,0.8747869234488208
2025/05/20 13:39:36.796564264,1747741176,795510125,piren,-454.7796103808755,-293.4306030654534,2.320743674338234,0.022268339723622,0.011902695181350712,0.4839466759391584,0.8747331374429645
2025/05/20 13:39:36.888699566,1747741176,887384306,piren,-454.7598600111673,-293.4760607738281,2.303580164124232,0.015351831610106384,0.008058061449059337,0.48402316197978845,0.8748834022765467
2025/05/20 13:39:36.980964082,1747741176,978797791,piren,-454.7589176253464,-293.5092995426257,2.296644313963514,-0.024175123075743682,-0.013031913689499543,0.48328270967525666,0.8750334594624388
2025/05/20 13:39:37.158517922,1747741177,158112102,piren,-454.8286550440171,-293.51240387061154,2.320741175756623,0.021062610948271394,0.012363198298653783,0.4825259952135437,0.8755410793852274
2025/05/20 13:39:37.250582232,1747741177,250187698,piren,-454.8129597944266,-293.55225263696514,2.306713407141576,0.0030359874475789253,0.002191613360822373,0.4837650137226188,0.875189917166011
2025/05/20 13:39:37.343145082,1747741177,341530571,piren,-454.8330987334198,-293.57160642523894,2.3111292825528005,-0.028787377463718556,-0.015046973012344193,0.483197334854548,0.8749086872876444
2025/05/20 13:39:37.433354648,1747741177,432876219,piren,-454.9043805548691,-293.55871001013344,2.338531126955666,0.02318525934350355,0.013659411161947433,0.4830351972382157,0.875187329927097
2025/05/20 13:39:37.525300217,1747741177,524074556,piren,-454.8791614913599,-293.6066885805011,2.3189912700163435,-0.01744413789270164,-0.009007138366693151,0.4831430693019785,0.8753212827854052
2025/05/20 13:39:37.732029644,1747741177,731686177,piren,-454.9412558075669,-293.6327014138182,2.336095122105899,0.002143964554901669,0.0019159108705635538,0.48186193013795936,0.876242439616596
2025/05/20 13:39:37.911892670,1747741177,911526491,piren,-454.95979012936283,-293.67051564074563,2.335608971945348,-0.025176693083178714,-0.013023790107589635,0.48109613992926675,0.8762094607808046
2025/05/20 13:39:38.5557105,1747741178,3306336,piren,-455.01186226306163,-293.66994290700063,2.3535257900795328,-0.009363591705543392,-0.0035083664581173216,0.48113257194644476,0.8765908182997165
2025/05/20 13:39:38.95650222,1747741178,95357683,piren,-455.0294257230575,-293.69249655197865,2.355645321093455,0.0068457352812873965,0.00555137807002425,0.48111254636485007,0.8766145309315334
2025/05/20 13:39:38.187708321,1747741178,186977510,piren,-455.01818052341497,-293.7331078180476,2.3434646457099606,0.02475009606531623,0.015202062269261355,0.48107986930621865,0.8761954630080157
2025/05/20 13:39:38.279231524,1747741178,278869946,piren,-454.982848144679,-293.78944532047234,2.317642956256515,0.006375429120772487,0.005116062020284968,0.4812904858653752,0.8765230447788591
2025/05/20 13:39:38.461360694,1747741178,458651851,piren,-454.9909301564911,-293.83410609276365,2.3116687166984717,-0.003958687600146861,-0.0008524155737850905,0.48082056596630923,0.8768096632245862
2025/05/20 13:39:38.552221012,1747741178,550748791,piren,-455.0171759403304,-293.8503116373641,2.3182334840823375,0.000698122544737821,0.0015908601680100906,0.48029577932710166,0.8771048661074744
2025/05/20 13:39:38.645280808,1747741178,643598277,piren,-455.03558950417926,-293.873960444654,2.320133101499952,-0.003901469004637989,-0.0008726800839441689,0.47979050033796555,0.8773739754258281
2025/05/20 13:39:38.737040717,1747741178,735025452,piren,-455.06171495705553,-293.89236543293094,2.3255780502897534,0.000676521871884074,0.0015951743526948059,0.47942830013824883,0.8775793427169367
2025/05/20 13:39:38.828883901,1747741178,828223623,piren,-455.079297910456,-293.91663119763956,2.3263923328991596,-0.004156824495876897,-0.0009310481891712324,0.47942912094200524,0.8775702661053166
2025/05/20 13:39:39.11025306,1747741179,9811032,piren,-455.112109175415,-293.9468925317271,2.330917582465801,0.012188027458312291,0.007383351782336999,0.47790987406329927,0.878293282665839
2025/05/20 13:39:39.102685257,1747741179,101987090,piren,-455.1098826189705,-293.9827493183749,2.321000804572756,0.0016919887864584376,0.0017055943508818608,0.4772012723476145,0.8787907451672865
2025/05/20 13:39:39.194868785,1747741179,193899865,piren,-455.1296940305085,-294.00694307541875,2.321849654158092,-0.00156987473841951,-9.846054096036448e-06,0.47720401059366163,0.8787911399585714
2025/05/20 13:39:39.286802514,1747741179,286481157,piren,-455.1546995233062,-294.0278472290167,2.325250687674889,-0.002155426491141687,-0.0002889865968781243,0.4776323393882526,0.8785571233527693
2025/05/20 13:39:39.467604207,1747741179,467309747,piren,-455.1875664456581,-294.0593226016234,2.328940515498762,0.0007247047613318279,0.0012271240978652413,0.476785823905848,0.8790183428642881
2025/05/20 13:39:39.561477377,1747741179,560208211,piren,-455.20360420961913,-294.08256269287034,2.328981207096773,0.015177311549167696,0.00895463824084437,0.47675944550866617,0.8788571526626977
2025/05/20 13:39:39.652788251,1747741179,652116071,piren,-455.19727995892276,-294.1225242449552,2.316919188116341,-0.006228262029388254,-0.0027498603406160694,0.47630440215616626,0.8792540949616655
2025/05/20 13:39:39.745031105,1747741179,744682135,piren,-455.22961997605285,-294.1375094431377,2.324920632110374,-4.390214912564734e-05,0.000518546212097728,0.4759850860774774,0.8794531977395066
2025/05/20 13:39:39.839177904,1747741179,836893833,piren,-455.2490246556209,-294.16078816955155,2.3266804197171225,0.008770682989085486,0.005234453545777139,0.4756170114120211,0.8795931639522214
2025/05/20 13:39:39.929737948,1747741179,929430002,piren,-455.2537510271776,-294.19377546498663,2.320857355615283,0.017398883558663387,0.00946646529885373,0.47555004616011126,0.8794656437193973
2025/05/20 13:39:40.137177639,1747741180,136682462,piren,-455.2618283879758,-294.25696430782284,2.3084518237837344,0.022418615421830046,0.012315217365746083,0.47497085749326995,0.8796297093868024
2025/05/20 13:39:40.229503654,1747741180,229073747,piren,-455.2540007709137,-294.2981057170461,2.2950278626832485,-0.02401651652585329,-0.012686979804400422,0.4749513845792163,0.8795927635921589
2025/05/20 13:39:40.413702178,1747741180,411481158,piren,-455.3314547969179,-294.3004242810534,2.320017342474733,-0.028532297756209975,-0.01490115647464174,0.4730358431400443,0.880454970242804
2025/05/20 13:39:40.505637257,1747741180,504109058,piren,-455.40250557984103,-294.2892258915554,2.345689666623667,0.026746860328647787,0.014906811777520724,0.47228993167109395,0.880911240061848
2025/05/20 13:39:40.597177553,1747741180,596679168,piren,-455.3733915342648,-294.34438241983327,2.3216531273105394,-0.028607596621472765,-0.014803036579323253,0.4722920611652663,0.8808533842154657
2025/05/20 13:39:40.690001690,1747741180,689291633,piren,-455.43803487393075,-294.334318307153,2.3456356337009203,0.02672703015222496,0.014926929087009603,0.47289165322980264,0.8805886309468557
2025/05/20 13:39:40.784326025,1747741180,782379875,piren,-455.40511246051625,-294.3915947019186,2.320552163523758,-0.02855878125307935,-0.014892489832234965,0.47290140477929193,0.8805264738312574
2025/05/20 13:39:40.876190329,1747741180,875418229,piren,-455.4682753457183,-294.38475979728537,2.3439614911796802,0.026857182068632683,0.014749874405259173,0.470593431128567,0.8818179832340709
2025/05/20 13:39:41.58042844,1747741181,57702386,piren,-455.444543101987,-294.4535376166904,2.3199430464132624,-0.023725399514900665,-0.012934220333474298,0.4693614912241526,0.8825925458092558
2025/05/20 13:39:41.151210135,1747741181,150809305,piren,-455.49952685033224,-294.4556412222102,2.3396139327950842,0.022830169085279895,0.01167696893678293,0.4717402043187376,0.8813646302213985
2025/05/20 13:39:41.245366702,1747741181,244918912,piren,-455.4724684656711,-294.50998861076187,2.3186016301888746,-0.0239168838022713,-0.012909680033116669,0.4712882852378779,0.8815603638028265
2025/05/20 13:39:41.337974932,1747741181,337578636,piren,-455.5275504027664,-294.50862097632904,2.3387071384230236,0.02285424422506034,0.011818822712626069,0.4710556200389007,0.8817281904194488
2025/05/20 13:39:41.432298379,1747741181,430934374,piren,-455.5016407352615,-294.56158542408724,2.3178878084713803,-0.02383673785105332,-0.012656787685399967,0.47102537444239007,0.8817067042307851
2025/05/20 13:39:41.615013368,1747741181,614668780,piren,-455.5630433596243,-294.5703852903968,2.337344943415659,-0.02831265941766687,-0.014901471463335583,0.4696745503098428,0.8822596875388639
2025/05/20 13:39:41.709489744,1747741181,709009523,piren,-455.620065907645,-294.56826283709177,2.3569720627429795,0.027147080253269267,0.01472193855016366,0.4689668729865335,0.8826756893674371
2025/05/20 13:39:41.801781194,1747741181,801345370,piren,-455.5802114363334,-294.6309182220806,2.3280642664790747,-0.028430013405439818,-0.014810528098235567,0.4689615564491931,0.8826366416413769
2025/05/20 13:39:41.896580263,1747741181,895866480,piren,-455.63760850777373,-294.6271204670109,2.348453976199085,0.026979866970781006,0.014708644493424076,0.46960327544723696,0.8823426240665423
2025/05/20 13:39:41.989644349,1747741181,989133745,piren,-455.59707198416606,-294.68609988696437,2.3206030553495856,-0.028316092832396805,-0.014825372358470252,0.4696058587157823,0.8822974241608963
2025/05/20 13:39:42.85048024,1747741182,82642722,piren,-455.6559140331344,-294.6812144533641,2.342241171711502,0.027703370034629186,0.01419260302795081,0.46917666419487264,0.8825555795999406
2025/05/20 13:39:42.179097390,1747741182,175900803,piren,-455.6192194825455,-294.74185580139516,2.3157164476485197,-0.027793385531067735,-0.015139157657504024,0.4691533045124061,0.8825494379870356
2025/05/20 13:39:42.360825021,1747741182,360085130,piren,-455.685040764605,-294.75026367252235,2.3371580530533254,0.023270976619313877,0.011653697560977769,0.46890072230203134,0.8828673544791279
2025/05/20 13:39:42.455262544,1747741182,453553657,piren,-455.6567742105182,-294.8026085182397,2.316310086944016,-0.02326802041364141,-0.01308490500544237,0.46847370154391554,0.8830740486781227
2025/05/20 13:39:42.550074713,1747741182,547965293,piren,-455.71222399859613,-294.8016044759519,2.33676767269373,0.023117196222338307,0.012023539790816962,0.4681430808046814,0.8832684108607181
2025/05/20 13:39:42.667219476,1747741182,666880082,piren,-455.69526719683034,-294.86570629219625,2.3169824293306287,0.0019035622434966947,0.0008583577077988221,0.4679112452196227,0.8837729947615807
2025/05/20 13:39:42.852780327,1747741182,852085906,piren,-455.7154226705964,-294.90380092003755,2.317315818996011,-0.02583202448556532,-0.013704416633255424,0.4673599698378097,0.8835833600000177
2025/05/20 13:39:42.948709307,1747741182,947383508,piren,-455.77573824765295,-294.89710963208574,2.339730185320699,0.02535874796077875,0.013423292137789084,0.4674103089807481,0.8835747575551075
2025/05/20 13:39:43.42953848,1747741183,42386784,piren,-455.74632781217224,-294.9508475354959,2.3170182900170033,-0.02565039338045625,-0.01307429704605528,0.4671450720522805,0.8837118318396836
2025/05/20 13:39:43.136644817,1747741183,136091024,piren,-455.803794933329,-294.94240994570725,2.339107376638286,0.019569007160512634,0.01120308571982804,0.4671904241673189,0.8838691375964356
2025/05/20 13:39:43.231024888,1747741183,230551745,piren,-455.78123188393573,-294.9902478688775,2.3211431323737024,-0.024520986747013317,-0.012334033265758547,0.46668757445193165,0.8839962107862933
2025/05/20 13:39:43.324787929,1747741183,324479718,piren,-455.8350410498092,-294.98679811995544,2.341266867770162,0.0008466582010011888,0.0009702754308701614,0.4668490741989842,0.8843360694074569
2025/05/20 13:39:43.510662007,1747741183,509403721,piren,-455.84902560422836,-295.0263789423677,2.339475758325766,0.020838816004417688,0.011461093295088754,0.4660390693805143,0.8844444430821867
2025/05/20 13:39:43.604586824,1747741183,603372307,piren,-455.82359644184356,-295.0775707772319,2.319602080544276,0.0010288891363620354,0.0011410650499460498,0.46568218162273894,0.8849507020601675
2025/05/20 13:39:43.698435222,1747741183,697275341,piren,-455.83642759545955,-295.10159283841085,2.320343108017308,0.020613587158909753,0.011406981955564445,0.4655438775547138,0.8847111725633565
2025/05/20 13:39:43.793442974,1747741183,792072302,piren,-455.8197950650676,-295.14389100321813,2.3050496072548783,-0.013249509259653776,-0.0064096800558627615,0.4660059646228226,0.8846591476053998
2025/05/20 13:39:43.888032734,1747741183,886581004,piren,-455.8637515734443,-295.14681139931923,2.3206156010683134,-0.0013251077527737382,-0.0001059551072604925,0.46604978425003474,0.8847574986760242
2025/05/20 13:39:43.982324454,1747741183,981136474,piren,-455.884098203858,-295.1651982565692,2.324502042614992,-0.01697632344450886,-0.008249075101854277,0.46565417392227304,0.8847654759940835
2025/05/20 13:39:44.76914826,1747741184,75855233,piren,-455.92817673345854,-295.16715437732313,2.339411452241323,-0.025931419454217525,-0.011721080787659478,0.4655704914098784,0.8845531613637606
2025/05/20 13:39:44.264376971,1747741184,261048465,piren,-455.9865282783565,-295.1716774531842,2.3580029859071225,0.024695095541335636,0.013632475039556374,0.4650297810952121,0.8848455292168456
2025/05/20 13:39:44.359442983,1747741184,356612738,piren,-455.95014864006356,-295.23007471509345,2.331091945873134,0.00274641351957742,0.003208362676410317,0.46478904811624844,0.8854113757869321
2025/05/20 13:39:44.452269146,1747741184,451759385,piren,-455.954527159012,-295.2580515048812,2.3273592487704886,-0.00042092477729830063,0.0014183606498305863,0.46446410840811464,0.8855907085533666
2025/05/20 13:39:44.547159482,1747741184,546604788,piren,-455.9660279689983,-295.2821269069441,2.3271085256033066,0.01306465029958994,0.008312883052377913,0.46414734887889797,0.8856226337535631
2025/05/20 13:39:44.642143275,1747741184,641624075,piren,-455.95724452132407,-295.31982118675285,2.3161566314263884,-0.02532090753505751,-0.012002266252371302,0.463868589613444,0.8854607438031584
2025/05/20 13:39:44.738862056,1747741184,735317541,piren,-456.01354237561424,-295.3123489726822,2.3372872232809243,-0.008294704982600161,-0.003057448380943601,0.464016779614727,0.8857822972461278
2025/05/20 13:39:44.830493265,1747741184,830091320,piren,-456.0332982453988,-295.32774045363465,2.341893946539531,-0.01774163823364105,-0.008082537603005247,0.4632956179198454,0.8859893211969043
2025/05/20 13:39:44.925376179,1747741184,925039400,piren,-456.06789560577107,-295.3364113621872,2.3523886712865947,-0.0019445349143624158,0.0001917839858372719,0.46336594909999673,0.8861648713515611
2025/05/20 13:39:45.136977933,1747741185,136500005,piren,-456.0921489458387,-295.38282048043584,2.351224178476124,-0.025667715476103987,-0.01244172107951642,0.46309005457905417,0.8858521170651374
2025/05/20 13:39:45.231279467,1747741185,230964972,piren,-456.133630917877,-295.3852052054134,2.363611680040816,0.028690887170495415,0.01607468636774863,0.4629962252882268,0.885749926796724
2025/05/20 13:39:45.418581204,1747741185,418175392,piren,-456.10347424427766,-295.46641097810345,2.332090364444534,0.025073152570428667,0.014371786145508162,0.4617156843136197,0.8865570571835598
2025/05/20 13:39:45.606291439,1747741185,605918300,piren,-456.07562551530793,-295.5331748532443,2.305322790064778,-0.001423841668647762,0.0005405487523027431,0.46139728406915365,0.8871923279287067
2025/05/20 13:39:45.701952947,1747741185,700641782,piren,-456.09623896585276,-295.55056706363706,2.3091535385602837,0.00864308561266283,0.005664596300031801,0.46127271800230274,0.8871982242129535
2025/05/20 13:39:45.798417458,1747741185,796003775,piren,-456.10206868341214,-295.5781731349894,2.3053400148936447,-0.0003164937777293752,0.0009095093792312325,0.4613064341535444,0.8872403543758137
2025/05/20 13:39:45.891759640,1747741185,891340985,piren,-456.124688764342,-295.5935612844059,2.310536080615659,0.020027508919212834,0.011277724805597421,0.4615042823589511,0.8868401824308875
2025/05/20 13:39:45.985789812,1747741185,985292084,piren,-456.1155152595568,-295.6309430768439,2.2985035360683344,-0.0252857798818973,-0.012433502491310523,0.4614862320336439,0.8866997772611386
2025/05/20 13:39:46.85657503,1747741186,81512372,piren,-456.1823656431743,-295.6149379668102,2.3249348932024922,-0.026475195192963524,-0.014271268313898883,0.4599714175197724,0.8874241883141671
2025/05/20 13:39:46.269928918,1747741186,269194747,piren,-456.25922323142294,-295.62370500709136,2.3486971534762318,0.01631803655199379,0.00821320388869201,0.45913295252051806,0.8881797097855605
2025/05/20 13:39:46.461584576,1747741186,458170037,piren,-456.2536105919886,-295.6748931431181,2.3347869119349065,0.019684756572333026,0.010335658129151371,0.4603967755391594,0.8874347827321568
2025/05/20 13:39:46.556084406,1747741186,553435905,piren,-456.2344986250181,-295.7188797043687,2.3173727849663925,-0.0022755327675221906,-0.0008488509071215526,0.4605322619215063,0.8876396437362533
2025/05/20 13:39:46.654696468,1747741186,653424627,piren,-456.2557352736219,-295.7335270700551,2.321673879649044,-0.02891252828780683,-0.014523989146805562,0.4600106569817057,0.887323681026563
2025/05/20 13:39:46.755745861,1747741186,755141208,piren,-456.3182376647717,-295.7198715064254,2.3446912049690902,0.002165836615072799,0.0015699162017551688,0.4600361037774905,0.8878961807194027
2025/05/20 13:39:46.858456958,1747741186,858104225,piren,-456.32063864866916,-295.74619069640295,2.3400001906210433,0.000958526121064459,0.0009204921246096782,0.45986712759212595,0.8879867447671115
2025/05/20 13:39:46.962128824,1747741186,961682754,piren,-456.32703106989385,-295.7718124201617,2.336927861051787,0.02033166975241275,0.010901560439485918,0.4594994514049541,0.8878783888256372
2025/05/20 13:39:47.61712670,1747741187,60495053,piren,-456.30422771151143,-295.8180185925784,2.3180028370090673,-0.026564768212335242,-0.014495412565766867,0.45924564358398173,0.8877936894084727
2025/05/20 13:39:47.159286411,1747741187,158785737,piren,-456.36260373866435,-295.8088037205024,2.3397843491800545,0.0019045884525496493,0.0011122638788206723,0.4592309762261844,0.8883141594538703
2025/05/20 13:39:47.256678983,1747741187,256194832,piren,-456.36489936254685,-295.83534198480913,2.335987271145858,-0.025633416063396978,-0.013220659533447626,0.4588131453659542,0.8880645470807971
2025/05/20 13:39:47.352885994,1747741187,352480481,piren,-456.4129795500091,-295.8323064025657,2.353252645288119,0.025601783882778527,0.01320059220138687,0.45852221880263255,0.8882160029474041
2025/05/20 13:39:47.449988059,1747741187,449542984,piren,-456.37425658772514,-295.8903901603212,2.326200462414362,-9.548014678135981e-05,-4.428397253352638e-05,0.4585129230084682,0.8886877338844629
2025/05/20 13:39:47.547358534,1747741187,546754782,piren,-456.3847049409705,-295.9135885063852,2.3259973154786118,-4.972293130602768e-05,6.732480118650755e-05,0.45827718030591796,0.8888093265745237
2025/05/20 13:39:47.645237544,1747741187,643467794,piren,-456.396374946586,-295.93496097282247,2.326174649617155,-0.005652393498594129,-0.002683323917209045,0.4580401298451385,0.8889094946460754
2025/05/20 13:39:47.766262113,1747741187,765768835,piren,-456.4178390751575,-295.94898166303517,2.3309139325876322,-0.000481194578415114,0.0001520006250528713,0.4578014986926565,0.8890542914481349
2025/05/20 13:39:47.863672799,1747741187,863329208,piren,-456.4359816261459,-295.9780548259752,2.3307419016719337,0.011835816861544252,0.006634339021898576,0.4573698557911158,0.8891730506479469
2025/05/20 13:39:48.54804844,1747741188,54351370,piren,-456.4368173890111,-296.02151940226906,2.3205432505864514,-0.0029869611908629485,-0.0007204647322869616,0.45695650241585983,0.8894837344736992
2025/05/20 13:39:48.153531177,1747741188,151668133,piren,-456.45803672700487,-296.0355776500289,2.3245162517655515,0.0015911048740683532,0.001490061501420367,0.4569191815483112,0.8895055422172609
2025/05/20 13:39:48.250234290,1747741188,249859284,piren,-456.4711182040192,-296.0557203812436,2.3244030421380586,-0.0031050395007833033,-0.000978490245748542,0.4565536113388814,0.8896899467005138
2025/05/20 13:39:48.347840928,1747741188,347480971,piren,-456.4913656153846,-296.0707262822638,2.328170968212501,0.001635655285365478,0.0012593494194619505,0.45629498430712173,0.889826177389152
2025/05/20 13:39:48.446539873,1747741188,444017942,piren,-456.5028654303194,-296.09235928243487,2.3275643798785137,-0.0030394519633138387,-0.0012071764404098283,0.4560229608854132,0.8899620012124705
2025/05/20 13:39:48.543598142,1747741188,541528279,piren,-456.5217290764086,-296.1091991438113,2.330751789209602,0.001690477407130243,0.0010660748451238585,0.45574515748538263,0.8901080592822337
2025/05/20 13:39:48.641368975,1747741188,638857917,piren,-456.53190026036737,-296.13197579499257,2.32956767654013,-0.002970900253820635,-0.0013039411162256767,0.4557451587578395,0.8901043892477101
2025/05/20 13:39:48.736345149,1747741188,735882017,piren,-456.54872627625764,-296.1479332622585,2.332171236361722,0.0017160945587130542,0.0010674957931388718,0.4550988490942832,0.8904386295670557
2025/05/20 13:39:48.834123205,1747741188,832822175,piren,-456.55885682820633,-296.1716004273906,2.330515157393887,-0.002905897413044263,-0.0011552748680561606,0.4550979911676421,0.8904358705349763
2025/05/20 13:39:49.25908009,1747741189,25516522,piren,-456.5898715179215,-296.2086709973602,2.332861448363498,-0.027947556095369953,-0.0124569176355855,0.4534728799166863,0.890744692092736
2025/05/20 13:39:49.216109462,1747741189,215627758,piren,-456.65052501196493,-296.20672754944724,2.352357908077393,-0.0006685429300010804,0.001151424036538228,0.4528670984388008,0.8915770400950557
2025/05/20 13:39:49.315031270,1747741189,313882767,piren,-456.6525642093363,-296.23242020535946,2.347159365754122,-0.0003653209312901901,0.0012617668797671676,0.4527289738980636,0.8916472120060517
2025/05/20 13:39:49.412237415,1747741189,410864237,piren,-456.65671191776113,-296.2591050095344,2.3425209088759193,-0.030355774480171363,-0.014055280842079325,0.45251921375802906,0.8911270039764111
2025/05/20 13:39:49.508902917,1747741189,508492022,piren,-456.7079771319131,-296.25117301058515,2.360251740658581,0.020532078847551084,0.01167411757441079,0.4529459129521793,0.8912250830497163
2025/05/20 13:39:49.605904404,1747741189,605494861,piren,-456.6732613447204,-296.3063075954085,2.335036296604014,0.003506186404146762,0.0029136279817960666,0.45308526906432256,0.8914555268692845
2025/05/20 13:39:49.703162683,1747741189,702702613,piren,-456.67211517056427,-296.3357929393644,2.328798621995831,-0.02888397068220478,-0.013614996161846658,0.45228054073434476,0.89130391034158
2025/05/20 13:39:49.801789395,1747741189,800680681,piren,-456.72441482750406,-296.3268908459641,2.348024955538405,0.02229810237884086,0.012230541798321608,0.4523157480914859,0.8914951892781372
2025/05/20 13:39:49.899241957,1747741189,898212534,piren,-456.69131508847096,-296.38050337581893,2.3239166762186994,0.003399648232576327,0.002635112161045064,0.451858008079538,0.8920795026847023
2025/05/20 13:39:49.997410176,1747741189,995350083,piren,-456.69585189056824,-296.40494946956954,2.3209075179361696,-0.028865742830882776,-0.0136624094080801,0.45165503443419514,0.8916209044937391
2025/05/20 13:39:50.94080884,1747741190,92844429,piren,-456.7534230591003,-296.3929371109229,2.342463832493975,0.022553361498397664,0.012840829561513358,0.45105007640354466,0.8921212291822516
2025/05/20 13:39:50.190486800,1747741190,189918588,piren,-456.7242985458781,-296.44386589856936,2.31990943206082,0.0031518247519239416,0.0032184825113341833,0.4512226669587609,0.8924000292434333
2025/05/20 13:39:50.314299745,1747741190,313835233,piren,-456.7327498819508,-296.46657955179404,2.3182227975384464,-0.029127093940736388,-0.013034189060312035,0.45035247162881653,0.8922804343993674
2025/05/20 13:39:50.411678741,1747741190,411022681,piren,-456.79292849991737,-296.4512905689578,2.3411179794234482,0.021937624207965415,0.013018551423363858,0.4503550809186948,0.8924850469636246
2025/05/20 13:39:50.508431958,1747741190,508040547,piren,-456.7663122605369,-296.49960489923245,2.3198989908557657,0.0031076268467668503,0.0034446958533329067,0.44985158476495435,0.893091276639918
2025/05/20 13:39:50.605883150,1747741190,605449317,piren,-456.776143790262,-296.52188120692006,2.318737226782221,-0.02912994699361147,-0.012875851393544302,0.44968594082507074,0.8926187390276499
2025/05/20 13:39:50.705203291,1747741190,703689834,piren,-456.8365724937761,-296.5061213919704,2.3419266189054615,0.02217129237032989,0.012784418672986577,0.4489510576548903,0.8931897560229733
2025/05/20 13:39:50.802632098,1747741190,802026174,piren,-456.8092741438022,-296.5545841159896,2.320568212458632,0.003262683160438566,0.003196182086279011,0.4491206333108022,0.8934594540622255
2025/05/20 13:39:50.900561797,1747741190,900077928,piren,-456.8196779789427,-296.57745757832714,2.3195415365920464,-0.0290250818393874,-0.013080255743603447,0.44832395741028247,0.8933040248123156
2025/05/20 13:39:50.998926871,1747741190,998362654,piren,-456.88073704781004,-296.5623349296882,2.342753576428164,0.02231698112459465,0.012484658945616695,0.4483390865358568,0.8934977051614009
2025/05/20 13:39:51.96815544,1747741191,96432720,piren,-456.8552529621233,-296.6117957770672,2.3215576751913756,0.0033543774117974516,0.0029821577149062055,0.44782197124799095,0.8941114790422424
2025/05/20 13:39:51.196517275,1747741191,193354117,piren,-456.8658692906285,-296.63421217144685,2.3203582595625973,-0.028986365164058385,-0.013184495182916447,0.44763244428965215,0.8936504655292353
2025/05/20 13:39:51.292177125,1747741191,291742939,piren,-456.92722411505,-296.61841128936686,2.343353395903633,0.02226231906905156,0.012460222306166962,0.44695739214563757,0.8941913786299438
2025/05/20 13:39:51.390024120,1747741191,388834095,piren,-456.9023866717444,-296.66702369455356,2.3220623404619776,0.0035115349851015665,0.003672275536063309,0.4471180009501419,0.8944605506900707
2025/05/20 13:39:51.490954837,1747741191,488487579,piren,-456.911261852809,-296.6868015886459,2.3204753110467315,-0.028940786372505942,-0.012605268800801204,0.44621299444097556,0.8943698908587088
2025/05/20 13:39:51.588000040,1747741191,586784537,piren,-456.97234990935004,-296.6704719991321,2.3432062119911334,-0.0028175644088401716,0.0003901808937010034,0.44639067862773724,0.8948336555605967
2025/05/20 13:39:51.685116479,1747741191,684799081,piren,-456.984384233623,-296.6907499878271,2.3424657112533116,0.0270289520112693,0.015111991921761988,0.44533644049028936,0.8948276472174785
2025/05/20 13:39:51.784260678,1747741191,782915220,piren,-456.95283061429274,-296.7452940787869,2.316456313146907,-0.0016176209089628017,0.0008289667601137009,0.44559210449229486,0.8952342556732475
2025/05/20 13:39:51.882464096,1747741191,882133556,piren,-456.972362903382,-296.75991003427185,2.3196927808476175,-0.006980227632009656,-0.0019368388750090708,0.44480203960261677,0.8955996151421292
2025/05/20 13:39:52.77109295,1747741192,76634599,piren,-457.013701491978,-296.78566184783847,2.3268483532368354,0.010042453554076857,0.00629402023745264,0.4425094995113512,0.8966854951866225
2025/05/20 13:39:52.180046972,1747741192,175509747,piren,-457.0163110736358,-296.8166820326348,2.3194396635783665,-0.02751650972959527,-0.01224794071945128,0.4423858037696045,0.8963189333398882
2025/05/20 13:39:52.369991527,1747741192,369682730,piren,-457.0903113858803,-296.81956275533156,2.3406434166685517,-9.175665735342265e-05,0.0012947089499602564,0.44316913511041117,0.8964370769858534
2025/05/20 13:39:52.564315634,1747741192,563930259,piren,-457.1123420162204,-296.84659007919606,2.340129545108877,-0.030000593459823633,-0.014031157586188805,0.44188306581865777,0.8964610683970351
2025/05/20 13:39:52.662473472,1747741192,662101890,piren,-457.1694697893359,-296.83352530839875,2.359422498410821,0.023180562130381832,0.012233861871876882,0.44158723436629194,0.8968353854569683
2025/05/20 13:39:52.761578869,1747741192,759301731,piren,-457.1380952373715,-296.88777346429936,2.333253658122638,-0.02571884292719703,-0.01177834999908109,0.44096960538869384,0.8970761498964985
2025/05/20 13:39:52.858034005,1747741192,856309763,piren,-457.1878555138016,-296.8793080105543,2.349898937609816,-0.0020641500979110064,-9.864972856492326e-05,0.4406713644575137,0.8976661284128735
2025/05/20 13:39:52.982940780,1747741192,981241323,piren,-457.20403841649454,-296.90956983755535,2.346733136201391,0.026394026670126074,0.013813866770886392,0.4388075043707979,0.8980871375032854
2025/05/20 13:39:53.173708077,1747741193,173365279,piren,-457.1781270218777,-296.9914856763916,2.313874194847739,0.0016725325179396137,0.0015778760272444426,0.43903449371223324,0.8984672649980423
2025/05/20 13:39:53.368532115,1747741193,366421374,piren,-457.2083825324285,-297.0243211603356,2.316116760942202,-0.003828211350029509,-0.0010854060018838352,0.4383314563260693,0.8988045956083769
2025/05/20 13:39:53.560165958,1747741193,559029575,piren,-457.2400307106277,-297.04395425030475,2.32109330893493,0.0005953448593608046,0.000982103457070507,0.43753099364375775,0.899202597103903
2025/05/20 13:39:53.658375391,1747741193,657227259,piren,-457.2591103447999,-297.05940615273266,2.3231289459586755,-0.02777394820879883,-0.012779486014731879,0.43693395768745136,0.8989738645576271
2025/05/20 13:39:53.755586621,1747741193,754933808,piren,-457.31984593865695,-297.0414283145742,2.3453942089996063,-0.0016328775176241987,-2.7708666624871392e-05,0.4364045530612379,0.899749075582
2025/05/20 13:39:53.853463761,1747741193,853023832,piren,-457.3327440868634,-297.0612769260267,2.3440705538497,0.0001528203568796059,0.0008791156127417186,0.43586335823064437,0.9000124092219968
2025/05/20 13:39:53.952046965,1747741193,950926484,piren,-457.3423170190454,-297.0830834625612,2.3408790362441665,-0.0009023577577862661,0.0004410198688758422,0.4353668409959235,0.9002525784540595
2025/05/20 13:39:54.52719352,1747741194,50395200,piren,-457.3528548915946,-297.1019955639981,2.338552961129077,0.0047901391336049965,0.0032502962845069538,0.4348452452270397,0.9004865922625275
2025/05/20 13:39:54.148607967,1747741194,148167022,piren,-457.3572806270033,-297.12801172507136,2.3320740528692894,-0.0011357508909674617,0.0003442232271879512,0.4342208491018651,0.9008056648276247
2025/05/20 13:39:54.247819573,1747741194,246485172,piren,-457.3727527638903,-297.14504270373334,2.331531080400888,-0.030407705830314345,-0.013684135128637575,0.4335577062412862,0.9005086513913749
2025/05/20 13:39:54.345527542,1747741194,345012504,piren,-457.4317678499665,-297.1272451804304,2.352100117914355,0.025424453536837338,0.013115347121565417,0.43303757442245144,0.9009217746122878
2025/05/20 13:39:54.442954307,1747741194,442539961,piren,-457.40035679794215,-297.1815744542861,2.3253544029262647,0.029676159544786845,0.015411624102893179,0.4324365999919269,0.9010440579597679
2025/05/20 13:39:54.541290092,1747741194,540763625,piren,-457.3715037854078,-297.23329642888314,2.2999222966973356,-0.004020243284595685,-0.0016097104816050966,0.43211461660359685,0.9018082970308183
2025/05/20 13:39:54.641472329,1747741194,639304662,piren,-457.402335492821,-297.2375836329425,2.309111656281102,0.0010073205178425405,0.0017142930746195386,0.43211465117001235,0.9018164861815553
2025/05/20 13:39:54.738745795,1747741194,737827079,piren,-457.42318247854564,-297.24991942200774,2.312719309695595,0.00692335078902155,0.0044613341095668755,0.43051113988481915,0.902547684140228
2025/05/20 13:39:54.836781690,1747741194,836340154,piren,-457.4360327799123,-297.2695453691905,2.3115403383218216,-0.028269309172350075,-0.01240341542705071,0.43036066163394643,0.9021289832183943
2025/05/20 13:39:54.939980621,1747741194,935220149,piren,-457.5014102377474,-297.24596794211396,2.33686522200832,-0.027272454932901532,-0.011918698881219554,0.4291732168721609,0.9027316919985211
2025/05/20 13:39:55.41427791,1747741195,40941269,piren,-457.55569399372746,-297.2318459910271,2.356334234789909,-0.01304087069196917,-0.005128632191632634,0.42930714860927593,0.9030498352673629
2025/05/20 13:39:55.141290888,1747741195,140858472,piren,-457.5778848859798,-297.2410395159222,2.3606948088077355,0.019797983033626763,0.010478590975679105,0.42788091071268114,0.903557505224018
2025/05/20 13:39:55.242496848,1747741195,242018081,piren,-457.55285165769726,-297.2920488434717,2.3376727920165496,0.027687843193632555,0.01421079652388861,0.4268521395181921,0.9037857531462772
2025/05/20 13:39:55.341852723,1747741195,341410893,piren,-457.5241753827893,-297.34610543964953,2.3115765307768075,-6.893901768946847e-05,0.00040976908816439244,0.4272799892369331,0.9041192610128338
2025/05/20 13:39:55.440554337,1747741195,440172237,piren,-457.5450686172511,-297.3589014013133,2.3144718071949595,-0.0022017586511641884,0.0006168529294833553,0.42665174213720053,0.904413103997613
2025/05/20 13:39:55.564640195,1747741195,564192398,piren,-457.56779302318364,-297.3673100778261,2.3188442419618185,-0.027880968628570077,-0.011527306164984779,0.42583626992537815,0.9042970994186323
2025/05/20 13:39:55.665717425,1747741195,663503357,piren,-457.6274369193647,-297.3454181816953,2.3412228731895626,-0.0014378820555480828,0.0008756872685475447,0.4253615059719669,0.9050219637689808
2025/05/20 13:39:55.764837747,1747741195,762892368,piren,-457.6493252371514,-297.36783543381813,2.341101262559773,-0.0015648108349899637,0.0006609886694313579,0.42433225592462415,0.9055049701922949
2025/05/20 13:39:55.959597404,1747741195,959030232,piren,-457.66528179442616,-297.3968043481559,2.3374217786092917,0.0005910261343745247,0.0014869317032323763,0.42315941418600883,0.9060538338906647
2025/05/20 13:39:56.69303077,1747741196,66207732,piren,-457.67678404841666,-297.41732465806336,2.3345828471197345,-0.006046328780766653,-0.00169897598521563,0.423147490750489,0.9060390479777576
2025/05/20 13:39:56.166405968,1747741196,165968508,piren,-457.6983554210113,-297.4283234702199,2.3373044340598534,0.006950893952176331,0.004309197569507067,0.4222413920180604,0.9064465360716115
2025/05/20 13:39:56.267553933,1747741196,265652693,piren,-457.7009147213275,-297.45553761225403,2.329324840037647,-0.0013298342440830099,0.00048292495868987626,0.42159877957160374,0.9067813779451483
2025/05/20 13:39:56.364957024,1747741196,364616680,piren,-457.7183294272446,-297.46996057522915,2.3294722585036696,0.02617686250104691,0.01234238131290148,0.4207843677941808,0.9066989320128153
2025/05/20 13:39:56.464609887,1747741196,464182705,piren,-457.6992468541093,-297.5165758687991,2.307364718634068,0.0016823523901877617,0.0007528514144989667,0.42032757544326427,0.9073705594888838
2025/05/20 13:39:56.563908314,1747741196,563517583,piren,-457.72807181446717,-297.53532569058007,2.3091104383006797,0.004269914657985218,0.0020861312823772737,0.41909052161309385,0.9079320186991707
2025/05/20 13:39:56.760139281,1747741196,759086074,piren,-457.7632447052187,-297.5492652967343,2.313437099179187,-0.0002000352920993906,3.7462971065471836e-05,0.41787719055152645,0.9085035014787621
2025/05/20 13:39:56.861279416,1747741196,859219842,piren,-457.79054656974284,-297.55571778495994,2.3183776650989305,0.001707791702015787,0.0007573030444962313,0.41810032166378386,0.9083989382227623
2025/05/20 13:39:56.958920790,1747741196,958344578,piren,-457.81268980555734,-297.56461619085115,2.3210966786840044,0.005739476090428882,0.0026402898787358828,0.4171887557112647,0.9087979034921078
2025/05/20 13:39:57.59045750,1747741197,57868352,piren,-457.82790249322085,-297.57929787790647,2.32007718641759,-0.022747027049911165,-0.010482274369705492,0.4163904891362538,0.9088408305315624
2025/05/20 13:39:57.158908360,1747741197,157744542,piren,-457.88315089049877,-297.5593124510248,2.340238648989229,-0.0260969918957859,-0.012133650945135709,0.4157118485802633,0.9090409124339307
2025/05/20 13:39:57.258841865,1747741197,258282916,piren,-457.93327504776005,-297.5422471789571,2.35811242559234,0.026508034047904454,0.01073866453636233,0.4150969554882796,0.909327511273717
2025/05/20 13:39:57.361668769,1747741197,358936020,piren,-457.9041508094615,-297.5975527305584,2.331460671222054,-0.014324529858025004,-0.007385012375352933,0.4143797488155456,0.909961369074604
2025/05/20 13:39:57.460940102,1747741197,459676380,piren,-457.93860015416584,-297.5966009380864,2.341766777753033,0.0003801865400057188,-0.0004624144769491501,0.4138444019319143,0.9103474351151117
2025/05/20 13:39:57.560142908,1747741197,559681633,piren,-457.9473066631916,-297.6162809276881,2.3388750907927727,0.002549437367601779,0.0005646215985614295,0.4132261323884557,0.9106247004572398
2025/05/20 13:39:57.663805729,1747741197,659366869,piren,-457.95369729184915,-297.6376775653662,2.3345917514509646,-0.0022515941982827327,-0.001486826306769091,0.4125590401803859,0.9109268675566324
2025/05/20 13:39:57.785357127,1747741197,784874063,piren,-457.97518128790034,-297.65750802174244,2.334712933092239,0.01714353893216322,0.00735336238524155,0.41006630183083254,0.9118649325625464
2025/05/20 13:39:57.885925124,1747741197,884625162,piren,-457.9646701767939,-297.6957645236999,2.3193250421001594,0.0001270472923479099,-0.00021279696501062427,0.41013214025651684,0.9120260775356405
2025/05/20 13:39:57.986495360,1747741197,985245329,piren,-457.98218797479194,-297.7070890951917,2.3209128047865413,-0.004924773392774127,-0.0024861526934726636,0.4104229435674377,0.911878595562619
2025/05/20 13:39:58.87491879,1747741198,85586362,piren,-458.0064326384537,-297.7110585275846,2.326504042570352,0.023425526719555806,0.010362942502316418,0.41030064130284855,0.911590499000004
2025/05/20 13:39:58.186256178,1747741198,185825942,piren,-457.9890099791882,-297.74922353969373,2.308369232008743,-0.004066727288730847,-0.0020097473759102973,0.4090950484723188,0.9124805005916977
2025/05/20 13:39:58.286480904,1747741198,285986084,piren,-458.0175081493824,-297.75013558793415,2.3164090771129358,0.005270898424155821,0.0022072825991224353,0.4090933698686029,0.912474635407955
2025/05/20 13:39:58.388448169,1747741198,386918054,piren,-458.0307664117259,-297.76377276060293,2.31613760061649,-0.024055410990952476,-0.009370909871694451,0.4074769192654448,0.9128505263821537
2025/05/20 13:39:58.489031021,1747741198,487408049,piren,-458.0830296932465,-297.7402187187713,2.3372024625307897,-0.022609616181012215,-0.008715025577372717,0.407496517018842,0.9128852294800511
2025/05/20 13:39:58.589293599,1747741198,588060057,piren,-458.1245611070657,-297.72564136454434,2.352945438718196,0.0035295575471652515,0.0027346401290468544,0.40584550938749947,0.9139307886688615
2025/05/20 13:39:58.689915357,1747741198,688602399,piren,-458.12380248267334,-297.7513047024121,2.3456861456078064,-0.0022889695422108215,-0.00013949216478613457,0.40585504080478746,0.9139345857410777
2025/05/20 13:39:58.792585571,1747741198,789423606,piren,-458.13250385087,-297.76880028513256,2.3436625754628015,-0.02094979986169518,-0.008387318769757743,0.40409852749913916,0.9144370611707713
2025/05/20 13:39:58.892364308,1747741198,889676073,piren,-458.1675241353155,-297.76355255636275,2.355070942619617,0.015761756467986988,0.007857928465100654,0.40410733918979846,0.914542004724891
2025/05/20 13:39:58.992301591,1747741198,991023576,piren,-458.1461283047629,-297.80748573676215,2.335602453194724,-0.02485664636527998,-0.009973952347740499,0.40224299039881023,0.9151411061038943
2025/05/20 13:39:59.92734676,1747741199,92275052,piren,-458.18882787319615,-297.796256428535,2.3505136823468114,0.023869985217989644,0.011429097369960652,0.4022074175159718,0.9151659919567237
2025/05/20 13:39:59.193127573,1747741199,192730851,piren,-458.15977871337276,-297.8497927330251,2.3250387548735674,-0.016100819496222753,-0.005898262293214612,0.40051686882515397,0.916128927553303
2025/05/20 13:39:59.293148293,1747741199,292684401,piren,-458.19343422989084,-297.8459002349363,2.335959530578363,0.0004639919290625912,0.0013242914697759313,0.40055824141661944,0.9162702255321943
2025/05/20 13:39:59.393512130,1747741199,393074057,piren,-458.20113574357123,-297.86487105556273,2.3328575988682405,-0.02737110984689638,-0.009382712767653416,0.39869091255306344,0.9166287925297102
2025/05/20 13:39:59.494839359,1747741199,493466849,piren,-458.2462382502183,-297.84676729835525,2.34994119343164,0.02594548740494131,0.013773736864208264,0.39856064614576053,0.9166714390663591
2025/05/20 13:39:59.595215133,1747741199,593854385,piren,-458.21331642132196,-297.90079572079026,2.3227186110234457,-0.027278888189139188,-0.009556849153710939,0.39680886865265347,0.9174460478153572
2025/05/20 13:39:59.695814307,1747741199,694399530,piren,-458.26155305428205,-297.8807516811568,2.3417463687665983,0.026193031249535006,0.013495254437993437,0.3966859922908273,0.917481349533524
2025/05/20 13:39:59.796258448,1747741199,795796434,piren,-458.23066692131977,-297.93269359182324,2.3162252948524333,-0.02711071361113108,-0.009676593800799478,0.3950178749747493,0.9182223321126224
2025/05/20 13:39:59.898171458,1747741199,896885394,piren,-458.281785845842,-297.91089959273717,2.336942235834796,0.02611892361238756,0.01310745801891307,0.3949113664391703,0.9182543269872243
2025/05/20 13:40:00.24822918,1747741200,24227807,piren,-458.26310313313166,-297.96653356510035,2.313577826425039,0.001955999731807055,0.0025532773405839287,0.3924782951718574,0.9197556429067797
2025/05/20 13:40:00.224145035,1747741200,223737243,piren,-458.2870232546317,-297.9952192479025,2.3117090268170317,0.00014492324889825794,0.0018078452617326802,0.38834434846990545,0.9215125488588022
2025/05/20 13:40:00.423481787,1747741200,422078064,piren,-458.3204024465589,-298.0170265163412,2.31394590676928,-0.0002459512906662624,0.0017776466879833638,0.3873995422847198,0.9219101768164863
2025/05/20 13:40:00.629482727,1747741200,628526992,piren,-458.3571979076243,-298.033030935488,2.317992341761751,0.028101717450396742,0.013578878272884197,0.38531958819585255,0.9222552371734014
2025/05/20 13:40:00.829687989,1747741200,826663028,piren,-458.35834962875566,-298.08211182542783,2.299176806066319,-0.025770806223273858,-0.009136998185914612,0.38367111178297786,0.9230649266405733
2025/05/20 13:40:00.930165586,1747741200,928917883,piren,-458.4215183934903,-298.0459393344485,2.325583494088914,-0.0018641132950572336,0.0006911643560815248,0.3837794338797269,0.9234226516089004
2025/05/20 13:40:01.30492441,1747741201,30113136,piren,-458.4434989215208,-298.0491723136454,2.3299697945141444,0.005768166822886127,0.0037099103307512028,0.38305895965057524,0.9236984346897316
2025/05/20 13:40:01.132018836,1747741201,131408345,piren,-458.45305129206196,-298.063980021163,2.327172170027636,0.012191452439673373,0.006251996946699084,0.3830220819284368,0.9236375727398684
2025/05/20 13:40:01.234431854,1747741201,234046009,piren,-458.4543374599486,-298.08593823357694,2.3194511971097245,3.7978742875066185e-05,0.001150305344923375,0.38132482235502574,0.924440401113634
2025/05/20 13:40:01.337215149,1747741201,336745088,piren,-458.47398757603565,-298.09011277323225,2.3226967387730832,0.023523442551958235,0.010804574282546844,0.38117340761859564,0.9241410834658882
2025/05/20 13:40:01.440382496,1747741201,438593410,piren,-458.4624692557431,-298.12410931481617,2.306351943740803,-0.016561893995326142,-0.004008944801169832,0.3795756273242645,0.9250037703546186
2025/05/20 13:40:01.542396914,1747741201,541114524,piren,-458.5054467946264,-298.10001789583214,2.3240824479900595,-0.01207612659372482,-0.004808734787179383,0.37955612103515324,0.925077399043446
2025/05/20 13:40:01.643601980,1747741201,643139743,piren,-458.54129946973677,-298.0886600458986,2.335956654395594,-0.0029828234738890178,-0.0010594225129418318,0.37811985739100756,0.9257512375550285
2025/05/20 13:40:01.746019268,1747741201,745548525,piren,-458.55995831608084,-298.09333133624597,2.3381780771944376,-0.0027154035453652234,-0.0007879468663411578,0.3771693946603503,0.9261399750873874
2025/05/20 13:40:01.847806549,1747741201,847128245,piren,-458.57832762162997,-298.0995761309568,2.3394242828014167,0.0018697325976262298,0.0001080847633937864,0.37684712670942594,0.9262735748732915
2025/05/20 13:40:01.949062342,1747741201,948649663,piren,-458.590785690245,-298.11286911616793,2.3366939343344657,0.005082551907240434,0.002533449108219616,0.37617616863839776,0.9265307547244517
2025/05/20 13:40:02.51225080,1747741202,50767828,piren,-458.5972215031412,-298.12884085469534,2.331351035789462,0.00239067637194561,0.0013758329965364172,0.3753477793791633,0.9268799470617439
2025/05/20 13:40:02.180532548,1747741202,180120840,piren,-458.6156527247313,-298.1437257983363,2.3290588634278517,-0.008088457371315342,-0.002967155286746744,0.37219013327079037,0.9281165215331144
2025/05/20 13:40:02.281584078,1747741202,281257979,piren,-458.6410707700027,-298.1417247535924,2.3350440655638143,-0.0017111174422061927,-0.0005848419441655346,0.3722022040141993,0.9281499067305733
2025/05/20 13:40:02.384399670,1747741202,383959707,piren,-458.655564084915,-298.1500560833348,2.335142294911724,0.013732838593405588,0.005569813305069145,0.37275536605610493,0.9278113080795543
2025/05/20 13:40:02.486962633,1747741202,486497000,piren,-458.64916422949176,-298.1779827110452,2.3230387903839107,0.026378595216326566,0.009579445456027527,0.37266405857144685,0.9275418607201648
2025/05/20 13:40:02.591782757,1747741202,591392053,piren,-458.63218725357245,-298.218133563447,2.3032050502444705,-0.0031005279380233314,-0.0022405338376705183,0.37120134282430195,0.9285445222605445
2025/05/20 13:40:02.695298009,1747741202,693902709,piren,-458.65902429442315,-298.21294150809325,2.311527167489724,0.026080706599998286,0.009579560369552731,0.37108756364054674,0.9281821205333004
2025/05/20 13:40:02.799424314,1747741202,798195777,piren,-458.64710444398173,-298.245119414022,2.295765923289263,-0.010896159748612256,-0.005023327286640745,0.3696188531497427,0.9291059914143127
2025/05/20 13:40:02.902141605,1747741202,901753054,piren,-458.6882705567136,-298.2246260572461,2.3123601092481025,0.0003454350759510255,-0.00036075227938580116,0.3696527029972007,0.9291698605202735
2025/05/20 13:40:03.7180526,1747741203,5847379,piren,-458.70993533522403,-298.22196564335906,2.3181245811206113,-0.01979254777738231,-0.008150894002061796,0.36786271717243196,0.9296337124340761
2025/05/20 13:40:03.112196451,1747741203,109161153,piren,-458.7552458868586,-298.1947375968086,2.337071531333469,0.023510957437559724,0.009099929666689687,0.3678484893400101,0.9295439285212416
2025/05/20 13:40:03.213842588,1747741203,213339552,piren,-458.73974083634306,-298.23138928807083,2.318863639365005,0.0008666730541838476,0.00019917936858949092,0.36631946074739735,0.9304887220612253
2025/05/20 13:40:03.316638561,1747741203,316222798,piren,-458.76290134128277,-298.23708200235535,2.3219566737673394,0.011963042897755431,0.0045625106011366245,0.36628813317710385,0.930413388013776
2025/05/20 13:40:03.520211614,1747741203,519823544,piren,-458.778966128596,-298.2624174165214,2.3161959586173233,0.006818019599012576,0.0019212726272926622,0.3608139441217582,0.9326109162172294
2025/05/20 13:40:03.726317174,1747741203,725152182,piren,-458.80207243357506,-298.2832187033302,2.3148052463269693,-0.027544300566300802,-0.009957000805709585,0.3572065837748744,0.9335660802263287
2025/05/20 13:40:03.931855110,1747741203,930517005,piren,-458.866006034818,-298.25656523215275,2.338241101435829,-0.01621160920782103,-0.0054320774965516275,0.3554508800975661,0.9345385749656512
2025/05/20 13:40:04.136527581,1747741204,135925139,piren,-458.9124064672766,-298.2460683831272,2.352595638248679,0.024742623166871883,0.010197879913940505,0.3531226830568744,0.9351941918953504
2025/05/20 13:40:04.242508392,1747741204,241267696,piren,-458.8903041031886,-298.2977748419172,2.3282998837624342,-0.0025076734337488664,3.4890646956034094e-05,0.3543555777067846,0.9351073921773282
2025/05/20 13:40:04.346838187,1747741204,345685919,piren,-458.90546137010836,-298.3033478825263,2.330006383529747,0.014394204360983836,0.006549451270289784,0.35512268240350087,0.9346859322849652
2025/05/20 13:40:04.450446768,1747741204,449908360,piren,-458.89949982681776,-298.33004944025174,2.3183400366641083,-0.02616140945494181,-0.008832749563310488,0.3550467914332422,0.9344406557312469
2025/05/20 13:40:04.582330317,1747741204,581937669,piren,-458.9508961156187,-298.3017728697321,2.3378755384161294,0.02164540886110971,0.010139649179572122,0.351521953987003,0.9358744465230953
2025/05/20 13:40:04.687165584,1747741204,685673149,piren,-458.93387277198605,-298.34024307160286,2.31886801492039,-0.007406203938189893,-0.0009521584198173893,0.35166731947892316,0.9360952611503162
2025/05/20 13:40:04.789607777,1747741204,789012875,piren,-458.9572609510148,-298.33351338258046,2.3264406193127436,-0.021552403394806508,-0.006493436919438767,0.3520688264901042,0.9357034095260964
2025/05/20 13:40:04.892619760,1747741204,892215864,piren,-458.9951634132472,-298.3097176576308,2.3425883360866955,-0.006709002669704481,-0.0011562982293283515,0.35212987030598747,0.9359263895712479
2025/05/20 13:40:04.997751992,1747741204,996633833,piren,-459.0099070393668,-298.313022592106,2.344975848387901,0.03025369363973057,0.012469975768930767,0.3499841446580822,0.9361839093967735
2025/05/20 13:40:05.102059933,1747741205,101625666,piren,-458.9811721025044,-298.3683373605796,2.3169582548761305,-0.005006177307599639,-0.0008329755797595533,0.350207103751682,0.936658544413228
2025/05/20 13:40:05.206539537,1747741205,205989061,piren,-459.0015028528842,-298.3667628029122,2.32268485766392,-0.0025448653605145413,4.115643700464632e-06,0.34833596454896015,0.9373662995036166
2025/05/20 13:40:05.310655296,1747741205,309871728,piren,-459.0190490990021,-298.3696603549911,2.3259565405610347,0.02639760370217132,0.010772950267472853,0.3481713813649824,0.9369972247876286
2025/05/20 13:40:05.416056615,1747741205,414693222,piren,-459.0078101636279,-298.4135392544113,2.305603445572339,-0.00027936119888064616,0.0008135165955830306,0.3457346523602741,0.9383319297057889
2025/05/20 13:40:05.621302736,1747741205,620404903,piren,-459.03877868434455,-298.42162969332304,2.3081024733741304,-0.003281692847535384,2.5054608738056315e-05,0.3411021551238093,0.9400205049009376
2025/05/20 13:40:05.825445362,1747741205,825008525,piren,-459.0791364214236,-298.4204629821513,2.3153736124162845,0.0022411298043733003,0.002083819051926835,0.33997883576278976,0.9404281079746271
2025/05/20 13:40:05.931571115,1747741205,930277754,piren,-459.09368906724836,-298.42586339675415,2.315818486458824,-0.02669693145848827,-0.008481661048446512,0.3398804277879473,0.9400513975752827
2025/05/20 13:40:06.35269155,1747741206,34842956,piren,-459.1471423494263,-298.3842028946168,2.339529678887522,-0.0033053923512236655,-0.00014413952245814993,0.3392384980836846,0.9406945811596495
2025/05/20 13:40:06.139867637,1747741206,139414765,piren,-459.1649104496846,-298.38532606444033,2.341942236786155,0.014888738999170408,0.006204232290692957,0.3391752458887849,0.9405849167028887
2025/05/20 13:40:06.245295533,1747741206,244766847,piren,-459.1586691176614,-298.41370208447046,2.328906479466499,-0.009546353570201482,-0.0027472780371055653,0.33722303360223216,0.9413723732960338
2025/05/20 13:40:06.351621279,1747741206,350400529,piren,-459.1848177108578,-298.4055534197957,2.3367045322113205,0.027765478163547682,0.010487871203262448,0.33566132025892825,0.9415150348571214
2025/05/20 13:40:06.455858965,1747741206,455455691,piren,-459.1668169110982,-298.45191213157216,2.3136183410039974,-0.0012727431072133517,8.77691010217414e-05,0.33597122383403194,0.9418713867492902
2025/05/20 13:40:06.562633051,1747741206,561836226,piren,-459.18661542654075,-298.4499046912391,2.3182312251356714,0.01632164613332168,0.006144482727633251,0.33498351441918944,0.9420625744964488
2025/05/20 13:40:06.668066101,1747741206,666434871,piren,-459.19195096822284,-298.47512206145603,2.3083828392355805,0.02687436921528762,0.010074105840614975,0.33300885046706197,0.942486809553003
2025/05/20 13:40:06.802831336,1747741206,799104886,piren,-459.1845641470245,-298.50723370684045,2.29258289891737,-0.026453725761139295,-0.00864250592724293,0.3306788920007208,0.9433329093537592
2025/05/20 13:40:06.904462457,1747741206,903112807,piren,-459.2426917968747,-298.45875274201006,2.3203928698838303,-0.002608398148177418,-0.00017884635125473765,0.3307909980785424,0.9437004184926936
2025/05/20 13:40:07.10130172,1747741207,8910306,piren,-459.26514393624865,-298.45272686083905,2.326598412659487,0.0017260353629747994,0.0014291143105384459,0.3309279237684915,0.9436533726451088
2025/05/20 13:40:07.116632278,1747741207,115110296,piren,-459.2796780999075,-298.45449606830744,2.327996237697746,-0.002854131711930986,-0.00020895147061681936,0.3309304733655776,0.9436507998563286
2025/05/20 13:40:07.225326277,1747741207,223102998,piren,-459.30590270756494,-298.4510562441132,2.3328893792658256,0.027185827090418,0.010392487973530824,0.32787486340695704,0.944272736525311
2025/05/20 13:40:07.432126036,1747741207,431731068,piren,-459.3044512995416,-298.4925805359168,2.3133277339327445,0.003892004764978182,0.001429960672709669,0.323523750214971,0.9462109651437278
2025/05/20 13:40:07.539595948,1747741207,538379254,piren,-459.32149373796705,-298.4975117540302,2.314533280342059,-0.0006642093932070617,-0.00012153950242668171,0.32352703996853954,0.946218684270833
2025/05/20 13:40:07.646259815,1747741207,645514620,piren,-459.34271679813503,-298.49483299585444,2.3193000268762978,0.025865188886171637,0.008964157962794936,0.3233824427161035,0.9458723125342379
2025/05/20 13:40:07.756099312,1747741207,753993308,piren,-459.3340049461368,-298.5295094706866,2.302373870152656,-0.02715271325798764,-0.009143220635404976,0.321951571274106,0.9463225229451512
2025/05/20 13:40:07.860208995,1747741207,859692512,piren,-459.3876902105627,-298.4829929448473,2.3283525498551634,0.026993711220346626,0.009380491667142787,0.3221074739668517,0.9462716952045692
2025/05/20 13:40:07.965252558,1747741207,964619211,piren,-459.37317347039595,-298.5215163912389,2.309034832945193,-0.026530000037261723,-0.00876957065875513,0.3211484277964891,0.9466165755216456
2025/05/20 13:40:08.70994867,1747741208,70182495,piren,-459.429317750175,-298.48069779072944,2.3327242308893696,-1.941943052104976e-05,0.0003360277497883914,0.31929123313466734,0.947656580809515
2025/05/20 13:40:08.282187319,1747741208,281772249,piren,-459.4616430032899,-298.48213162371906,2.336614092177159,2.259101225971781e-05,0.0003806522078098883,0.3155372619434598,0.9489131103102999
2025/05/20 13:40:08.389559988,1747741208,387080818,piren,-459.4743873019855,-298.48941129025445,2.336055528766184,-0.0009182298753482198,9.945007122842925e-05,0.3151239970223814,0.9490500584606786
2025/05/20 13:40:08.493298862,1747741208,492857292,piren,-459.4870639001785,-298.4951070335832,2.3358566033667336,-2.1088909689062575e-05,0.0006014689309834363,0.31512365591309266,0.9490504303114508
2025/05/20 13:40:08.598757008,1747741208,598298450,piren,-459.49626573228767,-298.50151205900136,2.3345633763167197,0.002667035708103375,0.001419094374483023,0.31518109142629097,0.9490267397176015
2025/05/20 13:40:08.705198195,1747741208,704513891,piren,-459.5039317264777,-298.511188206308,2.3314717329545585,-0.0027945701685023277,-0.0004783736103964441,0.315184501417117,0.9490261806729601
2025/05/20 13:40:08.810964172,1747741208,810529892,piren,-459.5176702312324,-298.5116222951124,2.332950240958746,0.006048050042307188,0.0023947704226060158,0.31321969222001217,0.9496584178381771
2025/05/20 13:40:08.921315972,1747741208,917190103,piren,-459.5225429279309,-298.5256185060384,2.3275149045640684,0.027210752635952212,0.009388878673481312,0.31308389928392616,0.9492891529494121
2025/05/20 13:40:09.26295046,1747741209,25025319,piren,-459.51211728270454,-298.56848801816113,2.305978648450178,0.009146157055449496,0.0033583867460754485,0.31033376804197704,0.9505777303631983
2025/05/20 13:40:09.131921168,1747741209,131468574,piren,-459.5174339553037,-298.581928526316,2.30054310919491,-0.020937949081884292,-0.006432215128987544,0.3102831506939224,0.9503918114610582
2025/05/20 13:40:09.265299742,1747741209,264138262,piren,-459.5623817570333,-298.5422283777602,2.322171964577089,0.02299691068358975,0.007920310176095579,0.30775657028069253,0.9511541958246259
2025/05/20 13:40:09.374134965,1747741209,371212983,piren,-459.5571163163058,-298.57322464888733,2.3073467095732503,-0.02808011353815883,-0.008553551742366107,0.3064645313673816,0.9514293641621778
2025/05/20 13:40:09.480560337,1747741209,477471861,piren,-459.61385666716376,-298.5277443093048,2.332034713696953,-0.0027242163090502353,-0.00022947955224647234,0.3038814958303543,0.9527059160499336
2025/05/20 13:40:09.585991708,1747741209,583702335,piren,-459.63283613246745,-298.526532521325,2.335479294392093,0.008439393507222146,0.0033666048107994823,0.3038635595213514,0.9526722310450181
2025/05/20 13:40:09.690361366,1747741209,689938024,piren,-459.6381491892405,-298.54273564026545,2.3293644968437834,-0.0024774335680875312,8.228902057031471e-05,0.30450147931774446,0.9525086375696223
2025/05/20 13:40:09.796375572,1747741209,795710583,piren,-459.65372963001585,-298.540735783811,2.332110536073073,0.025189229062186236,0.008908682467142276,0.3043670311726966,0.9521800504374534
2025/05/20 13:40:09.901777572,1747741209,901410458,piren,-459.639835868722,-298.57901993128456,2.3125079324722284,-0.00791992211640292,-0.0018047510078820772,0.3025603639506767,0.9530956110871059
2025/05/20 13:40:10.8270882,1747741210,7884889,piren,-459.66501301950836,-298.5628710610957,2.322590501513372,-0.006062130306923211,-0.0012863756963713265,0.30256406385444434,0.9531089041015164
2025/05/20 13:40:10.115155377,1747741210,114780400,piren,-459.6938640175974,-298.5530379081009,2.3300880798133403,0.019283833899895436,0.006648216040908167,0.29966382280551557,0.9538267810641402
2025/05/20 13:40:10.328170448,1747741210,326486633,piren,-459.69916665797535,-298.5898476726092,2.3138286108421653,-0.005271910360079741,-0.0010598380497933218,0.2951429191060239,0.955437983861872
2025/05/20 13:40:10.537529642,1747741210,537030959,piren,-459.74704210397294,-298.5673841774995,2.328767048893145,0.009497607499809881,0.003564975782048072,0.29422947481621675,0.9556809627427064
2025/05/20 13:40:10.643778447,1747741210,643416842,piren,-459.7531183453004,-298.58085136334694,2.3229769263316355,0.02258227878163712,0.0075987580532916365,0.2950658303542856,0.9551798026122684
2025/05/20 13:40:10.750088724,1747741210,748903601,piren,-459.7466439356157,-298.6098560759765,2.3078211045945505,-0.027981098588416485,-0.008045491393434929,0.2938752310924066,0.9554002704314083
2025/05/20 13:40:10.857136530,1747741210,855074326,piren,-459.79477939659876,-298.55935785225836,2.332594134003332,0.00840374267650199,0.0031689326023900785,0.2929818123988777,0.9560758299312129
2025/05/20 13:40:10.961386076,1747741210,960982678,piren,-459.7997790141384,-298.57232479483,2.327091264873738,-0.02914356249947964,-0.008367425181018118,0.29193122154934875,0.9559585769505833
2025/05/20 13:40:11.67621463,1747741211,67246629,piren,-459.84317287670615,-298.5287078635044,2.3485206328276718,0.0037330026481331344,0.0016568650007984939,0.2910794014027657,0.9566901805540841
2025/05/20 13:40:11.176877504,1747741211,173098530,piren,-459.847330500681,-298.5435996874906,2.342587224852945,0.026000279124364225,0.00831545376069809,0.28788782104455096,0.9572750081394737
2025/05/20 13:40:11.279477438,1747741211,279062287,piren,-459.83876517467814,-298.5893730187159,2.320354952444587,0.016189846050066913,0.0053053309614799335,0.28795551634148586,0.9574922260555292
2025/05/20 13:40:11.385764816,1747741211,385380211,piren,-459.83747156337415,-298.613543300658,2.3095071437271963,0.0008748296561635144,0.0006275570568017795,0.2880444368900535,0.9576164384668348
2025/05/20 13:40:11.521513202,1747741211,520771865,piren,-459.85819674671853,-298.613010911171,2.3115937701009486,-0.0040522040294794495,-0.0008628478153497134,0.2880440655652269,0.9576081930668755
2025/05/20 13:40:11.732784340,1747741211,732204578,piren,-459.8895461275133,-298.6040213404208,2.3176804665965567,-0.02325952514686089,-0.006498649568530449,0.2816116689060769,0.9592244940469682
2025/05/20 13:40:11.838573586,1747741211,838138517,piren,-459.9303436543783,-298.563862418968,2.338041208184564,-0.02704988162748049,-0.007514685193541709,0.2811414290015831,0.9592556126024643
2025/05/20 13:40:11.945697294,1747741211,945271994,piren,-459.9694163596971,-298.52653833931487,2.3564171309847968,0.026621379349084186,0.008264975543707939,0.2813522267943979,0.9591996230288291
2025/05/20 13:40:12.51829587,1747741212,51431203,piren,-459.9505229101769,-298.57709967645616,2.330921504669893,9.07728666794885e-05,0.00046477535594679814,0.28149865241743116,0.959561506330535
2025/05/20 13:40:12.159577765,1747741212,158432467,piren,-459.9612056682075,-298.5800413130823,2.330559213633247,-0.03219463721058818,-0.008982303248054026,0.2803855626494431,0.9593053527532274
2025/05/20 13:40:12.264894295,1747741212,264521468,piren,-460.0030727451669,-298.5344421260363,2.3519714882235028,0.0001479799476850873,0.0004592085567189042,0.27958433659942294,0.960121016308724
2025/05/20 13:40:12.372662675,1747741212,371897849,piren,-460.0163330051873,-298.5439941082304,2.3485966441118493,-0.016480855250173267,-0.004388193698027094,0.2778325820724547,0.9604781004818611
2025/05/20 13:40:12.583357332,1747741212,581287326,piren,-460.04856633778314,-298.5295522272592,2.3563332715685243,-0.00753277900073709,-0.0017954663281165488,0.2734194028241584,0.9618637448726672
2025/05/20 13:40:12.689402226,1747741212,688093383,piren,-460.05982007799764,-298.53746314234024,2.3541890693942027,0.028941287558858973,0.008326938517027599,0.2732969331226194,0.9614581895824382
2025/05/20 13:40:12.796230798,1747741212,795791913,piren,-460.0377076554052,-298.59799265257635,2.324103376875075,-0.006666308874603832,-0.001822403712867303,0.2746599390205476,0.9615165921958522
2025/05/20 13:40:12.903746524,1747741212,903083865,piren,-460.053735979434,-298.5932259663457,2.327494694641033,0.01667812621205151,0.004903004159285009,0.2746230374854881,0.9613948137672229
2025/05/20 13:40:13.11581643,1747741213,11110498,piren,-460.0469258554462,-298.62105266882526,2.3138204147055266,0.026035646547276126,0.007555050393331684,0.2726846490757979,0.9617214505670696
2025/05/20 13:40:13.118826319,1747741213,118280474,piren,-460.0414819887493,-298.66033029858426,2.293937667644632,0.02909919578482474,0.008455593741516469,0.2726619439414139,0.9616325722776055
2025/05/20 13:40:13.329744689,1747741213,329255783,piren,-460.0409040771603,-298.6993656099826,2.2735542387583387,0.003135312175469679,0.0010672243458420667,0.2664086223450261,0.9638544894277264
2025/05/20 13:40:13.436979340,1747741213,436550795,piren,-460.06933793317614,-298.67817833885067,2.285694170968182,-0.025490058370890176,-0.006837627642974952,0.265563268394928,0.9637321486034738
2025/05/20 13:40:13.544110604,1747741213,543652357,piren,-460.1214585528568,-298.61582170335555,2.316226596986701,-0.00386853422462694,-0.0008551404719112506,0.26565011505258596,0.9640613671080664
2025/05/20 13:40:13.651573471,1747741213,651138987,piren,-460.1456001327179,-298.5981477231724,2.3261840637590208,-0.00037306621202861013,0.00020245987900438132,0.26561184734369486,0.9640799585004703
2025/05/20 13:40:13.759519207,1747741213,757949304,piren,-460.1625584097311,-298.59035112882947,2.330945438287838,-0.0004985967127452563,0.00020177680953602418,0.2642847042637619,0.9644445581678882
2025/05/20 13:40:13.865673185,1747741213,865326027,piren,-460.18545579379946,-298.58234748457653,2.3359738529974012,-0.0004891051896432601,0.00017043709540958354,0.2636503437988559,0.964618177281589
2025/05/20 13:40:13.999015009,1747741213,998622123,piren,-460.1982470048605,-298.5811973475229,2.3370257625692865,-0.00046031827796812403,0.00015837801096077806,0.261373285631068,0.965237674659412
2025/05/20 13:40:14.106575308,1747741214,106139048,piren,-460.2109408235146,-298.5821239922854,2.3371789745002194,-0.00024557134184751463,0.0003719295370850686,0.26137324665124684,0.9652377050748288
2025/05/20 13:40:14.215235959,1747741214,213969718,piren,-460.2218238047472,-298.58373552896416,2.336577020750206,0.02571339974232023,0.0075047040630807265,0.2610705462239315,0.9649480143432367
2025/05/20 13:40:14.323541556,1747741214,322569804,piren,-460.2161965299981,-298.6225821101462,2.3163109230937478,0.02867130804131234,0.008261382812550353,0.2610489352538004,0.9648643215769158
2025/05/20 13:40:14.534113712,1747741214,533749450,piren,-460.21385792732303,-298.6622399227028,2.2949579878160358,0.02547067425992586,0.007242620672624246,0.2549959947488584,0.9665794493266332
2025/05/20 13:40:14.642151628,1747741214,641590047,piren,-460.21531888663714,-298.68480331270536,2.283622833021883,-0.025911384566897164,-0.006326997933943766,0.25386075325713886,0.966872942636564
2025/05/20 13:40:14.749307575,1747741214,748883790,piren,-460.2641577929405,-298.6230319600822,2.3129413977742788,-0.031091052583454362,-0.007686946907852519,0.2543413840543504,0.9665840458303697
2025/05/20 13:40:14.857812582,1747741214,857083161,piren,-460.30986250366533,-298.5638081000773,2.3402471311159947,-0.003113401856385998,-0.0003225657803151258,0.2544698280950671,0.9670756481627821
2025/05/20 13:40:14.966040669,1747741214,964844018,piren,-460.3232148233028,-298.5600849664722,2.342955429747288,0.00035725435781815845,0.0005617160242125312,0.2534954500884245,0.9673363497919941
2025/05/20 13:40:15.74232619,1747741215,73051017,piren,-460.34024403464286,-298.56007335943434,2.3435183923601093,-0.003085091484845044,-0.0005864144608418525,0.2516215467378771,0.9678206112425218
2025/05/20 13:40:15.288977918,1747741215,286173585,piren,-460.36432670980895,-298.5553948759833,2.345854758573396,0.0023520528809409147,0.0008284642244332527,0.24678764555560406,0.9690663751753001
2025/05/20 13:40:15.394441559,1747741215,394037426,piren,-460.37072984357695,-298.569869832856,2.3399743552630548,-0.003336323137034698,-0.0006036387433184851,0.2467882270320689,0.9690635044033806
2025/05/20 13:40:15.502153072,1747741215,501747179,piren,-460.3831617349349,-298.57250720732,2.339262536900366,0.03159616711956636,0.008368927259379984,0.24816348675574573,0.9681665802541991
2025/05/20 13:40:15.610440802,1747741215,610022067,piren,-460.3650661081442,-298.626014958648,2.311512880500712,-0.000933917188284317,7.074540959191837e-06,0.24830452164028208,0.9686815742449255
2025/05/20 13:40:15.720855958,1747741215,718356940,piren,-460.3832938805541,-298.6222358120512,2.313167217879835,-0.027222131359766838,-0.006662984228302751,0.2452789392575172,0.969047368378921
2025/05/20 13:40:15.931904921,1747741215,930432154,piren,-460.4307530533896,-298.5769178788046,2.333036589963216,0.0035119109173303363,0.0010824971447480787,0.24062384461333433,0.9706114877154187
2025/05/20 13:40:16.40415941,1747741216,39487509,piren,-460.4415248535311,-298.58314813189884,2.330966661601248,0.024425462609576867,0.0063993298645835545,0.24054050593732057,0.970310625705506
2025/05/20 13:40:16.149936161,1747741216,149510715,piren,-460.43464326194254,-298.61988642355385,2.3128004319886966,0.012217006461146188,0.0033117219885464297,0.24068591041238177,0.9705205148679558
2025/05/20 13:40:16.289626484,1747741216,289109630,piren,-460.4446636043642,-298.6313376987519,2.307231167850949,-6.315691413573846e-06,0.00027789344647873276,0.23508240936238595,0.9719754027462424
2025/05/20 13:40:16.399211915,1747741216,398275226,piren,-460.4652669116832,-298.62049513235996,2.313309842908049,0.026569505719032528,0.0067359452803243125,0.23498548201295313,0.9716123258018946
2025/05/20 13:40:16.510414733,1747741216,509711807,piren,-460.4630723762646,-298.65076393670535,2.298085565450576,-0.007287257520014365,-0.0015284542591184579,0.23811698161686207,0.9712079400267947
2025/05/20 13:40:16.620418368,1747741216,620024745,piren,-460.4942949902382,-298.6210456726988,2.311823682461146,0.02905900915871883,0.0074196314214063286,0.23800701435013902,0.970800280272115
2025/05/20 13:40:16.839726469,1747741216,838226920,piren,-460.494118736073,-298.6566098985002,2.292224098286969,0.007524520651072654,0.0021091753745614643,0.23147466797939198,0.972809545107387
2025/05/20 13:40:16.950341104,1747741216,949833782,piren,-460.51305586003065,-298.6461402949137,2.2977274673149366,0.002161156531446543,0.0008019479856132457,0.23035821414439284,0.9731031699969336
2025/05/20 13:40:17.60974204,1747741217,60484249,piren,-460.5351723016221,-298.62826128383864,2.3066490523595644,-0.0023417005996122548,7.15506698237235e-05,0.2311403830427992,0.972917588825298
2025/05/20 13:40:17.173299293,1747741217,171444744,piren,-460.56295796872956,-298.6050129857458,2.3172661255866607,0.02760256995496616,0.0071670156338860406,0.23007399737505696,0.972755204432568
2025/05/20 13:40:17.386754473,1747741217,386395676,piren,-460.5707093723511,-298.6272662216886,2.3041426015004536,0.02765345308824238,0.006891527292529151,0.22493857459887173,0.9739560724392556
2025/05/20 13:40:17.497207325,1747741217,496743293,piren,-460.57158321009814,-298.65273364353783,2.2913009405416487,-0.028722423125228342,-0.006185610536881547,0.22496069717244946,0.9739247637059995
2025/05/20 13:40:17.607918830,1747741217,607393144,piren,-460.6177978486722,-298.5846401157415,2.3218306495913894,0.027675787848383555,0.006908021195867074,0.22655554493476618,0.9735804615281882
2025/05/20 13:40:17.717417072,1747741217,717056316,piren,-460.6198928357252,-298.61243655716396,2.307039659598239,0.0019272828820899094,0.0008927438110735162,0.2266591610628846,0.9739718236660903
2025/05/20 13:40:17.933852043,1747741217,933459965,piren,-460.6466436804818,-298.5983751242264,2.3127668057222834,0.0019157489676266482,0.0008897803824347102,0.21958267296959072,0.9755916091932597
2025/05/20 13:40:18.45565667,1747741218,44301266,piren,-460.6651623954358,-298.5887953249759,2.3180453032848343,-0.0032078539410006868,-0.00023189787869383049,0.21873087819980805,0.975779923352806
2025/05/20 13:40:18.154860809,1747741218,154435212,piren,-460.6858367009308,-298.5731300553996,2.325732659479617,0.0019586898909710387,0.0010886257964379809,0.21940773402948746,0.975630680470757
2025/05/20 13:40:18.266216304,1747741218,265664010,piren,-460.6993417753629,-298.56827761344965,2.3277929226379617,-0.0032036120274854803,-7.494851746102306e-05,0.21937243272229134,0.9756359295424707
2025/05/20 13:40:18.378870907,1747741218,376494759,piren,-460.7205927335378,-298.5545668916673,2.3333500636315545,0.027706401323226708,0.006701100716517928,0.21540610408565428,0.9761084268141238
2025/05/20 13:40:18.487343134,1747741218,486766774,piren,-460.71465072341863,-298.5947890830004,2.3128497311829843,-0.02897393639155163,-0.005882740764799127,0.2154323531507076,0.9760711068293239
2025/05/20 13:40:18.598057094,1747741218,596879000,piren,-460.7525426585167,-298.53817657596784,2.336958404034879,0.027715191727960352,0.006636621291826181,0.2158863234981314,0.9760025198388432
2025/05/20 13:40:18.708001580,1747741218,707462723,piren,-460.743100688783,-298.5806391652808,2.315517388626085,-0.028785581730711367,-0.005921694122530368,0.21590874969158902,0.9759711756141974
2025/05/20 13:40:18.845195378,1747741218,844544637,piren,-460.7831973137517,-298.526349736517,2.338093304408544,-0.0032116067333536986,-0.00024264689091264404,0.21286347443402753,0.9770766438496782
2025/05/20 13:40:18.956488570,1747741218,955245020,piren,-460.79588714770466,-298.52311044898954,2.3398794257935287,0.0019974214236279674,0.000871690256767732,0.21174295018931125,0.97732296274511
2025/05/20 13:40:19.65977542,1747741219,65291920,piren,-460.80410274482375,-298.52952651167027,2.3369847722241897,-0.0031946880819286763,-0.00021117178254234967,0.21080333287398556,0.9775232499658293
2025/05/20 13:40:19.177343444,1747741219,176907029,piren,-460.821395538605,-298.5248408749078,2.338417217771833,0.02791798677506246,0.005901858726085103,0.20679365587470327,0.9779683726828694
2025/05/20 13:40:19.287437365,1747741219,286919877,piren,-460.81450675990175,-298.57203072066926,2.315081120296587,-0.02894951753768897,-0.006093831735883437,0.2067831765949569,0.9779394196607522
2025/05/20 13:40:19.398761356,1747741219,398134389,piren,-460.8498834838529,-298.51970804689716,2.337063679099773,0.027814311745394903,0.006008792434150103,0.20732378741391766,0.9778584282236167
2025/05/20 13:40:19.510026174,1747741219,509515864,piren,-460.8402926460832,-298.5648967286948,2.314416375838761,-0.028981177939603427,-0.006031510560973301,0.2073199465836544,0.9778252154419708
2025/05/20 13:40:19.620537185,1747741219,620202793,piren,-460.88127456723663,-298.50693788437866,2.3381595562444915,-0.003181385803657716,-0.0005094781451561701,0.2042935171934866,0.9789043763560885
2025/05/20 13:40:19.842881849,1747741219,839822739,piren,-460.9027299109113,-298.5052300504789,2.3391320675407616,-0.003172558768940983,-0.0005480056438747468,0.19941486725504265,0.9799098658949841
2025/05/20 13:40:19.951058081,1747741219,950596469,piren,-460.9160313272065,-298.50590985141906,2.3391111200040946,0.0020415765375015973,0.00046133875828992347,0.2013671336890475,0.9795136020503488
2025/05/20 13:40:20.62401435,1747741220,61959594,piren,-460.9232203741622,-298.5139672603331,2.33513539481674,-0.003155108125536948,-0.0005982482747144425,0.20010216135539818,0.979769775208756
2025/05/20 13:40:20.173688095,1747741220,173279516,piren,-460.940545658194,-298.5110959743331,2.335576496986675,0.0279959416340573,0.005330321349930649,0.1981528574303754,0.9797567351228091
2025/05/20 13:40:20.394087845,1747741220,392048494,piren,-460.94315731344784,-298.5557209559368,2.3123787060237433,0.02800860703676463,0.0053539113741795,0.19423053749424907,0.9805413565319684
2025/05/20 13:40:20.504173401,1747741220,503164715,piren,-460.9412990485953,-298.59190685169625,2.2940206723787697,-0.028978994854907843,-0.005871725886641451,0.1935242379457282,0.9806498406770057
2025/05/20 13:40:20.614504080,1747741220,614094592,piren,-460.97981423146973,-298.52791661152264,2.3209539138409814,0.02794960994479335,0.005459251918211534,0.19354062679522188,0.9806788677503662
2025/05/20 13:40:20.727361123,1747741220,726614646,piren,-460.9813776905878,-298.5627066375789,2.302700082752915,0.002093602984729244,0.0003789608937198644,0.19273988986601812,0.9812475773573245
2025/05/20 13:40:20.947042222,1747741220,945892825,piren,-461.0049172080286,-298.55278866397464,2.305858363893109,0.002026477317707903,0.0003405988965468224,0.18803236531205242,0.9821606828707956
2025/05/20 13:40:21.57692206,1747741221,57271962,piren,-461.02244246037446,-298.54006498003025,2.3120112551754253,-0.002958491041246885,-0.00022224632688943468,0.18994490749735857,0.9817902678541629
2025/05/20 13:40:21.195984556,1747741221,195283494,piren,-461.0447991177863,-298.5195373001584,2.320603572908448,0.02721936180809338,0.005551968391097096,0.1856737295057337,0.9822186865261605
2025/05/20 13:40:21.308838892,1747741221,306837769,piren,-461.04338366239057,-298.5522114891106,2.304463291298605,-0.029016188776910593,-0.005181056558796244,0.18569163525693919,0.9821658892658618
2025/05/20 13:40:21.419718963,1747741221,419168034,piren,-461.0834046092581,-298.4887348234882,2.3309537841916717,-0.0031279761525791613,-0.0003260609479894759,0.18574851320718413,0.9825922853812601
2025/05/20 13:40:21.639399163,1747741221,638547186,piren,-461.11069681381616,-298.4692358006103,2.3386070494648434,-0.0029567691200747233,-0.00022468761003699084,0.1807980386599349,0.9835157732586546
2025/05/20 13:40:21.750380969,1747741221,749952222,piren,-461.12413169438855,-298.4657769695829,2.3402513017433795,0.002027454639596364,0.0007283257376330777,0.18277724653297983,0.9831519908534624
2025/05/20 13:40:21.863289045,1747741221,862828707,piren,-461.13158358751235,-298.47073348219084,2.3373825840683002,-0.0032027631449607127,-0.00016299708552280925,0.18153099580172294,0.9833799943579401
2025/05/20 13:40:21.975566033,1747741221,975125430,piren,-461.1487412885582,-298.4638113882999,2.3390575069911423,0.02684812780136146,0.005376615369806845,0.17963459845821092,0.9833522670322596
2025/05/20 13:40:22.195824618,1747741222,195374664,piren,-461.15246435158247,-298.5040071672566,2.3175270123681937,-0.009147437887402543,-0.0010810053339514434,0.17584229076874103,0.9843752559795302
2025/05/20 13:40:22.307899456,1747741222,307352614,piren,-461.17182907678443,-298.482956243017,2.3258992533319303,0.009948136308450858,0.002261818644373216,0.17516901891041478,0.9844855171988928
2025/05/20 13:40:22.419716176,1747741222,419220029,piren,-461.183534365011,-298.4946161996047,2.3190259149735017,-0.004856065668102104,-0.00046395102948161,0.17518407651822943,0.9845236120632783
2025/05/20 13:40:22.663595527,1747741222,663175083,piren,-461.20771253716265,-298.47927647187237,2.3234081678436733,-0.031750882269743895,-0.005338965911381258,0.17464656772612522,0.9841046455024862
2025/05/20 13:40:22.778816023,1747741222,777306953,piren,-461.24282427462765,-298.41947101119194,2.3464207825774994,0.02756385687975204,0.005103015283337736,0.17101529958544825,0.9848695143706246
2025/05/20 13:40:22.891181371,1747741222,890109689,piren,-461.23695354074385,-298.46810025916074,2.322763101418751,-0.030994997844561667,-0.005090720352784203,0.1710136745706989,0.984767849690846
2025/05/20 13:40:23.4368434,1747741223,3582892,piren,-461.2670792770525,-298.4131126272231,2.344826700441081,0.024525124647575284,0.004581066590234357,0.16998249296021742,0.9851312015041177
2025/05/20 13:40:23.117380950,1747741223,116784207,piren,-461.26143611793304,-298.4580764841671,2.323404590825078,0.00047495087496549635,0.0007827184934945401,0.17004347109445975,0.9854361368001349
2025/05/20 13:40:23.232040527,1747741223,231491478,piren,-461.2760795131191,-298.45477711395415,2.323587327571528,-0.009505846523382483,-0.000920722619215452,0.16700724228194308,0.9859094137785239
2025/05/20 13:40:23.347489629,1747741223,346271495,piren,-461.293054192285,-298.43531218317173,2.331675977609249,0.02531850920165612,0.00496109138119671,0.166936070776798,0.9856301075645554
2025/05/20 13:40:23.461206946,1747741223,459723859,piren,-461.2883262957333,-298.4745124328216,2.312394866272086,0.0028015112255474314,0.0010512374782129061,0.1648019940556027,0.986322132566189
2025/05/20 13:40:23.574257794,1747741223,573872256,piren,-461.30516383942194,-298.469906285648,2.313200113278186,-0.0010817360813603707,0.0003676076014609219,0.16222959064696818,0.9867523775650195
2025/05/20 13:40:23.686830052,1747741223,686503977,piren,-461.32121688507135,-298.4566003223599,2.3185346286167157,0.00814641261630902,0.0018447520431813251,0.1608650382597414,0.9869410683100972
2025/05/20 13:40:23.832202601,1747741223,827299566,piren,-461.33678831636166,-298.45838070793064,2.3161888581236205,-0.030654428924892223,-0.004528552300771509,0.16081342379956173,0.9864982721359478
2025/05/20 13:40:23.943157087,1747741223,942473943,piren,-461.36772292191625,-298.39582574362413,2.340726122488726,0.0027876936667643325,0.0008945933215791306,0.15917129195263274,0.9872466400474297
2025/05/20 13:40:24.56722372,1747741224,55192121,piren,-461.3768252329256,-298.40004515214537,2.3379533106974972,-0.01845183485376284,-0.00237884698468772,0.15771342149618103,0.9873096513037442
2025/05/20 13:40:24.167673819,1747741224,167388875,piren,-461.39696121784164,-298.36976598648096,2.349547188509371,-0.026949285797420744,-0.0030514041454353614,0.1577338909085859,0.9871091350942857
2025/05/20 13:40:24.281180422,1747741224,279449765,piren,-461.4234014115386,-298.32675149092853,2.3649242093197844,0.025738764116905448,0.005044416745133976,0.15365001071051834,0.9877771732987626
2025/05/20 13:40:24.393693282,1747741224,392170192,piren,-461.4157428925033,-298.3845190611469,2.3372655991218716,-0.012372780939128619,-0.0009229112090439885,0.15373100421123792,0.9880348378832282
2025/05/20 13:40:24.505854355,1747741224,504917363,piren,-461.42954041041656,-298.37000033143215,2.342511557355594,-0.0009067724248157548,0.0007896109049981745,0.15436477607000096,0.9880131933265096
2025/05/20 13:40:24.618021475,1747741224,617689315,piren,-461.44179587526594,-298.37306217794264,2.3389736742422227,-0.003257242050849029,0.0003695143309405953,0.1543660020718472,0.9880082951259752
2025/05/20 13:40:24.842066371,1747741224,838490393,piren,-461.45996152219396,-298.368817087982,2.3373034532381487,0.00018537627098408642,0.000872094987992392,0.1472080681278081,0.9891051459597452
2025/05/20 13:40:24.951932234,1747741224,950752560,piren,-461.47090391571356,-298.37285470923626,2.3340337353033864,-0.001487140401695059,0.0006314816200852852,0.14635171064395772,0.9892313007765052
2025/05/20 13:40:25.63485616,1747741225,63094002,piren,-461.4828688202751,-298.37172119681236,2.3327410225205774,0.027866885743596352,0.004941496898828439,0.14693108280951692,0.9887417636530659
2025/05/20 13:40:25.175912898,1747741225,175578723,piren,-461.4837928162641,-298.41449009116025,2.3094415508523403,-0.00021622823618001126,0.0007672054309486507,0.1441710976197867,0.9895524540176143
2025/05/20 13:40:25.288069091,1747741225,287545154,piren,-461.4986050375095,-298.4018807145321,2.3130286703966902,-0.010123886099691287,-0.0007577773058697871,0.14417038124734838,0.9895008003406512
2025/05/20 13:40:25.401032211,1747741225,399808138,piren,-461.5175615554192,-298.3725187526756,2.323554939835296,-0.026365653675498646,-0.0031594977775969263,0.14463836165641503,0.9891282091910053
2025/05/20 13:40:25.512880189,1747741225,512386945,piren,-461.5421551337564,-298.32002528988016,2.342836279455955,-0.00309669418912271,0.00020140173897484668,0.14467268336023037,0.9894747013500594
2025/05/20 13:40:25.625094925,1747741225,624647026,piren,-461.5580697388395,-298.30972420523545,2.3440210338313885,0.02805896071510022,0.004603322507686991,0.1414698397114646,0.9895341270504475
2025/05/20 13:40:25.846768686,1747741225,845837790,piren,-461.56461467314153,-298.3491441824101,2.3210728039368624,0.028070281998892388,0.004397874355254317,0.13658929149453855,0.9902202196575659
2025/05/20 13:40:25.960754140,1747741225,959676568,piren,-461.56596591067125,-298.389004147916,2.3007334156624974,-0.029364305844651016,-0.0036259999453064403,0.1385206819537457,0.9899174765290932
2025/05/20 13:40:26.74954338,1747741226,72777017,piren,-461.598320853091,-298.3258659331381,2.3235690141740006,-0.00301644285755368,-0.00010436410547597037,0.1364072476715309,0.9906482488569281
2025/05/20 13:40:26.213017022,1747741226,212530504,piren,-461.6126245523859,-298.3124025264094,2.3281396108303545,0.001750347473052398,0.0006150004313026399,0.13405297632900995,0.9909724302903321
2025/05/20 13:40:26.326153122,1747741226,325752184,piren,-461.63055274834574,-298.30468217128265,2.3287076650233813,-0.029340060034246183,-0.0035959689906280646,0.13400128774118492,0.9905401984613798
2025/05/20 13:40:26.548329423,1747741226,547862430,piren,-461.66569960461845,-298.2420368068108,2.349654283057883,-0.029414606806622206,-0.003441176571697857,0.1287094535897136,0.9912400394288216
2025/05/20 13:40:26.662527771,1747741226,661482488,piren,-461.68830869703027,-298.19960092023996,2.3649259009265706,0.028184134360994925,0.0040255755426424405,0.1280758419339217,0.9913556516330498
2025/05/20 13:40:26.775297318,1747741226,775009431,piren,-461.69093306824897,-298.2508801718646,2.3382976850094583,0.0017630932147165255,0.0005851267586782558,0.12751440786286197,0.991834978671541
2025/05/20 13:40:26.999309456,1747741226,998818076,piren,-461.7063503513679,-298.2635905939295,2.329730514907162,0.001771219145986479,0.0005200204200532181,0.12468114582732179,0.9921951442315599
2025/05/20 13:40:27.112860025,1747741227,112474964,piren,-461.71657963702893,-298.265713544053,2.327104634601992,-0.002791882957364607,-0.0008521178310528303,0.12425023868109662,0.9922466212955552
2025/05/20 13:40:27.226687665,1747741227,225993610,piren,-461.73514114492866,-298.25656196733274,2.3278747042975554,0.028322430316540834,0.0031647812051107654,0.12421966015297588,0.9918454013264203
2025/05/20 13:40:27.448524267,1747741227,447967851,piren,-461.74255943372725,-298.2930281130403,2.30561862684395,0.028209337629644834,0.003303109038605166,0.123813212554685,0.9918989924070213
2025/05/20 13:40:27.564403587,1747741227,561754904,piren,-461.74403646337623,-298.3209238510202,2.289418264531411,-0.028436848573919735,-0.003692262270667488,0.12193462225856397,0.9921238132094048
2025/05/20 13:40:27.674431124,1747741227,674038990,piren,-461.7757102074137,-298.24962991204274,2.314841643165106,-0.019276778571857386,-0.0024897028061055737,0.11949577012358076,0.9926444318638982
2025/05/20 13:40:27.897236241,1747741227,896722748,piren,-461.80784586240054,-298.19374721990437,2.3337566964056045,-0.029948271841483336,-0.0037190246859616595,0.11567218712377815,0.9928288951249835
2025/05/20 13:40:28.10637501,1747741228,10158602,piren,-461.8329364139014,-298.13764916708857,2.3548956040297315,0.031368953145980046,0.003448634608964487,0.11508220878629388,0.9928545618159424
2025/05/20 13:40:28.123033111,1747741228,122245107,piren,-461.8371595678294,-298.18537582146723,2.3300153296159736,0.0022661459372518527,-0.0005109022481043569,0.1151347989836304,0.9933471606767108
2025/05/20 13:40:28.348596603,1747741228,348142377,piren,-461.85474355566043,-298.1876495575955,2.3270968441196573,0.0021159047128213922,-0.0003719813037906165,0.11473603340018322,0.9933936919553839
2025/05/20 13:40:28.462317188,1747741228,461870344,piren,-461.8638953815174,-298.186096195672,2.3262559918377272,-0.0033127752808706805,-0.0008698854712056392,0.11293655678891673,0.9935962977788662
2025/05/20 13:40:28.576099534,1747741228,575669630,piren,-461.880431732359,-298.17239630266016,2.329287019237622,0.03082788801066533,0.0030677471282865233,0.11054775986415463,0.9933878512632295
2025/05/20 13:40:28.827500405,1747741228,826710820,piren,-461.8940402145343,-298.2091770155751,2.3065367008120234,0.025821916924948674,0.0024631455191520615,0.10577529599137561,0.99405168290105
2025/05/20 13:40:28.941783650,1747741228,941329508,piren,-461.9000571813038,-298.2351679766016,2.2923891804436387,-0.027186003980513605,-0.0032311799256902226,0.10572136707351715,0.9940188495234716
2025/05/20 13:40:29.55581196,1747741229,54824996,piren,-461.9253755158413,-298.1652609559644,2.319383202999802,0.026337126140958723,0.002539153078238014,0.10565254668299986,0.9940510288046972
2025/05/20 13:40:29.169129095,1747741229,168665205,piren,-461.93259416037927,-298.192376925867,2.3040166253211396,-0.0006748958008928021,-0.00036835114338846196,0.10499794244304379,0.9944721418500473
2025/05/20 13:40:29.394442797,1747741229,391891927,piren,-461.9546996780225,-298.17029531566044,2.309972993179755,-0.0034408260525857254,-0.0006544809094250558,0.10116286002453233,0.9948637133409138
2025/05/20 13:40:29.506664206,1747741229,506129702,piren,-461.96953306500154,-298.1461508684235,2.319392490327158,-0.024739280042540168,-0.002771103621876885,0.10072896766478462,0.9946024150789502
2025/05/20 13:40:29.620130533,1747741229,619732242,piren,-461.9950444803332,-298.0864327543007,2.34141736964322,0.00011458381150476414,-0.0001470591336867472,0.100766764974642,0.9949100584076466
2025/05/20 13:40:29.844618939,1747741229,844165514,piren,-462.0129197081938,-298.06961065440936,2.3449765496918125,-0.024091301716756434,-0.0024249632070748157,0.09657978750701392,0.9950306896674779
2025/05/20 13:40:29.958473890,1747741229,957885097,piren,-462.02978868010337,-298.0320506602108,2.358308614926753,0.0020721875943247887,0.0001534008999165502,0.09572786412631644,0.9954053739741169
2025/05/20 13:40:30.72238259,1747741230,71859968,piren,-462.04145387462034,-298.0392706337801,2.3526610471953915,-0.029192568079360805,-0.002450733896113591,0.09553340487626119,0.9949950534676294
2025/05/20 13:40:30.296658232,1747741230,295696653,piren,-462.06562380562747,-297.99181310697145,2.367378673692741,-0.02935693038978673,-0.00249472377345618,0.09285670052605376,0.9952434778278119
2025/05/20 13:40:30.410103724,1747741230,409734354,piren,-462.07906488487816,-297.9637804408416,2.3762719666074155,0.026805530236072506,0.002701174234228442,0.09238754383034176,0.9953585831003399
2025/05/20 13:40:30.524775601,1747741230,522494129,piren,-462.07864323627643,-298.0283860130662,2.3450715751037867,0.023870560756346578,0.002364062873856003,0.09239184255275845,0.9954337521731984
2025/05/20 13:40:30.748531468,1747741230,748145119,piren,-462.0816295701781,-298.0815613630014,2.3178971283303285,-0.028942469755209373,-0.0023855206979199323,0.0874474904791083,0.9957457402090029
2025/05/20 13:40:30.865551485,1747741230,862399556,piren,-462.1002419370986,-298.0330003949946,2.336106869981367,0.02090557892241008,0.0020735103261428087,0.0870553419696919,0.9959819399765171
2025/05/20 13:40:30.978604345,1747741230,977273636,piren,-462.10556545568863,-298.07239311950525,2.3166405426423804,-0.00037787907633913,0.00023339048469729067,0.08412047794190126,0.9964554921957687
2025/05/20 13:40:31.96092341,1747741231,93072970,piren,-462.1168221195885,-298.06689048960453,2.318037642551058,-0.000605745959415087,0.0003831627818174887,0.08412054290167026,0.9964553279099087
2025/05/20 13:40:31.237748331,1747741231,236577322,piren,-462.1308417689175,-298.05944766642284,2.3187613627294397,-0.0006560202708594898,0.0003701859425055208,0.08596119302350136,0.9962982012900298
2025/05/20 13:40:31.353040609,1747741231,351742478,piren,-462.13897179273596,-298.0484816968954,2.3215961779392984,-0.0005007561568212549,0.0003543310559091958,0.08499495181037116,0.9963811930478852
2025/05/20 13:40:31.466977987,1747741231,466529784,piren,-462.14751108700824,-298.0379855267886,2.3240583702597863,-0.010558310250173949,-0.0005532667920863513,0.0841272634959196,0.9963989258912346
2025/05/20 13:40:31.582775270,1747741231,581649947,piren,-462.1623868884396,-298.00947305228965,2.3329741130390538,-0.003545929486921281,6.235330108730116e-07,0.08072169821157342,0.996730371676074
2025/05/20 13:40:31.697986559,1747741231,697472224,piren,-462.1731371666297,-297.99876946238106,2.3354230488266854,0.028340224139625912,0.0025725826559186557,0.08067739261925314,0.9963339660145856
2025/05/20 13:40:31.816321899,1747741231,814412019,piren,-462.1743151435824,-298.04199230993413,2.3133221969140845,0.0019810116886368697,0.00042828917585694955,0.08116792960193207,0.9966983793330896
2025/05/20 13:40:31.932786645,1747741231,931337028,piren,-462.1868546644256,-298.0316051078121,2.3145105405661934,-0.0034342877539047956,-1.5078109141864675e-05,0.08116901511372222,0.9966944348323323
2025/05/20 13:40:32.50680479,1747741232,49481632,piren,-462.1967024808399,-298.01086819588045,2.321141106756586,0.0017337056366475657,0.00035822246053659334,0.07790288486254877,0.9969593805524509
2025/05/20 13:40:32.170652788,1747741232,168342250,piren,-462.2067534885926,-298.00143075384057,2.3230131578399793,-0.02935074911687441,-0.002012190681829298,0.07659197862689525,0.9966283928450742
2025/05/20 13:40:32.287678288,1747741232,286230433,piren,-462.2287043691041,-297.93751311464166,2.3450173649431956,0.02810085114698103,0.002387546114543703,0.0739961515532019,0.9968596748508196
2025/05/20 13:40:32.405550434,1747741232,404555640,piren,-462.2313944180033,-297.9840391475434,2.321767334440803,0.001915071940330681,0.00046669528019744136,0.07403345240397487,0.9972538105317659
2025/05/20 13:40:32.523361024,1747741232,522627165,piren,-462.2452257369485,-297.97534457118513,2.3221790785865633,-0.003459447236280017,6.353071596504296e-05,0.07368870366255928,0.9972752895470733
2025/05/20 13:40:32.754638850,1747741232,753508100,piren,-462.2631998290415,-297.95472243062466,2.3265164983892204,-0.029355130872887377,-0.0017994225830338904,0.06932095131013649,0.9971607914871409
2025/05/20 13:40:32.873738327,1747741232,871937172,piren,-462.28511473345816,-297.893878667525,2.3475052910773035,0.02709438941662109,0.0021430534163531956,0.07026878693552642,0.9971577603202038
2025/05/20 13:40:33.105219664,1747741233,103954963,piren,-462.29638422997346,-297.9275319124466,2.3275342546422464,-0.0029769781399398725,-2.180058881286198e-05,0.06626390527886669,0.9977976909088746
2025/05/20 13:40:33.223577707,1747741233,220926241,piren,-462.30665854972034,-297.92009512840957,2.329397903851743,0.02815564677201413,0.0020326905359645065,0.06590340778132012,0.9974266231492138
2025/05/20 13:40:33.341490201,1747741233,341025855,piren,-462.313112094569,-297.9615961895771,2.307642415219604,-0.029339725537448066,-0.0017682551186841149,0.06590900823681284,0.9973926290145031
2025/05/20 13:40:33.460626617,1747741233,459219221,piren,-462.32916826120635,-297.89771290693983,2.3313373609949317,-0.003434305776891267,4.138461583226794e-06,0.06438952254437083,0.9979189320346679
2025/05/20 13:40:33.578838449,1747741233,578418722,piren,-462.3426181833267,-297.88419502840344,2.3342462379631277,0.0019470425216060174,0.00037068858123276964,0.06227184633578231,0.9980572572599868
2025/05/20 13:40:33.698186655,1747741233,696960241,piren,-462.35091295937906,-297.88524465715597,2.332194807557852,-0.002983300255692587,7.307042623108388e-05,0.06115333201107568,0.9981239224486308
2025/05/20 13:40:33.815201371,1747741233,814614048,piren,-462.36047722322076,-297.87689104878666,2.3338562148329927,0.028162073652740868,0.0019745185040365206,0.06112204917725053,0.9977309727519882
2025/05/20 13:40:33.959461251,1747741233,958734630,piren,-462.36702330661996,-297.91704642459894,2.312124380879449,-0.029333388861751557,-0.0015585363184383407,0.059975328633404885,0.9977675496916827
2025/05/20 13:40:34.77394418,1747741234,77056549,piren,-462.38537426147025,-297.854319694449,2.3338572337257024,0.028151679217578638,0.0018181784048327788,0.056125050765505766,0.9980251278705803
2025/05/20 13:40:34.194500951,1747741234,193898388,piren,-462.39026284493985,-297.8972635019086,2.312556285641319,0.00193359828264083,0.0003315937259864976,0.05615332480564541,0.9984202298414
2025/05/20 13:40:34.312542619,1747741234,312064930,piren,-462.40008937106916,-297.88707710060527,2.3153483293443498,-0.0029765460493461687,3.6717975856138275e-05,0.05685939390957886,0.998377758240658
2025/05/20 13:40:34.431024614,1747741234,430606918,piren,-462.4138420709818,-297.8667960444201,2.32078055568446,0.0017781601353307269,0.0002663682026092346,0.05685859182663333,0.9983806226735403
2025/05/20 13:40:34.549702156,1747741234,548319667,piren,-462.4213060586638,-297.8574046487798,2.3228065703934444,-0.029363966279403943,-0.001395449085398013,0.05328491036368823,0.9981465466221511
2025/05/20 13:40:34.667850182,1747741234,666626914,piren,-462.43648093293405,-297.7961950073836,2.3448374674499997,-0.003390573241669769,4.2716540489033353e-05,0.05190783450268711,0.998646122961298
2025/05/20 13:40:34.786527721,1747741234,786021715,piren,-462.4495898452981,-297.784968174718,2.3465469483723367,0.0019497776246037112,0.00033528887142882205,0.04912350168837136,0.9987907526256238
2025/05/20 13:40:34.904229687,1747741234,903824451,piren,-462.45882053632056,-297.79131405678083,2.3417754186607445,-0.0029893489567034926,0.00010063379411551064,0.04912443221631318,0.9987881876679757
2025/05/20 13:40:35.24887738,1747741235,23701219,piren,-462.4724107868782,-297.7832432286386,2.341589772741798,0.0019261497939719594,0.0009136811340141268,0.04870739798498976,0.998810815177373
2025/05/20 13:40:35.257085044,1747741235,255635438,piren,-462.48720898438324,-297.78073004175155,2.3376967721694033,-0.0035122486895213735,0.0005577140901789549,0.04382720479927492,0.9990327968508437
2025/05/20 13:40:35.375660198,1747741235,374294605,piren,-462.5003782279388,-297.77336419862564,2.3372062156536293,0.0018879291129324503,0.00070363529518403,0.04331813542634334,0.9990592974214398
2025/05/20 13:40:35.493744514,1747741235,492333019,piren,-462.50885492857446,-297.7768648129816,2.333120314793256,-0.0028263491802303074,0.00044696987826228887,0.043321156783984585,0.9990571001414968
2025/05/20 13:40:35.610873722,1747741235,610359189,piren,-462.5175393620129,-297.7700706992475,2.333255184564398,0.02817750571088248,0.0017534099818666913,0.043150664515621565,0.9986696019591309
2025/05/20 13:40:35.729710733,1747741235,729138851,piren,-462.5253099360121,-297.8113857302556,2.3101608826692095,-0.02942134676128103,-0.0007532001255472429,0.043175709781366,0.9986339044560818
2025/05/20 13:40:35.849241647,1747741235,848698272,piren,-462.5375226303639,-297.7469605769631,2.3328365545406364,-0.003482453117046268,0.00043986482076200056,0.03951683837981477,0.9992127393721972
2025/05/20 13:40:35.968653254,1747741235,968032044,piren,-462.54715384051303,-297.73700678349195,2.3346375896770373,0.0017317435935447255,0.0006317331413915767,0.037968376243587725,0.9992772410011097
2025/05/20 13:40:36.87730379,1747741236,87341548,piren,-462.56014509323893,-297.732443754223,2.3325762671931694,-0.003180461902960077,0.0009582147502989763,0.03479514534857528,0.9993889454795604
2025/05/20 13:40:36.207196591,1747741236,206328272,piren,-462.5703619708704,-297.7228832329694,2.333933221657603,0.028106259983554063,0.0019222250027479747,0.03475135018783138,0.9989988422720512
2025/05/20 13:40:36.325917635,1747741236,325471608,piren,-462.58059945079594,-297.7616271454887,2.3118442745351317,-0.02947743133788222,-0.00021873753773615412,0.03444162498728203,0.9989718753117354
2025/05/20 13:40:36.471991481,1747741236,471617882,piren,-462.5978117794353,-297.691454477911,2.3353465774093447,0.028131321147448582,0.00163442614377586,0.032302990011603826,0.999080814678167
2025/05/20 13:40:36.706856126,1747741236,706208135,piren,-462.6091041051029,-297.7687539055388,2.2960067595771125,-0.0030491508388596905,0.0005526932510490312,0.028175284640625804,0.9995981945485656
2025/05/20 13:40:36.823923476,1747741236,823534505,piren,-462.625265685802,-297.7416819579834,2.303706201519969,0.0017262406876701207,0.0006263547395285225,0.02648082204592235,0.9996476348376966
2025/05/20 13:40:36.942768866,1747741236,940823177,piren,-462.63694573310187,-297.72120412269936,2.3101183340863796,-0.02943888726516985,-0.00018670404769537173,0.026484632775793687,0.9992156330266849
2025/05/20 13:40:37.61090987,1747741237,58667437,piren,-462.65010860298025,-297.6493927210052,2.3359737992127663,-0.003535047509202927,0.0002648476000431162,0.025775986677675375,0.9996614585976838
2025/05/20 13:40:37.176981665,1747741237,176582075,piren,-462.66492303262874,-297.6263131900847,2.3413743309357993,0.001804569992139266,0.00024490296374370503,0.023241335951177628,0.9997282249956166
2025/05/20 13:40:37.411065627,1747741237,409638884,piren,-462.6826241763708,-297.61162068503137,2.341624891582657,0.028077079369971263,0.0008405439748824032,0.020160520344773097,0.9994020835075874
2025/05/20 13:40:37.528591918,1747741237,528252474,piren,-462.6956669939042,-297.6502716745011,2.3190184332927792,-0.029505076154119327,-0.0003136023608522714,0.01850484311516066,0.9993932774018356
2025/05/20 13:40:37.647614206,1747741237,647150752,piren,-462.7081543604101,-297.5886022448387,2.3400867048810947,-0.0035361983346148228,0.00016080477328870706,0.018507090484501526,0.9998224627627456
2025/05/20 13:40:37.765582929,1747741237,765122608,piren,-462.71742772322847,-297.58166581679404,2.3403170485584335,0.0016904070800428845,0.0001644753333494728,0.017848251100485053,0.9998392647843065
2025/05/20 13:40:37.886919167,1747741237,884029929,piren,-462.73057515501847,-297.57871285600834,2.337115643053208,-0.014007321043842216,-0.00011082336088446636,0.015341395959993781,0.9997841888354487
2025/05/20 13:40:38.3290834,1747741238,2240734,piren,-462.7401599329293,-297.5545890309938,2.3443146823195113,-0.00375225991575312,1.1785001141357343e-05,0.014219832823512385,0.9998918525326176
2025/05/20 13:40:38.123043753,1747741238,121939134,piren,-462.7541852910675,-297.54534000519754,2.343659376415313,0.004787968121932197,-0.0007547649131956539,0.0142242674325403,0.9998870815783135
2025/05/20 13:40:38.358059648,1747741238,356917067,piren,-462.7712256749177,-297.5459508876268,2.3368508958949445,-0.003342900675766779,-0.0005861705792667137,0.013423425025620153,0.9999041419454695
2025/05/20 13:40:38.475836756,1747741238,475537305,piren,-462.78334773538046,-297.53651376633167,2.3359086692064044,0.001930639050755283,-0.0003802194933169522,0.009516240894243848,0.9999527834979186
2025/05/20 13:40:38.595122733,1747741238,594536409,piren,-462.7934666696173,-297.5375374424831,2.3318943123633895,-0.003072081556902425,-0.0003685329677648608,0.009513921998192868,0.9999499546410169
2025/05/20 13:40:38.715315894,1747741238,713660683,piren,-462.8027420752453,-297.52792254052576,2.3323688763484633,0.02816256255675739,-8.164990900377413e-05,0.008422299269607107,0.999567870771436
2025/05/20 13:40:38.833203421,1747741238,832808205,piren,-462.81524280602156,-297.5671174345222,2.309379784007365,-0.0294184578145467,-0.0006446100175382443,0.00841101389342456,0.9995315871262017
2025/05/20 13:40:38.952581879,1747741238,952076676,piren,-462.82437623279105,-297.5017873502644,2.3322238342366424,-0.003393749982671875,-0.00043435379759233734,0.004670929351573333,0.9999832379679303
2025/05/20 13:40:39.100795184,1747741239,100348843,piren,-462.8388171373762,-297.48709935254834,2.3343330281134547,0.002138032382824523,-0.00014695671879034323,-0.0017417459433136304,0.9999961867638905
2025/05/20 13:40:39.219273225,1747741239,218795788,piren,-462.85180936254716,-297.48823692051894,2.3318130052055532,-0.0029014660398214757,-0.00016174593774333248,-0.0017416792213673356,0.9999942609268122
2025/05/20 13:40:39.339816504,1747741239,339379498,piren,-462.86704215071995,-297.47655573408184,2.33326389156167,0.001869266770863668,-0.00020541631803963083,0.0008397823609286573,0.9999978792034822
2025/05/20 13:40:39.458749368,1747741239,458279802,piren,-462.875113848126,-297.4763529775376,2.331019937134971,-0.029294715987184076,-0.0001484557384855857,-0.0003223494969429947,0.9995707547077024
2025/05/20 13:40:39.581410295,1747741239,578303919,piren,-462.8877238346074,-297.41830550774165,2.3495405231175477,0.020774827956136475,-8.008143137205598e-05,-0.0020213549991274383,0.9997821333842313
2025/05/20 13:40:39.699298245,1747741239,697479017,piren,-462.8969931916709,-297.4011399494843,2.3535834496847303,0.02776215886289256,-6.561578838170253e-05,-0.004259354343407273,0.999605480242289
2025/05/20 13:40:39.817530693,1747741239,817054715,piren,-462.9095491652539,-297.44918072891284,2.327963147867563,0.030226659419313483,1.3194471075735587e-05,-0.004252732779629011,0.9995340230078014
2025/05/20 13:40:40.54004417,1747741240,53570383,piren,-462.92431358768135,-297.49272514492304,2.302125933950662,0.028039906546893874,0.00021339557426505788,-0.004954237492991942,0.9995945046037585
2025/05/20 13:40:40.175563398,1747741240,174751584,piren,-462.935343294405,-297.5234527150455,2.28390019631489,0.014196378821861354,0.0007490503203524886,-0.0076993679945662735,0.9998693022012668
2025/05/20 13:40:40.297090199,1747741240,296476517,piren,-462.94268761422273,-297.51728768629454,2.2844293919718326,-0.017978443606960378,0.0008822177549916684,-0.010631018133181333,0.9997814654767091
2025/05/20 13:40:40.416869497,1747741240,416111546,piren,-462.9541933486771,-297.4552621950077,2.3067471176476717,-0.00314947125525806,0.0005278660284576001,-0.010641937327737785,0.9999382737740269
2025/05/20 13:40:40.653891654,1747741240,652742063,piren,-462.96907042126634,-297.41747664702433,2.3177362343473327,-0.006315401048799526,0.0005305830737691269,-0.011418727101642018,0.9999147197949299
2025/05/20 13:40:40.773672351,1747741240,773244074,piren,-462.98083791543206,-297.38147122602743,2.3290480463726952,-0.0015487993087870751,0.0004998688093241607,-0.014217757120594775,0.9998975981240952
2025/05/20 13:40:40.893967439,1747741240,893447980,piren,-462.99046250238075,-297.36471577621376,2.3332729923511843,-0.0006919051066480658,0.0005895981863957959,-0.017275417476548947,0.9998503555994331
2025/05/20 13:40:41.13932812,1747741241,13387498,piren,-463.00105254333613,-297.3523201703123,2.3353141710240037,0.01213147004623099,0.0004399893165194774,-0.017278054045997037,0.9997770264875576
2025/05/20 13:40:41.133969093,1747741241,133449688,piren,-463.0149999630189,-297.3564733132103,2.328278019966523,0.023758296139507064,0.0006895234531674044,-0.018421791652364614,0.9995477504923274
2025/05/20 13:40:41.255083003,1747741241,254545484,piren,-463.0242397161871,-297.38426991112965,2.3118941276457416,0.0012654773082765261,0.0011368730273546167,-0.01840167048407215,0.9998292277235635
2025/05/20 13:40:41.376505659,1747741241,376199165,piren,-463.0344610045363,-297.3654761224596,2.3148317248002925,-0.0004614149918539843,0.0010460616003214094,-0.02357019367585699,0.9997215306381154
2025/05/20 13:40:41.525340469,1747741241,524058407,piren,-463.0479231497347,-297.34234431453876,2.319315246853729,-0.002830289678665369,0.0009179895626419739,-0.02745067384000989,0.9996187309475684
2025/05/20 13:40:41.761198527,1747741241,760402811,piren,-463.0662054549121,-297.31179475713094,2.3252757303126477,-0.028911160096123194,0.0014675596713184611,-0.02778487960717552,0.9991946715008655
2025/05/20 13:40:41.881500219,1747741241,881138938,piren,-463.07705999312947,-297.24248908318407,2.3472060025565815,0.0003032272588099899,0.000664700879366328,-0.028608194977268107,0.9995904348312429
2025/05/20 13:40:42.1126239,1747741242,708829,piren,-463.0862794795715,-297.2402199331437,2.344609899260817,-0.0017598045769498202,0.0006942479059703835,-0.02860714620080184,0.9995889416624926
2025/05/20 13:40:42.122852913,1747741242,121588771,piren,-463.0978945298947,-297.22716803316604,2.344371973969299,-0.0030861577399724153,0.00020670164625416506,-0.029469256970503604,0.9995609014954716
2025/05/20 13:40:42.360385510,1747741242,359051343,piren,-463.11318047739695,-297.20726166384924,2.3446345470565926,-0.0027587020085576364,0.000349670225043451,-0.034622330112099975,0.9993965987292385
2025/05/20 13:40:42.481509926,1747741242,480152129,piren,-463.1264423975182,-297.19673343990326,2.342694398893624,0.032536028297974924,-0.0008706964689647225,-0.035055339552842006,0.9988552307111813
2025/05/20 13:40:42.601550983,1747741242,599745885,piren,-463.1384632766716,-297.25087594955784,2.3138267150765537,-0.03251400004496908,0.0013539786438480686,-0.03503791120801866,0.9988560213169297
2025/05/20 13:40:42.722088869,1747741242,720662942,piren,-463.1457928418697,-297.18169082148745,2.334861140239696,0.02851800046629517,-0.0009293267251805139,-0.03598776003564346,0.9989448138555299
2025/05/20 13:40:42.959713346,1747741242,959284731,piren,-463.163752731505,-297.21321630808455,2.3126510020839124,0.022751457145240316,-0.001171307569771255,-0.04110541465787027,0.9988950616166594
2025/05/20 13:40:43.80962240,1747741243,80532749,piren,-463.179975876883,-297.2358989671612,2.297611846819892,-0.003217874805766731,-0.0008976121098401528,-0.039711085790990766,0.99920561909926
2025/05/20 13:40:43.204161186,1747741243,201557710,piren,-463.1864003291514,-297.2070315876004,2.307791818623398,-0.008016025722870522,-0.0006001434006038752,-0.041867454335170806,0.999090836424297
2025/05/20 13:40:43.322493503,1747741243,321874755,piren,-463.1971466405298,-297.1698740150421,2.31854955112895,-8.308223769947526e-05,-0.0006781839520275348,-0.04186140401613987,0.9991231936141141
2025/05/20 13:40:43.444674915,1747741243,443559601,piren,-463.2034614836567,-297.1518963239429,2.323050147725757,0.021999718361645854,-0.0018344515212800336,-0.04325308484751216,0.9988202129666772
2025/05/20 13:40:43.567781447,1747741243,564274127,piren,-463.21356998536146,-297.1723037426291,2.3101654174133492,0.029940248879006766,-0.0018209471304945493,-0.044460698865389205,0.9985607201893194
2025/05/20 13:40:43.715313126,1747741243,714771922,piren,-463.2272317958191,-297.19660369351755,2.2930477949911734,0.007666623463351744,-0.0008058562113190422,-0.04694052409590664,0.9988679395585983
2025/05/20 13:40:43.837392859,1747741243,835587738,piren,-463.23769681659195,-297.1776886912983,2.295980807830417,0.006478901215175099,-0.0007788017264332167,-0.046943232010147794,0.9988762437235937
2025/05/20 13:40:43.959492910,1747741243,959005043,piren,-463.24264453496687,-297.15703151312255,2.301988099487455,-0.02924478158302507,0.0008884396795241955,-0.04743079465257435,0.9984459290035302
2025/05/20 13:40:44.83012937,1747741244,82506842,piren,-463.2457321010598,-297.07482734936764,2.3304310535479495,0.012851441569802557,-0.0015242582791010187,-0.05257266677783524,0.9985332402049234
2025/05/20 13:40:44.204204608,1747741244,203690821,piren,-463.2571152671492,-297.0819374404464,2.3246941000266457,-0.026959358209090453,0.0005627536468032168,-0.052584967306370994,0.9982523215733962
2025/05/20 13:40:44.326672449,1747741244,325220251,piren,-463.26014681545547,-297.02102388601725,2.3464466001743935,-0.028738904418051766,0.0006164344153667528,-0.048956399687072494,0.9983871825655323
2025/05/20 13:40:44.446716045,1747741244,445921636,piren,-463.2629623040571,-296.96207772646324,2.365978380047167,-0.016575224216489392,0.00022159510127586955,-0.04896208767141847,0.9986630697130242
2025/05/20 13:40:44.568357433,1747741244,567819682,piren,-463.2678968368436,-296.9321699314225,2.374312069994228,0.030703257270628777,-0.0019650258147710514,-0.052769916217506194,0.9981326488042149
2025/05/20 13:40:44.808900871,1747741244,807751205,piren,-463.2933238703837,-297.0593195362056,2.312815963555275,0.027810162817259815,-0.0017353055482023766,-0.055811594962422675,0.998052428195274
2025/05/20 13:40:44.928796525,1747741244,928440642,piren,-463.3076656456362,-297.09838147963535,2.2913548381609203,0.003384845445293676,-0.00045658604237012123,-0.05514783071201582,0.9984723587151806
2025/05/20 13:40:45.51850551,1747741245,51414479,piren,-463.3114764978859,-297.0821762845681,2.296724595464694,0.0020981357586878995,-0.00029312841392777647,-0.05514904515359733,0.9984758858984615
2025/05/20 13:40:45.175628064,1747741245,175275785,piren,-463.3173190436291,-297.06451038602137,2.3012221419696415,-0.0024069560615896106,0.0006875704377633945,-0.05646408736955788,0.9984014927106899
2025/05/20 13:40:45.301234733,1747741245,299830857,piren,-463.31792833743384,-297.0370098280081,2.311448741375332,0.02986616581666148,-0.0012325874545126036,-0.05784588681178756,0.9978779215147194
2025/05/20 13:40:45.423954310,1747741245,423540276,piren,-463.32880864516557,-297.06352127458587,2.2955214979825764,0.03256013766140646,-0.002598304183541743,-0.057817192835471785,0.9977926931299237
2025/05/20 13:40:45.668033995,1747741245,666738166,piren,-463.3433580199875,-297.08775298182957,2.277581380368721,-0.0011752777554687273,0.0007279422760974583,-0.05717208718794984,0.9983633813741436
2025/05/20 13:40:45.909685679,1747741245,909165025,piren,-463.3465041819382,-297.0467685849891,2.2899072172835155,-0.0016586198410245183,0.0010346994352692983,-0.05974291578138147,0.9982118825135475
2025/05/20 13:40:46.62467115,1747741246,61257300,piren,-463.34683092634134,-297.00137802305744,2.30519707418008,-0.0008829048121262962,0.001609206177467815,-0.06088332248344268,0.9981432021398274
2025/05/20 13:40:46.185621345,1747741246,185177496,piren,-463.3469554857598,-296.9614820936669,2.317895533782355,0.022461496977359306,0.00017865310082696957,-0.061818658533141814,0.9978346068832091
2025/05/20 13:40:46.309898854,1747741246,308424308,piren,-463.3516844418915,-296.9748916651358,2.30853745711911,-0.010973708682469538,0.0022652457851410966,-0.0617751974801138,0.9980271896875246
2025/05/20 13:40:46.435037927,1747741246,432002887,piren,-463.3500729580347,-296.9236984221359,2.3256267947131306,-0.001023589262678805,0.0016105184813469194,-0.061669110944628625,0.9980948247789594
2025/05/20 13:40:46.562092470,1747741246,557314554,piren,-463.3502034247173,-296.9036430013767,2.3312997570809895,0.002711584644490827,0.0012561729616244438,-0.06216064642987273,0.9980616831507092
2025/05/20 13:40:46.685337891,1747741246,684028641,piren,-463.35248677936244,-296.88687900917773,2.3339904232089674,0.0060916135373722076,0.0010324433267313335,-0.06386038228844239,0.9979397165556958
2025/05/20 13:40:46.808083154,1747741246,807664652,piren,-463.35612288466143,-296.8867951389542,2.330841861067119,-0.027398074502190034,0.003340445034850605,-0.0637838808903447,0.997581978325144
2025/05/20 13:40:46.933618892,1747741246,931928824,piren,-463.352185924043,-296.8246593565425,2.3507605596782977,-0.029606257203522047,0.0037273077595122435,-0.06388969769328391,0.9975107434208043
2025/05/20 13:40:47.56703862,1747741247,55199878,piren,-463.3477855397332,-296.774681191587,2.366594292380633,0.027656174549441855,-0.0005590626037928635,-0.06445976476872954,0.9975368475320878
2025/05/20 13:40:47.180195910,1747741247,178830790,piren,-463.3582467193825,-296.8196061250408,2.340683941662874,-0.025211506990640942,0.00425239335235743,-0.0660692564988063,0.997487418673405
2025/05/20 13:40:47.302539358,1747741247,302122963,piren,-463.35418246529815,-296.77852408883376,2.353403633131726,-0.006302424814072188,0.0029797125993828015,-0.06613847253556072,0.9977861009279249
2025/05/20 13:40:47.434247253,1747741247,428161091,piren,-463.35553822596233,-296.7687173250068,2.3520198700535095,0.03261937811371259,0.00034863264542005055,-0.0663658792712427,0.9972619639268853
2025/05/20 13:40:47.554628106,1747741247,552498422,piren,-463.36525968595424,-296.8306951646158,2.3203995462565405,-0.030225263779532108,0.004772216176442061,-0.06619607188916252,0.9973373248047362
2025/05/20 13:40:47.677462246,1747741247,676892494,piren,-463.3589171301555,-296.7723028262877,2.3382671373888604,0.011183810333415013,0.0018180635499790206,-0.06774561343568011,0.9976382855983313
2025/05/20 13:40:47.802372465,1747741247,801958799,piren,-463.36348811028154,-296.7903127072093,2.3272696112208497,-0.027747629848268642,0.004481871522120179,-0.06761468731570881,0.9973155147317532
2025/05/20 13:40:47.926717776,1747741247,926021580,piren,-463.3581920566803,-296.7334515564971,2.3440820679494245,-0.027560895498922208,0.0045363393572436135,-0.06846602699493176,0.9972623635794459
2025/05/20 13:40:48.50739612,1747741248,50371043,piren,-463.3535970577201,-296.6870653685006,2.358560178188984,0.0013889057948449168,0.0021796789066702714,-0.06856844214772077,0.9976430667738796
2025/05/20 13:40:48.175607045,1747741248,174887870,piren,-463.35672669628764,-296.6886931761346,2.3518266999082975,-0.0024103102584934065,0.002655792831330388,-0.07030766731073713,0.9975189066309559
2025/05/20 13:40:48.301795036,1747741248,299586793,piren,-463.3594440408728,-296.68914900904025,2.3469268095167815,0.0008668078723025543,0.002568368736377766,-0.07157350381822751,0.9974316446139699
2025/05/20 13:40:48.453072959,1747741248,452562838,piren,-463.362627166198,-296.68564498247366,2.340642064232816,-0.0023424945673804123,0.002931057860141876,-0.0715655544335918,0.9974288410897466
2025/05/20 13:40:48.580142454,1747741248,577529471,piren,-463.3637013761375,-296.67328064869565,2.337407495472951,0.001837778301957532,0.0023811297775666097,-0.0721654595427666,0.9973881387107412
2025/05/20 13:40:48.703796943,1747741248,701609184,piren,-463.36539335571894,-296.6702258951486,2.3326480069485696,-0.015655858190070808,0.003754814582648134,-0.07317217154490202,0.9971893645557928
2025/05/20 13:40:48.827001971,1747741248,825672861,piren,-463.3626529960037,-296.62921420028886,2.3402245632026553,0.030828665238255174,-0.0001313856887986344,-0.07325945239265172,0.9968363099188138
2025/05/20 13:40:48.950820858,1747741248,950282143,piren,-463.3717819918286,-296.67251066212964,2.313501453420755,0.0009381987590472712,0.002046767229982817,-0.07328285530939602,0.997308655153808
2025/05/20 13:40:49.76717069,1747741249,75385751,piren,-463.3716363700512,-296.6512529690774,2.3132985024748605,0.008827753565607319,0.000927331262383032,-0.07424738863144496,0.9972003490297855
2025/05/20 13:40:49.201738105,1747741249,200359977,piren,-463.37342089679566,-296.6425912914728,2.310501684205864,-0.027867952313844476,0.0037314508227825668,-0.0747057018052441,0.9968091650995071
2025/05/20 13:40:49.325895093,1747741249,325466658,piren,-463.3650893893671,-296.5645944559787,2.3323556364347,0.02385518527868388,-7.626161912301132e-05,-0.07479480876998837,0.996913567417229
2025/05/20 13:40:49.571787113,1747741249,571390089,piren,-463.3677790991116,-296.55866756787583,2.317660769960851,-0.019795735932728632,0.0031284167618417565,-0.07516691716241998,0.9969695463813044
2025/05/20 13:40:49.698836379,1747741249,697731006,piren,-463.36028416642966,-296.5020173599596,2.3340378935658226,-0.0004028310555364488,0.001561129616927905,-0.07655920597222284,0.9970637334605861
2025/05/20 13:40:49.823955535,1747741249,822578363,piren,-463.3589502839057,-296.47572865397325,2.3348896193379347,0.0015063287164888567,0.001543717189426249,-0.07656215713435793,0.9970624774837186
2025/05/20 13:40:50.70360671,1747741250,69508806,piren,-463.3560498773617,-296.43690146972983,2.3344982773107033,8.20838948669196e-05,0.0013311232708245874,-0.07749587237945432,0.9969917808774651
2025/05/20 13:40:50.194643024,1747741250,194203052,piren,-463.355741954646,-296.4229997325338,2.333282239806267,0.005765158630450109,0.0007845093520277537,-0.0788632268908272,0.9968684662157833
2025/05/20 13:40:50.320547793,1747741250,318555546,piren,-463.3569691099335,-296.4091703039214,2.3282480832217884,-0.022449413341429955,0.0029706492230045776,-0.07880749320400739,0.9966326194233861
2025/05/20 13:40:50.445423075,1747741250,444881811,piren,-463.35655570156075,-296.3948226147933,2.3272532275139937,-0.03189337429046803,0.004001036769444742,-0.08007855884284541,0.9962701585387322
2025/05/20 13:40:50.571476480,1747741250,570770333,piren,-463.34701092844034,-296.32222101466147,2.34839042353755,0.02395325896760825,-0.0005988878415687221,-0.08084507437224871,0.9964386366796149
2025/05/20 13:40:50.697614213,1747741250,696218655,piren,-463.35360034840636,-296.3432559971591,2.3276314614779716,0.0019742233692324434,0.0013199482405135546,-0.08211278632177747,0.9966202137731328
2025/05/20 13:40:50.850362380,1747741250,849976122,piren,-463.3533146492989,-296.3219310722272,2.3252932765204837,-0.02955139424094786,0.004022666025356805,-0.08203249881609703,0.9961833176652034
2025/05/20 13:40:50.976709195,1747741250,976147765,piren,-463.34280258440197,-296.2452075358833,2.3446407817983577,-0.0031094719341389723,0.0017198973956528522,-0.08343799580274805,0.9965066351980101
2025/05/20 13:40:51.102845827,1747741251,102429775,piren,-463.3424209978557,-296.2301282810516,2.34363096312309,0.0017548188770260267,0.0005257466526660992,-0.08471477743652188,0.996403558145517
2025/05/20 13:40:51.230037340,1747741251,226921417,piren,-463.3440982373525,-296.21183922614136,2.3396516374107366,-0.029557695600716884,0.003368719637477918,-0.08465650813682192,0.9959659984100159
2025/05/20 13:40:51.354671913,1747741251,352371449,piren,-463.3363225650021,-296.1510753151986,2.3559186693686693,0.02819703631161183,-0.0015688716908663857,-0.08470749412199532,0.9960055753982663
2025/05/20 13:40:51.477793511,1747741251,477013402,piren,-463.3450224415862,-296.18413752184927,2.329139021735772,0.0017712575788651611,0.0008780896908075069,-0.08757525139105767,0.9961559450953839
2025/05/20 13:40:51.603244037,1747741251,602862070,piren,-463.34635487624195,-296.17312020452687,2.3261876769484573,-0.003093690705356831,0.0011713448106434332,-0.0875701334609836,0.9961528641502667
2025/05/20 13:40:51.729332663,1747741251,728975092,piren,-463.34511330309334,-296.14412281133986,2.326745770689532,0.028145425501809075,-0.0014153378911324764,-0.0865656947379969,0.9958474844756621
2025/05/20 13:40:51.858021513,1747741251,855326601,piren,-463.3511661737902,-296.1725018036427,2.3055721787744687,-0.029588998856864588,0.003722915480367264,-0.08649329616360028,0.9958059754619523
2025/05/20 13:40:51.983575414,1747741251,983162773,piren,-463.33797923740366,-296.0891816738166,2.3277559230700193,-0.003138191505656225,0.001271038504381977,-0.0882708509836798,0.996090755444408
2025/05/20 13:40:52.110568854,1747741252,109219257,piren,-463.3352880737913,-296.0635383748997,2.331346004313656,0.0016968041952045195,0.00034045197144585477,-0.08827521963417526,0.9960946192739505
2025/05/20 13:40:52.235276360,1747741252,234901893,piren,-463.3337443722021,-296.03778868147805,2.3309947232866395,-0.029463231892640586,0.0032058407019470653,-0.08931049041297089,0.9955627940285982
2025/05/20 13:40:52.361819446,1747741252,361468313,piren,-463.3237546408337,-295.968602376972,2.350522641501532,0.028093616355683217,-0.0018243215723906523,-0.08997358656598226,0.9955461688396545
2025/05/20 13:40:52.487340817,1747741252,486902126,piren,-463.3310939251928,-295.9911541244756,2.3269544175396786,0.0016798026992177852,0.0008290567757328171,-0.09213026693030431,0.9957452007632802
2025/05/20 13:40:52.612690892,1747741252,612292772,piren,-463.33094374967055,-295.97494230933614,2.3256595006129905,-0.0031586899957447654,0.0011938786709275622,-0.0921258504211235,0.9957416457171081
2025/05/20 13:40:52.742948424,1747741252,737980953,piren,-463.32802667680164,-295.94071897742924,2.3277855560538967,0.027962546252445333,-0.0015441863661514515,-0.09234468360718352,0.9953331959223684
2025/05/20 13:40:52.865523865,1747741252,865191632,piren,-463.3347251457264,-295.9670373257101,2.3072152557387406,-0.029616845761123722,0.003945758407277945,-0.09287259170067155,0.9952295992124398
2025/05/20 13:40:52.993998098,1747741252,992645190,piren,-463.32119687899154,-295.8804668443591,2.329874322151968,-0.003157406594605606,0.0013010298433582135,-0.09542681535395106,0.9954305907577615
2025/05/20 13:40:53.119555952,1747741253,119076711,piren,-463.3198270051231,-295.8540857797899,2.333263014095244,0.0016068949388711577,0.0007453739021261214,-0.09543223544163103,0.9954343528053543
2025/05/20 13:40:53.277056851,1747741253,276692859,piren,-463.31755506221083,-295.81382795439885,2.3336433924255537,0.0016179574747754316,0.0007671919721034604,-0.09624616279282365,0.9953559512946839
2025/05/20 13:40:53.403855025,1747741253,403460729,piren,-463.31760384354925,-295.79960227859164,2.331947907002853,-0.0032237188041524764,0.0011112679021388484,-0.09624204542777992,0.9953521193088397
2025/05/20 13:40:53.531171597,1747741253,530489966,piren,-463.3144502690849,-295.76303541391377,2.3341258814920423,0.028008107166847394,-0.001674345241819779,-0.09737057526822226,0.9948526089692267
2025/05/20 13:40:53.657505818,1747741253,656345141,piren,-463.32218708634537,-295.7890692283712,2.312211596849233,-0.029668377407251936,0.004185965374833669,-0.0979925975770222,0.9947360031164095
2025/05/20 13:40:53.783818541,1747741253,783378110,piren,-463.3082109072739,-295.70156707794945,2.334068447838355,-0.0032095913125470975,0.0014993302603977612,-0.1005510500434827,0.9949255936337802
2025/05/20 13:40:53.910264927,1747741253,908802757,piren,-463.3066998128981,-295.6746385224999,2.3362959648131665,0.0023644913878345455,0.0012351453590311657,-0.100558228699328,0.9949275984900975
2025/05/20 13:40:54.37100734,1747741254,36000856,piren,-463.3050672183389,-295.6465714404526,2.334481857048171,-0.029614658798928193,0.0044932266023823145,-0.1007288708524965,0.9944629090497563
2025/05/20 13:40:54.163712310,1747741254,163420256,piren,-463.29346813028155,-295.5791654943058,2.3529322041607346,0.028032002180156782,-0.0016496274812522512,-0.10149964173186907,0.9944391928676419
2025/05/20 13:40:54.291273399,1747741254,290770994,piren,-463.3024988139814,-295.6007361145232,2.328373996405269,0.0016231535797151103,0.001098509937374733,-0.1044140341727064,0.9945319844611108
2025/05/20 13:40:54.418798666,1747741254,418451100,piren,-463.30318341826853,-295.57462669574863,2.3257496181208155,-0.029623556087333223,0.004322879334385327,-0.10432085893874693,0.9940930117596055
2025/05/20 13:40:54.670781020,1747741254,670104332,piren,-463.28980640730816,-295.48398795899226,2.3440971498038743,-0.029638380576301582,0.004345614972647909,-0.10390576048635013,0.9941359439055993
2025/05/20 13:40:54.798436901,1747741254,797913257,piren,-463.2779695729449,-295.40716934715965,2.3613638116455795,-0.0031881136733924076,0.0014659675446560688,-0.1065146154988671,0.9943049449517448
2025/05/20 13:40:54.926371236,1747741254,924038168,piren,-463.27889807080027,-295.383967530859,2.357655866488719,0.02802054254380581,-0.0016679036883976747,-0.1065047593610624,0.9939158935877217
2025/05/20 13:40:55.55480904,1747741255,54984425,piren,-463.29143965779247,-295.42456191982,2.3287955268322618,-0.02992114121640158,0.004285797604179031,-0.10813665972230403,0.9936764161794859
2025/05/20 13:40:55.186896753,1747741255,186206691,piren,-463.2809876058882,-295.3474256637912,2.3449488573930157,-0.0033173140119586047,0.001480725629085256,-0.11233017903584523,0.9936642963079294
2025/05/20 13:40:55.319007723,1747741255,317817389,piren,-463.2828835404173,-295.3181601517011,2.34287476476595,0.028066978464580002,-0.0017700684173189475,-0.11232804192087738,0.9932731359378892
2025/05/20 13:40:55.569410357,1747741255,569072572,piren,-463.2912601639963,-295.32655343766066,2.3174667819925543,0.027968256175441065,-0.0018771761258135277,-0.11047765418317801,0.9934832362865917
2025/05/20 13:40:55.726989119,1747741255,725772171,piren,-463.29914809335156,-295.33152955922475,2.2941248524057483,0.027822580906628196,-0.0035097573559827507,-0.11356020352324207,0.9931352706307214
2025/05/20 13:40:55.855087690,1747741255,854400037,piren,-463.3081368856025,-295.3356733351988,2.28065145644816,-0.02961918333463202,0.004604150844877588,-0.11352257855693611,0.9930831435138607
2025/05/20 13:40:55.984146246,1747741255,983033965,piren,-463.290071615005,-295.230906728731,2.3088015075241834,-0.0030867640099778723,0.0013906205599553394,-0.11541458614419221,0.9933116385946406
2025/05/20 13:40:56.110439753,1747741256,109995475,piren,-463.2846626884372,-295.18525085286103,2.318654050219638,0.0014536648357871842,0.0005656462615601136,-0.11541915225977557,0.9933156528488247
2025/05/20 13:40:56.238183442,1747741256,237646121,piren,-463.28053421295084,-295.13657387230074,2.32386803057003,-0.029794118383343417,0.00303346140337603,-0.11683317040817329,0.9926999138279646
2025/05/20 13:40:56.366061825,1747741256,365551337,piren,-463.2668159280496,-295.0392871829349,2.3479804361582075,-0.0032265569135416154,0.0012585799445558239,-0.11816786377770516,0.9929875937176762
2025/05/20 13:40:56.618348187,1747741256,617938479,piren,-463.25936195655476,-294.9571568294199,2.3553948061153,-0.029529853188719795,0.004884048548251417,-0.1217577423593609,0.9921084547648924
2025/05/20 13:40:56.872197197,1747741256,871064786,piren,-463.2430243638335,-294.84693443130504,2.3734450504370006,0.0015344931887329321,0.0008330293688663445,-0.12275084537600917,0.9924359835033187
2025/05/20 13:40:57.123830825,1747741257,122640696,piren,-463.2420523452864,-294.79841278865086,2.3666581347600584,0.027933006468652214,-0.0029898130742105123,-0.12479970140386827,0.9917841714288996
2025/05/20 13:40:57.251730740,1747741257,251195249,piren,-463.2615859401567,-294.8488482600295,2.333103659156869,-0.02958561274461284,0.004423293669224932,-0.1257356013166441,0.9916126686126915
2025/05/20 13:40:57.383470258,1747741257,380021910,piren,-463.25238848357804,-294.77753146158426,2.345168822953859,-0.003191729758811959,0.0010239340037697757,-0.13021655036578864,0.9914799112594953
2025/05/20 13:40:57.511377388,1747741257,508525186,piren,-463.25728993818285,-294.76061508482496,2.340909294621471,0.0014855829811195385,0.0006409931073485839,-0.13021986678573788,0.991483821585278
2025/05/20 13:40:57.638893390,1747741257,637363502,piren,-463.2614387263455,-294.7366464346544,2.3338343149914467,-0.02949620901031497,0.00477784270156497,-0.12737093750672834,0.9914049576998273
2025/05/20 13:40:57.767352475,1747741257,767020178,piren,-463.2476309415181,-294.6690448616207,2.349933034179443,0.02805096482726137,-0.0027019461083069036,-0.12820254579534163,0.9913475425455399
2025/05/20 13:40:57.896673889,1747741257,895302049,piren,-463.2597767753777,-294.6884721178045,2.322834869767303,0.0017351994769980597,0.0008157493934054659,-0.13102703853813627,0.9913769408290815
2025/05/20 13:40:58.23373261,1747741258,22923550,piren,-463.2597014080065,-294.65784785754994,2.319389928867168,-0.02954663653606717,0.0031583589849526607,-0.13098308728491712,0.99093917668202
2025/05/20 13:40:58.180927580,1747741258,180483524,piren,-463.2467456712265,-294.5696024150832,2.3384334866319425,-0.0030187401936315906,0.0009414604334347459,-0.13202177690710593,0.9912417723654436
2025/05/20 13:40:58.309171250,1747741258,308723313,piren,-463.24537638418315,-294.54364102946886,2.3384853883340737,0.0018029298348737031,0.0004445139162334842,-0.13202538339438602,0.9912445964498138
2025/05/20 13:40:58.438311203,1747741258,437923442,piren,-463.2443952664945,-294.51363290491264,2.3351990049868188,-0.029321543658276772,0.0046134510015082035,-0.13335895807827375,0.9906232136628083
2025/05/20 13:40:58.567916223,1747741258,567526574,piren,-463.22931399169335,-294.4292238440338,2.3526717419404237,-0.0029930626221325585,0.0009553651235078247,-0.13474704178903185,0.9908750494299096
2025/05/20 13:40:58.821898401,1747741258,820702450,piren,-463.2262826948369,-294.37680732454936,2.3516785364410855,-0.0029036019559257773,0.0010840956880683516,-0.13738395298336992,0.9905130202551019
2025/05/20 13:40:58.951044350,1747741258,949617331,piren,-463.2268085659402,-294.3446866902581,2.3478059996302854,0.028181782159854465,-0.003111400569307897,-0.13819657476302774,0.9899988954865347
2025/05/20 13:40:59.80403290,1747741259,79188630,piren,-463.24100293170056,-294.3612163159571,2.320583472157404,0.0019208301911418884,0.00034360213382311446,-0.13972194195410484,0.9901888563731286
2025/05/20 13:40:59.207963148,1747741259,206745286,piren,-463.24129520789654,-294.3367192368152,2.318853670481247,-0.0028509685056661654,0.0009194380209044525,-0.13971901176083118,0.9901866613749563
2025/05/20 13:40:59.335413778,1747741259,334965748,piren,-463.2377844729054,-294.29135922384637,2.320225306883257,0.028225495533139997,-0.0033748278344270578,-0.1393897374637001,0.9898294969482357
2025/05/20 13:40:59.464258955,1747741259,463875693,piren,-463.2470454432014,-294.306530409664,2.3007600209573806,-0.02920225110890178,0.004815273674552907,-0.13934413046064978,0.9898016240518993
2025/05/20 13:40:59.593437205,1747741259,593121453,piren,-463.2259877442048,-294.20698358851274,2.3241799816628217,-0.002850243337132907,0.0009587666315827038,-0.1412891497742401,0.9899638039017072
2025/05/20 13:40:59.723726665,1747741259,722273672,piren,-463.2193615006487,-294.154076825316,2.3291017389380975,0.02653802236685234,-0.004626072132039013,-0.14122136983530076,0.9896114679647396
2025/05/20 13:40:59.979075319,1747741259,978543878,piren,-463.2246528992071,-294.11949354594736,2.3119351321559294,-0.0025090041082585185,0.001061050566001033,-0.14231847462800462,0.9898171704156477
2025/05/20 13:41:00.109199964,1747741260,108583479,piren,-463.21709196153313,-294.0782096796368,2.3182419513288597,0.010089293665720518,-0.0009021376280124509,-0.14402987722192012,0.989521493838545
2025/05/20 13:41:00.240095038,1747741260,238127540,piren,-463.21596438769,-294.0466829828063,2.3142985306880086,0.00012754132889546886,0.0007264329630214692,-0.14403163091118587,0.9895728095119751
2025/05/20 13:41:00.368907260,1747741260,368508233,piren,-463.2081383315965,-293.9945647827603,2.3184336145237654,-0.0015901684813445852,0.0010729771011808566,-0.1463364969577456,0.9892330108434904
2025/05/20 13:41:00.652338445,1747741260,651796061,piren,-463.1971565429802,-293.9101035435108,2.3236150083041602,-0.021598760250193968,0.004224709502978418,-0.14900903994467735,0.9885908918253474
2025/05/20 13:41:00.782047637,1747741260,780953863,piren,-463.1800320681608,-293.82261737796904,2.341612365565291,0.0033841061647033005,0.0001389845256316094,-0.1486922643851491,0.9888777169199358
2025/05/20 13:41:00.911181699,1747741260,910648126,piren,-463.18031173850096,-293.8042195484831,2.3378414460292087,-0.0015495790551162513,0.0009505531019577016,-0.1491045976835341,0.9888197581982188
2025/05/20 13:41:01.40707085,1747741261,40226458,piren,-463.1746050056887,-293.7570089823235,2.339046165399214,-0.0002793825373505223,0.0009148562006618084,-0.14910554707697807,0.9888208234126166
2025/05/20 13:41:01.172524926,1747741261,170508420,piren,-463.1692115969621,-293.7150083702662,2.3382044789621026,-0.0003737135792451766,0.00024003445256677225,-0.1497526603372245,0.9887233907638405
2025/05/20 13:41:01.427509685,1747741261,425857389,piren,-463.1624254720925,-293.6468558710679,2.3349303605659792,-0.027767635356488,0.004776067874043498,-0.15182252901362464,0.9880061069073809
2025/05/20 13:41:01.557819296,1747741261,557211501,piren,-463.1457143430831,-293.57653096062484,2.351627045499427,0.010928416944731656,-0.0010116376172224228,-0.15070374734381178,0.9885180457780961
2025/05/20 13:41:01.687982021,1747741261,687555840,piren,-463.14692714739016,-293.55872428003397,2.339577839655517,0.029346588163912456,-0.0037654757289300486,-0.15241532980379216,0.9878735577979977
2025/05/20 13:41:01.817390872,1747741261,816998430,piren,-463.15988594183074,-293.58402128795444,2.3137965904446847,-0.004123435828117954,0.0014191344322483869,-0.15245484348611205,0.9883008165695604
2025/05/20 13:41:01.947337228,1747741261,946918966,piren,-463.15085417876514,-293.5332652076671,2.316913241083439,-0.003023711771982029,0.0012791606460746175,-0.15113898165678102,0.9885070708593403
2025/05/20 13:41:02.77861762,1747741262,76658840,piren,-463.1401423077231,-293.4819987005863,2.3207195336825803,0.023130577462775873,-0.002926449222059101,-0.15160551546289833,0.9881660690199893
2025/05/20 13:41:02.208525032,1747741262,207985351,piren,-463.1451628385923,-293.4870129278966,2.3060333002872397,0.0002322934557901857,-0.00019572245964570884,-0.15207052413792688,0.988369598591987
2025/05/20 13:41:02.338454818,1747741262,338073353,piren,-463.13597207867076,-293.43400305913957,2.3103328882474026,-0.0272440614631234,0.004366578075828242,-0.1520111384180939,0.9879935768555059
2025/05/20 13:41:02.468883939,1747741262,468473266,piren,-463.11099568014356,-293.3343799949197,2.3336808143672134,0.010765040682402582,-0.001271795636522327,-0.15260772793765653,0.9882273917518536
2025/05/20 13:41:02.725038593,1747741262,724386141,piren,-463.10063347509396,-293.2680285830662,2.330352129058482,0.008705687749599636,-0.0005559363603464872,-0.15352766729353393,0.9881058431721653
2025/05/20 13:41:02.853745367,1747741262,852983630,piren,-463.0991603225009,-293.2523597591584,2.324823583305182,0.0002094872007821213,0.0007165834745676638,-0.15292592219828974,0.9882373727718656
2025/05/20 13:41:02.981741247,1747741262,981248510,piren,-463.08984905938735,-293.2078233652021,2.3263984945409297,0.03028803476328204,-0.003914278914426995,-0.15343613933864048,0.9876865213799426
2025/05/20 13:41:03.141500329,1747741263,138499468,piren,-463.0957646031412,-293.2092800602799,2.304893872197103,0.03233475826876709,-0.00453180994503895,-0.15342529369300453,0.9876206788851365
2025/05/20 13:41:03.272187986,1747741263,267297502,piren,-463.10278284722136,-293.2191525785331,2.286234058938809,-0.031189760975709115,0.005376628075152018,-0.15285790356936002,0.9877412373679657
2025/05/20 13:41:03.396632470,1747741263,396160161,piren,-463.0723321300161,-293.1072821158433,2.3148986449352984,0.003414867123321492,-0.00024497957039718303,-0.1532659561781342,0.9881790451858117
2025/05/20 13:41:03.524929372,1747741263,524460348,piren,-463.06216843740003,-293.0584762393469,2.3190710619243515,-0.0003814992163556922,0.0005454032602210077,-0.1532656605363129,0.9881847976436389
2025/05/20 13:41:03.657566652,1747741263,654453102,piren,-463.0529970388918,-293.01937951942426,2.32448882057345,-0.02946056047977776,0.005182655107614299,-0.1526465958258392,0.9878280377905032
2025/05/20 13:41:03.782968629,1747741263,782507629,piren,-463.02553659310655,-292.91972389820455,2.348442069394188,0.026863514403562782,-0.003801433528928368,-0.15255424639480786,0.9879226197450522
2025/05/20 13:41:03.911011456,1747741263,910527236,piren,-463.03498729862827,-292.94058749067244,2.3261272549957175,0.002329560916316403,0.0003385420720309864,-0.15260227672667426,0.9882848798160571
2025/05/20 13:41:04.42359307,1747741264,39513828,piren,-463.02556900688916,-292.89936114881027,2.32640503479528,-0.00454112494038171,0.0007299285473809783,-0.1523553440636789,0.9883150785674727
2025/05/20 13:41:04.168169443,1747741264,167823527,piren,-463.01401183010876,-292.8489093951234,2.3312405054400003,-0.007638229226084727,0.0014911665944011025,-0.15215171866358448,0.9883265089959872
2025/05/20 13:41:04.296118377,1747741264,295776773,piren,-463.00702220338906,-292.81738229850953,2.332591238617745,-0.018115793144724786,0.003052329649192123,-0.15179958953913714,0.988240550644528
2025/05/20 13:41:04.425165309,1747741264,423810415,piren,-462.98747013948065,-292.7440519420694,2.3453073425806115,0.030414333549326426,-0.004294904023302465,-0.15176657406424549,0.9879389804593111
2025/05/20 13:41:04.552897975,1747741264,552392357,piren,-462.99810655390877,-292.7720854735942,2.3190640834295824,0.02959348961396783,-0.004065075853114017,-0.1513454304451744,0.9880294839801803
2025/05/20 13:41:04.682383862,1747741264,682002445,piren,-463.0018596710506,-292.77576311231394,2.297675688423664,-0.014546910481537917,0.0029047645745263534,-0.1509581443063836,0.9884288484285462
2025/05/20 13:41:04.811446105,1747741264,811072360,piren,-462.98203340104186,-292.7106199206238,2.315354445557234,-0.0030376552850209506,0.000979664923927701,-0.1506728982672567,0.9885785202171607
2025/05/20 13:41:04.941336244,1747741264,940135399,piren,-462.96696761561657,-292.6557128635557,2.3214494258548806,0.0031940633151955004,2.8128336423705882e-05,-0.1506766668713717,0.9885779378627004
2025/05/20 13:41:05.69540868,1747741265,68874557,piren,-462.95546201095203,-292.6123214954442,2.322863817531323,-0.027494253212929597,0.004567324824633305,-0.1497313063066448,0.9883338208803316
2025/05/20 13:41:05.324101461,1747741265,323610127,piren,-462.90764810892784,-292.45030998757056,2.3618663462979943,-0.001970025593184709,0.0010254537528694757,-0.14847622554210144,0.9889134835224637
2025/05/20 13:41:05.453447224,1747741265,452947869,piren,-462.902878092041,-292.43559845875194,2.3567204883202506,0.005260700315958691,-0.0002876940054631713,-0.14867143877298222,0.9888726134126258
2025/05/20 13:41:05.611059050,1747741265,610618672,piren,-462.8974924124561,-292.41410747935214,2.3479305559829355,0.0034478909618312474,0.0002984000064055044,-0.14724561421805932,0.989093904590913
2025/05/20 13:41:05.741452882,1747741265,739440359,piren,-462.8900897627331,-292.39055250172567,2.3401944113136817,-0.0018926902857580037,0.0012594041232264943,-0.147241551494124,0.9890979512355387
2025/05/20 13:41:05.868918159,1747741265,868534308,piren,-462.88331767883454,-292.3696444953484,2.3373331061694467,-0.028329756856475596,0.005200698545977623,-0.14752891935026832,0.9886382531373287
2025/05/20 13:41:05.998508083,1747741265,998011862,piren,-462.86013858136243,-292.29186586090725,2.352244180052701,-0.0298480286179948,0.005347271886753321,-0.14573630838307153,0.9888586503084568
2025/05/20 13:41:06.129194319,1747741266,127790432,piren,-462.8360310517138,-292.2132305200164,2.3662728259515995,-0.002413265190835089,0.0014888089367143117,-0.14582761956788637,0.989305951144656
2025/05/20 13:41:06.261611336,1747741266,259402962,piren,-462.83323408560614,-292.2052133042613,2.358071589726763,-0.026919160658144835,0.005035017370307404,-0.14618889725161363,0.9888775524350317
2025/05/20 13:41:06.392448561,1747741266,387849144,piren,-462.81355657850867,-292.13847998008794,2.3676554300728014,-0.003941156026476095,0.0015947037731370837,-0.14434861091002835,0.9895177627194957
2025/05/20 13:41:06.517383934,1747741266,516575153,piren,-462.806472264244,-292.1166729685551,2.3600126280493794,-0.00029280039601255393,0.0011065294995796613,-0.1443534645187301,0.9895255262709671
2025/05/20 13:41:06.772303793,1747741266,771953519,piren,-462.79257844490115,-292.06703386145716,2.350443756316185,-0.0005682187536845866,0.0012710034888765538,-0.14512038236708272,0.9894130261418691
2025/05/20 13:41:06.904165597,1747741266,903051423,piren,-462.7898667493337,-292.05712563490005,2.342377004298869,0.029892693163876917,-0.003113904735583989,-0.14408936262321415,0.9891081771330898
2025/05/20 13:41:07.34371926,1747741267,32382793,piren,-462.79609148608716,-292.07935946593,2.312186368437027,-0.026917521659944862,0.005158515401801565,-0.14403317788462716,0.9891932472550504
2025/05/20 13:41:07.162986350,1747741267,162565370,piren,-462.7738498773522,-292.00575051226264,2.331380268649559,0.027223769370727676,-0.002797607276477333,-0.1432467890949005,0.9893085449892653
2025/05/20 13:41:07.293270709,1747741267,292877976,piren,-462.77550732454586,-292.0132586556513,2.307742122097003,-0.0006400671886193708,0.0013138179920949061,-0.14115345557736256,0.989986649493238
2025/05/20 13:41:07.424660729,1747741267,422213247,piren,-462.7597059035296,-291.96667529453333,2.309363639082158,0.027642479393358135,-0.00279427795262279,-0.14113437751096455,0.9896005117360762
2025/05/20 13:41:07.679914078,1747741267,679513521,piren,-462.7507950630692,-291.93771339762134,2.289144798922979,-0.02800451746917871,0.005185423862998875,-0.14153118460189976,0.9895240179833246
2025/05/20 13:41:07.810592543,1747741267,810093273,piren,-462.72128233265687,-291.83930080859983,2.318294817665211,-0.00304220757636705,0.001600011272843634,-0.1416168702701849,0.9899155756890922
2025/05/20 13:41:07.940197883,1747741267,939774561,piren,-462.70280771445493,-291.7780254062209,2.326204602475556,0.03086739002739913,-0.003379610479244766,-0.14069981731929593,0.9895652297207203
2025/05/20 13:41:08.100162103,1747741268,99661630,piren,-462.70117424121577,-291.77516915753154,2.306819584864415,-0.02728630242612589,0.004461835025386582,-0.1394010079223425,0.989849942525811
2025/05/20 13:41:08.231268262,1747741268,229743367,piren,-462.6706424888901,-291.6728280701255,2.3308204216245105,-0.0025312530604228935,0.0011986531127707103,-0.13946906455624658,0.9902224679436762
2025/05/20 13:41:08.361510837,1747741268,361031299,piren,-462.6598342057887,-291.6384583420662,2.3345481591619586,0.0032709028744719432,0.00032680997227765634,-0.13932243738257297,0.9902416133608034
2025/05/20 13:41:08.494143103,1747741268,493663069,piren,-462.64608112767115,-291.5942809435291,2.3343344474451175,-0.028878179549625484,0.004897659666714196,-0.137296626314176,0.9900968134876681
2025/05/20 13:41:08.625314782,1747741268,624719560,piren,-462.61686632866247,-291.5002666107837,2.354254378802427,-0.03136102991064495,0.005237694353652987,-0.13727990170900495,0.9900218588231107
2025/05/20 13:41:08.755513702,1747741268,754976527,piren,-462.5955302448243,-291.4306994052591,2.3700325084622875,0.028356389696123856,-0.002939521763430491,-0.13840350553538955,0.9899655266880354
2025/05/20 13:41:08.887245451,1747741268,885764085,piren,-462.5992576251198,-291.44713327871017,2.342251751403268,-0.027993879357694,0.0046369945184324265,-0.13686956156325134,0.9901825913021427
2025/05/20 13:41:09.16632994,1747741269,15321232,piren,-462.57656173049884,-291.3713024847204,2.3557059141548966,-0.03270252510274032,0.004374113943793155,-0.13687128219782663,0.990039223510177
2025/05/20 13:41:09.273681631,1747741269,272664884,piren,-462.5442387011755,-291.25379339017246,2.371781508158913,-0.028130930422393546,0.004135090825819396,-0.13771836252334027,0.9900632325267527
2025/05/20 13:41:09.405031141,1747741269,404566172,piren,-462.53151191525023,-291.20964756679126,2.3766492185366204,0.028018842010714123,-0.0034727788137904453,-0.137149277520782,0.99014794852851
2025/05/20 13:41:09.537186118,1747741269,535881571,piren,-462.54076519573687,-291.2417782875689,2.343016345989112,0.0017869632436174256,0.0003468346402169682,-0.13719292740173253,0.9905426730530297
2025/05/20 13:41:09.667530933,1747741269,667171904,piren,-462.53569035779003,-291.2247640979082,2.331689264813108,-0.029562944170264647,0.004679469396458722,-0.13641251587755024,0.990199858821496
2025/05/20 13:41:09.927983575,1747741269,926748671,piren,-462.4937717024073,-291.08121829061884,2.359944834461269,0.0017766345150446476,0.00036710590227462595,-0.13571570121590915,0.9907461618631337
2025/05/20 13:41:10.62305849,1747741270,60318288,piren,-462.49177067629427,-291.0779034106951,2.349515029820873,-0.0035434014876928317,0.0011766452884329698,-0.13613804286876707,0.9906828418296262
2025/05/20 13:41:10.192629516,1747741270,192198467,piren,-462.48230849337983,-291.04702909736585,2.3445614145705522,0.027663073975301374,-0.00365588200823878,-0.13554797159726348,0.9903777745188178
2025/05/20 13:41:10.324262663,1747741270,323763851,piren,-462.4869176479016,-291.06334259321426,2.3170329570315116,0.004253753181251167,-0.0002778596204084114,-0.13559657706021383,0.9907549629789688
2025/05/20 13:41:10.457785652,1747741270,455211625,piren,-462.4811648416045,-291.04249463015003,2.3145284215335398,-0.0313502136118404,0.0046924278365871866,-0.13599522835971065,0.9902022233316186
2025/05/20 13:41:10.615706607,1747741270,614158226,piren,-462.45454796360934,-290.9466162740253,2.3346874267678195,-0.003192105663702694,0.0009746351147274855,-0.13564156018853252,0.99075235437391
2025/05/20 13:41:10.746896684,1747741270,745665738,piren,-462.441107718751,-290.8992487181849,2.3356573979306123,0.00023644415190102557,0.0006757975194671016,-0.13564409160517094,0.9907573708050239
2025/05/20 13:41:10.876878537,1747741270,876542793,piren,-462.4293637765934,-290.858448205896,2.3339699168898247,-0.006426311051481943,0.001703165789509253,-0.1359953917432514,0.9906871631232347
2025/05/20 13:41:11.9438677,1747741271,7927224,piren,-462.41885994469135,-290.8211856291167,2.337053760029558,-0.0023581645052667467,0.0009587219993500792,-0.1359921155279381,0.9907066490271124
2025/05/20 13:41:11.141388377,1747741271,139341487,piren,-462.4071846532861,-290.77808476921325,2.336821543653155,0.00014460627555304214,0.00035800271472035474,-0.1359941550921331,0.9907095642537516
2025/05/20 13:41:11.272404304,1747741271,271046672,piren,-462.3966866139605,-290.737090418999,2.334670834311559,-0.013313550364686169,0.002305419651781288,-0.1361268503092226,0.9905992706648873
2025/05/20 13:41:11.402665251,1747741271,402274226,piren,-462.3884867805584,-290.70701968152895,2.3344368318487376,-7.40512861333753e-05,0.0002037521526202096,-0.13623101359262613,0.990677073489133
2025/05/20 13:41:11.535138469,1747741271,533906504,piren,-462.37838377118413,-290.66518222790154,2.332685832194986,0.015444427036869102,-0.0033878591024660903,-0.1361898351349323,0.9905565712719918
2025/05/20 13:41:11.667159618,1747741271,666088428,piren,-462.3805190286621,-290.6606327686548,2.3213635213207593,-0.03158513519640807,0.004983724768472749,-0.13640143448502146,0.9901374603520893
2025/05/20 13:41:11.797863372,1747741271,797413399,piren,-462.3725619107468,-290.6255479333014,2.3164659117827084,0.02358656437483352,-0.002624430346526208,-0.13693428702685978,0.9902958080204085
2025/05/20 13:41:11.930043828,1747741271,928241082,piren,-462.36964748416216,-290.6120415225898,2.3005405366478358,-0.0003714329838132041,0.0006971069309590761,-0.1369577999696844,0.9905765680183078
2025/05/20 13:41:12.65102199,1747741272,62440403,piren,-462.3565350461935,-290.5648507557095,2.3078086039557815,0.010791555705222229,-0.0009308658037862706,-0.13698578885955842,0.9905137906484902
2025/05/20 13:41:12.198781463,1747741272,198285860,piren,-462.3463442658782,-290.5256399949937,2.305469449861231,0.028341820975657964,-0.003597214326083976,-0.13754948713230244,0.9900827944280804
2025/05/20 13:41:12.332949074,1747741272,331650160,piren,-462.3437933342941,-290.50991913066355,2.2905367487647617,0.0002867640619243358,0.000250152952346072,-0.13759625505086395,0.9904883269306363
2025/05/20 13:41:12.467820766,1747741272,465958234,piren,-462.3297995038709,-290.4555792641428,2.301386112461126,0.026861388370309946,-0.0034595629107804175,-0.13749536379016053,0.9901320730970677
2025/05/20 13:41:12.601866756,1747741272,601333458,piren,-462.3253586554964,-290.4336258239095,2.290093227665349,0.030289064662593092,-0.0040346268234501825,-0.13823231489283733,0.9899283415821714
2025/05/20 13:41:12.737308338,1747741272,736630221,piren,-462.3217140093202,-290.41215878703946,2.278030111286469,0.0020147008778499927,-0.0001091550217816051,-0.13829100868861746,0.9903895829326149
2025/05/20 13:41:12.873747775,1747741272,872435457,piren,-462.3036336064199,-290.34120272030736,2.2907174609622265,-0.031145890063481285,0.004717181661690717,-0.13829589263877756,0.989889856402503
2025/05/20 13:41:13.8432131,1747741273,7914214,piren,-462.27289592627574,-290.22933457061015,2.3249458667843736,0.005560287884944155,-0.0003946805524945569,-0.13877542531235587,0.9903081887752281
2025/05/20 13:41:13.173845605,1747741273,173258091,piren,-462.2544562286841,-290.1558723293919,2.3318027733179836,0.0007498630196083662,0.00046888973513392303,-0.1386507007627651,0.9903409519079086
2025/05/20 13:41:13.310057370,1747741273,308753065,piren,-462.2453838416535,-290.1214225285544,2.334311279052536,-0.004553402733332548,0.0010787016657484573,-0.1388378535429335,0.9903040711568621
2025/05/20 13:41:13.445847202,1747741273,445563784,piren,-462.2303110593177,-290.06235597653625,2.3407522593959684,0.0005752266213862312,0.0003390821258834236,-0.1388416245065824,0.9903143730361684
2025/05/20 13:41:13.584482165,1747741273,582296022,piren,-462.2193275074259,-290.01774848457165,2.341028176708949,-0.01940611438386704,0.003302235243656412,-0.13928745654284824,0.9900563127503101
2025/05/20 13:41:13.717347197,1747741273,716789436,piren,-462.20429121323536,-289.9608726675421,2.3522644527086527,0.028257683160817657,-0.0035859300437837646,-0.13928456035619127,0.9898426418853082
2025/05/20 13:41:13.851885018,1747741273,851443911,piren,-462.2088229892337,-289.96898821005476,2.3277651516793085,-0.003238933846793631,0.0009288833897006916,-0.13965426828114633,0.9901945929129496
2025/05/20 13:41:13.986396210,1747741273,985991675,piren,-462.1981806932261,-289.92457181485156,2.32892805123812,-6.908590634326897e-06,0.0005415504442931265,-0.1402848166228475,0.9901110427121201
2025/05/20 13:41:14.121318560,1747741274,119955813,piren,-462.1882512481763,-289.881367071472,2.328175507249982,0.026002066957284634,-0.003471039844186927,-0.14023765469808325,0.9897702989083529
2025/05/20 13:41:14.258870258,1747741274,254190466,piren,-462.19385401548317,-289.89307164880296,2.308637196228101,-0.026640113143705547,0.004181810914156266,-0.14035721228300505,0.9897336357774815
2025/05/20 13:41:14.389627816,1747741274,388718240,piren,-462.16872486553586,-289.79765770175214,2.328995990555495,-0.0319901512213422,0.004966788849747835,-0.14131049246649902,0.9894358523685268
2025/05/20 13:41:14.525900074,1747741274,523296454,piren,-462.142895662699,-289.69873710601536,2.3513753636506833,0.016682368955882043,-0.0020974269369402527,-0.14137972539458174,0.9898126452079791
2025/05/20 13:41:14.658020470,1747741274,657549531,piren,-462.1472570190919,-289.7060994394164,2.335130166428173,0.030821859819026624,-0.004080870648006696,-0.14095040304972792,0.9895283438750857
2025/05/20 13:41:14.793032990,1747741274,792487832,piren,-462.1520463932402,-289.71417274576623,2.3107094805240087,-0.019772535952409524,0.003415206138424885,-0.14184932489005372,0.9896848752089116
2025/05/20 13:41:14.926669490,1747741274,926214536,piren,-462.1308530454874,-289.63350881158783,2.3262543939871265,-0.02875980113558342,0.004627907386035768,-0.14180484332295748,0.9894659381312828
2025/05/20 13:41:15.62452070,1747741275,62056833,piren,-462.10963546260416,-289.55603129453357,2.3467858706340032,0.014264119777486435,-0.001566463821911673,-0.14155032416679428,0.9898270489365016
2025/05/20 13:41:15.197871827,1747741275,197473046,piren,-462.1077474505324,-289.5431446064539,2.3347210809402634,-0.014230115688043419,0.001642054846733488,-0.14232466840271651,0.9897163716072611
2025/05/20 13:41:15.334314935,1747741275,332852676,piren,-462.0931370372382,-289.4798814061251,2.3432715366276113,-0.003277600967044346,0.0003429071403563379,-0.1423343660376027,0.9898131480189923
2025/05/20 13:41:15.468733694,1747741275,467446963,piren,-462.08771446641896,-289.4536130350144,2.3422917681764717,0.0018355464974659055,-0.00047156994213672716,-0.1420011802357844,0.9898646741865726
2025/05/20 13:41:15.602353901,1747741275,601980998,piren,-462.0805559507513,-289.42013379018215,2.3380250570785868,-0.029421559158198232,0.004381694044176105,-0.1425814630882152,0.9893359889327932
2025/05/20 13:41:15.765565361,1747741275,765213978,piren,-462.057932706744,-289.3362572265193,2.3545780175047994,-0.003269279415304285,0.0007874088906027732,-0.14223728361655716,0.9898268772612344
2025/05/20 13:41:15.900909516,1747741275,900421608,piren,-462.0483953065454,-289.2991413891563,2.3516534174095174,0.028012884588235913,-0.0038817039766627336,-0.142430210867677,0.989400750810041
2025/05/20 13:41:16.35347578,1747741276,35030423,piren,-462.0546714893418,-289.31434515372206,2.3244544257471382,0.0018545442038451453,-0.0001911343155534625,-0.14248383905310522,0.9897953726615205
2025/05/20 13:41:16.170073768,1747741276,169752618,piren,-462.04680274468825,-289.2813802799213,2.3204791881440925,-0.02947959018804939,0.003826839456750585,-0.1426696872169613,0.9893238445582575
2025/05/20 13:41:16.306572710,1747741276,305144919,piren,-462.02612172056644,-289.2035957000204,2.340580145690323,0.027979314075794553,-0.004622358458653092,-0.142870939980795,0.9893349717336044
2025/05/20 13:41:16.441800941,1747741276,439588264,piren,-462.0319681407122,-289.2128138201638,2.3168175926406094,0.001792855338650172,-0.0007159730878847727,-0.1429431484940018,0.9897290181412759
2025/05/20 13:41:16.577225197,1747741276,576107156,piren,-462.02330219706585,-289.1749639057442,2.3162234054735977,-0.029452177184617904,0.004147862270426486,-0.14299983142122036,0.9892757010617284
2025/05/20 13:41:16.712055321,1747741276,711618917,piren,-462.0000678890189,-289.09262254136166,2.3385285910524742,0.027963562513875065,-0.004219655619363484,-0.1431736454331492,0.9892934554172333
2025/05/20 13:41:16.848515466,1747741276,846557616,piren,-462.00342720368906,-289.0971494557055,2.316724765599598,0.0018444862075527309,-0.00028769508389353,-0.14323497618045297,0.9896869488382445
2025/05/20 13:41:16.986607422,1747741276,982454877,piren,-461.99257255234755,-289.05516153911395,2.3170269025330854,-0.029403719284622834,0.0044991983320522965,-0.1431570238508922,0.9892528721357119
2025/05/20 13:41:17.118370926,1747741277,117958268,piren,-461.96597868017545,-288.96236561818597,2.339243972840173,-0.003451781861273406,5.675370513218603e-05,-0.14339691995280102,0.9896592369745504
2025/05/20 13:41:17.253289849,1747741277,252761160,piren,-461.95912472467415,-288.9329774961594,2.3406338912716884,0.0019392776163779262,-0.0007593404291848914,-0.14339545216870342,0.9896632795561187
2025/05/20 13:41:17.389003610,1747741277,388672902,piren,-461.95103956975686,-288.89765107500693,2.3384000907314477,-0.02933836500817608,0.004013260693704831,-0.14320727719764148,0.989249629686506
2025/05/20 13:41:17.525307465,1747741277,524866575,piren,-461.9283382010589,-288.8156273694011,2.3560482883953444,-0.003144257567996408,0.0003372830216725614,-0.1432627537041125,0.9896796366934223
2025/05/20 13:41:17.661153269,1747741277,660676857,piren,-461.92410690290495,-288.798490217824,2.3521439197900014,0.002146633755300319,-0.0006036373813970653,-0.14330246616599132,0.9896764273115619
2025/05/20 13:41:17.796846617,1747741277,796179873,piren,-461.9186034890647,-288.77416099293,2.3454611307069433,-0.02937048511971221,0.0042847230176641495,-0.14337308440696678,0.9892235209598119
2025/05/20 13:41:17.934733825,1747741277,933335154,piren,-461.89700841774714,-288.697451308418,2.3597034570334388,-0.0032062113043233235,0.0006620071847603309,-0.1434362048910337,0.9896541502373528
2025/05/20 13:41:18.69752436,1747741278,69286090,piren,-461.89009476530777,-288.671759607452,2.3544605145659565,0.028152617610115133,-0.0040157195005386705,-0.1432615890166836,0.9892762107879712
2025/05/20 13:41:18.209285831,1747741278,204892196,piren,-461.9015419861751,-288.70867692606197,2.325165286059323,-0.029366449182197017,0.004145775843101687,-0.14324422333398637,0.9892429007511407
2025/05/20 13:41:18.370494457,1747741278,370081067,piren,-461.87687584633557,-288.6198594151195,2.339002921847032,-0.029373242861749856,0.004219551185939457,-0.14317080821707878,0.9892530149896145
2025/05/20 13:41:18.638650722,1747741278,638165376,piren,-461.8470956639672,-288.5130616062019,2.355110784214587,0.001883154676591741,-0.0003781590834508157,-0.14314723669013987,0.989699539937323
2025/05/20 13:41:18.775343162,1747741278,774310277,piren,-461.8425855784337,-288.4942573940393,2.3480132866729035,-0.029272690271094307,0.0043509841903389196,-0.1429835568626484,0.9892825081885224
2025/05/20 13:41:18.912131925,1747741278,911774024,piren,-461.82556311193355,-288.4356499936177,2.361391951643985,0.0280395071547493,-0.004068187311494575,-0.14292587086940878,0.9893277673889167
2025/05/20 13:41:19.49993800,1747741279,49508347,piren,-461.8346466481434,-288.46337455940755,2.3322655538528454,0.001877599018642623,-0.00025828374107751695,-0.14298353694070823,0.9897232522656824
2025/05/20 13:41:19.187143946,1747741279,186544534,piren,-461.8287153220628,-288.4401427591597,2.32609242636318,-0.02948222109385176,0.004250284589870936,-0.14286683499368338,0.9892935869493777
2025/05/20 13:41:19.324928680,1747741279,322246502,piren,-461.8065189769729,-288.3619620938243,2.343263996662874,-0.0033410974600476843,0.0005833839538991976,-0.1429292714296814,0.9897270937483248
2025/05/20 13:41:19.460846181,1747741279,459622634,piren,-461.8011542899776,-288.34221051501873,2.3415528807198753,0.0017926624921758211,-0.0003151983285273222,-0.1428244358510091,0.9897463652547778
2025/05/20 13:41:19.597674647,1747741279,596434349,piren,-461.7945599149615,-288.31663532006905,2.336561322320425,-0.029450015818977614,0.004425675662280375,-0.14252985256898584,0.98934238314643
2025/05/20 13:41:19.733468024,1747741279,732846824,piren,-461.77176215263523,-288.2381291814687,2.3528234902228675,-0.0033193515496976428,0.0007469700050199342,-0.14259654961003435,0.9897750491805772
2025/05/20 13:41:19.878151552,1747741279,869868641,piren,-461.7673176993913,-288.2229299799033,2.3489873554269813,0.001814513617370412,-0.00018812773772865763,-0.1426564686699252,0.9897705815465083
2025/05/20 13:41:20.8294321,1747741280,7187143,piren,-461.76171513904166,-288.2013707981668,2.342354036171514,-0.029444461090593604,0.004506574138046272,-0.14234780673802452,0.9893683926715554
2025/05/20 13:41:20.145822848,1747741280,144412100,piren,-461.74066473828356,-288.12880857941167,2.3568978110786323,-0.003356235904563958,0.0005804477606498458,-0.1424173316992087,0.9898008397615289
2025/05/20 13:41:20.282648386,1747741280,282248880,piren,-461.73363345680974,-288.1021679939001,2.3524009716714143,0.02793138327493999,-0.004072583277677726,-0.142391872651363,0.989407805961037
2025/05/20 13:41:20.421602867,1747741280,420089916,piren,-461.7419220256232,-288.1261039848038,2.324117728917991,0.0017877838277270818,-0.00024159885257102632,-0.14244968399607416,0.9898004005800354
2025/05/20 13:41:20.560583645,1747741280,558593027,piren,-461.7376374333419,-288.1086390756793,2.321223304258712,-0.003337751996045615,0.0007430070380430191,-0.14233580306092236,0.9898125208943139
2025/05/20 13:41:20.695335204,1747741280,694978032,piren,-461.72722292988436,-288.0711988579967,2.3221254822455952,0.027947758289964077,-0.003868548172216258,-0.1420236896138542,0.9894610799470955
2025/05/20 13:41:20.831650978,1747741280,831204170,piren,-461.73034172678274,-288.07952820514674,2.300723080422387,0.0018240451097494422,-8.120492653009514e-05,-0.1420763348737461,0.9898540202141125
2025/05/20 13:41:20.999422223,1747741280,999005287,piren,-461.71852061282783,-288.0371287257761,2.3033511479707975,-0.029439834343886275,0.004621167047251014,-0.14201824414168673,0.9894153623730725
2025/05/20 13:41:21.136401684,1747741281,135982324,piren,-461.69000499067494,-287.938998936031,2.32841475450228,-0.0032873685038139963,0.0009592910144597987,-0.1420898764205281,0.989847836784962
2025/05/20 13:41:21.274897656,1747741281,273089715,piren,-461.67657148286736,-287.89257560443355,2.3340170610648405,0.02798325062155621,-0.00372042807168858,-0.1418077960905109,0.9894916093972534
2025/05/20 13:41:21.411469105,1747741281,410034641,piren,-461.68275346649875,-287.9125751972792,2.3135503844207244,-0.02942530293297764,0.004676666653721544,-0.1416341773427665,0.9894705857905784
2025/05/20 13:41:21.550305704,1747741281,549122370,piren,-461.65561199820064,-287.8192649128542,2.3368894625560217,-0.003293203549326562,0.0009737282661467495,-0.14170798470765772,0.9899025475943279
2025/05/20 13:41:21.689605472,1747741281,689013527,piren,-461.6439186980541,-287.77830298664435,2.3403006308253724,0.027989276942598264,-0.0036731483372924993,-0.1416796853402996,0.9895099671652613
2025/05/20 13:41:21.829052564,1747741281,828501140,piren,-461.6476127781006,-287.7880244233698,2.3188182520762273,0.00184507835411756,0.00011895779186176323,-0.14172711937634402,0.9899040383634136
2025/05/20 13:41:21.968044341,1747741281,967632657,piren,-461.63806365036766,-287.7524050604162,2.3191077700821086,-0.02940591138699814,0.004831517611746532,-0.1414374675695572,0.9894985556232904
2025/05/20 13:41:22.242172424,1747741282,240622551,piren,-461.60656051819336,-287.6418956976317,2.3398775892016284,0.0018173050188875946,-0.00018713321741684595,-0.1412503311710471,0.989972225028408
2025/05/20 13:41:22.380765126,1747741282,379301451,piren,-461.5980050007442,-287.60826543883167,2.338843736539784,-0.029440122936271,0.004514506567259972,-0.14116374642954957,0.9895381220983481
2025/05/20 13:41:22.518262830,1747741282,517875529,piren,-461.5733745190761,-287.52114006659866,2.359494238139472,-0.0033023219865326307,0.0008605157671621064,-0.14123341391862412,0.9899704424754319
2025/05/20 13:41:22.794604515,1747741282,794079740,piren,-461.5635157911368,-287.48357521998867,2.351507794703491,-0.029434303891238228,0.004593568820789687,-0.14121107625043552,0.9895311782981477
2025/05/20 13:41:22.935224514,1747741282,933347165,piren,-461.5437969726553,-287.4139053123471,2.3646999481244166,-0.003298425846382665,0.0008928841903702349,-0.14128257332145625,0.9899634122635169
2025/05/20 13:41:23.71939369,1747741283,70843397,piren,-461.5384880495671,-287.3936627387524,2.358412688058201,0.027984836183566737,-0.0037294104660143823,-0.14109182318320151,0.9895938752196253
2025/05/20 13:41:23.209685530,1747741283,209285718,piren,-461.5518186832064,-287.4374016645827,2.3278425683222346,-0.029562061889422665,0.0035331069560349797,-0.1410311416920862,0.9895573852612641
2025/05/20 13:41:23.347685020,1747741283,346927377,piren,-461.5330741022381,-287.36471491380746,2.342347112667629,-0.00341103361536407,3.6470303405648785e-05,-0.14107610789885344,0.9899928763883622
2025/05/20 13:41:23.484421520,1747741283,483997507,piren,-461.52653914291625,-287.3361391315463,2.3396389462398735,0.027884635932177014,-0.004428959621370247,-0.14105666935828656,0.9895988315601173
2025/05/20 13:41:23.651055417,1747741283,650548902,piren,-461.53398431326934,-287.3562875686114,2.314021921773666,0.0017579828713058957,-0.0005470888577128084,-0.14112434126620055,0.9899901668664124
2025/05/20 13:41:23.787854551,1747741283,787288202,piren,-461.5264179804922,-287.32700718649306,2.3127552817425334,-0.029491130145494763,0.004132407049513388,-0.14111789086460882,0.9895448132008188
2025/05/20 13:41:23.925402979,1747741283,925025375,piren,-461.50174353519606,-287.2407122464343,2.333840494157665,-0.0033743935465758174,0.00036082670009569227,-0.14117638353659465,0.9899786421957869
2025/05/20 13:41:24.62982134,1747741284,62551127,piren,-461.4945457554198,-287.2154600704309,2.3358484771650647,0.0017470659130998,-0.0006327680026425407,-0.14125056956879609,0.9899721329218519
2025/05/20 13:41:24.201644616,1747741284,201093102,piren,-461.4872539442965,-287.18730027743817,2.3340852110514465,-0.029641275180991074,0.003188362313204742,-0.14131591763224774,0.989515558531123
2025/05/20 13:41:24.339815864,1747741284,338524602,piren,-461.4661908124295,-287.1079554196729,2.352707095637656,-0.003494429646770806,-0.00039520026853942617,-0.14135107057689392,0.9899532855771315
2025/05/20 13:41:24.476256548,1747741284,475811231,piren,-461.4592148665094,-287.0787645961749,2.3513759841459785,0.027806362823115636,-0.004877803908847004,-0.14134276852712696,0.989558100871628
2025/05/20 13:41:24.615218503,1747741284,614712627,piren,-461.46789064395324,-287.1039803759282,2.325102294585355,0.001694211389762016,-0.0009104688548421814,-0.14156164441617147,0.989927573878221
2025/05/20 13:41:24.885071093,1747741284,884676734,piren,-461.45728155994493,-287.06193551698476,2.3192380805934674,0.02786913528688118,-0.00446067036389058,-0.14177836383545833,0.9894959874938386
2025/05/20 13:41:25.24451852,1747741285,23276849,piren,-461.4610175656756,-287.07287210577715,2.2989874500028233,0.0017169258742929347,-0.000750463606039461,-0.14184736943728188,0.989886767642462
2025/05/20 13:41:25.162472293,1747741285,162074171,piren,-461.45187496674686,-287.0408978875984,2.304670575038389,-0.003851417316964282,0.0016483950014219537,-0.14183253734044307,0.9898818013935512
2025/05/20 13:41:25.300783703,1747741285,300467612,piren,-461.435690670517,-286.9932196050269,2.312948502841077,0.027782894132113486,-0.0051486623880692235,-0.14202635108140088,0.9894595078464608
2025/05/20 13:41:25.443514281,1747741285,442199679,piren,-461.43877351178014,-286.99597271484754,2.2973514007946707,0.001652890199756053,-0.001364612073457921,-0.14211302606570064,0.9898481164352064
2025/05/20 13:41:25.596011547,1747741285,595546082,piren,-461.4280188266235,-286.9517201974257,2.3041292804614675,-0.02963600638293692,0.003436580738322869,-0.14200141615557352,0.9894167447786151
2025/05/20 13:41:25.735238508,1747741285,734020400,piren,-461.4009289121003,-286.85426797275943,2.331750980309268,-0.0034784683634483064,-7.131977085449898e-05,-0.1420436815301691,0.9898542759965684
2025/05/20 13:41:25.873698585,1747741285,872079970,piren,-461.38895440374074,-286.8107031574683,2.338421133943879,0.027817707760203047,-0.004622551117088399,-0.14225972804756729,0.9894276006519982
2025/05/20 13:41:26.11153929,1747741286,10666143,piren,-461.3968509937471,-286.83517458211423,2.3176077342732873,-0.02956342792729102,0.003913060480825652,-0.14253424740337806,0.9893405278285198
2025/05/20 13:41:26.149263953,1747741286,148062547,piren,-461.37206255038643,-286.74830995311834,2.3408915751308323,-0.003397954947172796,0.00023964323998558045,-0.1425871969146405,0.9897763826993045
2025/05/20 13:41:26.316533313,1747741286,314978461,piren,-461.3623138144762,-286.71316717352084,2.3440004550804954,0.02787198569922401,-0.004506958001170228,-0.14269866439850587,0.989363396796971
2025/05/20 13:41:26.454159981,1747741286,453337415,piren,-461.3700656317926,-286.7355977306078,2.321358659974866,0.0016961810223296361,-0.0019746179613882395,-0.1427661413277502,0.9897530261354248
2025/05/20 13:41:26.592228437,1747741286,591724806,piren,-461.36585173696676,-286.7100506573975,2.3207070046275264,-0.029507014971224724,0.004055866504456514,-0.1431703482181725,0.9892497851430008
2025/05/20 13:41:26.729620614,1747741286,729250459,piren,-461.3434134051939,-286.63187291795236,2.341743340001752,-0.0033829032101977724,0.0002867454007282695,-0.1432271644879466,0.9896840167930815
2025/05/20 13:41:26.868269325,1747741286,867905943,piren,-461.3357340907728,-286.60450860922975,2.343097220984786,0.027893564487701722,-0.004406804338552744,-0.1439319117283287,0.9891845803094187
2025/05/20 13:41:27.7390832,1747741287,6815230,piren,-461.3469467865332,-286.63916845932295,2.3189808540561176,-0.02947663260784484,0.004218710416016807,-0.1443975595502786,0.9890716229922137
2025/05/20 13:41:27.145433749,1747741287,144914764,piren,-461.3250726823641,-286.5622887163671,2.3391810895033434,-0.003337639109964951,0.0005634542792993188,-0.1444594452275987,0.9895049324631895
2025/05/20 13:41:27.283449208,1747741287,283025151,piren,-461.3170062902919,-286.53298000411115,2.340482358500328,0.027945539087080355,-0.004107210181742216,-0.14447535374941625,0.9891051763228401
2025/05/20 13:41:27.421976236,1747741287,420460558,piren,-461.3275689499522,-286.5664265174391,2.316763704004521,-0.029437998028007957,0.004469235986776429,-0.14446579070378465,0.989061709661297
2025/05/20 13:41:27.559909202,1747741287,559220544,piren,-461.30518833528055,-286.489709724255,2.337180855474972,-0.0034461124453261977,-0.00013136052281176888,-0.1449057435809106,0.9894394536962283
2025/05/20 13:41:27.697458047,1747741287,696985448,piren,-461.29906438445994,-286.46168239481824,2.338746226600747,0.027824487108141067,-0.004878205938144761,-0.14552116482210864,0.9889517640475751
2025/05/20 13:41:27.834719973,1747741287,834362110,piren,-461.30857619414155,-286.4834020689162,2.3161799162187235,0.0016912860674810153,-0.0010227186725510757,-0.1455994224430641,0.9893416506860515
2025/05/20 13:41:27.978418543,1747741287,973445685,piren,-461.3036058856796,-286.4580915966244,2.316101072996825,-0.029539970209712992,0.003829361632240942,-0.1459863895111006,0.9888380556122485
2025/05/20 13:41:28.113564161,1747741288,113083254,piren,-461.2833777613442,-286.38566236810595,2.3387620982082273,0.0278315591811853,-0.004801702749565398,-0.14649434091514588,0.9888082503924035
2025/05/20 13:41:28.253837853,1747741288,252936663,piren,-461.29245725282095,-286.4075352348246,2.317247539017059,0.0017150687920723436,-0.0008933936388191463,-0.1465701026722928,0.9891983953633762
2025/05/20 13:41:28.392604196,1747741288,392158416,piren,-461.28660250679764,-286.381536631247,2.3179336266000017,-0.02951708982541325,0.003969803231353815,-0.14665230792382083,0.9887396435114553
2025/05/20 13:41:28.532833936,1747741288,531958429,piren,-461.2639418523274,-286.30254002374943,2.3400769433601996,-0.0035075357976878307,-0.00036360532775476205,-0.14670821158625455,0.9891735265548489
2025/05/20 13:41:28.672701865,1747741288,672277823,piren,-461.256656920694,-286.27256792570137,2.3425695176626027,0.027769047150041505,-0.005107605078720591,-0.14741862979058784,0.9886710979802152
2025/05/20 13:41:28.811914633,1747741288,811560097,piren,-461.2690165915004,-286.307612045963,2.318908631029564,-0.029581410416506713,0.0037159762764299793,-0.14798931606786084,0.9885394751894585
2025/05/20 13:41:28.980648325,1747741288,980267837,piren,-461.2468149256087,-286.22694458313214,2.3387741659089523,-0.029561825796634307,0.0038259544639113433,-0.1484502871064465,0.9884705219610868
2025/05/20 13:41:29.121141372,1747741289,119790594,piren,-461.2270047265526,-286.1566212732714,2.357733280345753,-0.003452632479780204,-5.993436363807049e-05,-0.14849868356414783,0.9889065763339563
2025/05/20 13:41:29.261009058,1747741289,259612160,piren,-461.2264910627721,-286.15199204273483,2.3540220019089424,0.0016615789021472047,-0.0010409070137455468,-0.14847003036747522,0.988914963862324
2025/05/20 13:41:29.400813454,1747741289,400453744,piren,-461.2258899065955,-286.1445060955229,2.3478481694532163,-0.029546573602851806,0.003874131378852514,-0.14964737216095142,0.9882902686456608
2025/05/20 13:41:29.542295229,1747741289,541527616,piren,-461.21021284292715,-286.0871904655221,2.3619514780142787,-0.003538320154506284,-0.0007184344046680718,-0.14969976758690215,0.9887249080138105
2025/05/20 13:41:29.683398502,1747741289,682985054,piren,-461.210212676165,-286.077393519767,2.356608473472206,0.02768857597809976,-0.005671793634608137,-0.14927840703338036,0.9883911830398164
2025/05/20 13:41:29.824114273,1747741289,823587857,piren,-461.2256274820633,-286.1182842129432,2.3272951813050575,0.0015996863413685514,-0.001550922745615156,-0.1493756546722532,0.9887780081663842
2025/05/20 13:41:29.967450712,1747741289,966087650,piren,-461.2249020533781,-286.1096346408472,2.321789903450045,-0.02960410797189669,0.003524298349602633,-0.15019352565640073,0.9882070030935985
2025/05/20 13:41:30.109083349,1747741290,107776723,piren,-461.2067992811448,-286.0478919500296,2.34094670067074,0.02775345996577736,-0.005286550864014877,-0.150678675537261,0.9881789992598644
2025/05/20 13:41:30.249644866,1747741290,249101964,piren,-461.218714334905,-286.0795572363087,2.316237936431186,0.00165006058160258,-0.0012790542182945566,-0.15076619007219144,0.9885672446786307
2025/05/20 13:41:30.391758234,1747741290,389981988,piren,-461.21527038422084,-286.0631996348398,2.3148557181236677,-0.029575096311649864,0.0036511383094731055,-0.15076258967441822,0.9881207539677854
2025/05/20 13:41:30.531875715,1747741290,530672324,piren,-461.1942799821402,-285.99222857937565,2.3360094949934784,-0.003490603772880949,-0.0008454819844937893,-0.1508068657905495,0.9885567207176055
2025/05/20 13:41:30.673828344,1747741290,672308710,piren,-461.1890266323232,-285.969247135954,2.338283849906095,0.02775113059904674,-0.005731435438757017,-0.151473405815427,0.9880550757568938
2025/05/20 13:41:30.815970552,1747741290,815551640,piren,-461.2010004294372,-285.99964489695714,2.3158957785653445,0.0016541573491548715,-0.001623984273103685,-0.15220580961233218,0.9883461023137591
2025/05/20 13:41:30.959697909,1747741290,957102571,piren,-461.1985089924602,-285.98545011387444,2.317297685689144,-0.0034624757721750964,-0.000508922761632252,-0.1522118388815551,0.9883416961574805
2025/05/20 13:41:31.101625286,1747741291,98950682,piren,-461.19137971599747,-285.95709755262175,2.32174992837998,0.027815799576627234,-0.0053726309447316295,-0.15204802615399132,0.9879670105187318
2025/05/20 13:41:31.241989096,1747741291,240758345,piren,-461.19959924590114,-285.9784018123925,2.3028659267222573,0.001708990549198308,-0.0012322921513101342,-0.1521369045167896,0.988357183963068
2025/05/20 13:41:31.411603407,1747741291,411230744,piren,-461.19233607359115,-285.95197581726524,2.3068221338207118,-0.029505176081016344,0.0038232686961447437,-0.15265680798228123,0.9878313247602377
2025/05/20 13:41:31.553185936,1747741291,552829567,piren,-461.1682828874587,-285.8731410704749,2.3325253211412726,-0.003469304640913106,-0.0005660702538137756,-0.1527050464521571,0.9882655575693311
2025/05/20 13:41:31.694627846,1747741291,693936582,piren,-461.160634486995,-285.84423183937906,2.3380046593804766,0.027766091444222638,-0.005543909837197893,-0.1531472858601873,0.987797660486846
2025/05/20 13:41:31.837940546,1747741291,834792366,piren,-461.1709806527051,-285.87049248819943,2.3178366721060892,0.001672728760969055,-0.0014641417542693676,-0.1532406079669277,0.9881864066750474
2025/05/20 13:41:31.980149792,1747741291,976864187,piren,-461.16699213159757,-285.85240379028824,2.31913755886814,-0.02953168706206502,0.003646260957983957,-0.15389333917245454,0.9876393189817052
2025/05/20 13:41:32.120708415,1747741292,120223104,piren,-461.1463890212642,-285.78249449510895,2.3415270525936096,-0.003433698949108938,-0.00028427888513262556,-0.1545764162931942,0.9879748278286221
2025/05/20 13:41:32.263353446,1747741292,261964410,piren,-461.14418725754655,-285.77162936484115,2.342527159136125,0.0016997485513641248,-0.0012247324658337226,-0.1545724331351426,0.9879792375348437
2025/05/20 13:41:32.405261844,1747741292,403896110,piren,-461.1431089013025,-285.7623337560258,2.3402056651445573,-0.029514766769461166,0.0035688886038003874,-0.1544649239392746,0.9875508740561735
2025/05/20 13:41:32.547421504,1747741292,546954866,piren,-461.1264148048313,-285.7048816324357,2.3575865195914507,-0.00343244237576501,-0.0003754882667531504,-0.1545053618002532,0.9879859161561321
2025/05/20 13:41:32.689042497,1747741292,687863925,piren,-461.1250875490801,-285.69649428206026,2.3549658505310376,0.027830733868348393,-0.005362836521417739,-0.15493241932786841,0.9875184229562541
2025/05/20 13:41:32.831727117,1747741292,829546366,piren,-461.14117262548524,-285.7412857550511,2.327516399159689,0.0017165611837834192,-0.001235248030910545,-0.15502031017711035,0.9879090196028161
2025/05/20 13:41:32.971934077,1747741292,971481626,piren,-461.1416834791923,-285.7386267723426,2.323010294957386,-0.029486426891209096,0.0038932082277315355,-0.1557032686283129,0.987356007576469
2025/05/20 13:41:33.113464047,1747741293,113048076,piren,-461.1245929402883,-285.68290598224814,2.342423224233403,0.027806474119079886,-0.005296908687569451,-0.15612354413022528,0.9873318498476782
2025/05/20 13:41:33.255271202,1747741293,254907744,piren,-461.139438869395,-285.72329887990253,2.3180299199451126,0.0017164416340142666,-0.0011755353575069146,-0.15620930503182323,0.987721785203817
2025/05/20 13:41:33.398757446,1747741293,397333976,piren,-461.13837811106305,-285.7151477378933,2.316628691759688,-0.029455571118096338,0.004280719163915813,-0.15620094500428547,0.9872767137704174
2025/05/20 13:41:33.541233517,1747741293,540802939,piren,-461.1185800116315,-285.6526967302955,2.3376256989307524,-0.00336670770288943,0.0002378517051066531,-0.1562590646677444,0.9877103388215451
2025/05/20 13:41:33.713484950,1747741293,713107559,piren,-461.11247483936364,-285.632245035731,2.340526467846466,-0.0033551289468873157,0.0003184516576330525,-0.15690879783260478,0.9876073465001252
2025/05/20 13:41:33.855902878,1747741293,854571296,piren,-461.1108699871368,-285.62602428603384,2.3404305741048543,0.001771383460361072,-0.0006607947414406166,-0.15690793911697676,0.9876114236849477
2025/05/20 13:41:34.104454,1747741293,997578792,piren,-461.11088679073947,-285.62279246670533,2.336926402149998,-0.02941425014629815,0.0045317963501248434,-0.1571980220209606,0.987118557511138
2025/05/20 13:41:34.141715535,1747741294,140522767,piren,-461.09398953895163,-285.5682208208532,2.354111276450887,-0.003331810889488702,0.0004601828554034994,-0.15726265422514685,0.9875510846806854
2025/05/20 13:41:34.283317957,1747741294,282864909,piren,-461.0929506577456,-285.5626190089569,2.351641811218779,0.027870850523575616,-0.004681520392999304,-0.15767132930929534,0.9870871546989872
2025/05/20 13:41:34.425002324,1747741294,424528342,piren,-461.10947471514135,-285.6085678174154,2.3247659945752317,0.0015936447145233727,0.0008373265967879366,-0.1577419637943111,0.9874787248538616
2025/05/20 13:41:34.568601489,1747741294,567360070,piren,-461.1077634782219,-285.60736104976945,2.3226713943290216,-0.0034822628855743685,-0.0005187722521408945,-0.15804806207138714,0.9874251438949816
2025/05/20 13:41:34.713196467,1747741294,711604060,piren,-461.10636625739176,-285.59313522878426,2.323994280598349,0.027733002142418965,-0.005585794995664046,-0.15866693847854116,0.9869267866059174
2025/05/20 13:41:34.855443876,1747741294,855102893,piren,-461.120850919481,-285.62588971703,2.3026392149785013,0.0016750107351156107,-0.001266078677824936,-0.1587588964508216,0.9873151493730541
2025/05/20 13:41:34.999346907,1747741294,998961642,piren,-461.1183168435464,-285.6091452034092,2.3050077047610884,-0.02949749288045067,0.004016731292530671,-0.15853595885615052,0.9869043081945951
2025/05/20 13:41:35.142796540,1747741295,141590633,piren,-461.0968359416141,-285.5383009839439,2.3297869576432384,-0.0034349178978109046,-8.310428144777651e-05,-0.15858615554384742,0.9873391644731492
2025/05/20 13:41:35.284912549,1747741295,284614551,piren,-461.0910109074228,-285.5167113381399,2.3351816615276406,0.02776929431945551,-0.005274982405383831,-0.15893980662545398,0.9868835689803969
2025/05/20 13:41:35.431300821,1747741295,427159107,piren,-461.10350118483393,-285.54959613835064,2.3153136628051327,0.0014658942598398323,-0.0014633974856116357,-0.15902357766582215,0.9872726124876454
2025/05/20 13:41:35.571512908,1747741295,571030930,piren,-461.10152877201483,-285.53763358010906,2.317333465531104,-0.02954185623204567,0.0038257937726754445,-0.15962570925128894,0.986728065364717
2025/05/20 13:41:35.717056347,1747741295,714685474,piren,-461.0825252934643,-285.47662417349284,2.3405687551739973,0.027728765829943974,-0.005555213471038664,-0.1599588092416327,0.9867185183702789
2025/05/20 13:41:35.862120616,1747741295,859389681,piren,-461.09645987883573,-285.5126248692696,2.319802998881416,0.001678372581998408,-0.001223423591331351,-0.16004957353154042,0.987106792759813
2025/05/20 13:41:36.5652066,1747741296,4238811,piren,-461.09507898113463,-285.504296248615,2.320423111349222,-0.029487094296153576,0.004101871173809701,-0.1599976972828653,0.9866683448793844
2025/05/20 13:41:36.177266664,1747741296,176876534,piren,-461.0753764487611,-285.44218632160323,2.341998446874857,-0.029470916446768726,0.004247712831428585,-0.16071036894903618,0.986552380429825
2025/05/20 13:41:36.320188035,1747741296,319729489,piren,-461.0581484074023,-285.3886980651517,2.361156152269387,-0.0034093848876421582,8.16104057174222e-05,-0.16076588568118744,0.9869866764225205
2025/05/20 13:41:36.464548958,1747741296,464072151,piren,-461.0608246698975,-285.39630797715444,2.3568351501444873,0.0012510729204465866,-0.0006989018931734276,-0.16073169749808291,0.9869970961315317
2025/05/20 13:41:36.608070525,1747741296,607679153,piren,-461.06439546352055,-285.405391208816,2.3505719524192865,-0.02953641897968904,0.0036813948210779024,-0.16149454683418785,0.9864246340338667
2025/05/20 13:41:36.751595958,1747741296,751039895,piren,-461.05320843780186,-285.36502653820753,2.3641188842550642,-0.003519679306320083,-0.0005316350935442037,-0.16153533755362587,0.9868605088578346
2025/05/20 13:41:36.894858275,1747741296,894456045,piren,-461.05830360362717,-285.3739888987654,2.357940432151494,0.027705210751264028,-0.005695169774248584,-0.16109514729081,0.9865334965716182
2025/05/20 13:41:37.42498498,1747741297,38388724,piren,-461.07976445133613,-285.43272765780046,2.328068165110439,0.0016553851550182624,-0.0013261463189543445,-0.1611892405153034,0.986921237879715
2025/05/20 13:41:37.184028946,1747741297,183336033,piren,-461.0841668516272,-285.44187728648905,2.32183857585691,-0.029519263527387443,0.004034098652623689,-0.16156004733607515,0.986413042408517
2025/05/20 13:41:37.328854173,1747741297,328488683,piren,-461.06905492048304,-285.3941193203124,2.3391534483143155,-0.0034580322215183464,-0.00014652563811440552,-0.16160986197088414,0.9868486576254457
2025/05/20 13:41:37.473051175,1747741297,472337856,piren,-461.068873585147,-285.39183616952283,2.3386287703785915,0.026568463878046972,-0.00463929317908268,-0.16206458016223593,0.9864115092307052
2025/05/20 13:41:37.618451149,1747741297,617967879,piren,-461.08459051866924,-285.43774005340174,2.3155633063517422,0.001957636941424299,-0.0004722313208210178,-0.16266000815292656,0.9866801236484269
2025/05/20 13:41:37.906109828,1747741297,904566813,piren,-461.08385516722575,-285.43394843105506,2.3160618992159967,0.02774173378953858,-0.004817848645636361,-0.16325574874514898,0.9861819026135286
2025/05/20 13:41:38.49473014,1747741298,48510508,piren,-461.0971755174896,-285.4695871611483,2.2975548561568457,-0.0008588545656029005,4.0895667407258474e-05,-0.1633266934545002,0.9865716658720741
2025/05/20 13:41:38.192632815,1747741298,192162024,piren,-461.0917700155532,-285.4510214398562,2.304592406094283,0.006356734147529265,-0.0011303323007293318,-0.16305908936428232,0.9865951792176763
2025/05/20 13:41:38.336870477,1747741298,336440475,piren,-461.0894251616217,-285.4421671818185,2.3068156841712724,0.02339742546565496,-0.0036282258871757926,-0.16301138099207738,0.9863400458896245
2025/05/20 13:41:38.511883173,1747741298,511415427,piren,-461.09520698539876,-285.4586369915881,2.2965363620852517,0.027238524954897095,-0.004181573192879569,-0.16341191493658677,0.9861729682265032
2025/05/20 13:41:38.658044221,1747741298,656373346,piren,-461.1017834995881,-285.47661200111435,2.285200912034722,0.00100631845623141,-0.0007280425281771089,-0.16346427671227004,0.9865484719547116
2025/05/20 13:41:38.801233552,1747741298,800690289,piren,-461.09396093626475,-285.4475331933342,2.2960916485615073,-0.00549155521653693,0.0013372748494047152,-0.1639375143093289,0.9864545331232248
2025/05/20 13:41:38.946427901,1747741298,945800697,piren,-461.0813306341146,-285.4087756344774,2.311624832146478,-0.0022802071709290828,0.0007223546948317616,-0.16394008375196434,0.986467398244033
2025/05/20 13:41:39.90793118,1747741299,90195589,piren,-461.07241987498446,-285.38072840877425,2.32272280671037,0.0280153146016291,-0.004531563386957191,-0.1643450247732786,0.9859945841196656
2025/05/20 13:41:39.236134566,1747741299,234779780,piren,-461.08248727489325,-285.4059454337977,2.308511805851908,0.0019527480181268314,0.0006011198906320362,-0.16440917220608753,0.9863901102122649
2025/05/20 13:41:39.382367742,1747741299,380276833,piren,-461.0765755973516,-285.38906953088457,2.314807773374744,-0.029367373941117898,0.005127860014238407,-0.16487618848712002,0.98586363401306
2025/05/20 13:41:39.525439905,1747741299,525011340,piren,-461.055171631958,-285.3223081275591,2.3409645477050325,-0.0033404022502908108,0.0005780441709258108,-0.16539030836286397,0.9862223651273477
2025/05/20 13:41:39.672418714,1747741299,670747074,piren,-461.05415197845343,-285.313845509814,2.343706998839717,0.001850443250429438,-0.00034913231199727257,-0.16539022845570397,0.9862264072198513
2025/05/20 13:41:39.818437670,1747741299,817688482,piren,-461.0537785046528,-285.3057314219921,2.344584802761503,0.0018755473552953994,-0.00016480821979107237,-0.1653596700180278,0.9862315319902816
2025/05/20 13:41:39.967013347,1747741299,963208550,piren,-461.0569468613326,-285.31232344963286,2.3402831956989245,-0.0032968356923503187,0.0009002572991541852,-0.1653578914374626,0.9862277060347521
2025/05/20 13:41:40.110122399,1747741300,108548755,piren,-461.05594494947286,-285.3070547015232,2.3406298434051283,0.02789490114508223,-0.0045197709719190585,-0.16554396813305872,0.9857974643785754
2025/05/20 13:41:40.254520463,1747741300,254002148,piren,-461.07302669958773,-285.35303070934816,2.3168545900795676,0.0018549378759567965,-0.00029022139352216506,-0.16560630852832361,0.9861901568930004
2025/05/20 13:41:40.400504004,1747741300,398619646,piren,-461.073901748533,-285.35204588974943,2.3158722173424096,-0.02937482529401045,0.005036804972664906,-0.16588540460591672,0.985694568704396
2025/05/20 13:41:40.545433433,1747741300,544161863,piren,-461.0558213459526,-285.2967538159966,2.3375046078669173,-0.003443253620773536,9.163494045812224e-05,-0.16596215569869013,0.9861261067852247
2025/05/20 13:41:40.692463284,1747741300,690009889,piren,-461.05512074486955,-285.28900738165134,2.3397294329504055,0.027777226613187503,-0.005213874469781438,-0.16619167418879638,0.9856883729785079
2025/05/20 13:41:40.835607673,1747741300,834126754,piren,-461.0724089808868,-285.3330879281415,2.31725915814826,0.0017924268303927161,-0.0006419583169712688,-0.16627068407852438,0.986078310638479
2025/05/20 13:41:41.10999988,1747741301,10446123,piren,-461.07277966599975,-285.33041149734385,2.3171481702627945,-0.029415391239163136,0.004906512210335528,-0.16657067194331643,0.9855784454545101
2025/05/20 13:41:41.159189671,1747741301,156160752,piren,-461.0541283420405,-285.2743985285826,2.3389008487285996,-0.003360540832797585,0.0006265616634478525,-0.1666422667078631,0.9860114954361631
2025/05/20 13:41:41.305682491,1747741301,303418066,piren,-461.05213921139654,-285.26748712374626,2.341098303456788,0.027837983986893734,-0.0048110534512629715,-0.16692566384660973,0.9855646722369888
2025/05/20 13:41:41.450444236,1747741301,449070837,piren,-461.0689997205868,-285.31302069417745,2.3185955878585083,0.0015655864094372863,-0.0008817454679918418,-0.16699450377653935,0.9859561892764566
2025/05/20 13:41:41.597629317,1747741301,595408998,piren,-461.0706163966887,-285.3124823959938,2.3184216099255264,-0.029475384416970677,0.004596993099828406,-0.16726185835295582,0.9854610799560923
2025/05/20 13:41:41.741399371,1747741301,740886822,piren,-461.0535944243164,-285.2595413455557,2.339891226473076,-0.0034364314764125724,0.0001827390100091334,-0.1673243057135599,0.9858959043746137
2025/05/20 13:41:41.887553998,1747741301,886402959,piren,-461.05315731004674,-285.2547992617345,2.341936627806136,0.02779363705957662,-0.005164286017543761,-0.1676135074392554,0.985447388759461
2025/05/20 13:41:42.33140818,1747741302,32628686,piren,-461.0712300368602,-285.3026661711051,2.31892823303601,0.0018038300398487955,-0.0006111675051876789,-0.16769103758963566,0.9858377597675895
2025/05/20 13:41:42.179671038,1747741302,179223730,piren,-461.0723160363528,-285.3032082407071,2.318414919516217,-0.02941827965240747,0.004915827351793564,-0.16800108364695537,0.9853354938076619
2025/05/20 13:41:42.325969647,1747741302,325050058,piren,-461.05434175772984,-285.25015475521445,2.3397844737536344,-0.003366415746044535,0.0006081751607455803,-0.16807245431412215,0.9857687089113886
2025/05/20 13:41:42.473426784,1747741302,472112769,piren,-461.0526815360533,-285.2444559738495,2.342135755364869,0.027883424398818222,-0.004643621367142163,-0.16850661992528773,0.9852951184623563
2025/05/20 13:41:42.619469628,1747741302,619009636,piren,-461.07026328479736,-285.29274102084486,2.3190540139439944,0.001857415988663053,-0.0003087524724045782,-0.16897000386315056,0.9856193953409413
2025/05/20 13:41:42.765116429,1747741302,764255338,piren,-461.0710568091539,-285.2926242457427,2.319536146210586,-0.003350187383134874,0.0006594727201963648,-0.16896801850067567,0.9856156198357373
2025/05/20 13:41:42.909702275,1747741302,909213728,piren,-461.06910076781986,-285.28449079659015,2.3232987819274,0.027878087790880444,-0.004837610355540406,-0.1688860046942146,0.9852293779448508
2025/05/20 13:41:43.54164347,1747741303,53688823,piren,-461.0845896202221,-285.3251920552719,2.3037636399596013,0.0018449786199800475,-0.00039510574933618835,-0.16895499062175318,0.9856219615498337
2025/05/20 13:41:43.200542831,1747741303,199475127,piren,-461.0827582256188,-285.3172504099975,2.3074414359612114,-0.029369619684409518,0.005116075627619442,-0.16924194892293015,0.9851235526240016
2025/05/20 13:41:43.377164625,1747741303,374448926,piren,-461.06287666220896,-285.2577043896274,2.3317688888002306,-0.02935888103653087,0.005266240253339058,-0.16951929400502017,0.9850753939561766
2025/05/20 13:41:43.520525008,1747741303,519334186,piren,-461.0438918210602,-285.2022098682856,2.3544796273206066,-0.0033115410967787646,0.0009039662608936308,-0.16978970294042595,0.9854743392478393
2025/05/20 13:41:43.667048138,1747741303,665624424,piren,-461.04568458034356,-285.2062946453198,2.3530280961122747,0.0018997825154206476,-7.242337041235211e-05,-0.16979182948059268,0.9854781175768861
2025/05/20 13:41:43.812874859,1747741303,812349895,piren,-461.04969283061035,-285.2156065567076,2.348875369817159,-0.029337320903052015,0.005369376467755355,-0.1699398268335775,0.985003018601645
2025/05/20 13:41:43.959836886,1747741303,957172802,piren,-461.0367939963243,-285.17742371433025,2.364135441750015,-0.003322932778997199,0.0008413816512130113,-0.1700216039555402,0.9854343734531735
2025/05/20 13:41:44.103276001,1747741304,102706807,piren,-461.0415445001863,-285.1885799955902,2.359441321447483,0.02788858491079129,-0.004687022162140623,-0.17032381419186984,0.9849822622636708
2025/05/20 13:41:44.247927616,1747741304,247614224,piren,-461.06532852762757,-285.2517500702646,2.3300708437317366,0.0018651670136434558,-0.00023120885046184296,-0.1703884186015841,0.9853751846382829
2025/05/20 13:41:44.393877573,1747741304,392802075,piren,-461.0715953683496,-285.26600192409387,2.3241381934757985,-0.029357846763859538,0.005277733786198695,-0.17065213660852474,0.9848797442482088
2025/05/20 13:41:44.538178849,1747741304,537626984,piren,-461.0577693558329,-285.2241667669713,2.341206330940574,-0.0033445849681841278,0.0007641861806826741,-0.17073271418513467,0.9853114076665554
2025/05/20 13:41:44.683355161,1747741304,682889511,piren,-461.0596884177009,-285.2267613486035,2.3402622451601816,0.027703945183191494,-0.004606125761228812,-0.17101384941238398,0.9848682847649817
2025/05/20 13:41:44.830484228,1747741304,828013933,piren,-461.07925711443147,-285.2783735754437,2.315809266406091,0.001890571041644669,-7.724110133449806e-05,-0.1710755614924698,0.9852560946449329
2025/05/20 13:41:44.976619484,1747741304,973985303,piren,-461.0809507911863,-285.2810091141264,2.3148148924327927,-0.029336417435036642,0.005412672554983039,-0.17134745266559498,0.9847589187475794
2025/05/20 13:41:45.123185152,1747741305,121970223,piren,-461.063435419276,-285.22993098369943,2.335899254061241,-0.0033255382060307682,0.0008732784280492952,-0.1714301525994232,0.9851902765253857
2025/05/20 13:41:45.270046115,1747741305,268288530,piren,-461.062369649948,-285.2247696558559,2.3386086625843547,0.02787994035087405,-0.004657185707629221,-0.1718402641129192,0.9847192204770447
2025/05/20 13:41:45.558787376,1747741305,557517463,piren,-461.083836495942,-285.2793170125319,2.312643264925028,-0.003369749855378903,0.0006477909628269322,-0.1725025995553269,0.985003085426353
2025/05/20 13:41:45.703692815,1747741305,703202131,piren,-461.0816744062414,-285.26867150906776,2.317850335455179,0.02783665226611613,-0.004807897917534375,-0.1724853962290288,0.9846069230895875
2025/05/20 13:41:45.879368043,1747741305,877888809,piren,-461.097321697474,-285.30692394737287,2.299502985475521,0.027848790327697714,-0.00469655174594948,-0.17238791226291858,0.9846241897214459
2025/05/20 13:41:46.24546647,1747741306,24002866,piren,-461.1093516547089,-285.3376016406194,2.284719182804276,0.001858044642364694,-0.00010685987726628246,-0.17266517465741954,0.9849788189152071
2025/05/20 13:41:46.173127945,1747741306,172736980,piren,-461.1035886057195,-285.31937841665075,2.2933983915458898,-0.029339291611502404,0.0053970235324162265,-0.17258161781856765,0.9845433780671382
2025/05/20 13:41:46.325090659,1747741306,322847012,piren,-461.0783965232881,-285.2482698017222,2.32390543840923,-0.003330550359904787,0.0008418604282487826,-0.17307094257333708,0.9849033696470412
2025/05/20 13:41:46.473508864,1747741306,473035488,piren,-461.0720307581297,-285.22836614919083,2.333500871463319,0.027844431959854355,-0.004709205742944582,-0.17313932453874264,0.9844923998123966
2025/05/20 13:41:46.625078658,1747741306,623543887,piren,-461.08620249822144,-285.2646306166121,2.3165227682206053,0.0018453363353023483,-0.00018105914239092827,-0.17346648327390796,0.9848380278665013
2025/05/20 13:41:46.775741135,1747741306,773601806,piren,-461.0851813671684,-285.2586545430836,2.32000469539422,-0.02935222710250441,0.005339817844113011,-0.17338243437289744,0.9844025927233444
2025/05/20 13:41:46.925964445,1747741306,925315815,piren,-461.06590318684147,-285.20314464317266,2.3437107473396215,-0.003332711406162503,0.0008101430653203348,-0.17373050755932581,0.9847872599937897
2025/05/20 13:41:47.76262192,1747741307,74761074,piren,-461.0649541871499,-285.19786517795177,2.3468062417692837,0.027825333622166302,-0.004661030997859161,-0.1738219435804965,0.9843728752504057
2025/05/20 13:41:47.225516332,1747741307,224549371,piren,-461.0837878317753,-285.24692960585014,2.324004844464154,0.0018402725164846972,-4.0004872719790374e-05,-0.17416871128222297,0.9847141066355071
2025/05/20 13:41:47.375219691,1747741307,374811538,piren,-461.0862227926748,-285.25098708143815,2.3228386121325912,-0.029310105733712424,0.005504157820824399,-0.17408326306431907,0.9842792487243858
2025/05/20 13:41:47.525449761,1747741307,524991346,piren,-461.06919365025374,-285.2023469965236,2.343332480195719,-0.0033061703367110802,0.0009183756302574351,-0.1744907988940673,0.9846528255812891
2025/05/20 13:41:47.679136202,1747741307,675888190,piren,-461.0699627133394,-285.2018578833937,2.344225068644175,0.02783450539216227,-0.00463399798756285,-0.17456509264556236,0.9842412279527165
2025/05/20 13:41:47.829582205,1747741307,829185271,piren,-461.08985744880243,-285.25330192795496,2.320393013618934,0.0018359530817524594,-6.615155621053024e-05,-0.17490344513646924,0.9845838764572815
2025/05/20 13:41:47.981919240,1747741307,979698137,piren,-461.09278603919824,-285.25804937588424,2.319043113489353,-0.029312053835806956,0.00549115779975786,-0.17508884649329393,0.9841008822877829
2025/05/20 13:41:48.131757274,1747741308,130313916,piren,-461.07596486096634,-285.2090550155879,2.3398306257873918,-0.003302775615347174,0.0008947311589225488,-0.17517265644750687,0.9845317829113044
2025/05/20 13:41:48.285558903,1747741308,281924362,piren,-461.0763765929268,-285.207371011386,2.3413758577179875,0.027842575773407284,-0.004647859021271832,-0.17537245341905983,0.9840973991239893
2025/05/20 13:41:48.465834265,1747741308,465111412,piren,-461.09583491867846,-285.25716282155014,2.318302582731978,0.0018609407913139418,-2.4573423929907248e-05,-0.17586225771355737,0.9844130243995193
2025/05/20 13:41:48.618796000,1747741308,618413547,piren,-461.0993150152533,-285.2623416671077,2.3166502269301477,0.0018679167734955856,-2.238735603568836e-06,-0.17596926088703427,0.9843938897132521
2025/05/20 13:41:48.772536002,1747741308,770245203,piren,-461.10006463206054,-285.26129826937745,2.3177726373053624,-0.029262244961778764,0.005592687515544532,-0.17588040385105294,0.9839606325495656
2025/05/20 13:41:48.925209034,1747741308,923113542,piren,-461.0806714456515,-285.20717720335995,2.3406723179702102,0.027853612829095594,-0.004624457753639232,-0.17596625360430979,0.983991193169591
2025/05/20 13:41:49.77773210,1747741309,75138166,piren,-461.0977009666859,-285.2500705512605,2.3206477696335597,0.02784697930838033,-0.004637938451287126,-0.17596810922608275,0.9839909856323472
2025/05/20 13:41:49.227373767,1747741309,226725072,piren,-461.11444917343897,-285.29315222321225,2.300780207737263,0.0018655267866273335,-2.3581424593354243e-05,-0.17656675044220047,0.9842869001932346
2025/05/20 13:41:49.380295262,1747741309,379751113,piren,-461.11351863007496,-285.2874894522307,2.3043660169569815,-0.029282591394870584,0.005611349143770696,-0.17698207183789738,0.9837623640137658
2025/05/20 13:41:49.532120922,1747741309,530878317,piren,-461.0929004188387,-285.22837170857895,2.3299826005058755,-0.003291717393232549,0.0009589000197909373,-0.1770685238842629,0.9841925538007303
2025/05/20 13:41:49.684362873,1747741309,681708602,piren,-461.0900105335492,-285.21743343298624,2.3359210924604863,0.0278540043035274,-0.0046558832229574385,-0.17695756937916615,0.9838132423560332
2025/05/20 13:41:49.833931437,1747741309,833529995,piren,-461.1070066199411,-285.26043703054046,2.316109099208282,0.0018844182092151382,1.555465078372989e-05,-0.17701873326648,0.9842056780972138
2025/05/20 13:41:49.985809297,1747741309,985474755,piren,-461.1071410899684,-285.25844720414375,2.318009287261012,-0.029279165807992467,0.005664233977968258,-0.17729116796050912,0.983706505349146
2025/05/20 13:41:50.139631417,1747741310,139204480,piren,-461.0882215060045,-285.20509699505055,2.340953798751495,-0.003288642736937504,0.001000672489716078,-0.17737879445273502,0.9841366504515577
2025/05/20 13:41:50.296378596,1747741310,294855407,piren,-461.0875901558146,-285.20120328708373,2.343640461559039,0.027859991612528535,-0.004658762074515337,-0.17767664256879973,0.9836834488232289
2025/05/20 13:41:50.451961574,1747741310,451481753,piren,-461.1068215875353,-285.2495926874667,2.32129369176659,0.0018753968586767325,-7.740103736595925e-06,-0.17773771484372258,0.984076108616018
2025/05/20 13:41:50.603980173,1747741310,603561075,piren,-461.10900033511973,-285.2527549477066,2.3207947954857318,-0.02928260721763857,0.005659051446286684,-0.1780096341976634,0.9835766742781571
2025/05/20 13:41:50.756695242,1747741310,755247034,piren,-461.0918224837796,-285.20381965480124,2.3417093606233093,-0.0032936013099746702,0.0009845983159789678,-0.17809690900665376,0.9840069480236625
2025/05/20 13:41:50.939917532,1747741310,938479235,piren,-461.0916325654036,-285.1999251919428,2.3443081707267526,-0.0032883034722901595,0.0010005805676285458,-0.1785637830574233,0.9839223349833174
2025/05/20 13:41:51.92692955,1747741311,89146436,piren,-461.0937467415689,-285.202522711425,2.3439257870660013,0.027858034765696583,-0.0046788271017909645,-0.1788799101988006,0.9834653101168408
2025/05/20 13:41:51.241568978,1747741311,240968435,piren,-461.11507119044757,-285.2557374986741,2.3191712149346144,0.0018908992649056963,3.2531901942987945e-05,-0.17894104519156295,0.9838579804968787
2025/05/20 13:41:51.393573868,1747741311,392320394,piren,-461.1182658895576,-285.2611423329215,2.317454790647356,-0.02927509262288834,0.005725749882959612,-0.17895793611540317,0.9834044141865107
2025/05/20 13:41:51.544604580,1747741311,544123135,piren,-461.1009432259185,-285.21244967856273,2.3381348755634,-0.0032900723100277906,0.0010088256470502533,-0.17904661158202592,0.9838345737856562
2025/05/20 13:41:51.697010933,1747741311,696590209,piren,-461.1010730109056,-285.21054384062137,2.339789077747399,0.027700563825636664,-0.00466838005989455,-0.17934038736453395,0.9833859417600483
2025/05/20 13:41:51.848912747,1747741311,848437095,piren,-461.1206089067912,-285.2593170681059,2.3171645889879278,0.0018931753472582384,1.6918004263776662e-05,-0.1794011281514205,0.9837741869041307
2025/05/20 13:41:52.2225543,1747741312,911034,piren,-461.12257474248975,-285.26189727280496,2.3168826254696135,-0.029269664436424384,0.005735307448381975,-0.17965715495786058,0.9832770208159545
2025/05/20 13:41:52.152628112,1747741312,152063419,piren,-461.1045034710995,-285.2113273015307,2.338561589314331,-0.0032906488210194505,0.0010198769322088829,-0.17974588722295748,0.9837070435387824
2025/05/20 13:41:52.306234475,1747741312,305037295,piren,-461.10427432537097,-285.2084827146556,2.340767966492749,0.02786385715252755,-0.00469019555033591,-0.180031488726304,0.9832549367266222
2025/05/20 13:41:52.457498602,1747741312,456205778,piren,-461.12375369798724,-285.25698029289146,2.3183413380932616,0.0018886113424377193,3.447142307860877e-05,-0.1800924906480416,0.9836478672630279
2025/05/20 13:41:52.610479581,1747741312,608617335,piren,-461.1257750377913,-285.25968814887113,2.3180739412736666,-0.02927110242326991,0.005770606879006122,-0.1803461005931995,0.9831506429128762
2025/05/20 13:41:52.762385714,1747741312,761854564,piren,-461.1077761743354,-285.20950805914174,2.33964243749098,-0.0032914091568694045,0.0010372305442394464,-0.1804354575033812,0.9835807727147302
2025/05/20 13:41:52.916511224,1747741312,916144104,piren,-461.10702895058654,-285.2043119558635,2.3430212558085373,-0.0032915386443129247,0.0010360294978255715,-0.180887282655965,0.9834977800633684
2025/05/20 13:41:53.69929212,1747741313,68770328,piren,-461.10865901379566,-285.2054532852124,2.343438293183927,0.027851307810022145,-0.0047140284934519385,-0.18082910580439876,0.9831088022607751
2025/05/20 13:41:53.224604141,1747741313,223717757,piren,-461.12947881200324,-285.2573069238612,2.3193617576912597,0.0018968948364071281,3.860160894418228e-05,-0.18127023264308698,0.9834314938303617
2025/05/20 13:41:53.377823797,1747741313,376168148,piren,-461.1323379180251,-285.261698853113,2.31813200608801,-0.029263083093700612,0.005803036072930275,-0.18117745732236223,0.9829978258869096
2025/05/20 13:41:53.559039397,1747741313,556791732,piren,-461.11480138183987,-285.21310430115517,2.3388384432906166,-0.003295011221323897,0.0010362549943801918,-0.181606111147794,0.9833652879120827
2025/05/20 13:41:53.719702017,1747741313,718208569,piren,-461.1150653341988,-285.21089269603476,2.340604766287619,0.027860955643532165,-0.004745325427144366,-0.1820155367708546,0.9828894105703029
2025/05/20 13:41:53.869278177,1747741313,868940422,piren,-461.13535281527663,-285.26028769248524,2.3175987158435634,0.0018955583912739795,4.4387150776800774e-05,-0.18207733061069994,0.9832823859735554
2025/05/20 13:41:54.20275902,1747741314,19817930,piren,-461.1388810720216,-285.26547969665364,2.316091621252117,0.0018951049479747327,4.3676329554689026e-05,-0.18214568993534958,0.9832697261217748
2025/05/20 13:41:54.340730260,1747741314,340200960,piren,-461.1392590820044,-285.2616001767639,2.319438653601058,-0.0032914295647159136,0.001043259212334046,-0.1830109794851186,0.9831048059538382
2025/05/20 13:41:54.492257217,1747741314,491748455,piren,-461.13611071814034,-285.2498753634377,2.325208233367299,0.02784293072227787,-0.004761607757879453,-0.18264990590196645,0.982772155778926
2025/05/20 13:41:54.643290593,1747741314,642840275,piren,-461.1519273828428,-285.28841363833214,2.3067650136765447,0.0018965107046737394,4.159240653004126e-05,-0.18271191887460825,0.9831646638373337
2025/05/20 13:41:54.794844861,1747741314,794539087,piren,-461.1500704506081,-285.28123074873423,2.3105121301969977,-0.029249277662345603,0.005856188586358724,-0.1828425073973843,0.9826895757563064
2025/05/20 13:41:54.946007773,1747741314,944811665,piren,-461.12837774599495,-285.22261002379105,2.3355438533390522,-0.003411459793755928,0.001074446559434765,-0.18293319486481427,0.9831188400815125
