time,north,east,heading
2025/04/11 11:57:43.827937155,251.59,1039.92,0.14102260356114182
